2025-08-20 02:30:19,683:INFO:Created DataLoaders with 5994 training samples and 1998 validation samples.
2025-08-20 02:30:20,903:INFO:model params: 2512001
2025-08-20 02:30:23,817:INFO:Epoch: 0/40000 | Train Loss: 2.908e+00 | Dynamic Loss: 2.813e+00 | Regularization Loss: 9.509e-02 | Val Loss: 2.507e+00 | Time: 2.91s
2025-08-20 02:30:23,817:INFO:New best model found at epoch 0 with validation loss 2.507e+00. Saving...
2025-08-20 02:30:32,416:INFO:Epoch: 50/40000 | Train Loss: 1.815e+00 | Dynamic Loss: 1.811e+00 | Regularization Loss: 4.074e-03 | Val Loss: 1.799e+00 | Time: 8.56s
2025-08-20 02:30:32,417:INFO:New best model found at epoch 50 with validation loss 1.799e+00. Saving...
2025-08-20 02:30:45,919:INFO:Epoch: 100/40000 | Train Loss: 1.687e+00 | Dynamic Loss: 1.686e+00 | Regularization Loss: 1.610e-03 | Val Loss: 1.733e+00 | Time: 13.48s
2025-08-20 02:30:45,919:INFO:New best model found at epoch 100 with validation loss 1.733e+00. Saving...
2025-08-20 02:30:54,697:INFO:Epoch: 150/40000 | Train Loss: 1.648e+00 | Dynamic Loss: 1.647e+00 | Regularization Loss: 8.984e-04 | Val Loss: 1.690e+00 | Time: 8.75s
2025-08-20 02:30:54,697:INFO:New best model found at epoch 150 with validation loss 1.690e+00. Saving...
2025-08-20 02:31:03,614:INFO:Epoch: 200/40000 | Train Loss: 1.607e+00 | Dynamic Loss: 1.606e+00 | Regularization Loss: 5.840e-04 | Val Loss: 1.656e+00 | Time: 8.90s
2025-08-20 02:31:03,614:INFO:New best model found at epoch 200 with validation loss 1.656e+00. Saving...
2025-08-20 02:31:12,502:INFO:Epoch: 250/40000 | Train Loss: 1.570e+00 | Dynamic Loss: 1.569e+00 | Regularization Loss: 4.139e-04 | Val Loss: 1.623e+00 | Time: 8.86s
2025-08-20 02:31:12,502:INFO:New best model found at epoch 250 with validation loss 1.623e+00. Saving...
2025-08-20 02:31:21,368:INFO:Epoch: 300/40000 | Train Loss: 1.615e+00 | Dynamic Loss: 1.614e+00 | Regularization Loss: 3.101e-04 | Val Loss: 1.576e+00 | Time: 8.85s
2025-08-20 02:31:21,368:INFO:New best model found at epoch 300 with validation loss 1.576e+00. Saving...
2025-08-20 02:31:30,287:INFO:Epoch: 350/40000 | Train Loss: 1.439e+00 | Dynamic Loss: 1.439e+00 | Regularization Loss: 2.416e-04 | Val Loss: 1.489e+00 | Time: 8.90s
2025-08-20 02:31:30,287:INFO:New best model found at epoch 350 with validation loss 1.489e+00. Saving...
2025-08-20 02:31:39,329:INFO:Epoch: 400/40000 | Train Loss: 1.323e+00 | Dynamic Loss: 1.323e+00 | Regularization Loss: 1.937e-04 | Val Loss: 1.375e+00 | Time: 9.02s
2025-08-20 02:31:39,329:INFO:New best model found at epoch 400 with validation loss 1.375e+00. Saving...
2025-08-20 02:31:48,214:INFO:Epoch: 450/40000 | Train Loss: 1.247e+00 | Dynamic Loss: 1.247e+00 | Regularization Loss: 1.587e-04 | Val Loss: 1.442e+00 | Time: 8.87s
2025-08-20 02:31:57,183:INFO:Epoch: 500/40000 | Train Loss: 1.164e+00 | Dynamic Loss: 1.164e+00 | Regularization Loss: 1.321e-04 | Val Loss: 1.210e+00 | Time: 8.97s
2025-08-20 02:31:57,183:INFO:New best model found at epoch 500 with validation loss 1.210e+00. Saving...
2025-08-20 02:32:06,265:INFO:Epoch: 550/40000 | Train Loss: 1.104e+00 | Dynamic Loss: 1.104e+00 | Regularization Loss: 1.114e-04 | Val Loss: 1.177e+00 | Time: 9.06s
2025-08-20 02:32:06,265:INFO:New best model found at epoch 550 with validation loss 1.177e+00. Saving...
2025-08-20 02:32:15,263:INFO:Epoch: 600/40000 | Train Loss: 9.825e-01 | Dynamic Loss: 9.824e-01 | Regularization Loss: 9.522e-05 | Val Loss: 1.082e+00 | Time: 8.98s
2025-08-20 02:32:15,264:INFO:New best model found at epoch 600 with validation loss 1.082e+00. Saving...
2025-08-20 02:32:24,213:INFO:Epoch: 650/40000 | Train Loss: 9.450e-01 | Dynamic Loss: 9.450e-01 | Regularization Loss: 8.223e-05 | Val Loss: 1.050e+00 | Time: 8.93s
2025-08-20 02:32:24,213:INFO:New best model found at epoch 650 with validation loss 1.050e+00. Saving...
2025-08-20 02:32:33,224:INFO:Epoch: 700/40000 | Train Loss: 8.960e-01 | Dynamic Loss: 8.959e-01 | Regularization Loss: 7.127e-05 | Val Loss: 9.530e-01 | Time: 8.99s
2025-08-20 02:32:33,225:INFO:New best model found at epoch 700 with validation loss 9.530e-01. Saving...
2025-08-20 02:32:42,125:INFO:Epoch: 750/40000 | Train Loss: 8.508e-01 | Dynamic Loss: 8.508e-01 | Regularization Loss: 6.232e-05 | Val Loss: 9.368e-01 | Time: 8.88s
2025-08-20 02:32:42,125:INFO:New best model found at epoch 750 with validation loss 9.368e-01. Saving...
2025-08-20 02:32:51,107:INFO:Epoch: 800/40000 | Train Loss: 8.090e-01 | Dynamic Loss: 8.089e-01 | Regularization Loss: 5.495e-05 | Val Loss: 8.897e-01 | Time: 8.96s
2025-08-20 02:32:51,107:INFO:New best model found at epoch 800 with validation loss 8.897e-01. Saving...
2025-08-20 02:33:02,928:INFO:Epoch: 850/40000 | Train Loss: 7.847e-01 | Dynamic Loss: 7.847e-01 | Regularization Loss: 4.868e-05 | Val Loss: 8.580e-01 | Time: 11.80s
2025-08-20 02:33:02,928:INFO:New best model found at epoch 850 with validation loss 8.580e-01. Saving...
2025-08-20 02:33:11,853:INFO:Epoch: 900/40000 | Train Loss: 7.404e-01 | Dynamic Loss: 7.403e-01 | Regularization Loss: 4.314e-05 | Val Loss: 7.984e-01 | Time: 8.90s
2025-08-20 02:33:11,853:INFO:New best model found at epoch 900 with validation loss 7.984e-01. Saving...
2025-08-20 02:33:20,778:INFO:Epoch: 950/40000 | Train Loss: 8.632e-01 | Dynamic Loss: 8.632e-01 | Regularization Loss: 3.781e-05 | Val Loss: 9.201e-01 | Time: 8.90s
2025-08-20 02:33:36,378:INFO:Epoch: 1000/40000 | Train Loss: 7.110e-01 | Dynamic Loss: 7.109e-01 | Regularization Loss: 3.331e-05 | Val Loss: 7.733e-01 | Time: 15.60s
2025-08-20 02:33:36,378:INFO:New best model found at epoch 1000 with validation loss 7.733e-01. Saving...
2025-08-20 02:33:45,386:INFO:Epoch: 1050/40000 | Train Loss: 7.035e-01 | Dynamic Loss: 7.035e-01 | Regularization Loss: 2.994e-05 | Val Loss: 7.589e-01 | Time: 8.99s
2025-08-20 02:33:45,386:INFO:New best model found at epoch 1050 with validation loss 7.589e-01. Saving...
2025-08-20 02:33:54,399:INFO:Epoch: 1100/40000 | Train Loss: 6.818e-01 | Dynamic Loss: 6.818e-01 | Regularization Loss: 2.674e-05 | Val Loss: 7.499e-01 | Time: 8.99s
2025-08-20 02:33:54,399:INFO:New best model found at epoch 1100 with validation loss 7.499e-01. Saving...
2025-08-20 02:34:10,480:INFO:Epoch: 1150/40000 | Train Loss: 6.383e-01 | Dynamic Loss: 6.382e-01 | Regularization Loss: 2.240e-05 | Val Loss: 7.068e-01 | Time: 16.06s
2025-08-20 02:34:10,481:INFO:New best model found at epoch 1150 with validation loss 7.068e-01. Saving...
2025-08-20 02:34:19,491:INFO:Epoch: 1200/40000 | Train Loss: 6.390e-01 | Dynamic Loss: 6.389e-01 | Regularization Loss: 1.981e-05 | Val Loss: 7.095e-01 | Time: 8.99s
2025-08-20 02:34:28,582:INFO:Epoch: 1250/40000 | Train Loss: 5.811e-01 | Dynamic Loss: 5.810e-01 | Regularization Loss: 1.803e-05 | Val Loss: 6.623e-01 | Time: 9.09s
2025-08-20 02:34:28,582:INFO:New best model found at epoch 1250 with validation loss 6.623e-01. Saving...
2025-08-20 02:34:37,604:INFO:Epoch: 1300/40000 | Train Loss: 5.627e-01 | Dynamic Loss: 5.627e-01 | Regularization Loss: 1.588e-05 | Val Loss: 6.335e-01 | Time: 9.00s
2025-08-20 02:34:37,604:INFO:New best model found at epoch 1300 with validation loss 6.335e-01. Saving...
2025-08-20 02:34:46,750:INFO:Epoch: 1350/40000 | Train Loss: 5.383e-01 | Dynamic Loss: 5.382e-01 | Regularization Loss: 1.422e-05 | Val Loss: 6.140e-01 | Time: 9.13s
2025-08-20 02:34:46,750:INFO:New best model found at epoch 1350 with validation loss 6.140e-01. Saving...
2025-08-20 02:34:55,998:INFO:Epoch: 1400/40000 | Train Loss: 5.213e-01 | Dynamic Loss: 5.212e-01 | Regularization Loss: 1.272e-05 | Val Loss: 6.132e-01 | Time: 9.23s
2025-08-20 02:34:55,998:INFO:New best model found at epoch 1400 with validation loss 6.132e-01. Saving...
2025-08-20 02:35:05,139:INFO:Epoch: 1450/40000 | Train Loss: 5.979e-01 | Dynamic Loss: 5.979e-01 | Regularization Loss: 1.139e-05 | Val Loss: 5.854e-01 | Time: 9.12s
2025-08-20 02:35:05,139:INFO:New best model found at epoch 1450 with validation loss 5.854e-01. Saving...
2025-08-20 02:35:14,291:INFO:Epoch: 1500/40000 | Train Loss: 4.796e-01 | Dynamic Loss: 4.796e-01 | Regularization Loss: 1.023e-05 | Val Loss: 5.607e-01 | Time: 9.13s
2025-08-20 02:35:14,291:INFO:New best model found at epoch 1500 with validation loss 5.607e-01. Saving...
2025-08-20 02:35:23,653:INFO:Epoch: 1550/40000 | Train Loss: 5.628e-01 | Dynamic Loss: 5.628e-01 | Regularization Loss: 9.072e-06 | Val Loss: 5.734e-01 | Time: 9.34s
2025-08-20 02:35:32,657:INFO:Epoch: 1600/40000 | Train Loss: 4.861e-01 | Dynamic Loss: 4.861e-01 | Regularization Loss: 8.022e-06 | Val Loss: 5.402e-01 | Time: 9.00s
2025-08-20 02:35:32,657:INFO:New best model found at epoch 1600 with validation loss 5.402e-01. Saving...
2025-08-20 02:35:41,783:INFO:Epoch: 1650/40000 | Train Loss: 4.666e-01 | Dynamic Loss: 4.666e-01 | Regularization Loss: 6.350e-06 | Val Loss: 5.341e-01 | Time: 9.11s
2025-08-20 02:35:41,784:INFO:New best model found at epoch 1650 with validation loss 5.341e-01. Saving...
2025-08-20 02:35:54,185:INFO:Epoch: 1700/40000 | Train Loss: 4.267e-01 | Dynamic Loss: 4.267e-01 | Regularization Loss: 5.675e-06 | Val Loss: 4.947e-01 | Time: 12.38s
2025-08-20 02:35:54,185:INFO:New best model found at epoch 1700 with validation loss 4.947e-01. Saving...
2025-08-20 02:36:03,287:INFO:Epoch: 1750/40000 | Train Loss: 4.700e-01 | Dynamic Loss: 4.699e-01 | Regularization Loss: 5.138e-06 | Val Loss: 5.614e-01 | Time: 9.08s
2025-08-20 02:36:12,386:INFO:Epoch: 1800/40000 | Train Loss: 4.206e-01 | Dynamic Loss: 4.206e-01 | Regularization Loss: 4.544e-06 | Val Loss: 4.910e-01 | Time: 9.10s
2025-08-20 02:36:12,387:INFO:New best model found at epoch 1800 with validation loss 4.910e-01. Saving...
2025-08-20 02:36:21,561:INFO:Epoch: 1850/40000 | Train Loss: 4.059e-01 | Dynamic Loss: 4.059e-01 | Regularization Loss: 4.004e-06 | Val Loss: 4.756e-01 | Time: 9.15s
2025-08-20 02:36:21,561:INFO:New best model found at epoch 1850 with validation loss 4.756e-01. Saving...
2025-08-20 02:36:30,743:INFO:Epoch: 1900/40000 | Train Loss: 4.393e-01 | Dynamic Loss: 4.393e-01 | Regularization Loss: 2.563e-06 | Val Loss: 5.447e-01 | Time: 9.16s
2025-08-20 02:36:46,095:INFO:Epoch: 1950/40000 | Train Loss: 4.381e-01 | Dynamic Loss: 4.381e-01 | Regularization Loss: 1.803e-06 | Val Loss: 5.124e-01 | Time: 15.35s
2025-08-20 02:36:55,210:INFO:Epoch: 2000/40000 | Train Loss: 3.617e-01 | Dynamic Loss: 3.617e-01 | Regularization Loss: 1.383e-06 | Val Loss: 4.218e-01 | Time: 9.12s
2025-08-20 02:36:55,210:INFO:New best model found at epoch 2000 with validation loss 4.218e-01. Saving...
2025-08-20 02:37:04,408:INFO:Epoch: 2050/40000 | Train Loss: 3.808e-01 | Dynamic Loss: 3.808e-01 | Regularization Loss: 1.170e-06 | Val Loss: 4.271e-01 | Time: 9.18s
2025-08-20 02:37:13,544:INFO:Epoch: 2100/40000 | Train Loss: 4.726e-01 | Dynamic Loss: 4.726e-01 | Regularization Loss: 1.023e-06 | Val Loss: 4.893e-01 | Time: 9.14s
2025-08-20 02:37:22,854:INFO:Epoch: 2150/40000 | Train Loss: 3.788e-01 | Dynamic Loss: 3.788e-01 | Regularization Loss: 6.253e-07 | Val Loss: 4.466e-01 | Time: 9.31s
2025-08-20 02:37:33,654:INFO:Epoch: 2200/40000 | Train Loss: 4.400e-01 | Dynamic Loss: 4.400e-01 | Regularization Loss: 5.247e-07 | Val Loss: 5.586e-01 | Time: 10.80s
2025-08-20 02:37:42,752:INFO:Epoch: 2250/40000 | Train Loss: 3.831e-01 | Dynamic Loss: 3.831e-01 | Regularization Loss: 3.905e-07 | Val Loss: 4.498e-01 | Time: 9.10s
2025-08-20 02:37:51,884:INFO:Epoch: 2300/40000 | Train Loss: 4.589e-01 | Dynamic Loss: 4.589e-01 | Regularization Loss: 2.547e-07 | Val Loss: 4.518e-01 | Time: 9.13s
2025-08-20 02:38:00,968:INFO:Epoch: 2350/40000 | Train Loss: 3.531e-01 | Dynamic Loss: 3.531e-01 | Regularization Loss: 1.441e-07 | Val Loss: 3.832e-01 | Time: 9.08s
2025-08-20 02:38:00,968:INFO:New best model found at epoch 2350 with validation loss 3.832e-01. Saving...
2025-08-20 02:38:10,069:INFO:Epoch: 2400/40000 | Train Loss: 2.954e-01 | Dynamic Loss: 2.954e-01 | Regularization Loss: 8.985e-08 | Val Loss: 3.562e-01 | Time: 9.08s
2025-08-20 02:38:10,069:INFO:New best model found at epoch 2400 with validation loss 3.562e-01. Saving...
2025-08-20 02:38:21,729:INFO:Epoch: 2450/40000 | Train Loss: 2.958e-01 | Dynamic Loss: 2.958e-01 | Regularization Loss: 5.688e-08 | Val Loss: 3.375e-01 | Time: 11.64s
2025-08-20 02:38:21,729:INFO:New best model found at epoch 2450 with validation loss 3.375e-01. Saving...
2025-08-20 02:38:30,841:INFO:Epoch: 2500/40000 | Train Loss: 3.335e-01 | Dynamic Loss: 3.335e-01 | Regularization Loss: 3.082e-08 | Val Loss: 3.877e-01 | Time: 9.09s
2025-08-20 02:38:40,095:INFO:Epoch: 2550/40000 | Train Loss: 3.065e-01 | Dynamic Loss: 3.065e-01 | Regularization Loss: 1.967e-08 | Val Loss: 3.551e-01 | Time: 9.25s
2025-08-20 02:38:49,304:INFO:Epoch: 2600/40000 | Train Loss: 2.907e-01 | Dynamic Loss: 2.907e-01 | Regularization Loss: 8.515e-09 | Val Loss: 3.515e-01 | Time: 9.21s
2025-08-20 02:38:58,414:INFO:Epoch: 2650/40000 | Train Loss: 3.086e-01 | Dynamic Loss: 3.086e-01 | Regularization Loss: 5.146e-09 | Val Loss: 3.187e-01 | Time: 9.11s
2025-08-20 02:38:58,414:INFO:New best model found at epoch 2650 with validation loss 3.187e-01. Saving...
2025-08-20 02:39:10,402:INFO:Epoch: 2700/40000 | Train Loss: 3.033e-01 | Dynamic Loss: 3.033e-01 | Regularization Loss: 1.237e-09 | Val Loss: 3.593e-01 | Time: 11.97s
2025-08-20 02:39:19,426:INFO:Epoch: 2750/40000 | Train Loss: 2.885e-01 | Dynamic Loss: 2.885e-01 | Regularization Loss: 4.778e-10 | Val Loss: 3.200e-01 | Time: 9.02s
2025-08-20 02:39:28,325:INFO:Epoch: 2800/40000 | Train Loss: 1.451e+00 | Dynamic Loss: 1.451e+00 | Regularization Loss: 1.391e-12 | Val Loss: 1.617e+00 | Time: 8.90s
2025-08-20 02:39:37,613:INFO:Epoch: 2850/40000 | Train Loss: 7.854e-01 | Dynamic Loss: 7.854e-01 | Regularization Loss: 1.329e-12 | Val Loss: 7.998e-01 | Time: 9.29s
2025-08-20 02:39:46,660:INFO:Epoch: 2900/40000 | Train Loss: 5.969e-01 | Dynamic Loss: 5.969e-01 | Regularization Loss: 1.175e-12 | Val Loss: 6.828e-01 | Time: 9.05s
2025-08-20 02:39:55,586:INFO:Epoch: 2950/40000 | Train Loss: 5.545e-01 | Dynamic Loss: 5.545e-01 | Regularization Loss: 1.286e-12 | Val Loss: 6.510e-01 | Time: 8.93s
2025-08-20 02:40:04,685:INFO:Epoch: 3000/40000 | Train Loss: 6.033e-01 | Dynamic Loss: 6.033e-01 | Regularization Loss: 3.204e-13 | Val Loss: 6.322e-01 | Time: 9.10s
2025-08-20 02:40:13,633:INFO:Epoch: 3050/40000 | Train Loss: 4.484e-01 | Dynamic Loss: 4.484e-01 | Regularization Loss: 2.406e-13 | Val Loss: 4.891e-01 | Time: 8.95s
2025-08-20 02:40:22,663:INFO:Epoch: 3100/40000 | Train Loss: 5.903e-01 | Dynamic Loss: 5.903e-01 | Regularization Loss: 1.245e-13 | Val Loss: 5.648e-01 | Time: 9.03s
2025-08-20 02:40:31,583:INFO:Epoch: 3150/40000 | Train Loss: 4.025e-01 | Dynamic Loss: 4.025e-01 | Regularization Loss: 1.184e-13 | Val Loss: 1.525e+00 | Time: 8.92s
2025-08-20 02:40:47,551:INFO:Epoch: 3200/40000 | Train Loss: 5.652e-01 | Dynamic Loss: 5.652e-01 | Regularization Loss: 4.787e-14 | Val Loss: 6.763e-01 | Time: 15.97s
2025-08-20 02:40:56,524:INFO:Epoch: 3250/40000 | Train Loss: 7.142e-01 | Dynamic Loss: 7.142e-01 | Regularization Loss: 3.290e-14 | Val Loss: 9.467e-01 | Time: 8.97s
2025-08-20 02:41:05,381:INFO:Epoch: 3300/40000 | Train Loss: 5.141e-01 | Dynamic Loss: 5.141e-01 | Regularization Loss: 2.545e-14 | Val Loss: 5.508e-01 | Time: 8.86s
2025-08-20 02:41:14,404:INFO:Epoch: 3350/40000 | Train Loss: 3.865e-01 | Dynamic Loss: 3.865e-01 | Regularization Loss: 6.723e-15 | Val Loss: 4.234e-01 | Time: 9.02s
2025-08-20 02:41:23,416:INFO:Epoch: 3400/40000 | Train Loss: 3.375e-01 | Dynamic Loss: 3.375e-01 | Regularization Loss: 4.667e-15 | Val Loss: 3.685e-01 | Time: 9.01s
2025-08-20 02:41:32,412:INFO:Epoch: 3450/40000 | Train Loss: 2.997e-01 | Dynamic Loss: 2.997e-01 | Regularization Loss: 3.869e-15 | Val Loss: 3.739e-01 | Time: 9.00s
2025-08-20 02:41:41,291:INFO:Epoch: 3500/40000 | Train Loss: 3.355e-01 | Dynamic Loss: 3.355e-01 | Regularization Loss: 1.687e-15 | Val Loss: 3.646e-01 | Time: 8.88s
2025-08-20 02:41:57,829:INFO:Epoch: 3550/40000 | Train Loss: 6.339e-01 | Dynamic Loss: 6.339e-01 | Regularization Loss: 9.302e-16 | Val Loss: 5.663e-01 | Time: 16.54s
2025-08-20 02:42:06,791:INFO:Epoch: 3600/40000 | Train Loss: 3.222e-01 | Dynamic Loss: 3.222e-01 | Regularization Loss: 3.518e-16 | Val Loss: 3.897e-01 | Time: 8.96s
2025-08-20 02:42:15,760:INFO:Epoch: 3650/40000 | Train Loss: 3.483e-01 | Dynamic Loss: 3.483e-01 | Regularization Loss: 2.174e-16 | Val Loss: 3.855e-01 | Time: 8.97s
2025-08-20 02:42:24,819:INFO:Epoch: 3700/40000 | Train Loss: 4.078e-01 | Dynamic Loss: 4.078e-01 | Regularization Loss: 1.033e-16 | Val Loss: 4.112e-01 | Time: 9.06s
2025-08-20 02:42:33,880:INFO:Epoch: 3750/40000 | Train Loss: 2.611e-01 | Dynamic Loss: 2.611e-01 | Regularization Loss: 7.825e-17 | Val Loss: 2.935e-01 | Time: 9.06s
2025-08-20 02:42:33,880:INFO:New best model found at epoch 3750 with validation loss 2.935e-01. Saving...
2025-08-20 02:42:42,910:INFO:Epoch: 3800/40000 | Train Loss: 2.646e-01 | Dynamic Loss: 2.646e-01 | Regularization Loss: 2.315e-17 | Val Loss: 2.972e-01 | Time: 9.00s
2025-08-20 02:42:52,130:INFO:Epoch: 3850/40000 | Train Loss: 2.931e-01 | Dynamic Loss: 2.931e-01 | Regularization Loss: 1.977e-17 | Val Loss: 3.184e-01 | Time: 9.22s
2025-08-20 02:43:04,972:INFO:Epoch: 3900/40000 | Train Loss: 2.676e-01 | Dynamic Loss: 2.676e-01 | Regularization Loss: 7.669e-18 | Val Loss: 2.987e-01 | Time: 12.84s
2025-08-20 02:43:13,923:INFO:Epoch: 3950/40000 | Train Loss: 3.009e-01 | Dynamic Loss: 3.009e-01 | Regularization Loss: 4.755e-18 | Val Loss: 3.588e-01 | Time: 8.95s
2025-08-20 02:43:22,849:INFO:Epoch: 4000/40000 | Train Loss: 3.529e-01 | Dynamic Loss: 3.529e-01 | Regularization Loss: 4.144e-18 | Val Loss: 3.560e-01 | Time: 8.93s
2025-08-20 02:43:35,162:INFO:Epoch: 4050/40000 | Train Loss: 2.768e-01 | Dynamic Loss: 2.768e-01 | Regularization Loss: 1.248e-18 | Val Loss: 3.024e-01 | Time: 12.31s
2025-08-20 02:43:44,146:INFO:Epoch: 4100/40000 | Train Loss: 7.491e-01 | Dynamic Loss: 7.491e-01 | Regularization Loss: 9.655e-19 | Val Loss: 7.342e-01 | Time: 8.98s
2025-08-20 02:43:53,105:INFO:Epoch: 4150/40000 | Train Loss: 2.395e-01 | Dynamic Loss: 2.395e-01 | Regularization Loss: 5.633e-19 | Val Loss: 2.691e-01 | Time: 8.96s
2025-08-20 02:43:53,105:INFO:New best model found at epoch 4150 with validation loss 2.691e-01. Saving...
2025-08-20 02:44:02,115:INFO:Epoch: 4200/40000 | Train Loss: 2.820e-01 | Dynamic Loss: 2.820e-01 | Regularization Loss: 4.432e-19 | Val Loss: 2.944e-01 | Time: 8.99s
2025-08-20 02:44:18,275:INFO:Epoch: 4250/40000 | Train Loss: 3.757e-01 | Dynamic Loss: 3.757e-01 | Regularization Loss: 2.585e-19 | Val Loss: 3.615e-01 | Time: 16.16s
2025-08-20 02:44:27,251:INFO:Epoch: 4300/40000 | Train Loss: 3.694e-01 | Dynamic Loss: 3.694e-01 | Regularization Loss: 7.080e-20 | Val Loss: 5.862e-01 | Time: 8.98s
2025-08-20 02:44:36,341:INFO:Epoch: 4350/40000 | Train Loss: 3.223e-01 | Dynamic Loss: 3.223e-01 | Regularization Loss: 4.399e-20 | Val Loss: 3.564e-01 | Time: 9.09s
2025-08-20 02:44:45,416:INFO:Epoch: 4400/40000 | Train Loss: 2.488e-01 | Dynamic Loss: 2.488e-01 | Regularization Loss: 1.604e-20 | Val Loss: 2.747e-01 | Time: 9.08s
2025-08-20 02:44:54,409:INFO:Epoch: 4450/40000 | Train Loss: 2.714e-01 | Dynamic Loss: 2.714e-01 | Regularization Loss: 4.076e-21 | Val Loss: 2.947e-01 | Time: 8.99s
2025-08-20 02:45:03,394:INFO:Epoch: 4500/40000 | Train Loss: 2.142e-01 | Dynamic Loss: 2.142e-01 | Regularization Loss: 3.714e-21 | Val Loss: 2.369e-01 | Time: 8.98s
2025-08-20 02:45:03,394:INFO:New best model found at epoch 4500 with validation loss 2.369e-01. Saving...
2025-08-20 02:45:12,457:INFO:Epoch: 4550/40000 | Train Loss: 2.514e-01 | Dynamic Loss: 2.514e-01 | Regularization Loss: 2.493e-21 | Val Loss: 2.631e-01 | Time: 9.04s
2025-08-20 02:45:25,905:INFO:Epoch: 4600/40000 | Train Loss: 2.275e-01 | Dynamic Loss: 2.275e-01 | Regularization Loss: 2.126e-21 | Val Loss: 2.351e-01 | Time: 13.45s
2025-08-20 02:45:25,905:INFO:New best model found at epoch 4600 with validation loss 2.351e-01. Saving...
2025-08-20 02:45:34,918:INFO:Epoch: 4650/40000 | Train Loss: 2.741e-01 | Dynamic Loss: 2.741e-01 | Regularization Loss: 1.441e-21 | Val Loss: 2.506e-01 | Time: 8.99s
2025-08-20 02:45:43,985:INFO:Epoch: 4700/40000 | Train Loss: 2.267e-01 | Dynamic Loss: 2.267e-01 | Regularization Loss: 8.179e-22 | Val Loss: 3.848e-01 | Time: 9.07s
2025-08-20 02:45:52,947:INFO:Epoch: 4750/40000 | Train Loss: 8.331e-01 | Dynamic Loss: 8.331e-01 | Regularization Loss: 5.174e-22 | Val Loss: 9.679e-01 | Time: 8.96s
2025-08-20 02:46:03,572:INFO:Epoch: 4800/40000 | Train Loss: 2.615e-01 | Dynamic Loss: 2.615e-01 | Regularization Loss: 1.880e-22 | Val Loss: 2.718e-01 | Time: 10.62s
2025-08-20 02:46:12,652:INFO:Epoch: 4850/40000 | Train Loss: 2.883e-01 | Dynamic Loss: 2.883e-01 | Regularization Loss: 1.586e-22 | Val Loss: 3.089e-01 | Time: 9.08s
2025-08-20 02:46:21,744:INFO:Epoch: 4900/40000 | Train Loss: 2.774e-01 | Dynamic Loss: 2.774e-01 | Regularization Loss: 1.548e-22 | Val Loss: 2.646e-01 | Time: 9.09s
2025-08-20 02:46:33,386:INFO:Epoch: 4950/40000 | Train Loss: 2.616e-01 | Dynamic Loss: 2.616e-01 | Regularization Loss: 1.141e-22 | Val Loss: 2.608e-01 | Time: 11.64s
2025-08-20 02:46:42,529:INFO:Epoch: 5000/40000 | Train Loss: 6.538e-01 | Dynamic Loss: 6.538e-01 | Regularization Loss: 5.097e-23 | Val Loss: 5.581e-01 | Time: 9.14s
2025-08-20 02:46:51,670:INFO:Epoch: 5050/40000 | Train Loss: 1.647e-01 | Dynamic Loss: 1.647e-01 | Regularization Loss: 4.515e-23 | Val Loss: 1.833e-01 | Time: 9.14s
2025-08-20 02:46:51,670:INFO:New best model found at epoch 5050 with validation loss 1.833e-01. Saving...
2025-08-20 02:47:00,798:INFO:Epoch: 5100/40000 | Train Loss: 2.074e-01 | Dynamic Loss: 2.074e-01 | Regularization Loss: 2.666e-23 | Val Loss: 2.263e-01 | Time: 9.11s
2025-08-20 02:47:14,992:INFO:Epoch: 5150/40000 | Train Loss: 2.617e-01 | Dynamic Loss: 2.617e-01 | Regularization Loss: 8.952e-24 | Val Loss: 2.803e-01 | Time: 14.19s
2025-08-20 02:47:24,028:INFO:Epoch: 5200/40000 | Train Loss: 2.046e-01 | Dynamic Loss: 2.046e-01 | Regularization Loss: 8.952e-24 | Val Loss: 2.184e-01 | Time: 9.04s
2025-08-20 02:47:33,021:INFO:Epoch: 5250/40000 | Train Loss: 1.790e-01 | Dynamic Loss: 1.790e-01 | Regularization Loss: 6.853e-24 | Val Loss: 1.930e-01 | Time: 8.99s
2025-08-20 02:47:42,074:INFO:Epoch: 5300/40000 | Train Loss: 2.062e-01 | Dynamic Loss: 2.062e-01 | Regularization Loss: 4.550e-24 | Val Loss: 2.234e-01 | Time: 9.05s
2025-08-20 02:47:51,118:INFO:Epoch: 5350/40000 | Train Loss: 2.101e-01 | Dynamic Loss: 2.101e-01 | Regularization Loss: 3.316e-24 | Val Loss: 2.336e-01 | Time: 9.04s
2025-08-20 02:48:00,162:INFO:Epoch: 5400/40000 | Train Loss: 1.608e-01 | Dynamic Loss: 1.608e-01 | Regularization Loss: 2.660e-24 | Val Loss: 1.774e-01 | Time: 9.04s
2025-08-20 02:48:00,162:INFO:New best model found at epoch 5400 with validation loss 1.774e-01. Saving...
2025-08-20 02:48:09,200:INFO:Epoch: 5450/40000 | Train Loss: 1.918e-01 | Dynamic Loss: 1.918e-01 | Regularization Loss: 2.118e-24 | Val Loss: 1.917e-01 | Time: 9.02s
2025-08-20 02:48:19,094:INFO:Epoch: 5500/40000 | Train Loss: 4.190e-01 | Dynamic Loss: 4.190e-01 | Regularization Loss: 1.262e-24 | Val Loss: 5.019e-01 | Time: 9.89s
2025-08-20 02:48:28,121:INFO:Epoch: 5550/40000 | Train Loss: 3.064e-01 | Dynamic Loss: 3.064e-01 | Regularization Loss: 7.983e-25 | Val Loss: 2.830e-01 | Time: 9.03s
2025-08-20 02:48:37,187:INFO:Epoch: 5600/40000 | Train Loss: 1.790e-01 | Dynamic Loss: 1.790e-01 | Regularization Loss: 5.689e-25 | Val Loss: 1.914e-01 | Time: 9.07s
2025-08-20 02:48:46,360:INFO:Epoch: 5650/40000 | Train Loss: 1.941e-01 | Dynamic Loss: 1.941e-01 | Regularization Loss: 4.639e-25 | Val Loss: 2.018e-01 | Time: 9.17s
2025-08-20 02:48:55,427:INFO:Epoch: 5700/40000 | Train Loss: 2.419e-01 | Dynamic Loss: 2.419e-01 | Regularization Loss: 1.249e-25 | Val Loss: 2.679e-01 | Time: 9.07s
2025-08-20 02:49:04,531:INFO:Epoch: 5750/40000 | Train Loss: 3.117e-01 | Dynamic Loss: 3.117e-01 | Regularization Loss: 9.732e-26 | Val Loss: 3.429e-01 | Time: 9.10s
2025-08-20 02:49:13,691:INFO:Epoch: 5800/40000 | Train Loss: 2.317e-01 | Dynamic Loss: 2.317e-01 | Regularization Loss: 8.975e-26 | Val Loss: 2.589e-01 | Time: 9.16s
2025-08-20 02:49:22,788:INFO:Epoch: 5850/40000 | Train Loss: 8.032e-01 | Dynamic Loss: 8.032e-01 | Regularization Loss: 3.007e-26 | Val Loss: 8.024e-01 | Time: 9.10s
2025-08-20 02:49:31,883:INFO:Epoch: 5900/40000 | Train Loss: 2.020e-01 | Dynamic Loss: 2.020e-01 | Regularization Loss: 1.689e-26 | Val Loss: 2.220e-01 | Time: 9.09s
2025-08-20 02:49:40,862:INFO:Epoch: 5950/40000 | Train Loss: 2.566e-01 | Dynamic Loss: 2.566e-01 | Regularization Loss: 1.324e-26 | Val Loss: 2.474e-01 | Time: 8.98s
2025-08-20 02:49:56,442:INFO:Epoch: 6000/40000 | Train Loss: 1.942e-01 | Dynamic Loss: 1.942e-01 | Regularization Loss: 1.005e-26 | Val Loss: 2.405e-01 | Time: 15.58s
2025-08-20 02:50:05,431:INFO:Epoch: 6050/40000 | Train Loss: 2.505e-01 | Dynamic Loss: 2.505e-01 | Regularization Loss: 7.945e-27 | Val Loss: 3.372e-01 | Time: 8.99s
2025-08-20 02:50:14,382:INFO:Epoch: 6100/40000 | Train Loss: 5.932e-01 | Dynamic Loss: 5.932e-01 | Regularization Loss: 8.006e-27 | Val Loss: 8.050e-01 | Time: 8.95s
2025-08-20 02:50:23,361:INFO:Epoch: 6150/40000 | Train Loss: 3.157e-01 | Dynamic Loss: 3.157e-01 | Regularization Loss: 6.801e-27 | Val Loss: 3.371e-01 | Time: 8.98s
2025-08-20 02:50:38,736:INFO:Epoch: 6200/40000 | Train Loss: 1.778e-01 | Dynamic Loss: 1.778e-01 | Regularization Loss: 7.439e-27 | Val Loss: 1.175e+00 | Time: 15.38s
2025-08-20 02:50:47,836:INFO:Epoch: 6250/40000 | Train Loss: 3.127e-01 | Dynamic Loss: 3.127e-01 | Regularization Loss: 1.680e-27 | Val Loss: 3.232e-01 | Time: 9.10s
2025-08-20 02:50:56,767:INFO:Epoch: 6300/40000 | Train Loss: 2.604e-01 | Dynamic Loss: 2.604e-01 | Regularization Loss: 1.839e-27 | Val Loss: 2.886e-01 | Time: 8.93s
2025-08-20 02:51:05,716:INFO:Epoch: 6350/40000 | Train Loss: 3.159e+00 | Dynamic Loss: 3.159e+00 | Regularization Loss: 7.405e-28 | Val Loss: 3.593e+00 | Time: 8.95s
2025-08-20 02:51:18,207:INFO:Epoch: 6400/40000 | Train Loss: 3.172e-01 | Dynamic Loss: 3.172e-01 | Regularization Loss: 1.302e-28 | Val Loss: 3.814e-01 | Time: 12.49s
2025-08-20 02:51:27,176:INFO:Epoch: 6450/40000 | Train Loss: 3.093e-01 | Dynamic Loss: 3.093e-01 | Regularization Loss: 9.791e-29 | Val Loss: 3.443e-01 | Time: 8.97s
2025-08-20 02:51:36,207:INFO:Epoch: 6500/40000 | Train Loss: 2.157e-01 | Dynamic Loss: 2.157e-01 | Regularization Loss: 9.962e-29 | Val Loss: 2.391e-01 | Time: 9.03s
2025-08-20 02:51:51,863:INFO:Epoch: 6550/40000 | Train Loss: 2.597e-01 | Dynamic Loss: 2.597e-01 | Regularization Loss: 7.501e-29 | Val Loss: 2.811e-01 | Time: 15.66s
2025-08-20 02:52:00,831:INFO:Epoch: 6600/40000 | Train Loss: 2.357e-01 | Dynamic Loss: 2.357e-01 | Regularization Loss: 5.902e-29 | Val Loss: 2.499e-01 | Time: 8.97s
2025-08-20 02:52:09,941:INFO:Epoch: 6650/40000 | Train Loss: 2.160e-01 | Dynamic Loss: 2.160e-01 | Regularization Loss: 6.136e-29 | Val Loss: 2.496e-01 | Time: 9.11s
2025-08-20 02:52:19,089:INFO:Epoch: 6700/40000 | Train Loss: 2.494e-01 | Dynamic Loss: 2.494e-01 | Regularization Loss: 5.138e-29 | Val Loss: 2.744e-01 | Time: 9.15s
2025-08-20 02:52:28,110:INFO:Epoch: 6750/40000 | Train Loss: 2.239e-01 | Dynamic Loss: 2.239e-01 | Regularization Loss: 3.316e-29 | Val Loss: 2.384e-01 | Time: 9.02s
2025-08-20 02:52:37,140:INFO:Epoch: 6800/40000 | Train Loss: 2.493e-01 | Dynamic Loss: 2.493e-01 | Regularization Loss: 3.389e-29 | Val Loss: 3.042e-01 | Time: 9.03s
2025-08-20 02:52:46,167:INFO:Epoch: 6850/40000 | Train Loss: 1.614e-01 | Dynamic Loss: 1.614e-01 | Regularization Loss: 2.952e-29 | Val Loss: 1.907e-01 | Time: 9.03s
2025-08-20 02:53:01,484:INFO:Epoch: 6900/40000 | Train Loss: 2.127e-01 | Dynamic Loss: 2.127e-01 | Regularization Loss: 2.587e-29 | Val Loss: 2.376e-01 | Time: 15.32s
2025-08-20 02:53:10,557:INFO:Epoch: 6950/40000 | Train Loss: 3.868e-01 | Dynamic Loss: 3.868e-01 | Regularization Loss: 1.963e-29 | Val Loss: 3.944e-01 | Time: 9.07s
2025-08-20 02:53:19,691:INFO:Epoch: 7000/40000 | Train Loss: 1.594e-01 | Dynamic Loss: 1.594e-01 | Regularization Loss: 1.759e-29 | Val Loss: 1.895e-01 | Time: 9.13s
2025-08-20 02:53:28,739:INFO:Epoch: 7050/40000 | Train Loss: 2.048e-01 | Dynamic Loss: 2.048e-01 | Regularization Loss: 1.176e-29 | Val Loss: 3.438e-01 | Time: 9.05s
2025-08-20 02:53:37,758:INFO:Epoch: 7100/40000 | Train Loss: 2.013e-01 | Dynamic Loss: 2.013e-01 | Regularization Loss: 1.070e-29 | Val Loss: 1.917e-01 | Time: 9.02s
2025-08-20 02:53:46,782:INFO:Epoch: 7150/40000 | Train Loss: 4.019e-01 | Dynamic Loss: 4.019e-01 | Regularization Loss: 7.256e-30 | Val Loss: 4.116e-01 | Time: 9.02s
2025-08-20 02:53:55,902:INFO:Epoch: 7200/40000 | Train Loss: 1.386e-01 | Dynamic Loss: 1.386e-01 | Regularization Loss: 6.113e-30 | Val Loss: 1.681e-01 | Time: 9.12s
2025-08-20 02:53:55,902:INFO:New best model found at epoch 7200 with validation loss 1.681e-01. Saving...
2025-08-20 02:54:04,912:INFO:Epoch: 7250/40000 | Train Loss: 1.368e-01 | Dynamic Loss: 1.368e-01 | Regularization Loss: 6.044e-30 | Val Loss: 1.534e-01 | Time: 8.99s
2025-08-20 02:54:04,912:INFO:New best model found at epoch 7250 with validation loss 1.534e-01. Saving...
2025-08-20 02:54:14,020:INFO:Epoch: 7300/40000 | Train Loss: 5.201e-01 | Dynamic Loss: 5.201e-01 | Regularization Loss: 3.038e-30 | Val Loss: 5.180e-01 | Time: 9.09s
2025-08-20 02:54:23,074:INFO:Epoch: 7350/40000 | Train Loss: 1.904e-01 | Dynamic Loss: 1.904e-01 | Regularization Loss: 1.570e-30 | Val Loss: 1.915e-01 | Time: 9.05s
2025-08-20 02:54:36,652:INFO:Epoch: 7400/40000 | Train Loss: 6.153e-01 | Dynamic Loss: 6.153e-01 | Regularization Loss: 8.394e-31 | Val Loss: 5.458e-01 | Time: 13.58s
2025-08-20 02:54:45,798:INFO:Epoch: 7450/40000 | Train Loss: 1.496e-01 | Dynamic Loss: 1.496e-01 | Regularization Loss: 5.445e-31 | Val Loss: 1.693e-01 | Time: 9.15s
2025-08-20 02:54:54,852:INFO:Epoch: 7500/40000 | Train Loss: 1.656e-01 | Dynamic Loss: 1.656e-01 | Regularization Loss: 4.280e-31 | Val Loss: 1.844e-01 | Time: 9.05s
2025-08-20 02:55:04,025:INFO:Epoch: 7550/40000 | Train Loss: 1.376e-01 | Dynamic Loss: 1.376e-01 | Regularization Loss: 3.891e-31 | Val Loss: 1.546e-01 | Time: 9.17s
2025-08-20 02:55:13,189:INFO:Epoch: 7600/40000 | Train Loss: 1.845e-01 | Dynamic Loss: 1.845e-01 | Regularization Loss: 2.018e-31 | Val Loss: 2.078e-01 | Time: 9.16s
2025-08-20 02:55:22,366:INFO:Epoch: 7650/40000 | Train Loss: 1.715e-01 | Dynamic Loss: 1.715e-01 | Regularization Loss: 1.968e-31 | Val Loss: 1.944e-01 | Time: 9.18s
2025-08-20 02:55:31,451:INFO:Epoch: 7700/40000 | Train Loss: 2.799e-01 | Dynamic Loss: 2.799e-01 | Regularization Loss: 1.471e-31 | Val Loss: 2.879e-01 | Time: 9.09s
2025-08-20 02:55:47,569:INFO:Epoch: 7750/40000 | Train Loss: 4.147e-01 | Dynamic Loss: 4.147e-01 | Regularization Loss: 1.242e-31 | Val Loss: 4.128e-01 | Time: 16.12s
2025-08-20 02:55:56,729:INFO:Epoch: 7800/40000 | Train Loss: 2.096e-01 | Dynamic Loss: 2.096e-01 | Regularization Loss: 6.278e-32 | Val Loss: 2.183e-01 | Time: 9.16s
2025-08-20 02:56:05,831:INFO:Epoch: 7850/40000 | Train Loss: 1.364e-01 | Dynamic Loss: 1.364e-01 | Regularization Loss: 5.325e-32 | Val Loss: 1.717e-01 | Time: 9.10s
2025-08-20 02:56:14,931:INFO:Epoch: 7900/40000 | Train Loss: 1.990e-01 | Dynamic Loss: 1.990e-01 | Regularization Loss: 4.314e-32 | Val Loss: 5.284e-01 | Time: 9.10s
2025-08-20 02:56:23,965:INFO:Epoch: 7950/40000 | Train Loss: 7.009e-01 | Dynamic Loss: 7.009e-01 | Regularization Loss: 3.625e-32 | Val Loss: 7.331e-01 | Time: 9.03s
2025-08-20 02:56:33,041:INFO:Epoch: 8000/40000 | Train Loss: 2.215e-01 | Dynamic Loss: 2.215e-01 | Regularization Loss: 1.867e-32 | Val Loss: 2.569e-01 | Time: 9.08s
2025-08-20 02:56:42,049:INFO:Epoch: 8050/40000 | Train Loss: 2.714e-01 | Dynamic Loss: 2.714e-01 | Regularization Loss: 1.638e-32 | Val Loss: 2.988e-01 | Time: 9.01s
2025-08-20 02:56:58,889:INFO:Epoch: 8100/40000 | Train Loss: 2.142e-01 | Dynamic Loss: 2.142e-01 | Regularization Loss: 1.278e-32 | Val Loss: 3.516e-01 | Time: 16.84s
2025-08-20 02:57:07,946:INFO:Epoch: 8150/40000 | Train Loss: 1.771e-01 | Dynamic Loss: 1.771e-01 | Regularization Loss: 1.057e-32 | Val Loss: 1.925e-01 | Time: 9.06s
2025-08-20 02:57:16,932:INFO:Epoch: 8200/40000 | Train Loss: 8.250e-01 | Dynamic Loss: 8.250e-01 | Regularization Loss: 3.956e-33 | Val Loss: 7.422e-01 | Time: 8.99s
2025-08-20 02:57:28,825:INFO:Epoch: 8250/40000 | Train Loss: 2.304e-01 | Dynamic Loss: 2.304e-01 | Regularization Loss: 3.315e-33 | Val Loss: 2.508e-01 | Time: 11.89s
2025-08-20 02:57:37,844:INFO:Epoch: 8300/40000 | Train Loss: 1.242e-01 | Dynamic Loss: 1.242e-01 | Regularization Loss: 3.218e-33 | Val Loss: 1.551e-01 | Time: 9.02s
2025-08-20 02:57:46,839:INFO:Epoch: 8350/40000 | Train Loss: 1.194e-01 | Dynamic Loss: 1.194e-01 | Regularization Loss: 2.771e-33 | Val Loss: 1.439e-01 | Time: 8.99s
2025-08-20 02:57:46,839:INFO:New best model found at epoch 8350 with validation loss 1.439e-01. Saving...
2025-08-20 02:57:55,839:INFO:Epoch: 8400/40000 | Train Loss: 1.423e-01 | Dynamic Loss: 1.423e-01 | Regularization Loss: 1.801e-33 | Val Loss: 1.746e-01 | Time: 8.98s
2025-08-20 02:58:06,489:INFO:Epoch: 8450/40000 | Train Loss: 1.428e-01 | Dynamic Loss: 1.428e-01 | Regularization Loss: 1.621e-33 | Val Loss: 1.650e-01 | Time: 10.65s
2025-08-20 02:58:15,559:INFO:Epoch: 8500/40000 | Train Loss: 1.950e-01 | Dynamic Loss: 1.950e-01 | Regularization Loss: 7.453e-34 | Val Loss: 2.336e-01 | Time: 9.07s
2025-08-20 02:58:24,586:INFO:Epoch: 8550/40000 | Train Loss: 2.203e-01 | Dynamic Loss: 2.203e-01 | Regularization Loss: 6.187e-34 | Val Loss: 2.377e-01 | Time: 9.03s
2025-08-20 02:58:33,658:INFO:Epoch: 8600/40000 | Train Loss: 1.392e-01 | Dynamic Loss: 1.392e-01 | Regularization Loss: 4.203e-34 | Val Loss: 1.730e-01 | Time: 9.07s
2025-08-20 02:58:42,719:INFO:Epoch: 8650/40000 | Train Loss: 1.521e-01 | Dynamic Loss: 1.521e-01 | Regularization Loss: 3.754e-34 | Val Loss: 1.815e-01 | Time: 9.06s
2025-08-20 02:58:51,761:INFO:Epoch: 8700/40000 | Train Loss: 1.051e-01 | Dynamic Loss: 1.051e-01 | Regularization Loss: 3.435e-34 | Val Loss: 1.364e-01 | Time: 9.04s
2025-08-20 02:58:51,761:INFO:New best model found at epoch 8700 with validation loss 1.364e-01. Saving...
2025-08-20 02:59:00,793:INFO:Epoch: 8750/40000 | Train Loss: 3.725e-01 | Dynamic Loss: 3.725e-01 | Regularization Loss: 1.953e-34 | Val Loss: 3.655e-01 | Time: 9.01s
2025-08-20 02:59:17,494:INFO:Epoch: 8800/40000 | Train Loss: 1.255e-01 | Dynamic Loss: 1.255e-01 | Regularization Loss: 2.072e-34 | Val Loss: 1.573e-01 | Time: 16.70s
2025-08-20 02:59:26,616:INFO:Epoch: 8850/40000 | Train Loss: 1.037e-01 | Dynamic Loss: 1.037e-01 | Regularization Loss: 2.069e-34 | Val Loss: 1.347e-01 | Time: 9.12s
2025-08-20 02:59:26,616:INFO:New best model found at epoch 8850 with validation loss 1.347e-01. Saving...
2025-08-20 02:59:35,632:INFO:Epoch: 8900/40000 | Train Loss: 1.215e-01 | Dynamic Loss: 1.215e-01 | Regularization Loss: 2.164e-34 | Val Loss: 1.459e-01 | Time: 9.00s
2025-08-20 02:59:44,825:INFO:Epoch: 8950/40000 | Train Loss: 1.021e-01 | Dynamic Loss: 1.021e-01 | Regularization Loss: 1.989e-34 | Val Loss: 1.283e-01 | Time: 9.19s
2025-08-20 02:59:44,825:INFO:New best model found at epoch 8950 with validation loss 1.283e-01. Saving...
2025-08-20 02:59:53,915:INFO:Epoch: 9000/40000 | Train Loss: 2.329e-01 | Dynamic Loss: 2.329e-01 | Regularization Loss: 1.699e-34 | Val Loss: 2.708e-01 | Time: 9.04s
2025-08-20 03:00:02,863:INFO:Epoch: 9050/40000 | Train Loss: 1.240e-01 | Dynamic Loss: 1.240e-01 | Regularization Loss: 1.219e-34 | Val Loss: 1.678e-01 | Time: 8.95s
2025-08-20 03:00:11,810:INFO:Epoch: 9100/40000 | Train Loss: 2.486e-01 | Dynamic Loss: 2.486e-01 | Regularization Loss: 1.134e-34 | Val Loss: 3.165e-01 | Time: 8.95s
2025-08-20 03:00:26,443:INFO:Epoch: 9150/40000 | Train Loss: 1.650e-01 | Dynamic Loss: 1.650e-01 | Regularization Loss: 8.572e-35 | Val Loss: 2.010e-01 | Time: 14.63s
2025-08-20 03:00:35,485:INFO:Epoch: 9200/40000 | Train Loss: 1.274e-01 | Dynamic Loss: 1.274e-01 | Regularization Loss: 6.131e-35 | Val Loss: 1.536e-01 | Time: 9.04s
2025-08-20 03:00:44,482:INFO:Epoch: 9250/40000 | Train Loss: 1.029e-01 | Dynamic Loss: 1.029e-01 | Regularization Loss: 5.464e-35 | Val Loss: 1.223e-01 | Time: 9.00s
2025-08-20 03:00:44,482:INFO:New best model found at epoch 9250 with validation loss 1.223e-01. Saving...
2025-08-20 03:00:53,625:INFO:Epoch: 9300/40000 | Train Loss: 9.942e-02 | Dynamic Loss: 9.942e-02 | Regularization Loss: 2.846e-35 | Val Loss: 1.328e-01 | Time: 9.12s
2025-08-20 03:01:02,683:INFO:Epoch: 9350/40000 | Train Loss: 8.771e-02 | Dynamic Loss: 8.771e-02 | Regularization Loss: 2.802e-35 | Val Loss: 1.178e-01 | Time: 9.06s
2025-08-20 03:01:02,684:INFO:New best model found at epoch 9350 with validation loss 1.178e-01. Saving...
2025-08-20 03:01:11,779:INFO:Epoch: 9400/40000 | Train Loss: 1.539e-01 | Dynamic Loss: 1.539e-01 | Regularization Loss: 2.149e-35 | Val Loss: 1.860e-01 | Time: 9.08s
2025-08-20 03:01:20,971:INFO:Epoch: 9450/40000 | Train Loss: 1.290e+00 | Dynamic Loss: 1.290e+00 | Regularization Loss: 1.477e-35 | Val Loss: 1.923e+00 | Time: 9.19s
2025-08-20 03:01:29,976:INFO:Epoch: 9500/40000 | Train Loss: 1.059e-01 | Dynamic Loss: 1.059e-01 | Regularization Loss: 7.682e-36 | Val Loss: 1.375e-01 | Time: 9.00s
2025-08-20 03:01:38,980:INFO:Epoch: 9550/40000 | Train Loss: 2.338e-01 | Dynamic Loss: 2.338e-01 | Regularization Loss: 4.314e-36 | Val Loss: 2.650e-01 | Time: 9.00s
2025-08-20 03:01:48,074:INFO:Epoch: 9600/40000 | Train Loss: 9.390e-02 | Dynamic Loss: 9.390e-02 | Regularization Loss: 4.264e-36 | Val Loss: 1.261e-01 | Time: 9.09s
2025-08-20 03:01:57,155:INFO:Epoch: 9650/40000 | Train Loss: 1.382e-01 | Dynamic Loss: 1.382e-01 | Regularization Loss: 3.396e-36 | Val Loss: 1.801e-01 | Time: 9.08s
2025-08-20 03:02:06,294:INFO:Epoch: 9700/40000 | Train Loss: 1.744e-01 | Dynamic Loss: 1.744e-01 | Regularization Loss: 2.320e-36 | Val Loss: 1.951e-01 | Time: 9.14s
2025-08-20 03:02:15,327:INFO:Epoch: 9750/40000 | Train Loss: 1.988e-01 | Dynamic Loss: 1.988e-01 | Regularization Loss: 1.871e-36 | Val Loss: 2.346e-01 | Time: 9.03s
2025-08-20 03:02:30,228:INFO:Epoch: 9800/40000 | Train Loss: 9.391e-02 | Dynamic Loss: 9.391e-02 | Regularization Loss: 1.114e-36 | Val Loss: 1.456e-01 | Time: 14.90s
2025-08-20 03:02:39,284:INFO:Epoch: 9850/40000 | Train Loss: 1.093e-01 | Dynamic Loss: 1.093e-01 | Regularization Loss: 1.031e-36 | Val Loss: 1.434e-01 | Time: 9.06s
2025-08-20 03:02:48,423:INFO:Epoch: 9900/40000 | Train Loss: 1.112e-01 | Dynamic Loss: 1.112e-01 | Regularization Loss: 1.014e-36 | Val Loss: 1.406e-01 | Time: 9.14s
2025-08-20 03:02:57,415:INFO:Epoch: 9950/40000 | Train Loss: 1.748e-01 | Dynamic Loss: 1.748e-01 | Regularization Loss: 7.290e-37 | Val Loss: 1.878e-01 | Time: 8.99s
2025-08-20 03:03:14,877:INFO:Epoch: 10000/40000 | Train Loss: 6.876e-02 | Dynamic Loss: 6.876e-02 | Regularization Loss: 6.210e-37 | Val Loss: 9.974e-02 | Time: 17.46s
2025-08-20 03:03:14,877:INFO:New best model found at epoch 10000 with validation loss 9.974e-02. Saving...
2025-08-20 03:03:24,060:INFO:Epoch: 10050/40000 | Train Loss: 1.327e-01 | Dynamic Loss: 1.327e-01 | Regularization Loss: 3.854e-37 | Val Loss: 1.521e-01 | Time: 9.16s
2025-08-20 03:03:33,083:INFO:Epoch: 10100/40000 | Train Loss: 8.688e-02 | Dynamic Loss: 8.688e-02 | Regularization Loss: 2.415e-37 | Val Loss: 1.258e-01 | Time: 9.02s
2025-08-20 03:03:42,097:INFO:Epoch: 10150/40000 | Train Loss: 2.020e-01 | Dynamic Loss: 2.020e-01 | Regularization Loss: 2.466e-37 | Val Loss: 2.068e-01 | Time: 9.01s
2025-08-20 03:03:56,985:INFO:Epoch: 10200/40000 | Train Loss: 1.214e-01 | Dynamic Loss: 1.214e-01 | Regularization Loss: 1.559e-37 | Val Loss: 1.578e-01 | Time: 14.89s
2025-08-20 03:04:06,416:INFO:Epoch: 10250/40000 | Train Loss: 9.264e-02 | Dynamic Loss: 9.264e-02 | Regularization Loss: 1.489e-37 | Val Loss: 1.353e-01 | Time: 9.43s
2025-08-20 03:04:15,447:INFO:Epoch: 10300/40000 | Train Loss: 7.104e-02 | Dynamic Loss: 7.104e-02 | Regularization Loss: 1.178e-37 | Val Loss: 9.991e-02 | Time: 9.03s
2025-08-20 03:04:26,388:INFO:Epoch: 10350/40000 | Train Loss: 5.100e-01 | Dynamic Loss: 5.100e-01 | Regularization Loss: 8.930e-38 | Val Loss: 4.583e-01 | Time: 10.94s
2025-08-20 03:04:35,466:INFO:Epoch: 10400/40000 | Train Loss: 8.120e-02 | Dynamic Loss: 8.120e-02 | Regularization Loss: 6.306e-38 | Val Loss: 1.149e-01 | Time: 9.08s
2025-08-20 03:04:44,553:INFO:Epoch: 10450/40000 | Train Loss: 1.010e-01 | Dynamic Loss: 1.010e-01 | Regularization Loss: 3.213e-38 | Val Loss: 1.518e-01 | Time: 9.09s
2025-08-20 03:04:53,754:INFO:Epoch: 10500/40000 | Train Loss: 1.004e-01 | Dynamic Loss: 1.004e-01 | Regularization Loss: 2.461e-38 | Val Loss: 1.330e-01 | Time: 9.20s
2025-08-20 03:05:02,836:INFO:Epoch: 10550/40000 | Train Loss: 6.396e-02 | Dynamic Loss: 6.396e-02 | Regularization Loss: 2.211e-38 | Val Loss: 1.017e-01 | Time: 9.08s
2025-08-20 03:05:11,896:INFO:Epoch: 10600/40000 | Train Loss: 5.907e-02 | Dynamic Loss: 5.907e-02 | Regularization Loss: 2.089e-38 | Val Loss: 9.369e-02 | Time: 9.06s
2025-08-20 03:05:11,896:INFO:New best model found at epoch 10600 with validation loss 9.369e-02. Saving...
2025-08-20 03:05:21,058:INFO:Epoch: 10650/40000 | Train Loss: 1.421e-01 | Dynamic Loss: 1.421e-01 | Regularization Loss: 1.400e-38 | Val Loss: 1.826e-01 | Time: 9.14s
2025-08-20 03:05:30,250:INFO:Epoch: 10700/40000 | Train Loss: 1.040e-01 | Dynamic Loss: 1.040e-01 | Regularization Loss: 1.125e-38 | Val Loss: 1.363e-01 | Time: 9.19s
2025-08-20 03:05:39,404:INFO:Epoch: 10750/40000 | Train Loss: 5.680e-02 | Dynamic Loss: 5.680e-02 | Regularization Loss: 1.047e-38 | Val Loss: 9.351e-02 | Time: 9.15s
2025-08-20 03:05:39,404:INFO:New best model found at epoch 10750 with validation loss 9.351e-02. Saving...
2025-08-20 03:05:48,559:INFO:Epoch: 10800/40000 | Train Loss: 5.330e-02 | Dynamic Loss: 5.330e-02 | Regularization Loss: 8.872e-39 | Val Loss: 8.660e-02 | Time: 9.13s
2025-08-20 03:05:48,559:INFO:New best model found at epoch 10800 with validation loss 8.660e-02. Saving...
2025-08-20 03:05:57,834:INFO:Epoch: 10850/40000 | Train Loss: 8.806e-02 | Dynamic Loss: 8.806e-02 | Regularization Loss: 3.646e-39 | Val Loss: 1.340e-01 | Time: 9.25s
2025-08-20 03:06:07,099:INFO:Epoch: 10900/40000 | Train Loss: 8.185e-02 | Dynamic Loss: 8.185e-02 | Regularization Loss: 2.700e-39 | Val Loss: 1.152e-01 | Time: 9.27s
2025-08-20 03:06:16,276:INFO:Epoch: 10950/40000 | Train Loss: 5.948e-02 | Dynamic Loss: 5.948e-02 | Regularization Loss: 2.696e-39 | Val Loss: 9.238e-02 | Time: 9.18s
2025-08-20 03:06:25,339:INFO:Epoch: 11000/40000 | Train Loss: 1.460e-01 | Dynamic Loss: 1.460e-01 | Regularization Loss: 1.979e-39 | Val Loss: 1.781e-01 | Time: 9.06s
2025-08-20 03:06:34,513:INFO:Epoch: 11050/40000 | Train Loss: 7.695e-02 | Dynamic Loss: 7.695e-02 | Regularization Loss: 1.996e-39 | Val Loss: 1.083e-01 | Time: 9.17s
2025-08-20 03:06:43,639:INFO:Epoch: 11100/40000 | Train Loss: 1.126e-01 | Dynamic Loss: 1.126e-01 | Regularization Loss: 1.279e-39 | Val Loss: 1.741e-01 | Time: 9.13s
2025-08-20 03:06:52,766:INFO:Epoch: 11150/40000 | Train Loss: 7.108e-02 | Dynamic Loss: 7.108e-02 | Regularization Loss: 1.087e-39 | Val Loss: 1.040e-01 | Time: 9.13s
2025-08-20 03:07:01,911:INFO:Epoch: 11200/40000 | Train Loss: 8.085e-02 | Dynamic Loss: 8.085e-02 | Regularization Loss: 1.183e-39 | Val Loss: 1.102e-01 | Time: 9.15s
2025-08-20 03:07:18,891:INFO:Epoch: 11250/40000 | Train Loss: 7.938e-02 | Dynamic Loss: 7.938e-02 | Regularization Loss: 8.515e-40 | Val Loss: 1.252e-01 | Time: 16.98s
2025-08-20 03:07:27,971:INFO:Epoch: 11300/40000 | Train Loss: 8.233e-02 | Dynamic Loss: 8.233e-02 | Regularization Loss: 7.122e-40 | Val Loss: 1.177e-01 | Time: 9.08s
2025-08-20 03:07:37,103:INFO:Epoch: 11350/40000 | Train Loss: 6.062e-02 | Dynamic Loss: 6.062e-02 | Regularization Loss: 5.720e-40 | Val Loss: 1.006e-01 | Time: 9.13s
2025-08-20 03:07:46,271:INFO:Epoch: 11400/40000 | Train Loss: 2.423e-01 | Dynamic Loss: 2.423e-01 | Regularization Loss: 3.206e-40 | Val Loss: 3.050e-01 | Time: 9.17s
2025-08-20 03:07:55,350:INFO:Epoch: 11450/40000 | Train Loss: 1.470e-01 | Dynamic Loss: 1.470e-01 | Regularization Loss: 1.752e-40 | Val Loss: 1.749e-01 | Time: 9.08s
2025-08-20 03:08:04,449:INFO:Epoch: 11500/40000 | Train Loss: 2.611e-01 | Dynamic Loss: 2.611e-01 | Regularization Loss: 1.594e-40 | Val Loss: 2.893e-01 | Time: 9.10s
2025-08-20 03:08:13,471:INFO:Epoch: 11550/40000 | Train Loss: 5.547e-02 | Dynamic Loss: 5.547e-02 | Regularization Loss: 1.580e-40 | Val Loss: 9.229e-02 | Time: 9.02s
2025-08-20 03:08:30,363:INFO:Epoch: 11600/40000 | Train Loss: 6.622e-02 | Dynamic Loss: 6.622e-02 | Regularization Loss: 1.475e-40 | Val Loss: 9.947e-02 | Time: 16.89s
2025-08-20 03:08:39,481:INFO:Epoch: 11650/40000 | Train Loss: 5.763e-02 | Dynamic Loss: 5.763e-02 | Regularization Loss: 1.269e-40 | Val Loss: 9.003e-02 | Time: 9.12s
2025-08-20 03:08:48,551:INFO:Epoch: 11700/40000 | Train Loss: 1.077e-01 | Dynamic Loss: 1.077e-01 | Regularization Loss: 1.214e-40 | Val Loss: 1.330e-01 | Time: 9.07s
2025-08-20 03:08:57,818:INFO:Epoch: 11750/40000 | Train Loss: 4.288e-02 | Dynamic Loss: 4.288e-02 | Regularization Loss: 1.167e-40 | Val Loss: 7.661e-02 | Time: 9.27s
2025-08-20 03:08:57,818:INFO:New best model found at epoch 11750 with validation loss 7.661e-02. Saving...
2025-08-20 03:09:06,983:INFO:Epoch: 11800/40000 | Train Loss: 1.561e-01 | Dynamic Loss: 1.561e-01 | Regularization Loss: 9.224e-41 | Val Loss: 1.806e-01 | Time: 9.14s
2025-08-20 03:09:16,107:INFO:Epoch: 11850/40000 | Train Loss: 1.592e-01 | Dynamic Loss: 1.592e-01 | Regularization Loss: 6.581e-41 | Val Loss: 2.007e-01 | Time: 9.12s
2025-08-20 03:09:25,267:INFO:Epoch: 11900/40000 | Train Loss: 1.020e-01 | Dynamic Loss: 1.020e-01 | Regularization Loss: 3.755e-41 | Val Loss: 1.351e-01 | Time: 9.16s
2025-08-20 03:09:34,391:INFO:Epoch: 11950/40000 | Train Loss: 5.302e-02 | Dynamic Loss: 5.302e-02 | Regularization Loss: 2.943e-41 | Val Loss: 8.839e-02 | Time: 9.12s
2025-08-20 03:09:43,462:INFO:Epoch: 12000/40000 | Train Loss: 4.473e-02 | Dynamic Loss: 4.473e-02 | Regularization Loss: 3.040e-41 | Val Loss: 8.017e-02 | Time: 9.07s
2025-08-20 03:09:52,487:INFO:Epoch: 12050/40000 | Train Loss: 4.253e-02 | Dynamic Loss: 4.253e-02 | Regularization Loss: 2.802e-41 | Val Loss: 7.636e-02 | Time: 9.03s
2025-08-20 03:09:52,487:INFO:New best model found at epoch 12050 with validation loss 7.636e-02. Saving...
2025-08-20 03:10:07,743:INFO:Epoch: 12100/40000 | Train Loss: 2.976e-01 | Dynamic Loss: 2.976e-01 | Regularization Loss: 1.447e-41 | Val Loss: 3.106e-01 | Time: 15.23s
2025-08-20 03:10:16,841:INFO:Epoch: 12150/40000 | Train Loss: 1.211e+00 | Dynamic Loss: 1.211e+00 | Regularization Loss: 1.282e-41 | Val Loss: 9.577e-01 | Time: 9.10s
2025-08-20 03:10:25,914:INFO:Epoch: 12200/40000 | Train Loss: 1.126e-01 | Dynamic Loss: 1.126e-01 | Regularization Loss: 5.680e-42 | Val Loss: 1.455e-01 | Time: 9.07s
2025-08-20 03:10:34,924:INFO:Epoch: 12250/40000 | Train Loss: 5.228e-02 | Dynamic Loss: 5.228e-02 | Regularization Loss: 5.251e-42 | Val Loss: 9.140e-02 | Time: 9.01s
2025-08-20 03:10:52,436:INFO:Epoch: 12300/40000 | Train Loss: 2.884e-01 | Dynamic Loss: 2.884e-01 | Regularization Loss: 4.718e-42 | Val Loss: 2.737e-01 | Time: 17.51s
2025-08-20 03:11:01,705:INFO:Epoch: 12350/40000 | Train Loss: 5.279e-02 | Dynamic Loss: 5.279e-02 | Regularization Loss: 4.422e-42 | Val Loss: 9.247e-02 | Time: 9.27s
2025-08-20 03:11:10,744:INFO:Epoch: 12400/40000 | Train Loss: 4.406e-02 | Dynamic Loss: 4.406e-02 | Regularization Loss: 4.862e-42 | Val Loss: 8.329e-02 | Time: 9.04s
2025-08-20 03:11:19,806:INFO:Epoch: 12450/40000 | Train Loss: 4.052e-02 | Dynamic Loss: 4.052e-02 | Regularization Loss: 5.250e-42 | Val Loss: 7.795e-02 | Time: 9.06s
2025-08-20 03:11:33,230:INFO:Epoch: 12500/40000 | Train Loss: 6.801e-01 | Dynamic Loss: 6.801e-01 | Regularization Loss: 4.128e-42 | Val Loss: 9.096e-01 | Time: 13.42s
2025-08-20 03:11:42,349:INFO:Epoch: 12550/40000 | Train Loss: 6.988e-02 | Dynamic Loss: 6.988e-02 | Regularization Loss: 1.587e-42 | Val Loss: 1.165e-01 | Time: 9.12s
2025-08-20 03:11:51,401:INFO:Epoch: 12600/40000 | Train Loss: 4.572e-02 | Dynamic Loss: 4.572e-02 | Regularization Loss: 1.701e-42 | Val Loss: 9.021e-02 | Time: 9.05s
2025-08-20 03:12:07,258:INFO:Epoch: 12650/40000 | Train Loss: 1.482e-01 | Dynamic Loss: 1.482e-01 | Regularization Loss: 1.412e-42 | Val Loss: 1.639e-01 | Time: 15.86s
2025-08-20 03:12:16,327:INFO:Epoch: 12700/40000 | Train Loss: 5.843e-02 | Dynamic Loss: 5.843e-02 | Regularization Loss: 1.365e-42 | Val Loss: 9.567e-02 | Time: 9.07s
2025-08-20 03:12:25,330:INFO:Epoch: 12750/40000 | Train Loss: 3.946e-02 | Dynamic Loss: 3.946e-02 | Regularization Loss: 1.240e-42 | Val Loss: 7.893e-02 | Time: 9.00s
2025-08-20 03:12:34,399:INFO:Epoch: 12800/40000 | Train Loss: 9.427e-02 | Dynamic Loss: 9.427e-02 | Regularization Loss: 1.093e-42 | Val Loss: 1.356e-01 | Time: 9.07s
2025-08-20 03:12:51,794:INFO:Epoch: 12850/40000 | Train Loss: 5.383e-02 | Dynamic Loss: 5.383e-02 | Regularization Loss: 9.052e-43 | Val Loss: 9.047e-02 | Time: 17.39s
2025-08-20 03:13:00,940:INFO:Epoch: 12900/40000 | Train Loss: 4.836e-02 | Dynamic Loss: 4.836e-02 | Regularization Loss: 8.534e-43 | Val Loss: 8.321e-02 | Time: 9.15s
2025-08-20 03:13:09,974:INFO:Epoch: 12950/40000 | Train Loss: 4.079e-02 | Dynamic Loss: 4.079e-02 | Regularization Loss: 8.800e-43 | Val Loss: 7.530e-02 | Time: 9.03s
2025-08-20 03:13:09,974:INFO:New best model found at epoch 12950 with validation loss 7.530e-02. Saving...
2025-08-20 03:13:19,250:INFO:Epoch: 13000/40000 | Train Loss: 4.017e-02 | Dynamic Loss: 4.017e-02 | Regularization Loss: 6.684e-43 | Val Loss: 7.804e-02 | Time: 9.25s
2025-08-20 03:13:28,340:INFO:Epoch: 13050/40000 | Train Loss: 3.864e-02 | Dynamic Loss: 3.864e-02 | Regularization Loss: 6.086e-43 | Val Loss: 7.557e-02 | Time: 9.09s
2025-08-20 03:13:37,353:INFO:Epoch: 13100/40000 | Train Loss: 4.067e-02 | Dynamic Loss: 4.067e-02 | Regularization Loss: 6.474e-43 | Val Loss: 7.670e-02 | Time: 9.01s
2025-08-20 03:13:46,484:INFO:Epoch: 13150/40000 | Train Loss: 3.568e-02 | Dynamic Loss: 3.568e-02 | Regularization Loss: 7.049e-43 | Val Loss: 6.867e-02 | Time: 9.13s
2025-08-20 03:13:46,484:INFO:New best model found at epoch 13150 with validation loss 6.867e-02. Saving...
2025-08-20 03:13:55,595:INFO:Epoch: 13200/40000 | Train Loss: 3.456e-02 | Dynamic Loss: 3.456e-02 | Regularization Loss: 7.763e-43 | Val Loss: 6.801e-02 | Time: 9.09s
2025-08-20 03:13:55,595:INFO:New best model found at epoch 13200 with validation loss 6.801e-02. Saving...
2025-08-20 03:14:04,793:INFO:Epoch: 13250/40000 | Train Loss: 5.481e-01 | Dynamic Loss: 5.481e-01 | Regularization Loss: 4.778e-43 | Val Loss: 5.726e-01 | Time: 9.18s
2025-08-20 03:14:13,981:INFO:Epoch: 13300/40000 | Train Loss: 4.546e-02 | Dynamic Loss: 4.546e-02 | Regularization Loss: 2.508e-43 | Val Loss: 9.476e-02 | Time: 9.19s
2025-08-20 03:14:23,046:INFO:Epoch: 13350/40000 | Train Loss: 3.674e-02 | Dynamic Loss: 3.674e-02 | Regularization Loss: 2.705e-43 | Val Loss: 8.098e-02 | Time: 9.06s
2025-08-20 03:14:32,117:INFO:Epoch: 13400/40000 | Train Loss: 3.558e-02 | Dynamic Loss: 3.558e-02 | Regularization Loss: 2.957e-43 | Val Loss: 7.800e-02 | Time: 9.07s
2025-08-20 03:14:41,221:INFO:Epoch: 13450/40000 | Train Loss: 3.177e-02 | Dynamic Loss: 3.177e-02 | Regularization Loss: 3.279e-43 | Val Loss: 7.045e-02 | Time: 9.10s
2025-08-20 03:14:58,043:INFO:Epoch: 13500/40000 | Train Loss: 3.787e-02 | Dynamic Loss: 3.787e-02 | Regularization Loss: 3.872e-43 | Val Loss: 7.159e-02 | Time: 16.82s
2025-08-20 03:15:07,160:INFO:Epoch: 13550/40000 | Train Loss: 2.050e+00 | Dynamic Loss: 2.050e+00 | Regularization Loss: 5.278e-43 | Val Loss: 2.544e+00 | Time: 9.12s
2025-08-20 03:15:16,240:INFO:Epoch: 13600/40000 | Train Loss: 2.386e-01 | Dynamic Loss: 2.386e-01 | Regularization Loss: 2.111e-43 | Val Loss: 2.723e-01 | Time: 9.08s
2025-08-20 03:15:25,264:INFO:Epoch: 13650/40000 | Train Loss: 1.338e-01 | Dynamic Loss: 1.338e-01 | Regularization Loss: 1.098e-43 | Val Loss: 1.580e-01 | Time: 9.02s
2025-08-20 03:15:42,592:INFO:Epoch: 13700/40000 | Train Loss: 2.769e-01 | Dynamic Loss: 2.769e-01 | Regularization Loss: 3.176e-44 | Val Loss: 3.333e-01 | Time: 17.33s
2025-08-20 03:15:51,649:INFO:Epoch: 13750/40000 | Train Loss: 7.165e-02 | Dynamic Loss: 7.165e-02 | Regularization Loss: 1.682e-44 | Val Loss: 1.240e-01 | Time: 9.06s
2025-08-20 03:16:00,676:INFO:Epoch: 13800/40000 | Train Loss: 7.184e-02 | Dynamic Loss: 7.184e-02 | Regularization Loss: 1.401e-44 | Val Loss: 1.213e-01 | Time: 9.03s
2025-08-20 03:16:10,634:INFO:Epoch: 13850/40000 | Train Loss: 8.445e-01 | Dynamic Loss: 8.445e-01 | Regularization Loss: 1.261e-44 | Val Loss: 8.840e-01 | Time: 9.96s
2025-08-20 03:16:19,917:INFO:Epoch: 13900/40000 | Train Loss: 5.824e-02 | Dynamic Loss: 5.824e-02 | Regularization Loss: 7.006e-45 | Val Loss: 1.082e-01 | Time: 9.28s
2025-08-20 03:16:29,012:INFO:Epoch: 13950/40000 | Train Loss: 3.466e-01 | Dynamic Loss: 3.466e-01 | Regularization Loss: 8.408e-45 | Val Loss: 3.818e-01 | Time: 9.10s
2025-08-20 03:16:38,055:INFO:Epoch: 14000/40000 | Train Loss: 5.628e-02 | Dynamic Loss: 5.628e-02 | Regularization Loss: 5.605e-45 | Val Loss: 1.057e-01 | Time: 9.04s
2025-08-20 03:16:50,695:INFO:Epoch: 14050/40000 | Train Loss: 4.852e-02 | Dynamic Loss: 4.852e-02 | Regularization Loss: 5.605e-45 | Val Loss: 9.611e-02 | Time: 12.64s
2025-08-20 03:16:59,790:INFO:Epoch: 14100/40000 | Train Loss: 4.557e-02 | Dynamic Loss: 4.557e-02 | Regularization Loss: 5.605e-45 | Val Loss: 9.321e-02 | Time: 9.10s
2025-08-20 03:17:08,981:INFO:Epoch: 14150/40000 | Train Loss: 3.979e-02 | Dynamic Loss: 3.979e-02 | Regularization Loss: 5.605e-45 | Val Loss: 8.830e-02 | Time: 9.19s
2025-08-20 03:17:23,235:INFO:Epoch: 14200/40000 | Train Loss: 3.706e-02 | Dynamic Loss: 3.706e-02 | Regularization Loss: 5.605e-45 | Val Loss: 7.940e-02 | Time: 14.25s
2025-08-20 03:17:32,312:INFO:Epoch: 14250/40000 | Train Loss: 3.485e-02 | Dynamic Loss: 3.485e-02 | Regularization Loss: 5.605e-45 | Val Loss: 7.547e-02 | Time: 9.08s
2025-08-20 03:17:41,400:INFO:Epoch: 14300/40000 | Train Loss: 3.259e-02 | Dynamic Loss: 3.259e-02 | Regularization Loss: 5.605e-45 | Val Loss: 7.033e-02 | Time: 9.09s
2025-08-20 03:17:50,571:INFO:Epoch: 14350/40000 | Train Loss: 3.162e-02 | Dynamic Loss: 3.162e-02 | Regularization Loss: 5.605e-45 | Val Loss: 6.964e-02 | Time: 9.17s
2025-08-20 03:17:59,594:INFO:Epoch: 14400/40000 | Train Loss: 1.302e-01 | Dynamic Loss: 1.302e-01 | Regularization Loss: 4.204e-45 | Val Loss: 1.790e-01 | Time: 9.02s
2025-08-20 03:18:08,682:INFO:Epoch: 14450/40000 | Train Loss: 3.849e-02 | Dynamic Loss: 3.849e-02 | Regularization Loss: 2.803e-45 | Val Loss: 8.676e-02 | Time: 9.09s
2025-08-20 03:18:17,736:INFO:Epoch: 14500/40000 | Train Loss: 3.492e-02 | Dynamic Loss: 3.492e-02 | Regularization Loss: 2.803e-45 | Val Loss: 7.929e-02 | Time: 9.05s
2025-08-20 03:18:32,741:INFO:Epoch: 14550/40000 | Train Loss: 3.176e-02 | Dynamic Loss: 3.176e-02 | Regularization Loss: 2.803e-45 | Val Loss: 7.347e-02 | Time: 15.00s
2025-08-20 03:18:41,913:INFO:Epoch: 14600/40000 | Train Loss: 2.964e-02 | Dynamic Loss: 2.964e-02 | Regularization Loss: 2.803e-45 | Val Loss: 7.037e-02 | Time: 9.17s
2025-08-20 03:18:51,005:INFO:Epoch: 14650/40000 | Train Loss: 5.978e-02 | Dynamic Loss: 5.978e-02 | Regularization Loss: 2.803e-45 | Val Loss: 9.427e-02 | Time: 9.09s
2025-08-20 03:19:00,230:INFO:Epoch: 14700/40000 | Train Loss: 3.121e-02 | Dynamic Loss: 3.121e-02 | Regularization Loss: 1.401e-45 | Val Loss: 7.563e-02 | Time: 9.22s
2025-08-20 03:19:09,233:INFO:Epoch: 14750/40000 | Train Loss: 3.048e-02 | Dynamic Loss: 3.048e-02 | Regularization Loss: 1.401e-45 | Val Loss: 7.271e-02 | Time: 9.00s
2025-08-20 03:19:18,323:INFO:Epoch: 14800/40000 | Train Loss: 2.866e-02 | Dynamic Loss: 2.866e-02 | Regularization Loss: 1.401e-45 | Val Loss: 6.899e-02 | Time: 9.09s
2025-08-20 03:19:27,549:INFO:Epoch: 14850/40000 | Train Loss: 2.976e-02 | Dynamic Loss: 2.976e-02 | Regularization Loss: 2.803e-45 | Val Loss: 7.032e-02 | Time: 9.23s
2025-08-20 03:19:36,614:INFO:Epoch: 14900/40000 | Train Loss: 2.579e-02 | Dynamic Loss: 2.579e-02 | Regularization Loss: 2.803e-45 | Val Loss: 6.622e-02 | Time: 9.06s
2025-08-20 03:19:36,614:INFO:New best model found at epoch 14900 with validation loss 6.622e-02. Saving...
2025-08-20 03:19:45,748:INFO:Epoch: 14950/40000 | Train Loss: 2.659e-02 | Dynamic Loss: 2.659e-02 | Regularization Loss: 2.803e-45 | Val Loss: 6.545e-02 | Time: 9.11s
2025-08-20 03:19:45,748:INFO:New best model found at epoch 14950 with validation loss 6.545e-02. Saving...
2025-08-20 03:19:54,844:INFO:Epoch: 15000/40000 | Train Loss: 1.871e-01 | Dynamic Loss: 1.871e-01 | Regularization Loss: 2.803e-45 | Val Loss: 3.202e-01 | Time: 9.07s
2025-08-20 03:20:04,026:INFO:Epoch: 15050/40000 | Train Loss: 1.824e-01 | Dynamic Loss: 1.824e-01 | Regularization Loss: 0.000e+00 | Val Loss: 2.266e-01 | Time: 9.18s
2025-08-20 03:20:13,013:INFO:Epoch: 15100/40000 | Train Loss: 8.329e-02 | Dynamic Loss: 8.329e-02 | Regularization Loss: 0.000e+00 | Val Loss: 1.147e-01 | Time: 8.99s
2025-08-20 03:20:22,094:INFO:Epoch: 15150/40000 | Train Loss: 5.422e-02 | Dynamic Loss: 5.422e-02 | Regularization Loss: 0.000e+00 | Val Loss: 8.531e-02 | Time: 9.08s
2025-08-20 03:20:31,215:INFO:Epoch: 15200/40000 | Train Loss: 4.455e-02 | Dynamic Loss: 4.455e-02 | Regularization Loss: 0.000e+00 | Val Loss: 7.596e-02 | Time: 9.12s
2025-08-20 03:20:40,271:INFO:Epoch: 15250/40000 | Train Loss: 6.100e-02 | Dynamic Loss: 6.100e-02 | Regularization Loss: 0.000e+00 | Val Loss: 9.266e-02 | Time: 9.06s
2025-08-20 03:20:49,275:INFO:Epoch: 15300/40000 | Train Loss: 3.632e-02 | Dynamic Loss: 3.632e-02 | Regularization Loss: 0.000e+00 | Val Loss: 6.763e-02 | Time: 9.00s
2025-08-20 03:20:58,355:INFO:Epoch: 15350/40000 | Train Loss: 3.390e-02 | Dynamic Loss: 3.390e-02 | Regularization Loss: 0.000e+00 | Val Loss: 6.637e-02 | Time: 9.08s
2025-08-20 03:21:09,825:INFO:Epoch: 15400/40000 | Train Loss: 3.220e-02 | Dynamic Loss: 3.220e-02 | Regularization Loss: 0.000e+00 | Val Loss: 6.592e-02 | Time: 11.47s
2025-08-20 03:21:18,868:INFO:Epoch: 15450/40000 | Train Loss: 5.036e-02 | Dynamic Loss: 5.036e-02 | Regularization Loss: 0.000e+00 | Val Loss: 8.379e-02 | Time: 9.04s
2025-08-20 03:21:27,904:INFO:Epoch: 15500/40000 | Train Loss: 3.747e-02 | Dynamic Loss: 3.747e-02 | Regularization Loss: 0.000e+00 | Val Loss: 7.919e-02 | Time: 9.04s
2025-08-20 03:21:37,208:INFO:Epoch: 15550/40000 | Train Loss: 5.969e-02 | Dynamic Loss: 5.969e-02 | Regularization Loss: 0.000e+00 | Val Loss: 1.245e-01 | Time: 9.30s
2025-08-20 03:21:46,256:INFO:Epoch: 15600/40000 | Train Loss: 3.983e-02 | Dynamic Loss: 3.983e-02 | Regularization Loss: 0.000e+00 | Val Loss: 7.548e-02 | Time: 9.05s
2025-08-20 03:21:55,406:INFO:Epoch: 15650/40000 | Train Loss: 3.379e-02 | Dynamic Loss: 3.379e-02 | Regularization Loss: 0.000e+00 | Val Loss: 6.787e-02 | Time: 9.15s
2025-08-20 03:22:04,613:INFO:Epoch: 15700/40000 | Train Loss: 3.065e-02 | Dynamic Loss: 3.065e-02 | Regularization Loss: 0.000e+00 | Val Loss: 6.406e-02 | Time: 9.21s
2025-08-20 03:22:04,613:INFO:New best model found at epoch 15700 with validation loss 6.406e-02. Saving...
2025-08-20 03:22:13,675:INFO:Epoch: 15750/40000 | Train Loss: 5.295e-02 | Dynamic Loss: 5.295e-02 | Regularization Loss: 0.000e+00 | Val Loss: 1.190e-01 | Time: 9.04s
2025-08-20 03:22:22,744:INFO:Epoch: 15800/40000 | Train Loss: 3.576e-02 | Dynamic Loss: 3.576e-02 | Regularization Loss: 0.000e+00 | Val Loss: 9.495e-02 | Time: 9.07s
2025-08-20 03:22:31,970:INFO:Epoch: 15850/40000 | Train Loss: 3.407e-02 | Dynamic Loss: 3.407e-02 | Regularization Loss: 0.000e+00 | Val Loss: 8.799e-02 | Time: 9.23s
2025-08-20 03:22:47,787:INFO:Epoch: 15900/40000 | Train Loss: 2.481e-01 | Dynamic Loss: 2.481e-01 | Regularization Loss: 0.000e+00 | Val Loss: 2.489e-01 | Time: 15.82s
2025-08-20 03:22:56,861:INFO:Epoch: 15950/40000 | Train Loss: 3.535e-02 | Dynamic Loss: 3.535e-02 | Regularization Loss: 0.000e+00 | Val Loss: 9.756e-02 | Time: 9.07s
2025-08-20 03:23:05,870:INFO:Epoch: 16000/40000 | Train Loss: 8.332e-02 | Dynamic Loss: 8.332e-02 | Regularization Loss: 0.000e+00 | Val Loss: 1.352e-01 | Time: 9.01s
2025-08-20 03:23:15,018:INFO:Epoch: 16050/40000 | Train Loss: 2.737e-02 | Dynamic Loss: 2.737e-02 | Regularization Loss: 0.000e+00 | Val Loss: 8.585e-02 | Time: 9.15s
2025-08-20 03:23:24,145:INFO:Epoch: 16100/40000 | Train Loss: 6.886e-02 | Dynamic Loss: 6.886e-02 | Regularization Loss: 0.000e+00 | Val Loss: 1.104e-01 | Time: 9.13s
2025-08-20 03:23:33,120:INFO:Epoch: 16150/40000 | Train Loss: 4.762e-02 | Dynamic Loss: 4.762e-02 | Regularization Loss: 0.000e+00 | Val Loss: 9.440e-02 | Time: 8.97s
2025-08-20 03:23:42,303:INFO:Epoch: 16200/40000 | Train Loss: 3.086e-02 | Dynamic Loss: 3.086e-02 | Regularization Loss: 0.000e+00 | Val Loss: 7.873e-02 | Time: 9.18s
2025-08-20 03:23:51,445:INFO:Epoch: 16250/40000 | Train Loss: 2.575e-02 | Dynamic Loss: 2.575e-02 | Regularization Loss: 0.000e+00 | Val Loss: 7.368e-02 | Time: 9.14s
2025-08-20 03:24:00,506:INFO:Epoch: 16300/40000 | Train Loss: 2.320e-02 | Dynamic Loss: 2.320e-02 | Regularization Loss: 0.000e+00 | Val Loss: 7.019e-02 | Time: 9.06s
2025-08-20 03:24:09,622:INFO:Epoch: 16350/40000 | Train Loss: 2.184e-02 | Dynamic Loss: 2.184e-02 | Regularization Loss: 0.000e+00 | Val Loss: 6.734e-02 | Time: 9.12s
2025-08-20 03:24:24,711:INFO:Epoch: 16400/40000 | Train Loss: 2.036e-02 | Dynamic Loss: 2.036e-02 | Regularization Loss: 0.000e+00 | Val Loss: 6.538e-02 | Time: 15.09s
2025-08-20 03:24:33,849:INFO:Epoch: 16450/40000 | Train Loss: 2.063e-02 | Dynamic Loss: 2.063e-02 | Regularization Loss: 0.000e+00 | Val Loss: 6.584e-02 | Time: 9.14s
2025-08-20 03:24:42,954:INFO:Epoch: 16500/40000 | Train Loss: 2.083e-02 | Dynamic Loss: 2.083e-02 | Regularization Loss: 0.000e+00 | Val Loss: 6.469e-02 | Time: 9.10s
2025-08-20 03:24:52,153:INFO:Epoch: 16550/40000 | Train Loss: 1.911e-02 | Dynamic Loss: 1.911e-02 | Regularization Loss: 0.000e+00 | Val Loss: 6.336e-02 | Time: 9.20s
2025-08-20 03:24:52,153:INFO:New best model found at epoch 16550 with validation loss 6.336e-02. Saving...
2025-08-20 03:25:01,198:INFO:Epoch: 16600/40000 | Train Loss: 1.741e-02 | Dynamic Loss: 1.741e-02 | Regularization Loss: 0.000e+00 | Val Loss: 6.021e-02 | Time: 9.03s
2025-08-20 03:25:01,198:INFO:New best model found at epoch 16600 with validation loss 6.021e-02. Saving...
2025-08-20 03:25:10,266:INFO:Epoch: 16650/40000 | Train Loss: 1.647e-02 | Dynamic Loss: 1.647e-02 | Regularization Loss: 0.000e+00 | Val Loss: 5.888e-02 | Time: 9.05s
2025-08-20 03:25:10,266:INFO:New best model found at epoch 16650 with validation loss 5.888e-02. Saving...
2025-08-20 03:25:19,464:INFO:Epoch: 16700/40000 | Train Loss: 9.372e-02 | Dynamic Loss: 9.372e-02 | Regularization Loss: 0.000e+00 | Val Loss: 1.383e-01 | Time: 9.18s
2025-08-20 03:25:28,499:INFO:Epoch: 16750/40000 | Train Loss: 7.102e-02 | Dynamic Loss: 7.102e-02 | Regularization Loss: 0.000e+00 | Val Loss: 1.085e-01 | Time: 9.03s
2025-08-20 03:25:37,568:INFO:Epoch: 16800/40000 | Train Loss: 4.984e-02 | Dynamic Loss: 4.984e-02 | Regularization Loss: 0.000e+00 | Val Loss: 8.439e-02 | Time: 9.07s
2025-08-20 03:25:46,602:INFO:Epoch: 16850/40000 | Train Loss: 1.199e-01 | Dynamic Loss: 1.199e-01 | Regularization Loss: 0.000e+00 | Val Loss: 1.484e-01 | Time: 9.03s
2025-08-20 03:26:02,333:INFO:Epoch: 16900/40000 | Train Loss: 8.315e-02 | Dynamic Loss: 8.315e-02 | Regularization Loss: 0.000e+00 | Val Loss: 1.209e-01 | Time: 15.73s
2025-08-20 03:26:11,430:INFO:Epoch: 16950/40000 | Train Loss: 1.006e-01 | Dynamic Loss: 1.006e-01 | Regularization Loss: 0.000e+00 | Val Loss: 1.293e-01 | Time: 9.10s
2025-08-20 03:26:20,532:INFO:Epoch: 17000/40000 | Train Loss: 6.937e-02 | Dynamic Loss: 6.937e-02 | Regularization Loss: 0.000e+00 | Val Loss: 2.274e-01 | Time: 9.10s
2025-08-20 03:26:29,854:INFO:Epoch: 17050/40000 | Train Loss: 4.126e-02 | Dynamic Loss: 4.126e-02 | Regularization Loss: 0.000e+00 | Val Loss: 7.666e-02 | Time: 9.32s
2025-08-20 03:26:39,058:INFO:Epoch: 17100/40000 | Train Loss: 6.240e-02 | Dynamic Loss: 6.240e-02 | Regularization Loss: 0.000e+00 | Val Loss: 8.875e-02 | Time: 9.20s
2025-08-20 03:26:48,127:INFO:Epoch: 17150/40000 | Train Loss: 7.236e-02 | Dynamic Loss: 7.236e-02 | Regularization Loss: 0.000e+00 | Val Loss: 1.400e-01 | Time: 9.07s
2025-08-20 03:26:57,323:INFO:Epoch: 17200/40000 | Train Loss: 4.137e-02 | Dynamic Loss: 4.137e-02 | Regularization Loss: 0.000e+00 | Val Loss: 9.144e-02 | Time: 9.20s
2025-08-20 03:27:06,468:INFO:Epoch: 17250/40000 | Train Loss: 3.600e-02 | Dynamic Loss: 3.600e-02 | Regularization Loss: 0.000e+00 | Val Loss: 8.119e-02 | Time: 9.14s
2025-08-20 03:27:15,572:INFO:Epoch: 17300/40000 | Train Loss: 3.387e-02 | Dynamic Loss: 3.387e-02 | Regularization Loss: 0.000e+00 | Val Loss: 7.760e-02 | Time: 9.10s
2025-08-20 03:27:24,662:INFO:Epoch: 17350/40000 | Train Loss: 3.158e-02 | Dynamic Loss: 3.158e-02 | Regularization Loss: 0.000e+00 | Val Loss: 7.271e-02 | Time: 9.09s
2025-08-20 03:27:34,922:INFO:Epoch: 17400/40000 | Train Loss: 2.967e-02 | Dynamic Loss: 2.967e-02 | Regularization Loss: 0.000e+00 | Val Loss: 6.918e-02 | Time: 10.26s
2025-08-20 03:27:43,935:INFO:Epoch: 17450/40000 | Train Loss: 6.300e-02 | Dynamic Loss: 6.300e-02 | Regularization Loss: 0.000e+00 | Val Loss: 1.093e-01 | Time: 9.01s
2025-08-20 03:27:53,024:INFO:Epoch: 17500/40000 | Train Loss: 5.570e-02 | Dynamic Loss: 5.570e-02 | Regularization Loss: 0.000e+00 | Val Loss: 1.171e-01 | Time: 9.09s
2025-08-20 03:28:02,112:INFO:Epoch: 17550/40000 | Train Loss: 5.799e-02 | Dynamic Loss: 5.799e-02 | Regularization Loss: 0.000e+00 | Val Loss: 1.108e-01 | Time: 9.09s
2025-08-20 03:28:11,299:INFO:Epoch: 17600/40000 | Train Loss: 6.646e-02 | Dynamic Loss: 6.646e-02 | Regularization Loss: 0.000e+00 | Val Loss: 1.171e-01 | Time: 9.19s
2025-08-20 03:28:20,360:INFO:Epoch: 17650/40000 | Train Loss: 3.461e-02 | Dynamic Loss: 3.461e-02 | Regularization Loss: 0.000e+00 | Val Loss: 8.046e-02 | Time: 9.06s
2025-08-20 03:28:29,399:INFO:Epoch: 17700/40000 | Train Loss: 3.064e-02 | Dynamic Loss: 3.064e-02 | Regularization Loss: 0.000e+00 | Val Loss: 7.243e-02 | Time: 9.04s
2025-08-20 03:28:44,595:INFO:Epoch: 17750/40000 | Train Loss: 2.837e-02 | Dynamic Loss: 2.837e-02 | Regularization Loss: 0.000e+00 | Val Loss: 6.839e-02 | Time: 15.20s
2025-08-20 03:28:53,751:INFO:Epoch: 17800/40000 | Train Loss: 2.677e-02 | Dynamic Loss: 2.677e-02 | Regularization Loss: 0.000e+00 | Val Loss: 6.567e-02 | Time: 9.16s
2025-08-20 03:29:02,854:INFO:Epoch: 17850/40000 | Train Loss: 2.687e-02 | Dynamic Loss: 2.687e-02 | Regularization Loss: 0.000e+00 | Val Loss: 6.550e-02 | Time: 9.10s
2025-08-20 03:29:11,960:INFO:Epoch: 17900/40000 | Train Loss: 2.743e-02 | Dynamic Loss: 2.743e-02 | Regularization Loss: 0.000e+00 | Val Loss: 7.126e-02 | Time: 9.11s
2025-08-20 03:29:20,942:INFO:Epoch: 17950/40000 | Train Loss: 5.038e-02 | Dynamic Loss: 5.038e-02 | Regularization Loss: 0.000e+00 | Val Loss: 1.004e-01 | Time: 8.98s
2025-08-20 03:29:29,943:INFO:Epoch: 18000/40000 | Train Loss: 2.738e-02 | Dynamic Loss: 2.738e-02 | Regularization Loss: 0.000e+00 | Val Loss: 7.297e-02 | Time: 9.00s
2025-08-20 03:29:39,026:INFO:Epoch: 18050/40000 | Train Loss: 2.386e-02 | Dynamic Loss: 2.386e-02 | Regularization Loss: 0.000e+00 | Val Loss: 6.678e-02 | Time: 9.08s
2025-08-20 03:29:48,011:INFO:Epoch: 18100/40000 | Train Loss: 2.259e-02 | Dynamic Loss: 2.259e-02 | Regularization Loss: 0.000e+00 | Val Loss: 6.378e-02 | Time: 8.99s
2025-08-20 03:29:57,021:INFO:Epoch: 18150/40000 | Train Loss: 5.658e-02 | Dynamic Loss: 5.658e-02 | Regularization Loss: 0.000e+00 | Val Loss: 8.894e-02 | Time: 9.01s
2025-08-20 03:30:06,029:INFO:Epoch: 18200/40000 | Train Loss: 2.057e-02 | Dynamic Loss: 2.057e-02 | Regularization Loss: 0.000e+00 | Val Loss: 5.908e-02 | Time: 9.01s
2025-08-20 03:30:19,987:INFO:Epoch: 18250/40000 | Train Loss: 1.969e-02 | Dynamic Loss: 1.969e-02 | Regularization Loss: 0.000e+00 | Val Loss: 5.834e-02 | Time: 13.96s
2025-08-20 03:30:19,987:INFO:New best model found at epoch 18250 with validation loss 5.834e-02. Saving...
2025-08-20 03:30:29,039:INFO:Epoch: 18300/40000 | Train Loss: 2.010e-02 | Dynamic Loss: 2.010e-02 | Regularization Loss: 0.000e+00 | Val Loss: 5.782e-02 | Time: 9.03s
2025-08-20 03:30:29,040:INFO:New best model found at epoch 18300 with validation loss 5.782e-02. Saving...
2025-08-20 03:30:38,227:INFO:Epoch: 18350/40000 | Train Loss: 1.903e-02 | Dynamic Loss: 1.903e-02 | Regularization Loss: 0.000e+00 | Val Loss: 5.657e-02 | Time: 9.17s
2025-08-20 03:30:38,227:INFO:New best model found at epoch 18350 with validation loss 5.657e-02. Saving...
2025-08-20 03:30:47,415:INFO:Epoch: 18400/40000 | Train Loss: 1.892e-02 | Dynamic Loss: 1.892e-02 | Regularization Loss: 0.000e+00 | Val Loss: 6.161e-02 | Time: 9.17s
2025-08-20 03:30:56,522:INFO:Epoch: 18450/40000 | Train Loss: 1.803e-02 | Dynamic Loss: 1.803e-02 | Regularization Loss: 0.000e+00 | Val Loss: 5.847e-02 | Time: 9.11s
2025-08-20 03:31:05,593:INFO:Epoch: 18500/40000 | Train Loss: 1.866e-02 | Dynamic Loss: 1.866e-02 | Regularization Loss: 0.000e+00 | Val Loss: 5.656e-02 | Time: 9.07s
2025-08-20 03:31:05,593:INFO:New best model found at epoch 18500 with validation loss 5.656e-02. Saving...
2025-08-20 03:31:14,847:INFO:Epoch: 18550/40000 | Train Loss: 2.092e-02 | Dynamic Loss: 2.092e-02 | Regularization Loss: 0.000e+00 | Val Loss: 5.750e-02 | Time: 9.23s
2025-08-20 03:31:23,944:INFO:Epoch: 18600/40000 | Train Loss: 1.624e-02 | Dynamic Loss: 1.624e-02 | Regularization Loss: 0.000e+00 | Val Loss: 5.462e-02 | Time: 9.10s
2025-08-20 03:31:23,944:INFO:New best model found at epoch 18600 with validation loss 5.462e-02. Saving...
2025-08-20 03:31:33,093:INFO:Epoch: 18650/40000 | Train Loss: 1.653e-02 | Dynamic Loss: 1.653e-02 | Regularization Loss: 0.000e+00 | Val Loss: 5.532e-02 | Time: 9.11s
2025-08-20 03:31:42,152:INFO:Epoch: 18700/40000 | Train Loss: 1.771e-02 | Dynamic Loss: 1.771e-02 | Regularization Loss: 0.000e+00 | Val Loss: 5.583e-02 | Time: 9.06s
2025-08-20 03:31:54,837:INFO:Epoch: 18750/40000 | Train Loss: 1.766e-02 | Dynamic Loss: 1.766e-02 | Regularization Loss: 0.000e+00 | Val Loss: 6.085e-02 | Time: 12.68s
2025-08-20 03:32:03,904:INFO:Epoch: 18800/40000 | Train Loss: 1.722e-02 | Dynamic Loss: 1.722e-02 | Regularization Loss: 0.000e+00 | Val Loss: 5.689e-02 | Time: 9.07s
2025-08-20 03:32:12,984:INFO:Epoch: 18850/40000 | Train Loss: 6.338e-01 | Dynamic Loss: 6.338e-01 | Regularization Loss: 0.000e+00 | Val Loss: 8.729e-01 | Time: 9.08s
2025-08-20 03:32:22,070:INFO:Epoch: 18900/40000 | Train Loss: 1.355e-01 | Dynamic Loss: 1.355e-01 | Regularization Loss: 0.000e+00 | Val Loss: 1.765e-01 | Time: 9.09s
2025-08-20 03:32:31,062:INFO:Epoch: 18950/40000 | Train Loss: 4.930e-02 | Dynamic Loss: 4.930e-02 | Regularization Loss: 0.000e+00 | Val Loss: 9.192e-02 | Time: 8.99s
2025-08-20 03:32:40,095:INFO:Epoch: 19000/40000 | Train Loss: 1.361e-01 | Dynamic Loss: 1.361e-01 | Regularization Loss: 0.000e+00 | Val Loss: 1.782e-01 | Time: 9.03s
2025-08-20 03:32:49,145:INFO:Epoch: 19050/40000 | Train Loss: 4.464e-02 | Dynamic Loss: 4.464e-02 | Regularization Loss: 0.000e+00 | Val Loss: 1.059e-01 | Time: 9.05s
2025-08-20 03:32:58,149:INFO:Epoch: 19100/40000 | Train Loss: 3.334e-02 | Dynamic Loss: 3.334e-02 | Regularization Loss: 0.000e+00 | Val Loss: 9.132e-02 | Time: 9.00s
2025-08-20 03:33:07,184:INFO:Epoch: 19150/40000 | Train Loss: 2.874e-02 | Dynamic Loss: 2.874e-02 | Regularization Loss: 0.000e+00 | Val Loss: 8.485e-02 | Time: 9.03s
2025-08-20 03:33:16,163:INFO:Epoch: 19200/40000 | Train Loss: 2.606e-02 | Dynamic Loss: 2.606e-02 | Regularization Loss: 0.000e+00 | Val Loss: 8.151e-02 | Time: 8.98s
2025-08-20 03:33:29,661:INFO:Epoch: 19250/40000 | Train Loss: 2.301e-02 | Dynamic Loss: 2.301e-02 | Regularization Loss: 0.000e+00 | Val Loss: 7.664e-02 | Time: 13.50s
2025-08-20 03:33:38,718:INFO:Epoch: 19300/40000 | Train Loss: 2.095e-02 | Dynamic Loss: 2.095e-02 | Regularization Loss: 0.000e+00 | Val Loss: 7.307e-02 | Time: 9.06s
2025-08-20 03:33:47,764:INFO:Epoch: 19350/40000 | Train Loss: 1.930e-02 | Dynamic Loss: 1.930e-02 | Regularization Loss: 0.000e+00 | Val Loss: 6.970e-02 | Time: 9.05s
2025-08-20 03:33:59,589:INFO:Epoch: 19400/40000 | Train Loss: 1.841e-02 | Dynamic Loss: 1.841e-02 | Regularization Loss: 0.000e+00 | Val Loss: 6.696e-02 | Time: 11.82s
2025-08-20 03:34:08,737:INFO:Epoch: 19450/40000 | Train Loss: 3.415e-02 | Dynamic Loss: 3.415e-02 | Regularization Loss: 0.000e+00 | Val Loss: 7.707e-02 | Time: 9.15s
2025-08-20 03:34:17,816:INFO:Epoch: 19500/40000 | Train Loss: 1.814e+00 | Dynamic Loss: 1.814e+00 | Regularization Loss: 0.000e+00 | Val Loss: 1.657e+00 | Time: 9.08s
2025-08-20 03:34:26,968:INFO:Epoch: 19550/40000 | Train Loss: 1.282e+00 | Dynamic Loss: 1.282e+00 | Regularization Loss: 0.000e+00 | Val Loss: 1.316e+00 | Time: 9.15s
2025-08-20 03:34:36,048:INFO:Epoch: 19600/40000 | Train Loss: 9.128e-01 | Dynamic Loss: 9.128e-01 | Regularization Loss: 0.000e+00 | Val Loss: 1.137e+00 | Time: 9.08s
2025-08-20 03:34:45,188:INFO:Epoch: 19650/40000 | Train Loss: 2.137e-01 | Dynamic Loss: 2.137e-01 | Regularization Loss: 0.000e+00 | Val Loss: 3.080e-01 | Time: 9.14s
2025-08-20 03:34:54,390:INFO:Epoch: 19700/40000 | Train Loss: 5.371e-02 | Dynamic Loss: 5.371e-02 | Regularization Loss: 0.000e+00 | Val Loss: 1.031e-01 | Time: 9.20s
2025-08-20 03:35:04,892:INFO:Epoch: 19750/40000 | Train Loss: 4.056e-02 | Dynamic Loss: 4.056e-02 | Regularization Loss: 0.000e+00 | Val Loss: 8.887e-02 | Time: 10.50s
2025-08-20 03:35:14,006:INFO:Epoch: 19800/40000 | Train Loss: 3.291e-02 | Dynamic Loss: 3.291e-02 | Regularization Loss: 0.000e+00 | Val Loss: 8.021e-02 | Time: 9.11s
2025-08-20 03:35:23,305:INFO:Epoch: 19850/40000 | Train Loss: 2.778e-02 | Dynamic Loss: 2.778e-02 | Regularization Loss: 0.000e+00 | Val Loss: 7.440e-02 | Time: 9.30s
2025-08-20 03:35:33,338:INFO:Epoch: 19900/40000 | Train Loss: 2.434e-02 | Dynamic Loss: 2.434e-02 | Regularization Loss: 0.000e+00 | Val Loss: 7.009e-02 | Time: 10.03s
2025-08-20 03:35:42,527:INFO:Epoch: 19950/40000 | Train Loss: 2.203e-02 | Dynamic Loss: 2.203e-02 | Regularization Loss: 0.000e+00 | Val Loss: 6.696e-02 | Time: 9.19s
2025-08-20 03:35:51,658:INFO:Epoch: 20000/40000 | Train Loss: 2.283e-02 | Dynamic Loss: 2.283e-02 | Regularization Loss: 0.000e+00 | Val Loss: 6.691e-02 | Time: 9.13s
2025-08-20 03:36:00,672:INFO:Epoch: 20050/40000 | Train Loss: 1.884e-02 | Dynamic Loss: 1.884e-02 | Regularization Loss: 0.000e+00 | Val Loss: 6.250e-02 | Time: 9.01s
2025-08-20 03:36:15,268:INFO:Epoch: 20100/40000 | Train Loss: 1.813e-02 | Dynamic Loss: 1.813e-02 | Regularization Loss: 0.000e+00 | Val Loss: 6.267e-02 | Time: 14.60s
2025-08-20 03:36:24,416:INFO:Epoch: 20150/40000 | Train Loss: 2.138e-02 | Dynamic Loss: 2.138e-02 | Regularization Loss: 0.000e+00 | Val Loss: 6.180e-02 | Time: 9.15s
2025-08-20 03:36:33,484:INFO:Epoch: 20200/40000 | Train Loss: 1.842e-02 | Dynamic Loss: 1.842e-02 | Regularization Loss: 0.000e+00 | Val Loss: 6.254e-02 | Time: 9.07s
2025-08-20 03:36:48,120:INFO:Epoch: 20250/40000 | Train Loss: 1.600e-02 | Dynamic Loss: 1.600e-02 | Regularization Loss: 0.000e+00 | Val Loss: 5.907e-02 | Time: 14.64s
2025-08-20 03:36:57,188:INFO:Epoch: 20300/40000 | Train Loss: 1.725e-02 | Dynamic Loss: 1.725e-02 | Regularization Loss: 0.000e+00 | Val Loss: 6.056e-02 | Time: 9.07s
2025-08-20 03:37:06,206:INFO:Epoch: 20350/40000 | Train Loss: 9.209e-01 | Dynamic Loss: 9.209e-01 | Regularization Loss: 0.000e+00 | Val Loss: 1.328e+00 | Time: 9.02s
2025-08-20 03:37:15,443:INFO:Epoch: 20400/40000 | Train Loss: 2.989e-02 | Dynamic Loss: 2.989e-02 | Regularization Loss: 0.000e+00 | Val Loss: 7.622e-02 | Time: 9.24s
2025-08-20 03:37:24,519:INFO:Epoch: 20450/40000 | Train Loss: 2.056e-02 | Dynamic Loss: 2.056e-02 | Regularization Loss: 0.000e+00 | Val Loss: 6.317e-02 | Time: 9.08s
2025-08-20 03:37:33,605:INFO:Epoch: 20500/40000 | Train Loss: 1.804e-01 | Dynamic Loss: 1.804e-01 | Regularization Loss: 0.000e+00 | Val Loss: 2.413e-01 | Time: 9.09s
2025-08-20 03:37:42,624:INFO:Epoch: 20550/40000 | Train Loss: 5.558e-02 | Dynamic Loss: 5.558e-02 | Regularization Loss: 0.000e+00 | Val Loss: 9.705e-02 | Time: 9.02s
2025-08-20 03:37:58,313:INFO:Epoch: 20600/40000 | Train Loss: 3.825e-02 | Dynamic Loss: 3.825e-02 | Regularization Loss: 0.000e+00 | Val Loss: 7.921e-02 | Time: 15.69s
2025-08-20 03:38:07,353:INFO:Epoch: 20650/40000 | Train Loss: 2.991e-02 | Dynamic Loss: 2.991e-02 | Regularization Loss: 0.000e+00 | Val Loss: 7.044e-02 | Time: 9.04s
2025-08-20 03:38:16,402:INFO:Epoch: 20700/40000 | Train Loss: 2.460e-02 | Dynamic Loss: 2.460e-02 | Regularization Loss: 0.000e+00 | Val Loss: 6.575e-02 | Time: 9.05s
2025-08-20 03:38:25,553:INFO:Epoch: 20750/40000 | Train Loss: 2.113e-02 | Dynamic Loss: 2.113e-02 | Regularization Loss: 0.000e+00 | Val Loss: 6.264e-02 | Time: 9.15s
2025-08-20 03:38:34,754:INFO:Epoch: 20800/40000 | Train Loss: 1.836e-02 | Dynamic Loss: 1.836e-02 | Regularization Loss: 0.000e+00 | Val Loss: 5.983e-02 | Time: 9.20s
2025-08-20 03:38:43,866:INFO:Epoch: 20850/40000 | Train Loss: 5.823e-02 | Dynamic Loss: 5.823e-02 | Regularization Loss: 0.000e+00 | Val Loss: 8.620e-02 | Time: 9.11s
2025-08-20 03:38:53,076:INFO:Epoch: 20900/40000 | Train Loss: 1.645e-02 | Dynamic Loss: 1.645e-02 | Regularization Loss: 0.000e+00 | Val Loss: 6.196e-02 | Time: 9.21s
2025-08-20 03:39:02,193:INFO:Epoch: 20950/40000 | Train Loss: 1.511e-02 | Dynamic Loss: 1.511e-02 | Regularization Loss: 0.000e+00 | Val Loss: 5.925e-02 | Time: 9.12s
2025-08-20 03:39:11,266:INFO:Epoch: 21000/40000 | Train Loss: 1.417e-02 | Dynamic Loss: 1.417e-02 | Regularization Loss: 0.000e+00 | Val Loss: 5.741e-02 | Time: 9.07s
2025-08-20 03:39:20,420:INFO:Epoch: 21050/40000 | Train Loss: 6.176e-02 | Dynamic Loss: 6.176e-02 | Regularization Loss: 0.000e+00 | Val Loss: 8.755e-02 | Time: 9.15s
2025-08-20 03:39:29,474:INFO:Epoch: 21100/40000 | Train Loss: 1.289e-02 | Dynamic Loss: 1.289e-02 | Regularization Loss: 0.000e+00 | Val Loss: 5.580e-02 | Time: 9.05s
2025-08-20 03:39:38,582:INFO:Epoch: 21150/40000 | Train Loss: 1.266e-02 | Dynamic Loss: 1.266e-02 | Regularization Loss: 0.000e+00 | Val Loss: 5.518e-02 | Time: 9.11s
2025-08-20 03:39:47,692:INFO:Epoch: 21200/40000 | Train Loss: 1.218e-02 | Dynamic Loss: 1.218e-02 | Regularization Loss: 0.000e+00 | Val Loss: 5.434e-02 | Time: 9.11s
2025-08-20 03:39:47,693:INFO:New best model found at epoch 21200 with validation loss 5.434e-02. Saving...
2025-08-20 03:40:04,709:INFO:Epoch: 21250/40000 | Train Loss: 1.221e-02 | Dynamic Loss: 1.221e-02 | Regularization Loss: 0.000e+00 | Val Loss: 5.364e-02 | Time: 16.99s
2025-08-20 03:40:04,710:INFO:New best model found at epoch 21250 with validation loss 5.364e-02. Saving...
2025-08-20 03:40:13,881:INFO:Epoch: 21300/40000 | Train Loss: 1.134e-02 | Dynamic Loss: 1.134e-02 | Regularization Loss: 0.000e+00 | Val Loss: 5.267e-02 | Time: 9.15s
2025-08-20 03:40:13,881:INFO:New best model found at epoch 21300 with validation loss 5.267e-02. Saving...
2025-08-20 03:40:22,934:INFO:Epoch: 21350/40000 | Train Loss: 1.434e-02 | Dynamic Loss: 1.434e-02 | Regularization Loss: 0.000e+00 | Val Loss: 5.497e-02 | Time: 9.03s
2025-08-20 03:40:32,093:INFO:Epoch: 21400/40000 | Train Loss: 3.410e-02 | Dynamic Loss: 3.410e-02 | Regularization Loss: 0.000e+00 | Val Loss: 7.456e-02 | Time: 9.16s
2025-08-20 03:40:41,313:INFO:Epoch: 21450/40000 | Train Loss: 1.043e-02 | Dynamic Loss: 1.043e-02 | Regularization Loss: 0.000e+00 | Val Loss: 5.467e-02 | Time: 9.22s
2025-08-20 03:40:50,478:INFO:Epoch: 21500/40000 | Train Loss: 1.002e-02 | Dynamic Loss: 1.002e-02 | Regularization Loss: 0.000e+00 | Val Loss: 5.310e-02 | Time: 9.17s
2025-08-20 03:40:59,695:INFO:Epoch: 21550/40000 | Train Loss: 1.054e-02 | Dynamic Loss: 1.054e-02 | Regularization Loss: 0.000e+00 | Val Loss: 5.326e-02 | Time: 9.22s
2025-08-20 03:41:08,918:INFO:Epoch: 21600/40000 | Train Loss: 1.064e-02 | Dynamic Loss: 1.064e-02 | Regularization Loss: 0.000e+00 | Val Loss: 5.330e-02 | Time: 9.22s
2025-08-20 03:41:18,120:INFO:Epoch: 21650/40000 | Train Loss: 1.055e+00 | Dynamic Loss: 1.055e+00 | Regularization Loss: 0.000e+00 | Val Loss: 1.273e+00 | Time: 9.20s
2025-08-20 03:41:27,348:INFO:Epoch: 21700/40000 | Train Loss: 6.446e-01 | Dynamic Loss: 6.446e-01 | Regularization Loss: 0.000e+00 | Val Loss: 9.984e-01 | Time: 9.23s
2025-08-20 03:41:38,050:INFO:Epoch: 21750/40000 | Train Loss: 2.171e-01 | Dynamic Loss: 2.171e-01 | Regularization Loss: 0.000e+00 | Val Loss: 2.950e-01 | Time: 10.70s
2025-08-20 03:41:47,126:INFO:Epoch: 21800/40000 | Train Loss: 2.278e-01 | Dynamic Loss: 2.278e-01 | Regularization Loss: 0.000e+00 | Val Loss: 3.040e-01 | Time: 9.08s
2025-08-20 03:41:56,172:INFO:Epoch: 21850/40000 | Train Loss: 1.120e-01 | Dynamic Loss: 1.120e-01 | Regularization Loss: 0.000e+00 | Val Loss: 1.584e-01 | Time: 9.05s
2025-08-20 03:42:13,329:INFO:Epoch: 21900/40000 | Train Loss: 8.571e-02 | Dynamic Loss: 8.571e-02 | Regularization Loss: 0.000e+00 | Val Loss: 1.252e-01 | Time: 17.16s
2025-08-20 03:42:22,432:INFO:Epoch: 21950/40000 | Train Loss: 1.371e-01 | Dynamic Loss: 1.371e-01 | Regularization Loss: 0.000e+00 | Val Loss: 2.303e-01 | Time: 9.10s
2025-08-20 03:42:31,516:INFO:Epoch: 22000/40000 | Train Loss: 7.243e-02 | Dynamic Loss: 7.243e-02 | Regularization Loss: 0.000e+00 | Val Loss: 1.464e-01 | Time: 9.08s
2025-08-20 03:42:43,426:INFO:Epoch: 22050/40000 | Train Loss: 5.575e-02 | Dynamic Loss: 5.575e-02 | Regularization Loss: 0.000e+00 | Val Loss: 1.215e-01 | Time: 11.91s
2025-08-20 03:42:52,508:INFO:Epoch: 22100/40000 | Train Loss: 5.119e-02 | Dynamic Loss: 5.119e-02 | Regularization Loss: 0.000e+00 | Val Loss: 1.239e-01 | Time: 9.08s
2025-08-20 03:43:01,936:INFO:Epoch: 22150/40000 | Train Loss: 1.740e+00 | Dynamic Loss: 1.740e+00 | Regularization Loss: 0.000e+00 | Val Loss: 2.180e+00 | Time: 9.43s
2025-08-20 03:43:11,164:INFO:Epoch: 22200/40000 | Train Loss: 4.115e-01 | Dynamic Loss: 4.115e-01 | Regularization Loss: 0.000e+00 | Val Loss: 4.563e-01 | Time: 9.23s
2025-08-20 03:43:20,224:INFO:Epoch: 22250/40000 | Train Loss: 2.416e-01 | Dynamic Loss: 2.416e-01 | Regularization Loss: 0.000e+00 | Val Loss: 2.936e-01 | Time: 9.06s
2025-08-20 03:43:29,263:INFO:Epoch: 22300/40000 | Train Loss: 1.764e-01 | Dynamic Loss: 1.764e-01 | Regularization Loss: 0.000e+00 | Val Loss: 2.170e-01 | Time: 9.04s
2025-08-20 03:43:38,331:INFO:Epoch: 22350/40000 | Train Loss: 1.446e-01 | Dynamic Loss: 1.446e-01 | Regularization Loss: 0.000e+00 | Val Loss: 1.919e-01 | Time: 9.07s
2025-08-20 03:43:55,557:INFO:Epoch: 22400/40000 | Train Loss: 1.206e-01 | Dynamic Loss: 1.206e-01 | Regularization Loss: 0.000e+00 | Val Loss: 1.602e-01 | Time: 17.23s
2025-08-20 03:44:04,586:INFO:Epoch: 22450/40000 | Train Loss: 9.901e-02 | Dynamic Loss: 9.901e-02 | Regularization Loss: 0.000e+00 | Val Loss: 1.338e-01 | Time: 9.03s
2025-08-20 03:44:13,633:INFO:Epoch: 22500/40000 | Train Loss: 9.245e-02 | Dynamic Loss: 9.245e-02 | Regularization Loss: 0.000e+00 | Val Loss: 1.322e-01 | Time: 9.05s
2025-08-20 03:44:22,740:INFO:Epoch: 22550/40000 | Train Loss: 5.327e-01 | Dynamic Loss: 5.327e-01 | Regularization Loss: 0.000e+00 | Val Loss: 6.609e-01 | Time: 9.11s
2025-08-20 03:44:31,807:INFO:Epoch: 22600/40000 | Train Loss: 7.605e-02 | Dynamic Loss: 7.605e-02 | Regularization Loss: 0.000e+00 | Val Loss: 1.142e-01 | Time: 9.07s
2025-08-20 03:44:40,976:INFO:Epoch: 22650/40000 | Train Loss: 6.710e-02 | Dynamic Loss: 6.710e-02 | Regularization Loss: 0.000e+00 | Val Loss: 1.006e-01 | Time: 9.17s
2025-08-20 03:44:50,147:INFO:Epoch: 22700/40000 | Train Loss: 6.051e-02 | Dynamic Loss: 6.051e-02 | Regularization Loss: 0.000e+00 | Val Loss: 9.292e-02 | Time: 9.17s
2025-08-20 03:44:59,224:INFO:Epoch: 22750/40000 | Train Loss: 5.494e-02 | Dynamic Loss: 5.494e-02 | Regularization Loss: 0.000e+00 | Val Loss: 8.547e-02 | Time: 9.08s
2025-08-20 03:45:08,353:INFO:Epoch: 22800/40000 | Train Loss: 2.009e+00 | Dynamic Loss: 2.009e+00 | Regularization Loss: 0.000e+00 | Val Loss: 2.038e+00 | Time: 9.13s
2025-08-20 03:45:17,581:INFO:Epoch: 22850/40000 | Train Loss: 9.642e-02 | Dynamic Loss: 9.642e-02 | Regularization Loss: 0.000e+00 | Val Loss: 1.486e-01 | Time: 9.23s
2025-08-20 03:45:26,673:INFO:Epoch: 22900/40000 | Train Loss: 6.207e-02 | Dynamic Loss: 6.207e-02 | Regularization Loss: 0.000e+00 | Val Loss: 1.014e-01 | Time: 9.09s
2025-08-20 03:45:35,719:INFO:Epoch: 22950/40000 | Train Loss: 5.174e-02 | Dynamic Loss: 5.174e-02 | Regularization Loss: 0.000e+00 | Val Loss: 8.537e-02 | Time: 9.05s
2025-08-20 03:45:44,976:INFO:Epoch: 23000/40000 | Train Loss: 7.020e-02 | Dynamic Loss: 7.020e-02 | Regularization Loss: 0.000e+00 | Val Loss: 1.074e-01 | Time: 9.26s
2025-08-20 03:46:01,625:INFO:Epoch: 23050/40000 | Train Loss: 4.242e-02 | Dynamic Loss: 4.242e-02 | Regularization Loss: 0.000e+00 | Val Loss: 7.790e-02 | Time: 16.65s
2025-08-20 03:46:10,756:INFO:Epoch: 23100/40000 | Train Loss: 4.000e-02 | Dynamic Loss: 4.000e-02 | Regularization Loss: 0.000e+00 | Val Loss: 7.287e-02 | Time: 9.13s
2025-08-20 03:46:19,825:INFO:Epoch: 23150/40000 | Train Loss: 6.155e-02 | Dynamic Loss: 6.155e-02 | Regularization Loss: 0.000e+00 | Val Loss: 1.022e-01 | Time: 9.07s
2025-08-20 03:46:29,008:INFO:Epoch: 23200/40000 | Train Loss: 3.694e-02 | Dynamic Loss: 3.694e-02 | Regularization Loss: 0.000e+00 | Val Loss: 7.596e-02 | Time: 9.18s
2025-08-20 03:46:38,044:INFO:Epoch: 23250/40000 | Train Loss: 4.624e-02 | Dynamic Loss: 4.624e-02 | Regularization Loss: 0.000e+00 | Val Loss: 9.245e-02 | Time: 9.04s
2025-08-20 03:46:47,114:INFO:Epoch: 23300/40000 | Train Loss: 3.579e-02 | Dynamic Loss: 3.579e-02 | Regularization Loss: 0.000e+00 | Val Loss: 7.594e-02 | Time: 9.07s
2025-08-20 03:46:56,237:INFO:Epoch: 23350/40000 | Train Loss: 3.291e-02 | Dynamic Loss: 3.291e-02 | Regularization Loss: 0.000e+00 | Val Loss: 7.140e-02 | Time: 9.12s
2025-08-20 03:47:13,475:INFO:Epoch: 23400/40000 | Train Loss: 3.093e-02 | Dynamic Loss: 3.093e-02 | Regularization Loss: 0.000e+00 | Val Loss: 6.803e-02 | Time: 17.24s
2025-08-20 03:47:22,550:INFO:Epoch: 23450/40000 | Train Loss: 6.768e-01 | Dynamic Loss: 6.768e-01 | Regularization Loss: 0.000e+00 | Val Loss: 7.887e-01 | Time: 9.07s
2025-08-20 03:47:31,680:INFO:Epoch: 23500/40000 | Train Loss: 1.677e-01 | Dynamic Loss: 1.677e-01 | Regularization Loss: 0.000e+00 | Val Loss: 2.223e-01 | Time: 9.13s
2025-08-20 03:47:40,872:INFO:Epoch: 23550/40000 | Train Loss: 6.893e-01 | Dynamic Loss: 6.893e-01 | Regularization Loss: 0.000e+00 | Val Loss: 1.079e+00 | Time: 9.19s
2025-08-20 03:47:49,927:INFO:Epoch: 23600/40000 | Train Loss: 1.410e-01 | Dynamic Loss: 1.410e-01 | Regularization Loss: 0.000e+00 | Val Loss: 2.537e-01 | Time: 9.05s
2025-08-20 03:47:59,113:INFO:Epoch: 23650/40000 | Train Loss: 1.006e-01 | Dynamic Loss: 1.006e-01 | Regularization Loss: 0.000e+00 | Val Loss: 1.605e-01 | Time: 9.19s
2025-08-20 03:48:08,304:INFO:Epoch: 23700/40000 | Train Loss: 7.825e-02 | Dynamic Loss: 7.825e-02 | Regularization Loss: 0.000e+00 | Val Loss: 1.346e-01 | Time: 9.19s
2025-08-20 03:48:17,343:INFO:Epoch: 23750/40000 | Train Loss: 6.261e-02 | Dynamic Loss: 6.261e-02 | Regularization Loss: 0.000e+00 | Val Loss: 1.278e-01 | Time: 9.04s
2025-08-20 03:48:26,406:INFO:Epoch: 23800/40000 | Train Loss: 6.327e-02 | Dynamic Loss: 6.327e-02 | Regularization Loss: 0.000e+00 | Val Loss: 1.517e-01 | Time: 9.06s
2025-08-20 03:48:35,345:INFO:Epoch: 23850/40000 | Train Loss: 4.781e-02 | Dynamic Loss: 4.781e-02 | Regularization Loss: 0.000e+00 | Val Loss: 1.013e-01 | Time: 8.94s
2025-08-20 03:48:50,323:INFO:Epoch: 23900/40000 | Train Loss: 4.312e-02 | Dynamic Loss: 4.312e-02 | Regularization Loss: 0.000e+00 | Val Loss: 9.740e-02 | Time: 14.98s
2025-08-20 03:48:59,387:INFO:Epoch: 23950/40000 | Train Loss: 6.000e-02 | Dynamic Loss: 6.000e-02 | Regularization Loss: 0.000e+00 | Val Loss: 9.694e-02 | Time: 9.06s
2025-08-20 03:49:08,424:INFO:Epoch: 24000/40000 | Train Loss: 4.263e-02 | Dynamic Loss: 4.263e-02 | Regularization Loss: 0.000e+00 | Val Loss: 7.677e-02 | Time: 9.04s
2025-08-20 03:49:17,597:INFO:Epoch: 24050/40000 | Train Loss: 3.798e-02 | Dynamic Loss: 3.798e-02 | Regularization Loss: 0.000e+00 | Val Loss: 7.123e-02 | Time: 9.17s
2025-08-20 03:49:26,849:INFO:Epoch: 24100/40000 | Train Loss: 3.481e-02 | Dynamic Loss: 3.481e-02 | Regularization Loss: 0.000e+00 | Val Loss: 6.724e-02 | Time: 9.25s
2025-08-20 03:49:36,025:INFO:Epoch: 24150/40000 | Train Loss: 3.235e-02 | Dynamic Loss: 3.235e-02 | Regularization Loss: 0.000e+00 | Val Loss: 6.410e-02 | Time: 9.18s
2025-08-20 03:49:45,381:INFO:Epoch: 24200/40000 | Train Loss: 3.031e-02 | Dynamic Loss: 3.031e-02 | Regularization Loss: 0.000e+00 | Val Loss: 6.136e-02 | Time: 9.36s
2025-08-20 03:49:54,562:INFO:Epoch: 24250/40000 | Train Loss: 2.970e-02 | Dynamic Loss: 2.970e-02 | Regularization Loss: 0.000e+00 | Val Loss: 6.058e-02 | Time: 9.18s
2025-08-20 03:50:03,655:INFO:Epoch: 24300/40000 | Train Loss: 2.710e-02 | Dynamic Loss: 2.710e-02 | Regularization Loss: 0.000e+00 | Val Loss: 5.774e-02 | Time: 9.09s
2025-08-20 03:50:12,870:INFO:Epoch: 24350/40000 | Train Loss: 2.764e-02 | Dynamic Loss: 2.764e-02 | Regularization Loss: 0.000e+00 | Val Loss: 5.744e-02 | Time: 9.21s
2025-08-20 03:50:21,945:INFO:Epoch: 24400/40000 | Train Loss: 2.485e-02 | Dynamic Loss: 2.485e-02 | Regularization Loss: 0.000e+00 | Val Loss: 5.526e-02 | Time: 9.08s
2025-08-20 03:50:31,052:INFO:Epoch: 24450/40000 | Train Loss: 2.404e-02 | Dynamic Loss: 2.404e-02 | Regularization Loss: 0.000e+00 | Val Loss: 5.379e-02 | Time: 9.11s
2025-08-20 03:50:40,077:INFO:Epoch: 24500/40000 | Train Loss: 2.502e-02 | Dynamic Loss: 2.502e-02 | Regularization Loss: 0.000e+00 | Val Loss: 5.368e-02 | Time: 9.02s
2025-08-20 03:50:57,026:INFO:Epoch: 24550/40000 | Train Loss: 2.286e-02 | Dynamic Loss: 2.286e-02 | Regularization Loss: 0.000e+00 | Val Loss: 5.196e-02 | Time: 16.95s
2025-08-20 03:50:57,026:INFO:New best model found at epoch 24550 with validation loss 5.196e-02. Saving...
2025-08-20 03:51:06,199:INFO:Epoch: 24600/40000 | Train Loss: 2.180e-02 | Dynamic Loss: 2.180e-02 | Regularization Loss: 0.000e+00 | Val Loss: 5.122e-02 | Time: 9.15s
2025-08-20 03:51:06,200:INFO:New best model found at epoch 24600 with validation loss 5.122e-02. Saving...
2025-08-20 03:51:15,304:INFO:Epoch: 24650/40000 | Train Loss: 3.305e-02 | Dynamic Loss: 3.305e-02 | Regularization Loss: 0.000e+00 | Val Loss: 5.136e-02 | Time: 9.08s
2025-08-20 03:51:24,565:INFO:Epoch: 24700/40000 | Train Loss: 2.077e-02 | Dynamic Loss: 2.077e-02 | Regularization Loss: 0.000e+00 | Val Loss: 4.933e-02 | Time: 9.26s
2025-08-20 03:51:24,565:INFO:New best model found at epoch 24700 with validation loss 4.933e-02. Saving...
2025-08-20 03:51:33,689:INFO:Epoch: 24750/40000 | Train Loss: 2.814e-02 | Dynamic Loss: 2.814e-02 | Regularization Loss: 0.000e+00 | Val Loss: 6.069e-02 | Time: 9.10s
2025-08-20 03:51:42,827:INFO:Epoch: 24800/40000 | Train Loss: 2.045e-02 | Dynamic Loss: 2.045e-02 | Regularization Loss: 0.000e+00 | Val Loss: 4.889e-02 | Time: 9.14s
2025-08-20 03:51:42,828:INFO:New best model found at epoch 24800 with validation loss 4.889e-02. Saving...
2025-08-20 03:51:51,997:INFO:Epoch: 24850/40000 | Train Loss: 1.871e-02 | Dynamic Loss: 1.871e-02 | Regularization Loss: 0.000e+00 | Val Loss: 4.710e-02 | Time: 9.15s
2025-08-20 03:51:51,997:INFO:New best model found at epoch 24850 with validation loss 4.710e-02. Saving...
2025-08-20 03:52:08,975:INFO:Epoch: 24900/40000 | Train Loss: 2.241e-02 | Dynamic Loss: 2.241e-02 | Regularization Loss: 0.000e+00 | Val Loss: 5.470e-02 | Time: 16.96s
2025-08-20 03:52:18,066:INFO:Epoch: 24950/40000 | Train Loss: 2.405e-01 | Dynamic Loss: 2.405e-01 | Regularization Loss: 0.000e+00 | Val Loss: 3.236e-01 | Time: 9.09s
2025-08-20 03:52:27,173:INFO:Epoch: 25000/40000 | Train Loss: 1.749e-02 | Dynamic Loss: 1.749e-02 | Regularization Loss: 0.000e+00 | Val Loss: 4.585e-02 | Time: 9.11s
2025-08-20 03:52:27,173:INFO:New best model found at epoch 25000 with validation loss 4.585e-02. Saving...
2025-08-20 03:52:36,352:INFO:Epoch: 25050/40000 | Train Loss: 2.280e-02 | Dynamic Loss: 2.280e-02 | Regularization Loss: 0.000e+00 | Val Loss: 5.526e-02 | Time: 9.16s
2025-08-20 03:52:45,467:INFO:Epoch: 25100/40000 | Train Loss: 1.807e-02 | Dynamic Loss: 1.807e-02 | Regularization Loss: 0.000e+00 | Val Loss: 4.534e-02 | Time: 9.11s
2025-08-20 03:52:45,467:INFO:New best model found at epoch 25100 with validation loss 4.534e-02. Saving...
2025-08-20 03:52:54,659:INFO:Epoch: 25150/40000 | Train Loss: 1.665e-02 | Dynamic Loss: 1.665e-02 | Regularization Loss: 0.000e+00 | Val Loss: 4.373e-02 | Time: 9.17s
2025-08-20 03:52:54,659:INFO:New best model found at epoch 25150 with validation loss 4.373e-02. Saving...
2025-08-20 03:53:03,867:INFO:Epoch: 25200/40000 | Train Loss: 1.604e-02 | Dynamic Loss: 1.604e-02 | Regularization Loss: 0.000e+00 | Val Loss: 4.294e-02 | Time: 9.19s
2025-08-20 03:53:03,867:INFO:New best model found at epoch 25200 with validation loss 4.294e-02. Saving...
2025-08-20 03:53:17,057:INFO:Epoch: 25250/40000 | Train Loss: 1.576e-02 | Dynamic Loss: 1.576e-02 | Regularization Loss: 0.000e+00 | Val Loss: 4.225e-02 | Time: 13.17s
2025-08-20 03:53:17,057:INFO:New best model found at epoch 25250 with validation loss 4.225e-02. Saving...
2025-08-20 03:53:26,263:INFO:Epoch: 25300/40000 | Train Loss: 1.630e-02 | Dynamic Loss: 1.630e-02 | Regularization Loss: 0.000e+00 | Val Loss: 4.281e-02 | Time: 9.19s
2025-08-20 03:53:35,354:INFO:Epoch: 25350/40000 | Train Loss: 4.217e-02 | Dynamic Loss: 4.217e-02 | Regularization Loss: 0.000e+00 | Val Loss: 7.572e-02 | Time: 9.09s
2025-08-20 03:53:44,607:INFO:Epoch: 25400/40000 | Train Loss: 1.710e-02 | Dynamic Loss: 1.710e-02 | Regularization Loss: 0.000e+00 | Val Loss: 4.432e-02 | Time: 9.25s
2025-08-20 03:53:53,741:INFO:Epoch: 25450/40000 | Train Loss: 1.525e-02 | Dynamic Loss: 1.525e-02 | Regularization Loss: 0.000e+00 | Val Loss: 4.240e-02 | Time: 9.13s
2025-08-20 03:54:02,870:INFO:Epoch: 25500/40000 | Train Loss: 1.468e-02 | Dynamic Loss: 1.468e-02 | Regularization Loss: 0.000e+00 | Val Loss: 4.162e-02 | Time: 9.13s
2025-08-20 03:54:02,870:INFO:New best model found at epoch 25500 with validation loss 4.162e-02. Saving...
2025-08-20 03:54:12,081:INFO:Epoch: 25550/40000 | Train Loss: 1.424e-02 | Dynamic Loss: 1.424e-02 | Regularization Loss: 0.000e+00 | Val Loss: 4.097e-02 | Time: 9.19s
2025-08-20 03:54:12,081:INFO:New best model found at epoch 25550 with validation loss 4.097e-02. Saving...
2025-08-20 03:54:21,177:INFO:Epoch: 25600/40000 | Train Loss: 1.424e-02 | Dynamic Loss: 1.424e-02 | Regularization Loss: 0.000e+00 | Val Loss: 4.084e-02 | Time: 9.08s
2025-08-20 03:54:21,177:INFO:New best model found at epoch 25600 with validation loss 4.084e-02. Saving...
2025-08-20 03:54:30,319:INFO:Epoch: 25650/40000 | Train Loss: 1.455e-02 | Dynamic Loss: 1.455e-02 | Regularization Loss: 0.000e+00 | Val Loss: 4.002e-02 | Time: 9.12s
2025-08-20 03:54:30,319:INFO:New best model found at epoch 25650 with validation loss 4.002e-02. Saving...
2025-08-20 03:54:39,562:INFO:Epoch: 25700/40000 | Train Loss: 1.723e-02 | Dynamic Loss: 1.723e-02 | Regularization Loss: 0.000e+00 | Val Loss: 4.613e-02 | Time: 9.22s
2025-08-20 03:54:48,686:INFO:Epoch: 25750/40000 | Train Loss: 1.378e-02 | Dynamic Loss: 1.378e-02 | Regularization Loss: 0.000e+00 | Val Loss: 3.962e-02 | Time: 9.12s
2025-08-20 03:54:48,686:INFO:New best model found at epoch 25750 with validation loss 3.962e-02. Saving...
2025-08-20 03:54:57,888:INFO:Epoch: 25800/40000 | Train Loss: 1.265e-02 | Dynamic Loss: 1.265e-02 | Regularization Loss: 0.000e+00 | Val Loss: 3.874e-02 | Time: 9.18s
2025-08-20 03:54:57,888:INFO:New best model found at epoch 25800 with validation loss 3.874e-02. Saving...
2025-08-20 03:55:07,112:INFO:Epoch: 25850/40000 | Train Loss: 1.239e-02 | Dynamic Loss: 1.239e-02 | Regularization Loss: 0.000e+00 | Val Loss: 3.855e-02 | Time: 9.20s
2025-08-20 03:55:07,112:INFO:New best model found at epoch 25850 with validation loss 3.855e-02. Saving...
2025-08-20 03:55:16,243:INFO:Epoch: 25900/40000 | Train Loss: 1.387e-02 | Dynamic Loss: 1.387e-02 | Regularization Loss: 0.000e+00 | Val Loss: 3.942e-02 | Time: 9.11s
2025-08-20 03:55:25,385:INFO:Epoch: 25950/40000 | Train Loss: 1.514e-02 | Dynamic Loss: 1.514e-02 | Regularization Loss: 0.000e+00 | Val Loss: 4.192e-02 | Time: 9.14s
2025-08-20 03:55:34,621:INFO:Epoch: 26000/40000 | Train Loss: 3.362e-02 | Dynamic Loss: 3.362e-02 | Regularization Loss: 0.000e+00 | Val Loss: 7.484e-02 | Time: 9.24s
2025-08-20 03:55:43,813:INFO:Epoch: 26050/40000 | Train Loss: 1.338e-02 | Dynamic Loss: 1.338e-02 | Regularization Loss: 0.000e+00 | Val Loss: 4.563e-02 | Time: 9.19s
2025-08-20 03:55:53,000:INFO:Epoch: 26100/40000 | Train Loss: 1.211e-02 | Dynamic Loss: 1.211e-02 | Regularization Loss: 0.000e+00 | Val Loss: 4.170e-02 | Time: 9.19s
2025-08-20 03:56:02,082:INFO:Epoch: 26150/40000 | Train Loss: 1.156e-02 | Dynamic Loss: 1.156e-02 | Regularization Loss: 0.000e+00 | Val Loss: 3.989e-02 | Time: 9.08s
2025-08-20 03:56:17,122:INFO:Epoch: 26200/40000 | Train Loss: 1.170e-02 | Dynamic Loss: 1.170e-02 | Regularization Loss: 0.000e+00 | Val Loss: 3.917e-02 | Time: 15.04s
2025-08-20 03:56:26,109:INFO:Epoch: 26250/40000 | Train Loss: 1.158e-02 | Dynamic Loss: 1.158e-02 | Regularization Loss: 0.000e+00 | Val Loss: 3.918e-02 | Time: 8.99s
2025-08-20 03:56:35,279:INFO:Epoch: 26300/40000 | Train Loss: 1.145e-02 | Dynamic Loss: 1.145e-02 | Regularization Loss: 0.000e+00 | Val Loss: 4.006e-02 | Time: 9.17s
2025-08-20 03:56:48,528:INFO:Epoch: 26350/40000 | Train Loss: 1.093e-02 | Dynamic Loss: 1.093e-02 | Regularization Loss: 0.000e+00 | Val Loss: 3.942e-02 | Time: 13.25s
2025-08-20 03:56:57,586:INFO:Epoch: 26400/40000 | Train Loss: 1.072e-02 | Dynamic Loss: 1.072e-02 | Regularization Loss: 0.000e+00 | Val Loss: 3.740e-02 | Time: 9.06s
2025-08-20 03:56:57,586:INFO:New best model found at epoch 26400 with validation loss 3.740e-02. Saving...
2025-08-20 03:57:06,907:INFO:Epoch: 26450/40000 | Train Loss: 1.114e-02 | Dynamic Loss: 1.114e-02 | Regularization Loss: 0.000e+00 | Val Loss: 3.757e-02 | Time: 9.30s
2025-08-20 03:57:16,068:INFO:Epoch: 26500/40000 | Train Loss: 1.032e-02 | Dynamic Loss: 1.032e-02 | Regularization Loss: 0.000e+00 | Val Loss: 3.712e-02 | Time: 9.16s
2025-08-20 03:57:16,068:INFO:New best model found at epoch 26500 with validation loss 3.712e-02. Saving...
2025-08-20 03:57:25,176:INFO:Epoch: 26550/40000 | Train Loss: 1.022e-02 | Dynamic Loss: 1.022e-02 | Regularization Loss: 0.000e+00 | Val Loss: 3.680e-02 | Time: 9.09s
2025-08-20 03:57:25,176:INFO:New best model found at epoch 26550 with validation loss 3.680e-02. Saving...
2025-08-20 03:57:34,490:INFO:Epoch: 26600/40000 | Train Loss: 1.105e-02 | Dynamic Loss: 1.105e-02 | Regularization Loss: 0.000e+00 | Val Loss: 3.865e-02 | Time: 9.29s
2025-08-20 03:57:43,589:INFO:Epoch: 26650/40000 | Train Loss: 1.063e-02 | Dynamic Loss: 1.063e-02 | Regularization Loss: 0.000e+00 | Val Loss: 3.773e-02 | Time: 9.10s
2025-08-20 03:58:00,274:INFO:Epoch: 26700/40000 | Train Loss: 9.092e-03 | Dynamic Loss: 9.092e-03 | Regularization Loss: 0.000e+00 | Val Loss: 3.648e-02 | Time: 16.68s
2025-08-20 03:58:00,274:INFO:New best model found at epoch 26700 with validation loss 3.648e-02. Saving...
2025-08-20 03:58:09,419:INFO:Epoch: 26750/40000 | Train Loss: 9.490e-03 | Dynamic Loss: 9.490e-03 | Regularization Loss: 0.000e+00 | Val Loss: 3.672e-02 | Time: 9.13s
2025-08-20 03:58:18,503:INFO:Epoch: 26800/40000 | Train Loss: 1.031e-02 | Dynamic Loss: 1.031e-02 | Regularization Loss: 0.000e+00 | Val Loss: 3.805e-02 | Time: 9.08s
2025-08-20 03:58:27,637:INFO:Epoch: 26850/40000 | Train Loss: 8.805e-03 | Dynamic Loss: 8.805e-03 | Regularization Loss: 0.000e+00 | Val Loss: 3.648e-02 | Time: 9.13s
2025-08-20 03:58:27,637:INFO:New best model found at epoch 26850 with validation loss 3.648e-02. Saving...
2025-08-20 03:58:36,806:INFO:Epoch: 26900/40000 | Train Loss: 9.385e-03 | Dynamic Loss: 9.385e-03 | Regularization Loss: 0.000e+00 | Val Loss: 3.805e-02 | Time: 9.15s
2025-08-20 03:58:45,992:INFO:Epoch: 26950/40000 | Train Loss: 9.042e-03 | Dynamic Loss: 9.042e-03 | Regularization Loss: 0.000e+00 | Val Loss: 3.871e-02 | Time: 9.19s
2025-08-20 03:58:55,185:INFO:Epoch: 27000/40000 | Train Loss: 9.116e-03 | Dynamic Loss: 9.116e-03 | Regularization Loss: 0.000e+00 | Val Loss: 3.701e-02 | Time: 9.19s
2025-08-20 03:59:09,632:INFO:Epoch: 27050/40000 | Train Loss: 1.271e-02 | Dynamic Loss: 1.271e-02 | Regularization Loss: 0.000e+00 | Val Loss: 3.956e-02 | Time: 14.45s
2025-08-20 03:59:18,842:INFO:Epoch: 27100/40000 | Train Loss: 8.577e-03 | Dynamic Loss: 8.577e-03 | Regularization Loss: 0.000e+00 | Val Loss: 3.636e-02 | Time: 9.21s
2025-08-20 03:59:18,843:INFO:New best model found at epoch 27100 with validation loss 3.636e-02. Saving...
2025-08-20 03:59:28,035:INFO:Epoch: 27150/40000 | Train Loss: 8.725e-03 | Dynamic Loss: 8.725e-03 | Regularization Loss: 0.000e+00 | Val Loss: 3.649e-02 | Time: 9.17s
2025-08-20 03:59:38,048:INFO:Epoch: 27200/40000 | Train Loss: 8.484e-03 | Dynamic Loss: 8.484e-03 | Regularization Loss: 0.000e+00 | Val Loss: 3.803e-02 | Time: 10.01s
2025-08-20 03:59:47,257:INFO:Epoch: 27250/40000 | Train Loss: 9.833e-03 | Dynamic Loss: 9.833e-03 | Regularization Loss: 0.000e+00 | Val Loss: 3.865e-02 | Time: 9.21s
2025-08-20 03:59:56,448:INFO:Epoch: 27300/40000 | Train Loss: 7.940e-03 | Dynamic Loss: 7.940e-03 | Regularization Loss: 0.000e+00 | Val Loss: 3.647e-02 | Time: 9.19s
2025-08-20 04:00:05,578:INFO:Epoch: 27350/40000 | Train Loss: 7.937e-03 | Dynamic Loss: 7.937e-03 | Regularization Loss: 0.000e+00 | Val Loss: 3.658e-02 | Time: 9.13s
2025-08-20 04:00:14,788:INFO:Epoch: 27400/40000 | Train Loss: 7.422e-03 | Dynamic Loss: 7.422e-03 | Regularization Loss: 0.000e+00 | Val Loss: 3.662e-02 | Time: 9.21s
2025-08-20 04:00:23,897:INFO:Epoch: 27450/40000 | Train Loss: 6.865e-03 | Dynamic Loss: 6.865e-03 | Regularization Loss: 0.000e+00 | Val Loss: 3.531e-02 | Time: 9.11s
2025-08-20 04:00:23,897:INFO:New best model found at epoch 27450 with validation loss 3.531e-02. Saving...
2025-08-20 04:00:33,107:INFO:Epoch: 27500/40000 | Train Loss: 2.824e-02 | Dynamic Loss: 2.824e-02 | Regularization Loss: 0.000e+00 | Val Loss: 5.761e-02 | Time: 9.19s
2025-08-20 04:00:42,238:INFO:Epoch: 27550/40000 | Train Loss: 2.285e-02 | Dynamic Loss: 2.285e-02 | Regularization Loss: 0.000e+00 | Val Loss: 5.016e-02 | Time: 9.13s
2025-08-20 04:00:51,271:INFO:Epoch: 27600/40000 | Train Loss: 1.144e-02 | Dynamic Loss: 1.144e-02 | Regularization Loss: 0.000e+00 | Val Loss: 3.831e-02 | Time: 9.03s
2025-08-20 04:01:00,441:INFO:Epoch: 27650/40000 | Train Loss: 8.917e-03 | Dynamic Loss: 8.917e-03 | Regularization Loss: 0.000e+00 | Val Loss: 3.552e-02 | Time: 9.17s
2025-08-20 04:01:09,571:INFO:Epoch: 27700/40000 | Train Loss: 8.097e-03 | Dynamic Loss: 8.097e-03 | Regularization Loss: 0.000e+00 | Val Loss: 3.465e-02 | Time: 9.13s
2025-08-20 04:01:09,571:INFO:New best model found at epoch 27700 with validation loss 3.465e-02. Saving...
2025-08-20 04:01:18,680:INFO:Epoch: 27750/40000 | Train Loss: 7.592e-03 | Dynamic Loss: 7.592e-03 | Regularization Loss: 0.000e+00 | Val Loss: 3.402e-02 | Time: 9.09s
2025-08-20 04:01:18,681:INFO:New best model found at epoch 27750 with validation loss 3.402e-02. Saving...
2025-08-20 04:01:27,766:INFO:Epoch: 27800/40000 | Train Loss: 7.346e-03 | Dynamic Loss: 7.346e-03 | Regularization Loss: 0.000e+00 | Val Loss: 3.370e-02 | Time: 9.07s
2025-08-20 04:01:27,766:INFO:New best model found at epoch 27800 with validation loss 3.370e-02. Saving...
2025-08-20 04:01:45,183:INFO:Epoch: 27850/40000 | Train Loss: 7.091e-03 | Dynamic Loss: 7.091e-03 | Regularization Loss: 0.000e+00 | Val Loss: 3.340e-02 | Time: 17.40s
2025-08-20 04:01:45,184:INFO:New best model found at epoch 27850 with validation loss 3.340e-02. Saving...
2025-08-20 04:01:54,404:INFO:Epoch: 27900/40000 | Train Loss: 7.297e-03 | Dynamic Loss: 7.297e-03 | Regularization Loss: 0.000e+00 | Val Loss: 3.380e-02 | Time: 9.20s
2025-08-20 04:02:03,667:INFO:Epoch: 27950/40000 | Train Loss: 6.931e-03 | Dynamic Loss: 6.931e-03 | Regularization Loss: 0.000e+00 | Val Loss: 3.280e-02 | Time: 9.26s
2025-08-20 04:02:03,667:INFO:New best model found at epoch 27950 with validation loss 3.280e-02. Saving...
2025-08-20 04:02:16,566:INFO:Epoch: 28000/40000 | Train Loss: 7.529e-03 | Dynamic Loss: 7.529e-03 | Regularization Loss: 0.000e+00 | Val Loss: 3.276e-02 | Time: 12.88s
2025-08-20 04:02:16,566:INFO:New best model found at epoch 28000 with validation loss 3.276e-02. Saving...
2025-08-20 04:02:25,818:INFO:Epoch: 28050/40000 | Train Loss: 6.714e-03 | Dynamic Loss: 6.714e-03 | Regularization Loss: 0.000e+00 | Val Loss: 3.204e-02 | Time: 9.23s
2025-08-20 04:02:25,818:INFO:New best model found at epoch 28050 with validation loss 3.204e-02. Saving...
2025-08-20 04:02:34,991:INFO:Epoch: 28100/40000 | Train Loss: 6.496e-03 | Dynamic Loss: 6.496e-03 | Regularization Loss: 0.000e+00 | Val Loss: 3.185e-02 | Time: 9.15s
2025-08-20 04:02:34,991:INFO:New best model found at epoch 28100 with validation loss 3.185e-02. Saving...
2025-08-20 04:02:44,161:INFO:Epoch: 28150/40000 | Train Loss: 6.625e-03 | Dynamic Loss: 6.625e-03 | Regularization Loss: 0.000e+00 | Val Loss: 3.195e-02 | Time: 9.15s
2025-08-20 04:02:53,300:INFO:Epoch: 28200/40000 | Train Loss: 6.517e-03 | Dynamic Loss: 6.517e-03 | Regularization Loss: 0.000e+00 | Val Loss: 3.194e-02 | Time: 9.14s
2025-08-20 04:03:02,440:INFO:Epoch: 28250/40000 | Train Loss: 8.801e-03 | Dynamic Loss: 8.801e-03 | Regularization Loss: 0.000e+00 | Val Loss: 3.351e-02 | Time: 9.14s
2025-08-20 04:03:11,628:INFO:Epoch: 28300/40000 | Train Loss: 6.929e-03 | Dynamic Loss: 6.929e-03 | Regularization Loss: 0.000e+00 | Val Loss: 3.276e-02 | Time: 9.19s
2025-08-20 04:03:28,579:INFO:Epoch: 28350/40000 | Train Loss: 9.559e-03 | Dynamic Loss: 9.559e-03 | Regularization Loss: 0.000e+00 | Val Loss: 3.398e-02 | Time: 16.95s
2025-08-20 04:03:37,773:INFO:Epoch: 28400/40000 | Train Loss: 6.103e-03 | Dynamic Loss: 6.103e-03 | Regularization Loss: 0.000e+00 | Val Loss: 3.155e-02 | Time: 9.19s
2025-08-20 04:03:37,773:INFO:New best model found at epoch 28400 with validation loss 3.155e-02. Saving...
2025-08-20 04:03:46,968:INFO:Epoch: 28450/40000 | Train Loss: 1.679e-02 | Dynamic Loss: 1.679e-02 | Regularization Loss: 0.000e+00 | Val Loss: 4.013e-02 | Time: 9.17s
2025-08-20 04:04:03,812:INFO:Epoch: 28500/40000 | Train Loss: 5.958e-03 | Dynamic Loss: 5.958e-03 | Regularization Loss: 0.000e+00 | Val Loss: 3.129e-02 | Time: 16.84s
2025-08-20 04:04:03,812:INFO:New best model found at epoch 28500 with validation loss 3.129e-02. Saving...
2025-08-20 04:04:12,949:INFO:Epoch: 28550/40000 | Train Loss: 7.515e-03 | Dynamic Loss: 7.515e-03 | Regularization Loss: 0.000e+00 | Val Loss: 3.312e-02 | Time: 9.12s
2025-08-20 04:04:22,081:INFO:Epoch: 28600/40000 | Train Loss: 6.003e-03 | Dynamic Loss: 6.003e-03 | Regularization Loss: 0.000e+00 | Val Loss: 3.112e-02 | Time: 9.13s
2025-08-20 04:04:22,081:INFO:New best model found at epoch 28600 with validation loss 3.112e-02. Saving...
2025-08-20 04:04:33,464:INFO:Epoch: 28650/40000 | Train Loss: 8.619e-03 | Dynamic Loss: 8.619e-03 | Regularization Loss: 0.000e+00 | Val Loss: 3.219e-02 | Time: 11.36s
2025-08-20 04:04:43,000:INFO:Epoch: 28700/40000 | Train Loss: 7.013e-03 | Dynamic Loss: 7.013e-03 | Regularization Loss: 0.000e+00 | Val Loss: 3.281e-02 | Time: 9.53s
2025-08-20 04:04:52,124:INFO:Epoch: 28750/40000 | Train Loss: 6.202e-03 | Dynamic Loss: 6.202e-03 | Regularization Loss: 0.000e+00 | Val Loss: 3.126e-02 | Time: 9.12s
2025-08-20 04:05:01,397:INFO:Epoch: 28800/40000 | Train Loss: 6.099e-03 | Dynamic Loss: 6.099e-03 | Regularization Loss: 0.000e+00 | Val Loss: 3.168e-02 | Time: 9.27s
2025-08-20 04:05:10,465:INFO:Epoch: 28850/40000 | Train Loss: 7.227e-03 | Dynamic Loss: 7.227e-03 | Regularization Loss: 0.000e+00 | Val Loss: 3.334e-02 | Time: 9.07s
2025-08-20 04:05:19,591:INFO:Epoch: 28900/40000 | Train Loss: 8.606e-03 | Dynamic Loss: 8.606e-03 | Regularization Loss: 0.000e+00 | Val Loss: 3.415e-02 | Time: 9.13s
2025-08-20 04:05:28,822:INFO:Epoch: 28950/40000 | Train Loss: 7.105e-03 | Dynamic Loss: 7.105e-03 | Regularization Loss: 0.000e+00 | Val Loss: 3.207e-02 | Time: 9.23s
2025-08-20 04:05:46,129:INFO:Epoch: 29000/40000 | Train Loss: 5.456e-03 | Dynamic Loss: 5.456e-03 | Regularization Loss: 0.000e+00 | Val Loss: 3.071e-02 | Time: 17.31s
2025-08-20 04:05:46,129:INFO:New best model found at epoch 29000 with validation loss 3.071e-02. Saving...
2025-08-20 04:05:55,403:INFO:Epoch: 29050/40000 | Train Loss: 5.754e-03 | Dynamic Loss: 5.754e-03 | Regularization Loss: 0.000e+00 | Val Loss: 3.118e-02 | Time: 9.23s
2025-08-20 04:06:04,536:INFO:Epoch: 29100/40000 | Train Loss: 6.737e-03 | Dynamic Loss: 6.737e-03 | Regularization Loss: 0.000e+00 | Val Loss: 3.309e-02 | Time: 9.13s
2025-08-20 04:06:16,215:INFO:Epoch: 29150/40000 | Train Loss: 5.371e-03 | Dynamic Loss: 5.371e-03 | Regularization Loss: 0.000e+00 | Val Loss: 3.062e-02 | Time: 11.68s
2025-08-20 04:06:16,215:INFO:New best model found at epoch 29150 with validation loss 3.062e-02. Saving...
2025-08-20 04:06:25,518:INFO:Epoch: 29200/40000 | Train Loss: 6.344e-03 | Dynamic Loss: 6.344e-03 | Regularization Loss: 0.000e+00 | Val Loss: 3.101e-02 | Time: 9.28s
2025-08-20 04:06:34,800:INFO:Epoch: 29250/40000 | Train Loss: 6.042e-03 | Dynamic Loss: 6.042e-03 | Regularization Loss: 0.000e+00 | Val Loss: 3.128e-02 | Time: 9.28s
2025-08-20 04:06:44,238:INFO:Epoch: 29300/40000 | Train Loss: 4.899e-03 | Dynamic Loss: 4.899e-03 | Regularization Loss: 0.000e+00 | Val Loss: 3.012e-02 | Time: 9.44s
2025-08-20 04:06:44,238:INFO:New best model found at epoch 29300 with validation loss 3.012e-02. Saving...
2025-08-20 04:06:53,419:INFO:Epoch: 29350/40000 | Train Loss: 5.163e-03 | Dynamic Loss: 5.163e-03 | Regularization Loss: 0.000e+00 | Val Loss: 2.987e-02 | Time: 9.16s
2025-08-20 04:06:53,420:INFO:New best model found at epoch 29350 with validation loss 2.987e-02. Saving...
2025-08-20 04:07:02,539:INFO:Epoch: 29400/40000 | Train Loss: 5.142e-03 | Dynamic Loss: 5.142e-03 | Regularization Loss: 0.000e+00 | Val Loss: 3.003e-02 | Time: 9.10s
2025-08-20 04:07:11,779:INFO:Epoch: 29450/40000 | Train Loss: 5.574e-03 | Dynamic Loss: 5.574e-03 | Regularization Loss: 0.000e+00 | Val Loss: 3.041e-02 | Time: 9.24s
2025-08-20 04:07:20,961:INFO:Epoch: 29500/40000 | Train Loss: 9.742e-03 | Dynamic Loss: 9.742e-03 | Regularization Loss: 0.000e+00 | Val Loss: 3.723e-02 | Time: 9.18s
2025-08-20 04:07:30,056:INFO:Epoch: 29550/40000 | Train Loss: 4.850e-03 | Dynamic Loss: 4.850e-03 | Regularization Loss: 0.000e+00 | Val Loss: 3.011e-02 | Time: 9.09s
2025-08-20 04:07:39,211:INFO:Epoch: 29600/40000 | Train Loss: 9.060e-03 | Dynamic Loss: 9.060e-03 | Regularization Loss: 0.000e+00 | Val Loss: 3.410e-02 | Time: 9.15s
2025-08-20 04:07:53,548:INFO:Epoch: 29650/40000 | Train Loss: 4.563e-03 | Dynamic Loss: 4.563e-03 | Regularization Loss: 0.000e+00 | Val Loss: 2.967e-02 | Time: 14.34s
2025-08-20 04:07:53,548:INFO:New best model found at epoch 29650 with validation loss 2.967e-02. Saving...
2025-08-20 04:08:02,775:INFO:Epoch: 29700/40000 | Train Loss: 4.946e-03 | Dynamic Loss: 4.946e-03 | Regularization Loss: 0.000e+00 | Val Loss: 3.010e-02 | Time: 9.21s
2025-08-20 04:08:11,905:INFO:Epoch: 29750/40000 | Train Loss: 5.176e-03 | Dynamic Loss: 5.176e-03 | Regularization Loss: 0.000e+00 | Val Loss: 3.051e-02 | Time: 9.13s
2025-08-20 04:08:28,054:INFO:Epoch: 29800/40000 | Train Loss: 5.607e-03 | Dynamic Loss: 5.607e-03 | Regularization Loss: 0.000e+00 | Val Loss: 3.109e-02 | Time: 16.15s
2025-08-20 04:08:37,298:INFO:Epoch: 29850/40000 | Train Loss: 5.372e-03 | Dynamic Loss: 5.372e-03 | Regularization Loss: 0.000e+00 | Val Loss: 3.077e-02 | Time: 9.24s
2025-08-20 04:08:46,446:INFO:Epoch: 29900/40000 | Train Loss: 4.461e-03 | Dynamic Loss: 4.461e-03 | Regularization Loss: 0.000e+00 | Val Loss: 2.986e-02 | Time: 9.15s
2025-08-20 04:08:57,173:INFO:Epoch: 29950/40000 | Train Loss: 6.345e-03 | Dynamic Loss: 6.345e-03 | Regularization Loss: 0.000e+00 | Val Loss: 3.198e-02 | Time: 10.73s
2025-08-20 04:09:06,321:INFO:Epoch: 30000/40000 | Train Loss: 4.645e-03 | Dynamic Loss: 4.645e-03 | Regularization Loss: 0.000e+00 | Val Loss: 2.970e-02 | Time: 9.15s
2025-08-20 04:09:15,456:INFO:Epoch: 30050/40000 | Train Loss: 1.934e-02 | Dynamic Loss: 1.934e-02 | Regularization Loss: 0.000e+00 | Val Loss: 4.372e-02 | Time: 9.13s
2025-08-20 04:09:24,747:INFO:Epoch: 30100/40000 | Train Loss: 9.104e-03 | Dynamic Loss: 9.104e-03 | Regularization Loss: 0.000e+00 | Val Loss: 3.396e-02 | Time: 9.29s
2025-08-20 04:09:33,885:INFO:Epoch: 30150/40000 | Train Loss: 5.568e-03 | Dynamic Loss: 5.568e-03 | Regularization Loss: 0.000e+00 | Val Loss: 3.049e-02 | Time: 9.14s
2025-08-20 04:09:43,063:INFO:Epoch: 30200/40000 | Train Loss: 4.852e-03 | Dynamic Loss: 4.852e-03 | Regularization Loss: 0.000e+00 | Val Loss: 2.984e-02 | Time: 9.18s
2025-08-20 04:09:52,330:INFO:Epoch: 30250/40000 | Train Loss: 9.150e-03 | Dynamic Loss: 9.150e-03 | Regularization Loss: 0.000e+00 | Val Loss: 3.305e-02 | Time: 9.27s
2025-08-20 04:10:01,502:INFO:Epoch: 30300/40000 | Train Loss: 4.600e-03 | Dynamic Loss: 4.600e-03 | Regularization Loss: 0.000e+00 | Val Loss: 3.001e-02 | Time: 9.17s
2025-08-20 04:10:10,945:INFO:Epoch: 30350/40000 | Train Loss: 4.409e-03 | Dynamic Loss: 4.409e-03 | Regularization Loss: 0.000e+00 | Val Loss: 2.965e-02 | Time: 9.44s
2025-08-20 04:10:10,945:INFO:New best model found at epoch 30350 with validation loss 2.965e-02. Saving...
2025-08-20 04:10:20,146:INFO:Epoch: 30400/40000 | Train Loss: 4.811e-03 | Dynamic Loss: 4.811e-03 | Regularization Loss: 0.000e+00 | Val Loss: 2.969e-02 | Time: 9.18s
2025-08-20 04:10:29,216:INFO:Epoch: 30450/40000 | Train Loss: 4.270e-03 | Dynamic Loss: 4.270e-03 | Regularization Loss: 0.000e+00 | Val Loss: 2.936e-02 | Time: 9.07s
2025-08-20 04:10:29,217:INFO:New best model found at epoch 30450 with validation loss 2.936e-02. Saving...
2025-08-20 04:10:38,329:INFO:Epoch: 30500/40000 | Train Loss: 4.535e-03 | Dynamic Loss: 4.535e-03 | Regularization Loss: 0.000e+00 | Val Loss: 3.047e-02 | Time: 9.09s
2025-08-20 04:10:47,419:INFO:Epoch: 30550/40000 | Train Loss: 4.867e-03 | Dynamic Loss: 4.867e-03 | Regularization Loss: 0.000e+00 | Val Loss: 3.016e-02 | Time: 9.09s
2025-08-20 04:11:04,314:INFO:Epoch: 30600/40000 | Train Loss: 5.452e-03 | Dynamic Loss: 5.452e-03 | Regularization Loss: 0.000e+00 | Val Loss: 3.012e-02 | Time: 16.89s
2025-08-20 04:11:13,458:INFO:Epoch: 30650/40000 | Train Loss: 4.759e-03 | Dynamic Loss: 4.759e-03 | Regularization Loss: 0.000e+00 | Val Loss: 3.037e-02 | Time: 9.14s
2025-08-20 04:11:22,613:INFO:Epoch: 30700/40000 | Train Loss: 6.397e-03 | Dynamic Loss: 6.397e-03 | Regularization Loss: 0.000e+00 | Val Loss: 3.251e-02 | Time: 9.15s
2025-08-20 04:11:31,813:INFO:Epoch: 30750/40000 | Train Loss: 4.103e-03 | Dynamic Loss: 4.103e-03 | Regularization Loss: 0.000e+00 | Val Loss: 4.662e-02 | Time: 9.20s
2025-08-20 04:11:40,879:INFO:Epoch: 30800/40000 | Train Loss: 3.907e-03 | Dynamic Loss: 3.907e-03 | Regularization Loss: 0.000e+00 | Val Loss: 2.952e-02 | Time: 9.07s
2025-08-20 04:11:49,908:INFO:Epoch: 30850/40000 | Train Loss: 5.333e-03 | Dynamic Loss: 5.333e-03 | Regularization Loss: 0.000e+00 | Val Loss: 3.010e-02 | Time: 9.03s
2025-08-20 04:11:59,089:INFO:Epoch: 30900/40000 | Train Loss: 3.870e-03 | Dynamic Loss: 3.870e-03 | Regularization Loss: 0.000e+00 | Val Loss: 2.988e-02 | Time: 9.18s
2025-08-20 04:12:08,217:INFO:Epoch: 30950/40000 | Train Loss: 5.379e-03 | Dynamic Loss: 5.379e-03 | Regularization Loss: 0.000e+00 | Val Loss: 3.141e-02 | Time: 9.13s
2025-08-20 04:12:17,402:INFO:Epoch: 31000/40000 | Train Loss: 1.541e-02 | Dynamic Loss: 1.541e-02 | Regularization Loss: 0.000e+00 | Val Loss: 3.674e-02 | Time: 9.19s
2025-08-20 04:12:26,514:INFO:Epoch: 31050/40000 | Train Loss: 7.815e-03 | Dynamic Loss: 7.815e-03 | Regularization Loss: 0.000e+00 | Val Loss: 3.095e-02 | Time: 9.11s
2025-08-20 04:12:38,791:INFO:Epoch: 31100/40000 | Train Loss: 6.033e-03 | Dynamic Loss: 6.033e-03 | Regularization Loss: 0.000e+00 | Val Loss: 2.966e-02 | Time: 12.28s
2025-08-20 04:12:47,953:INFO:Epoch: 31150/40000 | Train Loss: 5.218e-03 | Dynamic Loss: 5.218e-03 | Regularization Loss: 0.000e+00 | Val Loss: 2.913e-02 | Time: 9.16s
2025-08-20 04:12:47,953:INFO:New best model found at epoch 31150 with validation loss 2.913e-02. Saving...
2025-08-20 04:12:57,064:INFO:Epoch: 31200/40000 | Train Loss: 5.264e-03 | Dynamic Loss: 5.264e-03 | Regularization Loss: 0.000e+00 | Val Loss: 2.998e-02 | Time: 9.09s
2025-08-20 04:13:11,978:INFO:Epoch: 31250/40000 | Train Loss: 5.018e-03 | Dynamic Loss: 5.018e-03 | Regularization Loss: 0.000e+00 | Val Loss: 2.964e-02 | Time: 14.91s
2025-08-20 04:13:21,082:INFO:Epoch: 31300/40000 | Train Loss: 5.222e-02 | Dynamic Loss: 5.222e-02 | Regularization Loss: 0.000e+00 | Val Loss: 7.567e-02 | Time: 9.10s
2025-08-20 04:13:30,191:INFO:Epoch: 31350/40000 | Train Loss: 5.042e-03 | Dynamic Loss: 5.042e-03 | Regularization Loss: 0.000e+00 | Val Loss: 3.231e-02 | Time: 9.11s
2025-08-20 04:13:43,092:INFO:Epoch: 31400/40000 | Train Loss: 1.313e-01 | Dynamic Loss: 1.313e-01 | Regularization Loss: 0.000e+00 | Val Loss: 1.733e-01 | Time: 12.90s
2025-08-20 04:13:52,286:INFO:Epoch: 31450/40000 | Train Loss: 2.232e-02 | Dynamic Loss: 2.232e-02 | Regularization Loss: 0.000e+00 | Val Loss: 5.572e-02 | Time: 9.19s
2025-08-20 04:14:01,392:INFO:Epoch: 31500/40000 | Train Loss: 1.251e-02 | Dynamic Loss: 1.251e-02 | Regularization Loss: 0.000e+00 | Val Loss: 4.391e-02 | Time: 9.11s
2025-08-20 04:14:10,555:INFO:Epoch: 31550/40000 | Train Loss: 9.454e-03 | Dynamic Loss: 9.454e-03 | Regularization Loss: 0.000e+00 | Val Loss: 4.069e-02 | Time: 9.16s
2025-08-20 04:14:19,674:INFO:Epoch: 31600/40000 | Train Loss: 8.049e-03 | Dynamic Loss: 8.049e-03 | Regularization Loss: 0.000e+00 | Val Loss: 3.873e-02 | Time: 9.12s
2025-08-20 04:14:28,785:INFO:Epoch: 31650/40000 | Train Loss: 7.014e-03 | Dynamic Loss: 7.014e-03 | Regularization Loss: 0.000e+00 | Val Loss: 3.686e-02 | Time: 9.11s
2025-08-20 04:14:37,860:INFO:Epoch: 31700/40000 | Train Loss: 6.566e-03 | Dynamic Loss: 6.566e-03 | Regularization Loss: 0.000e+00 | Val Loss: 3.599e-02 | Time: 9.07s
2025-08-20 04:14:49,643:INFO:Epoch: 31750/40000 | Train Loss: 5.842e-03 | Dynamic Loss: 5.842e-03 | Regularization Loss: 0.000e+00 | Val Loss: 3.525e-02 | Time: 11.78s
2025-08-20 04:14:58,775:INFO:Epoch: 31800/40000 | Train Loss: 5.721e-03 | Dynamic Loss: 5.721e-03 | Regularization Loss: 0.000e+00 | Val Loss: 3.469e-02 | Time: 9.13s
2025-08-20 04:15:07,822:INFO:Epoch: 31850/40000 | Train Loss: 5.360e-03 | Dynamic Loss: 5.360e-03 | Regularization Loss: 0.000e+00 | Val Loss: 3.416e-02 | Time: 9.05s
2025-08-20 04:15:24,287:INFO:Epoch: 31900/40000 | Train Loss: 3.303e-02 | Dynamic Loss: 3.303e-02 | Regularization Loss: 0.000e+00 | Val Loss: 6.353e-02 | Time: 16.46s
2025-08-20 04:15:33,367:INFO:Epoch: 31950/40000 | Train Loss: 7.074e-03 | Dynamic Loss: 7.074e-03 | Regularization Loss: 0.000e+00 | Val Loss: 3.600e-02 | Time: 9.08s
2025-08-20 04:15:42,520:INFO:Epoch: 32000/40000 | Train Loss: 5.654e-03 | Dynamic Loss: 5.654e-03 | Regularization Loss: 0.000e+00 | Val Loss: 3.373e-02 | Time: 9.15s
2025-08-20 04:15:53,141:INFO:Epoch: 32050/40000 | Train Loss: 5.161e-03 | Dynamic Loss: 5.161e-03 | Regularization Loss: 0.000e+00 | Val Loss: 3.283e-02 | Time: 10.62s
2025-08-20 04:16:02,269:INFO:Epoch: 32100/40000 | Train Loss: 8.991e-03 | Dynamic Loss: 8.991e-03 | Regularization Loss: 0.000e+00 | Val Loss: 3.493e-02 | Time: 9.13s
2025-08-20 04:16:11,406:INFO:Epoch: 32150/40000 | Train Loss: 4.727e-03 | Dynamic Loss: 4.727e-03 | Regularization Loss: 0.000e+00 | Val Loss: 3.197e-02 | Time: 9.14s
2025-08-20 04:16:20,794:INFO:Epoch: 32200/40000 | Train Loss: 4.552e-03 | Dynamic Loss: 4.552e-03 | Regularization Loss: 0.000e+00 | Val Loss: 3.179e-02 | Time: 9.39s
2025-08-20 04:16:29,975:INFO:Epoch: 32250/40000 | Train Loss: 4.535e-03 | Dynamic Loss: 4.535e-03 | Regularization Loss: 0.000e+00 | Val Loss: 3.169e-02 | Time: 9.18s
2025-08-20 04:16:39,091:INFO:Epoch: 32300/40000 | Train Loss: 4.312e-03 | Dynamic Loss: 4.312e-03 | Regularization Loss: 0.000e+00 | Val Loss: 3.134e-02 | Time: 9.12s
2025-08-20 04:16:48,202:INFO:Epoch: 32350/40000 | Train Loss: 4.387e-03 | Dynamic Loss: 4.387e-03 | Regularization Loss: 0.000e+00 | Val Loss: 3.140e-02 | Time: 9.11s
2025-08-20 04:17:05,084:INFO:Epoch: 32400/40000 | Train Loss: 4.267e-03 | Dynamic Loss: 4.267e-03 | Regularization Loss: 0.000e+00 | Val Loss: 3.135e-02 | Time: 16.88s
2025-08-20 04:17:14,423:INFO:Epoch: 32450/40000 | Train Loss: 6.292e-03 | Dynamic Loss: 6.292e-03 | Regularization Loss: 0.000e+00 | Val Loss: 3.243e-02 | Time: 9.34s
2025-08-20 04:17:23,528:INFO:Epoch: 32500/40000 | Train Loss: 4.808e-03 | Dynamic Loss: 4.808e-03 | Regularization Loss: 0.000e+00 | Val Loss: 3.137e-02 | Time: 9.10s
2025-08-20 04:17:32,786:INFO:Epoch: 32550/40000 | Train Loss: 4.380e-03 | Dynamic Loss: 4.380e-03 | Regularization Loss: 0.000e+00 | Val Loss: 3.140e-02 | Time: 9.26s
2025-08-20 04:17:41,873:INFO:Epoch: 32600/40000 | Train Loss: 4.436e-03 | Dynamic Loss: 4.436e-03 | Regularization Loss: 0.000e+00 | Val Loss: 3.172e-02 | Time: 9.09s
2025-08-20 04:17:51,101:INFO:Epoch: 32650/40000 | Train Loss: 3.942e-03 | Dynamic Loss: 3.942e-03 | Regularization Loss: 0.000e+00 | Val Loss: 3.091e-02 | Time: 9.23s
2025-08-20 04:18:00,189:INFO:Epoch: 32700/40000 | Train Loss: 4.077e-03 | Dynamic Loss: 4.077e-03 | Regularization Loss: 0.000e+00 | Val Loss: 3.127e-02 | Time: 9.09s
2025-08-20 04:18:17,554:INFO:Epoch: 32750/40000 | Train Loss: 4.269e-03 | Dynamic Loss: 4.269e-03 | Regularization Loss: 0.000e+00 | Val Loss: 3.146e-02 | Time: 17.36s
2025-08-20 04:18:26,680:INFO:Epoch: 32800/40000 | Train Loss: 4.075e-03 | Dynamic Loss: 4.075e-03 | Regularization Loss: 0.000e+00 | Val Loss: 3.091e-02 | Time: 9.13s
2025-08-20 04:18:35,753:INFO:Epoch: 32850/40000 | Train Loss: 1.677e-02 | Dynamic Loss: 1.677e-02 | Regularization Loss: 0.000e+00 | Val Loss: 4.147e-02 | Time: 9.07s
2025-08-20 04:18:44,955:INFO:Epoch: 32900/40000 | Train Loss: 3.547e-03 | Dynamic Loss: 3.547e-03 | Regularization Loss: 0.000e+00 | Val Loss: 3.041e-02 | Time: 9.20s
2025-08-20 04:18:54,116:INFO:Epoch: 32950/40000 | Train Loss: 7.651e-03 | Dynamic Loss: 7.651e-03 | Regularization Loss: 0.000e+00 | Val Loss: 3.515e-02 | Time: 9.16s
2025-08-20 04:19:03,187:INFO:Epoch: 33000/40000 | Train Loss: 4.340e-03 | Dynamic Loss: 4.340e-03 | Regularization Loss: 0.000e+00 | Val Loss: 3.125e-02 | Time: 9.07s
2025-08-20 04:19:12,233:INFO:Epoch: 33050/40000 | Train Loss: 4.690e-03 | Dynamic Loss: 4.690e-03 | Regularization Loss: 0.000e+00 | Val Loss: 3.189e-02 | Time: 9.05s
2025-08-20 04:19:22,408:INFO:Epoch: 33100/40000 | Train Loss: 5.842e-03 | Dynamic Loss: 5.842e-03 | Regularization Loss: 0.000e+00 | Val Loss: 3.178e-02 | Time: 10.18s
2025-08-20 04:19:31,557:INFO:Epoch: 33150/40000 | Train Loss: 4.657e-03 | Dynamic Loss: 4.657e-03 | Regularization Loss: 0.000e+00 | Val Loss: 3.066e-02 | Time: 9.15s
2025-08-20 04:19:40,709:INFO:Epoch: 33200/40000 | Train Loss: 9.054e-03 | Dynamic Loss: 9.054e-03 | Regularization Loss: 0.000e+00 | Val Loss: 3.358e-02 | Time: 9.15s
2025-08-20 04:19:56,093:INFO:Epoch: 33250/40000 | Train Loss: 3.509e-03 | Dynamic Loss: 3.509e-03 | Regularization Loss: 0.000e+00 | Val Loss: 3.054e-02 | Time: 15.38s
2025-08-20 04:20:05,166:INFO:Epoch: 33300/40000 | Train Loss: 3.739e-03 | Dynamic Loss: 3.739e-03 | Regularization Loss: 0.000e+00 | Val Loss: 3.025e-02 | Time: 9.07s
2025-08-20 04:20:14,258:INFO:Epoch: 33350/40000 | Train Loss: 3.929e-03 | Dynamic Loss: 3.929e-03 | Regularization Loss: 0.000e+00 | Val Loss: 3.102e-02 | Time: 9.09s
2025-08-20 04:20:23,479:INFO:Epoch: 33400/40000 | Train Loss: 3.651e-03 | Dynamic Loss: 3.651e-03 | Regularization Loss: 0.000e+00 | Val Loss: 2.987e-02 | Time: 9.22s
2025-08-20 04:20:32,664:INFO:Epoch: 33450/40000 | Train Loss: 4.884e-03 | Dynamic Loss: 4.884e-03 | Regularization Loss: 0.000e+00 | Val Loss: 3.175e-02 | Time: 9.18s
2025-08-20 04:20:41,813:INFO:Epoch: 33500/40000 | Train Loss: 5.611e-03 | Dynamic Loss: 5.611e-03 | Regularization Loss: 0.000e+00 | Val Loss: 3.183e-02 | Time: 9.15s
2025-08-20 04:20:50,975:INFO:Epoch: 33550/40000 | Train Loss: 3.606e-03 | Dynamic Loss: 3.606e-03 | Regularization Loss: 0.000e+00 | Val Loss: 3.002e-02 | Time: 9.16s
2025-08-20 04:21:08,576:INFO:Epoch: 33600/40000 | Train Loss: 4.675e-03 | Dynamic Loss: 4.675e-03 | Regularization Loss: 0.000e+00 | Val Loss: 3.126e-02 | Time: 17.60s
2025-08-20 04:21:17,719:INFO:Epoch: 33650/40000 | Train Loss: 4.370e-03 | Dynamic Loss: 4.370e-03 | Regularization Loss: 0.000e+00 | Val Loss: 3.050e-02 | Time: 9.14s
2025-08-20 04:21:26,808:INFO:Epoch: 33700/40000 | Train Loss: 3.642e-03 | Dynamic Loss: 3.642e-03 | Regularization Loss: 0.000e+00 | Val Loss: 2.989e-02 | Time: 9.09s
2025-08-20 04:21:35,931:INFO:Epoch: 33750/40000 | Train Loss: 4.045e-03 | Dynamic Loss: 4.045e-03 | Regularization Loss: 0.000e+00 | Val Loss: 3.003e-02 | Time: 9.12s
2025-08-20 04:21:45,037:INFO:Epoch: 33800/40000 | Train Loss: 5.228e-03 | Dynamic Loss: 5.228e-03 | Regularization Loss: 0.000e+00 | Val Loss: 3.036e-02 | Time: 9.11s
2025-08-20 04:21:54,139:INFO:Epoch: 33850/40000 | Train Loss: 3.963e-03 | Dynamic Loss: 3.963e-03 | Regularization Loss: 0.000e+00 | Val Loss: 2.961e-02 | Time: 9.10s
2025-08-20 04:22:03,228:INFO:Epoch: 33900/40000 | Train Loss: 5.172e-03 | Dynamic Loss: 5.172e-03 | Regularization Loss: 0.000e+00 | Val Loss: 3.062e-02 | Time: 9.09s
2025-08-20 04:22:20,490:INFO:Epoch: 33950/40000 | Train Loss: 3.443e-03 | Dynamic Loss: 3.443e-03 | Regularization Loss: 0.000e+00 | Val Loss: 2.942e-02 | Time: 17.26s
2025-08-20 04:22:29,834:INFO:Epoch: 34000/40000 | Train Loss: 4.126e-02 | Dynamic Loss: 4.126e-02 | Regularization Loss: 0.000e+00 | Val Loss: 5.470e-02 | Time: 9.34s
2025-08-20 04:22:38,965:INFO:Epoch: 34050/40000 | Train Loss: 2.951e-03 | Dynamic Loss: 2.951e-03 | Regularization Loss: 0.000e+00 | Val Loss: 2.878e-02 | Time: 9.13s
2025-08-20 04:22:38,965:INFO:New best model found at epoch 34050 with validation loss 2.878e-02. Saving...
2025-08-20 04:22:48,284:INFO:Epoch: 34100/40000 | Train Loss: 3.554e-03 | Dynamic Loss: 3.554e-03 | Regularization Loss: 0.000e+00 | Val Loss: 2.935e-02 | Time: 9.28s
2025-08-20 04:22:57,401:INFO:Epoch: 34150/40000 | Train Loss: 3.747e-03 | Dynamic Loss: 3.747e-03 | Regularization Loss: 0.000e+00 | Val Loss: 2.931e-02 | Time: 9.12s
2025-08-20 04:23:06,442:INFO:Epoch: 34200/40000 | Train Loss: 3.194e-03 | Dynamic Loss: 3.194e-03 | Regularization Loss: 0.000e+00 | Val Loss: 2.924e-02 | Time: 9.04s
2025-08-20 04:23:15,660:INFO:Epoch: 34250/40000 | Train Loss: 3.963e-03 | Dynamic Loss: 3.963e-03 | Regularization Loss: 0.000e+00 | Val Loss: 2.927e-02 | Time: 9.22s
2025-08-20 04:23:24,859:INFO:Epoch: 34300/40000 | Train Loss: 3.378e-03 | Dynamic Loss: 3.378e-03 | Regularization Loss: 0.000e+00 | Val Loss: 2.869e-02 | Time: 9.20s
2025-08-20 04:23:24,859:INFO:New best model found at epoch 34300 with validation loss 2.869e-02. Saving...
2025-08-20 04:23:33,986:INFO:Epoch: 34350/40000 | Train Loss: 2.838e-03 | Dynamic Loss: 2.838e-03 | Regularization Loss: 0.000e+00 | Val Loss: 2.828e-02 | Time: 9.11s
2025-08-20 04:23:33,986:INFO:New best model found at epoch 34350 with validation loss 2.828e-02. Saving...
2025-08-20 04:23:43,280:INFO:Epoch: 34400/40000 | Train Loss: 3.029e-03 | Dynamic Loss: 3.029e-03 | Regularization Loss: 0.000e+00 | Val Loss: 2.848e-02 | Time: 9.27s
2025-08-20 04:23:52,492:INFO:Epoch: 34450/40000 | Train Loss: 3.541e-03 | Dynamic Loss: 3.541e-03 | Regularization Loss: 0.000e+00 | Val Loss: 2.910e-02 | Time: 9.21s
2025-08-20 04:24:01,681:INFO:Epoch: 34500/40000 | Train Loss: 3.100e-03 | Dynamic Loss: 3.100e-03 | Regularization Loss: 0.000e+00 | Val Loss: 2.873e-02 | Time: 9.19s
2025-08-20 04:24:11,006:INFO:Epoch: 34550/40000 | Train Loss: 3.518e-03 | Dynamic Loss: 3.518e-03 | Regularization Loss: 0.000e+00 | Val Loss: 2.906e-02 | Time: 9.33s
2025-08-20 04:24:20,146:INFO:Epoch: 34600/40000 | Train Loss: 3.402e-03 | Dynamic Loss: 3.402e-03 | Regularization Loss: 0.000e+00 | Val Loss: 2.870e-02 | Time: 9.14s
2025-08-20 04:24:29,260:INFO:Epoch: 34650/40000 | Train Loss: 3.328e-03 | Dynamic Loss: 3.328e-03 | Regularization Loss: 0.000e+00 | Val Loss: 2.906e-02 | Time: 9.11s
2025-08-20 04:24:38,433:INFO:Epoch: 34700/40000 | Train Loss: 3.212e-03 | Dynamic Loss: 3.212e-03 | Regularization Loss: 0.000e+00 | Val Loss: 2.883e-02 | Time: 9.17s
2025-08-20 04:24:49,634:INFO:Epoch: 34750/40000 | Train Loss: 3.300e-03 | Dynamic Loss: 3.300e-03 | Regularization Loss: 0.000e+00 | Val Loss: 2.924e-02 | Time: 11.20s
2025-08-20 04:24:58,783:INFO:Epoch: 34800/40000 | Train Loss: 3.026e-03 | Dynamic Loss: 3.026e-03 | Regularization Loss: 0.000e+00 | Val Loss: 2.881e-02 | Time: 9.15s
2025-08-20 04:25:07,893:INFO:Epoch: 34850/40000 | Train Loss: 1.149e-01 | Dynamic Loss: 1.149e-01 | Regularization Loss: 0.000e+00 | Val Loss: 1.552e-01 | Time: 9.11s
2025-08-20 04:25:18,281:INFO:Epoch: 34900/40000 | Train Loss: 1.575e-01 | Dynamic Loss: 1.575e-01 | Regularization Loss: 0.000e+00 | Val Loss: 1.462e-01 | Time: 10.39s
2025-08-20 04:25:27,445:INFO:Epoch: 34950/40000 | Train Loss: 2.177e-02 | Dynamic Loss: 2.177e-02 | Regularization Loss: 0.000e+00 | Val Loss: 5.734e-02 | Time: 9.16s
2025-08-20 04:25:36,549:INFO:Epoch: 35000/40000 | Train Loss: 1.636e-02 | Dynamic Loss: 1.636e-02 | Regularization Loss: 0.000e+00 | Val Loss: 4.910e-02 | Time: 9.10s
2025-08-20 04:25:53,443:INFO:Epoch: 35050/40000 | Train Loss: 1.205e-02 | Dynamic Loss: 1.205e-02 | Regularization Loss: 0.000e+00 | Val Loss: 4.548e-02 | Time: 16.89s
2025-08-20 04:26:02,513:INFO:Epoch: 35100/40000 | Train Loss: 9.769e-03 | Dynamic Loss: 9.769e-03 | Regularization Loss: 0.000e+00 | Val Loss: 4.304e-02 | Time: 9.07s
2025-08-20 04:26:11,614:INFO:Epoch: 35150/40000 | Train Loss: 8.151e-03 | Dynamic Loss: 8.151e-03 | Regularization Loss: 0.000e+00 | Val Loss: 4.179e-02 | Time: 9.10s
2025-08-20 04:26:20,821:INFO:Epoch: 35200/40000 | Train Loss: 7.062e-03 | Dynamic Loss: 7.062e-03 | Regularization Loss: 0.000e+00 | Val Loss: 4.083e-02 | Time: 9.21s
2025-08-20 04:26:29,962:INFO:Epoch: 35250/40000 | Train Loss: 6.300e-03 | Dynamic Loss: 6.300e-03 | Regularization Loss: 0.000e+00 | Val Loss: 3.947e-02 | Time: 9.14s
2025-08-20 04:26:39,142:INFO:Epoch: 35300/40000 | Train Loss: 5.984e-03 | Dynamic Loss: 5.984e-03 | Regularization Loss: 0.000e+00 | Val Loss: 3.940e-02 | Time: 9.18s
2025-08-20 04:26:48,399:INFO:Epoch: 35350/40000 | Train Loss: 5.295e-03 | Dynamic Loss: 5.295e-03 | Regularization Loss: 0.000e+00 | Val Loss: 3.794e-02 | Time: 9.26s
2025-08-20 04:26:57,572:INFO:Epoch: 35400/40000 | Train Loss: 5.470e-03 | Dynamic Loss: 5.470e-03 | Regularization Loss: 0.000e+00 | Val Loss: 3.706e-02 | Time: 9.17s
2025-08-20 04:27:06,757:INFO:Epoch: 35450/40000 | Train Loss: 5.458e-03 | Dynamic Loss: 5.458e-03 | Regularization Loss: 0.000e+00 | Val Loss: 3.947e-02 | Time: 9.19s
2025-08-20 04:27:15,981:INFO:Epoch: 35500/40000 | Train Loss: 4.464e-03 | Dynamic Loss: 4.464e-03 | Regularization Loss: 0.000e+00 | Val Loss: 3.683e-02 | Time: 9.22s
2025-08-20 04:27:25,198:INFO:Epoch: 35550/40000 | Train Loss: 4.163e-03 | Dynamic Loss: 4.163e-03 | Regularization Loss: 0.000e+00 | Val Loss: 3.623e-02 | Time: 9.22s
2025-08-20 04:27:34,386:INFO:Epoch: 35600/40000 | Train Loss: 4.477e-03 | Dynamic Loss: 4.477e-03 | Regularization Loss: 0.000e+00 | Val Loss: 3.746e-02 | Time: 9.19s
2025-08-20 04:27:43,583:INFO:Epoch: 35650/40000 | Train Loss: 7.105e-03 | Dynamic Loss: 7.105e-03 | Regularization Loss: 0.000e+00 | Val Loss: 3.921e-02 | Time: 9.20s
2025-08-20 04:27:52,738:INFO:Epoch: 35700/40000 | Train Loss: 3.804e-03 | Dynamic Loss: 3.804e-03 | Regularization Loss: 0.000e+00 | Val Loss: 3.561e-02 | Time: 9.15s
2025-08-20 04:28:01,817:INFO:Epoch: 35750/40000 | Train Loss: 3.761e-03 | Dynamic Loss: 3.761e-03 | Regularization Loss: 0.000e+00 | Val Loss: 3.513e-02 | Time: 9.08s
2025-08-20 04:28:10,988:INFO:Epoch: 35800/40000 | Train Loss: 4.227e-03 | Dynamic Loss: 4.227e-03 | Regularization Loss: 0.000e+00 | Val Loss: 3.498e-02 | Time: 9.17s
2025-08-20 04:28:27,483:INFO:Epoch: 35850/40000 | Train Loss: 3.473e-03 | Dynamic Loss: 3.473e-03 | Regularization Loss: 0.000e+00 | Val Loss: 3.489e-02 | Time: 16.49s
2025-08-20 04:28:36,662:INFO:Epoch: 35900/40000 | Train Loss: 5.040e-03 | Dynamic Loss: 5.040e-03 | Regularization Loss: 0.000e+00 | Val Loss: 3.473e-02 | Time: 9.18s
2025-08-20 04:28:45,833:INFO:Epoch: 35950/40000 | Train Loss: 4.008e-03 | Dynamic Loss: 4.008e-03 | Regularization Loss: 0.000e+00 | Val Loss: 3.448e-02 | Time: 9.17s
2025-08-20 04:28:54,951:INFO:Epoch: 36000/40000 | Train Loss: 4.070e-03 | Dynamic Loss: 4.070e-03 | Regularization Loss: 0.000e+00 | Val Loss: 3.403e-02 | Time: 9.12s
2025-08-20 04:29:03,995:INFO:Epoch: 36050/40000 | Train Loss: 3.397e-03 | Dynamic Loss: 3.397e-03 | Regularization Loss: 0.000e+00 | Val Loss: 3.410e-02 | Time: 9.04s
2025-08-20 04:29:13,139:INFO:Epoch: 36100/40000 | Train Loss: 4.766e-03 | Dynamic Loss: 4.766e-03 | Regularization Loss: 0.000e+00 | Val Loss: 3.427e-02 | Time: 9.14s
2025-08-20 04:29:22,324:INFO:Epoch: 36150/40000 | Train Loss: 4.143e-03 | Dynamic Loss: 4.143e-03 | Regularization Loss: 0.000e+00 | Val Loss: 3.785e-02 | Time: 9.19s
2025-08-20 04:29:31,560:INFO:Epoch: 36200/40000 | Train Loss: 3.576e-03 | Dynamic Loss: 3.576e-03 | Regularization Loss: 0.000e+00 | Val Loss: 3.377e-02 | Time: 9.24s
2025-08-20 04:29:40,684:INFO:Epoch: 36250/40000 | Train Loss: 3.359e-03 | Dynamic Loss: 3.359e-03 | Regularization Loss: 0.000e+00 | Val Loss: 3.354e-02 | Time: 9.12s
2025-08-20 04:29:49,963:INFO:Epoch: 36300/40000 | Train Loss: 3.730e-03 | Dynamic Loss: 3.730e-03 | Regularization Loss: 0.000e+00 | Val Loss: 3.472e-02 | Time: 9.28s
2025-08-20 04:29:59,176:INFO:Epoch: 36350/40000 | Train Loss: 3.236e-03 | Dynamic Loss: 3.236e-03 | Regularization Loss: 0.000e+00 | Val Loss: 3.375e-02 | Time: 9.21s
2025-08-20 04:30:08,256:INFO:Epoch: 36400/40000 | Train Loss: 2.987e-03 | Dynamic Loss: 2.987e-03 | Regularization Loss: 0.000e+00 | Val Loss: 3.318e-02 | Time: 9.08s
2025-08-20 04:30:17,692:INFO:Epoch: 36450/40000 | Train Loss: 3.302e-03 | Dynamic Loss: 3.302e-03 | Regularization Loss: 0.000e+00 | Val Loss: 3.298e-02 | Time: 9.44s
2025-08-20 04:30:26,861:INFO:Epoch: 36500/40000 | Train Loss: 3.485e-03 | Dynamic Loss: 3.485e-03 | Regularization Loss: 0.000e+00 | Val Loss: 3.423e-02 | Time: 9.17s
2025-08-20 04:30:36,003:INFO:Epoch: 36550/40000 | Train Loss: 2.991e-03 | Dynamic Loss: 2.991e-03 | Regularization Loss: 0.000e+00 | Val Loss: 3.268e-02 | Time: 9.14s
2025-08-20 04:30:45,187:INFO:Epoch: 36600/40000 | Train Loss: 3.841e-03 | Dynamic Loss: 3.841e-03 | Regularization Loss: 0.000e+00 | Val Loss: 3.308e-02 | Time: 9.18s
2025-08-20 04:31:01,855:INFO:Epoch: 36650/40000 | Train Loss: 5.569e-03 | Dynamic Loss: 5.569e-03 | Regularization Loss: 0.000e+00 | Val Loss: 3.571e-02 | Time: 16.67s
2025-08-20 04:31:10,999:INFO:Epoch: 36700/40000 | Train Loss: 3.029e-03 | Dynamic Loss: 3.029e-03 | Regularization Loss: 0.000e+00 | Val Loss: 3.250e-02 | Time: 9.14s
2025-08-20 04:31:20,150:INFO:Epoch: 36750/40000 | Train Loss: 3.795e-03 | Dynamic Loss: 3.795e-03 | Regularization Loss: 0.000e+00 | Val Loss: 3.301e-02 | Time: 9.15s
2025-08-20 04:31:29,314:INFO:Epoch: 36800/40000 | Train Loss: 4.439e-03 | Dynamic Loss: 4.439e-03 | Regularization Loss: 0.000e+00 | Val Loss: 3.283e-02 | Time: 9.16s
2025-08-20 04:31:38,418:INFO:Epoch: 36850/40000 | Train Loss: 1.220e-02 | Dynamic Loss: 1.220e-02 | Regularization Loss: 0.000e+00 | Val Loss: 4.233e-02 | Time: 9.10s
2025-08-20 04:31:47,512:INFO:Epoch: 36900/40000 | Train Loss: 3.248e-03 | Dynamic Loss: 3.248e-03 | Regularization Loss: 0.000e+00 | Val Loss: 3.620e-02 | Time: 9.09s
2025-08-20 04:31:56,805:INFO:Epoch: 36950/40000 | Train Loss: 2.963e-03 | Dynamic Loss: 2.963e-03 | Regularization Loss: 0.000e+00 | Val Loss: 3.545e-02 | Time: 9.29s
2025-08-20 04:32:05,951:INFO:Epoch: 37000/40000 | Train Loss: 3.439e-03 | Dynamic Loss: 3.439e-03 | Regularization Loss: 0.000e+00 | Val Loss: 3.582e-02 | Time: 9.15s
2025-08-20 04:32:15,099:INFO:Epoch: 37050/40000 | Train Loss: 2.830e-03 | Dynamic Loss: 2.830e-03 | Regularization Loss: 0.000e+00 | Val Loss: 3.501e-02 | Time: 9.15s
2025-08-20 04:32:24,336:INFO:Epoch: 37100/40000 | Train Loss: 2.778e-03 | Dynamic Loss: 2.778e-03 | Regularization Loss: 0.000e+00 | Val Loss: 3.479e-02 | Time: 9.24s
2025-08-20 04:32:33,473:INFO:Epoch: 37150/40000 | Train Loss: 3.143e-03 | Dynamic Loss: 3.143e-03 | Regularization Loss: 0.000e+00 | Val Loss: 3.525e-02 | Time: 9.14s
2025-08-20 04:32:42,629:INFO:Epoch: 37200/40000 | Train Loss: 3.979e-03 | Dynamic Loss: 3.979e-03 | Regularization Loss: 0.000e+00 | Val Loss: 3.610e-02 | Time: 9.16s
2025-08-20 04:32:51,842:INFO:Epoch: 37250/40000 | Train Loss: 2.739e-03 | Dynamic Loss: 2.739e-03 | Regularization Loss: 0.000e+00 | Val Loss: 3.456e-02 | Time: 9.21s
2025-08-20 04:33:01,181:INFO:Epoch: 37300/40000 | Train Loss: 2.802e-03 | Dynamic Loss: 2.802e-03 | Regularization Loss: 0.000e+00 | Val Loss: 3.417e-02 | Time: 9.34s
2025-08-20 04:33:10,321:INFO:Epoch: 37350/40000 | Train Loss: 3.507e-03 | Dynamic Loss: 3.507e-03 | Regularization Loss: 0.000e+00 | Val Loss: 3.457e-02 | Time: 9.14s
2025-08-20 04:33:19,483:INFO:Epoch: 37400/40000 | Train Loss: 4.343e-03 | Dynamic Loss: 4.343e-03 | Regularization Loss: 0.000e+00 | Val Loss: 3.529e-02 | Time: 9.16s
2025-08-20 04:33:36,798:INFO:Epoch: 37450/40000 | Train Loss: 2.750e-03 | Dynamic Loss: 2.750e-03 | Regularization Loss: 0.000e+00 | Val Loss: 3.428e-02 | Time: 17.31s
2025-08-20 04:33:45,885:INFO:Epoch: 37500/40000 | Train Loss: 4.465e-03 | Dynamic Loss: 4.465e-03 | Regularization Loss: 0.000e+00 | Val Loss: 3.631e-02 | Time: 9.09s
2025-08-20 04:33:55,073:INFO:Epoch: 37550/40000 | Train Loss: 2.971e-03 | Dynamic Loss: 2.971e-03 | Regularization Loss: 0.000e+00 | Val Loss: 3.462e-02 | Time: 9.19s
2025-08-20 04:34:04,931:INFO:Epoch: 37600/40000 | Train Loss: 2.634e-03 | Dynamic Loss: 2.634e-03 | Regularization Loss: 0.000e+00 | Val Loss: 3.368e-02 | Time: 9.86s
2025-08-20 04:34:14,315:INFO:Epoch: 37650/40000 | Train Loss: 3.667e-03 | Dynamic Loss: 3.667e-03 | Regularization Loss: 0.000e+00 | Val Loss: 3.622e-02 | Time: 9.38s
2025-08-20 04:34:23,471:INFO:Epoch: 37700/40000 | Train Loss: 3.173e-03 | Dynamic Loss: 3.173e-03 | Regularization Loss: 0.000e+00 | Val Loss: 3.456e-02 | Time: 9.16s
2025-08-20 04:34:32,740:INFO:Epoch: 37750/40000 | Train Loss: 4.740e-03 | Dynamic Loss: 4.740e-03 | Regularization Loss: 0.000e+00 | Val Loss: 3.621e-02 | Time: 9.27s
2025-08-20 04:34:41,846:INFO:Epoch: 37800/40000 | Train Loss: 3.433e-03 | Dynamic Loss: 3.433e-03 | Regularization Loss: 0.000e+00 | Val Loss: 3.458e-02 | Time: 9.11s
2025-08-20 04:34:50,998:INFO:Epoch: 37850/40000 | Train Loss: 3.134e-03 | Dynamic Loss: 3.134e-03 | Regularization Loss: 0.000e+00 | Val Loss: 3.499e-02 | Time: 9.15s
2025-08-20 04:35:00,131:INFO:Epoch: 37900/40000 | Train Loss: 4.762e-03 | Dynamic Loss: 4.762e-03 | Regularization Loss: 0.000e+00 | Val Loss: 3.733e-02 | Time: 9.13s
2025-08-20 04:35:17,683:INFO:Epoch: 37950/40000 | Train Loss: 2.826e-03 | Dynamic Loss: 2.826e-03 | Regularization Loss: 0.000e+00 | Val Loss: 3.449e-02 | Time: 17.55s
2025-08-20 04:35:26,841:INFO:Epoch: 38000/40000 | Train Loss: 4.212e-03 | Dynamic Loss: 4.212e-03 | Regularization Loss: 0.000e+00 | Val Loss: 3.683e-02 | Time: 9.16s
2025-08-20 04:35:35,967:INFO:Epoch: 38050/40000 | Train Loss: 3.727e-03 | Dynamic Loss: 3.727e-03 | Regularization Loss: 0.000e+00 | Val Loss: 3.439e-02 | Time: 9.13s
2025-08-20 04:35:48,749:INFO:Epoch: 38100/40000 | Train Loss: 2.727e-03 | Dynamic Loss: 2.727e-03 | Regularization Loss: 0.000e+00 | Val Loss: 3.391e-02 | Time: 12.78s
2025-08-20 04:35:57,900:INFO:Epoch: 38150/40000 | Train Loss: 2.570e-03 | Dynamic Loss: 2.570e-03 | Regularization Loss: 0.000e+00 | Val Loss: 3.480e-02 | Time: 9.15s
2025-08-20 04:36:07,129:INFO:Epoch: 38200/40000 | Train Loss: 5.193e-03 | Dynamic Loss: 5.193e-03 | Regularization Loss: 0.000e+00 | Val Loss: 3.549e-02 | Time: 9.23s
2025-08-20 04:36:16,323:INFO:Epoch: 38250/40000 | Train Loss: 2.884e-03 | Dynamic Loss: 2.884e-03 | Regularization Loss: 0.000e+00 | Val Loss: 3.424e-02 | Time: 9.19s
2025-08-20 04:36:25,551:INFO:Epoch: 38300/40000 | Train Loss: 2.421e-03 | Dynamic Loss: 2.421e-03 | Regularization Loss: 0.000e+00 | Val Loss: 3.483e-02 | Time: 9.23s
2025-08-20 04:36:34,778:INFO:Epoch: 38350/40000 | Train Loss: 4.716e-03 | Dynamic Loss: 4.716e-03 | Regularization Loss: 0.000e+00 | Val Loss: 1.044e-01 | Time: 9.23s
2025-08-20 04:36:43,850:INFO:Epoch: 38400/40000 | Train Loss: 2.373e-03 | Dynamic Loss: 2.373e-03 | Regularization Loss: 0.000e+00 | Val Loss: 3.420e-02 | Time: 9.07s
2025-08-20 04:36:59,219:INFO:Epoch: 38450/40000 | Train Loss: 2.322e-03 | Dynamic Loss: 2.322e-03 | Regularization Loss: 0.000e+00 | Val Loss: 3.391e-02 | Time: 15.37s
2025-08-20 04:37:08,310:INFO:Epoch: 38500/40000 | Train Loss: 2.664e-03 | Dynamic Loss: 2.664e-03 | Regularization Loss: 0.000e+00 | Val Loss: 3.442e-02 | Time: 9.09s
2025-08-20 04:37:17,354:INFO:Epoch: 38550/40000 | Train Loss: 4.591e-03 | Dynamic Loss: 4.591e-03 | Regularization Loss: 0.000e+00 | Val Loss: 3.546e-02 | Time: 9.04s
2025-08-20 04:37:31,403:INFO:Epoch: 38600/40000 | Train Loss: 2.765e-03 | Dynamic Loss: 2.765e-03 | Regularization Loss: 0.000e+00 | Val Loss: 3.424e-02 | Time: 14.05s
2025-08-20 04:37:40,502:INFO:Epoch: 38650/40000 | Train Loss: 2.593e-03 | Dynamic Loss: 2.593e-03 | Regularization Loss: 0.000e+00 | Val Loss: 3.459e-02 | Time: 9.10s
2025-08-20 04:37:49,578:INFO:Epoch: 38700/40000 | Train Loss: 3.435e-03 | Dynamic Loss: 3.435e-03 | Regularization Loss: 0.000e+00 | Val Loss: 3.517e-02 | Time: 9.08s
2025-08-20 04:38:00,947:INFO:Epoch: 38750/40000 | Train Loss: 1.756e-02 | Dynamic Loss: 1.756e-02 | Regularization Loss: 0.000e+00 | Val Loss: 5.328e-02 | Time: 11.37s
2025-08-20 04:38:10,169:INFO:Epoch: 38800/40000 | Train Loss: 2.320e-03 | Dynamic Loss: 2.320e-03 | Regularization Loss: 0.000e+00 | Val Loss: 3.460e-02 | Time: 9.22s
2025-08-20 04:38:19,279:INFO:Epoch: 38850/40000 | Train Loss: 4.054e-03 | Dynamic Loss: 4.054e-03 | Regularization Loss: 0.000e+00 | Val Loss: 3.497e-02 | Time: 9.11s
2025-08-20 04:38:28,538:INFO:Epoch: 38900/40000 | Train Loss: 3.451e-03 | Dynamic Loss: 3.451e-03 | Regularization Loss: 0.000e+00 | Val Loss: 3.554e-02 | Time: 9.26s
2025-08-20 04:38:37,726:INFO:Epoch: 38950/40000 | Train Loss: 3.447e-03 | Dynamic Loss: 3.447e-03 | Regularization Loss: 0.000e+00 | Val Loss: 3.451e-02 | Time: 9.19s
2025-08-20 04:38:46,834:INFO:Epoch: 39000/40000 | Train Loss: 2.338e-03 | Dynamic Loss: 2.338e-03 | Regularization Loss: 0.000e+00 | Val Loss: 3.420e-02 | Time: 9.11s
2025-08-20 04:38:56,078:INFO:Epoch: 39050/40000 | Train Loss: 2.293e-03 | Dynamic Loss: 2.293e-03 | Regularization Loss: 0.000e+00 | Val Loss: 3.394e-02 | Time: 9.24s
2025-08-20 04:39:05,195:INFO:Epoch: 39100/40000 | Train Loss: 2.965e-03 | Dynamic Loss: 2.965e-03 | Regularization Loss: 0.000e+00 | Val Loss: 3.410e-02 | Time: 9.12s
2025-08-20 04:39:14,347:INFO:Epoch: 39150/40000 | Train Loss: 8.480e-03 | Dynamic Loss: 8.480e-03 | Regularization Loss: 0.000e+00 | Val Loss: 3.801e-02 | Time: 9.15s
2025-08-20 04:39:23,482:INFO:Epoch: 39200/40000 | Train Loss: 2.268e-03 | Dynamic Loss: 2.268e-03 | Regularization Loss: 0.000e+00 | Val Loss: 3.354e-02 | Time: 9.13s
2025-08-20 04:39:38,952:INFO:Epoch: 39250/40000 | Train Loss: 2.881e-03 | Dynamic Loss: 2.881e-03 | Regularization Loss: 0.000e+00 | Val Loss: 3.461e-02 | Time: 15.47s
2025-08-20 04:39:48,082:INFO:Epoch: 39300/40000 | Train Loss: 2.327e-03 | Dynamic Loss: 2.327e-03 | Regularization Loss: 0.000e+00 | Val Loss: 3.365e-02 | Time: 9.13s
2025-08-20 04:39:57,130:INFO:Epoch: 39350/40000 | Train Loss: 3.840e-01 | Dynamic Loss: 3.840e-01 | Regularization Loss: 0.000e+00 | Val Loss: 3.803e-01 | Time: 9.05s
2025-08-20 04:40:06,447:INFO:Epoch: 39400/40000 | Train Loss: 7.610e-03 | Dynamic Loss: 7.610e-03 | Regularization Loss: 0.000e+00 | Val Loss: 3.353e-02 | Time: 9.32s
2025-08-20 04:40:15,623:INFO:Epoch: 39450/40000 | Train Loss: 3.898e-03 | Dynamic Loss: 3.898e-03 | Regularization Loss: 0.000e+00 | Val Loss: 3.001e-02 | Time: 9.18s
2025-08-20 04:40:24,795:INFO:Epoch: 39500/40000 | Train Loss: 3.093e-03 | Dynamic Loss: 3.093e-03 | Regularization Loss: 0.000e+00 | Val Loss: 2.906e-02 | Time: 9.17s
2025-08-20 04:40:36,140:INFO:Epoch: 39550/40000 | Train Loss: 2.771e-03 | Dynamic Loss: 2.771e-03 | Regularization Loss: 0.000e+00 | Val Loss: 2.870e-02 | Time: 11.34s
2025-08-20 04:40:45,267:INFO:Epoch: 39600/40000 | Train Loss: 2.706e-03 | Dynamic Loss: 2.706e-03 | Regularization Loss: 0.000e+00 | Val Loss: 2.854e-02 | Time: 9.13s
2025-08-20 04:40:54,559:INFO:Epoch: 39650/40000 | Train Loss: 2.513e-03 | Dynamic Loss: 2.513e-03 | Regularization Loss: 0.000e+00 | Val Loss: 2.838e-02 | Time: 9.29s
2025-08-20 04:41:03,645:INFO:Epoch: 39700/40000 | Train Loss: 2.774e-03 | Dynamic Loss: 2.774e-03 | Regularization Loss: 0.000e+00 | Val Loss: 2.861e-02 | Time: 9.09s
2025-08-20 04:41:20,763:INFO:Epoch: 39750/40000 | Train Loss: 2.840e-03 | Dynamic Loss: 2.840e-03 | Regularization Loss: 0.000e+00 | Val Loss: 2.900e-02 | Time: 17.12s
2025-08-20 04:41:29,905:INFO:Epoch: 39800/40000 | Train Loss: 2.918e-03 | Dynamic Loss: 2.918e-03 | Regularization Loss: 0.000e+00 | Val Loss: 2.882e-02 | Time: 9.14s
2025-08-20 04:41:39,063:INFO:Epoch: 39850/40000 | Train Loss: 3.760e-03 | Dynamic Loss: 3.760e-03 | Regularization Loss: 0.000e+00 | Val Loss: 2.853e-02 | Time: 9.16s
2025-08-20 04:41:55,468:INFO:Epoch: 39900/40000 | Train Loss: 2.767e-03 | Dynamic Loss: 2.767e-03 | Regularization Loss: 0.000e+00 | Val Loss: 2.853e-02 | Time: 16.40s
2025-08-20 04:42:04,629:INFO:Epoch: 39950/40000 | Train Loss: 2.512e-03 | Dynamic Loss: 2.512e-03 | Regularization Loss: 0.000e+00 | Val Loss: 2.819e-02 | Time: 9.16s
2025-08-20 04:42:04,629:INFO:New best model found at epoch 39950 with validation loss 2.819e-02. Saving...
2025-08-20 04:42:13,773:INFO:Epoch: 40000/40000 | Train Loss: 2.406e-03 | Dynamic Loss: 2.406e-03 | Regularization Loss: 0.000e+00 | Val Loss: 2.843e-02 | Time: 9.12s
