2025-08-20 18:24:54,160:INFO:Created DataLoaders with 5994 training samples and 1998 validation samples.
2025-08-20 18:25:06,222:INFO:model params: 2512001
2025-08-20 18:25:06,222:INFO:removing projection layer after initialization
2025-08-20 18:25:22,022:INFO:Epoch: 0/40000 | Train Loss: 2.813e+00 | Dynamic Loss: 2.813e+00 | Regularization Loss: 0.000e+00 | Val Loss: 2.507e+00 | Time: 15.68s
2025-08-20 18:25:22,022:INFO:New best model found at epoch 0 with validation loss 2.507e+00. Saving...
2025-08-20 18:25:30,513:INFO:Epoch: 50/40000 | Train Loss: 1.807e+00 | Dynamic Loss: 1.807e+00 | Regularization Loss: 0.000e+00 | Val Loss: 1.800e+00 | Time: 8.29s
2025-08-20 18:25:30,513:INFO:New best model found at epoch 50 with validation loss 1.800e+00. Saving...
2025-08-20 18:25:45,832:INFO:Epoch: 100/40000 | Train Loss: 1.686e+00 | Dynamic Loss: 1.686e+00 | Regularization Loss: 0.000e+00 | Val Loss: 1.738e+00 | Time: 15.20s
2025-08-20 18:25:45,832:INFO:New best model found at epoch 100 with validation loss 1.738e+00. Saving...
2025-08-20 18:25:54,272:INFO:Epoch: 150/40000 | Train Loss: 1.656e+00 | Dynamic Loss: 1.656e+00 | Regularization Loss: 0.000e+00 | Val Loss: 1.701e+00 | Time: 8.32s
2025-08-20 18:25:54,272:INFO:New best model found at epoch 150 with validation loss 1.701e+00. Saving...
2025-08-20 18:26:02,805:INFO:Epoch: 200/40000 | Train Loss: 1.618e+00 | Dynamic Loss: 1.618e+00 | Regularization Loss: 0.000e+00 | Val Loss: 1.665e+00 | Time: 8.40s
2025-08-20 18:26:02,805:INFO:New best model found at epoch 200 with validation loss 1.665e+00. Saving...
2025-08-20 18:26:19,304:INFO:Epoch: 250/40000 | Train Loss: 1.588e+00 | Dynamic Loss: 1.588e+00 | Regularization Loss: 0.000e+00 | Val Loss: 1.641e+00 | Time: 16.38s
2025-08-20 18:26:19,304:INFO:New best model found at epoch 250 with validation loss 1.641e+00. Saving...
2025-08-20 18:26:28,091:INFO:Epoch: 300/40000 | Train Loss: 1.549e+00 | Dynamic Loss: 1.549e+00 | Regularization Loss: 0.000e+00 | Val Loss: 1.607e+00 | Time: 8.66s
2025-08-20 18:26:28,091:INFO:New best model found at epoch 300 with validation loss 1.607e+00. Saving...
2025-08-20 18:26:37,000:INFO:Epoch: 350/40000 | Train Loss: 1.512e+00 | Dynamic Loss: 1.512e+00 | Regularization Loss: 0.000e+00 | Val Loss: 1.571e+00 | Time: 8.78s
2025-08-20 18:26:37,000:INFO:New best model found at epoch 350 with validation loss 1.571e+00. Saving...
2025-08-20 18:26:52,954:INFO:Epoch: 400/40000 | Train Loss: 1.421e+00 | Dynamic Loss: 1.421e+00 | Regularization Loss: 0.000e+00 | Val Loss: 1.467e+00 | Time: 15.82s
2025-08-20 18:26:52,954:INFO:New best model found at epoch 400 with validation loss 1.467e+00. Saving...
2025-08-20 18:27:01,493:INFO:Epoch: 450/40000 | Train Loss: 1.369e+00 | Dynamic Loss: 1.369e+00 | Regularization Loss: 0.000e+00 | Val Loss: 1.411e+00 | Time: 8.42s
2025-08-20 18:27:01,493:INFO:New best model found at epoch 450 with validation loss 1.411e+00. Saving...
2025-08-20 18:27:10,076:INFO:Epoch: 500/40000 | Train Loss: 1.257e+00 | Dynamic Loss: 1.257e+00 | Regularization Loss: 0.000e+00 | Val Loss: 1.301e+00 | Time: 8.46s
2025-08-20 18:27:10,076:INFO:New best model found at epoch 500 with validation loss 1.301e+00. Saving...
2025-08-20 18:27:26,761:INFO:Epoch: 550/40000 | Train Loss: 1.189e+00 | Dynamic Loss: 1.189e+00 | Regularization Loss: 0.000e+00 | Val Loss: 1.244e+00 | Time: 16.56s
2025-08-20 18:27:26,761:INFO:New best model found at epoch 550 with validation loss 1.244e+00. Saving...
2025-08-20 18:27:35,366:INFO:Epoch: 600/40000 | Train Loss: 1.177e+00 | Dynamic Loss: 1.177e+00 | Regularization Loss: 0.000e+00 | Val Loss: 1.236e+00 | Time: 8.48s
2025-08-20 18:27:35,366:INFO:New best model found at epoch 600 with validation loss 1.236e+00. Saving...
2025-08-20 18:27:43,963:INFO:Epoch: 650/40000 | Train Loss: 1.068e+00 | Dynamic Loss: 1.068e+00 | Regularization Loss: 0.000e+00 | Val Loss: 1.132e+00 | Time: 8.47s
2025-08-20 18:27:43,963:INFO:New best model found at epoch 650 with validation loss 1.132e+00. Saving...
2025-08-20 18:28:00,629:INFO:Epoch: 700/40000 | Train Loss: 1.004e+00 | Dynamic Loss: 1.004e+00 | Regularization Loss: 0.000e+00 | Val Loss: 1.074e+00 | Time: 16.54s
2025-08-20 18:28:00,629:INFO:New best model found at epoch 700 with validation loss 1.074e+00. Saving...
2025-08-20 18:28:09,209:INFO:Epoch: 750/40000 | Train Loss: 9.974e-01 | Dynamic Loss: 9.974e-01 | Regularization Loss: 0.000e+00 | Val Loss: 1.078e+00 | Time: 8.45s
2025-08-20 18:28:17,741:INFO:Epoch: 800/40000 | Train Loss: 1.039e+00 | Dynamic Loss: 1.039e+00 | Regularization Loss: 0.000e+00 | Val Loss: 1.129e+00 | Time: 8.42s
2025-08-20 18:28:34,389:INFO:Epoch: 850/40000 | Train Loss: 1.546e+00 | Dynamic Loss: 1.546e+00 | Regularization Loss: 0.000e+00 | Val Loss: 1.028e+00 | Time: 16.55s
2025-08-20 18:28:34,389:INFO:New best model found at epoch 850 with validation loss 1.028e+00. Saving...
2025-08-20 18:28:43,163:INFO:Epoch: 900/40000 | Train Loss: 8.467e-01 | Dynamic Loss: 8.467e-01 | Regularization Loss: 0.000e+00 | Val Loss: 9.191e-01 | Time: 8.65s
2025-08-20 18:28:43,164:INFO:New best model found at epoch 900 with validation loss 9.191e-01. Saving...
2025-08-20 18:28:51,962:INFO:Epoch: 950/40000 | Train Loss: 8.001e-01 | Dynamic Loss: 8.001e-01 | Regularization Loss: 0.000e+00 | Val Loss: 8.649e-01 | Time: 8.68s
2025-08-20 18:28:51,962:INFO:New best model found at epoch 950 with validation loss 8.649e-01. Saving...
2025-08-20 18:29:00,772:INFO:Epoch: 1000/40000 | Train Loss: 7.784e-01 | Dynamic Loss: 7.784e-01 | Regularization Loss: 0.000e+00 | Val Loss: 8.547e-01 | Time: 8.69s
2025-08-20 18:29:00,772:INFO:New best model found at epoch 1000 with validation loss 8.547e-01. Saving...
2025-08-20 18:29:09,477:INFO:Epoch: 1050/40000 | Train Loss: 7.548e-01 | Dynamic Loss: 7.548e-01 | Regularization Loss: 0.000e+00 | Val Loss: 8.190e-01 | Time: 8.58s
2025-08-20 18:29:09,478:INFO:New best model found at epoch 1050 with validation loss 8.190e-01. Saving...
2025-08-20 18:29:18,136:INFO:Epoch: 1100/40000 | Train Loss: 7.101e-01 | Dynamic Loss: 7.101e-01 | Regularization Loss: 0.000e+00 | Val Loss: 7.725e-01 | Time: 8.54s
2025-08-20 18:29:18,136:INFO:New best model found at epoch 1100 with validation loss 7.725e-01. Saving...
2025-08-20 18:29:26,745:INFO:Epoch: 1150/40000 | Train Loss: 7.064e-01 | Dynamic Loss: 7.064e-01 | Regularization Loss: 0.000e+00 | Val Loss: 7.730e-01 | Time: 8.49s
2025-08-20 18:29:35,425:INFO:Epoch: 1200/40000 | Train Loss: 7.566e-01 | Dynamic Loss: 7.566e-01 | Regularization Loss: 0.000e+00 | Val Loss: 7.982e-01 | Time: 8.58s
2025-08-20 18:29:44,081:INFO:Epoch: 1250/40000 | Train Loss: 9.882e-01 | Dynamic Loss: 9.882e-01 | Regularization Loss: 0.000e+00 | Val Loss: 1.786e+00 | Time: 8.55s
2025-08-20 18:30:00,784:INFO:Epoch: 1300/40000 | Train Loss: 6.046e-01 | Dynamic Loss: 6.046e-01 | Regularization Loss: 0.000e+00 | Val Loss: 6.648e-01 | Time: 16.60s
2025-08-20 18:30:00,784:INFO:New best model found at epoch 1300 with validation loss 6.648e-01. Saving...
2025-08-20 18:30:09,547:INFO:Epoch: 1350/40000 | Train Loss: 6.091e-01 | Dynamic Loss: 6.091e-01 | Regularization Loss: 0.000e+00 | Val Loss: 6.736e-01 | Time: 8.63s
2025-08-20 18:30:18,222:INFO:Epoch: 1400/40000 | Train Loss: 6.217e-01 | Dynamic Loss: 6.217e-01 | Regularization Loss: 0.000e+00 | Val Loss: 6.649e-01 | Time: 8.56s
2025-08-20 18:30:35,295:INFO:Epoch: 1450/40000 | Train Loss: 1.176e+00 | Dynamic Loss: 1.176e+00 | Regularization Loss: 0.000e+00 | Val Loss: 1.123e+00 | Time: 16.97s
2025-08-20 18:30:44,004:INFO:Epoch: 1500/40000 | Train Loss: 5.749e-01 | Dynamic Loss: 5.749e-01 | Regularization Loss: 0.000e+00 | Val Loss: 6.436e-01 | Time: 8.60s
2025-08-20 18:30:44,005:INFO:New best model found at epoch 1500 with validation loss 6.436e-01. Saving...
2025-08-20 18:30:52,638:INFO:Epoch: 1550/40000 | Train Loss: 5.671e-01 | Dynamic Loss: 5.671e-01 | Regularization Loss: 0.000e+00 | Val Loss: 6.349e-01 | Time: 8.50s
2025-08-20 18:30:52,638:INFO:New best model found at epoch 1550 with validation loss 6.349e-01. Saving...
2025-08-20 18:31:10,014:INFO:Epoch: 1600/40000 | Train Loss: 5.749e-01 | Dynamic Loss: 5.749e-01 | Regularization Loss: 0.000e+00 | Val Loss: 6.098e-01 | Time: 17.25s
2025-08-20 18:31:10,014:INFO:New best model found at epoch 1600 with validation loss 6.098e-01. Saving...
2025-08-20 18:31:18,651:INFO:Epoch: 1650/40000 | Train Loss: 1.260e+00 | Dynamic Loss: 1.260e+00 | Regularization Loss: 0.000e+00 | Val Loss: 9.680e-01 | Time: 8.51s
2025-08-20 18:31:27,636:INFO:Epoch: 1700/40000 | Train Loss: 5.483e-01 | Dynamic Loss: 5.483e-01 | Regularization Loss: 0.000e+00 | Val Loss: 6.117e-01 | Time: 8.88s
2025-08-20 18:31:44,679:INFO:Epoch: 1750/40000 | Train Loss: 4.966e-01 | Dynamic Loss: 4.966e-01 | Regularization Loss: 0.000e+00 | Val Loss: 5.682e-01 | Time: 16.94s
2025-08-20 18:31:44,679:INFO:New best model found at epoch 1750 with validation loss 5.682e-01. Saving...
2025-08-20 18:31:53,431:INFO:Epoch: 1800/40000 | Train Loss: 4.736e-01 | Dynamic Loss: 4.736e-01 | Regularization Loss: 0.000e+00 | Val Loss: 5.296e-01 | Time: 8.63s
2025-08-20 18:31:53,431:INFO:New best model found at epoch 1800 with validation loss 5.296e-01. Saving...
2025-08-20 18:32:02,129:INFO:Epoch: 1850/40000 | Train Loss: 4.694e-01 | Dynamic Loss: 4.694e-01 | Regularization Loss: 0.000e+00 | Val Loss: 5.480e-01 | Time: 8.57s
2025-08-20 18:32:19,113:INFO:Epoch: 1900/40000 | Train Loss: 4.456e-01 | Dynamic Loss: 4.456e-01 | Regularization Loss: 0.000e+00 | Val Loss: 5.014e-01 | Time: 16.88s
2025-08-20 18:32:19,113:INFO:New best model found at epoch 1900 with validation loss 5.014e-01. Saving...
2025-08-20 18:32:27,843:INFO:Epoch: 1950/40000 | Train Loss: 4.702e-01 | Dynamic Loss: 4.702e-01 | Regularization Loss: 0.000e+00 | Val Loss: 5.211e-01 | Time: 8.59s
2025-08-20 18:32:36,849:INFO:Epoch: 2000/40000 | Train Loss: 4.437e-01 | Dynamic Loss: 4.437e-01 | Regularization Loss: 0.000e+00 | Val Loss: 5.031e-01 | Time: 8.89s
2025-08-20 18:32:50,291:INFO:Epoch: 2050/40000 | Train Loss: 4.230e-01 | Dynamic Loss: 4.230e-01 | Regularization Loss: 0.000e+00 | Val Loss: 4.821e-01 | Time: 13.34s
2025-08-20 18:32:50,292:INFO:New best model found at epoch 2050 with validation loss 4.821e-01. Saving...
2025-08-20 18:32:59,080:INFO:Epoch: 2100/40000 | Train Loss: 4.137e-01 | Dynamic Loss: 4.137e-01 | Regularization Loss: 0.000e+00 | Val Loss: 4.652e-01 | Time: 8.67s
2025-08-20 18:32:59,080:INFO:New best model found at epoch 2100 with validation loss 4.652e-01. Saving...
2025-08-20 18:33:07,890:INFO:Epoch: 2150/40000 | Train Loss: 4.097e-01 | Dynamic Loss: 4.097e-01 | Regularization Loss: 0.000e+00 | Val Loss: 4.665e-01 | Time: 8.69s
2025-08-20 18:33:25,245:INFO:Epoch: 2200/40000 | Train Loss: 4.416e-01 | Dynamic Loss: 4.416e-01 | Regularization Loss: 0.000e+00 | Val Loss: 5.421e-01 | Time: 17.25s
2025-08-20 18:33:34,083:INFO:Epoch: 2250/40000 | Train Loss: 5.781e-01 | Dynamic Loss: 5.781e-01 | Regularization Loss: 0.000e+00 | Val Loss: 6.594e-01 | Time: 8.74s
2025-08-20 18:33:43,097:INFO:Epoch: 2300/40000 | Train Loss: 3.821e-01 | Dynamic Loss: 3.821e-01 | Regularization Loss: 0.000e+00 | Val Loss: 4.334e-01 | Time: 8.91s
2025-08-20 18:33:43,097:INFO:New best model found at epoch 2300 with validation loss 4.334e-01. Saving...
2025-08-20 18:33:51,848:INFO:Epoch: 2350/40000 | Train Loss: 3.863e-01 | Dynamic Loss: 3.863e-01 | Regularization Loss: 0.000e+00 | Val Loss: 4.325e-01 | Time: 8.63s
2025-08-20 18:33:51,849:INFO:New best model found at epoch 2350 with validation loss 4.325e-01. Saving...
2025-08-20 18:34:00,488:INFO:Epoch: 2400/40000 | Train Loss: 3.714e-01 | Dynamic Loss: 3.714e-01 | Regularization Loss: 0.000e+00 | Val Loss: 4.362e-01 | Time: 8.52s
2025-08-20 18:34:09,127:INFO:Epoch: 2450/40000 | Train Loss: 3.635e-01 | Dynamic Loss: 3.635e-01 | Regularization Loss: 0.000e+00 | Val Loss: 4.134e-01 | Time: 8.53s
2025-08-20 18:34:09,127:INFO:New best model found at epoch 2450 with validation loss 4.134e-01. Saving...
2025-08-20 18:34:26,218:INFO:Epoch: 2500/40000 | Train Loss: 3.623e-01 | Dynamic Loss: 3.623e-01 | Regularization Loss: 0.000e+00 | Val Loss: 4.122e-01 | Time: 16.97s
2025-08-20 18:34:26,218:INFO:New best model found at epoch 2500 with validation loss 4.122e-01. Saving...
2025-08-20 18:34:34,929:INFO:Epoch: 2550/40000 | Train Loss: 6.897e-01 | Dynamic Loss: 6.897e-01 | Regularization Loss: 0.000e+00 | Val Loss: 6.537e-01 | Time: 8.59s
2025-08-20 18:34:43,750:INFO:Epoch: 2600/40000 | Train Loss: 3.695e-01 | Dynamic Loss: 3.695e-01 | Regularization Loss: 0.000e+00 | Val Loss: 4.119e-01 | Time: 8.72s
2025-08-20 18:34:43,750:INFO:New best model found at epoch 2600 with validation loss 4.119e-01. Saving...
2025-08-20 18:35:00,580:INFO:Epoch: 2650/40000 | Train Loss: 6.652e-01 | Dynamic Loss: 6.652e-01 | Regularization Loss: 0.000e+00 | Val Loss: 5.611e-01 | Time: 16.71s
2025-08-20 18:35:09,403:INFO:Epoch: 2700/40000 | Train Loss: 3.468e-01 | Dynamic Loss: 3.468e-01 | Regularization Loss: 0.000e+00 | Val Loss: 4.118e-01 | Time: 8.72s
2025-08-20 18:35:09,403:INFO:New best model found at epoch 2700 with validation loss 4.118e-01. Saving...
2025-08-20 18:35:18,075:INFO:Epoch: 2750/40000 | Train Loss: 3.349e-01 | Dynamic Loss: 3.349e-01 | Regularization Loss: 0.000e+00 | Val Loss: 3.841e-01 | Time: 8.55s
2025-08-20 18:35:18,076:INFO:New best model found at epoch 2750 with validation loss 3.841e-01. Saving...
2025-08-20 18:35:26,998:INFO:Epoch: 2800/40000 | Train Loss: 3.265e-01 | Dynamic Loss: 3.265e-01 | Regularization Loss: 0.000e+00 | Val Loss: 3.786e-01 | Time: 8.80s
2025-08-20 18:35:26,998:INFO:New best model found at epoch 2800 with validation loss 3.786e-01. Saving...
2025-08-20 18:35:35,734:INFO:Epoch: 2850/40000 | Train Loss: 3.217e-01 | Dynamic Loss: 3.217e-01 | Regularization Loss: 0.000e+00 | Val Loss: 3.707e-01 | Time: 8.60s
2025-08-20 18:35:35,734:INFO:New best model found at epoch 2850 with validation loss 3.707e-01. Saving...
2025-08-20 18:35:44,628:INFO:Epoch: 2900/40000 | Train Loss: 3.170e-01 | Dynamic Loss: 3.170e-01 | Regularization Loss: 0.000e+00 | Val Loss: 3.694e-01 | Time: 8.76s
2025-08-20 18:35:44,628:INFO:New best model found at epoch 2900 with validation loss 3.694e-01. Saving...
2025-08-20 18:35:53,781:INFO:Epoch: 2950/40000 | Train Loss: 6.856e-01 | Dynamic Loss: 6.856e-01 | Regularization Loss: 0.000e+00 | Val Loss: 7.172e-01 | Time: 9.02s
2025-08-20 18:36:02,638:INFO:Epoch: 3000/40000 | Train Loss: 3.239e-01 | Dynamic Loss: 3.239e-01 | Regularization Loss: 0.000e+00 | Val Loss: 3.734e-01 | Time: 8.75s
2025-08-20 18:36:11,377:INFO:Epoch: 3050/40000 | Train Loss: 3.099e-01 | Dynamic Loss: 3.099e-01 | Regularization Loss: 0.000e+00 | Val Loss: 3.558e-01 | Time: 8.63s
2025-08-20 18:36:11,377:INFO:New best model found at epoch 3050 with validation loss 3.558e-01. Saving...
2025-08-20 18:36:20,127:INFO:Epoch: 3100/40000 | Train Loss: 3.035e-01 | Dynamic Loss: 3.035e-01 | Regularization Loss: 0.000e+00 | Val Loss: 3.516e-01 | Time: 8.62s
2025-08-20 18:36:20,127:INFO:New best model found at epoch 3100 with validation loss 3.516e-01. Saving...
2025-08-20 18:36:37,310:INFO:Epoch: 3150/40000 | Train Loss: 3.089e-01 | Dynamic Loss: 3.089e-01 | Regularization Loss: 0.000e+00 | Val Loss: 3.501e-01 | Time: 17.05s
2025-08-20 18:36:37,310:INFO:New best model found at epoch 3150 with validation loss 3.501e-01. Saving...
2025-08-20 18:36:45,890:INFO:Epoch: 3200/40000 | Train Loss: 3.038e-01 | Dynamic Loss: 3.038e-01 | Regularization Loss: 0.000e+00 | Val Loss: 3.455e-01 | Time: 8.46s
2025-08-20 18:36:45,890:INFO:New best model found at epoch 3200 with validation loss 3.455e-01. Saving...
2025-08-20 18:36:54,707:INFO:Epoch: 3250/40000 | Train Loss: 3.598e-01 | Dynamic Loss: 3.598e-01 | Regularization Loss: 0.000e+00 | Val Loss: 3.648e-01 | Time: 8.65s
2025-08-20 18:37:03,759:INFO:Epoch: 3300/40000 | Train Loss: 2.962e-01 | Dynamic Loss: 2.962e-01 | Regularization Loss: 0.000e+00 | Val Loss: 3.475e-01 | Time: 8.95s
2025-08-20 18:37:12,477:INFO:Epoch: 3350/40000 | Train Loss: 2.855e-01 | Dynamic Loss: 2.855e-01 | Regularization Loss: 0.000e+00 | Val Loss: 3.316e-01 | Time: 8.61s
2025-08-20 18:37:12,477:INFO:New best model found at epoch 3350 with validation loss 3.316e-01. Saving...
2025-08-20 18:37:21,379:INFO:Epoch: 3400/40000 | Train Loss: 2.779e-01 | Dynamic Loss: 2.779e-01 | Regularization Loss: 0.000e+00 | Val Loss: 3.211e-01 | Time: 8.78s
2025-08-20 18:37:21,379:INFO:New best model found at epoch 3400 with validation loss 3.211e-01. Saving...
2025-08-20 18:37:37,851:INFO:Epoch: 3450/40000 | Train Loss: 5.592e-01 | Dynamic Loss: 5.592e-01 | Regularization Loss: 0.000e+00 | Val Loss: 3.520e-01 | Time: 16.35s
2025-08-20 18:37:46,581:INFO:Epoch: 3500/40000 | Train Loss: 2.870e-01 | Dynamic Loss: 2.870e-01 | Regularization Loss: 0.000e+00 | Val Loss: 3.291e-01 | Time: 8.62s
2025-08-20 18:37:55,328:INFO:Epoch: 3550/40000 | Train Loss: 4.765e-01 | Dynamic Loss: 4.765e-01 | Regularization Loss: 0.000e+00 | Val Loss: 4.772e-01 | Time: 8.64s
2025-08-20 18:38:12,356:INFO:Epoch: 3600/40000 | Train Loss: 3.003e-01 | Dynamic Loss: 3.003e-01 | Regularization Loss: 0.000e+00 | Val Loss: 3.248e-01 | Time: 16.92s
2025-08-20 18:38:21,123:INFO:Epoch: 3650/40000 | Train Loss: 2.701e-01 | Dynamic Loss: 2.701e-01 | Regularization Loss: 0.000e+00 | Val Loss: 3.145e-01 | Time: 8.65s
2025-08-20 18:38:21,123:INFO:New best model found at epoch 3650 with validation loss 3.145e-01. Saving...
2025-08-20 18:38:30,159:INFO:Epoch: 3700/40000 | Train Loss: 2.669e-01 | Dynamic Loss: 2.669e-01 | Regularization Loss: 0.000e+00 | Val Loss: 3.131e-01 | Time: 8.89s
2025-08-20 18:38:30,159:INFO:New best model found at epoch 3700 with validation loss 3.131e-01. Saving...
2025-08-20 18:38:47,572:INFO:Epoch: 3750/40000 | Train Loss: 2.569e-01 | Dynamic Loss: 2.569e-01 | Regularization Loss: 0.000e+00 | Val Loss: 3.003e-01 | Time: 17.28s
2025-08-20 18:38:47,572:INFO:New best model found at epoch 3750 with validation loss 3.003e-01. Saving...
2025-08-20 18:38:56,370:INFO:Epoch: 3800/40000 | Train Loss: 2.551e-01 | Dynamic Loss: 2.551e-01 | Regularization Loss: 0.000e+00 | Val Loss: 2.932e-01 | Time: 8.67s
2025-08-20 18:38:56,370:INFO:New best model found at epoch 3800 with validation loss 2.932e-01. Saving...
2025-08-20 18:39:05,280:INFO:Epoch: 3850/40000 | Train Loss: 2.753e-01 | Dynamic Loss: 2.753e-01 | Regularization Loss: 0.000e+00 | Val Loss: 3.127e-01 | Time: 8.77s
2025-08-20 18:39:14,127:INFO:Epoch: 3900/40000 | Train Loss: 2.432e-01 | Dynamic Loss: 2.432e-01 | Regularization Loss: 0.000e+00 | Val Loss: 2.833e-01 | Time: 8.73s
2025-08-20 18:39:14,128:INFO:New best model found at epoch 3900 with validation loss 2.833e-01. Saving...
2025-08-20 18:39:22,929:INFO:Epoch: 3950/40000 | Train Loss: 2.483e-01 | Dynamic Loss: 2.483e-01 | Regularization Loss: 0.000e+00 | Val Loss: 2.892e-01 | Time: 8.67s
2025-08-20 18:39:36,765:INFO:Epoch: 4000/40000 | Train Loss: 2.477e-01 | Dynamic Loss: 2.477e-01 | Regularization Loss: 0.000e+00 | Val Loss: 2.882e-01 | Time: 13.72s
2025-08-20 18:39:53,581:INFO:Epoch: 4050/40000 | Train Loss: 2.715e-01 | Dynamic Loss: 2.715e-01 | Regularization Loss: 0.000e+00 | Val Loss: 2.988e-01 | Time: 16.71s
2025-08-20 18:40:02,286:INFO:Epoch: 4100/40000 | Train Loss: 2.343e-01 | Dynamic Loss: 2.343e-01 | Regularization Loss: 0.000e+00 | Val Loss: 2.764e-01 | Time: 8.60s
2025-08-20 18:40:02,286:INFO:New best model found at epoch 4100 with validation loss 2.764e-01. Saving...
2025-08-20 18:40:11,031:INFO:Epoch: 4150/40000 | Train Loss: 2.318e-01 | Dynamic Loss: 2.318e-01 | Regularization Loss: 0.000e+00 | Val Loss: 2.668e-01 | Time: 8.60s
2025-08-20 18:40:11,032:INFO:New best model found at epoch 4150 with validation loss 2.668e-01. Saving...
2025-08-20 18:40:28,186:INFO:Epoch: 4200/40000 | Train Loss: 5.339e-01 | Dynamic Loss: 5.339e-01 | Regularization Loss: 0.000e+00 | Val Loss: 4.822e-01 | Time: 17.04s
2025-08-20 18:40:36,726:INFO:Epoch: 4250/40000 | Train Loss: 2.942e-01 | Dynamic Loss: 2.942e-01 | Regularization Loss: 0.000e+00 | Val Loss: 3.378e-01 | Time: 8.44s
2025-08-20 18:40:45,818:INFO:Epoch: 4300/40000 | Train Loss: 2.266e-01 | Dynamic Loss: 2.266e-01 | Regularization Loss: 0.000e+00 | Val Loss: 2.598e-01 | Time: 8.99s
2025-08-20 18:40:45,818:INFO:New best model found at epoch 4300 with validation loss 2.598e-01. Saving...
2025-08-20 18:40:54,894:INFO:Epoch: 4350/40000 | Train Loss: 2.335e-01 | Dynamic Loss: 2.335e-01 | Regularization Loss: 0.000e+00 | Val Loss: 2.709e-01 | Time: 8.96s
2025-08-20 18:41:03,871:INFO:Epoch: 4400/40000 | Train Loss: 2.714e-01 | Dynamic Loss: 2.714e-01 | Regularization Loss: 0.000e+00 | Val Loss: 3.893e-01 | Time: 8.88s
2025-08-20 18:41:12,729:INFO:Epoch: 4450/40000 | Train Loss: 2.427e-01 | Dynamic Loss: 2.427e-01 | Regularization Loss: 0.000e+00 | Val Loss: 2.708e-01 | Time: 8.76s
2025-08-20 18:41:21,939:INFO:Epoch: 4500/40000 | Train Loss: 2.579e-01 | Dynamic Loss: 2.579e-01 | Regularization Loss: 0.000e+00 | Val Loss: 3.032e-01 | Time: 9.11s
2025-08-20 18:41:30,685:INFO:Epoch: 4550/40000 | Train Loss: 2.260e-01 | Dynamic Loss: 2.260e-01 | Regularization Loss: 0.000e+00 | Val Loss: 2.640e-01 | Time: 8.64s
2025-08-20 18:41:39,451:INFO:Epoch: 4600/40000 | Train Loss: 2.239e-01 | Dynamic Loss: 2.239e-01 | Regularization Loss: 0.000e+00 | Val Loss: 2.587e-01 | Time: 8.67s
2025-08-20 18:41:39,451:INFO:New best model found at epoch 4600 with validation loss 2.587e-01. Saving...
2025-08-20 18:41:48,176:INFO:Epoch: 4650/40000 | Train Loss: 2.462e-01 | Dynamic Loss: 2.462e-01 | Regularization Loss: 0.000e+00 | Val Loss: 2.652e-01 | Time: 8.61s
2025-08-20 18:42:04,926:INFO:Epoch: 4700/40000 | Train Loss: 4.092e-01 | Dynamic Loss: 4.092e-01 | Regularization Loss: 0.000e+00 | Val Loss: 3.642e-01 | Time: 16.65s
2025-08-20 18:42:13,719:INFO:Epoch: 4750/40000 | Train Loss: 2.104e-01 | Dynamic Loss: 2.104e-01 | Regularization Loss: 0.000e+00 | Val Loss: 2.448e-01 | Time: 8.68s
2025-08-20 18:42:13,719:INFO:New best model found at epoch 4750 with validation loss 2.448e-01. Saving...
2025-08-20 18:42:22,547:INFO:Epoch: 4800/40000 | Train Loss: 2.105e-01 | Dynamic Loss: 2.105e-01 | Regularization Loss: 0.000e+00 | Val Loss: 2.347e-01 | Time: 8.70s
2025-08-20 18:42:22,547:INFO:New best model found at epoch 4800 with validation loss 2.347e-01. Saving...
2025-08-20 18:42:31,386:INFO:Epoch: 4850/40000 | Train Loss: 2.531e-01 | Dynamic Loss: 2.531e-01 | Regularization Loss: 0.000e+00 | Val Loss: 3.240e-01 | Time: 8.71s
2025-08-20 18:42:40,102:INFO:Epoch: 4900/40000 | Train Loss: 2.033e-01 | Dynamic Loss: 2.033e-01 | Regularization Loss: 0.000e+00 | Val Loss: 2.371e-01 | Time: 8.61s
2025-08-20 18:42:48,861:INFO:Epoch: 4950/40000 | Train Loss: 1.971e-01 | Dynamic Loss: 1.971e-01 | Regularization Loss: 0.000e+00 | Val Loss: 2.283e-01 | Time: 8.65s
2025-08-20 18:42:48,861:INFO:New best model found at epoch 4950 with validation loss 2.283e-01. Saving...
2025-08-20 18:43:05,834:INFO:Epoch: 5000/40000 | Train Loss: 1.984e-01 | Dynamic Loss: 1.984e-01 | Regularization Loss: 0.000e+00 | Val Loss: 2.271e-01 | Time: 16.84s
2025-08-20 18:43:05,834:INFO:New best model found at epoch 5000 with validation loss 2.271e-01. Saving...
2025-08-20 18:43:14,783:INFO:Epoch: 5050/40000 | Train Loss: 2.016e-01 | Dynamic Loss: 2.016e-01 | Regularization Loss: 0.000e+00 | Val Loss: 2.280e-01 | Time: 8.82s
2025-08-20 18:43:23,520:INFO:Epoch: 5100/40000 | Train Loss: 4.770e-01 | Dynamic Loss: 4.770e-01 | Regularization Loss: 0.000e+00 | Val Loss: 4.181e-01 | Time: 8.63s
2025-08-20 18:43:40,577:INFO:Epoch: 5150/40000 | Train Loss: 1.961e-01 | Dynamic Loss: 1.961e-01 | Regularization Loss: 0.000e+00 | Val Loss: 2.242e-01 | Time: 16.96s
2025-08-20 18:43:40,577:INFO:New best model found at epoch 5150 with validation loss 2.242e-01. Saving...
2025-08-20 18:43:49,401:INFO:Epoch: 5200/40000 | Train Loss: 2.601e-01 | Dynamic Loss: 2.601e-01 | Regularization Loss: 0.000e+00 | Val Loss: 2.655e-01 | Time: 8.70s
2025-08-20 18:43:58,174:INFO:Epoch: 5250/40000 | Train Loss: 2.657e-01 | Dynamic Loss: 2.657e-01 | Regularization Loss: 0.000e+00 | Val Loss: 3.145e-01 | Time: 8.67s
2025-08-20 18:44:06,955:INFO:Epoch: 5300/40000 | Train Loss: 3.813e-01 | Dynamic Loss: 3.813e-01 | Regularization Loss: 0.000e+00 | Val Loss: 2.817e-01 | Time: 8.68s
2025-08-20 18:44:15,696:INFO:Epoch: 5350/40000 | Train Loss: 1.840e-01 | Dynamic Loss: 1.840e-01 | Regularization Loss: 0.000e+00 | Val Loss: 2.084e-01 | Time: 8.64s
2025-08-20 18:44:15,696:INFO:New best model found at epoch 5350 with validation loss 2.084e-01. Saving...
2025-08-20 18:44:24,643:INFO:Epoch: 5400/40000 | Train Loss: 2.071e-01 | Dynamic Loss: 2.071e-01 | Regularization Loss: 0.000e+00 | Val Loss: 2.297e-01 | Time: 8.82s
2025-08-20 18:44:33,584:INFO:Epoch: 5450/40000 | Train Loss: 2.297e-01 | Dynamic Loss: 2.297e-01 | Regularization Loss: 0.000e+00 | Val Loss: 2.672e-01 | Time: 8.83s
2025-08-20 18:44:42,437:INFO:Epoch: 5500/40000 | Train Loss: 2.636e-01 | Dynamic Loss: 2.636e-01 | Regularization Loss: 0.000e+00 | Val Loss: 2.340e-01 | Time: 8.75s
2025-08-20 18:44:51,412:INFO:Epoch: 5550/40000 | Train Loss: 1.774e-01 | Dynamic Loss: 1.774e-01 | Regularization Loss: 0.000e+00 | Val Loss: 2.030e-01 | Time: 8.87s
2025-08-20 18:44:51,412:INFO:New best model found at epoch 5550 with validation loss 2.030e-01. Saving...
2025-08-20 18:45:00,565:INFO:Epoch: 5600/40000 | Train Loss: 1.893e-01 | Dynamic Loss: 1.893e-01 | Regularization Loss: 0.000e+00 | Val Loss: 2.089e-01 | Time: 9.03s
2025-08-20 18:45:09,363:INFO:Epoch: 5650/40000 | Train Loss: 1.849e-01 | Dynamic Loss: 1.849e-01 | Regularization Loss: 0.000e+00 | Val Loss: 2.810e-01 | Time: 8.70s
2025-08-20 18:45:18,333:INFO:Epoch: 5700/40000 | Train Loss: 2.557e-01 | Dynamic Loss: 2.557e-01 | Regularization Loss: 0.000e+00 | Val Loss: 2.995e-01 | Time: 8.87s
2025-08-20 18:45:27,236:INFO:Epoch: 5750/40000 | Train Loss: 1.852e-01 | Dynamic Loss: 1.852e-01 | Regularization Loss: 0.000e+00 | Val Loss: 2.310e-01 | Time: 8.79s
2025-08-20 18:45:36,138:INFO:Epoch: 5800/40000 | Train Loss: 1.688e-01 | Dynamic Loss: 1.688e-01 | Regularization Loss: 0.000e+00 | Val Loss: 1.925e-01 | Time: 8.80s
2025-08-20 18:45:36,138:INFO:New best model found at epoch 5800 with validation loss 1.925e-01. Saving...
2025-08-20 18:45:45,053:INFO:Epoch: 5850/40000 | Train Loss: 1.639e-01 | Dynamic Loss: 1.639e-01 | Regularization Loss: 0.000e+00 | Val Loss: 1.859e-01 | Time: 8.79s
2025-08-20 18:45:45,053:INFO:New best model found at epoch 5850 with validation loss 1.859e-01. Saving...
2025-08-20 18:46:02,154:INFO:Epoch: 5900/40000 | Train Loss: 3.423e-01 | Dynamic Loss: 3.423e-01 | Regularization Loss: 0.000e+00 | Val Loss: 3.923e-01 | Time: 16.97s
2025-08-20 18:46:10,945:INFO:Epoch: 5950/40000 | Train Loss: 1.600e-01 | Dynamic Loss: 1.600e-01 | Regularization Loss: 0.000e+00 | Val Loss: 1.770e-01 | Time: 8.68s
2025-08-20 18:46:10,945:INFO:New best model found at epoch 5950 with validation loss 1.770e-01. Saving...
2025-08-20 18:46:19,815:INFO:Epoch: 6000/40000 | Train Loss: 2.537e-01 | Dynamic Loss: 2.537e-01 | Regularization Loss: 0.000e+00 | Val Loss: 2.580e-01 | Time: 8.74s
2025-08-20 18:46:28,855:INFO:Epoch: 6050/40000 | Train Loss: 2.181e-01 | Dynamic Loss: 2.181e-01 | Regularization Loss: 0.000e+00 | Val Loss: 1.963e-01 | Time: 8.93s
2025-08-20 18:46:37,635:INFO:Epoch: 6100/40000 | Train Loss: 1.465e-01 | Dynamic Loss: 1.465e-01 | Regularization Loss: 0.000e+00 | Val Loss: 1.695e-01 | Time: 8.68s
2025-08-20 18:46:37,635:INFO:New best model found at epoch 6100 with validation loss 1.695e-01. Saving...
2025-08-20 18:46:46,381:INFO:Epoch: 6150/40000 | Train Loss: 1.662e-01 | Dynamic Loss: 1.662e-01 | Regularization Loss: 0.000e+00 | Val Loss: 1.962e-01 | Time: 8.62s
2025-08-20 18:46:55,216:INFO:Epoch: 6200/40000 | Train Loss: 1.493e-01 | Dynamic Loss: 1.493e-01 | Regularization Loss: 0.000e+00 | Val Loss: 1.685e-01 | Time: 8.73s
2025-08-20 18:46:55,216:INFO:New best model found at epoch 6200 with validation loss 1.685e-01. Saving...
2025-08-20 18:47:04,009:INFO:Epoch: 6250/40000 | Train Loss: 1.491e-01 | Dynamic Loss: 1.491e-01 | Regularization Loss: 0.000e+00 | Val Loss: 1.673e-01 | Time: 8.66s
2025-08-20 18:47:04,009:INFO:New best model found at epoch 6250 with validation loss 1.673e-01. Saving...
2025-08-20 18:47:12,894:INFO:Epoch: 6300/40000 | Train Loss: 1.413e-01 | Dynamic Loss: 1.413e-01 | Regularization Loss: 0.000e+00 | Val Loss: 1.644e-01 | Time: 8.76s
2025-08-20 18:47:12,894:INFO:New best model found at epoch 6300 with validation loss 1.644e-01. Saving...
2025-08-20 18:47:21,856:INFO:Epoch: 6350/40000 | Train Loss: 1.784e-01 | Dynamic Loss: 1.784e-01 | Regularization Loss: 0.000e+00 | Val Loss: 1.752e-01 | Time: 8.84s
2025-08-20 18:47:30,801:INFO:Epoch: 6400/40000 | Train Loss: 1.437e-01 | Dynamic Loss: 1.437e-01 | Regularization Loss: 0.000e+00 | Val Loss: 1.605e-01 | Time: 8.84s
2025-08-20 18:47:30,801:INFO:New best model found at epoch 6400 with validation loss 1.605e-01. Saving...
2025-08-20 18:47:39,671:INFO:Epoch: 6450/40000 | Train Loss: 1.411e-01 | Dynamic Loss: 1.411e-01 | Regularization Loss: 0.000e+00 | Val Loss: 1.590e-01 | Time: 8.74s
2025-08-20 18:47:39,672:INFO:New best model found at epoch 6450 with validation loss 1.590e-01. Saving...
2025-08-20 18:47:48,619:INFO:Epoch: 6500/40000 | Train Loss: 2.064e-01 | Dynamic Loss: 2.064e-01 | Regularization Loss: 0.000e+00 | Val Loss: 3.697e-01 | Time: 8.81s
2025-08-20 18:47:57,499:INFO:Epoch: 6550/40000 | Train Loss: 2.804e-01 | Dynamic Loss: 2.804e-01 | Regularization Loss: 0.000e+00 | Val Loss: 2.032e-01 | Time: 8.78s
2025-08-20 18:48:06,148:INFO:Epoch: 6600/40000 | Train Loss: 1.610e-01 | Dynamic Loss: 1.610e-01 | Regularization Loss: 0.000e+00 | Val Loss: 1.689e-01 | Time: 8.55s
2025-08-20 18:48:22,915:INFO:Epoch: 6650/40000 | Train Loss: 1.331e-01 | Dynamic Loss: 1.331e-01 | Regularization Loss: 0.000e+00 | Val Loss: 1.543e-01 | Time: 16.66s
2025-08-20 18:48:22,915:INFO:New best model found at epoch 6650 with validation loss 1.543e-01. Saving...
2025-08-20 18:48:31,651:INFO:Epoch: 6700/40000 | Train Loss: 7.828e-01 | Dynamic Loss: 7.828e-01 | Regularization Loss: 0.000e+00 | Val Loss: 4.323e-01 | Time: 8.61s
2025-08-20 18:48:40,427:INFO:Epoch: 6750/40000 | Train Loss: 1.265e-01 | Dynamic Loss: 1.265e-01 | Regularization Loss: 0.000e+00 | Val Loss: 1.466e-01 | Time: 8.67s
2025-08-20 18:48:40,427:INFO:New best model found at epoch 6750 with validation loss 1.466e-01. Saving...
2025-08-20 18:48:57,534:INFO:Epoch: 6800/40000 | Train Loss: 1.929e-01 | Dynamic Loss: 1.929e-01 | Regularization Loss: 0.000e+00 | Val Loss: 2.017e-01 | Time: 16.98s
2025-08-20 18:49:06,506:INFO:Epoch: 6850/40000 | Train Loss: 1.232e-01 | Dynamic Loss: 1.232e-01 | Regularization Loss: 0.000e+00 | Val Loss: 1.463e-01 | Time: 8.87s
2025-08-20 18:49:06,506:INFO:New best model found at epoch 6850 with validation loss 1.463e-01. Saving...
2025-08-20 18:49:15,769:INFO:Epoch: 6900/40000 | Train Loss: 1.200e-01 | Dynamic Loss: 1.200e-01 | Regularization Loss: 0.000e+00 | Val Loss: 1.404e-01 | Time: 9.13s
2025-08-20 18:49:15,769:INFO:New best model found at epoch 6900 with validation loss 1.404e-01. Saving...
2025-08-20 18:49:24,610:INFO:Epoch: 6950/40000 | Train Loss: 1.977e-01 | Dynamic Loss: 1.977e-01 | Regularization Loss: 0.000e+00 | Val Loss: 1.800e-01 | Time: 8.71s
2025-08-20 18:49:54,800:INFO:Created DataLoaders with 5994 training samples and 1998 validation samples.
2025-08-20 18:49:55,414:INFO:model params: 2512001
2025-08-20 18:49:55,414:INFO:removing projection layer after initialization
2025-08-20 18:49:56,437:INFO:Epoch: 0/40000 | Train Loss: 2.813e+00 | Dynamic Loss: 2.813e+00 | Regularization Loss: 0.000e+00 | Val Loss: 2.507e+00 | Time: 0.91s
2025-08-20 18:49:56,437:INFO:New best model found at epoch 0 with validation loss 2.507e+00. Saving...
2025-08-20 18:50:04,668:INFO:Epoch: 50/40000 | Train Loss: 1.823e+00 | Dynamic Loss: 1.823e+00 | Regularization Loss: 0.000e+00 | Val Loss: 1.804e+00 | Time: 8.10s
2025-08-20 18:50:04,668:INFO:New best model found at epoch 50 with validation loss 1.804e+00. Saving...
2025-08-20 18:50:20,124:INFO:Epoch: 100/40000 | Train Loss: 1.690e+00 | Dynamic Loss: 1.690e+00 | Regularization Loss: 0.000e+00 | Val Loss: 1.737e+00 | Time: 15.33s
2025-08-20 18:50:20,124:INFO:New best model found at epoch 100 with validation loss 1.737e+00. Saving...
2025-08-20 18:50:28,587:INFO:Epoch: 150/40000 | Train Loss: 1.649e+00 | Dynamic Loss: 1.649e+00 | Regularization Loss: 0.000e+00 | Val Loss: 1.694e+00 | Time: 8.34s
2025-08-20 18:50:28,587:INFO:New best model found at epoch 150 with validation loss 1.694e+00. Saving...
2025-08-20 18:50:37,030:INFO:Epoch: 200/40000 | Train Loss: 1.617e+00 | Dynamic Loss: 1.617e+00 | Regularization Loss: 0.000e+00 | Val Loss: 1.674e+00 | Time: 8.29s
2025-08-20 18:50:37,030:INFO:New best model found at epoch 200 with validation loss 1.674e+00. Saving...
2025-08-20 18:50:53,379:INFO:Epoch: 250/40000 | Train Loss: 1.587e+00 | Dynamic Loss: 1.587e+00 | Regularization Loss: 0.000e+00 | Val Loss: 1.637e+00 | Time: 16.23s
2025-08-20 18:50:53,379:INFO:New best model found at epoch 250 with validation loss 1.637e+00. Saving...
2025-08-20 18:51:01,891:INFO:Epoch: 300/40000 | Train Loss: 1.576e+00 | Dynamic Loss: 1.576e+00 | Regularization Loss: 0.000e+00 | Val Loss: 1.690e+00 | Time: 8.39s
2025-08-20 18:51:10,462:INFO:Epoch: 350/40000 | Train Loss: 1.466e+00 | Dynamic Loss: 1.466e+00 | Regularization Loss: 0.000e+00 | Val Loss: 1.514e+00 | Time: 8.46s
2025-08-20 18:51:10,462:INFO:New best model found at epoch 350 with validation loss 1.514e+00. Saving...
2025-08-20 18:51:26,413:INFO:Epoch: 400/40000 | Train Loss: 1.387e+00 | Dynamic Loss: 1.387e+00 | Regularization Loss: 0.000e+00 | Val Loss: 1.425e+00 | Time: 15.82s
2025-08-20 18:51:26,413:INFO:New best model found at epoch 400 with validation loss 1.425e+00. Saving...
2025-08-20 18:51:34,948:INFO:Epoch: 450/40000 | Train Loss: 1.318e+00 | Dynamic Loss: 1.318e+00 | Regularization Loss: 0.000e+00 | Val Loss: 1.358e+00 | Time: 8.42s
2025-08-20 18:51:34,948:INFO:New best model found at epoch 450 with validation loss 1.358e+00. Saving...
2025-08-20 18:51:43,481:INFO:Epoch: 500/40000 | Train Loss: 1.242e+00 | Dynamic Loss: 1.242e+00 | Regularization Loss: 0.000e+00 | Val Loss: 1.292e+00 | Time: 8.40s
2025-08-20 18:51:43,482:INFO:New best model found at epoch 500 with validation loss 1.292e+00. Saving...
2025-08-20 18:52:00,188:INFO:Epoch: 550/40000 | Train Loss: 1.173e+00 | Dynamic Loss: 1.173e+00 | Regularization Loss: 0.000e+00 | Val Loss: 1.218e+00 | Time: 16.58s
2025-08-20 18:52:00,188:INFO:New best model found at epoch 550 with validation loss 1.218e+00. Saving...
2025-08-20 18:52:08,732:INFO:Epoch: 600/40000 | Train Loss: 1.101e+00 | Dynamic Loss: 1.101e+00 | Regularization Loss: 0.000e+00 | Val Loss: 1.153e+00 | Time: 8.42s
2025-08-20 18:52:08,732:INFO:New best model found at epoch 600 with validation loss 1.153e+00. Saving...
2025-08-20 18:52:17,321:INFO:Epoch: 650/40000 | Train Loss: 1.062e+00 | Dynamic Loss: 1.062e+00 | Regularization Loss: 0.000e+00 | Val Loss: 1.118e+00 | Time: 8.45s
2025-08-20 18:52:17,321:INFO:New best model found at epoch 650 with validation loss 1.118e+00. Saving...
2025-08-20 18:52:34,140:INFO:Epoch: 700/40000 | Train Loss: 1.753e+00 | Dynamic Loss: 1.753e+00 | Regularization Loss: 0.000e+00 | Val Loss: 1.338e+00 | Time: 16.68s
2025-08-20 18:52:42,703:INFO:Epoch: 750/40000 | Train Loss: 1.011e+00 | Dynamic Loss: 1.011e+00 | Regularization Loss: 0.000e+00 | Val Loss: 1.084e+00 | Time: 8.45s
2025-08-20 18:52:42,703:INFO:New best model found at epoch 750 with validation loss 1.084e+00. Saving...
2025-08-20 18:52:51,296:INFO:Epoch: 800/40000 | Train Loss: 1.104e+00 | Dynamic Loss: 1.104e+00 | Regularization Loss: 0.000e+00 | Val Loss: 1.191e+00 | Time: 8.45s
2025-08-20 18:53:07,961:INFO:Epoch: 850/40000 | Train Loss: 8.975e-01 | Dynamic Loss: 8.975e-01 | Regularization Loss: 0.000e+00 | Val Loss: 9.598e-01 | Time: 16.57s
2025-08-20 18:53:07,961:INFO:New best model found at epoch 850 with validation loss 9.598e-01. Saving...
2025-08-20 18:53:16,528:INFO:Epoch: 900/40000 | Train Loss: 9.123e-01 | Dynamic Loss: 9.123e-01 | Regularization Loss: 0.000e+00 | Val Loss: 9.866e-01 | Time: 8.42s
2025-08-20 18:53:25,450:INFO:Epoch: 950/40000 | Train Loss: 7.977e-01 | Dynamic Loss: 7.977e-01 | Regularization Loss: 0.000e+00 | Val Loss: 8.637e-01 | Time: 8.82s
2025-08-20 18:53:25,450:INFO:New best model found at epoch 950 with validation loss 8.637e-01. Saving...
2025-08-20 18:53:41,833:INFO:Epoch: 1000/40000 | Train Loss: 1.154e+00 | Dynamic Loss: 1.154e+00 | Regularization Loss: 0.000e+00 | Val Loss: 9.733e-01 | Time: 16.26s
2025-08-20 18:53:50,329:INFO:Epoch: 1050/40000 | Train Loss: 7.476e-01 | Dynamic Loss: 7.476e-01 | Regularization Loss: 0.000e+00 | Val Loss: 8.172e-01 | Time: 8.39s
2025-08-20 18:53:50,329:INFO:New best model found at epoch 1050 with validation loss 8.172e-01. Saving...
2025-08-20 18:53:58,906:INFO:Epoch: 1100/40000 | Train Loss: 7.745e-01 | Dynamic Loss: 7.745e-01 | Regularization Loss: 0.000e+00 | Val Loss: 8.414e-01 | Time: 8.45s
2025-08-20 18:54:07,592:INFO:Epoch: 1150/40000 | Train Loss: 1.103e+00 | Dynamic Loss: 1.103e+00 | Regularization Loss: 0.000e+00 | Val Loss: 1.545e+00 | Time: 8.58s
2025-08-20 18:54:16,083:INFO:Epoch: 1200/40000 | Train Loss: 6.562e-01 | Dynamic Loss: 6.562e-01 | Regularization Loss: 0.000e+00 | Val Loss: 7.206e-01 | Time: 8.38s
2025-08-20 18:54:16,084:INFO:New best model found at epoch 1200 with validation loss 7.206e-01. Saving...
2025-08-20 18:54:24,846:INFO:Epoch: 1250/40000 | Train Loss: 6.334e-01 | Dynamic Loss: 6.334e-01 | Regularization Loss: 0.000e+00 | Val Loss: 6.943e-01 | Time: 8.63s
2025-08-20 18:54:24,846:INFO:New best model found at epoch 1250 with validation loss 6.943e-01. Saving...
2025-08-20 18:54:33,650:INFO:Epoch: 1300/40000 | Train Loss: 6.280e-01 | Dynamic Loss: 6.280e-01 | Regularization Loss: 0.000e+00 | Val Loss: 6.837e-01 | Time: 8.67s
2025-08-20 18:54:33,650:INFO:New best model found at epoch 1300 with validation loss 6.837e-01. Saving...
2025-08-20 18:54:42,281:INFO:Epoch: 1350/40000 | Train Loss: 6.817e-01 | Dynamic Loss: 6.817e-01 | Regularization Loss: 0.000e+00 | Val Loss: 7.364e-01 | Time: 8.49s
2025-08-20 18:54:50,863:INFO:Epoch: 1400/40000 | Train Loss: 6.960e-01 | Dynamic Loss: 6.960e-01 | Regularization Loss: 0.000e+00 | Val Loss: 1.236e+00 | Time: 8.47s
2025-08-20 18:54:59,550:INFO:Epoch: 1450/40000 | Train Loss: 6.538e-01 | Dynamic Loss: 6.538e-01 | Regularization Loss: 0.000e+00 | Val Loss: 7.173e-01 | Time: 8.57s
2025-08-20 18:55:08,154:INFO:Epoch: 1500/40000 | Train Loss: 1.172e+00 | Dynamic Loss: 1.172e+00 | Regularization Loss: 0.000e+00 | Val Loss: 1.038e+00 | Time: 8.49s
2025-08-20 18:55:16,731:INFO:Epoch: 1550/40000 | Train Loss: 5.861e-01 | Dynamic Loss: 5.861e-01 | Regularization Loss: 0.000e+00 | Val Loss: 6.142e-01 | Time: 8.46s
2025-08-20 18:55:16,732:INFO:New best model found at epoch 1550 with validation loss 6.142e-01. Saving...
2025-08-20 18:55:33,114:INFO:Epoch: 1600/40000 | Train Loss: 5.396e-01 | Dynamic Loss: 5.396e-01 | Regularization Loss: 0.000e+00 | Val Loss: 6.041e-01 | Time: 16.24s
2025-08-20 18:55:33,114:INFO:New best model found at epoch 1600 with validation loss 6.041e-01. Saving...
2025-08-20 18:55:41,846:INFO:Epoch: 1650/40000 | Train Loss: 4.956e-01 | Dynamic Loss: 4.956e-01 | Regularization Loss: 0.000e+00 | Val Loss: 5.567e-01 | Time: 8.61s
2025-08-20 18:55:41,847:INFO:New best model found at epoch 1650 with validation loss 5.567e-01. Saving...
2025-08-20 18:55:50,435:INFO:Epoch: 1700/40000 | Train Loss: 4.884e-01 | Dynamic Loss: 4.884e-01 | Regularization Loss: 0.000e+00 | Val Loss: 5.454e-01 | Time: 8.45s
2025-08-20 18:55:50,435:INFO:New best model found at epoch 1700 with validation loss 5.454e-01. Saving...
2025-08-20 18:56:07,499:INFO:Epoch: 1750/40000 | Train Loss: 5.792e-01 | Dynamic Loss: 5.792e-01 | Regularization Loss: 0.000e+00 | Val Loss: 6.517e-01 | Time: 16.94s
2025-08-20 18:56:16,052:INFO:Epoch: 1800/40000 | Train Loss: 4.818e-01 | Dynamic Loss: 4.818e-01 | Regularization Loss: 0.000e+00 | Val Loss: 5.408e-01 | Time: 8.45s
2025-08-20 18:56:16,052:INFO:New best model found at epoch 1800 with validation loss 5.408e-01. Saving...
2025-08-20 18:56:24,695:INFO:Epoch: 1850/40000 | Train Loss: 4.877e-01 | Dynamic Loss: 4.877e-01 | Regularization Loss: 0.000e+00 | Val Loss: 5.433e-01 | Time: 8.51s
2025-08-20 18:56:41,468:INFO:Epoch: 1900/40000 | Train Loss: 4.541e-01 | Dynamic Loss: 4.541e-01 | Regularization Loss: 0.000e+00 | Val Loss: 5.137e-01 | Time: 16.66s
2025-08-20 18:56:41,468:INFO:New best model found at epoch 1900 with validation loss 5.137e-01. Saving...
2025-08-20 18:56:50,177:INFO:Epoch: 1950/40000 | Train Loss: 4.209e-01 | Dynamic Loss: 4.209e-01 | Regularization Loss: 0.000e+00 | Val Loss: 4.784e-01 | Time: 8.57s
2025-08-20 18:56:50,177:INFO:New best model found at epoch 1950 with validation loss 4.784e-01. Saving...
2025-08-20 18:56:58,840:INFO:Epoch: 2000/40000 | Train Loss: 4.159e-01 | Dynamic Loss: 4.159e-01 | Regularization Loss: 0.000e+00 | Val Loss: 4.753e-01 | Time: 8.53s
2025-08-20 18:56:58,841:INFO:New best model found at epoch 2000 with validation loss 4.753e-01. Saving...
2025-08-20 18:57:15,846:INFO:Epoch: 2050/40000 | Train Loss: 4.036e-01 | Dynamic Loss: 4.036e-01 | Regularization Loss: 0.000e+00 | Val Loss: 4.697e-01 | Time: 16.88s
2025-08-20 18:57:15,846:INFO:New best model found at epoch 2050 with validation loss 4.697e-01. Saving...
2025-08-20 18:57:24,399:INFO:Epoch: 2100/40000 | Train Loss: 3.914e-01 | Dynamic Loss: 3.914e-01 | Regularization Loss: 0.000e+00 | Val Loss: 4.442e-01 | Time: 8.43s
2025-08-20 18:57:24,399:INFO:New best model found at epoch 2100 with validation loss 4.442e-01. Saving...
2025-08-20 18:57:32,975:INFO:Epoch: 2150/40000 | Train Loss: 4.383e-01 | Dynamic Loss: 4.383e-01 | Regularization Loss: 0.000e+00 | Val Loss: 4.892e-01 | Time: 8.45s
2025-08-20 18:57:50,176:INFO:Epoch: 2200/40000 | Train Loss: 3.870e-01 | Dynamic Loss: 3.870e-01 | Regularization Loss: 0.000e+00 | Val Loss: 4.464e-01 | Time: 17.10s
2025-08-20 18:57:58,958:INFO:Epoch: 2250/40000 | Train Loss: 3.684e-01 | Dynamic Loss: 3.684e-01 | Regularization Loss: 0.000e+00 | Val Loss: 4.252e-01 | Time: 8.68s
2025-08-20 18:57:58,958:INFO:New best model found at epoch 2250 with validation loss 4.252e-01. Saving...
2025-08-20 18:58:07,578:INFO:Epoch: 2300/40000 | Train Loss: 1.204e+00 | Dynamic Loss: 1.204e+00 | Regularization Loss: 0.000e+00 | Val Loss: 1.278e+00 | Time: 8.49s
2025-08-20 18:58:16,192:INFO:Epoch: 2350/40000 | Train Loss: 7.628e-01 | Dynamic Loss: 7.628e-01 | Regularization Loss: 0.000e+00 | Val Loss: 8.346e-01 | Time: 8.51s
2025-08-20 18:58:24,807:INFO:Epoch: 2400/40000 | Train Loss: 5.951e-01 | Dynamic Loss: 5.951e-01 | Regularization Loss: 0.000e+00 | Val Loss: 6.622e-01 | Time: 8.51s
2025-08-20 18:58:33,415:INFO:Epoch: 2450/40000 | Train Loss: 5.350e-01 | Dynamic Loss: 5.350e-01 | Regularization Loss: 0.000e+00 | Val Loss: 6.090e-01 | Time: 8.50s
2025-08-20 18:58:50,440:INFO:Epoch: 2500/40000 | Train Loss: 4.916e-01 | Dynamic Loss: 4.916e-01 | Regularization Loss: 0.000e+00 | Val Loss: 5.617e-01 | Time: 16.92s
2025-08-20 18:58:59,219:INFO:Epoch: 2550/40000 | Train Loss: 4.735e-01 | Dynamic Loss: 4.735e-01 | Regularization Loss: 0.000e+00 | Val Loss: 5.451e-01 | Time: 8.68s
2025-08-20 18:59:07,778:INFO:Epoch: 2600/40000 | Train Loss: 4.551e-01 | Dynamic Loss: 4.551e-01 | Regularization Loss: 0.000e+00 | Val Loss: 5.184e-01 | Time: 8.46s
2025-08-20 18:59:16,444:INFO:Epoch: 2650/40000 | Train Loss: 5.762e-01 | Dynamic Loss: 5.762e-01 | Regularization Loss: 0.000e+00 | Val Loss: 8.551e-01 | Time: 8.56s
2025-08-20 18:59:25,061:INFO:Epoch: 2700/40000 | Train Loss: 4.354e-01 | Dynamic Loss: 4.354e-01 | Regularization Loss: 0.000e+00 | Val Loss: 4.981e-01 | Time: 8.52s
2025-08-20 18:59:33,661:INFO:Epoch: 2750/40000 | Train Loss: 4.359e-01 | Dynamic Loss: 4.359e-01 | Regularization Loss: 0.000e+00 | Val Loss: 5.046e-01 | Time: 8.49s
2025-08-20 18:59:42,376:INFO:Epoch: 2800/40000 | Train Loss: 4.324e-01 | Dynamic Loss: 4.324e-01 | Regularization Loss: 0.000e+00 | Val Loss: 5.317e-01 | Time: 8.61s
2025-08-20 18:59:51,019:INFO:Epoch: 2850/40000 | Train Loss: 4.691e-01 | Dynamic Loss: 4.691e-01 | Regularization Loss: 0.000e+00 | Val Loss: 5.445e-01 | Time: 8.54s
2025-08-20 18:59:59,645:INFO:Epoch: 2900/40000 | Train Loss: 6.130e-01 | Dynamic Loss: 6.130e-01 | Regularization Loss: 0.000e+00 | Val Loss: 7.890e-01 | Time: 8.51s
2025-08-20 19:00:16,398:INFO:Epoch: 2950/40000 | Train Loss: 3.926e-01 | Dynamic Loss: 3.926e-01 | Regularization Loss: 0.000e+00 | Val Loss: 4.502e-01 | Time: 16.64s
2025-08-20 19:00:25,089:INFO:Epoch: 3000/40000 | Train Loss: 3.815e-01 | Dynamic Loss: 3.815e-01 | Regularization Loss: 0.000e+00 | Val Loss: 4.433e-01 | Time: 8.58s
2025-08-20 19:00:33,781:INFO:Epoch: 3050/40000 | Train Loss: 3.702e-01 | Dynamic Loss: 3.702e-01 | Regularization Loss: 0.000e+00 | Val Loss: 4.238e-01 | Time: 8.58s
2025-08-20 19:00:33,781:INFO:New best model found at epoch 3050 with validation loss 4.238e-01. Saving...
2025-08-20 19:00:50,855:INFO:Epoch: 3100/40000 | Train Loss: 3.686e-01 | Dynamic Loss: 3.686e-01 | Regularization Loss: 0.000e+00 | Val Loss: 4.244e-01 | Time: 16.95s
2025-08-20 19:00:59,447:INFO:Epoch: 3150/40000 | Train Loss: 5.038e-01 | Dynamic Loss: 5.038e-01 | Regularization Loss: 0.000e+00 | Val Loss: 4.538e-01 | Time: 8.48s
2025-08-20 19:01:08,206:INFO:Epoch: 3200/40000 | Train Loss: 3.621e-01 | Dynamic Loss: 3.621e-01 | Regularization Loss: 0.000e+00 | Val Loss: 4.188e-01 | Time: 8.65s
2025-08-20 19:01:08,206:INFO:New best model found at epoch 3200 with validation loss 4.188e-01. Saving...
2025-08-20 19:01:17,055:INFO:Epoch: 3250/40000 | Train Loss: 3.438e-01 | Dynamic Loss: 3.438e-01 | Regularization Loss: 0.000e+00 | Val Loss: 3.982e-01 | Time: 8.72s
2025-08-20 19:01:17,055:INFO:New best model found at epoch 3250 with validation loss 3.982e-01. Saving...
2025-08-20 19:01:25,778:INFO:Epoch: 3300/40000 | Train Loss: 3.352e-01 | Dynamic Loss: 3.352e-01 | Regularization Loss: 0.000e+00 | Val Loss: 3.904e-01 | Time: 8.60s
2025-08-20 19:01:25,778:INFO:New best model found at epoch 3300 with validation loss 3.904e-01. Saving...
2025-08-20 19:01:34,557:INFO:Epoch: 3350/40000 | Train Loss: 3.234e-01 | Dynamic Loss: 3.234e-01 | Regularization Loss: 0.000e+00 | Val Loss: 3.784e-01 | Time: 8.64s
2025-08-20 19:01:34,557:INFO:New best model found at epoch 3350 with validation loss 3.784e-01. Saving...
2025-08-20 19:01:51,168:INFO:Epoch: 3400/40000 | Train Loss: 3.366e-01 | Dynamic Loss: 3.366e-01 | Regularization Loss: 0.000e+00 | Val Loss: 3.814e-01 | Time: 16.48s
2025-08-20 19:01:59,891:INFO:Epoch: 3450/40000 | Train Loss: 4.037e-01 | Dynamic Loss: 4.037e-01 | Regularization Loss: 0.000e+00 | Val Loss: 4.420e-01 | Time: 8.62s
2025-08-20 19:02:08,524:INFO:Epoch: 3500/40000 | Train Loss: 3.038e-01 | Dynamic Loss: 3.038e-01 | Regularization Loss: 0.000e+00 | Val Loss: 3.533e-01 | Time: 8.53s
2025-08-20 19:02:08,524:INFO:New best model found at epoch 3500 with validation loss 3.533e-01. Saving...
2025-08-20 19:02:25,565:INFO:Epoch: 3550/40000 | Train Loss: 3.282e-01 | Dynamic Loss: 3.282e-01 | Regularization Loss: 0.000e+00 | Val Loss: 3.768e-01 | Time: 16.91s
2025-08-20 19:02:34,330:INFO:Epoch: 3600/40000 | Train Loss: 3.370e-01 | Dynamic Loss: 3.370e-01 | Regularization Loss: 0.000e+00 | Val Loss: 5.069e-01 | Time: 8.66s
2025-08-20 19:02:42,947:INFO:Epoch: 3650/40000 | Train Loss: 2.701e-01 | Dynamic Loss: 2.701e-01 | Regularization Loss: 0.000e+00 | Val Loss: 3.199e-01 | Time: 8.51s
2025-08-20 19:02:42,947:INFO:New best model found at epoch 3650 with validation loss 3.199e-01. Saving...
2025-08-20 19:03:00,077:INFO:Epoch: 3700/40000 | Train Loss: 3.312e-01 | Dynamic Loss: 3.312e-01 | Regularization Loss: 0.000e+00 | Val Loss: 3.526e-01 | Time: 17.00s
2025-08-20 19:03:08,941:INFO:Epoch: 3750/40000 | Train Loss: 2.680e-01 | Dynamic Loss: 2.680e-01 | Regularization Loss: 0.000e+00 | Val Loss: 3.080e-01 | Time: 8.73s
2025-08-20 19:03:08,941:INFO:New best model found at epoch 3750 with validation loss 3.080e-01. Saving...
2025-08-20 19:03:17,592:INFO:Epoch: 3800/40000 | Train Loss: 3.122e-01 | Dynamic Loss: 3.122e-01 | Regularization Loss: 0.000e+00 | Val Loss: 3.394e-01 | Time: 8.52s
2025-08-20 19:03:34,583:INFO:Epoch: 3850/40000 | Train Loss: 5.847e-01 | Dynamic Loss: 5.847e-01 | Regularization Loss: 0.000e+00 | Val Loss: 5.432e-01 | Time: 16.88s
2025-08-20 19:03:43,000:INFO:Epoch: 3900/40000 | Train Loss: 2.379e-01 | Dynamic Loss: 2.379e-01 | Regularization Loss: 0.000e+00 | Val Loss: 2.760e-01 | Time: 8.31s
2025-08-20 19:03:43,000:INFO:New best model found at epoch 3900 with validation loss 2.760e-01. Saving...
2025-08-20 19:03:51,613:INFO:Epoch: 3950/40000 | Train Loss: 2.419e-01 | Dynamic Loss: 2.419e-01 | Regularization Loss: 0.000e+00 | Val Loss: 2.776e-01 | Time: 8.48s
2025-08-20 19:04:00,337:INFO:Epoch: 4000/40000 | Train Loss: 2.258e-01 | Dynamic Loss: 2.258e-01 | Regularization Loss: 0.000e+00 | Val Loss: 2.621e-01 | Time: 8.61s
2025-08-20 19:04:00,337:INFO:New best model found at epoch 4000 with validation loss 2.621e-01. Saving...
2025-08-20 19:04:09,021:INFO:Epoch: 4050/40000 | Train Loss: 2.339e-01 | Dynamic Loss: 2.339e-01 | Regularization Loss: 0.000e+00 | Val Loss: 2.743e-01 | Time: 8.55s
2025-08-20 19:04:17,701:INFO:Epoch: 4100/40000 | Train Loss: 2.137e-01 | Dynamic Loss: 2.137e-01 | Regularization Loss: 0.000e+00 | Val Loss: 2.527e-01 | Time: 8.58s
2025-08-20 19:04:17,701:INFO:New best model found at epoch 4100 with validation loss 2.527e-01. Saving...
2025-08-20 19:04:26,552:INFO:Epoch: 4150/40000 | Train Loss: 2.077e-01 | Dynamic Loss: 2.077e-01 | Regularization Loss: 0.000e+00 | Val Loss: 2.441e-01 | Time: 8.73s
2025-08-20 19:04:26,552:INFO:New best model found at epoch 4150 with validation loss 2.441e-01. Saving...
2025-08-20 19:04:35,227:INFO:Epoch: 4200/40000 | Train Loss: 2.039e-01 | Dynamic Loss: 2.039e-01 | Regularization Loss: 0.000e+00 | Val Loss: 2.488e-01 | Time: 8.53s
2025-08-20 19:04:43,984:INFO:Epoch: 4250/40000 | Train Loss: 2.164e-01 | Dynamic Loss: 2.164e-01 | Regularization Loss: 0.000e+00 | Val Loss: 2.608e-01 | Time: 8.65s
2025-08-20 19:04:52,790:INFO:Epoch: 4300/40000 | Train Loss: 1.983e-01 | Dynamic Loss: 1.983e-01 | Regularization Loss: 0.000e+00 | Val Loss: 2.344e-01 | Time: 8.70s
2025-08-20 19:04:52,790:INFO:New best model found at epoch 4300 with validation loss 2.344e-01. Saving...
2025-08-20 19:05:09,330:INFO:Epoch: 4350/40000 | Train Loss: 1.905e-01 | Dynamic Loss: 1.905e-01 | Regularization Loss: 0.000e+00 | Val Loss: 2.361e-01 | Time: 16.42s
2025-08-20 19:05:18,027:INFO:Epoch: 4400/40000 | Train Loss: 2.073e-01 | Dynamic Loss: 2.073e-01 | Regularization Loss: 0.000e+00 | Val Loss: 2.463e-01 | Time: 8.59s
2025-08-20 19:05:26,614:INFO:Epoch: 4450/40000 | Train Loss: 1.775e-01 | Dynamic Loss: 1.775e-01 | Regularization Loss: 0.000e+00 | Val Loss: 2.174e-01 | Time: 8.49s
2025-08-20 19:05:26,614:INFO:New best model found at epoch 4450 with validation loss 2.174e-01. Saving...
2025-08-20 19:05:35,394:INFO:Epoch: 4500/40000 | Train Loss: 3.076e-01 | Dynamic Loss: 3.076e-01 | Regularization Loss: 0.000e+00 | Val Loss: 2.738e-01 | Time: 8.66s
2025-08-20 19:05:44,036:INFO:Epoch: 4550/40000 | Train Loss: 4.183e-01 | Dynamic Loss: 4.183e-01 | Regularization Loss: 0.000e+00 | Val Loss: 7.192e-01 | Time: 8.54s
2025-08-20 19:05:52,682:INFO:Epoch: 4600/40000 | Train Loss: 2.453e-01 | Dynamic Loss: 2.453e-01 | Regularization Loss: 0.000e+00 | Val Loss: 3.017e-01 | Time: 8.55s
2025-08-20 19:06:01,390:INFO:Epoch: 4650/40000 | Train Loss: 1.741e-01 | Dynamic Loss: 1.741e-01 | Regularization Loss: 0.000e+00 | Val Loss: 2.074e-01 | Time: 8.61s
2025-08-20 19:06:01,391:INFO:New best model found at epoch 4650 with validation loss 2.074e-01. Saving...
2025-08-20 19:06:10,202:INFO:Epoch: 4700/40000 | Train Loss: 2.293e-01 | Dynamic Loss: 2.293e-01 | Regularization Loss: 0.000e+00 | Val Loss: 2.610e-01 | Time: 8.69s
2025-08-20 19:06:18,845:INFO:Epoch: 4750/40000 | Train Loss: 2.118e-01 | Dynamic Loss: 2.118e-01 | Regularization Loss: 0.000e+00 | Val Loss: 3.328e-01 | Time: 8.54s
2025-08-20 19:06:36,300:INFO:Epoch: 4800/40000 | Train Loss: 2.089e-01 | Dynamic Loss: 2.089e-01 | Regularization Loss: 0.000e+00 | Val Loss: 2.318e-01 | Time: 17.35s
2025-08-20 19:06:45,053:INFO:Epoch: 4850/40000 | Train Loss: 1.520e-01 | Dynamic Loss: 1.520e-01 | Regularization Loss: 0.000e+00 | Val Loss: 1.914e-01 | Time: 8.65s
2025-08-20 19:06:45,054:INFO:New best model found at epoch 4850 with validation loss 1.914e-01. Saving...
2025-08-20 19:06:53,961:INFO:Epoch: 4900/40000 | Train Loss: 1.560e-01 | Dynamic Loss: 1.560e-01 | Regularization Loss: 0.000e+00 | Val Loss: 2.003e-01 | Time: 8.78s
2025-08-20 19:07:02,681:INFO:Epoch: 4950/40000 | Train Loss: 1.454e-01 | Dynamic Loss: 1.454e-01 | Regularization Loss: 0.000e+00 | Val Loss: 1.849e-01 | Time: 8.62s
2025-08-20 19:07:02,681:INFO:New best model found at epoch 4950 with validation loss 1.849e-01. Saving...
2025-08-20 19:07:11,362:INFO:Epoch: 5000/40000 | Train Loss: 1.478e-01 | Dynamic Loss: 1.478e-01 | Regularization Loss: 0.000e+00 | Val Loss: 1.945e-01 | Time: 8.56s
2025-08-20 19:07:20,158:INFO:Epoch: 5050/40000 | Train Loss: 2.095e-01 | Dynamic Loss: 2.095e-01 | Regularization Loss: 0.000e+00 | Val Loss: 2.456e-01 | Time: 8.70s
2025-08-20 19:07:29,058:INFO:Epoch: 5100/40000 | Train Loss: 1.386e-01 | Dynamic Loss: 1.386e-01 | Regularization Loss: 0.000e+00 | Val Loss: 1.811e-01 | Time: 8.79s
2025-08-20 19:07:29,058:INFO:New best model found at epoch 5100 with validation loss 1.811e-01. Saving...
2025-08-20 19:07:37,803:INFO:Epoch: 5150/40000 | Train Loss: 1.573e-01 | Dynamic Loss: 1.573e-01 | Regularization Loss: 0.000e+00 | Val Loss: 1.939e-01 | Time: 8.61s
2025-08-20 19:07:46,656:INFO:Epoch: 5200/40000 | Train Loss: 1.407e-01 | Dynamic Loss: 1.407e-01 | Regularization Loss: 0.000e+00 | Val Loss: 1.742e-01 | Time: 8.75s
2025-08-20 19:07:46,656:INFO:New best model found at epoch 5200 with validation loss 1.742e-01. Saving...
2025-08-20 19:07:55,403:INFO:Epoch: 5250/40000 | Train Loss: 1.647e-01 | Dynamic Loss: 1.647e-01 | Regularization Loss: 0.000e+00 | Val Loss: 2.000e-01 | Time: 8.63s
2025-08-20 19:08:04,056:INFO:Epoch: 5300/40000 | Train Loss: 1.330e-01 | Dynamic Loss: 1.330e-01 | Regularization Loss: 0.000e+00 | Val Loss: 1.727e-01 | Time: 8.55s
2025-08-20 19:08:04,056:INFO:New best model found at epoch 5300 with validation loss 1.727e-01. Saving...
2025-08-20 19:08:13,186:INFO:Epoch: 5350/40000 | Train Loss: 1.310e-01 | Dynamic Loss: 1.310e-01 | Regularization Loss: 0.000e+00 | Val Loss: 1.690e-01 | Time: 8.99s
2025-08-20 19:08:13,186:INFO:New best model found at epoch 5350 with validation loss 1.690e-01. Saving...
2025-08-20 19:08:21,969:INFO:Epoch: 5400/40000 | Train Loss: 1.279e-01 | Dynamic Loss: 1.279e-01 | Regularization Loss: 0.000e+00 | Val Loss: 1.695e-01 | Time: 8.66s
2025-08-20 19:08:30,686:INFO:Epoch: 5450/40000 | Train Loss: 1.426e-01 | Dynamic Loss: 1.426e-01 | Regularization Loss: 0.000e+00 | Val Loss: 1.761e-01 | Time: 8.61s
2025-08-20 19:08:39,494:INFO:Epoch: 5500/40000 | Train Loss: 1.661e-01 | Dynamic Loss: 1.661e-01 | Regularization Loss: 0.000e+00 | Val Loss: 1.953e-01 | Time: 8.70s
2025-08-20 19:08:48,251:INFO:Epoch: 5550/40000 | Train Loss: 1.431e-01 | Dynamic Loss: 1.431e-01 | Regularization Loss: 0.000e+00 | Val Loss: 1.787e-01 | Time: 8.65s
2025-08-20 19:08:56,935:INFO:Epoch: 5600/40000 | Train Loss: 1.229e-01 | Dynamic Loss: 1.229e-01 | Regularization Loss: 0.000e+00 | Val Loss: 1.562e-01 | Time: 8.58s
2025-08-20 19:08:56,935:INFO:New best model found at epoch 5600 with validation loss 1.562e-01. Saving...
2025-08-20 19:09:05,750:INFO:Epoch: 5650/40000 | Train Loss: 1.100e-01 | Dynamic Loss: 1.100e-01 | Regularization Loss: 0.000e+00 | Val Loss: 1.519e-01 | Time: 8.68s
2025-08-20 19:09:05,750:INFO:New best model found at epoch 5650 with validation loss 1.519e-01. Saving...
2025-08-20 19:09:14,537:INFO:Epoch: 5700/40000 | Train Loss: 1.215e-01 | Dynamic Loss: 1.215e-01 | Regularization Loss: 0.000e+00 | Val Loss: 1.614e-01 | Time: 8.66s
2025-08-20 19:09:23,326:INFO:Epoch: 5750/40000 | Train Loss: 1.872e-01 | Dynamic Loss: 1.872e-01 | Regularization Loss: 0.000e+00 | Val Loss: 2.350e-01 | Time: 8.68s
2025-08-20 19:09:31,909:INFO:Epoch: 5800/40000 | Train Loss: 1.087e-01 | Dynamic Loss: 1.087e-01 | Regularization Loss: 0.000e+00 | Val Loss: 1.511e-01 | Time: 8.48s
2025-08-20 19:09:31,909:INFO:New best model found at epoch 5800 with validation loss 1.511e-01. Saving...
2025-08-20 19:09:42,420:INFO:Epoch: 5850/40000 | Train Loss: 1.050e-01 | Dynamic Loss: 1.050e-01 | Regularization Loss: 0.000e+00 | Val Loss: 1.439e-01 | Time: 10.39s
2025-08-20 19:09:42,420:INFO:New best model found at epoch 5850 with validation loss 1.439e-01. Saving...
2025-08-20 19:09:51,157:INFO:Epoch: 5900/40000 | Train Loss: 1.171e-01 | Dynamic Loss: 1.171e-01 | Regularization Loss: 0.000e+00 | Val Loss: 1.859e-01 | Time: 8.61s
2025-08-20 19:09:59,804:INFO:Epoch: 5950/40000 | Train Loss: 9.628e-02 | Dynamic Loss: 9.628e-02 | Regularization Loss: 0.000e+00 | Val Loss: 1.390e-01 | Time: 8.54s
2025-08-20 19:09:59,804:INFO:New best model found at epoch 5950 with validation loss 1.390e-01. Saving...
2025-08-20 19:10:14,057:INFO:Epoch: 6000/40000 | Train Loss: 1.044e-01 | Dynamic Loss: 1.044e-01 | Regularization Loss: 0.000e+00 | Val Loss: 1.407e-01 | Time: 14.13s
2025-08-20 19:10:23,017:INFO:Epoch: 6050/40000 | Train Loss: 9.825e-02 | Dynamic Loss: 9.825e-02 | Regularization Loss: 0.000e+00 | Val Loss: 1.372e-01 | Time: 8.85s
2025-08-20 19:10:23,017:INFO:New best model found at epoch 6050 with validation loss 1.372e-01. Saving...
2025-08-20 19:10:31,722:INFO:Epoch: 6100/40000 | Train Loss: 9.351e-02 | Dynamic Loss: 9.351e-02 | Regularization Loss: 0.000e+00 | Val Loss: 1.367e-01 | Time: 8.58s
2025-08-20 19:10:31,722:INFO:New best model found at epoch 6100 with validation loss 1.367e-01. Saving...
2025-08-20 19:10:40,699:INFO:Epoch: 6150/40000 | Train Loss: 1.924e-01 | Dynamic Loss: 1.924e-01 | Regularization Loss: 0.000e+00 | Val Loss: 1.776e-01 | Time: 8.82s
2025-08-20 19:10:49,424:INFO:Epoch: 6200/40000 | Train Loss: 1.016e-01 | Dynamic Loss: 1.016e-01 | Regularization Loss: 0.000e+00 | Val Loss: 1.352e-01 | Time: 8.62s
2025-08-20 19:10:49,425:INFO:New best model found at epoch 6200 with validation loss 1.352e-01. Saving...
2025-08-20 19:10:58,158:INFO:Epoch: 6250/40000 | Train Loss: 8.996e-02 | Dynamic Loss: 8.996e-02 | Regularization Loss: 0.000e+00 | Val Loss: 1.304e-01 | Time: 8.61s
2025-08-20 19:10:58,159:INFO:New best model found at epoch 6250 with validation loss 1.304e-01. Saving...
2025-08-20 19:11:07,059:INFO:Epoch: 6300/40000 | Train Loss: 1.478e-01 | Dynamic Loss: 1.478e-01 | Regularization Loss: 0.000e+00 | Val Loss: 1.724e-01 | Time: 8.77s
2025-08-20 19:11:15,796:INFO:Epoch: 6350/40000 | Train Loss: 8.286e-02 | Dynamic Loss: 8.286e-02 | Regularization Loss: 0.000e+00 | Val Loss: 1.236e-01 | Time: 8.63s
2025-08-20 19:11:15,796:INFO:New best model found at epoch 6350 with validation loss 1.236e-01. Saving...
2025-08-20 19:11:24,499:INFO:Epoch: 6400/40000 | Train Loss: 9.879e-02 | Dynamic Loss: 9.879e-02 | Regularization Loss: 0.000e+00 | Val Loss: 1.364e-01 | Time: 8.57s
2025-08-20 19:11:33,504:INFO:Epoch: 6450/40000 | Train Loss: 8.592e-02 | Dynamic Loss: 8.592e-02 | Regularization Loss: 0.000e+00 | Val Loss: 1.262e-01 | Time: 8.89s
2025-08-20 19:11:42,209:INFO:Epoch: 6500/40000 | Train Loss: 8.337e-02 | Dynamic Loss: 8.337e-02 | Regularization Loss: 0.000e+00 | Val Loss: 1.276e-01 | Time: 8.60s
2025-08-20 19:11:50,969:INFO:Epoch: 6550/40000 | Train Loss: 7.819e-02 | Dynamic Loss: 7.819e-02 | Regularization Loss: 0.000e+00 | Val Loss: 1.174e-01 | Time: 8.63s
2025-08-20 19:11:50,969:INFO:New best model found at epoch 6550 with validation loss 1.174e-01. Saving...
2025-08-20 19:11:59,927:INFO:Epoch: 6600/40000 | Train Loss: 1.297e-01 | Dynamic Loss: 1.297e-01 | Regularization Loss: 0.000e+00 | Val Loss: 1.338e-01 | Time: 8.83s
2025-08-20 19:12:08,640:INFO:Epoch: 6650/40000 | Train Loss: 8.166e-02 | Dynamic Loss: 8.166e-02 | Regularization Loss: 0.000e+00 | Val Loss: 1.157e-01 | Time: 8.61s
2025-08-20 19:12:08,640:INFO:New best model found at epoch 6650 with validation loss 1.157e-01. Saving...
2025-08-20 19:12:17,386:INFO:Epoch: 6700/40000 | Train Loss: 7.252e-02 | Dynamic Loss: 7.252e-02 | Regularization Loss: 0.000e+00 | Val Loss: 1.133e-01 | Time: 8.61s
2025-08-20 19:12:17,386:INFO:New best model found at epoch 6700 with validation loss 1.133e-01. Saving...
2025-08-20 19:12:26,338:INFO:Epoch: 6750/40000 | Train Loss: 7.930e-02 | Dynamic Loss: 7.930e-02 | Regularization Loss: 0.000e+00 | Val Loss: 1.166e-01 | Time: 8.82s
2025-08-20 19:12:35,132:INFO:Epoch: 6800/40000 | Train Loss: 8.695e-02 | Dynamic Loss: 8.695e-02 | Regularization Loss: 0.000e+00 | Val Loss: 1.137e-01 | Time: 8.68s
2025-08-20 19:12:43,917:INFO:Epoch: 6850/40000 | Train Loss: 8.365e-02 | Dynamic Loss: 8.365e-02 | Regularization Loss: 0.000e+00 | Val Loss: 1.195e-01 | Time: 8.68s
2025-08-20 19:12:52,839:INFO:Epoch: 6900/40000 | Train Loss: 9.348e-02 | Dynamic Loss: 9.348e-02 | Regularization Loss: 0.000e+00 | Val Loss: 1.246e-01 | Time: 8.82s
2025-08-20 19:13:01,527:INFO:Epoch: 6950/40000 | Train Loss: 1.657e-01 | Dynamic Loss: 1.657e-01 | Regularization Loss: 0.000e+00 | Val Loss: 1.560e-01 | Time: 8.58s
2025-08-20 19:13:10,021:INFO:Epoch: 7000/40000 | Train Loss: 9.859e-02 | Dynamic Loss: 9.859e-02 | Regularization Loss: 0.000e+00 | Val Loss: 1.333e-01 | Time: 8.39s
2025-08-20 19:13:20,572:INFO:Epoch: 7050/40000 | Train Loss: 7.142e-02 | Dynamic Loss: 7.142e-02 | Regularization Loss: 0.000e+00 | Val Loss: 1.096e-01 | Time: 10.44s
2025-08-20 19:13:20,572:INFO:New best model found at epoch 7050 with validation loss 1.096e-01. Saving...
2025-08-20 19:13:29,450:INFO:Epoch: 7100/40000 | Train Loss: 7.673e-02 | Dynamic Loss: 7.673e-02 | Regularization Loss: 0.000e+00 | Val Loss: 1.045e-01 | Time: 8.74s
2025-08-20 19:13:29,450:INFO:New best model found at epoch 7100 with validation loss 1.045e-01. Saving...
2025-08-20 19:13:38,250:INFO:Epoch: 7150/40000 | Train Loss: 8.101e-02 | Dynamic Loss: 8.101e-02 | Regularization Loss: 0.000e+00 | Val Loss: 1.193e-01 | Time: 8.67s
2025-08-20 19:13:46,996:INFO:Epoch: 7200/40000 | Train Loss: 7.311e-02 | Dynamic Loss: 7.311e-02 | Regularization Loss: 0.000e+00 | Val Loss: 1.122e-01 | Time: 8.64s
2025-08-20 19:13:55,753:INFO:Epoch: 7250/40000 | Train Loss: 8.274e-02 | Dynamic Loss: 8.274e-02 | Regularization Loss: 0.000e+00 | Val Loss: 1.169e-01 | Time: 8.65s
2025-08-20 19:14:04,439:INFO:Epoch: 7300/40000 | Train Loss: 6.240e-02 | Dynamic Loss: 6.240e-02 | Regularization Loss: 0.000e+00 | Val Loss: 9.983e-02 | Time: 8.58s
2025-08-20 19:14:04,439:INFO:New best model found at epoch 7300 with validation loss 9.983e-02. Saving...
2025-08-20 19:14:21,267:INFO:Epoch: 7350/40000 | Train Loss: 1.224e-01 | Dynamic Loss: 1.224e-01 | Regularization Loss: 0.000e+00 | Val Loss: 1.450e-01 | Time: 16.71s
2025-08-20 19:14:30,107:INFO:Epoch: 7400/40000 | Train Loss: 6.338e-02 | Dynamic Loss: 6.338e-02 | Regularization Loss: 0.000e+00 | Val Loss: 9.830e-02 | Time: 8.73s
2025-08-20 19:14:30,107:INFO:New best model found at epoch 7400 with validation loss 9.830e-02. Saving...
2025-08-20 19:14:38,869:INFO:Epoch: 7450/40000 | Train Loss: 6.072e-02 | Dynamic Loss: 6.072e-02 | Regularization Loss: 0.000e+00 | Val Loss: 1.026e-01 | Time: 8.64s
2025-08-20 19:14:56,037:INFO:Epoch: 7500/40000 | Train Loss: 8.400e-02 | Dynamic Loss: 8.400e-02 | Regularization Loss: 0.000e+00 | Val Loss: 1.911e-01 | Time: 17.06s
2025-08-20 19:15:04,831:INFO:Epoch: 7550/40000 | Train Loss: 6.437e-02 | Dynamic Loss: 6.437e-02 | Regularization Loss: 0.000e+00 | Val Loss: 9.724e-02 | Time: 8.68s
2025-08-20 19:15:04,831:INFO:New best model found at epoch 7550 with validation loss 9.724e-02. Saving...
2025-08-20 19:15:13,593:INFO:Epoch: 7600/40000 | Train Loss: 5.907e-02 | Dynamic Loss: 5.907e-02 | Regularization Loss: 0.000e+00 | Val Loss: 9.415e-02 | Time: 8.63s
2025-08-20 19:15:13,593:INFO:New best model found at epoch 7600 with validation loss 9.415e-02. Saving...
2025-08-20 19:15:22,601:INFO:Epoch: 7650/40000 | Train Loss: 7.869e-02 | Dynamic Loss: 7.869e-02 | Regularization Loss: 0.000e+00 | Val Loss: 1.378e-01 | Time: 8.87s
2025-08-20 19:15:31,414:INFO:Epoch: 7700/40000 | Train Loss: 8.279e-02 | Dynamic Loss: 8.279e-02 | Regularization Loss: 0.000e+00 | Val Loss: 9.302e-02 | Time: 8.70s
2025-08-20 19:15:31,414:INFO:New best model found at epoch 7700 with validation loss 9.302e-02. Saving...
2025-08-20 19:15:40,242:INFO:Epoch: 7750/40000 | Train Loss: 9.600e-02 | Dynamic Loss: 9.600e-02 | Regularization Loss: 0.000e+00 | Val Loss: 1.124e-01 | Time: 8.70s
2025-08-20 19:15:57,054:INFO:Epoch: 7800/40000 | Train Loss: 6.627e-02 | Dynamic Loss: 6.627e-02 | Regularization Loss: 0.000e+00 | Val Loss: 1.117e-01 | Time: 16.70s
2025-08-20 19:16:05,866:INFO:Epoch: 7850/40000 | Train Loss: 2.541e-01 | Dynamic Loss: 2.541e-01 | Regularization Loss: 0.000e+00 | Val Loss: 1.317e-01 | Time: 8.70s
2025-08-20 19:16:14,555:INFO:Epoch: 7900/40000 | Train Loss: 8.016e-02 | Dynamic Loss: 8.016e-02 | Regularization Loss: 0.000e+00 | Val Loss: 1.250e-01 | Time: 8.58s
2025-08-20 19:16:32,181:INFO:Epoch: 7950/40000 | Train Loss: 5.440e-02 | Dynamic Loss: 5.440e-02 | Regularization Loss: 0.000e+00 | Val Loss: 8.763e-02 | Time: 17.51s
2025-08-20 19:16:32,181:INFO:New best model found at epoch 7950 with validation loss 8.763e-02. Saving...
2025-08-20 19:16:41,074:INFO:Epoch: 8000/40000 | Train Loss: 8.394e-02 | Dynamic Loss: 8.394e-02 | Regularization Loss: 0.000e+00 | Val Loss: 1.459e-01 | Time: 8.76s
2025-08-20 19:16:49,785:INFO:Epoch: 8050/40000 | Train Loss: 1.833e-01 | Dynamic Loss: 1.833e-01 | Regularization Loss: 0.000e+00 | Val Loss: 3.054e-01 | Time: 8.60s
2025-08-20 19:17:07,409:INFO:Epoch: 8100/40000 | Train Loss: 5.690e-02 | Dynamic Loss: 5.690e-02 | Regularization Loss: 0.000e+00 | Val Loss: 8.667e-02 | Time: 17.51s
2025-08-20 19:17:07,409:INFO:New best model found at epoch 8100 with validation loss 8.667e-02. Saving...
2025-08-20 19:17:16,260:INFO:Epoch: 8150/40000 | Train Loss: 5.579e-02 | Dynamic Loss: 5.579e-02 | Regularization Loss: 0.000e+00 | Val Loss: 9.663e-02 | Time: 8.71s
2025-08-20 19:17:25,005:INFO:Epoch: 8200/40000 | Train Loss: 7.653e-02 | Dynamic Loss: 7.653e-02 | Regularization Loss: 0.000e+00 | Val Loss: 1.090e-01 | Time: 8.65s
2025-08-20 19:17:33,920:INFO:Epoch: 8250/40000 | Train Loss: 2.255e-01 | Dynamic Loss: 2.255e-01 | Regularization Loss: 0.000e+00 | Val Loss: 2.289e-01 | Time: 8.82s
2025-08-20 19:17:42,623:INFO:Epoch: 8300/40000 | Train Loss: 5.224e-02 | Dynamic Loss: 5.224e-02 | Regularization Loss: 0.000e+00 | Val Loss: 8.596e-02 | Time: 8.60s
2025-08-20 19:17:42,623:INFO:New best model found at epoch 8300 with validation loss 8.596e-02. Saving...
2025-08-20 19:17:51,331:INFO:Epoch: 8350/40000 | Train Loss: 5.597e-02 | Dynamic Loss: 5.597e-02 | Regularization Loss: 0.000e+00 | Val Loss: 8.531e-02 | Time: 8.58s
2025-08-20 19:17:51,331:INFO:New best model found at epoch 8350 with validation loss 8.531e-02. Saving...
2025-08-20 19:18:00,142:INFO:Epoch: 8400/40000 | Train Loss: 5.975e-02 | Dynamic Loss: 5.975e-02 | Regularization Loss: 0.000e+00 | Val Loss: 8.419e-02 | Time: 8.69s
2025-08-20 19:18:00,142:INFO:New best model found at epoch 8400 with validation loss 8.419e-02. Saving...
2025-08-20 19:18:08,863:INFO:Epoch: 8450/40000 | Train Loss: 5.967e-02 | Dynamic Loss: 5.967e-02 | Regularization Loss: 0.000e+00 | Val Loss: 9.224e-02 | Time: 8.60s
2025-08-20 19:18:17,760:INFO:Epoch: 8500/40000 | Train Loss: 5.298e-02 | Dynamic Loss: 5.298e-02 | Regularization Loss: 0.000e+00 | Val Loss: 8.100e-02 | Time: 8.80s
2025-08-20 19:18:17,760:INFO:New best model found at epoch 8500 with validation loss 8.100e-02. Saving...
2025-08-20 19:18:35,099:INFO:Epoch: 8550/40000 | Train Loss: 5.568e-02 | Dynamic Loss: 5.568e-02 | Regularization Loss: 0.000e+00 | Val Loss: 9.622e-02 | Time: 17.22s
2025-08-20 19:18:44,104:INFO:Epoch: 8600/40000 | Train Loss: 4.857e-02 | Dynamic Loss: 4.857e-02 | Regularization Loss: 0.000e+00 | Val Loss: 8.015e-02 | Time: 8.91s
2025-08-20 19:18:44,105:INFO:New best model found at epoch 8600 with validation loss 8.015e-02. Saving...
2025-08-20 19:18:52,841:INFO:Epoch: 8650/40000 | Train Loss: 4.193e-02 | Dynamic Loss: 4.193e-02 | Regularization Loss: 0.000e+00 | Val Loss: 7.503e-02 | Time: 8.61s
2025-08-20 19:18:52,841:INFO:New best model found at epoch 8650 with validation loss 7.503e-02. Saving...
2025-08-20 19:19:02,006:INFO:Epoch: 8700/40000 | Train Loss: 7.601e-02 | Dynamic Loss: 7.601e-02 | Regularization Loss: 0.000e+00 | Val Loss: 1.103e-01 | Time: 9.05s
2025-08-20 19:19:10,792:INFO:Epoch: 8750/40000 | Train Loss: 5.569e-02 | Dynamic Loss: 5.569e-02 | Regularization Loss: 0.000e+00 | Val Loss: 9.179e-02 | Time: 8.68s
2025-08-20 19:19:19,471:INFO:Epoch: 8800/40000 | Train Loss: 6.346e-02 | Dynamic Loss: 6.346e-02 | Regularization Loss: 0.000e+00 | Val Loss: 8.905e-02 | Time: 8.58s
2025-08-20 19:19:28,325:INFO:Epoch: 8850/40000 | Train Loss: 4.504e-02 | Dynamic Loss: 4.504e-02 | Regularization Loss: 0.000e+00 | Val Loss: 7.929e-02 | Time: 8.74s
2025-08-20 19:19:37,032:INFO:Epoch: 8900/40000 | Train Loss: 4.492e-02 | Dynamic Loss: 4.492e-02 | Regularization Loss: 0.000e+00 | Val Loss: 7.883e-02 | Time: 8.60s
2025-08-20 19:19:45,894:INFO:Epoch: 8950/40000 | Train Loss: 6.680e-02 | Dynamic Loss: 6.680e-02 | Regularization Loss: 0.000e+00 | Val Loss: 9.924e-02 | Time: 8.76s
2025-08-20 19:19:54,817:INFO:Epoch: 9000/40000 | Train Loss: 7.002e-02 | Dynamic Loss: 7.002e-02 | Regularization Loss: 0.000e+00 | Val Loss: 9.949e-02 | Time: 8.83s
2025-08-20 19:20:03,680:INFO:Epoch: 9050/40000 | Train Loss: 6.084e-02 | Dynamic Loss: 6.084e-02 | Regularization Loss: 0.000e+00 | Val Loss: 8.948e-02 | Time: 8.76s
2025-08-20 19:20:12,392:INFO:Epoch: 9100/40000 | Train Loss: 4.194e-02 | Dynamic Loss: 4.194e-02 | Regularization Loss: 0.000e+00 | Val Loss: 7.269e-02 | Time: 8.61s
2025-08-20 19:20:12,392:INFO:New best model found at epoch 9100 with validation loss 7.269e-02. Saving...
2025-08-20 19:20:28,855:INFO:Epoch: 9150/40000 | Train Loss: 8.041e-02 | Dynamic Loss: 8.041e-02 | Regularization Loss: 0.000e+00 | Val Loss: 9.347e-02 | Time: 16.34s
2025-08-20 19:20:37,619:INFO:Epoch: 9200/40000 | Train Loss: 5.352e-02 | Dynamic Loss: 5.352e-02 | Regularization Loss: 0.000e+00 | Val Loss: 7.739e-02 | Time: 8.66s
2025-08-20 19:20:46,258:INFO:Epoch: 9250/40000 | Train Loss: 5.517e-02 | Dynamic Loss: 5.517e-02 | Regularization Loss: 0.000e+00 | Val Loss: 8.519e-02 | Time: 8.54s
2025-08-20 19:21:03,493:INFO:Epoch: 9300/40000 | Train Loss: 5.776e-02 | Dynamic Loss: 5.776e-02 | Regularization Loss: 0.000e+00 | Val Loss: 8.657e-02 | Time: 17.14s
2025-08-20 19:21:12,180:INFO:Epoch: 9350/40000 | Train Loss: 3.785e-02 | Dynamic Loss: 3.785e-02 | Regularization Loss: 0.000e+00 | Val Loss: 7.213e-02 | Time: 8.59s
2025-08-20 19:21:12,180:INFO:New best model found at epoch 9350 with validation loss 7.213e-02. Saving...
2025-08-20 19:21:20,767:INFO:Epoch: 9400/40000 | Train Loss: 5.219e-02 | Dynamic Loss: 5.219e-02 | Regularization Loss: 0.000e+00 | Val Loss: 7.992e-02 | Time: 8.46s
2025-08-20 19:21:38,158:INFO:Epoch: 9450/40000 | Train Loss: 4.495e-02 | Dynamic Loss: 4.495e-02 | Regularization Loss: 0.000e+00 | Val Loss: 7.173e-02 | Time: 17.29s
2025-08-20 19:21:38,158:INFO:New best model found at epoch 9450 with validation loss 7.173e-02. Saving...
2025-08-20 19:21:46,927:INFO:Epoch: 9500/40000 | Train Loss: 5.958e-02 | Dynamic Loss: 5.958e-02 | Regularization Loss: 0.000e+00 | Val Loss: 9.292e-02 | Time: 8.65s
2025-08-20 19:21:55,622:INFO:Epoch: 9550/40000 | Train Loss: 4.262e-02 | Dynamic Loss: 4.262e-02 | Regularization Loss: 0.000e+00 | Val Loss: 7.306e-02 | Time: 8.59s
2025-08-20 19:22:12,999:INFO:Epoch: 9600/40000 | Train Loss: 9.840e-02 | Dynamic Loss: 9.840e-02 | Regularization Loss: 0.000e+00 | Val Loss: 9.532e-02 | Time: 17.27s
2025-08-20 19:22:21,668:INFO:Epoch: 9650/40000 | Train Loss: 3.819e-02 | Dynamic Loss: 3.819e-02 | Regularization Loss: 0.000e+00 | Val Loss: 6.561e-02 | Time: 8.57s
2025-08-20 19:22:21,668:INFO:New best model found at epoch 9650 with validation loss 6.561e-02. Saving...
2025-08-20 19:22:30,318:INFO:Epoch: 9700/40000 | Train Loss: 3.535e-02 | Dynamic Loss: 3.535e-02 | Regularization Loss: 0.000e+00 | Val Loss: 6.573e-02 | Time: 8.53s
2025-08-20 19:22:47,004:INFO:Epoch: 9750/40000 | Train Loss: 7.373e-02 | Dynamic Loss: 7.373e-02 | Regularization Loss: 0.000e+00 | Val Loss: 1.512e-01 | Time: 16.58s
2025-08-20 19:22:55,735:INFO:Epoch: 9800/40000 | Train Loss: 5.040e-02 | Dynamic Loss: 5.040e-02 | Regularization Loss: 0.000e+00 | Val Loss: 6.705e-02 | Time: 8.63s
2025-08-20 19:23:04,401:INFO:Epoch: 9850/40000 | Train Loss: 7.556e-02 | Dynamic Loss: 7.556e-02 | Regularization Loss: 0.000e+00 | Val Loss: 8.951e-02 | Time: 8.56s
2025-08-20 19:23:21,778:INFO:Epoch: 9900/40000 | Train Loss: 4.807e-02 | Dynamic Loss: 4.807e-02 | Regularization Loss: 0.000e+00 | Val Loss: 7.480e-02 | Time: 17.27s
2025-08-20 19:23:30,488:INFO:Epoch: 9950/40000 | Train Loss: 3.297e-02 | Dynamic Loss: 3.297e-02 | Regularization Loss: 0.000e+00 | Val Loss: 6.162e-02 | Time: 8.61s
2025-08-20 19:23:30,488:INFO:New best model found at epoch 9950 with validation loss 6.162e-02. Saving...
2025-08-20 19:23:38,666:INFO:Adding projection layer
2025-08-20 19:23:39,781:INFO:Epoch: 10000/40000 | Train Loss: 1.308e-01 | Dynamic Loss: 3.573e-02 | Regularization Loss: 9.509e-02 | Val Loss: 6.736e-02 | Active Proj %: 0.00 | Time: 9.17s
2025-08-20 19:23:56,343:INFO:Epoch: 10050/40000 | Train Loss: 4.444e-02 | Dynamic Loss: 4.037e-02 | Regularization Loss: 4.073e-03 | Val Loss: 6.685e-02 | Active Proj %: 0.00 | Time: 16.46s
2025-08-20 19:24:05,910:INFO:Epoch: 10100/40000 | Train Loss: 6.799e-02 | Dynamic Loss: 6.638e-02 | Regularization Loss: 1.610e-03 | Val Loss: 1.009e-01 | Active Proj %: 0.00 | Time: 9.46s
2025-08-20 19:24:15,351:INFO:Epoch: 10150/40000 | Train Loss: 9.550e-02 | Dynamic Loss: 9.460e-02 | Regularization Loss: 8.984e-04 | Val Loss: 1.348e-01 | Active Proj %: 0.00 | Time: 9.34s
2025-08-20 19:24:32,728:INFO:Epoch: 10200/40000 | Train Loss: 4.166e-02 | Dynamic Loss: 4.108e-02 | Regularization Loss: 5.840e-04 | Val Loss: 6.767e-02 | Active Proj %: 0.00 | Time: 17.27s
2025-08-20 19:24:42,379:INFO:Epoch: 10250/40000 | Train Loss: 3.970e-02 | Dynamic Loss: 3.928e-02 | Regularization Loss: 4.139e-04 | Val Loss: 7.093e-02 | Active Proj %: 0.00 | Time: 9.55s
2025-08-20 19:24:52,044:INFO:Epoch: 10300/40000 | Train Loss: 3.405e-02 | Dynamic Loss: 3.374e-02 | Regularization Loss: 3.101e-04 | Val Loss: 6.190e-02 | Active Proj %: 0.00 | Time: 9.56s
2025-08-20 19:25:01,739:INFO:Epoch: 10350/40000 | Train Loss: 3.843e-02 | Dynamic Loss: 3.819e-02 | Regularization Loss: 2.416e-04 | Val Loss: 7.094e-02 | Active Proj %: 0.00 | Time: 9.59s
2025-08-20 19:25:11,352:INFO:Epoch: 10400/40000 | Train Loss: 3.580e-02 | Dynamic Loss: 3.561e-02 | Regularization Loss: 1.936e-04 | Val Loss: 6.608e-02 | Active Proj %: 0.00 | Time: 9.51s
2025-08-20 19:25:20,992:INFO:Epoch: 10450/40000 | Train Loss: 3.415e-02 | Dynamic Loss: 3.399e-02 | Regularization Loss: 1.586e-04 | Val Loss: 6.090e-02 | Active Proj %: 0.00 | Time: 9.54s
2025-08-20 19:25:20,992:INFO:New best model found at epoch 10450 with validation loss 6.090e-02. Saving...
2025-08-20 19:25:30,547:INFO:Epoch: 10500/40000 | Train Loss: 4.587e-02 | Dynamic Loss: 4.574e-02 | Regularization Loss: 1.322e-04 | Val Loss: 6.910e-02 | Active Proj %: 0.00 | Time: 9.43s
2025-08-20 19:25:40,082:INFO:Epoch: 10550/40000 | Train Loss: 4.483e-02 | Dynamic Loss: 4.471e-02 | Regularization Loss: 1.117e-04 | Val Loss: 6.835e-02 | Active Proj %: 0.00 | Time: 9.43s
2025-08-20 19:25:49,741:INFO:Epoch: 10600/40000 | Train Loss: 3.710e-02 | Dynamic Loss: 3.701e-02 | Regularization Loss: 9.553e-05 | Val Loss: 6.933e-02 | Active Proj %: 0.00 | Time: 9.55s
2025-08-20 19:25:59,380:INFO:Epoch: 10650/40000 | Train Loss: 4.421e-02 | Dynamic Loss: 4.413e-02 | Regularization Loss: 8.245e-05 | Val Loss: 6.633e-02 | Active Proj %: 0.00 | Time: 9.54s
2025-08-20 19:26:09,020:INFO:Epoch: 10700/40000 | Train Loss: 3.505e-02 | Dynamic Loss: 3.498e-02 | Regularization Loss: 7.173e-05 | Val Loss: 6.707e-02 | Active Proj %: 0.00 | Time: 9.53s
2025-08-20 19:26:18,767:INFO:Epoch: 10750/40000 | Train Loss: 6.593e-02 | Dynamic Loss: 6.587e-02 | Regularization Loss: 6.284e-05 | Val Loss: 8.790e-02 | Active Proj %: 0.00 | Time: 9.52s
2025-08-20 19:26:28,374:INFO:Epoch: 10800/40000 | Train Loss: 4.150e-02 | Dynamic Loss: 4.145e-02 | Regularization Loss: 5.538e-05 | Val Loss: 6.794e-02 | Active Proj %: 0.00 | Time: 9.50s
2025-08-20 19:26:38,060:INFO:Epoch: 10850/40000 | Train Loss: 6.252e-02 | Dynamic Loss: 6.247e-02 | Regularization Loss: 4.905e-05 | Val Loss: 7.280e-02 | Active Proj %: 0.00 | Time: 9.58s
2025-08-20 19:26:47,762:INFO:Epoch: 10900/40000 | Train Loss: 3.249e-02 | Dynamic Loss: 3.245e-02 | Regularization Loss: 4.365e-05 | Val Loss: 5.966e-02 | Active Proj %: 0.00 | Time: 9.59s
2025-08-20 19:26:47,763:INFO:New best model found at epoch 10900 with validation loss 5.966e-02. Saving...
2025-08-20 19:26:57,452:INFO:Epoch: 10950/40000 | Train Loss: 4.519e-02 | Dynamic Loss: 4.515e-02 | Regularization Loss: 3.899e-05 | Val Loss: 8.511e-02 | Active Proj %: 0.00 | Time: 9.56s
2025-08-20 19:27:07,100:INFO:Epoch: 11000/40000 | Train Loss: 5.163e-02 | Dynamic Loss: 5.159e-02 | Regularization Loss: 3.496e-05 | Val Loss: 6.976e-02 | Active Proj %: 0.00 | Time: 9.54s
2025-08-20 19:27:21,245:INFO:Epoch: 11050/40000 | Train Loss: 3.315e-02 | Dynamic Loss: 3.312e-02 | Regularization Loss: 3.144e-05 | Val Loss: 5.768e-02 | Active Proj %: 0.00 | Time: 14.04s
2025-08-20 19:27:21,245:INFO:New best model found at epoch 11050 with validation loss 5.768e-02. Saving...
2025-08-20 19:27:30,940:INFO:Epoch: 11100/40000 | Train Loss: 3.865e-02 | Dynamic Loss: 3.863e-02 | Regularization Loss: 2.835e-05 | Val Loss: 6.305e-02 | Active Proj %: 0.00 | Time: 9.57s
2025-08-20 19:27:40,697:INFO:Epoch: 11150/40000 | Train Loss: 2.957e-02 | Dynamic Loss: 2.954e-02 | Regularization Loss: 2.563e-05 | Val Loss: 5.750e-02 | Active Proj %: 0.00 | Time: 9.52s
2025-08-20 19:27:40,697:INFO:New best model found at epoch 11150 with validation loss 5.750e-02. Saving...
2025-08-20 19:27:50,355:INFO:Epoch: 11200/40000 | Train Loss: 3.178e-02 | Dynamic Loss: 3.176e-02 | Regularization Loss: 2.322e-05 | Val Loss: 5.468e-02 | Active Proj %: 0.00 | Time: 9.53s
2025-08-20 19:27:50,355:INFO:New best model found at epoch 11200 with validation loss 5.468e-02. Saving...
2025-08-20 19:28:00,046:INFO:Epoch: 11250/40000 | Train Loss: 5.308e-02 | Dynamic Loss: 5.306e-02 | Regularization Loss: 2.108e-05 | Val Loss: 6.471e-02 | Active Proj %: 0.00 | Time: 9.56s
2025-08-20 19:28:13,932:INFO:Epoch: 11300/40000 | Train Loss: 3.858e-02 | Dynamic Loss: 3.856e-02 | Regularization Loss: 1.917e-05 | Val Loss: 6.618e-02 | Active Proj %: 0.00 | Time: 13.78s
2025-08-20 19:28:23,424:INFO:Epoch: 11350/40000 | Train Loss: 3.572e-02 | Dynamic Loss: 3.571e-02 | Regularization Loss: 1.747e-05 | Val Loss: 5.767e-02 | Active Proj %: 0.00 | Time: 9.38s
2025-08-20 19:28:33,016:INFO:Epoch: 11400/40000 | Train Loss: 3.124e-02 | Dynamic Loss: 3.122e-02 | Regularization Loss: 1.594e-05 | Val Loss: 5.597e-02 | Active Proj %: 0.00 | Time: 9.49s
2025-08-20 19:28:42,562:INFO:Epoch: 11450/40000 | Train Loss: 3.356e-02 | Dynamic Loss: 3.355e-02 | Regularization Loss: 1.456e-05 | Val Loss: 5.699e-02 | Active Proj %: 0.00 | Time: 9.44s
2025-08-20 19:28:51,958:INFO:Epoch: 11500/40000 | Train Loss: 4.151e-02 | Dynamic Loss: 4.149e-02 | Regularization Loss: 1.332e-05 | Val Loss: 6.518e-02 | Active Proj %: 0.00 | Time: 9.29s
2025-08-20 19:29:09,148:INFO:Epoch: 11550/40000 | Train Loss: 2.977e-02 | Dynamic Loss: 2.976e-02 | Regularization Loss: 1.220e-05 | Val Loss: 5.475e-02 | Active Proj %: 0.00 | Time: 17.08s
2025-08-20 19:29:18,743:INFO:Epoch: 11600/40000 | Train Loss: 3.024e-02 | Dynamic Loss: 3.023e-02 | Regularization Loss: 1.118e-05 | Val Loss: 5.386e-02 | Active Proj %: 0.00 | Time: 9.49s
2025-08-20 19:29:18,743:INFO:New best model found at epoch 11600 with validation loss 5.386e-02. Saving...
2025-08-20 19:29:28,574:INFO:Epoch: 11650/40000 | Train Loss: 3.038e-02 | Dynamic Loss: 3.037e-02 | Regularization Loss: 1.026e-05 | Val Loss: 5.719e-02 | Active Proj %: 0.00 | Time: 9.70s
2025-08-20 19:29:38,210:INFO:Epoch: 11700/40000 | Train Loss: 3.294e-02 | Dynamic Loss: 3.293e-02 | Regularization Loss: 9.424e-06 | Val Loss: 6.306e-02 | Active Proj %: 0.00 | Time: 9.53s
2025-08-20 19:29:47,841:INFO:Epoch: 11750/40000 | Train Loss: 3.157e-02 | Dynamic Loss: 3.156e-02 | Regularization Loss: 8.662e-06 | Val Loss: 5.809e-02 | Active Proj %: 0.00 | Time: 9.53s
2025-08-20 19:30:02,056:INFO:Epoch: 11800/40000 | Train Loss: 2.535e-02 | Dynamic Loss: 2.534e-02 | Regularization Loss: 7.967e-06 | Val Loss: 5.215e-02 | Active Proj %: 0.00 | Time: 14.11s
2025-08-20 19:30:02,056:INFO:New best model found at epoch 11800 with validation loss 5.215e-02. Saving...
2025-08-20 19:30:11,722:INFO:Epoch: 11850/40000 | Train Loss: 2.722e-02 | Dynamic Loss: 2.721e-02 | Regularization Loss: 7.333e-06 | Val Loss: 5.209e-02 | Active Proj %: 0.00 | Time: 9.54s
2025-08-20 19:30:11,722:INFO:New best model found at epoch 11850 with validation loss 5.209e-02. Saving...
2025-08-20 19:30:22,157:INFO:Epoch: 11900/40000 | Train Loss: 4.215e-02 | Dynamic Loss: 4.214e-02 | Regularization Loss: 6.753e-06 | Val Loss: 6.726e-02 | Active Proj %: 0.00 | Time: 10.31s
2025-08-20 19:30:31,964:INFO:Epoch: 11950/40000 | Train Loss: 3.156e-02 | Dynamic Loss: 3.155e-02 | Regularization Loss: 6.223e-06 | Val Loss: 5.464e-02 | Active Proj %: 0.00 | Time: 9.70s
2025-08-20 19:30:41,599:INFO:Epoch: 12000/40000 | Train Loss: 2.603e-02 | Dynamic Loss: 2.603e-02 | Regularization Loss: 5.737e-06 | Val Loss: 4.930e-02 | Active Proj %: 0.00 | Time: 9.53s
2025-08-20 19:30:41,599:INFO:New best model found at epoch 12000 with validation loss 4.930e-02. Saving...
2025-08-20 19:30:54,309:INFO:Epoch: 12050/40000 | Train Loss: 2.380e-02 | Dynamic Loss: 2.380e-02 | Regularization Loss: 5.292e-06 | Val Loss: 4.972e-02 | Active Proj %: 0.00 | Time: 12.58s
2025-08-20 19:31:03,926:INFO:Epoch: 12100/40000 | Train Loss: 2.328e-02 | Dynamic Loss: 2.328e-02 | Regularization Loss: 4.883e-06 | Val Loss: 4.906e-02 | Active Proj %: 0.00 | Time: 9.51s
2025-08-20 19:31:03,926:INFO:New best model found at epoch 12100 with validation loss 4.906e-02. Saving...
2025-08-20 19:31:13,806:INFO:Epoch: 12150/40000 | Train Loss: 5.463e-02 | Dynamic Loss: 5.463e-02 | Regularization Loss: 4.508e-06 | Val Loss: 7.918e-02 | Active Proj %: 0.00 | Time: 9.62s
2025-08-20 19:31:23,554:INFO:Epoch: 12200/40000 | Train Loss: 3.028e-02 | Dynamic Loss: 3.028e-02 | Regularization Loss: 4.163e-06 | Val Loss: 5.194e-02 | Active Proj %: 0.00 | Time: 9.64s
2025-08-20 19:31:33,198:INFO:Epoch: 12250/40000 | Train Loss: 3.906e-02 | Dynamic Loss: 3.906e-02 | Regularization Loss: 3.846e-06 | Val Loss: 6.724e-02 | Active Proj %: 0.00 | Time: 9.53s
2025-08-20 19:31:43,476:INFO:Epoch: 12300/40000 | Train Loss: 2.724e-02 | Dynamic Loss: 2.724e-02 | Regularization Loss: 3.554e-06 | Val Loss: 5.262e-02 | Active Proj %: 0.00 | Time: 10.17s
2025-08-20 19:31:53,271:INFO:Epoch: 12350/40000 | Train Loss: 3.026e-02 | Dynamic Loss: 3.026e-02 | Regularization Loss: 3.285e-06 | Val Loss: 5.818e-02 | Active Proj %: 0.00 | Time: 9.69s
2025-08-20 19:32:03,024:INFO:Epoch: 12400/40000 | Train Loss: 2.982e-02 | Dynamic Loss: 2.982e-02 | Regularization Loss: 3.037e-06 | Val Loss: 5.356e-02 | Active Proj %: 0.00 | Time: 9.65s
2025-08-20 19:32:12,730:INFO:Epoch: 12450/40000 | Train Loss: 3.464e-02 | Dynamic Loss: 3.464e-02 | Regularization Loss: 2.809e-06 | Val Loss: 5.990e-02 | Active Proj %: 0.00 | Time: 9.60s
2025-08-20 19:32:22,275:INFO:Epoch: 12500/40000 | Train Loss: 2.906e-02 | Dynamic Loss: 2.905e-02 | Regularization Loss: 2.599e-06 | Val Loss: 5.222e-02 | Active Proj %: 0.00 | Time: 9.44s
2025-08-20 19:32:39,494:INFO:Epoch: 12550/40000 | Train Loss: 2.581e-02 | Dynamic Loss: 2.581e-02 | Regularization Loss: 2.404e-06 | Val Loss: 5.263e-02 | Active Proj %: 0.00 | Time: 17.11s
2025-08-20 19:32:49,107:INFO:Epoch: 12600/40000 | Train Loss: 2.930e-02 | Dynamic Loss: 2.930e-02 | Regularization Loss: 2.225e-06 | Val Loss: 5.581e-02 | Active Proj %: 0.00 | Time: 9.51s
2025-08-20 19:32:59,144:INFO:Epoch: 12650/40000 | Train Loss: 3.918e-02 | Dynamic Loss: 3.917e-02 | Regularization Loss: 2.060e-06 | Val Loss: 5.515e-02 | Active Proj %: 0.00 | Time: 9.93s
2025-08-20 19:33:08,799:INFO:Epoch: 12700/40000 | Train Loss: 2.348e-02 | Dynamic Loss: 2.348e-02 | Regularization Loss: 1.907e-06 | Val Loss: 4.914e-02 | Active Proj %: 0.00 | Time: 9.55s
2025-08-20 19:33:18,445:INFO:Epoch: 12750/40000 | Train Loss: 3.001e-02 | Dynamic Loss: 3.000e-02 | Regularization Loss: 1.765e-06 | Val Loss: 5.226e-02 | Active Proj %: 0.00 | Time: 9.54s
2025-08-20 19:33:30,211:INFO:Epoch: 12800/40000 | Train Loss: 2.754e-02 | Dynamic Loss: 2.754e-02 | Regularization Loss: 1.635e-06 | Val Loss: 5.038e-02 | Active Proj %: 0.00 | Time: 11.66s
2025-08-20 19:33:40,005:INFO:Epoch: 12850/40000 | Train Loss: 2.799e-02 | Dynamic Loss: 2.798e-02 | Regularization Loss: 1.514e-06 | Val Loss: 5.019e-02 | Active Proj %: 0.00 | Time: 9.68s
2025-08-20 19:33:50,077:INFO:Epoch: 12900/40000 | Train Loss: 2.332e-02 | Dynamic Loss: 2.332e-02 | Regularization Loss: 1.403e-06 | Val Loss: 4.912e-02 | Active Proj %: 0.00 | Time: 9.96s
2025-08-20 19:33:59,723:INFO:Epoch: 12950/40000 | Train Loss: 2.466e-02 | Dynamic Loss: 2.466e-02 | Regularization Loss: 1.299e-06 | Val Loss: 5.163e-02 | Active Proj %: 0.00 | Time: 9.54s
2025-08-20 19:34:09,420:INFO:Epoch: 13000/40000 | Train Loss: 3.603e-02 | Dynamic Loss: 3.603e-02 | Regularization Loss: 1.204e-06 | Val Loss: 6.086e-02 | Active Proj %: 0.00 | Time: 9.59s
2025-08-20 19:34:27,776:INFO:Epoch: 13050/40000 | Train Loss: 3.346e-02 | Dynamic Loss: 3.346e-02 | Regularization Loss: 1.115e-06 | Val Loss: 5.912e-02 | Active Proj %: 0.00 | Time: 18.25s
2025-08-20 19:34:37,409:INFO:Epoch: 13100/40000 | Train Loss: 2.291e-02 | Dynamic Loss: 2.290e-02 | Regularization Loss: 1.034e-06 | Val Loss: 4.716e-02 | Active Proj %: 0.00 | Time: 9.53s
2025-08-20 19:34:37,410:INFO:New best model found at epoch 13100 with validation loss 4.716e-02. Saving...
2025-08-20 19:34:47,220:INFO:Epoch: 13150/40000 | Train Loss: 2.517e-02 | Dynamic Loss: 2.517e-02 | Regularization Loss: 9.579e-07 | Val Loss: 4.562e-02 | Active Proj %: 0.00 | Time: 9.68s
2025-08-20 19:34:47,221:INFO:New best model found at epoch 13150 with validation loss 4.562e-02. Saving...
2025-08-20 19:34:56,896:INFO:Epoch: 13200/40000 | Train Loss: 3.068e-02 | Dynamic Loss: 3.068e-02 | Regularization Loss: 8.878e-07 | Val Loss: 5.148e-02 | Active Proj %: 0.00 | Time: 9.55s
2025-08-20 19:35:06,549:INFO:Epoch: 13250/40000 | Train Loss: 3.056e-02 | Dynamic Loss: 3.056e-02 | Regularization Loss: 8.229e-07 | Val Loss: 5.051e-02 | Active Proj %: 0.00 | Time: 9.55s
2025-08-20 19:35:19,711:INFO:Epoch: 13300/40000 | Train Loss: 2.392e-02 | Dynamic Loss: 2.392e-02 | Regularization Loss: 7.628e-07 | Val Loss: 4.662e-02 | Active Proj %: 0.00 | Time: 13.06s
2025-08-20 19:35:29,317:INFO:Epoch: 13350/40000 | Train Loss: 2.052e-02 | Dynamic Loss: 2.051e-02 | Regularization Loss: 7.071e-07 | Val Loss: 4.826e-02 | Active Proj %: 0.00 | Time: 9.50s
2025-08-20 19:35:44,005:INFO:Epoch: 13400/40000 | Train Loss: 2.871e-02 | Dynamic Loss: 2.871e-02 | Regularization Loss: 6.555e-07 | Val Loss: 5.819e-02 | Active Proj %: 0.00 | Time: 14.58s
2025-08-20 19:35:53,735:INFO:Epoch: 13450/40000 | Train Loss: 2.619e-02 | Dynamic Loss: 2.619e-02 | Regularization Loss: 6.077e-07 | Val Loss: 5.203e-02 | Active Proj %: 0.00 | Time: 9.62s
2025-08-20 19:36:03,526:INFO:Epoch: 13500/40000 | Train Loss: 2.620e-02 | Dynamic Loss: 2.620e-02 | Regularization Loss: 5.634e-07 | Val Loss: 5.053e-02 | Active Proj %: 0.00 | Time: 9.68s
2025-08-20 19:36:13,276:INFO:Epoch: 13550/40000 | Train Loss: 3.222e-02 | Dynamic Loss: 3.222e-02 | Regularization Loss: 5.224e-07 | Val Loss: 4.971e-02 | Active Proj %: 0.00 | Time: 9.64s
2025-08-20 19:36:22,992:INFO:Epoch: 13600/40000 | Train Loss: 3.064e-02 | Dynamic Loss: 3.064e-02 | Regularization Loss: 4.844e-07 | Val Loss: 5.572e-02 | Active Proj %: 0.00 | Time: 9.60s
2025-08-20 19:36:39,252:INFO:Epoch: 13650/40000 | Train Loss: 4.132e-02 | Dynamic Loss: 4.132e-02 | Regularization Loss: 4.492e-07 | Val Loss: 6.534e-02 | Active Proj %: 0.00 | Time: 16.15s
2025-08-20 19:36:49,006:INFO:Epoch: 13700/40000 | Train Loss: 2.372e-02 | Dynamic Loss: 2.372e-02 | Regularization Loss: 4.165e-07 | Val Loss: 4.903e-02 | Active Proj %: 0.00 | Time: 9.64s
2025-08-20 19:36:58,738:INFO:Epoch: 13750/40000 | Train Loss: 2.473e-02 | Dynamic Loss: 2.473e-02 | Regularization Loss: 3.862e-07 | Val Loss: 4.825e-02 | Active Proj %: 0.00 | Time: 9.62s
2025-08-20 19:37:08,417:INFO:Epoch: 13800/40000 | Train Loss: 2.610e-02 | Dynamic Loss: 2.609e-02 | Regularization Loss: 3.582e-07 | Val Loss: 5.102e-02 | Active Proj %: 0.00 | Time: 9.57s
2025-08-20 19:37:18,197:INFO:Epoch: 13850/40000 | Train Loss: 2.345e-02 | Dynamic Loss: 2.345e-02 | Regularization Loss: 3.322e-07 | Val Loss: 5.400e-02 | Active Proj %: 0.00 | Time: 9.67s
2025-08-20 19:37:27,963:INFO:Epoch: 13900/40000 | Train Loss: 2.505e-02 | Dynamic Loss: 2.505e-02 | Regularization Loss: 3.081e-07 | Val Loss: 5.167e-02 | Active Proj %: 0.00 | Time: 9.65s
2025-08-20 19:37:37,727:INFO:Epoch: 13950/40000 | Train Loss: 2.489e-02 | Dynamic Loss: 2.489e-02 | Regularization Loss: 2.857e-07 | Val Loss: 5.372e-02 | Active Proj %: 0.00 | Time: 9.65s
2025-08-20 19:37:48,922:INFO:Epoch: 14000/40000 | Train Loss: 2.022e-02 | Dynamic Loss: 2.022e-02 | Regularization Loss: 2.650e-07 | Val Loss: 4.461e-02 | Active Proj %: 0.00 | Time: 11.08s
2025-08-20 19:37:48,923:INFO:New best model found at epoch 14000 with validation loss 4.461e-02. Saving...
2025-08-20 19:37:58,657:INFO:Epoch: 14050/40000 | Train Loss: 2.807e-02 | Dynamic Loss: 2.807e-02 | Regularization Loss: 2.458e-07 | Val Loss: 4.974e-02 | Active Proj %: 0.00 | Time: 9.60s
2025-08-20 19:38:08,384:INFO:Epoch: 14100/40000 | Train Loss: 1.990e-02 | Dynamic Loss: 1.990e-02 | Regularization Loss: 2.280e-07 | Val Loss: 4.538e-02 | Active Proj %: 0.00 | Time: 9.62s
2025-08-20 19:38:18,021:INFO:Epoch: 14150/40000 | Train Loss: 1.805e-02 | Dynamic Loss: 1.805e-02 | Regularization Loss: 2.114e-07 | Val Loss: 4.554e-02 | Active Proj %: 0.00 | Time: 9.52s
2025-08-20 19:38:27,926:INFO:Epoch: 14200/40000 | Train Loss: 3.312e-02 | Dynamic Loss: 3.312e-02 | Regularization Loss: 1.961e-07 | Val Loss: 7.176e-02 | Active Proj %: 0.00 | Time: 9.79s
2025-08-20 19:38:42,332:INFO:Epoch: 14250/40000 | Train Loss: 3.223e-02 | Dynamic Loss: 3.223e-02 | Regularization Loss: 1.819e-07 | Val Loss: 6.211e-02 | Active Proj %: 0.00 | Time: 14.29s
2025-08-20 19:38:52,171:INFO:Epoch: 14300/40000 | Train Loss: 2.675e-02 | Dynamic Loss: 2.675e-02 | Regularization Loss: 1.687e-07 | Val Loss: 5.101e-02 | Active Proj %: 0.00 | Time: 9.72s
2025-08-20 19:39:01,999:INFO:Epoch: 14350/40000 | Train Loss: 2.330e-02 | Dynamic Loss: 2.330e-02 | Regularization Loss: 1.565e-07 | Val Loss: 4.756e-02 | Active Proj %: 0.00 | Time: 9.72s
2025-08-20 19:39:11,800:INFO:Epoch: 14400/40000 | Train Loss: 3.459e-02 | Dynamic Loss: 3.459e-02 | Regularization Loss: 1.452e-07 | Val Loss: 5.709e-02 | Active Proj %: 0.00 | Time: 9.69s
2025-08-20 19:39:21,646:INFO:Epoch: 14450/40000 | Train Loss: 2.563e-02 | Dynamic Loss: 2.563e-02 | Regularization Loss: 1.347e-07 | Val Loss: 5.514e-02 | Active Proj %: 0.00 | Time: 9.73s
2025-08-20 19:39:31,173:INFO:Epoch: 14500/40000 | Train Loss: 2.538e-02 | Dynamic Loss: 2.538e-02 | Regularization Loss: 1.249e-07 | Val Loss: 4.926e-02 | Active Proj %: 0.00 | Time: 9.41s
2025-08-20 19:39:40,962:INFO:Epoch: 14550/40000 | Train Loss: 2.654e-02 | Dynamic Loss: 2.654e-02 | Regularization Loss: 1.159e-07 | Val Loss: 4.982e-02 | Active Proj %: 0.00 | Time: 9.68s
2025-08-20 19:39:50,700:INFO:Epoch: 14600/40000 | Train Loss: 1.781e-02 | Dynamic Loss: 1.781e-02 | Regularization Loss: 1.075e-07 | Val Loss: 4.349e-02 | Active Proj %: 0.00 | Time: 9.62s
2025-08-20 19:39:50,700:INFO:New best model found at epoch 14600 with validation loss 4.349e-02. Saving...
2025-08-20 19:40:00,564:INFO:Epoch: 14650/40000 | Train Loss: 2.308e-02 | Dynamic Loss: 2.308e-02 | Regularization Loss: 9.972e-08 | Val Loss: 5.053e-02 | Active Proj %: 0.00 | Time: 9.73s
2025-08-20 19:40:10,251:INFO:Epoch: 14700/40000 | Train Loss: 1.827e-02 | Dynamic Loss: 1.827e-02 | Regularization Loss: 9.250e-08 | Val Loss: 4.520e-02 | Active Proj %: 0.00 | Time: 9.57s
2025-08-20 19:40:20,147:INFO:Epoch: 14750/40000 | Train Loss: 2.865e-02 | Dynamic Loss: 2.865e-02 | Regularization Loss: 8.581e-08 | Val Loss: 5.140e-02 | Active Proj %: 0.00 | Time: 9.79s
2025-08-20 19:40:29,957:INFO:Epoch: 14800/40000 | Train Loss: 2.252e-02 | Dynamic Loss: 2.252e-02 | Regularization Loss: 7.960e-08 | Val Loss: 4.945e-02 | Active Proj %: 0.00 | Time: 9.70s
2025-08-20 19:40:39,737:INFO:Epoch: 14850/40000 | Train Loss: 2.277e-02 | Dynamic Loss: 2.277e-02 | Regularization Loss: 7.384e-08 | Val Loss: 4.820e-02 | Active Proj %: 0.00 | Time: 9.67s
2025-08-20 19:40:49,446:INFO:Epoch: 14900/40000 | Train Loss: 2.840e-02 | Dynamic Loss: 2.840e-02 | Regularization Loss: 6.850e-08 | Val Loss: 5.475e-02 | Active Proj %: 0.00 | Time: 9.60s
2025-08-20 19:40:59,244:INFO:Epoch: 14950/40000 | Train Loss: 2.591e-02 | Dynamic Loss: 2.591e-02 | Regularization Loss: 6.355e-08 | Val Loss: 4.618e-02 | Active Proj %: 0.00 | Time: 9.69s
2025-08-20 19:41:08,999:INFO:Epoch: 15000/40000 | Train Loss: 2.284e-02 | Dynamic Loss: 2.284e-02 | Regularization Loss: 5.895e-08 | Val Loss: 4.665e-02 | Active Proj %: 0.00 | Time: 9.65s
2025-08-20 19:41:18,777:INFO:Epoch: 15050/40000 | Train Loss: 2.829e-02 | Dynamic Loss: 2.829e-02 | Regularization Loss: 5.469e-08 | Val Loss: 5.137e-02 | Active Proj %: 0.00 | Time: 9.67s
2025-08-20 19:41:31,697:INFO:Epoch: 15100/40000 | Train Loss: 2.596e-02 | Dynamic Loss: 2.596e-02 | Regularization Loss: 5.074e-08 | Val Loss: 4.823e-02 | Active Proj %: 0.00 | Time: 12.81s
2025-08-20 19:41:41,786:INFO:Epoch: 15150/40000 | Train Loss: 1.894e-02 | Dynamic Loss: 1.894e-02 | Regularization Loss: 4.708e-08 | Val Loss: 4.606e-02 | Active Proj %: 0.00 | Time: 9.98s
2025-08-20 19:41:58,159:INFO:Epoch: 15200/40000 | Train Loss: 2.871e-02 | Dynamic Loss: 2.871e-02 | Regularization Loss: 4.368e-08 | Val Loss: 4.894e-02 | Active Proj %: 0.00 | Time: 16.27s
2025-08-20 19:42:07,883:INFO:Epoch: 15250/40000 | Train Loss: 2.249e-02 | Dynamic Loss: 2.249e-02 | Regularization Loss: 4.053e-08 | Val Loss: 4.638e-02 | Active Proj %: 0.00 | Time: 9.62s
2025-08-20 19:42:18,144:INFO:Epoch: 15300/40000 | Train Loss: 2.187e-02 | Dynamic Loss: 2.187e-02 | Regularization Loss: 3.760e-08 | Val Loss: 4.698e-02 | Active Proj %: 0.00 | Time: 10.15s
2025-08-20 19:42:27,896:INFO:Epoch: 15350/40000 | Train Loss: 1.832e-02 | Dynamic Loss: 1.832e-02 | Regularization Loss: 3.488e-08 | Val Loss: 4.425e-02 | Active Proj %: 0.00 | Time: 9.64s
2025-08-20 19:42:37,667:INFO:Epoch: 15400/40000 | Train Loss: 1.619e-02 | Dynamic Loss: 1.619e-02 | Regularization Loss: 3.236e-08 | Val Loss: 4.313e-02 | Active Proj %: 0.00 | Time: 9.66s
2025-08-20 19:42:37,667:INFO:New best model found at epoch 15400 with validation loss 4.313e-02. Saving...
2025-08-20 19:42:54,411:INFO:Epoch: 15450/40000 | Train Loss: 2.610e-02 | Dynamic Loss: 2.610e-02 | Regularization Loss: 3.003e-08 | Val Loss: 5.473e-02 | Active Proj %: 0.00 | Time: 16.60s
2025-08-20 19:43:04,033:INFO:Epoch: 15500/40000 | Train Loss: 2.314e-02 | Dynamic Loss: 2.314e-02 | Regularization Loss: 2.786e-08 | Val Loss: 4.563e-02 | Active Proj %: 0.00 | Time: 9.50s
2025-08-20 19:43:13,796:INFO:Epoch: 15550/40000 | Train Loss: 2.082e-02 | Dynamic Loss: 2.082e-02 | Regularization Loss: 2.585e-08 | Val Loss: 4.354e-02 | Active Proj %: 0.00 | Time: 9.65s
2025-08-20 19:43:23,495:INFO:Epoch: 15600/40000 | Train Loss: 2.818e-02 | Dynamic Loss: 2.818e-02 | Regularization Loss: 2.398e-08 | Val Loss: 6.546e-02 | Active Proj %: 0.00 | Time: 9.59s
2025-08-20 19:43:33,264:INFO:Epoch: 15650/40000 | Train Loss: 3.165e-02 | Dynamic Loss: 3.165e-02 | Regularization Loss: 2.225e-08 | Val Loss: 7.329e-02 | Active Proj %: 0.00 | Time: 9.65s
2025-08-20 19:43:46,026:INFO:Epoch: 15700/40000 | Train Loss: 3.281e-02 | Dynamic Loss: 3.281e-02 | Regularization Loss: 2.064e-08 | Val Loss: 5.806e-02 | Active Proj %: 0.00 | Time: 12.65s
2025-08-20 19:43:55,784:INFO:Epoch: 15750/40000 | Train Loss: 3.630e-02 | Dynamic Loss: 3.630e-02 | Regularization Loss: 1.916e-08 | Val Loss: 6.202e-02 | Active Proj %: 0.00 | Time: 9.64s
2025-08-20 19:44:05,548:INFO:Epoch: 15800/40000 | Train Loss: 2.062e-02 | Dynamic Loss: 2.062e-02 | Regularization Loss: 1.777e-08 | Val Loss: 4.505e-02 | Active Proj %: 0.00 | Time: 9.65s
2025-08-20 19:44:15,398:INFO:Epoch: 15850/40000 | Train Loss: 2.416e-02 | Dynamic Loss: 2.416e-02 | Regularization Loss: 1.649e-08 | Val Loss: 5.148e-02 | Active Proj %: 0.00 | Time: 9.73s
2025-08-20 19:44:25,179:INFO:Epoch: 15900/40000 | Train Loss: 1.653e-02 | Dynamic Loss: 1.653e-02 | Regularization Loss: 1.530e-08 | Val Loss: 4.225e-02 | Active Proj %: 0.00 | Time: 9.67s
2025-08-20 19:44:25,179:INFO:New best model found at epoch 15900 with validation loss 4.225e-02. Saving...
2025-08-20 19:44:34,978:INFO:Epoch: 15950/40000 | Train Loss: 2.159e-02 | Dynamic Loss: 2.159e-02 | Regularization Loss: 1.420e-08 | Val Loss: 4.438e-02 | Active Proj %: 0.00 | Time: 9.66s
2025-08-20 19:44:44,838:INFO:Epoch: 16000/40000 | Train Loss: 1.861e-02 | Dynamic Loss: 1.861e-02 | Regularization Loss: 1.318e-08 | Val Loss: 4.744e-02 | Active Proj %: 0.00 | Time: 9.74s
2025-08-20 19:44:54,597:INFO:Epoch: 16050/40000 | Train Loss: 1.830e-02 | Dynamic Loss: 1.830e-02 | Regularization Loss: 1.223e-08 | Val Loss: 4.810e-02 | Active Proj %: 0.00 | Time: 9.64s
2025-08-20 19:45:04,380:INFO:Epoch: 16100/40000 | Train Loss: 2.045e-02 | Dynamic Loss: 2.045e-02 | Regularization Loss: 1.135e-08 | Val Loss: 4.563e-02 | Active Proj %: 0.00 | Time: 9.67s
2025-08-20 19:45:14,177:INFO:Epoch: 16150/40000 | Train Loss: 2.119e-02 | Dynamic Loss: 2.119e-02 | Regularization Loss: 1.053e-08 | Val Loss: 5.084e-02 | Active Proj %: 0.00 | Time: 9.68s
2025-08-20 19:45:23,977:INFO:Epoch: 16200/40000 | Train Loss: 2.049e-02 | Dynamic Loss: 2.049e-02 | Regularization Loss: 9.773e-09 | Val Loss: 4.579e-02 | Active Proj %: 0.00 | Time: 9.55s
2025-08-20 19:45:33,701:INFO:Epoch: 16250/40000 | Train Loss: 2.595e-02 | Dynamic Loss: 2.595e-02 | Regularization Loss: 9.070e-09 | Val Loss: 5.088e-02 | Active Proj %: 0.00 | Time: 9.61s
2025-08-20 19:45:43,452:INFO:Epoch: 16300/40000 | Train Loss: 1.978e-02 | Dynamic Loss: 1.978e-02 | Regularization Loss: 8.417e-09 | Val Loss: 4.694e-02 | Active Proj %: 0.00 | Time: 9.63s
2025-08-20 19:46:01,369:INFO:Epoch: 16350/40000 | Train Loss: 1.601e-02 | Dynamic Loss: 1.601e-02 | Regularization Loss: 7.812e-09 | Val Loss: 4.387e-02 | Active Proj %: 0.00 | Time: 17.81s
2025-08-20 19:46:11,098:INFO:Epoch: 16400/40000 | Train Loss: 1.662e-02 | Dynamic Loss: 1.662e-02 | Regularization Loss: 7.250e-09 | Val Loss: 4.334e-02 | Active Proj %: 0.00 | Time: 9.62s
2025-08-20 19:46:22,630:INFO:Epoch: 16450/40000 | Train Loss: 2.011e-02 | Dynamic Loss: 2.011e-02 | Regularization Loss: 6.730e-09 | Val Loss: 4.628e-02 | Active Proj %: 0.00 | Time: 11.42s
2025-08-20 19:46:32,380:INFO:Epoch: 16500/40000 | Train Loss: 1.686e-02 | Dynamic Loss: 1.686e-02 | Regularization Loss: 6.248e-09 | Val Loss: 4.439e-02 | Active Proj %: 0.00 | Time: 9.65s
2025-08-20 19:46:42,207:INFO:Epoch: 16550/40000 | Train Loss: 3.419e-02 | Dynamic Loss: 3.419e-02 | Regularization Loss: 5.800e-09 | Val Loss: 5.229e-02 | Active Proj %: 0.00 | Time: 9.72s
2025-08-20 19:46:51,933:INFO:Epoch: 16600/40000 | Train Loss: 1.777e-02 | Dynamic Loss: 1.777e-02 | Regularization Loss: 5.384e-09 | Val Loss: 4.500e-02 | Active Proj %: 0.00 | Time: 9.62s
2025-08-20 19:47:01,760:INFO:Epoch: 16650/40000 | Train Loss: 2.004e-02 | Dynamic Loss: 2.004e-02 | Regularization Loss: 4.998e-09 | Val Loss: 4.603e-02 | Active Proj %: 0.00 | Time: 9.72s
2025-08-20 19:47:11,629:INFO:Epoch: 16700/40000 | Train Loss: 1.670e-02 | Dynamic Loss: 1.670e-02 | Regularization Loss: 4.640e-09 | Val Loss: 4.405e-02 | Active Proj %: 0.00 | Time: 9.75s
2025-08-20 19:47:21,328:INFO:Epoch: 16750/40000 | Train Loss: 2.601e-02 | Dynamic Loss: 2.601e-02 | Regularization Loss: 4.308e-09 | Val Loss: 5.298e-02 | Active Proj %: 0.00 | Time: 9.59s
2025-08-20 19:47:35,208:INFO:Epoch: 16800/40000 | Train Loss: 1.755e-02 | Dynamic Loss: 1.755e-02 | Regularization Loss: 4.001e-09 | Val Loss: 4.265e-02 | Active Proj %: 0.00 | Time: 13.77s
2025-08-20 19:47:44,901:INFO:Epoch: 16850/40000 | Train Loss: 2.127e-02 | Dynamic Loss: 2.127e-02 | Regularization Loss: 3.715e-09 | Val Loss: 4.637e-02 | Active Proj %: 0.00 | Time: 9.58s
2025-08-20 19:47:58,558:INFO:Epoch: 16900/40000 | Train Loss: 1.987e-02 | Dynamic Loss: 1.987e-02 | Regularization Loss: 3.450e-09 | Val Loss: 4.833e-02 | Active Proj %: 0.00 | Time: 13.55s
2025-08-20 19:48:08,328:INFO:Epoch: 16950/40000 | Train Loss: 2.950e-02 | Dynamic Loss: 2.950e-02 | Regularization Loss: 3.204e-09 | Val Loss: 5.228e-02 | Active Proj %: 0.00 | Time: 9.66s
2025-08-20 19:48:18,113:INFO:Epoch: 17000/40000 | Train Loss: 1.923e-02 | Dynamic Loss: 1.923e-02 | Regularization Loss: 2.976e-09 | Val Loss: 4.889e-02 | Active Proj %: 0.00 | Time: 9.67s
2025-08-20 19:48:27,773:INFO:Epoch: 17050/40000 | Train Loss: 2.779e-02 | Dynamic Loss: 2.779e-02 | Regularization Loss: 2.764e-09 | Val Loss: 5.311e-02 | Active Proj %: 0.00 | Time: 9.55s
2025-08-20 19:48:37,524:INFO:Epoch: 17100/40000 | Train Loss: 1.643e-02 | Dynamic Loss: 1.643e-02 | Regularization Loss: 2.568e-09 | Val Loss: 4.355e-02 | Active Proj %: 0.00 | Time: 9.64s
2025-08-20 19:48:47,164:INFO:Epoch: 17150/40000 | Train Loss: 1.579e-02 | Dynamic Loss: 1.579e-02 | Regularization Loss: 2.386e-09 | Val Loss: 4.349e-02 | Active Proj %: 0.00 | Time: 9.53s
2025-08-20 19:48:56,712:INFO:Epoch: 17200/40000 | Train Loss: 1.481e-02 | Dynamic Loss: 1.481e-02 | Regularization Loss: 2.217e-09 | Val Loss: 4.246e-02 | Active Proj %: 0.00 | Time: 9.44s
2025-08-20 19:49:06,504:INFO:Epoch: 17250/40000 | Train Loss: 2.600e-02 | Dynamic Loss: 2.600e-02 | Regularization Loss: 2.060e-09 | Val Loss: 4.685e-02 | Active Proj %: 0.00 | Time: 9.68s
2025-08-20 19:49:16,059:INFO:Epoch: 17300/40000 | Train Loss: 1.803e-02 | Dynamic Loss: 1.803e-02 | Regularization Loss: 1.914e-09 | Val Loss: 4.490e-02 | Active Proj %: 0.00 | Time: 9.44s
2025-08-20 19:49:25,648:INFO:Epoch: 17350/40000 | Train Loss: 1.787e-02 | Dynamic Loss: 1.787e-02 | Regularization Loss: 1.779e-09 | Val Loss: 4.478e-02 | Active Proj %: 0.00 | Time: 9.48s
2025-08-20 19:49:35,214:INFO:Epoch: 17400/40000 | Train Loss: 2.035e-02 | Dynamic Loss: 2.035e-02 | Regularization Loss: 1.654e-09 | Val Loss: 5.142e-02 | Active Proj %: 0.00 | Time: 9.45s
2025-08-20 19:49:44,729:INFO:Epoch: 17450/40000 | Train Loss: 2.220e-02 | Dynamic Loss: 2.220e-02 | Regularization Loss: 1.538e-09 | Val Loss: 5.085e-02 | Active Proj %: 0.00 | Time: 9.40s
2025-08-20 19:49:54,183:INFO:Epoch: 17500/40000 | Train Loss: 1.606e-02 | Dynamic Loss: 1.606e-02 | Regularization Loss: 1.430e-09 | Val Loss: 4.155e-02 | Active Proj %: 0.00 | Time: 9.35s
2025-08-20 19:49:54,183:INFO:New best model found at epoch 17500 with validation loss 4.155e-02. Saving...
2025-08-20 19:50:03,754:INFO:Epoch: 17550/40000 | Train Loss: 1.655e-02 | Dynamic Loss: 1.655e-02 | Regularization Loss: 1.330e-09 | Val Loss: 4.386e-02 | Active Proj %: 0.00 | Time: 9.42s
2025-08-20 19:50:14,548:INFO:Epoch: 17600/40000 | Train Loss: 1.834e-02 | Dynamic Loss: 1.834e-02 | Regularization Loss: 1.238e-09 | Val Loss: 4.308e-02 | Active Proj %: 0.00 | Time: 10.68s
2025-08-20 19:50:24,031:INFO:Epoch: 17650/40000 | Train Loss: 1.920e-02 | Dynamic Loss: 1.920e-02 | Regularization Loss: 1.152e-09 | Val Loss: 4.464e-02 | Active Proj %: 0.00 | Time: 9.37s
2025-08-20 19:50:33,622:INFO:Epoch: 17700/40000 | Train Loss: 1.927e-02 | Dynamic Loss: 1.927e-02 | Regularization Loss: 1.072e-09 | Val Loss: 4.362e-02 | Active Proj %: 0.00 | Time: 9.36s
2025-08-20 19:50:43,196:INFO:Epoch: 17750/40000 | Train Loss: 1.442e-02 | Dynamic Loss: 1.442e-02 | Regularization Loss: 9.978e-10 | Val Loss: 4.087e-02 | Active Proj %: 0.00 | Time: 9.46s
2025-08-20 19:50:43,197:INFO:New best model found at epoch 17750 with validation loss 4.087e-02. Saving...
2025-08-20 19:50:52,831:INFO:Epoch: 17800/40000 | Train Loss: 3.717e-02 | Dynamic Loss: 3.717e-02 | Regularization Loss: 9.291e-10 | Val Loss: 5.712e-02 | Active Proj %: 0.00 | Time: 9.50s
2025-08-20 19:51:02,416:INFO:Epoch: 17850/40000 | Train Loss: 1.668e-02 | Dynamic Loss: 1.668e-02 | Regularization Loss: 8.653e-10 | Val Loss: 4.364e-02 | Active Proj %: 0.00 | Time: 9.46s
2025-08-20 19:51:11,994:INFO:Epoch: 17900/40000 | Train Loss: 1.791e-02 | Dynamic Loss: 1.791e-02 | Regularization Loss: 8.062e-10 | Val Loss: 5.045e-02 | Active Proj %: 0.00 | Time: 9.47s
2025-08-20 19:51:21,447:INFO:Epoch: 17950/40000 | Train Loss: 1.621e-02 | Dynamic Loss: 1.621e-02 | Regularization Loss: 7.513e-10 | Val Loss: 4.564e-02 | Active Proj %: 0.00 | Time: 9.34s
2025-08-20 19:51:30,992:INFO:Epoch: 18000/40000 | Train Loss: 2.193e-02 | Dynamic Loss: 2.193e-02 | Regularization Loss: 7.003e-10 | Val Loss: 4.408e-02 | Active Proj %: 0.00 | Time: 9.44s
2025-08-20 19:51:47,162:INFO:Epoch: 18050/40000 | Train Loss: 2.152e-02 | Dynamic Loss: 2.152e-02 | Regularization Loss: 6.530e-10 | Val Loss: 4.762e-02 | Active Proj %: 0.00 | Time: 16.06s
2025-08-20 19:51:56,730:INFO:Epoch: 18100/40000 | Train Loss: 1.397e-02 | Dynamic Loss: 1.397e-02 | Regularization Loss: 6.092e-10 | Val Loss: 4.197e-02 | Active Proj %: 0.00 | Time: 9.46s
2025-08-20 19:52:06,299:INFO:Epoch: 18150/40000 | Train Loss: 1.537e-02 | Dynamic Loss: 1.537e-02 | Regularization Loss: 5.685e-10 | Val Loss: 4.468e-02 | Active Proj %: 0.00 | Time: 9.46s
2025-08-20 19:52:22,495:INFO:Epoch: 18200/40000 | Train Loss: 1.748e-02 | Dynamic Loss: 1.748e-02 | Regularization Loss: 5.307e-10 | Val Loss: 4.481e-02 | Active Proj %: 0.00 | Time: 16.09s
2025-08-20 19:52:31,983:INFO:Epoch: 18250/40000 | Train Loss: 1.675e-02 | Dynamic Loss: 1.675e-02 | Regularization Loss: 4.957e-10 | Val Loss: 4.497e-02 | Active Proj %: 0.00 | Time: 9.38s
2025-08-20 19:52:41,481:INFO:Epoch: 18300/40000 | Train Loss: 2.524e-02 | Dynamic Loss: 2.524e-02 | Regularization Loss: 4.631e-10 | Val Loss: 4.783e-02 | Active Proj %: 0.00 | Time: 9.39s
2025-08-20 19:52:57,711:INFO:Epoch: 18350/40000 | Train Loss: 1.707e-02 | Dynamic Loss: 1.707e-02 | Regularization Loss: 4.329e-10 | Val Loss: 4.284e-02 | Active Proj %: 0.00 | Time: 16.12s
2025-08-20 19:53:07,262:INFO:Epoch: 18400/40000 | Train Loss: 1.432e-02 | Dynamic Loss: 1.432e-02 | Regularization Loss: 4.049e-10 | Val Loss: 4.315e-02 | Active Proj %: 0.00 | Time: 9.43s
2025-08-20 19:53:16,837:INFO:Epoch: 18450/40000 | Train Loss: 1.787e-02 | Dynamic Loss: 1.787e-02 | Regularization Loss: 3.789e-10 | Val Loss: 4.682e-02 | Active Proj %: 0.00 | Time: 9.46s
2025-08-20 19:53:26,383:INFO:Epoch: 18500/40000 | Train Loss: 1.659e-02 | Dynamic Loss: 1.659e-02 | Regularization Loss: 3.547e-10 | Val Loss: 4.426e-02 | Active Proj %: 0.00 | Time: 9.44s
2025-08-20 19:53:43,545:INFO:Epoch: 18550/40000 | Train Loss: 1.876e-02 | Dynamic Loss: 1.876e-02 | Regularization Loss: 3.323e-10 | Val Loss: 4.827e-02 | Active Proj %: 0.00 | Time: 17.05s
2025-08-20 19:53:53,102:INFO:Epoch: 18600/40000 | Train Loss: 1.598e-02 | Dynamic Loss: 1.598e-02 | Regularization Loss: 3.115e-10 | Val Loss: 4.375e-02 | Active Proj %: 0.00 | Time: 9.44s
2025-08-20 19:54:02,635:INFO:Epoch: 18650/40000 | Train Loss: 1.512e-02 | Dynamic Loss: 1.512e-02 | Regularization Loss: 2.921e-10 | Val Loss: 4.171e-02 | Active Proj %: 0.00 | Time: 9.42s
2025-08-20 19:54:19,559:INFO:Epoch: 18700/40000 | Train Loss: 1.489e-02 | Dynamic Loss: 1.489e-02 | Regularization Loss: 2.742e-10 | Val Loss: 4.230e-02 | Active Proj %: 0.00 | Time: 16.82s
2025-08-20 19:54:29,176:INFO:Epoch: 18750/40000 | Train Loss: 1.234e-02 | Dynamic Loss: 1.234e-02 | Regularization Loss: 2.575e-10 | Val Loss: 4.142e-02 | Active Proj %: 0.00 | Time: 9.50s
2025-08-20 19:54:38,706:INFO:Epoch: 18800/40000 | Train Loss: 1.602e-02 | Dynamic Loss: 1.602e-02 | Regularization Loss: 2.420e-10 | Val Loss: 4.444e-02 | Active Proj %: 0.00 | Time: 9.42s
2025-08-20 19:54:48,972:INFO:Epoch: 18850/40000 | Train Loss: 1.426e-02 | Dynamic Loss: 1.426e-02 | Regularization Loss: 2.276e-10 | Val Loss: 4.311e-02 | Active Proj %: 0.00 | Time: 10.15s
2025-08-20 19:54:58,934:INFO:Epoch: 18900/40000 | Train Loss: 1.696e-02 | Dynamic Loss: 1.696e-02 | Regularization Loss: 2.142e-10 | Val Loss: 4.656e-02 | Active Proj %: 0.00 | Time: 9.86s
2025-08-20 19:55:08,732:INFO:Epoch: 18950/40000 | Train Loss: 1.107e-02 | Dynamic Loss: 1.107e-02 | Regularization Loss: 2.017e-10 | Val Loss: 4.070e-02 | Active Proj %: 0.00 | Time: 9.69s
2025-08-20 19:55:08,732:INFO:New best model found at epoch 18950 with validation loss 4.070e-02. Saving...
2025-08-20 19:55:22,155:INFO:Epoch: 19000/40000 | Train Loss: 1.783e-02 | Dynamic Loss: 1.783e-02 | Regularization Loss: 1.901e-10 | Val Loss: 4.344e-02 | Active Proj %: 0.00 | Time: 13.29s
2025-08-20 19:55:31,683:INFO:Epoch: 19050/40000 | Train Loss: 1.205e-02 | Dynamic Loss: 1.205e-02 | Regularization Loss: 1.794e-10 | Val Loss: 4.245e-02 | Active Proj %: 0.00 | Time: 9.42s
2025-08-20 19:55:41,221:INFO:Epoch: 19100/40000 | Train Loss: 1.243e-02 | Dynamic Loss: 1.243e-02 | Regularization Loss: 1.694e-10 | Val Loss: 4.195e-02 | Active Proj %: 0.00 | Time: 9.42s
2025-08-20 19:55:50,851:INFO:Epoch: 19150/40000 | Train Loss: 2.483e-02 | Dynamic Loss: 2.483e-02 | Regularization Loss: 1.600e-10 | Val Loss: 4.829e-02 | Active Proj %: 0.00 | Time: 9.52s
2025-08-20 19:56:00,472:INFO:Epoch: 19200/40000 | Train Loss: 1.249e-02 | Dynamic Loss: 1.249e-02 | Regularization Loss: 1.514e-10 | Val Loss: 4.067e-02 | Active Proj %: 0.00 | Time: 9.50s
2025-08-20 19:56:00,472:INFO:New best model found at epoch 19200 with validation loss 4.067e-02. Saving...
2025-08-20 19:56:10,028:INFO:Epoch: 19250/40000 | Train Loss: 2.263e-02 | Dynamic Loss: 2.263e-02 | Regularization Loss: 1.433e-10 | Val Loss: 4.831e-02 | Active Proj %: 0.00 | Time: 9.42s
2025-08-20 19:56:19,764:INFO:Epoch: 19300/40000 | Train Loss: 2.149e-02 | Dynamic Loss: 2.149e-02 | Regularization Loss: 1.357e-10 | Val Loss: 4.358e-02 | Active Proj %: 0.00 | Time: 9.62s
2025-08-20 19:56:29,263:INFO:Epoch: 19350/40000 | Train Loss: 1.649e-02 | Dynamic Loss: 1.649e-02 | Regularization Loss: 1.287e-10 | Val Loss: 4.397e-02 | Active Proj %: 0.00 | Time: 9.39s
2025-08-20 19:56:38,864:INFO:Epoch: 19400/40000 | Train Loss: 1.465e-02 | Dynamic Loss: 1.465e-02 | Regularization Loss: 1.222e-10 | Val Loss: 4.002e-02 | Active Proj %: 0.00 | Time: 9.49s
2025-08-20 19:56:38,864:INFO:New best model found at epoch 19400 with validation loss 4.002e-02. Saving...
2025-08-20 19:56:54,883:INFO:Epoch: 19450/40000 | Train Loss: 1.861e-02 | Dynamic Loss: 1.861e-02 | Regularization Loss: 1.161e-10 | Val Loss: 4.255e-02 | Active Proj %: 0.00 | Time: 15.88s
2025-08-20 19:57:05,111:INFO:Epoch: 19500/40000 | Train Loss: 1.480e-02 | Dynamic Loss: 1.480e-02 | Regularization Loss: 1.104e-10 | Val Loss: 4.174e-02 | Active Proj %: 0.00 | Time: 10.12s
2025-08-20 19:57:14,639:INFO:Epoch: 19550/40000 | Train Loss: 1.279e-02 | Dynamic Loss: 1.279e-02 | Regularization Loss: 1.051e-10 | Val Loss: 4.036e-02 | Active Proj %: 0.00 | Time: 9.41s
2025-08-20 19:57:31,320:INFO:Epoch: 19600/40000 | Train Loss: 1.223e-02 | Dynamic Loss: 1.223e-02 | Regularization Loss: 1.001e-10 | Val Loss: 4.023e-02 | Active Proj %: 0.00 | Time: 16.57s
2025-08-20 19:57:41,073:INFO:Epoch: 19650/40000 | Train Loss: 1.460e-02 | Dynamic Loss: 1.460e-02 | Regularization Loss: 9.547e-11 | Val Loss: 4.088e-02 | Active Proj %: 0.00 | Time: 9.64s
2025-08-20 19:57:50,670:INFO:Epoch: 19700/40000 | Train Loss: 1.322e-02 | Dynamic Loss: 1.322e-02 | Regularization Loss: 9.113e-11 | Val Loss: 4.182e-02 | Active Proj %: 0.00 | Time: 9.48s
2025-08-20 19:58:03,567:INFO:Epoch: 19750/40000 | Train Loss: 1.488e-02 | Dynamic Loss: 1.488e-02 | Regularization Loss: 8.707e-11 | Val Loss: 4.065e-02 | Active Proj %: 0.00 | Time: 12.79s
2025-08-20 19:58:13,158:INFO:Epoch: 19800/40000 | Train Loss: 1.561e-02 | Dynamic Loss: 1.561e-02 | Regularization Loss: 8.326e-11 | Val Loss: 4.778e-02 | Active Proj %: 0.00 | Time: 9.48s
2025-08-20 19:58:22,652:INFO:Epoch: 19850/40000 | Train Loss: 1.765e-02 | Dynamic Loss: 1.765e-02 | Regularization Loss: 7.970e-11 | Val Loss: 4.846e-02 | Active Proj %: 0.00 | Time: 9.38s
2025-08-20 19:58:37,411:INFO:Epoch: 19900/40000 | Train Loss: 1.440e-02 | Dynamic Loss: 1.440e-02 | Regularization Loss: 7.636e-11 | Val Loss: 4.189e-02 | Active Proj %: 0.00 | Time: 14.65s
2025-08-20 19:58:46,970:INFO:Epoch: 19950/40000 | Train Loss: 2.354e-02 | Dynamic Loss: 2.354e-02 | Regularization Loss: 7.323e-11 | Val Loss: 5.498e-02 | Active Proj %: 0.00 | Time: 9.45s
2025-08-20 19:58:56,887:INFO:Epoch: 20000/40000 | Train Loss: 1.188e-02 | Dynamic Loss: 1.188e-02 | Regularization Loss: 7.028e-11 | Val Loss: 3.994e-02 | Active Proj %: 0.00 | Time: 9.80s
2025-08-20 19:58:56,888:INFO:New best model found at epoch 20000 with validation loss 3.994e-02. Saving...
2025-08-20 19:59:13,902:INFO:Epoch: 20050/40000 | Train Loss: 1.625e-02 | Dynamic Loss: 1.625e-02 | Regularization Loss: 6.752e-11 | Val Loss: 4.294e-02 | Active Proj %: 0.00 | Time: 16.88s
2025-08-20 19:59:23,446:INFO:Epoch: 20100/40000 | Train Loss: 1.185e-02 | Dynamic Loss: 1.185e-02 | Regularization Loss: 6.492e-11 | Val Loss: 3.934e-02 | Active Proj %: 0.00 | Time: 9.43s
2025-08-20 19:59:23,446:INFO:New best model found at epoch 20100 with validation loss 3.934e-02. Saving...
2025-08-20 19:59:32,937:INFO:Epoch: 20150/40000 | Train Loss: 3.181e-02 | Dynamic Loss: 3.181e-02 | Regularization Loss: 6.247e-11 | Val Loss: 5.384e-02 | Active Proj %: 0.00 | Time: 9.36s
2025-08-20 19:59:42,570:INFO:Epoch: 20200/40000 | Train Loss: 1.186e-02 | Dynamic Loss: 1.186e-02 | Regularization Loss: 6.017e-11 | Val Loss: 3.963e-02 | Active Proj %: 0.00 | Time: 9.52s
2025-08-20 19:59:52,055:INFO:Epoch: 20250/40000 | Train Loss: 1.309e-02 | Dynamic Loss: 1.309e-02 | Regularization Loss: 5.800e-11 | Val Loss: 4.194e-02 | Active Proj %: 0.00 | Time: 9.38s
2025-08-20 20:00:01,588:INFO:Epoch: 20300/40000 | Train Loss: 1.499e-02 | Dynamic Loss: 1.499e-02 | Regularization Loss: 5.596e-11 | Val Loss: 4.336e-02 | Active Proj %: 0.00 | Time: 9.42s
2025-08-20 20:00:11,243:INFO:Epoch: 20350/40000 | Train Loss: 1.474e-02 | Dynamic Loss: 1.474e-02 | Regularization Loss: 5.402e-11 | Val Loss: 4.168e-02 | Active Proj %: 0.00 | Time: 9.42s
2025-08-20 20:00:20,776:INFO:Epoch: 20400/40000 | Train Loss: 1.559e-02 | Dynamic Loss: 1.559e-02 | Regularization Loss: 5.220e-11 | Val Loss: 4.685e-02 | Active Proj %: 0.00 | Time: 9.42s
2025-08-20 20:00:30,494:INFO:Epoch: 20450/40000 | Train Loss: 1.345e-02 | Dynamic Loss: 1.345e-02 | Regularization Loss: 5.048e-11 | Val Loss: 4.451e-02 | Active Proj %: 0.00 | Time: 9.60s
2025-08-20 20:00:40,110:INFO:Epoch: 20500/40000 | Train Loss: 1.212e-02 | Dynamic Loss: 1.212e-02 | Regularization Loss: 4.885e-11 | Val Loss: 4.084e-02 | Active Proj %: 0.00 | Time: 9.52s
2025-08-20 20:00:49,589:INFO:Epoch: 20550/40000 | Train Loss: 1.059e-02 | Dynamic Loss: 1.059e-02 | Regularization Loss: 4.730e-11 | Val Loss: 3.856e-02 | Active Proj %: 0.00 | Time: 9.38s
2025-08-20 20:00:49,589:INFO:New best model found at epoch 20550 with validation loss 3.856e-02. Saving...
2025-08-20 20:00:59,306:INFO:Epoch: 20600/40000 | Train Loss: 1.142e-02 | Dynamic Loss: 1.142e-02 | Regularization Loss: 4.584e-11 | Val Loss: 4.065e-02 | Active Proj %: 0.00 | Time: 9.59s
2025-08-20 20:01:08,767:INFO:Epoch: 20650/40000 | Train Loss: 9.430e-03 | Dynamic Loss: 9.430e-03 | Regularization Loss: 4.445e-11 | Val Loss: 3.899e-02 | Active Proj %: 0.00 | Time: 9.35s
2025-08-20 20:01:25,447:INFO:Epoch: 20700/40000 | Train Loss: 1.476e-02 | Dynamic Loss: 1.476e-02 | Regularization Loss: 4.314e-11 | Val Loss: 4.361e-02 | Active Proj %: 0.00 | Time: 16.58s
2025-08-20 20:01:34,983:INFO:Epoch: 20750/40000 | Train Loss: 2.553e-02 | Dynamic Loss: 2.553e-02 | Regularization Loss: 4.189e-11 | Val Loss: 4.475e-02 | Active Proj %: 0.00 | Time: 9.44s
2025-08-20 20:01:44,538:INFO:Epoch: 20800/40000 | Train Loss: 2.331e-02 | Dynamic Loss: 2.331e-02 | Regularization Loss: 4.070e-11 | Val Loss: 4.694e-02 | Active Proj %: 0.00 | Time: 9.45s
2025-08-20 20:01:54,118:INFO:Epoch: 20850/40000 | Train Loss: 1.109e-02 | Dynamic Loss: 1.109e-02 | Regularization Loss: 3.957e-11 | Val Loss: 3.867e-02 | Active Proj %: 0.00 | Time: 9.48s
2025-08-20 20:02:03,631:INFO:Epoch: 20900/40000 | Train Loss: 1.311e-02 | Dynamic Loss: 1.311e-02 | Regularization Loss: 3.850e-11 | Val Loss: 3.932e-02 | Active Proj %: 0.00 | Time: 9.41s
2025-08-20 20:02:13,235:INFO:Epoch: 20950/40000 | Train Loss: 2.316e-02 | Dynamic Loss: 2.316e-02 | Regularization Loss: 3.747e-11 | Val Loss: 4.565e-02 | Active Proj %: 0.00 | Time: 9.50s
2025-08-20 20:02:22,788:INFO:Epoch: 21000/40000 | Train Loss: 1.578e-02 | Dynamic Loss: 1.578e-02 | Regularization Loss: 3.650e-11 | Val Loss: 4.491e-02 | Active Proj %: 0.00 | Time: 9.33s
2025-08-20 20:02:32,449:INFO:Epoch: 21050/40000 | Train Loss: 1.810e-02 | Dynamic Loss: 1.810e-02 | Regularization Loss: 3.556e-11 | Val Loss: 4.431e-02 | Active Proj %: 0.00 | Time: 9.56s
2025-08-20 20:02:42,049:INFO:Epoch: 21100/40000 | Train Loss: 1.210e-02 | Dynamic Loss: 1.210e-02 | Regularization Loss: 3.467e-11 | Val Loss: 3.876e-02 | Active Proj %: 0.00 | Time: 9.50s
2025-08-20 20:02:51,557:INFO:Epoch: 21150/40000 | Train Loss: 1.644e-02 | Dynamic Loss: 1.644e-02 | Regularization Loss: 3.383e-11 | Val Loss: 4.345e-02 | Active Proj %: 0.00 | Time: 9.41s
2025-08-20 20:03:08,651:INFO:Epoch: 21200/40000 | Train Loss: 1.604e-02 | Dynamic Loss: 1.604e-02 | Regularization Loss: 3.301e-11 | Val Loss: 4.254e-02 | Active Proj %: 0.00 | Time: 16.99s
2025-08-20 20:03:18,195:INFO:Epoch: 21250/40000 | Train Loss: 1.714e-02 | Dynamic Loss: 1.714e-02 | Regularization Loss: 3.224e-11 | Val Loss: 4.187e-02 | Active Proj %: 0.00 | Time: 9.44s
2025-08-20 20:03:27,736:INFO:Epoch: 21300/40000 | Train Loss: 1.225e-02 | Dynamic Loss: 1.225e-02 | Regularization Loss: 3.149e-11 | Val Loss: 4.123e-02 | Active Proj %: 0.00 | Time: 9.41s
2025-08-20 20:03:37,258:INFO:Epoch: 21350/40000 | Train Loss: 1.189e-02 | Dynamic Loss: 1.189e-02 | Regularization Loss: 3.078e-11 | Val Loss: 4.297e-02 | Active Proj %: 0.00 | Time: 9.42s
2025-08-20 20:03:46,801:INFO:Epoch: 21400/40000 | Train Loss: 1.318e-02 | Dynamic Loss: 1.318e-02 | Regularization Loss: 3.010e-11 | Val Loss: 3.913e-02 | Active Proj %: 0.00 | Time: 9.44s
2025-08-20 20:03:56,369:INFO:Epoch: 21450/40000 | Train Loss: 1.312e-02 | Dynamic Loss: 1.312e-02 | Regularization Loss: 2.944e-11 | Val Loss: 4.084e-02 | Active Proj %: 0.00 | Time: 9.46s
2025-08-20 20:04:06,060:INFO:Epoch: 21500/40000 | Train Loss: 1.721e-02 | Dynamic Loss: 1.721e-02 | Regularization Loss: 2.881e-11 | Val Loss: 4.811e-02 | Active Proj %: 0.00 | Time: 9.46s
2025-08-20 20:04:15,560:INFO:Epoch: 21550/40000 | Train Loss: 1.312e-02 | Dynamic Loss: 1.312e-02 | Regularization Loss: 2.821e-11 | Val Loss: 4.047e-02 | Active Proj %: 0.00 | Time: 9.40s
2025-08-20 20:04:25,102:INFO:Epoch: 21600/40000 | Train Loss: 1.383e-02 | Dynamic Loss: 1.383e-02 | Regularization Loss: 2.763e-11 | Val Loss: 4.298e-02 | Active Proj %: 0.00 | Time: 9.44s
2025-08-20 20:04:34,844:INFO:Epoch: 21650/40000 | Train Loss: 1.083e-02 | Dynamic Loss: 1.083e-02 | Regularization Loss: 2.707e-11 | Val Loss: 3.953e-02 | Active Proj %: 0.00 | Time: 9.64s
2025-08-20 20:04:52,162:INFO:Epoch: 21700/40000 | Train Loss: 1.506e-02 | Dynamic Loss: 1.506e-02 | Regularization Loss: 2.653e-11 | Val Loss: 4.281e-02 | Active Proj %: 0.00 | Time: 17.22s
2025-08-20 20:05:01,729:INFO:Epoch: 21750/40000 | Train Loss: 1.936e-02 | Dynamic Loss: 1.936e-02 | Regularization Loss: 2.601e-11 | Val Loss: 4.224e-02 | Active Proj %: 0.00 | Time: 9.46s
2025-08-20 20:05:11,286:INFO:Epoch: 21800/40000 | Train Loss: 1.803e-02 | Dynamic Loss: 1.803e-02 | Regularization Loss: 2.551e-11 | Val Loss: 4.605e-02 | Active Proj %: 0.00 | Time: 9.46s
2025-08-20 20:05:21,040:INFO:Epoch: 21850/40000 | Train Loss: 1.151e-02 | Dynamic Loss: 1.151e-02 | Regularization Loss: 2.503e-11 | Val Loss: 3.910e-02 | Active Proj %: 0.00 | Time: 9.65s
2025-08-20 20:05:30,521:INFO:Epoch: 21900/40000 | Train Loss: 1.490e-02 | Dynamic Loss: 1.490e-02 | Regularization Loss: 2.457e-11 | Val Loss: 4.298e-02 | Active Proj %: 0.00 | Time: 9.38s
2025-08-20 20:05:40,089:INFO:Epoch: 21950/40000 | Train Loss: 1.232e-02 | Dynamic Loss: 1.232e-02 | Regularization Loss: 2.412e-11 | Val Loss: 4.469e-02 | Active Proj %: 0.00 | Time: 9.47s
2025-08-20 20:05:49,831:INFO:Epoch: 22000/40000 | Train Loss: 1.243e-02 | Dynamic Loss: 1.243e-02 | Regularization Loss: 2.369e-11 | Val Loss: 4.194e-02 | Active Proj %: 0.00 | Time: 9.52s
2025-08-20 20:05:59,364:INFO:Epoch: 22050/40000 | Train Loss: 1.780e-02 | Dynamic Loss: 1.780e-02 | Regularization Loss: 2.327e-11 | Val Loss: 4.495e-02 | Active Proj %: 0.00 | Time: 9.43s
2025-08-20 20:06:08,942:INFO:Epoch: 22100/40000 | Train Loss: 1.469e-02 | Dynamic Loss: 1.469e-02 | Regularization Loss: 2.287e-11 | Val Loss: 4.085e-02 | Active Proj %: 0.00 | Time: 9.48s
2025-08-20 20:06:18,540:INFO:Epoch: 22150/40000 | Train Loss: 1.145e-02 | Dynamic Loss: 1.145e-02 | Regularization Loss: 2.248e-11 | Val Loss: 4.015e-02 | Active Proj %: 0.00 | Time: 9.50s
2025-08-20 20:06:35,094:INFO:Epoch: 22200/40000 | Train Loss: 1.051e-02 | Dynamic Loss: 1.051e-02 | Regularization Loss: 2.210e-11 | Val Loss: 3.763e-02 | Active Proj %: 0.00 | Time: 16.45s
2025-08-20 20:06:35,094:INFO:New best model found at epoch 22200 with validation loss 3.763e-02. Saving...
2025-08-20 20:06:44,689:INFO:Epoch: 22250/40000 | Train Loss: 1.326e-02 | Dynamic Loss: 1.326e-02 | Regularization Loss: 2.174e-11 | Val Loss: 4.002e-02 | Active Proj %: 0.00 | Time: 9.44s
2025-08-20 20:06:54,200:INFO:Epoch: 22300/40000 | Train Loss: 9.416e-03 | Dynamic Loss: 9.416e-03 | Regularization Loss: 2.138e-11 | Val Loss: 4.123e-02 | Active Proj %: 0.00 | Time: 9.41s
2025-08-20 20:07:04,065:INFO:Epoch: 22350/40000 | Train Loss: 1.051e-02 | Dynamic Loss: 1.051e-02 | Regularization Loss: 2.104e-11 | Val Loss: 3.835e-02 | Active Proj %: 0.00 | Time: 9.76s
2025-08-20 20:07:13,567:INFO:Epoch: 22400/40000 | Train Loss: 1.464e-02 | Dynamic Loss: 1.464e-02 | Regularization Loss: 2.071e-11 | Val Loss: 4.169e-02 | Active Proj %: 0.00 | Time: 9.39s
2025-08-20 20:07:23,067:INFO:Epoch: 22450/40000 | Train Loss: 1.137e-02 | Dynamic Loss: 1.137e-02 | Regularization Loss: 2.039e-11 | Val Loss: 3.917e-02 | Active Proj %: 0.00 | Time: 9.40s
2025-08-20 20:07:32,521:INFO:Epoch: 22500/40000 | Train Loss: 2.178e-02 | Dynamic Loss: 2.178e-02 | Regularization Loss: 2.008e-11 | Val Loss: 4.341e-02 | Active Proj %: 0.00 | Time: 9.35s
2025-08-20 20:07:50,244:INFO:Epoch: 22550/40000 | Train Loss: 1.289e-02 | Dynamic Loss: 1.289e-02 | Regularization Loss: 1.977e-11 | Val Loss: 4.274e-02 | Active Proj %: 0.00 | Time: 17.62s
2025-08-20 20:07:59,793:INFO:Epoch: 22600/40000 | Train Loss: 1.288e-02 | Dynamic Loss: 1.288e-02 | Regularization Loss: 1.948e-11 | Val Loss: 4.323e-02 | Active Proj %: 0.00 | Time: 9.45s
2025-08-20 20:08:09,306:INFO:Epoch: 22650/40000 | Train Loss: 1.007e-02 | Dynamic Loss: 1.007e-02 | Regularization Loss: 1.919e-11 | Val Loss: 4.042e-02 | Active Proj %: 0.00 | Time: 9.41s
2025-08-20 20:08:19,027:INFO:Epoch: 22700/40000 | Train Loss: 1.122e-02 | Dynamic Loss: 1.122e-02 | Regularization Loss: 1.892e-11 | Val Loss: 3.887e-02 | Active Proj %: 0.00 | Time: 9.62s
2025-08-20 20:08:28,516:INFO:Epoch: 22750/40000 | Train Loss: 1.617e-02 | Dynamic Loss: 1.617e-02 | Regularization Loss: 1.865e-11 | Val Loss: 4.047e-02 | Active Proj %: 0.00 | Time: 9.39s
2025-08-20 20:08:38,127:INFO:Epoch: 22800/40000 | Train Loss: 1.263e-02 | Dynamic Loss: 1.263e-02 | Regularization Loss: 1.839e-11 | Val Loss: 4.065e-02 | Active Proj %: 0.00 | Time: 9.51s
2025-08-20 20:08:47,765:INFO:Epoch: 22850/40000 | Train Loss: 1.097e-02 | Dynamic Loss: 1.097e-02 | Regularization Loss: 1.813e-11 | Val Loss: 3.904e-02 | Active Proj %: 0.00 | Time: 9.53s
2025-08-20 20:08:57,288:INFO:Epoch: 22900/40000 | Train Loss: 1.642e-02 | Dynamic Loss: 1.642e-02 | Regularization Loss: 1.788e-11 | Val Loss: 4.642e-02 | Active Proj %: 0.00 | Time: 9.42s
2025-08-20 20:09:06,774:INFO:Epoch: 22950/40000 | Train Loss: 9.149e-03 | Dynamic Loss: 9.149e-03 | Regularization Loss: 1.764e-11 | Val Loss: 3.746e-02 | Active Proj %: 0.00 | Time: 9.39s
2025-08-20 20:09:06,774:INFO:New best model found at epoch 22950 with validation loss 3.746e-02. Saving...
2025-08-20 20:09:16,541:INFO:Epoch: 23000/40000 | Train Loss: 1.348e-02 | Dynamic Loss: 1.348e-02 | Regularization Loss: 1.741e-11 | Val Loss: 3.890e-02 | Active Proj %: 0.00 | Time: 9.64s
2025-08-20 20:09:26,054:INFO:Epoch: 23050/40000 | Train Loss: 1.064e-02 | Dynamic Loss: 1.064e-02 | Regularization Loss: 1.718e-11 | Val Loss: 3.924e-02 | Active Proj %: 0.00 | Time: 9.42s
2025-08-20 20:09:35,571:INFO:Epoch: 23100/40000 | Train Loss: 1.116e-02 | Dynamic Loss: 1.116e-02 | Regularization Loss: 1.695e-11 | Val Loss: 3.893e-02 | Active Proj %: 0.00 | Time: 9.41s
2025-08-20 20:09:45,184:INFO:Epoch: 23150/40000 | Train Loss: 1.377e-02 | Dynamic Loss: 1.377e-02 | Regularization Loss: 1.674e-11 | Val Loss: 4.070e-02 | Active Proj %: 0.00 | Time: 9.51s
2025-08-20 20:09:54,657:INFO:Epoch: 23200/40000 | Train Loss: 1.859e-02 | Dynamic Loss: 1.859e-02 | Regularization Loss: 1.653e-11 | Val Loss: 4.313e-02 | Active Proj %: 0.00 | Time: 9.37s
2025-08-20 20:10:04,066:INFO:Epoch: 23250/40000 | Train Loss: 1.104e-02 | Dynamic Loss: 1.104e-02 | Regularization Loss: 1.632e-11 | Val Loss: 3.911e-02 | Active Proj %: 0.00 | Time: 9.30s
2025-08-20 20:10:13,732:INFO:Epoch: 23300/40000 | Train Loss: 1.991e-02 | Dynamic Loss: 1.991e-02 | Regularization Loss: 1.612e-11 | Val Loss: 4.604e-02 | Active Proj %: 0.00 | Time: 9.56s
2025-08-20 20:10:23,291:INFO:Epoch: 23350/40000 | Train Loss: 1.880e-02 | Dynamic Loss: 1.880e-02 | Regularization Loss: 1.592e-11 | Val Loss: 4.494e-02 | Active Proj %: 0.00 | Time: 9.46s
2025-08-20 20:10:32,968:INFO:Epoch: 23400/40000 | Train Loss: 1.510e-02 | Dynamic Loss: 1.510e-02 | Regularization Loss: 1.573e-11 | Val Loss: 4.226e-02 | Active Proj %: 0.00 | Time: 9.57s
2025-08-20 20:10:42,604:INFO:Epoch: 23450/40000 | Train Loss: 9.997e-03 | Dynamic Loss: 9.997e-03 | Regularization Loss: 1.554e-11 | Val Loss: 3.824e-02 | Active Proj %: 0.00 | Time: 9.53s
2025-08-20 20:10:52,150:INFO:Epoch: 23500/40000 | Train Loss: 8.806e-03 | Dynamic Loss: 8.806e-03 | Regularization Loss: 1.536e-11 | Val Loss: 3.851e-02 | Active Proj %: 0.00 | Time: 9.45s
2025-08-20 20:11:01,893:INFO:Epoch: 23550/40000 | Train Loss: 1.214e-02 | Dynamic Loss: 1.214e-02 | Regularization Loss: 1.518e-11 | Val Loss: 3.970e-02 | Active Proj %: 0.00 | Time: 9.64s
2025-08-20 20:11:11,483:INFO:Epoch: 23600/40000 | Train Loss: 1.410e-02 | Dynamic Loss: 1.410e-02 | Regularization Loss: 1.500e-11 | Val Loss: 4.189e-02 | Active Proj %: 0.00 | Time: 9.49s
2025-08-20 20:11:21,010:INFO:Epoch: 23650/40000 | Train Loss: 1.315e-02 | Dynamic Loss: 1.315e-02 | Regularization Loss: 1.483e-11 | Val Loss: 4.400e-02 | Active Proj %: 0.00 | Time: 9.43s
2025-08-20 20:11:30,606:INFO:Epoch: 23700/40000 | Train Loss: 1.083e-02 | Dynamic Loss: 1.083e-02 | Regularization Loss: 1.467e-11 | Val Loss: 4.039e-02 | Active Proj %: 0.00 | Time: 9.49s
2025-08-20 20:11:40,246:INFO:Epoch: 23750/40000 | Train Loss: 1.171e-02 | Dynamic Loss: 1.171e-02 | Regularization Loss: 1.450e-11 | Val Loss: 4.056e-02 | Active Proj %: 0.00 | Time: 9.54s
2025-08-20 20:11:49,819:INFO:Epoch: 23800/40000 | Train Loss: 8.888e-03 | Dynamic Loss: 8.888e-03 | Regularization Loss: 1.434e-11 | Val Loss: 3.867e-02 | Active Proj %: 0.00 | Time: 9.46s
2025-08-20 20:11:59,352:INFO:Epoch: 23850/40000 | Train Loss: 9.295e-03 | Dynamic Loss: 9.295e-03 | Regularization Loss: 1.419e-11 | Val Loss: 3.724e-02 | Active Proj %: 0.00 | Time: 9.42s
2025-08-20 20:11:59,352:INFO:New best model found at epoch 23850 with validation loss 3.724e-02. Saving...
2025-08-20 20:12:09,142:INFO:Epoch: 23900/40000 | Train Loss: 1.885e-02 | Dynamic Loss: 1.885e-02 | Regularization Loss: 1.404e-11 | Val Loss: 4.137e-02 | Active Proj %: 0.00 | Time: 9.63s
2025-08-20 20:12:18,691:INFO:Epoch: 23950/40000 | Train Loss: 1.617e-02 | Dynamic Loss: 1.617e-02 | Regularization Loss: 1.389e-11 | Val Loss: 4.439e-02 | Active Proj %: 0.00 | Time: 9.44s
2025-08-20 20:12:28,231:INFO:Epoch: 24000/40000 | Train Loss: 7.886e-03 | Dynamic Loss: 7.886e-03 | Regularization Loss: 1.374e-11 | Val Loss: 3.772e-02 | Active Proj %: 0.00 | Time: 9.44s
2025-08-20 20:12:37,871:INFO:Epoch: 24050/40000 | Train Loss: 9.057e-03 | Dynamic Loss: 9.057e-03 | Regularization Loss: 1.360e-11 | Val Loss: 3.672e-02 | Active Proj %: 0.00 | Time: 9.42s
2025-08-20 20:12:37,871:INFO:New best model found at epoch 24050 with validation loss 3.672e-02. Saving...
2025-08-20 20:12:47,492:INFO:Epoch: 24100/40000 | Train Loss: 1.459e-02 | Dynamic Loss: 1.459e-02 | Regularization Loss: 1.346e-11 | Val Loss: 4.270e-02 | Active Proj %: 0.00 | Time: 9.49s
2025-08-20 20:12:57,040:INFO:Epoch: 24150/40000 | Train Loss: 8.353e-03 | Dynamic Loss: 8.353e-03 | Regularization Loss: 1.332e-11 | Val Loss: 3.753e-02 | Active Proj %: 0.00 | Time: 9.44s
2025-08-20 20:13:06,669:INFO:Epoch: 24200/40000 | Train Loss: 1.638e-02 | Dynamic Loss: 1.638e-02 | Regularization Loss: 1.318e-11 | Val Loss: 4.217e-02 | Active Proj %: 0.00 | Time: 9.52s
2025-08-20 20:13:19,500:INFO:Epoch: 24250/40000 | Train Loss: 9.128e-03 | Dynamic Loss: 9.128e-03 | Regularization Loss: 1.305e-11 | Val Loss: 3.764e-02 | Active Proj %: 0.00 | Time: 12.72s
2025-08-20 20:13:29,124:INFO:Epoch: 24300/40000 | Train Loss: 1.184e-02 | Dynamic Loss: 1.184e-02 | Regularization Loss: 1.292e-11 | Val Loss: 3.931e-02 | Active Proj %: 0.00 | Time: 9.52s
2025-08-20 20:13:38,782:INFO:Epoch: 24350/40000 | Train Loss: 1.563e-02 | Dynamic Loss: 1.563e-02 | Regularization Loss: 1.280e-11 | Val Loss: 4.115e-02 | Active Proj %: 0.00 | Time: 9.55s
2025-08-20 20:13:48,337:INFO:Epoch: 24400/40000 | Train Loss: 1.138e-02 | Dynamic Loss: 1.138e-02 | Regularization Loss: 1.267e-11 | Val Loss: 3.949e-02 | Active Proj %: 0.00 | Time: 9.45s
2025-08-20 20:13:57,974:INFO:Epoch: 24450/40000 | Train Loss: 1.079e-02 | Dynamic Loss: 1.079e-02 | Regularization Loss: 1.255e-11 | Val Loss: 4.030e-02 | Active Proj %: 0.00 | Time: 9.53s
2025-08-20 20:14:07,602:INFO:Epoch: 24500/40000 | Train Loss: 9.802e-03 | Dynamic Loss: 9.802e-03 | Regularization Loss: 1.243e-11 | Val Loss: 3.864e-02 | Active Proj %: 0.00 | Time: 9.53s
2025-08-20 20:14:17,416:INFO:Epoch: 24550/40000 | Train Loss: 7.915e-03 | Dynamic Loss: 7.915e-03 | Regularization Loss: 1.231e-11 | Val Loss: 3.828e-02 | Active Proj %: 0.00 | Time: 9.71s
2025-08-20 20:14:26,937:INFO:Epoch: 24600/40000 | Train Loss: 1.326e-02 | Dynamic Loss: 1.326e-02 | Regularization Loss: 1.220e-11 | Val Loss: 3.993e-02 | Active Proj %: 0.00 | Time: 9.42s
2025-08-20 20:14:36,571:INFO:Epoch: 24650/40000 | Train Loss: 1.109e-02 | Dynamic Loss: 1.109e-02 | Regularization Loss: 1.208e-11 | Val Loss: 4.318e-02 | Active Proj %: 0.00 | Time: 9.53s
2025-08-20 20:14:46,193:INFO:Epoch: 24700/40000 | Train Loss: 9.785e-03 | Dynamic Loss: 9.785e-03 | Regularization Loss: 1.197e-11 | Val Loss: 3.898e-02 | Active Proj %: 0.00 | Time: 9.52s
2025-08-20 20:14:55,858:INFO:Epoch: 24750/40000 | Train Loss: 7.530e-03 | Dynamic Loss: 7.530e-03 | Regularization Loss: 1.186e-11 | Val Loss: 3.687e-02 | Active Proj %: 0.00 | Time: 9.56s
2025-08-20 20:15:05,501:INFO:Epoch: 24800/40000 | Train Loss: 1.008e-02 | Dynamic Loss: 1.008e-02 | Regularization Loss: 1.176e-11 | Val Loss: 4.149e-02 | Active Proj %: 0.00 | Time: 9.54s
2025-08-20 20:15:15,129:INFO:Epoch: 24850/40000 | Train Loss: 1.176e-02 | Dynamic Loss: 1.176e-02 | Regularization Loss: 1.165e-11 | Val Loss: 3.967e-02 | Active Proj %: 0.00 | Time: 9.52s
2025-08-20 20:15:24,730:INFO:Epoch: 24900/40000 | Train Loss: 1.115e-02 | Dynamic Loss: 1.115e-02 | Regularization Loss: 1.155e-11 | Val Loss: 4.120e-02 | Active Proj %: 0.00 | Time: 9.50s
2025-08-20 20:15:34,410:INFO:Epoch: 24950/40000 | Train Loss: 1.192e-02 | Dynamic Loss: 1.192e-02 | Regularization Loss: 1.145e-11 | Val Loss: 4.126e-02 | Active Proj %: 0.00 | Time: 9.57s
2025-08-20 20:15:44,003:INFO:Epoch: 25000/40000 | Train Loss: 1.151e-02 | Dynamic Loss: 1.151e-02 | Regularization Loss: 1.135e-11 | Val Loss: 4.106e-02 | Active Proj %: 0.00 | Time: 9.48s
2025-08-20 20:15:53,576:INFO:Epoch: 25050/40000 | Train Loss: 8.203e-03 | Dynamic Loss: 8.203e-03 | Regularization Loss: 1.125e-11 | Val Loss: 3.793e-02 | Active Proj %: 0.00 | Time: 9.47s
2025-08-20 20:16:03,231:INFO:Epoch: 25100/40000 | Train Loss: 7.037e-03 | Dynamic Loss: 7.037e-03 | Regularization Loss: 1.115e-11 | Val Loss: 3.629e-02 | Active Proj %: 0.00 | Time: 9.55s
2025-08-20 20:16:03,231:INFO:New best model found at epoch 25100 with validation loss 3.629e-02. Saving...
2025-08-20 20:16:12,858:INFO:Epoch: 25150/40000 | Train Loss: 1.136e-02 | Dynamic Loss: 1.136e-02 | Regularization Loss: 1.106e-11 | Val Loss: 4.534e-02 | Active Proj %: 0.00 | Time: 9.49s
2025-08-20 20:16:22,470:INFO:Epoch: 25200/40000 | Train Loss: 1.023e-02 | Dynamic Loss: 1.023e-02 | Regularization Loss: 1.096e-11 | Val Loss: 3.694e-02 | Active Proj %: 0.00 | Time: 9.51s
2025-08-20 20:16:32,132:INFO:Epoch: 25250/40000 | Train Loss: 7.903e-03 | Dynamic Loss: 7.903e-03 | Regularization Loss: 1.087e-11 | Val Loss: 3.761e-02 | Active Proj %: 0.00 | Time: 9.56s
2025-08-20 20:16:41,674:INFO:Epoch: 25300/40000 | Train Loss: 2.684e-02 | Dynamic Loss: 2.684e-02 | Regularization Loss: 1.078e-11 | Val Loss: 5.482e-02 | Active Proj %: 0.00 | Time: 9.44s
2025-08-20 20:16:51,335:INFO:Epoch: 25350/40000 | Train Loss: 1.080e-02 | Dynamic Loss: 1.080e-02 | Regularization Loss: 1.070e-11 | Val Loss: 3.753e-02 | Active Proj %: 0.00 | Time: 9.55s
2025-08-20 20:17:01,060:INFO:Epoch: 25400/40000 | Train Loss: 7.560e-03 | Dynamic Loss: 7.560e-03 | Regularization Loss: 1.061e-11 | Val Loss: 3.747e-02 | Active Proj %: 0.00 | Time: 9.62s
2025-08-20 20:17:10,662:INFO:Epoch: 25450/40000 | Train Loss: 1.085e-02 | Dynamic Loss: 1.085e-02 | Regularization Loss: 1.052e-11 | Val Loss: 4.046e-02 | Active Proj %: 0.00 | Time: 9.50s
2025-08-20 20:17:20,485:INFO:Epoch: 25500/40000 | Train Loss: 1.656e-02 | Dynamic Loss: 1.656e-02 | Regularization Loss: 1.044e-11 | Val Loss: 4.682e-02 | Active Proj %: 0.00 | Time: 9.71s
2025-08-20 20:17:30,104:INFO:Epoch: 25550/40000 | Train Loss: 1.009e-02 | Dynamic Loss: 1.009e-02 | Regularization Loss: 1.036e-11 | Val Loss: 3.904e-02 | Active Proj %: 0.00 | Time: 9.52s
2025-08-20 20:17:39,683:INFO:Epoch: 25600/40000 | Train Loss: 1.350e-02 | Dynamic Loss: 1.350e-02 | Regularization Loss: 1.027e-11 | Val Loss: 4.185e-02 | Active Proj %: 0.00 | Time: 9.47s
2025-08-20 20:17:49,253:INFO:Epoch: 25650/40000 | Train Loss: 1.088e-02 | Dynamic Loss: 1.088e-02 | Regularization Loss: 1.019e-11 | Val Loss: 3.969e-02 | Active Proj %: 0.00 | Time: 9.46s
2025-08-20 20:17:58,870:INFO:Epoch: 25700/40000 | Train Loss: 1.424e-02 | Dynamic Loss: 1.424e-02 | Regularization Loss: 1.011e-11 | Val Loss: 4.565e-02 | Active Proj %: 0.00 | Time: 9.50s
2025-08-20 20:18:08,463:INFO:Epoch: 25750/40000 | Train Loss: 1.229e-02 | Dynamic Loss: 1.229e-02 | Regularization Loss: 1.004e-11 | Val Loss: 4.150e-02 | Active Proj %: 0.00 | Time: 9.49s
2025-08-20 20:18:18,098:INFO:Epoch: 25800/40000 | Train Loss: 9.725e-03 | Dynamic Loss: 9.725e-03 | Regularization Loss: 9.959e-12 | Val Loss: 4.027e-02 | Active Proj %: 0.00 | Time: 9.53s
2025-08-20 20:18:27,694:INFO:Epoch: 25850/40000 | Train Loss: 9.145e-03 | Dynamic Loss: 9.145e-03 | Regularization Loss: 9.883e-12 | Val Loss: 3.783e-02 | Active Proj %: 0.00 | Time: 9.49s
2025-08-20 20:18:37,188:INFO:Epoch: 25900/40000 | Train Loss: 9.759e-03 | Dynamic Loss: 9.759e-03 | Regularization Loss: 9.809e-12 | Val Loss: 3.739e-02 | Active Proj %: 0.00 | Time: 9.38s
2025-08-20 20:18:46,839:INFO:Epoch: 25950/40000 | Train Loss: 1.059e-02 | Dynamic Loss: 1.059e-02 | Regularization Loss: 9.737e-12 | Val Loss: 3.865e-02 | Active Proj %: 0.00 | Time: 9.55s
2025-08-20 20:18:56,472:INFO:Epoch: 26000/40000 | Train Loss: 1.645e-02 | Dynamic Loss: 1.645e-02 | Regularization Loss: 9.665e-12 | Val Loss: 4.345e-02 | Active Proj %: 0.00 | Time: 9.53s
2025-08-20 20:19:11,223:INFO:Epoch: 26050/40000 | Train Loss: 9.695e-03 | Dynamic Loss: 9.695e-03 | Regularization Loss: 9.593e-12 | Val Loss: 3.752e-02 | Active Proj %: 0.00 | Time: 14.64s
2025-08-20 20:19:20,714:INFO:Epoch: 26100/40000 | Train Loss: 8.288e-03 | Dynamic Loss: 8.288e-03 | Regularization Loss: 9.522e-12 | Val Loss: 3.718e-02 | Active Proj %: 0.00 | Time: 9.38s
2025-08-20 20:19:30,275:INFO:Epoch: 26150/40000 | Train Loss: 1.230e-02 | Dynamic Loss: 1.230e-02 | Regularization Loss: 9.453e-12 | Val Loss: 3.970e-02 | Active Proj %: 0.00 | Time: 9.46s
2025-08-20 20:19:40,519:INFO:Epoch: 26200/40000 | Train Loss: 9.456e-03 | Dynamic Loss: 9.456e-03 | Regularization Loss: 9.386e-12 | Val Loss: 3.814e-02 | Active Proj %: 0.00 | Time: 10.13s
2025-08-20 20:19:50,344:INFO:Epoch: 26250/40000 | Train Loss: 1.225e-02 | Dynamic Loss: 1.225e-02 | Regularization Loss: 9.319e-12 | Val Loss: 3.859e-02 | Active Proj %: 0.00 | Time: 9.72s
2025-08-20 20:19:59,935:INFO:Epoch: 26300/40000 | Train Loss: 8.905e-03 | Dynamic Loss: 8.905e-03 | Regularization Loss: 9.253e-12 | Val Loss: 3.756e-02 | Active Proj %: 0.00 | Time: 9.48s
2025-08-20 20:20:17,053:INFO:Epoch: 26350/40000 | Train Loss: 8.495e-03 | Dynamic Loss: 8.495e-03 | Regularization Loss: 9.187e-12 | Val Loss: 3.569e-02 | Active Proj %: 0.00 | Time: 17.02s
2025-08-20 20:20:17,053:INFO:New best model found at epoch 26350 with validation loss 3.569e-02. Saving...
2025-08-20 20:20:26,805:INFO:Epoch: 26400/40000 | Train Loss: 1.331e-02 | Dynamic Loss: 1.331e-02 | Regularization Loss: 9.122e-12 | Val Loss: 4.274e-02 | Active Proj %: 0.00 | Time: 9.61s
2025-08-20 20:20:36,348:INFO:Epoch: 26450/40000 | Train Loss: 8.915e-03 | Dynamic Loss: 8.915e-03 | Regularization Loss: 9.059e-12 | Val Loss: 3.716e-02 | Active Proj %: 0.00 | Time: 9.44s
2025-08-20 20:20:45,979:INFO:Epoch: 26500/40000 | Train Loss: 9.051e-03 | Dynamic Loss: 9.051e-03 | Regularization Loss: 8.997e-12 | Val Loss: 3.760e-02 | Active Proj %: 0.00 | Time: 9.52s
2025-08-20 20:20:55,568:INFO:Epoch: 26550/40000 | Train Loss: 6.523e-03 | Dynamic Loss: 6.523e-03 | Regularization Loss: 8.936e-12 | Val Loss: 3.610e-02 | Active Proj %: 0.00 | Time: 9.48s
2025-08-20 20:21:05,158:INFO:Epoch: 26600/40000 | Train Loss: 1.555e-02 | Dynamic Loss: 1.555e-02 | Regularization Loss: 8.874e-12 | Val Loss: 4.131e-02 | Active Proj %: 0.00 | Time: 9.49s
2025-08-20 20:21:17,034:INFO:Epoch: 26650/40000 | Train Loss: 8.581e-03 | Dynamic Loss: 8.581e-03 | Regularization Loss: 8.814e-12 | Val Loss: 3.785e-02 | Active Proj %: 0.00 | Time: 11.77s
2025-08-20 20:21:26,555:INFO:Epoch: 26700/40000 | Train Loss: 7.674e-03 | Dynamic Loss: 7.674e-03 | Regularization Loss: 8.754e-12 | Val Loss: 3.800e-02 | Active Proj %: 0.00 | Time: 9.42s
2025-08-20 20:21:36,205:INFO:Epoch: 26750/40000 | Train Loss: 1.622e-02 | Dynamic Loss: 1.622e-02 | Regularization Loss: 8.696e-12 | Val Loss: 4.746e-02 | Active Proj %: 0.00 | Time: 9.54s
2025-08-20 20:21:49,158:INFO:Epoch: 26800/40000 | Train Loss: 9.473e-03 | Dynamic Loss: 9.473e-03 | Regularization Loss: 8.639e-12 | Val Loss: 3.625e-02 | Active Proj %: 0.00 | Time: 12.85s
2025-08-20 20:21:59,181:INFO:Epoch: 26850/40000 | Train Loss: 1.321e-02 | Dynamic Loss: 1.321e-02 | Regularization Loss: 8.583e-12 | Val Loss: 4.111e-02 | Active Proj %: 0.00 | Time: 9.92s
2025-08-20 20:22:08,922:INFO:Epoch: 26900/40000 | Train Loss: 1.412e-02 | Dynamic Loss: 1.412e-02 | Regularization Loss: 8.526e-12 | Val Loss: 4.226e-02 | Active Proj %: 0.00 | Time: 9.64s
2025-08-20 20:22:21,929:INFO:Epoch: 26950/40000 | Train Loss: 1.410e-02 | Dynamic Loss: 1.410e-02 | Regularization Loss: 8.470e-12 | Val Loss: 4.106e-02 | Active Proj %: 0.00 | Time: 12.90s
2025-08-20 20:22:31,497:INFO:Epoch: 27000/40000 | Train Loss: 7.723e-03 | Dynamic Loss: 7.723e-03 | Regularization Loss: 8.415e-12 | Val Loss: 3.686e-02 | Active Proj %: 0.00 | Time: 9.47s
2025-08-20 20:22:41,038:INFO:Epoch: 27050/40000 | Train Loss: 9.898e-03 | Dynamic Loss: 9.898e-03 | Regularization Loss: 8.361e-12 | Val Loss: 3.827e-02 | Active Proj %: 0.00 | Time: 9.44s
2025-08-20 20:22:51,002:INFO:Epoch: 27100/40000 | Train Loss: 6.888e-03 | Dynamic Loss: 6.888e-03 | Regularization Loss: 8.308e-12 | Val Loss: 3.643e-02 | Active Proj %: 0.00 | Time: 9.84s
2025-08-20 20:23:00,548:INFO:Epoch: 27150/40000 | Train Loss: 8.507e-03 | Dynamic Loss: 8.507e-03 | Regularization Loss: 8.256e-12 | Val Loss: 3.720e-02 | Active Proj %: 0.00 | Time: 9.44s
2025-08-20 20:23:10,237:INFO:Epoch: 27200/40000 | Train Loss: 1.228e-02 | Dynamic Loss: 1.228e-02 | Regularization Loss: 8.204e-12 | Val Loss: 4.049e-02 | Active Proj %: 0.00 | Time: 9.59s
2025-08-20 20:23:19,981:INFO:Epoch: 27250/40000 | Train Loss: 7.675e-03 | Dynamic Loss: 7.675e-03 | Regularization Loss: 8.153e-12 | Val Loss: 3.697e-02 | Active Proj %: 0.00 | Time: 9.64s
2025-08-20 20:23:29,516:INFO:Epoch: 27300/40000 | Train Loss: 1.099e-02 | Dynamic Loss: 1.099e-02 | Regularization Loss: 8.102e-12 | Val Loss: 3.719e-02 | Active Proj %: 0.00 | Time: 9.43s
2025-08-20 20:23:39,083:INFO:Epoch: 27350/40000 | Train Loss: 1.121e-02 | Dynamic Loss: 1.121e-02 | Regularization Loss: 8.051e-12 | Val Loss: 4.045e-02 | Active Proj %: 0.00 | Time: 9.47s
2025-08-20 20:23:48,640:INFO:Epoch: 27400/40000 | Train Loss: 7.010e-03 | Dynamic Loss: 7.010e-03 | Regularization Loss: 8.001e-12 | Val Loss: 3.594e-02 | Active Proj %: 0.00 | Time: 9.45s
2025-08-20 20:24:03,488:INFO:Epoch: 27450/40000 | Train Loss: 9.034e-03 | Dynamic Loss: 9.034e-03 | Regularization Loss: 7.953e-12 | Val Loss: 3.915e-02 | Active Proj %: 0.00 | Time: 14.74s
2025-08-20 20:24:13,058:INFO:Epoch: 27500/40000 | Train Loss: 1.012e-02 | Dynamic Loss: 1.012e-02 | Regularization Loss: 7.905e-12 | Val Loss: 3.695e-02 | Active Proj %: 0.00 | Time: 9.47s
2025-08-20 20:24:22,603:INFO:Epoch: 27550/40000 | Train Loss: 1.135e-02 | Dynamic Loss: 1.135e-02 | Regularization Loss: 7.858e-12 | Val Loss: 4.185e-02 | Active Proj %: 0.00 | Time: 9.44s
2025-08-20 20:24:32,863:INFO:Epoch: 27600/40000 | Train Loss: 9.211e-03 | Dynamic Loss: 9.211e-03 | Regularization Loss: 7.811e-12 | Val Loss: 3.826e-02 | Active Proj %: 0.00 | Time: 10.16s
2025-08-20 20:24:42,356:INFO:Epoch: 27650/40000 | Train Loss: 1.119e-02 | Dynamic Loss: 1.119e-02 | Regularization Loss: 7.764e-12 | Val Loss: 4.383e-02 | Active Proj %: 0.00 | Time: 9.39s
2025-08-20 20:24:51,997:INFO:Epoch: 27700/40000 | Train Loss: 1.387e-02 | Dynamic Loss: 1.387e-02 | Regularization Loss: 7.718e-12 | Val Loss: 4.433e-02 | Active Proj %: 0.00 | Time: 9.53s
2025-08-20 20:25:09,000:INFO:Epoch: 27750/40000 | Train Loss: 1.055e-02 | Dynamic Loss: 1.055e-02 | Regularization Loss: 7.671e-12 | Val Loss: 3.899e-02 | Active Proj %: 0.00 | Time: 16.90s
2025-08-20 20:25:18,700:INFO:Epoch: 27800/40000 | Train Loss: 1.480e-02 | Dynamic Loss: 1.480e-02 | Regularization Loss: 7.626e-12 | Val Loss: 4.216e-02 | Active Proj %: 0.00 | Time: 9.59s
2025-08-20 20:25:28,232:INFO:Epoch: 27850/40000 | Train Loss: 1.766e-02 | Dynamic Loss: 1.766e-02 | Regularization Loss: 7.583e-12 | Val Loss: 3.970e-02 | Active Proj %: 0.00 | Time: 9.42s
2025-08-20 20:25:37,795:INFO:Epoch: 27900/40000 | Train Loss: 8.625e-03 | Dynamic Loss: 8.625e-03 | Regularization Loss: 7.539e-12 | Val Loss: 3.855e-02 | Active Proj %: 0.00 | Time: 9.46s
2025-08-20 20:25:47,352:INFO:Epoch: 27950/40000 | Train Loss: 9.097e-03 | Dynamic Loss: 9.097e-03 | Regularization Loss: 7.496e-12 | Val Loss: 3.779e-02 | Active Proj %: 0.00 | Time: 9.45s
2025-08-20 20:25:56,885:INFO:Epoch: 28000/40000 | Train Loss: 1.089e-02 | Dynamic Loss: 1.089e-02 | Regularization Loss: 7.454e-12 | Val Loss: 3.828e-02 | Active Proj %: 0.00 | Time: 9.43s
2025-08-20 20:26:08,747:INFO:Epoch: 28050/40000 | Train Loss: 8.375e-03 | Dynamic Loss: 8.375e-03 | Regularization Loss: 7.411e-12 | Val Loss: 3.676e-02 | Active Proj %: 0.00 | Time: 11.76s
2025-08-20 20:26:18,273:INFO:Epoch: 28100/40000 | Train Loss: 8.695e-03 | Dynamic Loss: 8.695e-03 | Regularization Loss: 7.369e-12 | Val Loss: 3.947e-02 | Active Proj %: 0.00 | Time: 9.42s
2025-08-20 20:26:27,764:INFO:Epoch: 28150/40000 | Train Loss: 1.582e-02 | Dynamic Loss: 1.582e-02 | Regularization Loss: 7.327e-12 | Val Loss: 4.278e-02 | Active Proj %: 0.00 | Time: 9.38s
2025-08-20 20:26:40,612:INFO:Epoch: 28200/40000 | Train Loss: 6.053e-03 | Dynamic Loss: 6.053e-03 | Regularization Loss: 7.285e-12 | Val Loss: 3.569e-02 | Active Proj %: 0.00 | Time: 12.75s
2025-08-20 20:26:40,612:INFO:New best model found at epoch 28200 with validation loss 3.569e-02. Saving...
2025-08-20 20:26:50,336:INFO:Epoch: 28250/40000 | Train Loss: 1.134e-02 | Dynamic Loss: 1.134e-02 | Regularization Loss: 7.245e-12 | Val Loss: 3.866e-02 | Active Proj %: 0.00 | Time: 9.54s
2025-08-20 20:26:59,936:INFO:Epoch: 28300/40000 | Train Loss: 1.024e-02 | Dynamic Loss: 1.024e-02 | Regularization Loss: 7.205e-12 | Val Loss: 3.836e-02 | Active Proj %: 0.00 | Time: 9.49s
2025-08-20 20:27:12,970:INFO:Epoch: 28350/40000 | Train Loss: 8.039e-03 | Dynamic Loss: 8.039e-03 | Regularization Loss: 7.166e-12 | Val Loss: 3.934e-02 | Active Proj %: 0.00 | Time: 12.93s
2025-08-20 20:27:22,500:INFO:Epoch: 28400/40000 | Train Loss: 5.434e-03 | Dynamic Loss: 5.434e-03 | Regularization Loss: 7.127e-12 | Val Loss: 3.449e-02 | Active Proj %: 0.00 | Time: 9.42s
2025-08-20 20:27:22,501:INFO:New best model found at epoch 28400 with validation loss 3.449e-02. Saving...
2025-08-20 20:27:32,047:INFO:Epoch: 28450/40000 | Train Loss: 8.560e-03 | Dynamic Loss: 8.560e-03 | Regularization Loss: 7.089e-12 | Val Loss: 3.736e-02 | Active Proj %: 0.00 | Time: 9.42s
2025-08-20 20:27:41,725:INFO:Epoch: 28500/40000 | Train Loss: 9.221e-03 | Dynamic Loss: 9.221e-03 | Regularization Loss: 7.050e-12 | Val Loss: 3.715e-02 | Active Proj %: 0.00 | Time: 9.57s
2025-08-20 20:27:51,355:INFO:Epoch: 28550/40000 | Train Loss: 9.410e-03 | Dynamic Loss: 9.410e-03 | Regularization Loss: 7.012e-12 | Val Loss: 3.917e-02 | Active Proj %: 0.00 | Time: 9.52s
2025-08-20 20:28:00,930:INFO:Epoch: 28600/40000 | Train Loss: 9.171e-03 | Dynamic Loss: 9.171e-03 | Regularization Loss: 6.974e-12 | Val Loss: 3.767e-02 | Active Proj %: 0.00 | Time: 9.46s
2025-08-20 20:28:10,531:INFO:Epoch: 28650/40000 | Train Loss: 1.130e-02 | Dynamic Loss: 1.130e-02 | Regularization Loss: 6.936e-12 | Val Loss: 4.042e-02 | Active Proj %: 0.00 | Time: 9.50s
2025-08-20 20:28:25,433:INFO:Epoch: 28700/40000 | Train Loss: 9.742e-03 | Dynamic Loss: 9.742e-03 | Regularization Loss: 6.899e-12 | Val Loss: 3.597e-02 | Active Proj %: 0.00 | Time: 14.79s
2025-08-20 20:28:34,990:INFO:Epoch: 28750/40000 | Train Loss: 7.944e-03 | Dynamic Loss: 7.944e-03 | Regularization Loss: 6.863e-12 | Val Loss: 3.666e-02 | Active Proj %: 0.00 | Time: 9.45s
2025-08-20 20:28:44,541:INFO:Epoch: 28800/40000 | Train Loss: 1.080e-02 | Dynamic Loss: 1.080e-02 | Regularization Loss: 6.828e-12 | Val Loss: 3.900e-02 | Active Proj %: 0.00 | Time: 9.44s
2025-08-20 20:29:00,086:INFO:Epoch: 28850/40000 | Train Loss: 1.951e-02 | Dynamic Loss: 1.951e-02 | Regularization Loss: 6.793e-12 | Val Loss: 4.531e-02 | Active Proj %: 0.00 | Time: 15.44s
2025-08-20 20:29:09,721:INFO:Epoch: 28900/40000 | Train Loss: 9.198e-03 | Dynamic Loss: 9.198e-03 | Regularization Loss: 6.758e-12 | Val Loss: 3.809e-02 | Active Proj %: 0.00 | Time: 9.53s
2025-08-20 20:29:19,321:INFO:Epoch: 28950/40000 | Train Loss: 1.027e-02 | Dynamic Loss: 1.027e-02 | Regularization Loss: 6.723e-12 | Val Loss: 4.038e-02 | Active Proj %: 0.00 | Time: 9.49s
2025-08-20 20:29:30,412:INFO:Epoch: 29000/40000 | Train Loss: 1.041e-02 | Dynamic Loss: 1.041e-02 | Regularization Loss: 6.688e-12 | Val Loss: 3.802e-02 | Active Proj %: 0.00 | Time: 10.99s
2025-08-20 20:29:41,185:INFO:Epoch: 29050/40000 | Train Loss: 7.433e-03 | Dynamic Loss: 7.433e-03 | Regularization Loss: 6.654e-12 | Val Loss: 3.552e-02 | Active Proj %: 0.00 | Time: 10.67s
2025-08-20 20:29:50,757:INFO:Epoch: 29100/40000 | Train Loss: 8.611e-03 | Dynamic Loss: 8.611e-03 | Regularization Loss: 6.620e-12 | Val Loss: 3.977e-02 | Active Proj %: 0.00 | Time: 9.47s
2025-08-20 20:30:04,723:INFO:Epoch: 29150/40000 | Train Loss: 1.450e-02 | Dynamic Loss: 1.450e-02 | Regularization Loss: 6.586e-12 | Val Loss: 4.252e-02 | Active Proj %: 0.00 | Time: 13.86s
2025-08-20 20:30:14,325:INFO:Epoch: 29200/40000 | Train Loss: 6.111e-03 | Dynamic Loss: 6.111e-03 | Regularization Loss: 6.552e-12 | Val Loss: 3.602e-02 | Active Proj %: 0.00 | Time: 9.50s
2025-08-20 20:30:23,970:INFO:Epoch: 29250/40000 | Train Loss: 1.107e-02 | Dynamic Loss: 1.107e-02 | Regularization Loss: 6.519e-12 | Val Loss: 4.111e-02 | Active Proj %: 0.00 | Time: 9.54s
2025-08-20 20:30:33,631:INFO:Epoch: 29300/40000 | Train Loss: 5.911e-03 | Dynamic Loss: 5.911e-03 | Regularization Loss: 6.487e-12 | Val Loss: 3.516e-02 | Active Proj %: 0.00 | Time: 9.55s
2025-08-20 20:30:43,194:INFO:Epoch: 29350/40000 | Train Loss: 1.175e-02 | Dynamic Loss: 1.175e-02 | Regularization Loss: 6.456e-12 | Val Loss: 3.813e-02 | Active Proj %: 0.00 | Time: 9.45s
2025-08-20 20:30:52,700:INFO:Epoch: 29400/40000 | Train Loss: 9.489e-03 | Dynamic Loss: 9.489e-03 | Regularization Loss: 6.424e-12 | Val Loss: 3.812e-02 | Active Proj %: 0.00 | Time: 9.40s
2025-08-20 20:31:02,143:INFO:Epoch: 29450/40000 | Train Loss: 7.621e-03 | Dynamic Loss: 7.621e-03 | Regularization Loss: 6.393e-12 | Val Loss: 3.574e-02 | Active Proj %: 0.00 | Time: 9.33s
2025-08-20 20:31:19,847:INFO:Epoch: 29500/40000 | Train Loss: 7.987e-03 | Dynamic Loss: 7.987e-03 | Regularization Loss: 6.362e-12 | Val Loss: 3.805e-02 | Active Proj %: 0.00 | Time: 17.60s
2025-08-20 20:31:29,484:INFO:Epoch: 29550/40000 | Train Loss: 1.468e-02 | Dynamic Loss: 1.468e-02 | Regularization Loss: 6.331e-12 | Val Loss: 4.527e-02 | Active Proj %: 0.00 | Time: 9.53s
2025-08-20 20:31:39,126:INFO:Epoch: 29600/40000 | Train Loss: 1.031e-02 | Dynamic Loss: 1.031e-02 | Regularization Loss: 6.300e-12 | Val Loss: 3.917e-02 | Active Proj %: 0.00 | Time: 9.54s
2025-08-20 20:31:48,889:INFO:Epoch: 29650/40000 | Train Loss: 7.140e-03 | Dynamic Loss: 7.140e-03 | Regularization Loss: 6.270e-12 | Val Loss: 3.796e-02 | Active Proj %: 0.00 | Time: 9.65s
2025-08-20 20:31:58,559:INFO:Epoch: 29700/40000 | Train Loss: 9.753e-03 | Dynamic Loss: 9.753e-03 | Regularization Loss: 6.239e-12 | Val Loss: 3.882e-02 | Active Proj %: 0.00 | Time: 9.56s
2025-08-20 20:32:08,085:INFO:Epoch: 29750/40000 | Train Loss: 8.527e-03 | Dynamic Loss: 8.527e-03 | Regularization Loss: 6.209e-12 | Val Loss: 3.740e-02 | Active Proj %: 0.00 | Time: 9.42s
2025-08-20 20:32:19,620:INFO:Epoch: 29800/40000 | Train Loss: 7.040e-03 | Dynamic Loss: 7.040e-03 | Regularization Loss: 6.179e-12 | Val Loss: 3.766e-02 | Active Proj %: 0.00 | Time: 11.42s
2025-08-20 20:32:29,215:INFO:Epoch: 29850/40000 | Train Loss: 6.109e-03 | Dynamic Loss: 6.109e-03 | Regularization Loss: 6.149e-12 | Val Loss: 3.501e-02 | Active Proj %: 0.00 | Time: 9.49s
2025-08-20 20:32:38,881:INFO:Epoch: 29900/40000 | Train Loss: 7.323e-03 | Dynamic Loss: 7.323e-03 | Regularization Loss: 6.121e-12 | Val Loss: 3.746e-02 | Active Proj %: 0.00 | Time: 9.56s
2025-08-20 20:32:48,513:INFO:Epoch: 29950/40000 | Train Loss: 1.167e-02 | Dynamic Loss: 1.167e-02 | Regularization Loss: 6.093e-12 | Val Loss: 4.028e-02 | Active Proj %: 0.00 | Time: 9.53s
2025-08-20 20:32:58,044:INFO:Epoch: 30000/40000 | Train Loss: 1.005e-02 | Dynamic Loss: 1.005e-02 | Regularization Loss: 6.065e-12 | Val Loss: 3.759e-02 | Active Proj %: 0.00 | Time: 9.42s
2025-08-20 20:33:07,590:INFO:Epoch: 30050/40000 | Train Loss: 1.306e-02 | Dynamic Loss: 1.306e-02 | Regularization Loss: 6.037e-12 | Val Loss: 4.324e-02 | Active Proj %: 0.00 | Time: 9.43s
2025-08-20 20:33:17,265:INFO:Epoch: 30100/40000 | Train Loss: 6.749e-03 | Dynamic Loss: 6.749e-03 | Regularization Loss: 6.010e-12 | Val Loss: 3.652e-02 | Active Proj %: 0.00 | Time: 9.57s
2025-08-20 20:33:26,843:INFO:Epoch: 30150/40000 | Train Loss: 1.147e-02 | Dynamic Loss: 1.147e-02 | Regularization Loss: 5.982e-12 | Val Loss: 3.695e-02 | Active Proj %: 0.00 | Time: 9.47s
2025-08-20 20:33:36,420:INFO:Epoch: 30200/40000 | Train Loss: 9.226e-03 | Dynamic Loss: 9.226e-03 | Regularization Loss: 5.955e-12 | Val Loss: 3.678e-02 | Active Proj %: 0.00 | Time: 9.47s
2025-08-20 20:33:46,117:INFO:Epoch: 30250/40000 | Train Loss: 6.364e-03 | Dynamic Loss: 6.364e-03 | Regularization Loss: 5.928e-12 | Val Loss: 3.629e-02 | Active Proj %: 0.00 | Time: 9.46s
2025-08-20 20:33:55,794:INFO:Epoch: 30300/40000 | Train Loss: 6.644e-03 | Dynamic Loss: 6.644e-03 | Regularization Loss: 5.901e-12 | Val Loss: 3.637e-02 | Active Proj %: 0.00 | Time: 9.57s
2025-08-20 20:34:05,347:INFO:Epoch: 30350/40000 | Train Loss: 1.366e-02 | Dynamic Loss: 1.366e-02 | Regularization Loss: 5.874e-12 | Val Loss: 4.289e-02 | Active Proj %: 0.00 | Time: 9.45s
2025-08-20 20:34:14,953:INFO:Epoch: 30400/40000 | Train Loss: 9.913e-03 | Dynamic Loss: 9.913e-03 | Regularization Loss: 5.847e-12 | Val Loss: 3.827e-02 | Active Proj %: 0.00 | Time: 9.50s
2025-08-20 20:34:28,718:INFO:Epoch: 30450/40000 | Train Loss: 7.874e-03 | Dynamic Loss: 7.874e-03 | Regularization Loss: 5.820e-12 | Val Loss: 3.726e-02 | Active Proj %: 0.00 | Time: 13.66s
2025-08-20 20:34:38,365:INFO:Epoch: 30500/40000 | Train Loss: 9.706e-03 | Dynamic Loss: 9.706e-03 | Regularization Loss: 5.794e-12 | Val Loss: 3.910e-02 | Active Proj %: 0.00 | Time: 9.54s
2025-08-20 20:34:47,979:INFO:Epoch: 30550/40000 | Train Loss: 1.149e-02 | Dynamic Loss: 1.149e-02 | Regularization Loss: 5.768e-12 | Val Loss: 4.278e-02 | Active Proj %: 0.00 | Time: 9.50s
2025-08-20 20:35:02,669:INFO:Epoch: 30600/40000 | Train Loss: 8.397e-03 | Dynamic Loss: 8.397e-03 | Regularization Loss: 5.743e-12 | Val Loss: 3.945e-02 | Active Proj %: 0.00 | Time: 14.59s
2025-08-20 20:35:12,222:INFO:Epoch: 30650/40000 | Train Loss: 8.152e-03 | Dynamic Loss: 8.152e-03 | Regularization Loss: 5.719e-12 | Val Loss: 3.606e-02 | Active Proj %: 0.00 | Time: 9.45s
2025-08-20 20:35:21,807:INFO:Epoch: 30700/40000 | Train Loss: 6.229e-03 | Dynamic Loss: 6.229e-03 | Regularization Loss: 5.694e-12 | Val Loss: 3.617e-02 | Active Proj %: 0.00 | Time: 9.48s
2025-08-20 20:35:35,635:INFO:Epoch: 30750/40000 | Train Loss: 5.234e-03 | Dynamic Loss: 5.234e-03 | Regularization Loss: 5.670e-12 | Val Loss: 3.542e-02 | Active Proj %: 0.00 | Time: 13.72s
2025-08-20 20:35:45,277:INFO:Epoch: 30800/40000 | Train Loss: 9.287e-03 | Dynamic Loss: 9.287e-03 | Regularization Loss: 5.645e-12 | Val Loss: 3.754e-02 | Active Proj %: 0.00 | Time: 9.53s
2025-08-20 20:35:54,765:INFO:Epoch: 30850/40000 | Train Loss: 8.677e-03 | Dynamic Loss: 8.677e-03 | Regularization Loss: 5.621e-12 | Val Loss: 3.777e-02 | Active Proj %: 0.00 | Time: 9.38s
2025-08-20 20:36:04,432:INFO:Epoch: 30900/40000 | Train Loss: 8.618e-03 | Dynamic Loss: 8.618e-03 | Regularization Loss: 5.597e-12 | Val Loss: 3.834e-02 | Active Proj %: 0.00 | Time: 9.56s
2025-08-20 20:36:14,020:INFO:Epoch: 30950/40000 | Train Loss: 1.039e-02 | Dynamic Loss: 1.039e-02 | Regularization Loss: 5.573e-12 | Val Loss: 4.167e-02 | Active Proj %: 0.00 | Time: 9.48s
2025-08-20 20:36:23,848:INFO:Epoch: 31000/40000 | Train Loss: 9.360e-03 | Dynamic Loss: 9.360e-03 | Regularization Loss: 5.549e-12 | Val Loss: 3.898e-02 | Active Proj %: 0.00 | Time: 9.72s
2025-08-20 20:36:33,605:INFO:Epoch: 31050/40000 | Train Loss: 7.153e-03 | Dynamic Loss: 7.153e-03 | Regularization Loss: 5.526e-12 | Val Loss: 3.654e-02 | Active Proj %: 0.00 | Time: 9.65s
2025-08-20 20:36:43,259:INFO:Epoch: 31100/40000 | Train Loss: 8.975e-03 | Dynamic Loss: 8.975e-03 | Regularization Loss: 5.502e-12 | Val Loss: 3.739e-02 | Active Proj %: 0.00 | Time: 9.54s
2025-08-20 20:36:52,932:INFO:Epoch: 31150/40000 | Train Loss: 1.286e-02 | Dynamic Loss: 1.286e-02 | Regularization Loss: 5.478e-12 | Val Loss: 4.143e-02 | Active Proj %: 0.00 | Time: 9.56s
2025-08-20 20:37:02,668:INFO:Epoch: 31200/40000 | Train Loss: 8.720e-03 | Dynamic Loss: 8.720e-03 | Regularization Loss: 5.455e-12 | Val Loss: 3.969e-02 | Active Proj %: 0.00 | Time: 9.51s
2025-08-20 20:37:12,277:INFO:Epoch: 31250/40000 | Train Loss: 7.325e-03 | Dynamic Loss: 7.325e-03 | Regularization Loss: 5.432e-12 | Val Loss: 3.620e-02 | Active Proj %: 0.00 | Time: 9.50s
2025-08-20 20:37:21,838:INFO:Epoch: 31300/40000 | Train Loss: 7.805e-03 | Dynamic Loss: 7.805e-03 | Regularization Loss: 5.408e-12 | Val Loss: 3.729e-02 | Active Proj %: 0.00 | Time: 9.46s
2025-08-20 20:37:31,358:INFO:Epoch: 31350/40000 | Train Loss: 9.102e-03 | Dynamic Loss: 9.102e-03 | Regularization Loss: 5.386e-12 | Val Loss: 3.761e-02 | Active Proj %: 0.00 | Time: 9.41s
2025-08-20 20:37:45,352:INFO:Epoch: 31400/40000 | Train Loss: 8.855e-03 | Dynamic Loss: 8.855e-03 | Regularization Loss: 5.365e-12 | Val Loss: 3.974e-02 | Active Proj %: 0.00 | Time: 13.89s
2025-08-20 20:37:54,956:INFO:Epoch: 31450/40000 | Train Loss: 1.427e-02 | Dynamic Loss: 1.427e-02 | Regularization Loss: 5.343e-12 | Val Loss: 4.290e-02 | Active Proj %: 0.00 | Time: 9.50s
2025-08-20 20:38:04,649:INFO:Epoch: 31500/40000 | Train Loss: 7.777e-03 | Dynamic Loss: 7.777e-03 | Regularization Loss: 5.322e-12 | Val Loss: 3.592e-02 | Active Proj %: 0.00 | Time: 9.47s
2025-08-20 20:38:14,260:INFO:Epoch: 31550/40000 | Train Loss: 8.855e-03 | Dynamic Loss: 8.855e-03 | Regularization Loss: 5.301e-12 | Val Loss: 3.877e-02 | Active Proj %: 0.00 | Time: 9.51s
2025-08-20 20:38:23,778:INFO:Epoch: 31600/40000 | Train Loss: 8.348e-03 | Dynamic Loss: 8.348e-03 | Regularization Loss: 5.280e-12 | Val Loss: 3.683e-02 | Active Proj %: 0.00 | Time: 9.41s
2025-08-20 20:38:33,582:INFO:Epoch: 31650/40000 | Train Loss: 5.250e-03 | Dynamic Loss: 5.250e-03 | Regularization Loss: 5.258e-12 | Val Loss: 3.553e-02 | Active Proj %: 0.00 | Time: 9.70s
2025-08-20 20:38:51,494:INFO:Epoch: 31700/40000 | Train Loss: 9.640e-03 | Dynamic Loss: 9.640e-03 | Regularization Loss: 5.237e-12 | Val Loss: 3.983e-02 | Active Proj %: 0.00 | Time: 17.81s
2025-08-20 20:39:01,108:INFO:Epoch: 31750/40000 | Train Loss: 9.476e-03 | Dynamic Loss: 9.476e-03 | Regularization Loss: 5.216e-12 | Val Loss: 4.083e-02 | Active Proj %: 0.00 | Time: 9.51s
2025-08-20 20:39:10,662:INFO:Epoch: 31800/40000 | Train Loss: 6.421e-03 | Dynamic Loss: 6.421e-03 | Regularization Loss: 5.196e-12 | Val Loss: 3.724e-02 | Active Proj %: 0.00 | Time: 9.45s
2025-08-20 20:39:25,329:INFO:Epoch: 31850/40000 | Train Loss: 1.072e-02 | Dynamic Loss: 1.072e-02 | Regularization Loss: 5.175e-12 | Val Loss: 3.931e-02 | Active Proj %: 0.00 | Time: 14.56s
2025-08-20 20:39:34,898:INFO:Epoch: 31900/40000 | Train Loss: 8.787e-03 | Dynamic Loss: 8.787e-03 | Regularization Loss: 5.154e-12 | Val Loss: 4.195e-02 | Active Proj %: 0.00 | Time: 9.46s
2025-08-20 20:39:44,486:INFO:Epoch: 31950/40000 | Train Loss: 8.175e-03 | Dynamic Loss: 8.175e-03 | Regularization Loss: 5.134e-12 | Val Loss: 3.821e-02 | Active Proj %: 0.00 | Time: 9.48s
2025-08-20 20:40:00,966:INFO:Epoch: 32000/40000 | Train Loss: 4.951e-03 | Dynamic Loss: 4.951e-03 | Regularization Loss: 5.113e-12 | Val Loss: 3.497e-02 | Active Proj %: 0.00 | Time: 16.37s
2025-08-20 20:40:10,666:INFO:Epoch: 32050/40000 | Train Loss: 9.704e-03 | Dynamic Loss: 9.704e-03 | Regularization Loss: 5.093e-12 | Val Loss: 4.020e-02 | Active Proj %: 0.00 | Time: 9.60s
2025-08-20 20:40:20,231:INFO:Epoch: 32100/40000 | Train Loss: 1.315e-02 | Dynamic Loss: 1.315e-02 | Regularization Loss: 5.072e-12 | Val Loss: 4.271e-02 | Active Proj %: 0.00 | Time: 9.46s
2025-08-20 20:40:33,933:INFO:Epoch: 32150/40000 | Train Loss: 6.712e-03 | Dynamic Loss: 6.712e-03 | Regularization Loss: 5.052e-12 | Val Loss: 3.631e-02 | Active Proj %: 0.00 | Time: 13.59s
2025-08-20 20:40:43,504:INFO:Epoch: 32200/40000 | Train Loss: 7.692e-03 | Dynamic Loss: 7.692e-03 | Regularization Loss: 5.032e-12 | Val Loss: 3.597e-02 | Active Proj %: 0.00 | Time: 9.46s
2025-08-20 20:40:53,007:INFO:Epoch: 32250/40000 | Train Loss: 9.531e-03 | Dynamic Loss: 9.531e-03 | Regularization Loss: 5.013e-12 | Val Loss: 3.787e-02 | Active Proj %: 0.00 | Time: 9.40s
2025-08-20 20:41:02,692:INFO:Epoch: 32300/40000 | Train Loss: 7.682e-03 | Dynamic Loss: 7.682e-03 | Regularization Loss: 4.994e-12 | Val Loss: 3.977e-02 | Active Proj %: 0.00 | Time: 9.57s
2025-08-20 20:41:12,312:INFO:Epoch: 32350/40000 | Train Loss: 9.090e-03 | Dynamic Loss: 9.090e-03 | Regularization Loss: 4.976e-12 | Val Loss: 3.770e-02 | Active Proj %: 0.00 | Time: 9.52s
2025-08-20 20:41:22,041:INFO:Epoch: 32400/40000 | Train Loss: 1.001e-02 | Dynamic Loss: 1.001e-02 | Regularization Loss: 4.957e-12 | Val Loss: 3.790e-02 | Active Proj %: 0.00 | Time: 9.62s
2025-08-20 20:41:33,812:INFO:Epoch: 32450/40000 | Train Loss: 4.416e-03 | Dynamic Loss: 4.416e-03 | Regularization Loss: 4.939e-12 | Val Loss: 3.408e-02 | Active Proj %: 0.00 | Time: 11.67s
2025-08-20 20:41:33,812:INFO:New best model found at epoch 32450 with validation loss 3.408e-02. Saving...
2025-08-20 20:41:44,440:INFO:Epoch: 32500/40000 | Train Loss: 6.411e-03 | Dynamic Loss: 6.411e-03 | Regularization Loss: 4.921e-12 | Val Loss: 3.534e-02 | Active Proj %: 0.00 | Time: 10.47s
2025-08-20 20:41:54,045:INFO:Epoch: 32550/40000 | Train Loss: 8.077e-03 | Dynamic Loss: 8.077e-03 | Regularization Loss: 4.902e-12 | Val Loss: 3.916e-02 | Active Proj %: 0.00 | Time: 9.50s
2025-08-20 20:42:06,944:INFO:Epoch: 32600/40000 | Train Loss: 1.387e-02 | Dynamic Loss: 1.387e-02 | Regularization Loss: 4.884e-12 | Val Loss: 4.211e-02 | Active Proj %: 0.00 | Time: 12.79s
2025-08-20 20:42:16,530:INFO:Epoch: 32650/40000 | Train Loss: 6.112e-03 | Dynamic Loss: 6.112e-03 | Regularization Loss: 4.866e-12 | Val Loss: 3.810e-02 | Active Proj %: 0.00 | Time: 9.48s
2025-08-20 20:42:26,131:INFO:Epoch: 32700/40000 | Train Loss: 7.922e-03 | Dynamic Loss: 7.922e-03 | Regularization Loss: 4.848e-12 | Val Loss: 3.899e-02 | Active Proj %: 0.00 | Time: 9.49s
2025-08-20 20:42:35,848:INFO:Epoch: 32750/40000 | Train Loss: 9.274e-03 | Dynamic Loss: 9.274e-03 | Regularization Loss: 4.830e-12 | Val Loss: 4.099e-02 | Active Proj %: 0.00 | Time: 9.61s
2025-08-20 20:42:45,439:INFO:Epoch: 32800/40000 | Train Loss: 6.991e-03 | Dynamic Loss: 6.991e-03 | Regularization Loss: 4.812e-12 | Val Loss: 3.587e-02 | Active Proj %: 0.00 | Time: 9.48s
2025-08-20 20:42:55,068:INFO:Epoch: 32850/40000 | Train Loss: 9.200e-03 | Dynamic Loss: 9.200e-03 | Regularization Loss: 4.794e-12 | Val Loss: 4.022e-02 | Active Proj %: 0.00 | Time: 9.52s
2025-08-20 20:43:04,820:INFO:Epoch: 32900/40000 | Train Loss: 1.258e-02 | Dynamic Loss: 1.258e-02 | Regularization Loss: 4.776e-12 | Val Loss: 4.145e-02 | Active Proj %: 0.00 | Time: 9.64s
2025-08-20 20:43:14,492:INFO:Epoch: 32950/40000 | Train Loss: 5.974e-03 | Dynamic Loss: 5.974e-03 | Regularization Loss: 4.759e-12 | Val Loss: 3.677e-02 | Active Proj %: 0.00 | Time: 9.56s
2025-08-20 20:43:24,074:INFO:Epoch: 33000/40000 | Train Loss: 5.933e-03 | Dynamic Loss: 5.933e-03 | Regularization Loss: 4.741e-12 | Val Loss: 3.669e-02 | Active Proj %: 0.00 | Time: 9.48s
2025-08-20 20:43:33,718:INFO:Epoch: 33050/40000 | Train Loss: 5.448e-03 | Dynamic Loss: 5.448e-03 | Regularization Loss: 4.723e-12 | Val Loss: 3.507e-02 | Active Proj %: 0.00 | Time: 9.42s
2025-08-20 20:43:43,282:INFO:Epoch: 33100/40000 | Train Loss: 5.185e-03 | Dynamic Loss: 5.185e-03 | Regularization Loss: 4.706e-12 | Val Loss: 3.477e-02 | Active Proj %: 0.00 | Time: 9.46s
2025-08-20 20:43:52,782:INFO:Epoch: 33150/40000 | Train Loss: 2.208e-02 | Dynamic Loss: 2.208e-02 | Regularization Loss: 4.688e-12 | Val Loss: 4.388e-02 | Active Proj %: 0.00 | Time: 9.39s
2025-08-20 20:44:03,071:INFO:Epoch: 33200/40000 | Train Loss: 9.955e-03 | Dynamic Loss: 9.955e-03 | Regularization Loss: 4.671e-12 | Val Loss: 3.683e-02 | Active Proj %: 0.00 | Time: 10.18s
2025-08-20 20:44:16,962:INFO:Epoch: 33250/40000 | Train Loss: 5.625e-03 | Dynamic Loss: 5.625e-03 | Regularization Loss: 4.654e-12 | Val Loss: 3.590e-02 | Active Proj %: 0.00 | Time: 13.79s
2025-08-20 20:44:26,493:INFO:Epoch: 33300/40000 | Train Loss: 5.785e-03 | Dynamic Loss: 5.785e-03 | Regularization Loss: 4.638e-12 | Val Loss: 3.674e-02 | Active Proj %: 0.00 | Time: 9.43s
2025-08-20 20:44:36,132:INFO:Epoch: 33350/40000 | Train Loss: 4.781e-03 | Dynamic Loss: 4.781e-03 | Regularization Loss: 4.622e-12 | Val Loss: 3.539e-02 | Active Proj %: 0.00 | Time: 9.52s
2025-08-20 20:44:45,673:INFO:Epoch: 33400/40000 | Train Loss: 1.053e-02 | Dynamic Loss: 1.053e-02 | Regularization Loss: 4.606e-12 | Val Loss: 3.825e-02 | Active Proj %: 0.00 | Time: 9.43s
2025-08-20 20:44:55,216:INFO:Epoch: 33450/40000 | Train Loss: 7.345e-03 | Dynamic Loss: 7.345e-03 | Regularization Loss: 4.590e-12 | Val Loss: 3.817e-02 | Active Proj %: 0.00 | Time: 9.43s
2025-08-20 20:45:04,774:INFO:Epoch: 33500/40000 | Train Loss: 6.904e-03 | Dynamic Loss: 6.904e-03 | Regularization Loss: 4.575e-12 | Val Loss: 3.699e-02 | Active Proj %: 0.00 | Time: 9.45s
2025-08-20 20:45:14,357:INFO:Epoch: 33550/40000 | Train Loss: 4.496e-03 | Dynamic Loss: 4.496e-03 | Regularization Loss: 4.559e-12 | Val Loss: 3.454e-02 | Active Proj %: 0.00 | Time: 9.47s
2025-08-20 20:45:23,751:INFO:Epoch: 33600/40000 | Train Loss: 1.107e-02 | Dynamic Loss: 1.107e-02 | Regularization Loss: 4.543e-12 | Val Loss: 4.223e-02 | Active Proj %: 0.00 | Time: 9.29s
2025-08-20 20:45:33,537:INFO:Epoch: 33650/40000 | Train Loss: 1.351e-02 | Dynamic Loss: 1.351e-02 | Regularization Loss: 4.528e-12 | Val Loss: 4.060e-02 | Active Proj %: 0.00 | Time: 9.67s
2025-08-20 20:45:43,175:INFO:Epoch: 33700/40000 | Train Loss: 8.092e-03 | Dynamic Loss: 8.092e-03 | Regularization Loss: 4.512e-12 | Val Loss: 3.890e-02 | Active Proj %: 0.00 | Time: 9.52s
2025-08-20 20:45:52,660:INFO:Epoch: 33750/40000 | Train Loss: 9.291e-03 | Dynamic Loss: 9.291e-03 | Regularization Loss: 4.497e-12 | Val Loss: 4.115e-02 | Active Proj %: 0.00 | Time: 9.37s
2025-08-20 20:46:02,112:INFO:Epoch: 33800/40000 | Train Loss: 8.174e-03 | Dynamic Loss: 8.174e-03 | Regularization Loss: 4.481e-12 | Val Loss: 3.640e-02 | Active Proj %: 0.00 | Time: 9.34s
2025-08-20 20:46:11,488:INFO:Epoch: 33850/40000 | Train Loss: 7.722e-03 | Dynamic Loss: 7.722e-03 | Regularization Loss: 4.466e-12 | Val Loss: 3.864e-02 | Active Proj %: 0.00 | Time: 9.26s
2025-08-20 20:46:21,072:INFO:Epoch: 33900/40000 | Train Loss: 5.777e-03 | Dynamic Loss: 5.777e-03 | Regularization Loss: 4.451e-12 | Val Loss: 3.731e-02 | Active Proj %: 0.00 | Time: 9.47s
2025-08-20 20:46:30,681:INFO:Epoch: 33950/40000 | Train Loss: 5.916e-03 | Dynamic Loss: 5.916e-03 | Regularization Loss: 4.436e-12 | Val Loss: 3.580e-02 | Active Proj %: 0.00 | Time: 9.50s
2025-08-20 20:46:40,259:INFO:Epoch: 34000/40000 | Train Loss: 8.955e-03 | Dynamic Loss: 8.955e-03 | Regularization Loss: 4.420e-12 | Val Loss: 3.930e-02 | Active Proj %: 0.00 | Time: 9.46s
2025-08-20 20:46:49,838:INFO:Epoch: 34050/40000 | Train Loss: 7.490e-03 | Dynamic Loss: 7.490e-03 | Regularization Loss: 4.405e-12 | Val Loss: 3.845e-02 | Active Proj %: 0.00 | Time: 9.47s
2025-08-20 20:46:59,568:INFO:Epoch: 34100/40000 | Train Loss: 1.557e-02 | Dynamic Loss: 1.557e-02 | Regularization Loss: 4.390e-12 | Val Loss: 4.122e-02 | Active Proj %: 0.00 | Time: 9.62s
2025-08-20 20:47:09,194:INFO:Epoch: 34150/40000 | Train Loss: 1.403e-02 | Dynamic Loss: 1.403e-02 | Regularization Loss: 4.375e-12 | Val Loss: 4.244e-02 | Active Proj %: 0.00 | Time: 9.51s
2025-08-20 20:47:18,758:INFO:Epoch: 34200/40000 | Train Loss: 1.157e-02 | Dynamic Loss: 1.157e-02 | Regularization Loss: 4.360e-12 | Val Loss: 4.061e-02 | Active Proj %: 0.00 | Time: 9.45s
2025-08-20 20:47:28,317:INFO:Epoch: 34250/40000 | Train Loss: 5.192e-03 | Dynamic Loss: 5.192e-03 | Regularization Loss: 4.345e-12 | Val Loss: 3.507e-02 | Active Proj %: 0.00 | Time: 9.45s
2025-08-20 20:47:44,150:INFO:Epoch: 34300/40000 | Train Loss: 5.505e-03 | Dynamic Loss: 5.505e-03 | Regularization Loss: 4.330e-12 | Val Loss: 3.730e-02 | Active Proj %: 0.00 | Time: 15.73s
2025-08-20 20:47:53,716:INFO:Epoch: 34350/40000 | Train Loss: 8.069e-03 | Dynamic Loss: 8.069e-03 | Regularization Loss: 4.315e-12 | Val Loss: 3.927e-02 | Active Proj %: 0.00 | Time: 9.45s
2025-08-20 20:48:03,275:INFO:Epoch: 34400/40000 | Train Loss: 8.014e-03 | Dynamic Loss: 8.014e-03 | Regularization Loss: 4.301e-12 | Val Loss: 3.835e-02 | Active Proj %: 0.00 | Time: 9.44s
2025-08-20 20:48:17,179:INFO:Epoch: 34450/40000 | Train Loss: 1.187e-02 | Dynamic Loss: 1.187e-02 | Regularization Loss: 4.286e-12 | Val Loss: 3.937e-02 | Active Proj %: 0.00 | Time: 13.80s
2025-08-20 20:48:26,731:INFO:Epoch: 34500/40000 | Train Loss: 4.564e-03 | Dynamic Loss: 4.564e-03 | Regularization Loss: 4.272e-12 | Val Loss: 3.636e-02 | Active Proj %: 0.00 | Time: 9.44s
2025-08-20 20:48:36,217:INFO:Epoch: 34550/40000 | Train Loss: 1.059e-02 | Dynamic Loss: 1.059e-02 | Regularization Loss: 4.259e-12 | Val Loss: 3.761e-02 | Active Proj %: 0.00 | Time: 9.37s
2025-08-20 20:48:45,911:INFO:Epoch: 34600/40000 | Train Loss: 8.346e-03 | Dynamic Loss: 8.346e-03 | Regularization Loss: 4.246e-12 | Val Loss: 3.962e-02 | Active Proj %: 0.00 | Time: 9.58s
2025-08-20 20:48:55,500:INFO:Epoch: 34650/40000 | Train Loss: 8.912e-03 | Dynamic Loss: 8.912e-03 | Regularization Loss: 4.232e-12 | Val Loss: 3.801e-02 | Active Proj %: 0.00 | Time: 9.47s
2025-08-20 20:49:05,099:INFO:Epoch: 34700/40000 | Train Loss: 6.519e-03 | Dynamic Loss: 6.519e-03 | Regularization Loss: 4.219e-12 | Val Loss: 3.777e-02 | Active Proj %: 0.00 | Time: 9.49s
2025-08-20 20:49:14,781:INFO:Epoch: 34750/40000 | Train Loss: 5.141e-03 | Dynamic Loss: 5.141e-03 | Regularization Loss: 4.206e-12 | Val Loss: 3.604e-02 | Active Proj %: 0.00 | Time: 9.57s
2025-08-20 20:49:24,363:INFO:Epoch: 34800/40000 | Train Loss: 1.114e-02 | Dynamic Loss: 1.114e-02 | Regularization Loss: 4.192e-12 | Val Loss: 4.075e-02 | Active Proj %: 0.00 | Time: 9.47s
2025-08-20 20:49:33,922:INFO:Epoch: 34850/40000 | Train Loss: 8.933e-03 | Dynamic Loss: 8.933e-03 | Regularization Loss: 4.179e-12 | Val Loss: 3.893e-02 | Active Proj %: 0.00 | Time: 9.45s
2025-08-20 20:49:43,744:INFO:Epoch: 34900/40000 | Train Loss: 5.911e-03 | Dynamic Loss: 5.911e-03 | Regularization Loss: 4.166e-12 | Val Loss: 3.674e-02 | Active Proj %: 0.00 | Time: 9.71s
2025-08-20 20:49:53,396:INFO:Epoch: 34950/40000 | Train Loss: 1.238e-02 | Dynamic Loss: 1.238e-02 | Regularization Loss: 4.153e-12 | Val Loss: 3.971e-02 | Active Proj %: 0.00 | Time: 9.54s
2025-08-20 20:50:02,987:INFO:Epoch: 35000/40000 | Train Loss: 5.691e-03 | Dynamic Loss: 5.691e-03 | Regularization Loss: 4.140e-12 | Val Loss: 3.597e-02 | Active Proj %: 0.00 | Time: 9.48s
2025-08-20 20:50:12,686:INFO:Epoch: 35050/40000 | Train Loss: 6.413e-03 | Dynamic Loss: 6.413e-03 | Regularization Loss: 4.127e-12 | Val Loss: 3.636e-02 | Active Proj %: 0.00 | Time: 9.47s
2025-08-20 20:50:22,313:INFO:Epoch: 35100/40000 | Train Loss: 1.103e-02 | Dynamic Loss: 1.103e-02 | Regularization Loss: 4.114e-12 | Val Loss: 4.513e-02 | Active Proj %: 0.00 | Time: 9.52s
2025-08-20 20:50:31,872:INFO:Epoch: 35150/40000 | Train Loss: 1.125e-02 | Dynamic Loss: 1.125e-02 | Regularization Loss: 4.101e-12 | Val Loss: 4.131e-02 | Active Proj %: 0.00 | Time: 9.45s
2025-08-20 20:50:41,439:INFO:Epoch: 35200/40000 | Train Loss: 6.199e-03 | Dynamic Loss: 6.199e-03 | Regularization Loss: 4.088e-12 | Val Loss: 3.823e-02 | Active Proj %: 0.00 | Time: 9.46s
2025-08-20 20:50:59,562:INFO:Epoch: 35250/40000 | Train Loss: 5.753e-03 | Dynamic Loss: 5.753e-03 | Regularization Loss: 4.075e-12 | Val Loss: 3.772e-02 | Active Proj %: 0.00 | Time: 18.02s
2025-08-20 20:51:09,079:INFO:Epoch: 35300/40000 | Train Loss: 8.576e-03 | Dynamic Loss: 8.576e-03 | Regularization Loss: 4.063e-12 | Val Loss: 3.857e-02 | Active Proj %: 0.00 | Time: 9.41s
2025-08-20 20:51:18,730:INFO:Epoch: 35350/40000 | Train Loss: 8.456e-03 | Dynamic Loss: 8.456e-03 | Regularization Loss: 4.050e-12 | Val Loss: 4.114e-02 | Active Proj %: 0.00 | Time: 9.54s
2025-08-20 20:51:28,640:INFO:Epoch: 35400/40000 | Train Loss: 9.781e-03 | Dynamic Loss: 9.781e-03 | Regularization Loss: 4.037e-12 | Val Loss: 4.172e-02 | Active Proj %: 0.00 | Time: 9.80s
2025-08-20 20:51:38,699:INFO:Epoch: 35450/40000 | Train Loss: 5.835e-03 | Dynamic Loss: 5.835e-03 | Regularization Loss: 4.024e-12 | Val Loss: 3.530e-02 | Active Proj %: 0.00 | Time: 9.95s
2025-08-20 20:51:48,278:INFO:Epoch: 35500/40000 | Train Loss: 5.089e-03 | Dynamic Loss: 5.089e-03 | Regularization Loss: 4.012e-12 | Val Loss: 3.692e-02 | Active Proj %: 0.00 | Time: 9.47s
2025-08-20 20:51:57,993:INFO:Epoch: 35550/40000 | Train Loss: 5.888e-03 | Dynamic Loss: 5.888e-03 | Regularization Loss: 3.999e-12 | Val Loss: 3.687e-02 | Active Proj %: 0.00 | Time: 9.60s
2025-08-20 20:52:07,637:INFO:Epoch: 35600/40000 | Train Loss: 5.952e-03 | Dynamic Loss: 5.952e-03 | Regularization Loss: 3.987e-12 | Val Loss: 3.700e-02 | Active Proj %: 0.00 | Time: 9.52s
2025-08-20 20:52:17,178:INFO:Epoch: 35650/40000 | Train Loss: 4.283e-03 | Dynamic Loss: 4.283e-03 | Regularization Loss: 3.974e-12 | Val Loss: 3.620e-02 | Active Proj %: 0.00 | Time: 9.43s
2025-08-20 20:52:26,833:INFO:Epoch: 35700/40000 | Train Loss: 3.430e-03 | Dynamic Loss: 3.430e-03 | Regularization Loss: 3.962e-12 | Val Loss: 3.465e-02 | Active Proj %: 0.00 | Time: 9.55s
2025-08-20 20:52:36,394:INFO:Epoch: 35750/40000 | Train Loss: 1.050e-02 | Dynamic Loss: 1.050e-02 | Regularization Loss: 3.949e-12 | Val Loss: 4.070e-02 | Active Proj %: 0.00 | Time: 9.45s
2025-08-20 20:52:45,954:INFO:Epoch: 35800/40000 | Train Loss: 8.767e-03 | Dynamic Loss: 8.767e-03 | Regularization Loss: 3.937e-12 | Val Loss: 3.917e-02 | Active Proj %: 0.00 | Time: 9.45s
2025-08-20 20:52:55,464:INFO:Epoch: 35850/40000 | Train Loss: 6.718e-03 | Dynamic Loss: 6.718e-03 | Regularization Loss: 3.924e-12 | Val Loss: 3.691e-02 | Active Proj %: 0.00 | Time: 9.40s
2025-08-20 20:53:05,312:INFO:Epoch: 35900/40000 | Train Loss: 4.902e-03 | Dynamic Loss: 4.902e-03 | Regularization Loss: 3.912e-12 | Val Loss: 3.593e-02 | Active Proj %: 0.00 | Time: 9.73s
2025-08-20 20:53:14,862:INFO:Epoch: 35950/40000 | Train Loss: 4.891e-03 | Dynamic Loss: 4.891e-03 | Regularization Loss: 3.901e-12 | Val Loss: 3.509e-02 | Active Proj %: 0.00 | Time: 9.44s
2025-08-20 20:53:24,480:INFO:Epoch: 36000/40000 | Train Loss: 6.963e-03 | Dynamic Loss: 6.963e-03 | Regularization Loss: 3.890e-12 | Val Loss: 3.850e-02 | Active Proj %: 0.00 | Time: 9.51s
2025-08-20 20:53:41,711:INFO:Epoch: 36050/40000 | Train Loss: 5.122e-03 | Dynamic Loss: 5.122e-03 | Regularization Loss: 3.879e-12 | Val Loss: 3.579e-02 | Active Proj %: 0.00 | Time: 17.12s
2025-08-20 20:53:51,291:INFO:Epoch: 36100/40000 | Train Loss: 6.017e-03 | Dynamic Loss: 6.017e-03 | Regularization Loss: 3.867e-12 | Val Loss: 3.728e-02 | Active Proj %: 0.00 | Time: 9.47s
2025-08-20 20:54:00,930:INFO:Epoch: 36150/40000 | Train Loss: 6.527e-03 | Dynamic Loss: 6.527e-03 | Regularization Loss: 3.856e-12 | Val Loss: 3.895e-02 | Active Proj %: 0.00 | Time: 9.53s
2025-08-20 20:54:10,654:INFO:Epoch: 36200/40000 | Train Loss: 5.367e-03 | Dynamic Loss: 5.367e-03 | Regularization Loss: 3.845e-12 | Val Loss: 3.516e-02 | Active Proj %: 0.00 | Time: 9.61s
2025-08-20 20:54:20,172:INFO:Epoch: 36250/40000 | Train Loss: 1.103e-02 | Dynamic Loss: 1.103e-02 | Regularization Loss: 3.834e-12 | Val Loss: 3.893e-02 | Active Proj %: 0.00 | Time: 9.41s
2025-08-20 20:54:29,807:INFO:Epoch: 36300/40000 | Train Loss: 1.593e-02 | Dynamic Loss: 1.593e-02 | Regularization Loss: 3.823e-12 | Val Loss: 3.945e-02 | Active Proj %: 0.00 | Time: 9.40s
2025-08-20 20:54:39,398:INFO:Epoch: 36350/40000 | Train Loss: 8.612e-03 | Dynamic Loss: 8.612e-03 | Regularization Loss: 3.813e-12 | Val Loss: 3.876e-02 | Active Proj %: 0.00 | Time: 9.48s
2025-08-20 20:54:48,977:INFO:Epoch: 36400/40000 | Train Loss: 4.943e-03 | Dynamic Loss: 4.943e-03 | Regularization Loss: 3.802e-12 | Val Loss: 3.659e-02 | Active Proj %: 0.00 | Time: 9.47s
2025-08-20 20:54:58,497:INFO:Epoch: 36450/40000 | Train Loss: 8.513e-03 | Dynamic Loss: 8.513e-03 | Regularization Loss: 3.791e-12 | Val Loss: 3.862e-02 | Active Proj %: 0.00 | Time: 9.41s
2025-08-20 20:55:15,866:INFO:Epoch: 36500/40000 | Train Loss: 4.864e-03 | Dynamic Loss: 4.864e-03 | Regularization Loss: 3.780e-12 | Val Loss: 3.662e-02 | Active Proj %: 0.00 | Time: 17.26s
2025-08-20 20:55:25,470:INFO:Epoch: 36550/40000 | Train Loss: 5.754e-03 | Dynamic Loss: 5.754e-03 | Regularization Loss: 3.769e-12 | Val Loss: 3.601e-02 | Active Proj %: 0.00 | Time: 9.49s
2025-08-20 20:55:35,180:INFO:Epoch: 36600/40000 | Train Loss: 4.694e-03 | Dynamic Loss: 4.694e-03 | Regularization Loss: 3.758e-12 | Val Loss: 3.540e-02 | Active Proj %: 0.00 | Time: 9.60s
2025-08-20 20:55:44,755:INFO:Epoch: 36650/40000 | Train Loss: 5.807e-03 | Dynamic Loss: 5.807e-03 | Regularization Loss: 3.748e-12 | Val Loss: 3.668e-02 | Active Proj %: 0.00 | Time: 9.47s
2025-08-20 20:55:54,347:INFO:Epoch: 36700/40000 | Train Loss: 4.550e-03 | Dynamic Loss: 4.550e-03 | Regularization Loss: 3.737e-12 | Val Loss: 3.528e-02 | Active Proj %: 0.00 | Time: 9.48s
2025-08-20 20:56:04,098:INFO:Epoch: 36750/40000 | Train Loss: 9.949e-03 | Dynamic Loss: 9.949e-03 | Regularization Loss: 3.726e-12 | Val Loss: 4.159e-02 | Active Proj %: 0.00 | Time: 9.64s
2025-08-20 20:56:13,943:INFO:Epoch: 36800/40000 | Train Loss: 8.822e-03 | Dynamic Loss: 8.822e-03 | Regularization Loss: 3.716e-12 | Val Loss: 3.883e-02 | Active Proj %: 0.00 | Time: 9.73s
2025-08-20 20:56:23,548:INFO:Epoch: 36850/40000 | Train Loss: 7.382e-03 | Dynamic Loss: 7.382e-03 | Regularization Loss: 3.705e-12 | Val Loss: 3.788e-02 | Active Proj %: 0.00 | Time: 9.49s
2025-08-20 20:56:33,135:INFO:Epoch: 36900/40000 | Train Loss: 4.925e-03 | Dynamic Loss: 4.925e-03 | Regularization Loss: 3.694e-12 | Val Loss: 3.565e-02 | Active Proj %: 0.00 | Time: 9.48s
2025-08-20 20:56:50,424:INFO:Epoch: 36950/40000 | Train Loss: 6.254e-03 | Dynamic Loss: 6.254e-03 | Regularization Loss: 3.684e-12 | Val Loss: 3.991e-02 | Active Proj %: 0.00 | Time: 17.18s
2025-08-20 20:57:00,088:INFO:Epoch: 37000/40000 | Train Loss: 7.394e-03 | Dynamic Loss: 7.394e-03 | Regularization Loss: 3.673e-12 | Val Loss: 3.671e-02 | Active Proj %: 0.00 | Time: 9.55s
2025-08-20 20:57:09,804:INFO:Epoch: 37050/40000 | Train Loss: 7.942e-03 | Dynamic Loss: 7.942e-03 | Regularization Loss: 3.663e-12 | Val Loss: 3.980e-02 | Active Proj %: 0.00 | Time: 9.61s
2025-08-20 20:57:19,335:INFO:Epoch: 37100/40000 | Train Loss: 5.572e-03 | Dynamic Loss: 5.572e-03 | Regularization Loss: 3.652e-12 | Val Loss: 3.797e-02 | Active Proj %: 0.00 | Time: 9.42s
2025-08-20 20:57:28,893:INFO:Epoch: 37150/40000 | Train Loss: 4.679e-03 | Dynamic Loss: 4.679e-03 | Regularization Loss: 3.642e-12 | Val Loss: 3.604e-02 | Active Proj %: 0.00 | Time: 9.44s
2025-08-20 20:57:38,557:INFO:Epoch: 37200/40000 | Train Loss: 8.257e-03 | Dynamic Loss: 8.257e-03 | Regularization Loss: 3.632e-12 | Val Loss: 3.779e-02 | Active Proj %: 0.00 | Time: 9.55s
2025-08-20 20:57:48,163:INFO:Epoch: 37250/40000 | Train Loss: 4.602e-03 | Dynamic Loss: 4.602e-03 | Regularization Loss: 3.621e-12 | Val Loss: 3.477e-02 | Active Proj %: 0.00 | Time: 9.50s
2025-08-20 20:57:57,790:INFO:Epoch: 37300/40000 | Train Loss: 6.944e-03 | Dynamic Loss: 6.944e-03 | Regularization Loss: 3.611e-12 | Val Loss: 3.832e-02 | Active Proj %: 0.00 | Time: 9.52s
2025-08-20 20:58:07,544:INFO:Epoch: 37350/40000 | Train Loss: 4.663e-03 | Dynamic Loss: 4.663e-03 | Regularization Loss: 3.601e-12 | Val Loss: 3.528e-02 | Active Proj %: 0.00 | Time: 9.65s
2025-08-20 20:58:17,119:INFO:Epoch: 37400/40000 | Train Loss: 1.274e-02 | Dynamic Loss: 1.274e-02 | Regularization Loss: 3.590e-12 | Val Loss: 4.435e-02 | Active Proj %: 0.00 | Time: 9.46s
2025-08-20 20:58:26,619:INFO:Epoch: 37450/40000 | Train Loss: 5.327e-03 | Dynamic Loss: 5.327e-03 | Regularization Loss: 3.580e-12 | Val Loss: 3.730e-02 | Active Proj %: 0.00 | Time: 9.39s
2025-08-20 20:58:36,301:INFO:Epoch: 37500/40000 | Train Loss: 6.077e-03 | Dynamic Loss: 6.077e-03 | Regularization Loss: 3.570e-12 | Val Loss: 4.053e-02 | Active Proj %: 0.00 | Time: 9.45s
2025-08-20 20:58:45,963:INFO:Epoch: 37550/40000 | Train Loss: 6.694e-03 | Dynamic Loss: 6.694e-03 | Regularization Loss: 3.560e-12 | Val Loss: 3.876e-02 | Active Proj %: 0.00 | Time: 9.55s
2025-08-20 20:58:55,650:INFO:Epoch: 37600/40000 | Train Loss: 4.502e-03 | Dynamic Loss: 4.502e-03 | Regularization Loss: 3.549e-12 | Val Loss: 3.521e-02 | Active Proj %: 0.00 | Time: 9.57s
2025-08-20 20:59:05,297:INFO:Epoch: 37650/40000 | Train Loss: 3.771e-03 | Dynamic Loss: 3.771e-03 | Regularization Loss: 3.539e-12 | Val Loss: 3.511e-02 | Active Proj %: 0.00 | Time: 9.53s
2025-08-20 20:59:23,293:INFO:Epoch: 37700/40000 | Train Loss: 9.193e-03 | Dynamic Loss: 9.193e-03 | Regularization Loss: 3.530e-12 | Val Loss: 4.212e-02 | Active Proj %: 0.00 | Time: 17.89s
2025-08-20 20:59:32,923:INFO:Epoch: 37750/40000 | Train Loss: 7.454e-03 | Dynamic Loss: 7.454e-03 | Regularization Loss: 3.521e-12 | Val Loss: 3.737e-02 | Active Proj %: 0.00 | Time: 9.52s
2025-08-20 20:59:42,518:INFO:Epoch: 37800/40000 | Train Loss: 3.932e-03 | Dynamic Loss: 3.932e-03 | Regularization Loss: 3.512e-12 | Val Loss: 3.514e-02 | Active Proj %: 0.00 | Time: 9.49s
2025-08-20 20:59:52,140:INFO:Epoch: 37850/40000 | Train Loss: 8.600e-03 | Dynamic Loss: 8.600e-03 | Regularization Loss: 3.503e-12 | Val Loss: 3.846e-02 | Active Proj %: 0.00 | Time: 9.51s
2025-08-20 21:00:01,911:INFO:Epoch: 37900/40000 | Train Loss: 7.584e-03 | Dynamic Loss: 7.584e-03 | Regularization Loss: 3.494e-12 | Val Loss: 3.678e-02 | Active Proj %: 0.00 | Time: 9.66s
2025-08-20 21:00:11,963:INFO:Epoch: 37950/40000 | Train Loss: 4.873e-03 | Dynamic Loss: 4.873e-03 | Regularization Loss: 3.485e-12 | Val Loss: 3.723e-02 | Active Proj %: 0.00 | Time: 9.94s
2025-08-20 21:00:21,889:INFO:Epoch: 38000/40000 | Train Loss: 7.970e-03 | Dynamic Loss: 7.970e-03 | Regularization Loss: 3.476e-12 | Val Loss: 3.756e-02 | Active Proj %: 0.00 | Time: 9.81s
2025-08-20 21:00:31,561:INFO:Epoch: 38050/40000 | Train Loss: 4.252e-03 | Dynamic Loss: 4.252e-03 | Regularization Loss: 3.467e-12 | Val Loss: 3.530e-02 | Active Proj %: 0.00 | Time: 9.56s
2025-08-20 21:00:41,347:INFO:Epoch: 38100/40000 | Train Loss: 3.935e-03 | Dynamic Loss: 3.935e-03 | Regularization Loss: 3.458e-12 | Val Loss: 3.576e-02 | Active Proj %: 0.00 | Time: 9.67s
2025-08-20 21:00:51,196:INFO:Epoch: 38150/40000 | Train Loss: 5.784e-03 | Dynamic Loss: 5.784e-03 | Regularization Loss: 3.449e-12 | Val Loss: 3.732e-02 | Active Proj %: 0.00 | Time: 9.73s
2025-08-20 21:01:00,930:INFO:Epoch: 38200/40000 | Train Loss: 4.251e-03 | Dynamic Loss: 4.251e-03 | Regularization Loss: 3.440e-12 | Val Loss: 3.529e-02 | Active Proj %: 0.00 | Time: 9.62s
2025-08-20 21:01:10,462:INFO:Epoch: 38250/40000 | Train Loss: 1.259e-02 | Dynamic Loss: 1.259e-02 | Regularization Loss: 3.432e-12 | Val Loss: 4.381e-02 | Active Proj %: 0.00 | Time: 9.42s
2025-08-20 21:01:20,152:INFO:Epoch: 38300/40000 | Train Loss: 8.025e-03 | Dynamic Loss: 8.025e-03 | Regularization Loss: 3.423e-12 | Val Loss: 3.939e-02 | Active Proj %: 0.00 | Time: 9.58s
2025-08-20 21:01:29,761:INFO:Epoch: 38350/40000 | Train Loss: 5.633e-03 | Dynamic Loss: 5.633e-03 | Regularization Loss: 3.414e-12 | Val Loss: 3.723e-02 | Active Proj %: 0.00 | Time: 9.50s
2025-08-20 21:01:39,312:INFO:Epoch: 38400/40000 | Train Loss: 7.256e-03 | Dynamic Loss: 7.256e-03 | Regularization Loss: 3.405e-12 | Val Loss: 3.660e-02 | Active Proj %: 0.00 | Time: 9.44s
2025-08-20 21:01:49,190:INFO:Epoch: 38450/40000 | Train Loss: 1.413e-02 | Dynamic Loss: 1.413e-02 | Regularization Loss: 3.396e-12 | Val Loss: 4.240e-02 | Active Proj %: 0.00 | Time: 9.76s
2025-08-20 21:01:58,852:INFO:Epoch: 38500/40000 | Train Loss: 8.216e-03 | Dynamic Loss: 8.216e-03 | Regularization Loss: 3.388e-12 | Val Loss: 4.006e-02 | Active Proj %: 0.00 | Time: 9.55s
2025-08-20 21:02:08,520:INFO:Epoch: 38550/40000 | Train Loss: 9.209e-03 | Dynamic Loss: 9.209e-03 | Regularization Loss: 3.379e-12 | Val Loss: 4.438e-02 | Active Proj %: 0.00 | Time: 9.55s
2025-08-20 21:02:18,282:INFO:Epoch: 38600/40000 | Train Loss: 4.559e-03 | Dynamic Loss: 4.559e-03 | Regularization Loss: 3.370e-12 | Val Loss: 3.496e-02 | Active Proj %: 0.00 | Time: 9.65s
2025-08-20 21:02:27,922:INFO:Epoch: 38650/40000 | Train Loss: 1.035e-02 | Dynamic Loss: 1.035e-02 | Regularization Loss: 3.362e-12 | Val Loss: 3.997e-02 | Active Proj %: 0.00 | Time: 9.52s
2025-08-20 21:02:37,533:INFO:Epoch: 38700/40000 | Train Loss: 8.778e-03 | Dynamic Loss: 8.778e-03 | Regularization Loss: 3.353e-12 | Val Loss: 3.965e-02 | Active Proj %: 0.00 | Time: 9.49s
2025-08-20 21:02:47,163:INFO:Epoch: 38750/40000 | Train Loss: 7.005e-03 | Dynamic Loss: 7.005e-03 | Regularization Loss: 3.344e-12 | Val Loss: 3.615e-02 | Active Proj %: 0.00 | Time: 9.52s
2025-08-20 21:02:56,870:INFO:Epoch: 38800/40000 | Train Loss: 1.028e-02 | Dynamic Loss: 1.028e-02 | Regularization Loss: 3.336e-12 | Val Loss: 4.353e-02 | Active Proj %: 0.00 | Time: 9.59s
2025-08-20 21:03:06,492:INFO:Epoch: 38850/40000 | Train Loss: 4.314e-03 | Dynamic Loss: 4.314e-03 | Regularization Loss: 3.327e-12 | Val Loss: 3.494e-02 | Active Proj %: 0.00 | Time: 9.51s
2025-08-20 21:03:16,101:INFO:Epoch: 38900/40000 | Train Loss: 4.264e-03 | Dynamic Loss: 4.264e-03 | Regularization Loss: 3.319e-12 | Val Loss: 3.599e-02 | Active Proj %: 0.00 | Time: 9.50s
2025-08-20 21:03:25,735:INFO:Epoch: 38950/40000 | Train Loss: 4.108e-03 | Dynamic Loss: 4.108e-03 | Regularization Loss: 3.310e-12 | Val Loss: 3.687e-02 | Active Proj %: 0.00 | Time: 9.49s
2025-08-20 21:03:35,307:INFO:Epoch: 39000/40000 | Train Loss: 4.733e-03 | Dynamic Loss: 4.733e-03 | Regularization Loss: 3.302e-12 | Val Loss: 3.655e-02 | Active Proj %: 0.00 | Time: 9.46s
2025-08-20 21:03:44,976:INFO:Epoch: 39050/40000 | Train Loss: 8.055e-03 | Dynamic Loss: 8.055e-03 | Regularization Loss: 3.293e-12 | Val Loss: 3.879e-02 | Active Proj %: 0.00 | Time: 9.55s
2025-08-20 21:03:54,526:INFO:Epoch: 39100/40000 | Train Loss: 6.429e-03 | Dynamic Loss: 6.429e-03 | Regularization Loss: 3.285e-12 | Val Loss: 3.754e-02 | Active Proj %: 0.00 | Time: 9.44s
2025-08-20 21:04:04,102:INFO:Epoch: 39150/40000 | Train Loss: 8.225e-03 | Dynamic Loss: 8.225e-03 | Regularization Loss: 3.276e-12 | Val Loss: 3.865e-02 | Active Proj %: 0.00 | Time: 9.46s
2025-08-20 21:04:13,801:INFO:Epoch: 39200/40000 | Train Loss: 6.697e-03 | Dynamic Loss: 6.697e-03 | Regularization Loss: 3.268e-12 | Val Loss: 3.630e-02 | Active Proj %: 0.00 | Time: 9.58s
2025-08-20 21:04:23,463:INFO:Epoch: 39250/40000 | Train Loss: 5.850e-03 | Dynamic Loss: 5.850e-03 | Regularization Loss: 3.259e-12 | Val Loss: 3.653e-02 | Active Proj %: 0.00 | Time: 9.55s
2025-08-20 21:04:33,047:INFO:Epoch: 39300/40000 | Train Loss: 7.825e-03 | Dynamic Loss: 7.825e-03 | Regularization Loss: 3.251e-12 | Val Loss: 4.031e-02 | Active Proj %: 0.00 | Time: 9.47s
2025-08-20 21:04:42,713:INFO:Epoch: 39350/40000 | Train Loss: 3.494e-03 | Dynamic Loss: 3.494e-03 | Regularization Loss: 3.243e-12 | Val Loss: 3.538e-02 | Active Proj %: 0.00 | Time: 9.55s
2025-08-20 21:04:52,425:INFO:Epoch: 39400/40000 | Train Loss: 5.543e-03 | Dynamic Loss: 5.543e-03 | Regularization Loss: 3.234e-12 | Val Loss: 3.681e-02 | Active Proj %: 0.00 | Time: 9.60s
2025-08-20 21:05:02,063:INFO:Epoch: 39450/40000 | Train Loss: 7.299e-03 | Dynamic Loss: 7.299e-03 | Regularization Loss: 3.226e-12 | Val Loss: 4.157e-02 | Active Proj %: 0.00 | Time: 9.52s
2025-08-20 21:05:11,811:INFO:Epoch: 39500/40000 | Train Loss: 6.752e-03 | Dynamic Loss: 6.752e-03 | Regularization Loss: 3.218e-12 | Val Loss: 3.883e-02 | Active Proj %: 0.00 | Time: 9.64s
2025-08-20 21:05:21,428:INFO:Epoch: 39550/40000 | Train Loss: 3.062e-03 | Dynamic Loss: 3.062e-03 | Regularization Loss: 3.209e-12 | Val Loss: 3.471e-02 | Active Proj %: 0.00 | Time: 9.51s
2025-08-20 21:05:31,095:INFO:Epoch: 39600/40000 | Train Loss: 5.836e-03 | Dynamic Loss: 5.836e-03 | Regularization Loss: 3.201e-12 | Val Loss: 3.728e-02 | Active Proj %: 0.00 | Time: 9.55s
2025-08-20 21:05:40,864:INFO:Epoch: 39650/40000 | Train Loss: 6.153e-03 | Dynamic Loss: 6.153e-03 | Regularization Loss: 3.193e-12 | Val Loss: 3.762e-02 | Active Proj %: 0.00 | Time: 9.65s
2025-08-20 21:05:50,473:INFO:Epoch: 39700/40000 | Train Loss: 9.009e-03 | Dynamic Loss: 9.009e-03 | Regularization Loss: 3.185e-12 | Val Loss: 3.883e-02 | Active Proj %: 0.00 | Time: 9.50s
2025-08-20 21:06:00,046:INFO:Epoch: 39750/40000 | Train Loss: 5.873e-03 | Dynamic Loss: 5.873e-03 | Regularization Loss: 3.176e-12 | Val Loss: 3.651e-02 | Active Proj %: 0.00 | Time: 9.46s
2025-08-20 21:06:09,732:INFO:Epoch: 39800/40000 | Train Loss: 6.066e-03 | Dynamic Loss: 6.066e-03 | Regularization Loss: 3.168e-12 | Val Loss: 4.141e-02 | Active Proj %: 0.00 | Time: 9.45s
2025-08-20 21:06:19,327:INFO:Epoch: 39850/40000 | Train Loss: 7.373e-03 | Dynamic Loss: 7.373e-03 | Regularization Loss: 3.161e-12 | Val Loss: 4.140e-02 | Active Proj %: 0.00 | Time: 9.48s
2025-08-20 21:06:29,783:INFO:Epoch: 39900/40000 | Train Loss: 7.894e-03 | Dynamic Loss: 7.894e-03 | Regularization Loss: 3.154e-12 | Val Loss: 3.992e-02 | Active Proj %: 0.00 | Time: 10.35s
2025-08-20 21:06:39,371:INFO:Epoch: 39950/40000 | Train Loss: 6.150e-03 | Dynamic Loss: 6.150e-03 | Regularization Loss: 3.146e-12 | Val Loss: 3.998e-02 | Active Proj %: 0.00 | Time: 9.48s
2025-08-20 21:06:48,922:INFO:Epoch: 40000/40000 | Train Loss: 1.643e-02 | Dynamic Loss: 1.643e-02 | Regularization Loss: 3.139e-12 | Val Loss: 4.019e-02 | Active Proj %: 0.00 | Time: 9.44s
