2025-08-21 03:27:08,373:INFO:USING LONGER TRAJ DATA
2025-08-21 03:27:08,477:INFO:Created DataLoaders with 2994 training samples and 998 validation samples.
2025-08-21 03:27:09,771:INFO:model params: 2512001
2025-08-21 03:27:09,771:INFO:removing projection layer after initialization
2025-08-21 03:27:12,526:INFO:Epoch: 0/40000 | Train Loss: 1.801e+00 | Dynamic Loss: 1.801e+00 | Regularization Loss: 0.000e+00 | Val Loss: 1.811e+00 | Time: 2.64s
2025-08-21 03:27:12,526:INFO:New best model found at epoch 0 with validation loss 1.811e+00. Saving...
2025-08-21 03:27:18,453:INFO:Epoch: 50/40000 | Train Loss: 1.688e+00 | Dynamic Loss: 1.688e+00 | Regularization Loss: 0.000e+00 | Val Loss: 1.704e+00 | Time: 5.72s
2025-08-21 03:27:18,453:INFO:New best model found at epoch 50 with validation loss 1.704e+00. Saving...
2025-08-21 03:27:24,292:INFO:Epoch: 100/40000 | Train Loss: 1.657e+00 | Dynamic Loss: 1.657e+00 | Regularization Loss: 0.000e+00 | Val Loss: 1.671e+00 | Time: 5.72s
2025-08-21 03:27:24,292:INFO:New best model found at epoch 100 with validation loss 1.671e+00. Saving...
2025-08-21 03:27:36,611:INFO:Epoch: 150/40000 | Train Loss: 1.611e+00 | Dynamic Loss: 1.611e+00 | Regularization Loss: 0.000e+00 | Val Loss: 1.625e+00 | Time: 12.19s
2025-08-21 03:27:36,611:INFO:New best model found at epoch 150 with validation loss 1.625e+00. Saving...
2025-08-21 03:27:42,566:INFO:Epoch: 200/40000 | Train Loss: 1.561e+00 | Dynamic Loss: 1.561e+00 | Regularization Loss: 0.000e+00 | Val Loss: 1.576e+00 | Time: 5.82s
2025-08-21 03:27:42,566:INFO:New best model found at epoch 200 with validation loss 1.576e+00. Saving...
2025-08-21 03:27:48,513:INFO:Epoch: 250/40000 | Train Loss: 1.463e+00 | Dynamic Loss: 1.463e+00 | Regularization Loss: 0.000e+00 | Val Loss: 1.472e+00 | Time: 5.82s
2025-08-21 03:27:48,513:INFO:New best model found at epoch 250 with validation loss 1.472e+00. Saving...
2025-08-21 03:27:54,760:INFO:Epoch: 300/40000 | Train Loss: 1.411e+00 | Dynamic Loss: 1.411e+00 | Regularization Loss: 0.000e+00 | Val Loss: 1.428e+00 | Time: 6.00s
2025-08-21 03:27:54,760:INFO:New best model found at epoch 300 with validation loss 1.428e+00. Saving...
2025-08-21 03:28:00,796:INFO:Epoch: 350/40000 | Train Loss: 1.368e+00 | Dynamic Loss: 1.368e+00 | Regularization Loss: 0.000e+00 | Val Loss: 1.388e+00 | Time: 5.91s
2025-08-21 03:28:00,796:INFO:New best model found at epoch 350 with validation loss 1.388e+00. Saving...
2025-08-21 03:28:06,941:INFO:Epoch: 400/40000 | Train Loss: 1.339e+00 | Dynamic Loss: 1.339e+00 | Regularization Loss: 0.000e+00 | Val Loss: 1.361e+00 | Time: 6.01s
2025-08-21 03:28:06,941:INFO:New best model found at epoch 400 with validation loss 1.361e+00. Saving...
2025-08-21 03:28:13,021:INFO:Epoch: 450/40000 | Train Loss: 1.323e+00 | Dynamic Loss: 1.323e+00 | Regularization Loss: 0.000e+00 | Val Loss: 1.348e+00 | Time: 5.96s
2025-08-21 03:28:13,021:INFO:New best model found at epoch 450 with validation loss 1.348e+00. Saving...
2025-08-21 03:28:19,161:INFO:Epoch: 500/40000 | Train Loss: 1.355e+00 | Dynamic Loss: 1.355e+00 | Regularization Loss: 0.000e+00 | Val Loss: 1.356e+00 | Time: 5.90s
2025-08-21 03:28:25,165:INFO:Epoch: 550/40000 | Train Loss: 1.255e+00 | Dynamic Loss: 1.255e+00 | Regularization Loss: 0.000e+00 | Val Loss: 1.280e+00 | Time: 5.90s
2025-08-21 03:28:25,165:INFO:New best model found at epoch 550 with validation loss 1.280e+00. Saving...
2025-08-21 03:28:31,217:INFO:Epoch: 600/40000 | Train Loss: 1.219e+00 | Dynamic Loss: 1.219e+00 | Regularization Loss: 0.000e+00 | Val Loss: 1.250e+00 | Time: 5.93s
2025-08-21 03:28:31,218:INFO:New best model found at epoch 600 with validation loss 1.250e+00. Saving...
2025-08-21 03:28:37,329:INFO:Epoch: 650/40000 | Train Loss: 1.218e+00 | Dynamic Loss: 1.218e+00 | Regularization Loss: 0.000e+00 | Val Loss: 1.247e+00 | Time: 5.99s
2025-08-21 03:28:37,330:INFO:New best model found at epoch 650 with validation loss 1.247e+00. Saving...
2025-08-21 03:28:43,442:INFO:Epoch: 700/40000 | Train Loss: 1.194e+00 | Dynamic Loss: 1.194e+00 | Regularization Loss: 0.000e+00 | Val Loss: 1.227e+00 | Time: 5.99s
2025-08-21 03:28:43,443:INFO:New best model found at epoch 700 with validation loss 1.227e+00. Saving...
2025-08-21 03:28:56,519:INFO:Epoch: 750/40000 | Train Loss: 1.153e+00 | Dynamic Loss: 1.153e+00 | Regularization Loss: 0.000e+00 | Val Loss: 1.190e+00 | Time: 12.95s
2025-08-21 03:28:56,519:INFO:New best model found at epoch 750 with validation loss 1.190e+00. Saving...
2025-08-21 03:29:02,597:INFO:Epoch: 800/40000 | Train Loss: 1.226e+00 | Dynamic Loss: 1.226e+00 | Regularization Loss: 0.000e+00 | Val Loss: 1.291e+00 | Time: 5.95s
2025-08-21 03:29:08,754:INFO:Epoch: 850/40000 | Train Loss: 1.172e+00 | Dynamic Loss: 1.172e+00 | Regularization Loss: 0.000e+00 | Val Loss: 1.202e+00 | Time: 6.06s
2025-08-21 03:29:14,780:INFO:Epoch: 900/40000 | Train Loss: 1.112e+00 | Dynamic Loss: 1.112e+00 | Regularization Loss: 0.000e+00 | Val Loss: 1.152e+00 | Time: 5.93s
2025-08-21 03:29:14,780:INFO:New best model found at epoch 900 with validation loss 1.152e+00. Saving...
2025-08-21 03:29:27,766:INFO:Epoch: 950/40000 | Train Loss: 1.064e+00 | Dynamic Loss: 1.064e+00 | Regularization Loss: 0.000e+00 | Val Loss: 1.123e+00 | Time: 12.87s
2025-08-21 03:29:27,766:INFO:New best model found at epoch 950 with validation loss 1.123e+00. Saving...
2025-08-21 03:29:33,969:INFO:Epoch: 1000/40000 | Train Loss: 1.130e+00 | Dynamic Loss: 1.130e+00 | Regularization Loss: 0.000e+00 | Val Loss: 1.161e+00 | Time: 6.08s
2025-08-21 03:29:40,029:INFO:Epoch: 1050/40000 | Train Loss: 1.090e+00 | Dynamic Loss: 1.090e+00 | Regularization Loss: 0.000e+00 | Val Loss: 1.123e+00 | Time: 5.96s
2025-08-21 03:29:46,178:INFO:Epoch: 1100/40000 | Train Loss: 1.033e+00 | Dynamic Loss: 1.033e+00 | Regularization Loss: 0.000e+00 | Val Loss: 1.075e+00 | Time: 6.05s
2025-08-21 03:29:46,178:INFO:New best model found at epoch 1100 with validation loss 1.075e+00. Saving...
2025-08-21 03:29:59,058:INFO:Epoch: 1150/40000 | Train Loss: 9.916e-01 | Dynamic Loss: 9.916e-01 | Regularization Loss: 0.000e+00 | Val Loss: 1.035e+00 | Time: 12.75s
2025-08-21 03:29:59,058:INFO:New best model found at epoch 1150 with validation loss 1.035e+00. Saving...
2025-08-21 03:30:05,214:INFO:Epoch: 1200/40000 | Train Loss: 1.039e+00 | Dynamic Loss: 1.039e+00 | Regularization Loss: 0.000e+00 | Val Loss: 1.056e+00 | Time: 6.03s
2025-08-21 03:30:11,349:INFO:Epoch: 1250/40000 | Train Loss: 1.267e+00 | Dynamic Loss: 1.267e+00 | Regularization Loss: 0.000e+00 | Val Loss: 1.189e+00 | Time: 6.03s
2025-08-21 03:30:17,371:INFO:Epoch: 1300/40000 | Train Loss: 1.011e+00 | Dynamic Loss: 1.011e+00 | Regularization Loss: 0.000e+00 | Val Loss: 1.038e+00 | Time: 5.92s
2025-08-21 03:30:23,519:INFO:Epoch: 1350/40000 | Train Loss: 9.944e-01 | Dynamic Loss: 9.944e-01 | Regularization Loss: 0.000e+00 | Val Loss: 1.024e+00 | Time: 6.04s
2025-08-21 03:30:23,519:INFO:New best model found at epoch 1350 with validation loss 1.024e+00. Saving...
2025-08-21 03:30:37,097:INFO:Epoch: 1400/40000 | Train Loss: 9.486e-01 | Dynamic Loss: 9.486e-01 | Regularization Loss: 0.000e+00 | Val Loss: 9.698e-01 | Time: 13.45s
2025-08-21 03:30:37,097:INFO:New best model found at epoch 1400 with validation loss 9.698e-01. Saving...
2025-08-21 03:30:43,233:INFO:Epoch: 1450/40000 | Train Loss: 9.002e-01 | Dynamic Loss: 9.002e-01 | Regularization Loss: 0.000e+00 | Val Loss: 9.372e-01 | Time: 6.01s
2025-08-21 03:30:43,233:INFO:New best model found at epoch 1450 with validation loss 9.372e-01. Saving...
2025-08-21 03:30:49,318:INFO:Epoch: 1500/40000 | Train Loss: 9.082e-01 | Dynamic Loss: 9.082e-01 | Regularization Loss: 0.000e+00 | Val Loss: 9.428e-01 | Time: 5.96s
2025-08-21 03:30:55,497:INFO:Epoch: 1550/40000 | Train Loss: 8.308e-01 | Dynamic Loss: 8.308e-01 | Regularization Loss: 0.000e+00 | Val Loss: 8.572e-01 | Time: 6.07s
2025-08-21 03:30:55,497:INFO:New best model found at epoch 1550 with validation loss 8.572e-01. Saving...
2025-08-21 03:31:01,942:INFO:Epoch: 1600/40000 | Train Loss: 7.667e-01 | Dynamic Loss: 7.667e-01 | Regularization Loss: 0.000e+00 | Val Loss: 8.173e-01 | Time: 6.32s
2025-08-21 03:31:01,942:INFO:New best model found at epoch 1600 with validation loss 8.173e-01. Saving...
2025-08-21 03:31:08,094:INFO:Epoch: 1650/40000 | Train Loss: 1.045e+00 | Dynamic Loss: 1.045e+00 | Regularization Loss: 0.000e+00 | Val Loss: 9.787e-01 | Time: 6.03s
2025-08-21 03:31:14,183:INFO:Epoch: 1700/40000 | Train Loss: 8.720e-01 | Dynamic Loss: 8.720e-01 | Regularization Loss: 0.000e+00 | Val Loss: 9.089e-01 | Time: 5.98s
2025-08-21 03:31:20,418:INFO:Epoch: 1750/40000 | Train Loss: 8.351e-01 | Dynamic Loss: 8.351e-01 | Regularization Loss: 0.000e+00 | Val Loss: 8.559e-01 | Time: 5.99s
2025-08-21 03:31:26,564:INFO:Epoch: 1800/40000 | Train Loss: 7.305e-01 | Dynamic Loss: 7.305e-01 | Regularization Loss: 0.000e+00 | Val Loss: 7.721e-01 | Time: 6.04s
2025-08-21 03:31:26,564:INFO:New best model found at epoch 1800 with validation loss 7.721e-01. Saving...
2025-08-21 03:31:32,748:INFO:Epoch: 1850/40000 | Train Loss: 7.146e-01 | Dynamic Loss: 7.146e-01 | Regularization Loss: 0.000e+00 | Val Loss: 7.582e-01 | Time: 6.05s
2025-08-21 03:31:32,748:INFO:New best model found at epoch 1850 with validation loss 7.582e-01. Saving...
2025-08-21 03:31:38,870:INFO:Epoch: 1900/40000 | Train Loss: 7.949e-01 | Dynamic Loss: 7.949e-01 | Regularization Loss: 0.000e+00 | Val Loss: 8.374e-01 | Time: 5.99s
2025-08-21 03:31:45,342:INFO:Epoch: 1950/40000 | Train Loss: 7.358e-01 | Dynamic Loss: 7.358e-01 | Regularization Loss: 0.000e+00 | Val Loss: 8.393e-01 | Time: 6.36s
2025-08-21 03:31:51,496:INFO:Epoch: 2000/40000 | Train Loss: 6.728e-01 | Dynamic Loss: 6.728e-01 | Regularization Loss: 0.000e+00 | Val Loss: 7.129e-01 | Time: 6.04s
2025-08-21 03:31:51,496:INFO:New best model found at epoch 2000 with validation loss 7.129e-01. Saving...
2025-08-21 03:31:57,618:INFO:Epoch: 2050/40000 | Train Loss: 6.292e-01 | Dynamic Loss: 6.292e-01 | Regularization Loss: 0.000e+00 | Val Loss: 6.793e-01 | Time: 6.00s
2025-08-21 03:31:57,619:INFO:New best model found at epoch 2050 with validation loss 6.793e-01. Saving...
2025-08-21 03:32:03,719:INFO:Epoch: 2100/40000 | Train Loss: 7.356e-01 | Dynamic Loss: 7.356e-01 | Regularization Loss: 0.000e+00 | Val Loss: 7.828e-01 | Time: 5.98s
2025-08-21 03:32:17,905:INFO:Epoch: 2150/40000 | Train Loss: 6.423e-01 | Dynamic Loss: 6.423e-01 | Regularization Loss: 0.000e+00 | Val Loss: 6.910e-01 | Time: 14.09s
2025-08-21 03:32:24,025:INFO:Epoch: 2200/40000 | Train Loss: 6.204e-01 | Dynamic Loss: 6.204e-01 | Regularization Loss: 0.000e+00 | Val Loss: 6.651e-01 | Time: 6.02s
2025-08-21 03:32:24,025:INFO:New best model found at epoch 2200 with validation loss 6.651e-01. Saving...
2025-08-21 03:32:30,148:INFO:Epoch: 2250/40000 | Train Loss: 6.059e-01 | Dynamic Loss: 6.059e-01 | Regularization Loss: 0.000e+00 | Val Loss: 6.527e-01 | Time: 6.00s
2025-08-21 03:32:30,148:INFO:New best model found at epoch 2250 with validation loss 6.527e-01. Saving...
2025-08-21 03:32:36,450:INFO:Epoch: 2300/40000 | Train Loss: 5.861e-01 | Dynamic Loss: 5.861e-01 | Regularization Loss: 0.000e+00 | Val Loss: 6.303e-01 | Time: 6.05s
2025-08-21 03:32:36,450:INFO:New best model found at epoch 2300 with validation loss 6.303e-01. Saving...
2025-08-21 03:32:42,618:INFO:Epoch: 2350/40000 | Train Loss: 5.848e-01 | Dynamic Loss: 5.848e-01 | Regularization Loss: 0.000e+00 | Val Loss: 6.335e-01 | Time: 6.05s
2025-08-21 03:32:48,760:INFO:Epoch: 2400/40000 | Train Loss: 6.122e-01 | Dynamic Loss: 6.122e-01 | Regularization Loss: 0.000e+00 | Val Loss: 6.760e-01 | Time: 6.04s
2025-08-21 03:32:54,866:INFO:Epoch: 2450/40000 | Train Loss: 5.618e-01 | Dynamic Loss: 5.618e-01 | Regularization Loss: 0.000e+00 | Val Loss: 5.994e-01 | Time: 6.00s
2025-08-21 03:32:54,866:INFO:New best model found at epoch 2450 with validation loss 5.994e-01. Saving...
2025-08-21 03:33:01,235:INFO:Epoch: 2500/40000 | Train Loss: 7.072e-01 | Dynamic Loss: 7.072e-01 | Regularization Loss: 0.000e+00 | Val Loss: 8.484e-01 | Time: 6.24s
2025-08-21 03:33:07,371:INFO:Epoch: 2550/40000 | Train Loss: 9.703e-01 | Dynamic Loss: 9.703e-01 | Regularization Loss: 0.000e+00 | Val Loss: 8.282e-01 | Time: 6.03s
2025-08-21 03:33:13,512:INFO:Epoch: 2600/40000 | Train Loss: 7.145e-01 | Dynamic Loss: 7.145e-01 | Regularization Loss: 0.000e+00 | Val Loss: 7.016e-01 | Time: 6.04s
2025-08-21 03:33:19,620:INFO:Epoch: 2650/40000 | Train Loss: 1.092e+00 | Dynamic Loss: 1.092e+00 | Regularization Loss: 0.000e+00 | Val Loss: 1.110e+00 | Time: 6.01s
2025-08-21 03:33:32,818:INFO:Epoch: 2700/40000 | Train Loss: 6.811e-01 | Dynamic Loss: 6.811e-01 | Regularization Loss: 0.000e+00 | Val Loss: 7.271e-01 | Time: 13.10s
2025-08-21 03:33:39,047:INFO:Epoch: 2750/40000 | Train Loss: 5.739e-01 | Dynamic Loss: 5.739e-01 | Regularization Loss: 0.000e+00 | Val Loss: 6.232e-01 | Time: 6.13s
2025-08-21 03:33:45,231:INFO:Epoch: 2800/40000 | Train Loss: 6.104e-01 | Dynamic Loss: 6.104e-01 | Regularization Loss: 0.000e+00 | Val Loss: 6.128e-01 | Time: 6.08s
2025-08-21 03:33:51,306:INFO:Epoch: 2850/40000 | Train Loss: 5.274e-01 | Dynamic Loss: 5.274e-01 | Regularization Loss: 0.000e+00 | Val Loss: 5.705e-01 | Time: 5.97s
2025-08-21 03:33:51,306:INFO:New best model found at epoch 2850 with validation loss 5.705e-01. Saving...
2025-08-21 03:34:05,179:INFO:Epoch: 2900/40000 | Train Loss: 5.705e-01 | Dynamic Loss: 5.705e-01 | Regularization Loss: 0.000e+00 | Val Loss: 6.167e-01 | Time: 13.75s
2025-08-21 03:34:11,402:INFO:Epoch: 2950/40000 | Train Loss: 5.158e-01 | Dynamic Loss: 5.158e-01 | Regularization Loss: 0.000e+00 | Val Loss: 5.567e-01 | Time: 6.12s
2025-08-21 03:34:11,402:INFO:New best model found at epoch 2950 with validation loss 5.567e-01. Saving...
2025-08-21 03:34:17,514:INFO:Epoch: 3000/40000 | Train Loss: 4.910e-01 | Dynamic Loss: 4.910e-01 | Regularization Loss: 0.000e+00 | Val Loss: 5.385e-01 | Time: 5.99s
2025-08-21 03:34:17,514:INFO:New best model found at epoch 3000 with validation loss 5.385e-01. Saving...
2025-08-21 03:34:23,904:INFO:Epoch: 3050/40000 | Train Loss: 4.831e-01 | Dynamic Loss: 4.831e-01 | Regularization Loss: 0.000e+00 | Val Loss: 5.264e-01 | Time: 6.26s
2025-08-21 03:34:23,904:INFO:New best model found at epoch 3050 with validation loss 5.264e-01. Saving...
2025-08-21 03:34:30,155:INFO:Epoch: 3100/40000 | Train Loss: 4.715e-01 | Dynamic Loss: 4.715e-01 | Regularization Loss: 0.000e+00 | Val Loss: 5.165e-01 | Time: 6.12s
2025-08-21 03:34:30,155:INFO:New best model found at epoch 3100 with validation loss 5.165e-01. Saving...
2025-08-21 03:34:36,446:INFO:Epoch: 3150/40000 | Train Loss: 4.851e-01 | Dynamic Loss: 4.851e-01 | Regularization Loss: 0.000e+00 | Val Loss: 5.305e-01 | Time: 6.16s
2025-08-21 03:34:42,615:INFO:Epoch: 3200/40000 | Train Loss: 4.860e-01 | Dynamic Loss: 4.860e-01 | Regularization Loss: 0.000e+00 | Val Loss: 5.253e-01 | Time: 6.06s
2025-08-21 03:34:48,806:INFO:Epoch: 3250/40000 | Train Loss: 4.584e-01 | Dynamic Loss: 4.584e-01 | Regularization Loss: 0.000e+00 | Val Loss: 5.059e-01 | Time: 6.09s
2025-08-21 03:34:48,806:INFO:New best model found at epoch 3250 with validation loss 5.059e-01. Saving...
2025-08-21 03:34:54,970:INFO:Epoch: 3300/40000 | Train Loss: 4.862e-01 | Dynamic Loss: 4.862e-01 | Regularization Loss: 0.000e+00 | Val Loss: 5.303e-01 | Time: 6.04s
2025-08-21 03:35:01,161:INFO:Epoch: 3350/40000 | Train Loss: 5.856e-01 | Dynamic Loss: 5.856e-01 | Regularization Loss: 0.000e+00 | Val Loss: 6.802e-01 | Time: 6.08s
2025-08-21 03:35:07,415:INFO:Epoch: 3400/40000 | Train Loss: 4.834e-01 | Dynamic Loss: 4.834e-01 | Regularization Loss: 0.000e+00 | Val Loss: 5.078e-01 | Time: 6.15s
2025-08-21 03:35:13,727:INFO:Epoch: 3450/40000 | Train Loss: 4.416e-01 | Dynamic Loss: 4.416e-01 | Regularization Loss: 0.000e+00 | Val Loss: 5.186e-01 | Time: 6.20s
2025-08-21 03:35:19,919:INFO:Epoch: 3500/40000 | Train Loss: 4.185e-01 | Dynamic Loss: 4.185e-01 | Regularization Loss: 0.000e+00 | Val Loss: 4.675e-01 | Time: 6.08s
2025-08-21 03:35:19,919:INFO:New best model found at epoch 3500 with validation loss 4.675e-01. Saving...
2025-08-21 03:35:26,168:INFO:Epoch: 3550/40000 | Train Loss: 4.626e-01 | Dynamic Loss: 4.626e-01 | Regularization Loss: 0.000e+00 | Val Loss: 4.871e-01 | Time: 6.12s
2025-08-21 03:35:32,328:INFO:Epoch: 3600/40000 | Train Loss: 4.248e-01 | Dynamic Loss: 4.248e-01 | Regularization Loss: 0.000e+00 | Val Loss: 4.775e-01 | Time: 6.05s
2025-08-21 03:35:46,069:INFO:Epoch: 3650/40000 | Train Loss: 5.398e-01 | Dynamic Loss: 5.398e-01 | Regularization Loss: 0.000e+00 | Val Loss: 6.537e-01 | Time: 13.63s
2025-08-21 03:35:52,283:INFO:Epoch: 3700/40000 | Train Loss: 4.017e-01 | Dynamic Loss: 4.017e-01 | Regularization Loss: 0.000e+00 | Val Loss: 4.464e-01 | Time: 6.11s
2025-08-21 03:35:52,283:INFO:New best model found at epoch 3700 with validation loss 4.464e-01. Saving...
2025-08-21 03:35:58,496:INFO:Epoch: 3750/40000 | Train Loss: 3.912e-01 | Dynamic Loss: 3.912e-01 | Regularization Loss: 0.000e+00 | Val Loss: 4.348e-01 | Time: 6.08s
2025-08-21 03:35:58,496:INFO:New best model found at epoch 3750 with validation loss 4.348e-01. Saving...
2025-08-21 03:36:04,739:INFO:Epoch: 3800/40000 | Train Loss: 4.390e-01 | Dynamic Loss: 4.390e-01 | Regularization Loss: 0.000e+00 | Val Loss: 4.545e-01 | Time: 6.11s
2025-08-21 03:36:10,926:INFO:Epoch: 3850/40000 | Train Loss: 3.941e-01 | Dynamic Loss: 3.941e-01 | Regularization Loss: 0.000e+00 | Val Loss: 4.340e-01 | Time: 6.07s
2025-08-21 03:36:10,926:INFO:New best model found at epoch 3850 with validation loss 4.340e-01. Saving...
2025-08-21 03:36:17,268:INFO:Epoch: 3900/40000 | Train Loss: 3.940e-01 | Dynamic Loss: 3.940e-01 | Regularization Loss: 0.000e+00 | Val Loss: 4.304e-01 | Time: 6.19s
2025-08-21 03:36:17,268:INFO:New best model found at epoch 3900 with validation loss 4.304e-01. Saving...
2025-08-21 03:36:23,506:INFO:Epoch: 3950/40000 | Train Loss: 3.996e-01 | Dynamic Loss: 3.996e-01 | Regularization Loss: 0.000e+00 | Val Loss: 4.257e-01 | Time: 6.11s
2025-08-21 03:36:23,506:INFO:New best model found at epoch 3950 with validation loss 4.257e-01. Saving...
2025-08-21 03:36:37,664:INFO:Epoch: 4000/40000 | Train Loss: 3.640e-01 | Dynamic Loss: 3.640e-01 | Regularization Loss: 0.000e+00 | Val Loss: 4.088e-01 | Time: 14.03s
2025-08-21 03:36:37,664:INFO:New best model found at epoch 4000 with validation loss 4.088e-01. Saving...
2025-08-21 03:36:43,970:INFO:Epoch: 4050/40000 | Train Loss: 4.656e-01 | Dynamic Loss: 4.656e-01 | Regularization Loss: 0.000e+00 | Val Loss: 5.036e-01 | Time: 6.17s
2025-08-21 03:36:50,198:INFO:Epoch: 4100/40000 | Train Loss: 3.819e-01 | Dynamic Loss: 3.819e-01 | Regularization Loss: 0.000e+00 | Val Loss: 4.312e-01 | Time: 6.13s
2025-08-21 03:36:56,426:INFO:Epoch: 4150/40000 | Train Loss: 3.677e-01 | Dynamic Loss: 3.677e-01 | Regularization Loss: 0.000e+00 | Val Loss: 4.018e-01 | Time: 6.01s
2025-08-21 03:36:56,426:INFO:New best model found at epoch 4150 with validation loss 4.018e-01. Saving...
2025-08-21 03:37:02,600:INFO:Epoch: 4200/40000 | Train Loss: 3.613e-01 | Dynamic Loss: 3.613e-01 | Regularization Loss: 0.000e+00 | Val Loss: 4.330e-01 | Time: 6.05s
2025-08-21 03:37:08,755:INFO:Epoch: 4250/40000 | Train Loss: 3.958e-01 | Dynamic Loss: 3.958e-01 | Regularization Loss: 0.000e+00 | Val Loss: 4.585e-01 | Time: 6.05s
2025-08-21 03:37:14,915:INFO:Epoch: 4300/40000 | Train Loss: 3.397e-01 | Dynamic Loss: 3.397e-01 | Regularization Loss: 0.000e+00 | Val Loss: 3.845e-01 | Time: 6.06s
2025-08-21 03:37:14,915:INFO:New best model found at epoch 4300 with validation loss 3.845e-01. Saving...
2025-08-21 03:37:21,188:INFO:Epoch: 4350/40000 | Train Loss: 3.445e-01 | Dynamic Loss: 3.445e-01 | Regularization Loss: 0.000e+00 | Val Loss: 3.873e-01 | Time: 6.15s
2025-08-21 03:37:27,384:INFO:Epoch: 4400/40000 | Train Loss: 3.694e-01 | Dynamic Loss: 3.694e-01 | Regularization Loss: 0.000e+00 | Val Loss: 4.116e-01 | Time: 6.10s
2025-08-21 03:37:33,552:INFO:Epoch: 4450/40000 | Train Loss: 3.753e-01 | Dynamic Loss: 3.753e-01 | Regularization Loss: 0.000e+00 | Val Loss: 4.416e-01 | Time: 6.07s
2025-08-21 03:37:39,799:INFO:Epoch: 4500/40000 | Train Loss: 3.495e-01 | Dynamic Loss: 3.495e-01 | Regularization Loss: 0.000e+00 | Val Loss: 4.182e-01 | Time: 6.15s
2025-08-21 03:37:46,069:INFO:Epoch: 4550/40000 | Train Loss: 3.961e-01 | Dynamic Loss: 3.961e-01 | Regularization Loss: 0.000e+00 | Val Loss: 4.246e-01 | Time: 6.04s
2025-08-21 03:37:52,263:INFO:Epoch: 4600/40000 | Train Loss: 3.751e-01 | Dynamic Loss: 3.751e-01 | Regularization Loss: 0.000e+00 | Val Loss: 4.080e-01 | Time: 6.09s
2025-08-21 03:37:58,450:INFO:Epoch: 4650/40000 | Train Loss: 3.217e-01 | Dynamic Loss: 3.217e-01 | Regularization Loss: 0.000e+00 | Val Loss: 3.613e-01 | Time: 6.09s
2025-08-21 03:37:58,450:INFO:New best model found at epoch 4650 with validation loss 3.613e-01. Saving...
2025-08-21 03:38:04,680:INFO:Epoch: 4700/40000 | Train Loss: 9.521e-01 | Dynamic Loss: 9.521e-01 | Regularization Loss: 0.000e+00 | Val Loss: 1.073e+00 | Time: 6.11s
2025-08-21 03:38:10,988:INFO:Epoch: 4750/40000 | Train Loss: 4.259e-01 | Dynamic Loss: 4.259e-01 | Regularization Loss: 0.000e+00 | Val Loss: 4.442e-01 | Time: 6.21s
2025-08-21 03:38:17,261:INFO:Epoch: 4800/40000 | Train Loss: 4.916e-01 | Dynamic Loss: 4.916e-01 | Regularization Loss: 0.000e+00 | Val Loss: 4.247e-01 | Time: 6.17s
2025-08-21 03:38:23,411:INFO:Epoch: 4850/40000 | Train Loss: 4.082e-01 | Dynamic Loss: 4.082e-01 | Regularization Loss: 0.000e+00 | Val Loss: 4.278e-01 | Time: 6.05s
2025-08-21 03:38:29,548:INFO:Epoch: 4900/40000 | Train Loss: 3.268e-01 | Dynamic Loss: 3.268e-01 | Regularization Loss: 0.000e+00 | Val Loss: 3.588e-01 | Time: 6.03s
2025-08-21 03:38:29,548:INFO:New best model found at epoch 4900 with validation loss 3.588e-01. Saving...
2025-08-21 03:38:35,815:INFO:Epoch: 4950/40000 | Train Loss: 2.961e-01 | Dynamic Loss: 2.961e-01 | Regularization Loss: 0.000e+00 | Val Loss: 3.329e-01 | Time: 6.14s
2025-08-21 03:38:35,816:INFO:New best model found at epoch 4950 with validation loss 3.329e-01. Saving...
2025-08-21 03:38:42,041:INFO:Epoch: 5000/40000 | Train Loss: 4.488e-01 | Dynamic Loss: 4.488e-01 | Regularization Loss: 0.000e+00 | Val Loss: 6.097e-01 | Time: 6.10s
2025-08-21 03:38:48,222:INFO:Epoch: 5050/40000 | Train Loss: 2.967e-01 | Dynamic Loss: 2.967e-01 | Regularization Loss: 0.000e+00 | Val Loss: 3.338e-01 | Time: 6.08s
2025-08-21 03:38:54,404:INFO:Epoch: 5100/40000 | Train Loss: 2.861e-01 | Dynamic Loss: 2.861e-01 | Regularization Loss: 0.000e+00 | Val Loss: 3.224e-01 | Time: 6.08s
2025-08-21 03:38:54,404:INFO:New best model found at epoch 5100 with validation loss 3.224e-01. Saving...
2025-08-21 03:39:00,712:INFO:Epoch: 5150/40000 | Train Loss: 3.086e-01 | Dynamic Loss: 3.086e-01 | Regularization Loss: 0.000e+00 | Val Loss: 3.960e-01 | Time: 6.18s
2025-08-21 03:39:06,866:INFO:Epoch: 5200/40000 | Train Loss: 2.860e-01 | Dynamic Loss: 2.860e-01 | Regularization Loss: 0.000e+00 | Val Loss: 3.216e-01 | Time: 6.05s
2025-08-21 03:39:06,866:INFO:New best model found at epoch 5200 with validation loss 3.216e-01. Saving...
2025-08-21 03:39:13,101:INFO:Epoch: 5250/40000 | Train Loss: 2.880e-01 | Dynamic Loss: 2.880e-01 | Regularization Loss: 0.000e+00 | Val Loss: 3.237e-01 | Time: 6.11s
2025-08-21 03:39:19,320:INFO:Epoch: 5300/40000 | Train Loss: 3.349e-01 | Dynamic Loss: 3.349e-01 | Regularization Loss: 0.000e+00 | Val Loss: 3.666e-01 | Time: 6.12s
2025-08-21 03:39:33,798:INFO:Epoch: 5350/40000 | Train Loss: 3.590e-01 | Dynamic Loss: 3.590e-01 | Regularization Loss: 0.000e+00 | Val Loss: 3.522e-01 | Time: 14.38s
2025-08-21 03:39:40,179:INFO:Epoch: 5400/40000 | Train Loss: 2.695e-01 | Dynamic Loss: 2.695e-01 | Regularization Loss: 0.000e+00 | Val Loss: 3.036e-01 | Time: 6.28s
2025-08-21 03:39:40,180:INFO:New best model found at epoch 5400 with validation loss 3.036e-01. Saving...
2025-08-21 03:39:46,514:INFO:Epoch: 5450/40000 | Train Loss: 3.034e-01 | Dynamic Loss: 3.034e-01 | Regularization Loss: 0.000e+00 | Val Loss: 3.631e-01 | Time: 6.21s
2025-08-21 03:39:52,710:INFO:Epoch: 5500/40000 | Train Loss: 2.697e-01 | Dynamic Loss: 2.697e-01 | Regularization Loss: 0.000e+00 | Val Loss: 3.037e-01 | Time: 6.09s
2025-08-21 03:40:04,314:INFO:Epoch: 5550/40000 | Train Loss: 1.683e+00 | Dynamic Loss: 1.683e+00 | Regularization Loss: 0.000e+00 | Val Loss: 1.696e+00 | Time: 11.50s
2025-08-21 03:40:10,443:INFO:Epoch: 5600/40000 | Train Loss: 1.334e+00 | Dynamic Loss: 1.334e+00 | Regularization Loss: 0.000e+00 | Val Loss: 1.373e+00 | Time: 6.03s
2025-08-21 03:40:16,577:INFO:Epoch: 5650/40000 | Train Loss: 1.082e+00 | Dynamic Loss: 1.082e+00 | Regularization Loss: 0.000e+00 | Val Loss: 1.134e+00 | Time: 6.03s
2025-08-21 03:40:22,675:INFO:Epoch: 5700/40000 | Train Loss: 9.327e-01 | Dynamic Loss: 9.327e-01 | Regularization Loss: 0.000e+00 | Val Loss: 1.010e+00 | Time: 5.99s
2025-08-21 03:40:36,295:INFO:Epoch: 5750/40000 | Train Loss: 8.399e-01 | Dynamic Loss: 8.399e-01 | Regularization Loss: 0.000e+00 | Val Loss: 9.336e-01 | Time: 13.52s
2025-08-21 03:40:42,573:INFO:Epoch: 5800/40000 | Train Loss: 7.623e-01 | Dynamic Loss: 7.623e-01 | Regularization Loss: 0.000e+00 | Val Loss: 8.651e-01 | Time: 6.17s
2025-08-21 03:40:48,797:INFO:Epoch: 5850/40000 | Train Loss: 7.555e-01 | Dynamic Loss: 7.555e-01 | Regularization Loss: 0.000e+00 | Val Loss: 9.142e-01 | Time: 6.12s
2025-08-21 03:40:55,050:INFO:Epoch: 5900/40000 | Train Loss: 8.634e-01 | Dynamic Loss: 8.634e-01 | Regularization Loss: 0.000e+00 | Val Loss: 1.030e+00 | Time: 6.15s
2025-08-21 03:41:09,619:INFO:Epoch: 5950/40000 | Train Loss: 1.129e+00 | Dynamic Loss: 1.129e+00 | Regularization Loss: 0.000e+00 | Val Loss: 7.492e-01 | Time: 14.46s
2025-08-21 03:41:15,946:INFO:Epoch: 6000/40000 | Train Loss: 6.144e-01 | Dynamic Loss: 6.144e-01 | Regularization Loss: 0.000e+00 | Val Loss: 7.104e-01 | Time: 6.22s
2025-08-21 03:41:22,100:INFO:Epoch: 6050/40000 | Train Loss: 5.948e-01 | Dynamic Loss: 5.948e-01 | Regularization Loss: 0.000e+00 | Val Loss: 7.011e-01 | Time: 6.05s
2025-08-21 03:41:28,321:INFO:Epoch: 6100/40000 | Train Loss: 6.143e-01 | Dynamic Loss: 6.143e-01 | Regularization Loss: 0.000e+00 | Val Loss: 6.706e-01 | Time: 6.12s
2025-08-21 03:41:42,054:INFO:Epoch: 6150/40000 | Train Loss: 5.404e-01 | Dynamic Loss: 5.404e-01 | Regularization Loss: 0.000e+00 | Val Loss: 6.276e-01 | Time: 13.63s
2025-08-21 03:41:48,327:INFO:Epoch: 6200/40000 | Train Loss: 5.162e-01 | Dynamic Loss: 5.162e-01 | Regularization Loss: 0.000e+00 | Val Loss: 6.054e-01 | Time: 6.17s
2025-08-21 03:41:54,515:INFO:Epoch: 6250/40000 | Train Loss: 4.994e-01 | Dynamic Loss: 4.994e-01 | Regularization Loss: 0.000e+00 | Val Loss: 5.863e-01 | Time: 6.08s
2025-08-21 03:42:00,710:INFO:Epoch: 6300/40000 | Train Loss: 4.870e-01 | Dynamic Loss: 4.870e-01 | Regularization Loss: 0.000e+00 | Val Loss: 5.719e-01 | Time: 6.09s
2025-08-21 03:42:14,632:INFO:Epoch: 6350/40000 | Train Loss: 4.800e-01 | Dynamic Loss: 4.800e-01 | Regularization Loss: 0.000e+00 | Val Loss: 5.593e-01 | Time: 13.82s
2025-08-21 03:42:20,804:INFO:Epoch: 6400/40000 | Train Loss: 4.689e-01 | Dynamic Loss: 4.689e-01 | Regularization Loss: 0.000e+00 | Val Loss: 5.437e-01 | Time: 6.06s
2025-08-21 03:42:27,025:INFO:Epoch: 6450/40000 | Train Loss: 4.556e-01 | Dynamic Loss: 4.556e-01 | Regularization Loss: 0.000e+00 | Val Loss: 5.369e-01 | Time: 6.12s
2025-08-21 03:42:33,350:INFO:Epoch: 6500/40000 | Train Loss: 4.373e-01 | Dynamic Loss: 4.373e-01 | Regularization Loss: 0.000e+00 | Val Loss: 5.228e-01 | Time: 6.09s
2025-08-21 03:42:39,579:INFO:Epoch: 6550/40000 | Train Loss: 4.575e-01 | Dynamic Loss: 4.575e-01 | Regularization Loss: 0.000e+00 | Val Loss: 5.716e-01 | Time: 6.12s
2025-08-21 03:42:45,882:INFO:Epoch: 6600/40000 | Train Loss: 4.109e-01 | Dynamic Loss: 4.109e-01 | Regularization Loss: 0.000e+00 | Val Loss: 4.937e-01 | Time: 6.20s
2025-08-21 03:42:52,019:INFO:Epoch: 6650/40000 | Train Loss: 4.019e-01 | Dynamic Loss: 4.019e-01 | Regularization Loss: 0.000e+00 | Val Loss: 4.842e-01 | Time: 6.03s
2025-08-21 03:42:58,152:INFO:Epoch: 6700/40000 | Train Loss: 4.009e-01 | Dynamic Loss: 4.009e-01 | Regularization Loss: 0.000e+00 | Val Loss: 4.775e-01 | Time: 6.02s
2025-08-21 03:43:11,294:INFO:Epoch: 6750/40000 | Train Loss: 4.016e-01 | Dynamic Loss: 4.016e-01 | Regularization Loss: 0.000e+00 | Val Loss: 4.852e-01 | Time: 13.03s
2025-08-21 03:43:17,520:INFO:Epoch: 6800/40000 | Train Loss: 5.345e-01 | Dynamic Loss: 5.345e-01 | Regularization Loss: 0.000e+00 | Val Loss: 8.241e-01 | Time: 6.12s
2025-08-21 03:43:23,788:INFO:Epoch: 6850/40000 | Train Loss: 3.712e-01 | Dynamic Loss: 3.712e-01 | Regularization Loss: 0.000e+00 | Val Loss: 4.493e-01 | Time: 6.16s
2025-08-21 03:43:30,100:INFO:Epoch: 6900/40000 | Train Loss: 3.779e-01 | Dynamic Loss: 3.779e-01 | Regularization Loss: 0.000e+00 | Val Loss: 4.682e-01 | Time: 6.20s
2025-08-21 03:43:36,400:INFO:Epoch: 6950/40000 | Train Loss: 3.806e-01 | Dynamic Loss: 3.806e-01 | Regularization Loss: 0.000e+00 | Val Loss: 4.533e-01 | Time: 6.19s
2025-08-21 03:43:42,587:INFO:Epoch: 7000/40000 | Train Loss: 3.596e-01 | Dynamic Loss: 3.596e-01 | Regularization Loss: 0.000e+00 | Val Loss: 4.343e-01 | Time: 6.08s
2025-08-21 03:43:48,757:INFO:Epoch: 7050/40000 | Train Loss: 3.487e-01 | Dynamic Loss: 3.487e-01 | Regularization Loss: 0.000e+00 | Val Loss: 4.249e-01 | Time: 6.06s
2025-08-21 03:44:02,891:INFO:Epoch: 7100/40000 | Train Loss: 3.704e-01 | Dynamic Loss: 3.704e-01 | Regularization Loss: 0.000e+00 | Val Loss: 4.824e-01 | Time: 14.03s
2025-08-21 03:44:09,139:INFO:Epoch: 7150/40000 | Train Loss: 3.517e-01 | Dynamic Loss: 3.517e-01 | Regularization Loss: 0.000e+00 | Val Loss: 4.278e-01 | Time: 6.14s
2025-08-21 03:44:15,410:INFO:Epoch: 7200/40000 | Train Loss: 3.493e-01 | Dynamic Loss: 3.493e-01 | Regularization Loss: 0.000e+00 | Val Loss: 4.166e-01 | Time: 6.16s
2025-08-21 03:44:21,892:INFO:Epoch: 7250/40000 | Train Loss: 3.482e-01 | Dynamic Loss: 3.482e-01 | Regularization Loss: 0.000e+00 | Val Loss: 4.276e-01 | Time: 6.38s
2025-08-21 03:44:28,096:INFO:Epoch: 7300/40000 | Train Loss: 4.098e-01 | Dynamic Loss: 4.098e-01 | Regularization Loss: 0.000e+00 | Val Loss: 4.599e-01 | Time: 6.10s
2025-08-21 03:44:34,338:INFO:Epoch: 7350/40000 | Train Loss: 3.495e-01 | Dynamic Loss: 3.495e-01 | Regularization Loss: 0.000e+00 | Val Loss: 4.348e-01 | Time: 6.13s
2025-08-21 03:44:40,549:INFO:Epoch: 7400/40000 | Train Loss: 3.920e-01 | Dynamic Loss: 3.920e-01 | Regularization Loss: 0.000e+00 | Val Loss: 4.617e-01 | Time: 6.10s
2025-08-21 03:44:46,946:INFO:Epoch: 7450/40000 | Train Loss: 3.321e-01 | Dynamic Loss: 3.321e-01 | Regularization Loss: 0.000e+00 | Val Loss: 3.937e-01 | Time: 6.29s
2025-08-21 03:44:53,257:INFO:Epoch: 7500/40000 | Train Loss: 3.464e-01 | Dynamic Loss: 3.464e-01 | Regularization Loss: 0.000e+00 | Val Loss: 4.198e-01 | Time: 6.20s
2025-08-21 03:44:59,495:INFO:Epoch: 7550/40000 | Train Loss: 3.592e-01 | Dynamic Loss: 3.592e-01 | Regularization Loss: 0.000e+00 | Val Loss: 3.957e-01 | Time: 6.13s
2025-08-21 03:45:05,636:INFO:Epoch: 7600/40000 | Train Loss: 3.143e-01 | Dynamic Loss: 3.143e-01 | Regularization Loss: 0.000e+00 | Val Loss: 3.861e-01 | Time: 6.03s
2025-08-21 03:45:19,323:INFO:Epoch: 7650/40000 | Train Loss: 3.046e-01 | Dynamic Loss: 3.046e-01 | Regularization Loss: 0.000e+00 | Val Loss: 3.726e-01 | Time: 13.58s
2025-08-21 03:45:25,636:INFO:Epoch: 7700/40000 | Train Loss: 3.190e-01 | Dynamic Loss: 3.190e-01 | Regularization Loss: 0.000e+00 | Val Loss: 3.904e-01 | Time: 6.20s
2025-08-21 03:45:31,946:INFO:Epoch: 7750/40000 | Train Loss: 3.027e-01 | Dynamic Loss: 3.027e-01 | Regularization Loss: 0.000e+00 | Val Loss: 3.670e-01 | Time: 6.20s
2025-08-21 03:45:38,107:INFO:Epoch: 7800/40000 | Train Loss: 3.106e-01 | Dynamic Loss: 3.106e-01 | Regularization Loss: 0.000e+00 | Val Loss: 3.678e-01 | Time: 6.05s
2025-08-21 03:45:52,032:INFO:Epoch: 7850/40000 | Train Loss: 3.126e-01 | Dynamic Loss: 3.126e-01 | Regularization Loss: 0.000e+00 | Val Loss: 3.855e-01 | Time: 13.81s
2025-08-21 03:45:58,329:INFO:Epoch: 7900/40000 | Train Loss: 2.953e-01 | Dynamic Loss: 2.953e-01 | Regularization Loss: 0.000e+00 | Val Loss: 3.592e-01 | Time: 6.19s
2025-08-21 03:46:04,665:INFO:Epoch: 7950/40000 | Train Loss: 3.024e-01 | Dynamic Loss: 3.024e-01 | Regularization Loss: 0.000e+00 | Val Loss: 3.610e-01 | Time: 6.22s
2025-08-21 03:46:11,103:INFO:Epoch: 8000/40000 | Train Loss: 2.995e-01 | Dynamic Loss: 2.995e-01 | Regularization Loss: 0.000e+00 | Val Loss: 3.799e-01 | Time: 6.32s
2025-08-21 03:46:17,380:INFO:Epoch: 8050/40000 | Train Loss: 3.041e-01 | Dynamic Loss: 3.041e-01 | Regularization Loss: 0.000e+00 | Val Loss: 3.663e-01 | Time: 6.17s
2025-08-21 03:46:23,607:INFO:Epoch: 8100/40000 | Train Loss: 2.875e-01 | Dynamic Loss: 2.875e-01 | Regularization Loss: 0.000e+00 | Val Loss: 3.460e-01 | Time: 6.12s
2025-08-21 03:46:29,875:INFO:Epoch: 8150/40000 | Train Loss: 3.283e-01 | Dynamic Loss: 3.283e-01 | Regularization Loss: 0.000e+00 | Val Loss: 3.658e-01 | Time: 6.16s
2025-08-21 03:46:36,197:INFO:Epoch: 8200/40000 | Train Loss: 2.793e-01 | Dynamic Loss: 2.793e-01 | Regularization Loss: 0.000e+00 | Val Loss: 3.439e-01 | Time: 6.22s
2025-08-21 03:46:42,557:INFO:Epoch: 8250/40000 | Train Loss: 2.763e-01 | Dynamic Loss: 2.763e-01 | Regularization Loss: 0.000e+00 | Val Loss: 3.402e-01 | Time: 6.25s
2025-08-21 03:46:48,788:INFO:Epoch: 8300/40000 | Train Loss: 2.714e-01 | Dynamic Loss: 2.714e-01 | Regularization Loss: 0.000e+00 | Val Loss: 3.324e-01 | Time: 6.13s
2025-08-21 03:46:55,000:INFO:Epoch: 8350/40000 | Train Loss: 2.639e-01 | Dynamic Loss: 2.639e-01 | Regularization Loss: 0.000e+00 | Val Loss: 3.267e-01 | Time: 6.11s
2025-08-21 03:47:01,435:INFO:Epoch: 8400/40000 | Train Loss: 2.781e-01 | Dynamic Loss: 2.781e-01 | Regularization Loss: 0.000e+00 | Val Loss: 3.388e-01 | Time: 6.33s
2025-08-21 03:47:07,756:INFO:Epoch: 8450/40000 | Train Loss: 2.648e-01 | Dynamic Loss: 2.648e-01 | Regularization Loss: 0.000e+00 | Val Loss: 3.212e-01 | Time: 6.22s
2025-08-21 03:47:13,961:INFO:Epoch: 8500/40000 | Train Loss: 2.809e-01 | Dynamic Loss: 2.809e-01 | Regularization Loss: 0.000e+00 | Val Loss: 3.447e-01 | Time: 6.10s
2025-08-21 03:47:20,206:INFO:Epoch: 8550/40000 | Train Loss: 2.690e-01 | Dynamic Loss: 2.690e-01 | Regularization Loss: 0.000e+00 | Val Loss: 3.351e-01 | Time: 6.14s
2025-08-21 03:47:26,528:INFO:Epoch: 8600/40000 | Train Loss: 2.575e-01 | Dynamic Loss: 2.575e-01 | Regularization Loss: 0.000e+00 | Val Loss: 3.138e-01 | Time: 6.22s
2025-08-21 03:47:32,760:INFO:Epoch: 8650/40000 | Train Loss: 3.163e-01 | Dynamic Loss: 3.163e-01 | Regularization Loss: 0.000e+00 | Val Loss: 3.692e-01 | Time: 6.13s
2025-08-21 03:47:39,066:INFO:Epoch: 8700/40000 | Train Loss: 2.459e-01 | Dynamic Loss: 2.459e-01 | Regularization Loss: 0.000e+00 | Val Loss: 3.014e-01 | Time: 6.21s
2025-08-21 03:47:39,067:INFO:New best model found at epoch 8700 with validation loss 3.014e-01. Saving...
2025-08-21 03:47:45,368:INFO:Epoch: 8750/40000 | Train Loss: 2.536e-01 | Dynamic Loss: 2.536e-01 | Regularization Loss: 0.000e+00 | Val Loss: 3.126e-01 | Time: 6.18s
2025-08-21 03:47:51,706:INFO:Epoch: 8800/40000 | Train Loss: 2.403e-01 | Dynamic Loss: 2.403e-01 | Regularization Loss: 0.000e+00 | Val Loss: 2.944e-01 | Time: 6.24s
2025-08-21 03:47:51,706:INFO:New best model found at epoch 8800 with validation loss 2.944e-01. Saving...
2025-08-21 03:47:58,043:INFO:Epoch: 8850/40000 | Train Loss: 2.858e-01 | Dynamic Loss: 2.858e-01 | Regularization Loss: 0.000e+00 | Val Loss: 3.462e-01 | Time: 6.21s
2025-08-21 03:48:04,209:INFO:Epoch: 8900/40000 | Train Loss: 2.424e-01 | Dynamic Loss: 2.424e-01 | Regularization Loss: 0.000e+00 | Val Loss: 2.939e-01 | Time: 6.07s
2025-08-21 03:48:04,209:INFO:New best model found at epoch 8900 with validation loss 2.939e-01. Saving...
2025-08-21 03:48:10,367:INFO:Epoch: 8950/40000 | Train Loss: 2.346e-01 | Dynamic Loss: 2.346e-01 | Regularization Loss: 0.000e+00 | Val Loss: 2.899e-01 | Time: 6.04s
2025-08-21 03:48:10,367:INFO:New best model found at epoch 8950 with validation loss 2.899e-01. Saving...
2025-08-21 03:48:24,253:INFO:Epoch: 9000/40000 | Train Loss: 2.315e-01 | Dynamic Loss: 2.315e-01 | Regularization Loss: 0.000e+00 | Val Loss: 2.828e-01 | Time: 13.77s
2025-08-21 03:48:24,253:INFO:New best model found at epoch 9000 with validation loss 2.828e-01. Saving...
2025-08-21 03:48:30,545:INFO:Epoch: 9050/40000 | Train Loss: 2.331e-01 | Dynamic Loss: 2.331e-01 | Regularization Loss: 0.000e+00 | Val Loss: 2.792e-01 | Time: 6.17s
2025-08-21 03:48:30,545:INFO:New best model found at epoch 9050 with validation loss 2.792e-01. Saving...
2025-08-21 03:48:36,908:INFO:Epoch: 9100/40000 | Train Loss: 2.239e-01 | Dynamic Loss: 2.239e-01 | Regularization Loss: 0.000e+00 | Val Loss: 2.721e-01 | Time: 6.24s
2025-08-21 03:48:36,908:INFO:New best model found at epoch 9100 with validation loss 2.721e-01. Saving...
2025-08-21 03:48:43,139:INFO:Epoch: 9150/40000 | Train Loss: 2.243e-01 | Dynamic Loss: 2.243e-01 | Regularization Loss: 0.000e+00 | Val Loss: 2.706e-01 | Time: 6.11s
2025-08-21 03:48:43,139:INFO:New best model found at epoch 9150 with validation loss 2.706e-01. Saving...
2025-08-21 03:48:56,749:INFO:Epoch: 9200/40000 | Train Loss: 2.296e-01 | Dynamic Loss: 2.296e-01 | Regularization Loss: 0.000e+00 | Val Loss: 2.781e-01 | Time: 13.49s
2025-08-21 03:49:02,954:INFO:Epoch: 9250/40000 | Train Loss: 2.196e-01 | Dynamic Loss: 2.196e-01 | Regularization Loss: 0.000e+00 | Val Loss: 2.652e-01 | Time: 6.10s
2025-08-21 03:49:02,954:INFO:New best model found at epoch 9250 with validation loss 2.652e-01. Saving...
2025-08-21 03:49:09,191:INFO:Epoch: 9300/40000 | Train Loss: 2.219e-01 | Dynamic Loss: 2.219e-01 | Regularization Loss: 0.000e+00 | Val Loss: 2.640e-01 | Time: 6.12s
2025-08-21 03:49:09,191:INFO:New best model found at epoch 9300 with validation loss 2.640e-01. Saving...
2025-08-21 03:49:15,410:INFO:Epoch: 9350/40000 | Train Loss: 2.101e-01 | Dynamic Loss: 2.101e-01 | Regularization Loss: 0.000e+00 | Val Loss: 2.563e-01 | Time: 6.10s
2025-08-21 03:49:15,410:INFO:New best model found at epoch 9350 with validation loss 2.563e-01. Saving...
2025-08-21 03:49:21,913:INFO:Epoch: 9400/40000 | Train Loss: 2.114e-01 | Dynamic Loss: 2.114e-01 | Regularization Loss: 0.000e+00 | Val Loss: 2.551e-01 | Time: 6.38s
2025-08-21 03:49:21,913:INFO:New best model found at epoch 9400 with validation loss 2.551e-01. Saving...
2025-08-21 03:49:28,261:INFO:Epoch: 9450/40000 | Train Loss: 2.205e-01 | Dynamic Loss: 2.205e-01 | Regularization Loss: 0.000e+00 | Val Loss: 2.702e-01 | Time: 6.23s
2025-08-21 03:49:34,470:INFO:Epoch: 9500/40000 | Train Loss: 2.192e-01 | Dynamic Loss: 2.192e-01 | Regularization Loss: 0.000e+00 | Val Loss: 2.731e-01 | Time: 6.11s
2025-08-21 03:49:40,653:INFO:Epoch: 9550/40000 | Train Loss: 2.278e-01 | Dynamic Loss: 2.278e-01 | Regularization Loss: 0.000e+00 | Val Loss: 2.530e-01 | Time: 6.08s
2025-08-21 03:49:40,653:INFO:New best model found at epoch 9550 with validation loss 2.530e-01. Saving...
2025-08-21 03:49:54,500:INFO:Epoch: 9600/40000 | Train Loss: 2.118e-01 | Dynamic Loss: 2.118e-01 | Regularization Loss: 0.000e+00 | Val Loss: 2.467e-01 | Time: 13.72s
2025-08-21 03:49:54,500:INFO:New best model found at epoch 9600 with validation loss 2.467e-01. Saving...
2025-08-21 03:50:00,694:INFO:Epoch: 9650/40000 | Train Loss: 2.004e-01 | Dynamic Loss: 2.004e-01 | Regularization Loss: 0.000e+00 | Val Loss: 2.409e-01 | Time: 6.07s
2025-08-21 03:50:00,695:INFO:New best model found at epoch 9650 with validation loss 2.409e-01. Saving...
2025-08-21 03:50:06,842:INFO:Epoch: 9700/40000 | Train Loss: 2.004e-01 | Dynamic Loss: 2.004e-01 | Regularization Loss: 0.000e+00 | Val Loss: 2.459e-01 | Time: 6.03s
2025-08-21 03:50:13,186:INFO:Epoch: 9750/40000 | Train Loss: 1.955e-01 | Dynamic Loss: 1.955e-01 | Regularization Loss: 0.000e+00 | Val Loss: 2.417e-01 | Time: 6.24s
2025-08-21 03:50:19,348:INFO:Epoch: 9800/40000 | Train Loss: 1.905e-01 | Dynamic Loss: 1.905e-01 | Regularization Loss: 0.000e+00 | Val Loss: 2.307e-01 | Time: 6.06s
2025-08-21 03:50:19,348:INFO:New best model found at epoch 9800 with validation loss 2.307e-01. Saving...
2025-08-21 03:50:25,519:INFO:Epoch: 9850/40000 | Train Loss: 2.059e-01 | Dynamic Loss: 2.059e-01 | Regularization Loss: 0.000e+00 | Val Loss: 2.348e-01 | Time: 6.05s
2025-08-21 03:50:31,642:INFO:Epoch: 9900/40000 | Train Loss: 1.924e-01 | Dynamic Loss: 1.924e-01 | Regularization Loss: 0.000e+00 | Val Loss: 2.324e-01 | Time: 6.02s
2025-08-21 03:50:45,181:INFO:Epoch: 9950/40000 | Train Loss: 1.869e-01 | Dynamic Loss: 1.869e-01 | Regularization Loss: 0.000e+00 | Val Loss: 2.271e-01 | Time: 13.43s
2025-08-21 03:50:45,181:INFO:New best model found at epoch 9950 with validation loss 2.271e-01. Saving...
2025-08-21 03:50:50,885:INFO:Adding projection layer
2025-08-21 03:50:51,904:INFO:Epoch: 10000/40000 | Train Loss: 2.793e-01 | Dynamic Loss: 1.818e-01 | Regularization Loss: 9.750e-02 | Val Loss: 2.186e-01 | Active Proj %: 0.00 | Time: 6.60s
2025-08-21 03:50:51,904:INFO:New best model found at epoch 10000 with validation loss 2.186e-01. Saving...
2025-08-21 03:50:58,582:INFO:Epoch: 10050/40000 | Train Loss: 2.269e-01 | Dynamic Loss: 2.202e-01 | Regularization Loss: 6.743e-03 | Val Loss: 2.262e-01 | Active Proj %: 0.00 | Time: 6.56s
2025-08-21 03:51:05,381:INFO:Epoch: 10100/40000 | Train Loss: 1.834e-01 | Dynamic Loss: 1.806e-01 | Regularization Loss: 2.811e-03 | Val Loss: 2.262e-01 | Active Proj %: 0.00 | Time: 6.57s
2025-08-21 03:51:12,147:INFO:Epoch: 10150/40000 | Train Loss: 2.197e-01 | Dynamic Loss: 2.181e-01 | Regularization Loss: 1.613e-03 | Val Loss: 2.607e-01 | Active Proj %: 0.00 | Time: 6.66s
2025-08-21 03:51:18,917:INFO:Epoch: 10200/40000 | Train Loss: 1.786e-01 | Dynamic Loss: 1.775e-01 | Regularization Loss: 1.069e-03 | Val Loss: 2.191e-01 | Active Proj %: 0.00 | Time: 6.67s
2025-08-21 03:51:25,715:INFO:Epoch: 10250/40000 | Train Loss: 2.957e-01 | Dynamic Loss: 2.949e-01 | Regularization Loss: 7.695e-04 | Val Loss: 3.422e-01 | Active Proj %: 0.00 | Time: 6.70s
2025-08-21 03:51:35,910:INFO:Epoch: 10300/40000 | Train Loss: 1.719e-01 | Dynamic Loss: 1.714e-01 | Regularization Loss: 5.846e-04 | Val Loss: 2.086e-01 | Active Proj %: 0.00 | Time: 10.09s
2025-08-21 03:51:35,910:INFO:New best model found at epoch 10300 with validation loss 2.086e-01. Saving...
2025-08-21 03:51:42,728:INFO:Epoch: 10350/40000 | Train Loss: 1.753e-01 | Dynamic Loss: 1.749e-01 | Regularization Loss: 4.612e-04 | Val Loss: 2.160e-01 | Active Proj %: 0.00 | Time: 6.69s
2025-08-21 03:51:49,591:INFO:Epoch: 10400/40000 | Train Loss: 2.738e-01 | Dynamic Loss: 2.735e-01 | Regularization Loss: 3.743e-04 | Val Loss: 2.614e-01 | Active Proj %: 0.00 | Time: 6.76s
2025-08-21 03:51:56,547:INFO:Epoch: 10450/40000 | Train Loss: 1.850e-01 | Dynamic Loss: 1.847e-01 | Regularization Loss: 3.103e-04 | Val Loss: 2.222e-01 | Active Proj %: 0.00 | Time: 6.73s
2025-08-21 03:52:03,398:INFO:Epoch: 10500/40000 | Train Loss: 1.758e-01 | Dynamic Loss: 1.755e-01 | Regularization Loss: 2.617e-04 | Val Loss: 2.206e-01 | Active Proj %: 0.00 | Time: 6.75s
2025-08-21 03:52:10,246:INFO:Epoch: 10550/40000 | Train Loss: 1.890e-01 | Dynamic Loss: 1.887e-01 | Regularization Loss: 2.237e-04 | Val Loss: 2.383e-01 | Active Proj %: 0.00 | Time: 6.75s
2025-08-21 03:52:17,096:INFO:Epoch: 10600/40000 | Train Loss: 2.090e-01 | Dynamic Loss: 2.088e-01 | Regularization Loss: 1.936e-04 | Val Loss: 2.105e-01 | Active Proj %: 0.00 | Time: 6.75s
2025-08-21 03:52:26,927:INFO:Epoch: 10650/40000 | Train Loss: 1.577e-01 | Dynamic Loss: 1.576e-01 | Regularization Loss: 1.688e-04 | Val Loss: 1.909e-01 | Active Proj %: 0.00 | Time: 9.73s
2025-08-21 03:52:26,927:INFO:New best model found at epoch 10650 with validation loss 1.909e-01. Saving...
2025-08-21 03:52:33,788:INFO:Epoch: 10700/40000 | Train Loss: 1.588e-01 | Dynamic Loss: 1.587e-01 | Regularization Loss: 1.487e-04 | Val Loss: 1.931e-01 | Active Proj %: 0.00 | Time: 6.74s
2025-08-21 03:52:40,623:INFO:Epoch: 10750/40000 | Train Loss: 2.276e-01 | Dynamic Loss: 2.274e-01 | Regularization Loss: 1.319e-04 | Val Loss: 2.546e-01 | Active Proj %: 0.00 | Time: 6.73s
2025-08-21 03:52:47,559:INFO:Epoch: 10800/40000 | Train Loss: 1.724e-01 | Dynamic Loss: 1.723e-01 | Regularization Loss: 1.177e-04 | Val Loss: 2.028e-01 | Active Proj %: 0.00 | Time: 6.72s
2025-08-21 03:52:54,424:INFO:Epoch: 10850/40000 | Train Loss: 2.139e-01 | Dynamic Loss: 2.138e-01 | Regularization Loss: 1.057e-04 | Val Loss: 2.027e-01 | Active Proj %: 0.00 | Time: 6.77s
2025-08-21 03:53:01,512:INFO:Epoch: 10900/40000 | Train Loss: 1.576e-01 | Dynamic Loss: 1.575e-01 | Regularization Loss: 9.534e-05 | Val Loss: 1.873e-01 | Active Proj %: 0.00 | Time: 6.99s
2025-08-21 03:53:01,512:INFO:New best model found at epoch 10900 with validation loss 1.873e-01. Saving...
2025-08-21 03:53:08,544:INFO:Epoch: 10950/40000 | Train Loss: 1.770e-01 | Dynamic Loss: 1.769e-01 | Regularization Loss: 8.636e-05 | Val Loss: 2.214e-01 | Active Proj %: 0.00 | Time: 6.91s
2025-08-21 03:53:20,657:INFO:Epoch: 11000/40000 | Train Loss: 2.394e-01 | Dynamic Loss: 2.394e-01 | Regularization Loss: 7.852e-05 | Val Loss: 2.383e-01 | Active Proj %: 0.00 | Time: 12.01s
2025-08-21 03:53:27,549:INFO:Epoch: 11050/40000 | Train Loss: 1.836e-01 | Dynamic Loss: 1.835e-01 | Regularization Loss: 7.161e-05 | Val Loss: 2.572e-01 | Active Proj %: 0.00 | Time: 6.79s
2025-08-21 03:53:34,387:INFO:Epoch: 11100/40000 | Train Loss: 1.463e-01 | Dynamic Loss: 1.463e-01 | Regularization Loss: 6.542e-05 | Val Loss: 1.771e-01 | Active Proj %: 0.00 | Time: 6.74s
2025-08-21 03:53:34,387:INFO:New best model found at epoch 11100 with validation loss 1.771e-01. Saving...
2025-08-21 03:53:41,383:INFO:Epoch: 11150/40000 | Train Loss: 1.475e-01 | Dynamic Loss: 1.474e-01 | Regularization Loss: 6.004e-05 | Val Loss: 1.791e-01 | Active Proj %: 0.00 | Time: 6.87s
2025-08-21 03:53:48,319:INFO:Epoch: 11200/40000 | Train Loss: 1.424e-01 | Dynamic Loss: 1.423e-01 | Regularization Loss: 5.523e-05 | Val Loss: 1.750e-01 | Active Proj %: 0.00 | Time: 6.83s
2025-08-21 03:53:48,319:INFO:New best model found at epoch 11200 with validation loss 1.750e-01. Saving...
2025-08-21 03:53:55,286:INFO:Epoch: 11250/40000 | Train Loss: 2.708e-01 | Dynamic Loss: 2.707e-01 | Regularization Loss: 5.092e-05 | Val Loss: 3.230e-01 | Active Proj %: 0.00 | Time: 6.84s
2025-08-21 03:54:02,214:INFO:Epoch: 11300/40000 | Train Loss: 1.462e-01 | Dynamic Loss: 1.461e-01 | Regularization Loss: 4.705e-05 | Val Loss: 1.745e-01 | Active Proj %: 0.00 | Time: 6.82s
2025-08-21 03:54:02,214:INFO:New best model found at epoch 11300 with validation loss 1.745e-01. Saving...
2025-08-21 03:54:11,454:INFO:Epoch: 11350/40000 | Train Loss: 1.429e-01 | Dynamic Loss: 1.429e-01 | Regularization Loss: 4.355e-05 | Val Loss: 1.709e-01 | Active Proj %: 0.00 | Time: 9.12s
2025-08-21 03:54:11,454:INFO:New best model found at epoch 11350 with validation loss 1.709e-01. Saving...
2025-08-21 03:54:18,330:INFO:Epoch: 11400/40000 | Train Loss: 1.495e-01 | Dynamic Loss: 1.494e-01 | Regularization Loss: 4.037e-05 | Val Loss: 1.746e-01 | Active Proj %: 0.00 | Time: 6.75s
2025-08-21 03:54:25,295:INFO:Epoch: 11450/40000 | Train Loss: 1.429e-01 | Dynamic Loss: 1.429e-01 | Regularization Loss: 3.750e-05 | Val Loss: 1.649e-01 | Active Proj %: 0.00 | Time: 6.86s
2025-08-21 03:54:25,295:INFO:New best model found at epoch 11450 with validation loss 1.649e-01. Saving...
2025-08-21 03:54:32,350:INFO:Epoch: 11500/40000 | Train Loss: 1.641e-01 | Dynamic Loss: 1.640e-01 | Regularization Loss: 3.488e-05 | Val Loss: 1.999e-01 | Active Proj %: 0.00 | Time: 6.80s
2025-08-21 03:54:39,325:INFO:Epoch: 11550/40000 | Train Loss: 1.350e-01 | Dynamic Loss: 1.350e-01 | Regularization Loss: 3.250e-05 | Val Loss: 1.621e-01 | Active Proj %: 0.00 | Time: 6.87s
2025-08-21 03:54:39,325:INFO:New best model found at epoch 11550 with validation loss 1.621e-01. Saving...
2025-08-21 03:54:46,296:INFO:Epoch: 11600/40000 | Train Loss: 2.194e-01 | Dynamic Loss: 2.194e-01 | Regularization Loss: 3.029e-05 | Val Loss: 2.436e-01 | Active Proj %: 0.00 | Time: 6.84s
2025-08-21 03:54:53,266:INFO:Epoch: 11650/40000 | Train Loss: 2.436e-01 | Dynamic Loss: 2.436e-01 | Regularization Loss: 2.829e-05 | Val Loss: 2.174e-01 | Active Proj %: 0.00 | Time: 6.86s
2025-08-21 03:55:06,640:INFO:Epoch: 11700/40000 | Train Loss: 1.512e-01 | Dynamic Loss: 1.512e-01 | Regularization Loss: 2.645e-05 | Val Loss: 1.935e-01 | Active Proj %: 0.00 | Time: 13.27s
2025-08-21 03:55:13,567:INFO:Epoch: 11750/40000 | Train Loss: 1.306e-01 | Dynamic Loss: 1.306e-01 | Regularization Loss: 2.467e-05 | Val Loss: 1.602e-01 | Active Proj %: 0.00 | Time: 6.82s
2025-08-21 03:55:13,568:INFO:New best model found at epoch 11750 with validation loss 1.602e-01. Saving...
2025-08-21 03:55:20,492:INFO:Epoch: 11800/40000 | Train Loss: 1.634e-01 | Dynamic Loss: 1.633e-01 | Regularization Loss: 2.311e-05 | Val Loss: 1.691e-01 | Active Proj %: 0.00 | Time: 6.80s
2025-08-21 03:55:31,248:INFO:Epoch: 11850/40000 | Train Loss: 1.224e-01 | Dynamic Loss: 1.224e-01 | Regularization Loss: 2.162e-05 | Val Loss: 1.495e-01 | Active Proj %: 0.00 | Time: 10.65s
2025-08-21 03:55:31,248:INFO:New best model found at epoch 11850 with validation loss 1.495e-01. Saving...
2025-08-21 03:55:38,203:INFO:Epoch: 11900/40000 | Train Loss: 1.290e-01 | Dynamic Loss: 1.290e-01 | Regularization Loss: 2.029e-05 | Val Loss: 1.557e-01 | Active Proj %: 0.00 | Time: 6.83s
2025-08-21 03:55:45,097:INFO:Epoch: 11950/40000 | Train Loss: 1.224e-01 | Dynamic Loss: 1.224e-01 | Regularization Loss: 1.892e-05 | Val Loss: 1.487e-01 | Active Proj %: 0.00 | Time: 6.79s
2025-08-21 03:55:45,097:INFO:New best model found at epoch 11950 with validation loss 1.487e-01. Saving...
2025-08-21 03:55:52,182:INFO:Epoch: 12000/40000 | Train Loss: 1.602e-01 | Dynamic Loss: 1.602e-01 | Regularization Loss: 1.779e-05 | Val Loss: 2.454e-01 | Active Proj %: 0.00 | Time: 6.96s
2025-08-21 03:55:59,044:INFO:Epoch: 12050/40000 | Train Loss: 1.477e-01 | Dynamic Loss: 1.477e-01 | Regularization Loss: 1.674e-05 | Val Loss: 1.996e-01 | Active Proj %: 0.00 | Time: 6.76s
2025-08-21 03:56:06,100:INFO:Epoch: 12100/40000 | Train Loss: 1.284e-01 | Dynamic Loss: 1.284e-01 | Regularization Loss: 1.576e-05 | Val Loss: 1.596e-01 | Active Proj %: 0.00 | Time: 6.95s
2025-08-21 03:56:12,992:INFO:Epoch: 12150/40000 | Train Loss: 1.233e-01 | Dynamic Loss: 1.233e-01 | Regularization Loss: 1.485e-05 | Val Loss: 1.529e-01 | Active Proj %: 0.00 | Time: 6.79s
2025-08-21 03:56:21,205:INFO:Epoch: 12200/40000 | Train Loss: 1.947e-01 | Dynamic Loss: 1.947e-01 | Regularization Loss: 1.399e-05 | Val Loss: 2.431e-01 | Active Proj %: 0.00 | Time: 8.11s
2025-08-21 03:56:28,122:INFO:Epoch: 12250/40000 | Train Loss: 1.542e-01 | Dynamic Loss: 1.542e-01 | Regularization Loss: 1.319e-05 | Val Loss: 2.550e-01 | Active Proj %: 0.00 | Time: 6.81s
2025-08-21 03:56:35,076:INFO:Epoch: 12300/40000 | Train Loss: 1.324e-01 | Dynamic Loss: 1.324e-01 | Regularization Loss: 1.245e-05 | Val Loss: 1.611e-01 | Active Proj %: 0.00 | Time: 6.85s
2025-08-21 03:56:44,788:INFO:Epoch: 12350/40000 | Train Loss: 3.001e-01 | Dynamic Loss: 3.000e-01 | Regularization Loss: 1.175e-05 | Val Loss: 1.956e-01 | Active Proj %: 0.00 | Time: 9.61s
2025-08-21 03:56:51,766:INFO:Epoch: 12400/40000 | Train Loss: 1.621e-01 | Dynamic Loss: 1.620e-01 | Regularization Loss: 1.108e-05 | Val Loss: 3.104e-01 | Active Proj %: 0.00 | Time: 6.87s
2025-08-21 03:56:58,672:INFO:Epoch: 12450/40000 | Train Loss: 1.138e-01 | Dynamic Loss: 1.138e-01 | Regularization Loss: 1.043e-05 | Val Loss: 1.567e-01 | Active Proj %: 0.00 | Time: 6.80s
2025-08-21 03:57:12,534:INFO:Epoch: 12500/40000 | Train Loss: 1.189e-01 | Dynamic Loss: 1.189e-01 | Regularization Loss: 9.858e-06 | Val Loss: 1.436e-01 | Active Proj %: 0.00 | Time: 13.75s
2025-08-21 03:57:12,534:INFO:New best model found at epoch 12500 with validation loss 1.436e-01. Saving...
2025-08-21 03:57:19,553:INFO:Epoch: 12550/40000 | Train Loss: 1.355e-01 | Dynamic Loss: 1.355e-01 | Regularization Loss: 9.321e-06 | Val Loss: 1.606e-01 | Active Proj %: 0.00 | Time: 6.89s
2025-08-21 03:57:26,466:INFO:Epoch: 12600/40000 | Train Loss: 1.272e-01 | Dynamic Loss: 1.272e-01 | Regularization Loss: 8.816e-06 | Val Loss: 1.536e-01 | Active Proj %: 0.00 | Time: 6.81s
2025-08-21 03:57:36,927:INFO:Epoch: 12650/40000 | Train Loss: 1.093e-01 | Dynamic Loss: 1.093e-01 | Regularization Loss: 8.334e-06 | Val Loss: 1.324e-01 | Active Proj %: 0.00 | Time: 10.36s
2025-08-21 03:57:36,928:INFO:New best model found at epoch 12650 with validation loss 1.324e-01. Saving...
2025-08-21 03:57:43,918:INFO:Epoch: 12700/40000 | Train Loss: 1.691e-01 | Dynamic Loss: 1.691e-01 | Regularization Loss: 7.887e-06 | Val Loss: 1.810e-01 | Active Proj %: 0.00 | Time: 6.86s
2025-08-21 03:57:50,928:INFO:Epoch: 12750/40000 | Train Loss: 1.083e-01 | Dynamic Loss: 1.083e-01 | Regularization Loss: 7.466e-06 | Val Loss: 1.286e-01 | Active Proj %: 0.00 | Time: 6.90s
2025-08-21 03:57:50,928:INFO:New best model found at epoch 12750 with validation loss 1.286e-01. Saving...
2025-08-21 03:58:01,663:INFO:Epoch: 12800/40000 | Train Loss: 1.118e-01 | Dynamic Loss: 1.118e-01 | Regularization Loss: 7.070e-06 | Val Loss: 1.328e-01 | Active Proj %: 0.00 | Time: 10.61s
2025-08-21 03:58:08,647:INFO:Epoch: 12850/40000 | Train Loss: 1.067e-01 | Dynamic Loss: 1.067e-01 | Regularization Loss: 6.696e-06 | Val Loss: 1.307e-01 | Active Proj %: 0.00 | Time: 6.88s
2025-08-21 03:58:15,602:INFO:Epoch: 12900/40000 | Train Loss: 1.201e-01 | Dynamic Loss: 1.201e-01 | Regularization Loss: 6.340e-06 | Val Loss: 1.466e-01 | Active Proj %: 0.00 | Time: 6.85s
2025-08-21 03:58:25,924:INFO:Epoch: 12950/40000 | Train Loss: 1.356e-01 | Dynamic Loss: 1.356e-01 | Regularization Loss: 6.008e-06 | Val Loss: 1.433e-01 | Active Proj %: 0.00 | Time: 10.22s
2025-08-21 03:58:32,837:INFO:Epoch: 13000/40000 | Train Loss: 1.284e-01 | Dynamic Loss: 1.284e-01 | Regularization Loss: 5.694e-06 | Val Loss: 1.323e-01 | Active Proj %: 0.00 | Time: 6.81s
2025-08-21 03:58:39,723:INFO:Epoch: 13050/40000 | Train Loss: 9.105e-02 | Dynamic Loss: 9.104e-02 | Regularization Loss: 5.397e-06 | Val Loss: 1.214e-01 | Active Proj %: 0.00 | Time: 6.78s
2025-08-21 03:58:39,723:INFO:New best model found at epoch 13050 with validation loss 1.214e-01. Saving...
2025-08-21 03:58:49,937:INFO:Epoch: 13100/40000 | Train Loss: 1.044e-01 | Dynamic Loss: 1.044e-01 | Regularization Loss: 5.117e-06 | Val Loss: 1.249e-01 | Active Proj %: 0.00 | Time: 10.09s
2025-08-21 03:58:56,844:INFO:Epoch: 13150/40000 | Train Loss: 1.133e-01 | Dynamic Loss: 1.133e-01 | Regularization Loss: 4.852e-06 | Val Loss: 1.310e-01 | Active Proj %: 0.00 | Time: 6.80s
2025-08-21 03:59:03,761:INFO:Epoch: 13200/40000 | Train Loss: 9.196e-02 | Dynamic Loss: 9.196e-02 | Regularization Loss: 4.574e-06 | Val Loss: 1.177e-01 | Active Proj %: 0.00 | Time: 6.81s
2025-08-21 03:59:03,761:INFO:New best model found at epoch 13200 with validation loss 1.177e-01. Saving...
2025-08-21 03:59:14,642:INFO:Epoch: 13250/40000 | Train Loss: 1.375e-01 | Dynamic Loss: 1.375e-01 | Regularization Loss: 4.333e-06 | Val Loss: 1.942e-01 | Active Proj %: 0.00 | Time: 10.75s
2025-08-21 03:59:21,605:INFO:Epoch: 13300/40000 | Train Loss: 1.184e-01 | Dynamic Loss: 1.184e-01 | Regularization Loss: 4.104e-06 | Val Loss: 1.353e-01 | Active Proj %: 0.00 | Time: 6.86s
2025-08-21 03:59:28,575:INFO:Epoch: 13350/40000 | Train Loss: 9.745e-02 | Dynamic Loss: 9.744e-02 | Regularization Loss: 3.895e-06 | Val Loss: 1.194e-01 | Active Proj %: 0.00 | Time: 6.86s
2025-08-21 03:59:39,562:INFO:Epoch: 13400/40000 | Train Loss: 9.348e-02 | Dynamic Loss: 9.347e-02 | Regularization Loss: 3.697e-06 | Val Loss: 1.291e-01 | Active Proj %: 0.00 | Time: 10.88s
2025-08-21 03:59:46,473:INFO:Epoch: 13450/40000 | Train Loss: 1.208e-01 | Dynamic Loss: 1.208e-01 | Regularization Loss: 3.510e-06 | Val Loss: 1.258e-01 | Active Proj %: 0.00 | Time: 6.80s
2025-08-21 03:59:53,373:INFO:Epoch: 13500/40000 | Train Loss: 8.543e-02 | Dynamic Loss: 8.542e-02 | Regularization Loss: 3.333e-06 | Val Loss: 1.103e-01 | Active Proj %: 0.00 | Time: 6.79s
2025-08-21 03:59:53,373:INFO:New best model found at epoch 13500 with validation loss 1.103e-01. Saving...
2025-08-21 04:00:05,103:INFO:Epoch: 13550/40000 | Train Loss: 1.114e-01 | Dynamic Loss: 1.114e-01 | Regularization Loss: 3.165e-06 | Val Loss: 1.128e-01 | Active Proj %: 0.00 | Time: 11.60s
2025-08-21 04:00:12,120:INFO:Epoch: 13600/40000 | Train Loss: 9.748e-02 | Dynamic Loss: 9.748e-02 | Regularization Loss: 3.006e-06 | Val Loss: 1.291e-01 | Active Proj %: 0.00 | Time: 6.91s
2025-08-21 04:00:19,196:INFO:Epoch: 13650/40000 | Train Loss: 1.017e-01 | Dynamic Loss: 1.017e-01 | Regularization Loss: 2.855e-06 | Val Loss: 1.168e-01 | Active Proj %: 0.00 | Time: 6.84s
2025-08-21 04:00:26,184:INFO:Epoch: 13700/40000 | Train Loss: 2.418e-01 | Dynamic Loss: 2.418e-01 | Regularization Loss: 2.712e-06 | Val Loss: 3.846e-01 | Active Proj %: 0.00 | Time: 6.88s
2025-08-21 04:00:33,189:INFO:Epoch: 13750/40000 | Train Loss: 9.787e-02 | Dynamic Loss: 9.787e-02 | Regularization Loss: 2.576e-06 | Val Loss: 1.135e-01 | Active Proj %: 0.00 | Time: 6.90s
2025-08-21 04:00:40,312:INFO:Epoch: 13800/40000 | Train Loss: 9.309e-02 | Dynamic Loss: 9.308e-02 | Regularization Loss: 2.442e-06 | Val Loss: 1.156e-01 | Active Proj %: 0.00 | Time: 7.01s
2025-08-21 04:00:47,340:INFO:Epoch: 13850/40000 | Train Loss: 8.907e-02 | Dynamic Loss: 8.907e-02 | Regularization Loss: 2.320e-06 | Val Loss: 1.084e-01 | Active Proj %: 0.00 | Time: 6.92s
2025-08-21 04:00:47,340:INFO:New best model found at epoch 13850 with validation loss 1.084e-01. Saving...
2025-08-21 04:00:54,345:INFO:Epoch: 13900/40000 | Train Loss: 8.841e-02 | Dynamic Loss: 8.840e-02 | Regularization Loss: 2.204e-06 | Val Loss: 1.062e-01 | Active Proj %: 0.00 | Time: 6.87s
2025-08-21 04:00:54,345:INFO:New best model found at epoch 13900 with validation loss 1.062e-01. Saving...
2025-08-21 04:01:01,385:INFO:Epoch: 13950/40000 | Train Loss: 9.202e-02 | Dynamic Loss: 9.202e-02 | Regularization Loss: 2.078e-06 | Val Loss: 1.134e-01 | Active Proj %: 0.00 | Time: 6.91s
2025-08-21 04:01:16,196:INFO:Epoch: 14000/40000 | Train Loss: 8.527e-02 | Dynamic Loss: 8.527e-02 | Regularization Loss: 1.975e-06 | Val Loss: 1.125e-01 | Active Proj %: 0.00 | Time: 14.70s
2025-08-21 04:01:23,266:INFO:Epoch: 14050/40000 | Train Loss: 8.767e-02 | Dynamic Loss: 8.767e-02 | Regularization Loss: 1.878e-06 | Val Loss: 1.048e-01 | Active Proj %: 0.00 | Time: 6.96s
2025-08-21 04:01:23,266:INFO:New best model found at epoch 14050 with validation loss 1.048e-01. Saving...
2025-08-21 04:01:30,329:INFO:Epoch: 14100/40000 | Train Loss: 1.371e-01 | Dynamic Loss: 1.371e-01 | Regularization Loss: 1.785e-06 | Val Loss: 1.293e-01 | Active Proj %: 0.00 | Time: 6.93s
2025-08-21 04:01:37,591:INFO:Epoch: 14150/40000 | Train Loss: 9.383e-02 | Dynamic Loss: 9.383e-02 | Regularization Loss: 1.697e-06 | Val Loss: 1.040e-01 | Active Proj %: 0.00 | Time: 7.15s
2025-08-21 04:01:37,591:INFO:New best model found at epoch 14150 with validation loss 1.040e-01. Saving...
2025-08-21 04:01:44,619:INFO:Epoch: 14200/40000 | Train Loss: 8.049e-02 | Dynamic Loss: 8.049e-02 | Regularization Loss: 1.613e-06 | Val Loss: 1.015e-01 | Active Proj %: 0.00 | Time: 6.90s
2025-08-21 04:01:44,619:INFO:New best model found at epoch 14200 with validation loss 1.015e-01. Saving...
2025-08-21 04:01:51,664:INFO:Epoch: 14250/40000 | Train Loss: 1.049e-01 | Dynamic Loss: 1.049e-01 | Regularization Loss: 1.534e-06 | Val Loss: 1.112e-01 | Active Proj %: 0.00 | Time: 6.92s
2025-08-21 04:01:58,790:INFO:Epoch: 14300/40000 | Train Loss: 1.153e-01 | Dynamic Loss: 1.153e-01 | Regularization Loss: 1.459e-06 | Val Loss: 1.232e-01 | Active Proj %: 0.00 | Time: 7.02s
2025-08-21 04:02:05,815:INFO:Epoch: 14350/40000 | Train Loss: 9.758e-02 | Dynamic Loss: 9.758e-02 | Regularization Loss: 1.387e-06 | Val Loss: 1.248e-01 | Active Proj %: 0.00 | Time: 6.92s
2025-08-21 04:02:12,851:INFO:Epoch: 14400/40000 | Train Loss: 7.886e-02 | Dynamic Loss: 7.886e-02 | Regularization Loss: 1.319e-06 | Val Loss: 1.008e-01 | Active Proj %: 0.00 | Time: 6.92s
2025-08-21 04:02:12,852:INFO:New best model found at epoch 14400 with validation loss 1.008e-01. Saving...
2025-08-21 04:02:20,000:INFO:Epoch: 14450/40000 | Train Loss: 8.404e-02 | Dynamic Loss: 8.404e-02 | Regularization Loss: 1.254e-06 | Val Loss: 1.017e-01 | Active Proj %: 0.00 | Time: 7.02s
2025-08-21 04:02:27,049:INFO:Epoch: 14500/40000 | Train Loss: 8.397e-02 | Dynamic Loss: 8.397e-02 | Regularization Loss: 1.192e-06 | Val Loss: 1.063e-01 | Active Proj %: 0.00 | Time: 6.94s
2025-08-21 04:02:34,037:INFO:Epoch: 14550/40000 | Train Loss: 8.106e-02 | Dynamic Loss: 8.106e-02 | Regularization Loss: 1.134e-06 | Val Loss: 1.132e-01 | Active Proj %: 0.00 | Time: 6.88s
2025-08-21 04:02:41,168:INFO:Epoch: 14600/40000 | Train Loss: 8.666e-02 | Dynamic Loss: 8.666e-02 | Regularization Loss: 1.078e-06 | Val Loss: 1.101e-01 | Active Proj %: 0.00 | Time: 7.02s
2025-08-21 04:02:48,142:INFO:Epoch: 14650/40000 | Train Loss: 8.707e-02 | Dynamic Loss: 8.707e-02 | Regularization Loss: 1.025e-06 | Val Loss: 1.076e-01 | Active Proj %: 0.00 | Time: 6.86s
2025-08-21 04:02:55,129:INFO:Epoch: 14700/40000 | Train Loss: 6.972e-02 | Dynamic Loss: 6.972e-02 | Regularization Loss: 9.748e-07 | Val Loss: 9.169e-02 | Active Proj %: 0.00 | Time: 6.88s
2025-08-21 04:02:55,129:INFO:New best model found at epoch 14700 with validation loss 9.169e-02. Saving...
2025-08-21 04:03:02,244:INFO:Epoch: 14750/40000 | Train Loss: 7.558e-02 | Dynamic Loss: 7.558e-02 | Regularization Loss: 9.270e-07 | Val Loss: 9.380e-02 | Active Proj %: 0.00 | Time: 6.99s
2025-08-21 04:03:09,269:INFO:Epoch: 14800/40000 | Train Loss: 8.012e-02 | Dynamic Loss: 8.012e-02 | Regularization Loss: 8.816e-07 | Val Loss: 1.016e-01 | Active Proj %: 0.00 | Time: 6.91s
2025-08-21 04:03:16,273:INFO:Epoch: 14850/40000 | Train Loss: 8.121e-02 | Dynamic Loss: 8.121e-02 | Regularization Loss: 8.077e-07 | Val Loss: 9.551e-02 | Active Proj %: 0.00 | Time: 6.90s
2025-08-21 04:03:25,515:INFO:Epoch: 14900/40000 | Train Loss: 1.272e-01 | Dynamic Loss: 1.272e-01 | Regularization Loss: 7.692e-07 | Val Loss: 1.583e-01 | Active Proj %: 0.00 | Time: 9.13s
2025-08-21 04:03:32,522:INFO:Epoch: 14950/40000 | Train Loss: 6.835e-02 | Dynamic Loss: 6.835e-02 | Regularization Loss: 7.328e-07 | Val Loss: 8.729e-02 | Active Proj %: 0.00 | Time: 6.90s
2025-08-21 04:03:32,522:INFO:New best model found at epoch 14950 with validation loss 8.729e-02. Saving...
2025-08-21 04:03:39,582:INFO:Epoch: 15000/40000 | Train Loss: 1.329e-01 | Dynamic Loss: 1.329e-01 | Regularization Loss: 6.980e-07 | Val Loss: 9.771e-02 | Active Proj %: 0.00 | Time: 6.93s
2025-08-21 04:03:52,103:INFO:Epoch: 15050/40000 | Train Loss: 7.162e-02 | Dynamic Loss: 7.162e-02 | Regularization Loss: 6.649e-07 | Val Loss: 9.041e-02 | Active Proj %: 0.00 | Time: 12.41s
2025-08-21 04:03:59,072:INFO:Epoch: 15100/40000 | Train Loss: 1.623e-01 | Dynamic Loss: 1.623e-01 | Regularization Loss: 6.333e-07 | Val Loss: 3.005e-01 | Active Proj %: 0.00 | Time: 6.86s
2025-08-21 04:04:06,085:INFO:Epoch: 15150/40000 | Train Loss: 7.984e-02 | Dynamic Loss: 7.984e-02 | Regularization Loss: 6.031e-07 | Val Loss: 9.393e-02 | Active Proj %: 0.00 | Time: 6.91s
2025-08-21 04:04:15,398:INFO:Epoch: 15200/40000 | Train Loss: 1.050e-01 | Dynamic Loss: 1.050e-01 | Regularization Loss: 5.744e-07 | Val Loss: 1.090e-01 | Active Proj %: 0.00 | Time: 9.21s
2025-08-21 04:04:22,372:INFO:Epoch: 15250/40000 | Train Loss: 8.798e-02 | Dynamic Loss: 8.798e-02 | Regularization Loss: 5.470e-07 | Val Loss: 9.664e-02 | Active Proj %: 0.00 | Time: 6.86s
2025-08-21 04:04:29,360:INFO:Epoch: 15300/40000 | Train Loss: 6.495e-02 | Dynamic Loss: 6.495e-02 | Regularization Loss: 5.209e-07 | Val Loss: 8.460e-02 | Active Proj %: 0.00 | Time: 6.88s
2025-08-21 04:04:29,360:INFO:New best model found at epoch 15300 with validation loss 8.460e-02. Saving...
2025-08-21 04:04:38,124:INFO:Epoch: 15350/40000 | Train Loss: 7.011e-02 | Dynamic Loss: 7.011e-02 | Regularization Loss: 4.960e-07 | Val Loss: 9.259e-02 | Active Proj %: 0.00 | Time: 8.63s
2025-08-21 04:04:45,124:INFO:Epoch: 15400/40000 | Train Loss: 9.290e-02 | Dynamic Loss: 9.290e-02 | Regularization Loss: 4.722e-07 | Val Loss: 1.173e-01 | Active Proj %: 0.00 | Time: 6.89s
2025-08-21 04:04:52,065:INFO:Epoch: 15450/40000 | Train Loss: 1.377e-01 | Dynamic Loss: 1.377e-01 | Regularization Loss: 4.496e-07 | Val Loss: 1.359e-01 | Active Proj %: 0.00 | Time: 6.83s
2025-08-21 04:05:05,114:INFO:Epoch: 15500/40000 | Train Loss: 8.388e-02 | Dynamic Loss: 8.387e-02 | Regularization Loss: 4.281e-07 | Val Loss: 1.042e-01 | Active Proj %: 0.00 | Time: 12.94s
2025-08-21 04:05:12,156:INFO:Epoch: 15550/40000 | Train Loss: 6.975e-02 | Dynamic Loss: 6.975e-02 | Regularization Loss: 4.075e-07 | Val Loss: 8.411e-02 | Active Proj %: 0.00 | Time: 6.93s
2025-08-21 04:05:12,156:INFO:New best model found at epoch 15550 with validation loss 8.411e-02. Saving...
2025-08-21 04:05:19,166:INFO:Epoch: 15600/40000 | Train Loss: 7.675e-02 | Dynamic Loss: 7.675e-02 | Regularization Loss: 3.879e-07 | Val Loss: 9.246e-02 | Active Proj %: 0.00 | Time: 6.88s
2025-08-21 04:05:30,020:INFO:Epoch: 15650/40000 | Train Loss: 1.085e-01 | Dynamic Loss: 1.085e-01 | Regularization Loss: 3.693e-07 | Val Loss: 1.063e-01 | Active Proj %: 0.00 | Time: 10.74s
2025-08-21 04:05:37,012:INFO:Epoch: 15700/40000 | Train Loss: 8.707e-02 | Dynamic Loss: 8.707e-02 | Regularization Loss: 3.515e-07 | Val Loss: 9.911e-02 | Active Proj %: 0.00 | Time: 6.88s
2025-08-21 04:05:44,004:INFO:Epoch: 15750/40000 | Train Loss: 1.233e-01 | Dynamic Loss: 1.233e-01 | Regularization Loss: 3.346e-07 | Val Loss: 1.408e-01 | Active Proj %: 0.00 | Time: 6.88s
2025-08-21 04:05:58,341:INFO:Epoch: 15800/40000 | Train Loss: 6.936e-02 | Dynamic Loss: 6.936e-02 | Regularization Loss: 3.185e-07 | Val Loss: 8.881e-02 | Active Proj %: 0.00 | Time: 14.22s
2025-08-21 04:06:05,353:INFO:Epoch: 15850/40000 | Train Loss: 7.792e-02 | Dynamic Loss: 7.792e-02 | Regularization Loss: 3.031e-07 | Val Loss: 8.366e-02 | Active Proj %: 0.00 | Time: 6.90s
2025-08-21 04:06:05,353:INFO:New best model found at epoch 15850 with validation loss 8.366e-02. Saving...
2025-08-21 04:06:12,546:INFO:Epoch: 15900/40000 | Train Loss: 1.030e-01 | Dynamic Loss: 1.030e-01 | Regularization Loss: 2.885e-07 | Val Loss: 1.266e-01 | Active Proj %: 0.00 | Time: 7.06s
2025-08-21 04:06:19,572:INFO:Epoch: 15950/40000 | Train Loss: 6.322e-02 | Dynamic Loss: 6.322e-02 | Regularization Loss: 2.746e-07 | Val Loss: 8.380e-02 | Active Proj %: 0.00 | Time: 6.91s
2025-08-21 04:06:26,573:INFO:Epoch: 16000/40000 | Train Loss: 6.941e-02 | Dynamic Loss: 6.941e-02 | Regularization Loss: 2.614e-07 | Val Loss: 8.080e-02 | Active Proj %: 0.00 | Time: 6.89s
2025-08-21 04:06:26,573:INFO:New best model found at epoch 16000 with validation loss 8.080e-02. Saving...
2025-08-21 04:06:33,768:INFO:Epoch: 16050/40000 | Train Loss: 9.508e-02 | Dynamic Loss: 9.508e-02 | Regularization Loss: 2.487e-07 | Val Loss: 8.997e-02 | Active Proj %: 0.00 | Time: 7.06s
2025-08-21 04:06:40,767:INFO:Epoch: 16100/40000 | Train Loss: 2.414e-01 | Dynamic Loss: 2.414e-01 | Regularization Loss: 2.367e-07 | Val Loss: 2.276e-01 | Active Proj %: 0.00 | Time: 6.89s
2025-08-21 04:06:47,812:INFO:Epoch: 16150/40000 | Train Loss: 1.344e-01 | Dynamic Loss: 1.344e-01 | Regularization Loss: 2.253e-07 | Val Loss: 1.295e-01 | Active Proj %: 0.00 | Time: 6.93s
2025-08-21 04:06:54,921:INFO:Epoch: 16200/40000 | Train Loss: 2.241e-01 | Dynamic Loss: 2.241e-01 | Regularization Loss: 2.144e-07 | Val Loss: 1.492e-01 | Active Proj %: 0.00 | Time: 6.99s
2025-08-21 04:07:01,942:INFO:Epoch: 16250/40000 | Train Loss: 5.701e-02 | Dynamic Loss: 5.701e-02 | Regularization Loss: 2.040e-07 | Val Loss: 7.735e-02 | Active Proj %: 0.00 | Time: 6.91s
2025-08-21 04:07:01,942:INFO:New best model found at epoch 16250 with validation loss 7.735e-02. Saving...
2025-08-21 04:07:08,933:INFO:Epoch: 16300/40000 | Train Loss: 6.344e-02 | Dynamic Loss: 6.344e-02 | Regularization Loss: 1.941e-07 | Val Loss: 9.520e-02 | Active Proj %: 0.00 | Time: 6.86s
2025-08-21 04:07:16,058:INFO:Epoch: 16350/40000 | Train Loss: 5.625e-02 | Dynamic Loss: 5.625e-02 | Regularization Loss: 1.847e-07 | Val Loss: 7.007e-02 | Active Proj %: 0.00 | Time: 7.01s
2025-08-21 04:07:16,058:INFO:New best model found at epoch 16350 with validation loss 7.007e-02. Saving...
2025-08-21 04:07:23,120:INFO:Epoch: 16400/40000 | Train Loss: 5.857e-02 | Dynamic Loss: 5.857e-02 | Regularization Loss: 1.758e-07 | Val Loss: 7.646e-02 | Active Proj %: 0.00 | Time: 6.94s
2025-08-21 04:07:30,181:INFO:Epoch: 16450/40000 | Train Loss: 6.490e-02 | Dynamic Loss: 6.490e-02 | Regularization Loss: 1.673e-07 | Val Loss: 7.921e-02 | Active Proj %: 0.00 | Time: 6.95s
2025-08-21 04:07:37,279:INFO:Epoch: 16500/40000 | Train Loss: 6.160e-02 | Dynamic Loss: 6.160e-02 | Regularization Loss: 1.592e-07 | Val Loss: 8.199e-02 | Active Proj %: 0.00 | Time: 6.99s
2025-08-21 04:07:44,345:INFO:Epoch: 16550/40000 | Train Loss: 5.320e-02 | Dynamic Loss: 5.320e-02 | Regularization Loss: 1.514e-07 | Val Loss: 6.848e-02 | Active Proj %: 0.00 | Time: 6.96s
2025-08-21 04:07:44,345:INFO:New best model found at epoch 16550 with validation loss 6.848e-02. Saving...
2025-08-21 04:07:51,327:INFO:Epoch: 16600/40000 | Train Loss: 9.169e-02 | Dynamic Loss: 9.169e-02 | Regularization Loss: 1.441e-07 | Val Loss: 1.070e-01 | Active Proj %: 0.00 | Time: 6.86s
2025-08-21 04:07:58,431:INFO:Epoch: 16650/40000 | Train Loss: 1.148e-01 | Dynamic Loss: 1.148e-01 | Regularization Loss: 1.371e-07 | Val Loss: 9.481e-02 | Active Proj %: 0.00 | Time: 7.00s
2025-08-21 04:08:05,487:INFO:Epoch: 16700/40000 | Train Loss: 7.269e-02 | Dynamic Loss: 7.269e-02 | Regularization Loss: 1.305e-07 | Val Loss: 7.912e-02 | Active Proj %: 0.00 | Time: 6.95s
2025-08-21 04:08:12,570:INFO:Epoch: 16750/40000 | Train Loss: 5.902e-02 | Dynamic Loss: 5.902e-02 | Regularization Loss: 1.241e-07 | Val Loss: 7.459e-02 | Active Proj %: 0.00 | Time: 6.97s
2025-08-21 04:08:22,366:INFO:Epoch: 16800/40000 | Train Loss: 5.244e-02 | Dynamic Loss: 5.244e-02 | Regularization Loss: 1.181e-07 | Val Loss: 6.822e-02 | Active Proj %: 0.00 | Time: 9.69s
2025-08-21 04:08:22,366:INFO:New best model found at epoch 16800 with validation loss 6.822e-02. Saving...
2025-08-21 04:08:29,360:INFO:Epoch: 16850/40000 | Train Loss: 7.183e-02 | Dynamic Loss: 7.183e-02 | Regularization Loss: 1.124e-07 | Val Loss: 1.119e-01 | Active Proj %: 0.00 | Time: 6.86s
2025-08-21 04:08:36,435:INFO:Epoch: 16900/40000 | Train Loss: 9.535e-02 | Dynamic Loss: 9.535e-02 | Regularization Loss: 1.069e-07 | Val Loss: 1.582e-01 | Active Proj %: 0.00 | Time: 6.97s
2025-08-21 04:08:43,489:INFO:Epoch: 16950/40000 | Train Loss: 6.903e-02 | Dynamic Loss: 6.903e-02 | Regularization Loss: 1.017e-07 | Val Loss: 7.970e-02 | Active Proj %: 0.00 | Time: 6.94s
2025-08-21 04:08:50,544:INFO:Epoch: 17000/40000 | Train Loss: 1.202e-01 | Dynamic Loss: 1.202e-01 | Regularization Loss: 9.678e-08 | Val Loss: 9.857e-02 | Active Proj %: 0.00 | Time: 6.95s
2025-08-21 04:08:57,665:INFO:Epoch: 17050/40000 | Train Loss: 6.846e-02 | Dynamic Loss: 6.846e-02 | Regularization Loss: 9.208e-08 | Val Loss: 7.965e-02 | Active Proj %: 0.00 | Time: 7.01s
2025-08-21 04:09:04,701:INFO:Epoch: 17100/40000 | Train Loss: 5.367e-02 | Dynamic Loss: 5.367e-02 | Regularization Loss: 8.761e-08 | Val Loss: 6.390e-02 | Active Proj %: 0.00 | Time: 6.93s
2025-08-21 04:09:04,701:INFO:New best model found at epoch 17100 with validation loss 6.390e-02. Saving...
2025-08-21 04:09:11,729:INFO:Epoch: 17150/40000 | Train Loss: 5.044e-02 | Dynamic Loss: 5.044e-02 | Regularization Loss: 8.335e-08 | Val Loss: 6.566e-02 | Active Proj %: 0.00 | Time: 6.90s
2025-08-21 04:09:21,448:INFO:Epoch: 17200/40000 | Train Loss: 8.322e-02 | Dynamic Loss: 8.322e-02 | Regularization Loss: 7.930e-08 | Val Loss: 1.015e-01 | Active Proj %: 0.00 | Time: 9.61s
2025-08-21 04:09:28,518:INFO:Epoch: 17250/40000 | Train Loss: 5.470e-02 | Dynamic Loss: 5.470e-02 | Regularization Loss: 7.544e-08 | Val Loss: 7.309e-02 | Active Proj %: 0.00 | Time: 6.96s
2025-08-21 04:09:35,548:INFO:Epoch: 17300/40000 | Train Loss: 5.240e-02 | Dynamic Loss: 5.240e-02 | Regularization Loss: 7.177e-08 | Val Loss: 6.623e-02 | Active Proj %: 0.00 | Time: 6.92s
2025-08-21 04:09:49,200:INFO:Epoch: 17350/40000 | Train Loss: 5.892e-02 | Dynamic Loss: 5.892e-02 | Regularization Loss: 6.828e-08 | Val Loss: 6.544e-02 | Active Proj %: 0.00 | Time: 13.54s
2025-08-21 04:09:56,301:INFO:Epoch: 17400/40000 | Train Loss: 7.314e-02 | Dynamic Loss: 7.314e-02 | Regularization Loss: 6.496e-08 | Val Loss: 8.984e-02 | Active Proj %: 0.00 | Time: 6.99s
2025-08-21 04:10:03,432:INFO:Epoch: 17450/40000 | Train Loss: 5.014e-02 | Dynamic Loss: 5.014e-02 | Regularization Loss: 6.180e-08 | Val Loss: 6.667e-02 | Active Proj %: 0.00 | Time: 7.02s
2025-08-21 04:10:10,538:INFO:Epoch: 17500/40000 | Train Loss: 4.809e-02 | Dynamic Loss: 4.809e-02 | Regularization Loss: 5.879e-08 | Val Loss: 6.782e-02 | Active Proj %: 0.00 | Time: 6.99s
2025-08-21 04:10:17,534:INFO:Epoch: 17550/40000 | Train Loss: 5.186e-02 | Dynamic Loss: 5.186e-02 | Regularization Loss: 5.593e-08 | Val Loss: 6.762e-02 | Active Proj %: 0.00 | Time: 6.89s
2025-08-21 04:10:24,635:INFO:Epoch: 17600/40000 | Train Loss: 4.514e-02 | Dynamic Loss: 4.514e-02 | Regularization Loss: 5.321e-08 | Val Loss: 5.581e-02 | Active Proj %: 0.00 | Time: 6.99s
2025-08-21 04:10:24,635:INFO:New best model found at epoch 17600 with validation loss 5.581e-02. Saving...
2025-08-21 04:10:31,696:INFO:Epoch: 17650/40000 | Train Loss: 6.268e-02 | Dynamic Loss: 6.268e-02 | Regularization Loss: 5.062e-08 | Val Loss: 5.793e-02 | Active Proj %: 0.00 | Time: 6.93s
2025-08-21 04:10:38,675:INFO:Epoch: 17700/40000 | Train Loss: 1.419e-01 | Dynamic Loss: 1.419e-01 | Regularization Loss: 4.571e-08 | Val Loss: 7.663e-02 | Active Proj %: 0.00 | Time: 6.87s
2025-08-21 04:10:45,775:INFO:Epoch: 17750/40000 | Train Loss: 7.594e-02 | Dynamic Loss: 7.594e-02 | Regularization Loss: 4.360e-08 | Val Loss: 7.975e-02 | Active Proj %: 0.00 | Time: 6.99s
2025-08-21 04:10:52,809:INFO:Epoch: 17800/40000 | Train Loss: 5.173e-02 | Dynamic Loss: 5.173e-02 | Regularization Loss: 4.158e-08 | Val Loss: 6.079e-02 | Active Proj %: 0.00 | Time: 6.93s
2025-08-21 04:10:59,871:INFO:Epoch: 17850/40000 | Train Loss: 8.869e-02 | Dynamic Loss: 8.869e-02 | Regularization Loss: 3.965e-08 | Val Loss: 8.456e-02 | Active Proj %: 0.00 | Time: 6.95s
2025-08-21 04:11:08,639:INFO:Epoch: 17900/40000 | Train Loss: 5.775e-02 | Dynamic Loss: 5.775e-02 | Regularization Loss: 3.780e-08 | Val Loss: 6.660e-02 | Active Proj %: 0.00 | Time: 8.66s
2025-08-21 04:11:15,670:INFO:Epoch: 17950/40000 | Train Loss: 5.810e-02 | Dynamic Loss: 5.810e-02 | Regularization Loss: 3.604e-08 | Val Loss: 7.196e-02 | Active Proj %: 0.00 | Time: 6.92s
2025-08-21 04:11:22,717:INFO:Epoch: 18000/40000 | Train Loss: 5.422e-02 | Dynamic Loss: 5.422e-02 | Regularization Loss: 3.435e-08 | Val Loss: 6.916e-02 | Active Proj %: 0.00 | Time: 6.94s
2025-08-21 04:11:30,458:INFO:Epoch: 18050/40000 | Train Loss: 5.984e-02 | Dynamic Loss: 5.984e-02 | Regularization Loss: 3.274e-08 | Val Loss: 6.499e-02 | Active Proj %: 0.00 | Time: 7.63s
2025-08-21 04:11:37,503:INFO:Epoch: 18100/40000 | Train Loss: 4.492e-02 | Dynamic Loss: 4.492e-02 | Regularization Loss: 3.121e-08 | Val Loss: 5.908e-02 | Active Proj %: 0.00 | Time: 6.94s
2025-08-21 04:11:44,577:INFO:Epoch: 18150/40000 | Train Loss: 3.933e-02 | Dynamic Loss: 3.933e-02 | Regularization Loss: 2.974e-08 | Val Loss: 5.518e-02 | Active Proj %: 0.00 | Time: 6.96s
2025-08-21 04:11:44,577:INFO:New best model found at epoch 18150 with validation loss 5.518e-02. Saving...
2025-08-21 04:11:56,124:INFO:Epoch: 18200/40000 | Train Loss: 4.639e-02 | Dynamic Loss: 4.639e-02 | Regularization Loss: 2.418e-08 | Val Loss: 6.187e-02 | Active Proj %: 0.00 | Time: 11.42s
2025-08-21 04:12:03,152:INFO:Epoch: 18250/40000 | Train Loss: 4.770e-02 | Dynamic Loss: 4.770e-02 | Regularization Loss: 2.321e-08 | Val Loss: 6.166e-02 | Active Proj %: 0.00 | Time: 6.92s
2025-08-21 04:12:10,201:INFO:Epoch: 18300/40000 | Train Loss: 7.446e-02 | Dynamic Loss: 7.446e-02 | Regularization Loss: 2.227e-08 | Val Loss: 6.267e-02 | Active Proj %: 0.00 | Time: 6.94s
2025-08-21 04:12:22,828:INFO:Epoch: 18350/40000 | Train Loss: 4.635e-02 | Dynamic Loss: 4.635e-02 | Regularization Loss: 2.136e-08 | Val Loss: 6.313e-02 | Active Proj %: 0.00 | Time: 12.52s
2025-08-21 04:12:29,939:INFO:Epoch: 18400/40000 | Train Loss: 8.928e-02 | Dynamic Loss: 8.928e-02 | Regularization Loss: 2.048e-08 | Val Loss: 7.690e-02 | Active Proj %: 0.00 | Time: 7.00s
2025-08-21 04:12:39,117:INFO:Epoch: 18450/40000 | Train Loss: 5.447e-02 | Dynamic Loss: 5.447e-02 | Regularization Loss: 1.963e-08 | Val Loss: 6.851e-02 | Active Proj %: 0.00 | Time: 9.07s
2025-08-21 04:12:46,144:INFO:Epoch: 18500/40000 | Train Loss: 3.853e-02 | Dynamic Loss: 3.853e-02 | Regularization Loss: 1.881e-08 | Val Loss: 5.232e-02 | Active Proj %: 0.00 | Time: 6.92s
2025-08-21 04:12:46,144:INFO:New best model found at epoch 18500 with validation loss 5.232e-02. Saving...
2025-08-21 04:12:53,333:INFO:Epoch: 18550/40000 | Train Loss: 3.690e-02 | Dynamic Loss: 3.690e-02 | Regularization Loss: 1.802e-08 | Val Loss: 5.084e-02 | Active Proj %: 0.00 | Time: 7.06s
2025-08-21 04:12:53,333:INFO:New best model found at epoch 18550 with validation loss 5.084e-02. Saving...
2025-08-21 04:13:00,381:INFO:Epoch: 18600/40000 | Train Loss: 7.294e-02 | Dynamic Loss: 7.294e-02 | Regularization Loss: 1.726e-08 | Val Loss: 7.539e-02 | Active Proj %: 0.00 | Time: 6.92s
2025-08-21 04:13:07,428:INFO:Epoch: 18650/40000 | Train Loss: 4.451e-02 | Dynamic Loss: 4.451e-02 | Regularization Loss: 1.652e-08 | Val Loss: 5.449e-02 | Active Proj %: 0.00 | Time: 6.94s
2025-08-21 04:13:14,536:INFO:Epoch: 18700/40000 | Train Loss: 1.370e-01 | Dynamic Loss: 1.370e-01 | Regularization Loss: 1.582e-08 | Val Loss: 2.060e-01 | Active Proj %: 0.00 | Time: 7.00s
2025-08-21 04:13:21,564:INFO:Epoch: 18750/40000 | Train Loss: 3.888e-02 | Dynamic Loss: 3.888e-02 | Regularization Loss: 1.513e-08 | Val Loss: 5.077e-02 | Active Proj %: 0.00 | Time: 6.92s
2025-08-21 04:13:21,564:INFO:New best model found at epoch 18750 with validation loss 5.077e-02. Saving...
2025-08-21 04:13:28,633:INFO:Epoch: 18800/40000 | Train Loss: 3.943e-02 | Dynamic Loss: 3.943e-02 | Regularization Loss: 1.448e-08 | Val Loss: 4.896e-02 | Active Proj %: 0.00 | Time: 6.94s
2025-08-21 04:13:28,633:INFO:New best model found at epoch 18800 with validation loss 4.896e-02. Saving...
2025-08-21 04:13:42,748:INFO:Epoch: 18850/40000 | Train Loss: 3.984e-02 | Dynamic Loss: 3.984e-02 | Regularization Loss: 1.385e-08 | Val Loss: 5.247e-02 | Active Proj %: 0.00 | Time: 13.99s
2025-08-21 04:13:49,836:INFO:Epoch: 18900/40000 | Train Loss: 9.044e-02 | Dynamic Loss: 9.044e-02 | Regularization Loss: 1.324e-08 | Val Loss: 8.099e-02 | Active Proj %: 0.00 | Time: 6.98s
2025-08-21 04:13:56,856:INFO:Epoch: 18950/40000 | Train Loss: 4.812e-02 | Dynamic Loss: 4.812e-02 | Regularization Loss: 1.266e-08 | Val Loss: 6.200e-02 | Active Proj %: 0.00 | Time: 6.91s
2025-08-21 04:14:10,149:INFO:Epoch: 19000/40000 | Train Loss: 3.984e-02 | Dynamic Loss: 3.984e-02 | Regularization Loss: 1.210e-08 | Val Loss: 5.167e-02 | Active Proj %: 0.00 | Time: 13.19s
2025-08-21 04:14:17,209:INFO:Epoch: 19050/40000 | Train Loss: 4.127e-02 | Dynamic Loss: 4.127e-02 | Regularization Loss: 1.156e-08 | Val Loss: 5.772e-02 | Active Proj %: 0.00 | Time: 6.95s
2025-08-21 04:14:24,275:INFO:Epoch: 19100/40000 | Train Loss: 5.182e-02 | Dynamic Loss: 5.182e-02 | Regularization Loss: 1.105e-08 | Val Loss: 5.856e-02 | Active Proj %: 0.00 | Time: 6.96s
2025-08-21 04:14:38,371:INFO:Epoch: 19150/40000 | Train Loss: 4.153e-02 | Dynamic Loss: 4.153e-02 | Regularization Loss: 1.055e-08 | Val Loss: 5.182e-02 | Active Proj %: 0.00 | Time: 13.99s
2025-08-21 04:14:45,466:INFO:Epoch: 19200/40000 | Train Loss: 3.742e-02 | Dynamic Loss: 3.742e-02 | Regularization Loss: 1.008e-08 | Val Loss: 5.235e-02 | Active Proj %: 0.00 | Time: 6.98s
2025-08-21 04:14:52,603:INFO:Epoch: 19250/40000 | Train Loss: 6.340e-02 | Dynamic Loss: 6.340e-02 | Regularization Loss: 9.627e-09 | Val Loss: 8.580e-02 | Active Proj %: 0.00 | Time: 7.03s
2025-08-21 04:15:07,236:INFO:Epoch: 19300/40000 | Train Loss: 6.282e-02 | Dynamic Loss: 6.282e-02 | Regularization Loss: 9.192e-09 | Val Loss: 5.540e-02 | Active Proj %: 0.00 | Time: 14.52s
2025-08-21 04:15:14,287:INFO:Epoch: 19350/40000 | Train Loss: 5.419e-02 | Dynamic Loss: 5.419e-02 | Regularization Loss: 8.775e-09 | Val Loss: 7.310e-02 | Active Proj %: 0.00 | Time: 6.94s
2025-08-21 04:15:21,371:INFO:Epoch: 19400/40000 | Train Loss: 8.055e-02 | Dynamic Loss: 8.055e-02 | Regularization Loss: 8.376e-09 | Val Loss: 9.803e-02 | Active Proj %: 0.00 | Time: 6.97s
2025-08-21 04:15:36,294:INFO:Epoch: 19450/40000 | Train Loss: 3.673e-02 | Dynamic Loss: 3.673e-02 | Regularization Loss: 7.994e-09 | Val Loss: 5.119e-02 | Active Proj %: 0.00 | Time: 14.81s
2025-08-21 04:15:43,390:INFO:Epoch: 19500/40000 | Train Loss: 4.203e-02 | Dynamic Loss: 4.203e-02 | Regularization Loss: 7.629e-09 | Val Loss: 6.231e-02 | Active Proj %: 0.00 | Time: 6.99s
2025-08-21 04:15:50,499:INFO:Epoch: 19550/40000 | Train Loss: 3.252e-02 | Dynamic Loss: 3.252e-02 | Regularization Loss: 7.279e-09 | Val Loss: 4.646e-02 | Active Proj %: 0.00 | Time: 7.00s
2025-08-21 04:15:50,499:INFO:New best model found at epoch 19550 with validation loss 4.646e-02. Saving...
2025-08-21 04:16:05,174:INFO:Epoch: 19600/40000 | Train Loss: 3.380e-02 | Dynamic Loss: 3.380e-02 | Regularization Loss: 4.026e-09 | Val Loss: 4.535e-02 | Active Proj %: 0.00 | Time: 14.54s
2025-08-21 04:16:05,174:INFO:New best model found at epoch 19600 with validation loss 4.535e-02. Saving...
2025-08-21 04:16:12,271:INFO:Epoch: 19650/40000 | Train Loss: 3.332e-02 | Dynamic Loss: 3.332e-02 | Regularization Loss: 3.930e-09 | Val Loss: 4.489e-02 | Active Proj %: 0.00 | Time: 6.97s
2025-08-21 04:16:12,271:INFO:New best model found at epoch 19650 with validation loss 4.489e-02. Saving...
2025-08-21 04:16:19,369:INFO:Epoch: 19700/40000 | Train Loss: 4.081e-02 | Dynamic Loss: 4.081e-02 | Regularization Loss: 3.834e-09 | Val Loss: 5.200e-02 | Active Proj %: 0.00 | Time: 6.97s
2025-08-21 04:16:34,248:INFO:Epoch: 19750/40000 | Train Loss: 4.286e-02 | Dynamic Loss: 4.286e-02 | Regularization Loss: 3.738e-09 | Val Loss: 4.929e-02 | Active Proj %: 0.00 | Time: 14.77s
2025-08-21 04:16:41,434:INFO:Epoch: 19800/40000 | Train Loss: 3.695e-02 | Dynamic Loss: 3.695e-02 | Regularization Loss: 3.642e-09 | Val Loss: 5.093e-02 | Active Proj %: 0.00 | Time: 7.07s
2025-08-21 04:16:48,594:INFO:Epoch: 19850/40000 | Train Loss: 3.526e-02 | Dynamic Loss: 3.526e-02 | Regularization Loss: 3.546e-09 | Val Loss: 4.638e-02 | Active Proj %: 0.00 | Time: 7.05s
2025-08-21 04:17:03,411:INFO:Epoch: 19900/40000 | Train Loss: 3.678e-02 | Dynamic Loss: 3.678e-02 | Regularization Loss: 3.451e-09 | Val Loss: 4.542e-02 | Active Proj %: 0.00 | Time: 14.71s
2025-08-21 04:17:10,509:INFO:Epoch: 19950/40000 | Train Loss: 4.181e-02 | Dynamic Loss: 4.181e-02 | Regularization Loss: 3.356e-09 | Val Loss: 5.811e-02 | Active Proj %: 0.00 | Time: 6.99s
2025-08-21 04:17:17,608:INFO:Epoch: 20000/40000 | Train Loss: 8.362e-02 | Dynamic Loss: 8.362e-02 | Regularization Loss: 3.262e-09 | Val Loss: 7.336e-02 | Active Proj %: 0.00 | Time: 6.99s
2025-08-21 04:17:32,297:INFO:Epoch: 20050/40000 | Train Loss: 4.835e-02 | Dynamic Loss: 4.835e-02 | Regularization Loss: 3.169e-09 | Val Loss: 5.697e-02 | Active Proj %: 0.00 | Time: 14.58s
2025-08-21 04:17:39,384:INFO:Epoch: 20100/40000 | Train Loss: 4.865e-02 | Dynamic Loss: 4.865e-02 | Regularization Loss: 3.076e-09 | Val Loss: 5.826e-02 | Active Proj %: 0.00 | Time: 6.98s
2025-08-21 04:17:46,513:INFO:Epoch: 20150/40000 | Train Loss: 4.834e-02 | Dynamic Loss: 4.834e-02 | Regularization Loss: 2.985e-09 | Val Loss: 4.365e-02 | Active Proj %: 0.00 | Time: 7.02s
2025-08-21 04:17:46,513:INFO:New best model found at epoch 20150 with validation loss 4.365e-02. Saving...
2025-08-21 04:18:01,097:INFO:Epoch: 20200/40000 | Train Loss: 1.247e-01 | Dynamic Loss: 1.247e-01 | Regularization Loss: 2.895e-09 | Val Loss: 1.352e-01 | Active Proj %: 0.00 | Time: 14.45s
2025-08-21 04:18:08,172:INFO:Epoch: 20250/40000 | Train Loss: 4.319e-02 | Dynamic Loss: 4.319e-02 | Regularization Loss: 2.806e-09 | Val Loss: 4.580e-02 | Active Proj %: 0.00 | Time: 6.96s
2025-08-21 04:18:15,252:INFO:Epoch: 20300/40000 | Train Loss: 3.508e-02 | Dynamic Loss: 3.508e-02 | Regularization Loss: 2.718e-09 | Val Loss: 4.602e-02 | Active Proj %: 0.00 | Time: 6.97s
2025-08-21 04:18:29,935:INFO:Epoch: 20350/40000 | Train Loss: 3.062e-02 | Dynamic Loss: 3.062e-02 | Regularization Loss: 2.631e-09 | Val Loss: 4.254e-02 | Active Proj %: 0.00 | Time: 14.57s
2025-08-21 04:18:29,935:INFO:New best model found at epoch 20350 with validation loss 4.254e-02. Saving...
2025-08-21 04:18:37,058:INFO:Epoch: 20400/40000 | Train Loss: 4.472e-02 | Dynamic Loss: 4.472e-02 | Regularization Loss: 2.546e-09 | Val Loss: 5.320e-02 | Active Proj %: 0.00 | Time: 6.99s
2025-08-21 04:18:44,166:INFO:Epoch: 20450/40000 | Train Loss: 4.162e-02 | Dynamic Loss: 4.162e-02 | Regularization Loss: 2.462e-09 | Val Loss: 4.742e-02 | Active Proj %: 0.00 | Time: 7.00s
2025-08-21 04:18:58,699:INFO:Epoch: 20500/40000 | Train Loss: 3.154e-02 | Dynamic Loss: 3.154e-02 | Regularization Loss: 2.380e-09 | Val Loss: 4.380e-02 | Active Proj %: 0.00 | Time: 14.43s
2025-08-21 04:19:05,634:INFO:Epoch: 20550/40000 | Train Loss: 3.602e-02 | Dynamic Loss: 3.602e-02 | Regularization Loss: 2.300e-09 | Val Loss: 6.351e-02 | Active Proj %: 0.00 | Time: 6.83s
2025-08-21 04:19:12,512:INFO:Epoch: 20600/40000 | Train Loss: 2.657e-02 | Dynamic Loss: 2.657e-02 | Regularization Loss: 2.221e-09 | Val Loss: 3.849e-02 | Active Proj %: 0.00 | Time: 6.78s
2025-08-21 04:19:12,512:INFO:New best model found at epoch 20600 with validation loss 3.849e-02. Saving...
2025-08-21 04:19:19,399:INFO:Epoch: 20650/40000 | Train Loss: 3.425e-02 | Dynamic Loss: 3.425e-02 | Regularization Loss: 2.144e-09 | Val Loss: 4.672e-02 | Active Proj %: 0.00 | Time: 6.77s
2025-08-21 04:19:27,030:INFO:Epoch: 20700/40000 | Train Loss: 3.089e-02 | Dynamic Loss: 3.089e-02 | Regularization Loss: 2.068e-09 | Val Loss: 4.917e-02 | Active Proj %: 0.00 | Time: 7.53s
2025-08-21 04:19:33,886:INFO:Epoch: 20750/40000 | Train Loss: 2.940e-02 | Dynamic Loss: 2.940e-02 | Regularization Loss: 1.995e-09 | Val Loss: 3.879e-02 | Active Proj %: 0.00 | Time: 6.76s
2025-08-21 04:19:40,739:INFO:Epoch: 20800/40000 | Train Loss: 4.003e-02 | Dynamic Loss: 4.003e-02 | Regularization Loss: 1.923e-09 | Val Loss: 6.527e-02 | Active Proj %: 0.00 | Time: 6.75s
2025-08-21 04:19:47,629:INFO:Epoch: 20850/40000 | Train Loss: 3.122e-02 | Dynamic Loss: 3.122e-02 | Regularization Loss: 1.853e-09 | Val Loss: 4.607e-02 | Active Proj %: 0.00 | Time: 6.79s
2025-08-21 04:19:54,521:INFO:Epoch: 20900/40000 | Train Loss: 3.484e-02 | Dynamic Loss: 3.484e-02 | Regularization Loss: 1.785e-09 | Val Loss: 4.721e-02 | Active Proj %: 0.00 | Time: 6.79s
2025-08-21 04:20:04,764:INFO:Epoch: 20950/40000 | Train Loss: 4.867e-02 | Dynamic Loss: 4.867e-02 | Regularization Loss: 1.718e-09 | Val Loss: 4.606e-02 | Active Proj %: 0.00 | Time: 10.14s
2025-08-21 04:20:11,694:INFO:Epoch: 21000/40000 | Train Loss: 3.063e-02 | Dynamic Loss: 3.063e-02 | Regularization Loss: 1.654e-09 | Val Loss: 3.880e-02 | Active Proj %: 0.00 | Time: 6.83s
2025-08-21 04:20:18,558:INFO:Epoch: 21050/40000 | Train Loss: 6.597e-02 | Dynamic Loss: 6.597e-02 | Regularization Loss: 1.591e-09 | Val Loss: 1.473e-01 | Active Proj %: 0.00 | Time: 6.77s
2025-08-21 04:20:25,475:INFO:Epoch: 21100/40000 | Train Loss: 3.048e-02 | Dynamic Loss: 3.048e-02 | Regularization Loss: 1.530e-09 | Val Loss: 4.646e-02 | Active Proj %: 0.00 | Time: 6.82s
2025-08-21 04:20:35,375:INFO:Epoch: 21150/40000 | Train Loss: 3.359e-02 | Dynamic Loss: 3.359e-02 | Regularization Loss: 1.471e-09 | Val Loss: 4.223e-02 | Active Proj %: 0.00 | Time: 9.80s
2025-08-21 04:20:42,290:INFO:Epoch: 21200/40000 | Train Loss: 4.131e-02 | Dynamic Loss: 4.131e-02 | Regularization Loss: 1.414e-09 | Val Loss: 4.859e-02 | Active Proj %: 0.00 | Time: 6.82s
2025-08-21 04:20:49,169:INFO:Epoch: 21250/40000 | Train Loss: 3.615e-02 | Dynamic Loss: 3.615e-02 | Regularization Loss: 1.359e-09 | Val Loss: 4.341e-02 | Active Proj %: 0.00 | Time: 6.78s
2025-08-21 04:20:56,079:INFO:Epoch: 21300/40000 | Train Loss: 2.635e-02 | Dynamic Loss: 2.635e-02 | Regularization Loss: 1.305e-09 | Val Loss: 4.120e-02 | Active Proj %: 0.00 | Time: 6.81s
2025-08-21 04:21:02,959:INFO:Epoch: 21350/40000 | Train Loss: 1.219e-01 | Dynamic Loss: 1.219e-01 | Regularization Loss: 1.254e-09 | Val Loss: 1.913e-01 | Active Proj %: 0.00 | Time: 6.78s
2025-08-21 04:21:12,066:INFO:Epoch: 21400/40000 | Train Loss: 2.946e-02 | Dynamic Loss: 2.946e-02 | Regularization Loss: 1.204e-09 | Val Loss: 4.158e-02 | Active Proj %: 0.00 | Time: 9.01s
2025-08-21 04:21:18,960:INFO:Epoch: 21450/40000 | Train Loss: 3.879e-02 | Dynamic Loss: 3.879e-02 | Regularization Loss: 1.155e-09 | Val Loss: 5.451e-02 | Active Proj %: 0.00 | Time: 6.79s
2025-08-21 04:21:25,864:INFO:Epoch: 21500/40000 | Train Loss: 3.404e-02 | Dynamic Loss: 3.404e-02 | Regularization Loss: 1.109e-09 | Val Loss: 4.867e-02 | Active Proj %: 0.00 | Time: 6.80s
2025-08-21 04:21:32,718:INFO:Epoch: 21550/40000 | Train Loss: 2.775e-02 | Dynamic Loss: 2.775e-02 | Regularization Loss: 1.064e-09 | Val Loss: 4.077e-02 | Active Proj %: 0.00 | Time: 6.75s
2025-08-21 04:21:45,988:INFO:Epoch: 21600/40000 | Train Loss: 3.273e-02 | Dynamic Loss: 3.273e-02 | Regularization Loss: 1.020e-09 | Val Loss: 4.662e-02 | Active Proj %: 0.00 | Time: 13.17s
2025-08-21 04:21:52,996:INFO:Epoch: 21650/40000 | Train Loss: 2.642e-02 | Dynamic Loss: 2.642e-02 | Regularization Loss: 9.787e-10 | Val Loss: 4.399e-02 | Active Proj %: 0.00 | Time: 6.91s
2025-08-21 04:21:59,889:INFO:Epoch: 21700/40000 | Train Loss: 2.679e-02 | Dynamic Loss: 2.679e-02 | Regularization Loss: 9.385e-10 | Val Loss: 4.176e-02 | Active Proj %: 0.00 | Time: 6.79s
2025-08-21 04:22:06,796:INFO:Epoch: 21750/40000 | Train Loss: 3.491e-02 | Dynamic Loss: 3.491e-02 | Regularization Loss: 8.998e-10 | Val Loss: 4.581e-02 | Active Proj %: 0.00 | Time: 6.80s
2025-08-21 04:22:17,557:INFO:Epoch: 21800/40000 | Train Loss: 2.446e-02 | Dynamic Loss: 2.446e-02 | Regularization Loss: 8.626e-10 | Val Loss: 3.850e-02 | Active Proj %: 0.00 | Time: 10.66s
2025-08-21 04:22:24,549:INFO:Epoch: 21850/40000 | Train Loss: 3.266e-02 | Dynamic Loss: 3.266e-02 | Regularization Loss: 8.269e-10 | Val Loss: 4.452e-02 | Active Proj %: 0.00 | Time: 6.89s
2025-08-21 04:22:31,467:INFO:Epoch: 21900/40000 | Train Loss: 2.913e-02 | Dynamic Loss: 2.913e-02 | Regularization Loss: 7.925e-10 | Val Loss: 4.142e-02 | Active Proj %: 0.00 | Time: 6.82s
2025-08-21 04:22:38,351:INFO:Epoch: 21950/40000 | Train Loss: 3.027e-02 | Dynamic Loss: 3.027e-02 | Regularization Loss: 7.595e-10 | Val Loss: 4.400e-02 | Active Proj %: 0.00 | Time: 6.78s
2025-08-21 04:22:45,264:INFO:Epoch: 22000/40000 | Train Loss: 3.204e-02 | Dynamic Loss: 3.204e-02 | Regularization Loss: 7.278e-10 | Val Loss: 4.406e-02 | Active Proj %: 0.00 | Time: 6.81s
2025-08-21 04:23:00,103:INFO:Epoch: 22050/40000 | Train Loss: 3.002e-02 | Dynamic Loss: 3.002e-02 | Regularization Loss: 6.974e-10 | Val Loss: 3.978e-02 | Active Proj %: 0.00 | Time: 14.74s
2025-08-21 04:23:07,015:INFO:Epoch: 22100/40000 | Train Loss: 2.786e-02 | Dynamic Loss: 2.786e-02 | Regularization Loss: 6.683e-10 | Val Loss: 4.718e-02 | Active Proj %: 0.00 | Time: 6.81s
2025-08-21 04:23:13,870:INFO:Epoch: 22150/40000 | Train Loss: 4.156e-02 | Dynamic Loss: 4.156e-02 | Regularization Loss: 6.403e-10 | Val Loss: 5.782e-02 | Active Proj %: 0.00 | Time: 6.76s
2025-08-21 04:23:20,767:INFO:Epoch: 22200/40000 | Train Loss: 3.587e-02 | Dynamic Loss: 3.587e-02 | Regularization Loss: 6.135e-10 | Val Loss: 4.101e-02 | Active Proj %: 0.00 | Time: 6.80s
2025-08-21 04:23:31,451:INFO:Epoch: 22250/40000 | Train Loss: 2.478e-02 | Dynamic Loss: 2.478e-02 | Regularization Loss: 5.878e-10 | Val Loss: 3.473e-02 | Active Proj %: 0.00 | Time: 10.58s
2025-08-21 04:23:31,451:INFO:New best model found at epoch 22250 with validation loss 3.473e-02. Saving...
2025-08-21 04:23:38,388:INFO:Epoch: 22300/40000 | Train Loss: 4.477e-02 | Dynamic Loss: 4.477e-02 | Regularization Loss: 5.631e-10 | Val Loss: 8.380e-02 | Active Proj %: 0.00 | Time: 6.82s
2025-08-21 04:23:45,302:INFO:Epoch: 22350/40000 | Train Loss: 4.748e-02 | Dynamic Loss: 4.748e-02 | Regularization Loss: 5.395e-10 | Val Loss: 5.461e-02 | Active Proj %: 0.00 | Time: 6.81s
2025-08-21 04:23:52,209:INFO:Epoch: 22400/40000 | Train Loss: 5.641e-02 | Dynamic Loss: 5.641e-02 | Regularization Loss: 5.170e-10 | Val Loss: 6.328e-02 | Active Proj %: 0.00 | Time: 6.81s
2025-08-21 04:23:59,088:INFO:Epoch: 22450/40000 | Train Loss: 2.255e-02 | Dynamic Loss: 2.255e-02 | Regularization Loss: 4.953e-10 | Val Loss: 3.554e-02 | Active Proj %: 0.00 | Time: 6.78s
2025-08-21 04:24:11,222:INFO:Epoch: 22500/40000 | Train Loss: 2.669e-02 | Dynamic Loss: 2.669e-02 | Regularization Loss: 4.746e-10 | Val Loss: 3.704e-02 | Active Proj %: 0.00 | Time: 12.03s
2025-08-21 04:24:18,098:INFO:Epoch: 22550/40000 | Train Loss: 2.866e-02 | Dynamic Loss: 2.866e-02 | Regularization Loss: 4.548e-10 | Val Loss: 4.423e-02 | Active Proj %: 0.00 | Time: 6.78s
2025-08-21 04:24:24,975:INFO:Epoch: 22600/40000 | Train Loss: 2.233e-02 | Dynamic Loss: 2.233e-02 | Regularization Loss: 4.359e-10 | Val Loss: 3.329e-02 | Active Proj %: 0.00 | Time: 6.78s
2025-08-21 04:24:24,975:INFO:New best model found at epoch 22600 with validation loss 3.329e-02. Saving...
2025-08-21 04:24:31,912:INFO:Epoch: 22650/40000 | Train Loss: 2.934e-02 | Dynamic Loss: 2.934e-02 | Regularization Loss: 4.178e-10 | Val Loss: 4.002e-02 | Active Proj %: 0.00 | Time: 6.82s
2025-08-21 04:24:46,131:INFO:Epoch: 22700/40000 | Train Loss: 2.927e-02 | Dynamic Loss: 2.927e-02 | Regularization Loss: 4.005e-10 | Val Loss: 3.795e-02 | Active Proj %: 0.00 | Time: 14.12s
2025-08-21 04:24:53,015:INFO:Epoch: 22750/40000 | Train Loss: 4.538e-02 | Dynamic Loss: 4.538e-02 | Regularization Loss: 3.839e-10 | Val Loss: 4.751e-02 | Active Proj %: 0.00 | Time: 6.79s
2025-08-21 04:24:59,951:INFO:Epoch: 22800/40000 | Train Loss: 2.353e-02 | Dynamic Loss: 2.353e-02 | Regularization Loss: 3.681e-10 | Val Loss: 3.474e-02 | Active Proj %: 0.00 | Time: 6.84s
2025-08-21 04:25:06,817:INFO:Epoch: 22850/40000 | Train Loss: 3.596e-02 | Dynamic Loss: 3.596e-02 | Regularization Loss: 3.530e-10 | Val Loss: 5.328e-02 | Active Proj %: 0.00 | Time: 6.77s
2025-08-21 04:25:13,697:INFO:Epoch: 22900/40000 | Train Loss: 2.174e-02 | Dynamic Loss: 2.174e-02 | Regularization Loss: 3.385e-10 | Val Loss: 3.190e-02 | Active Proj %: 0.00 | Time: 6.78s
2025-08-21 04:25:13,697:INFO:New best model found at epoch 22900 with validation loss 3.190e-02. Saving...
2025-08-21 04:25:25,468:INFO:Epoch: 22950/40000 | Train Loss: 3.050e-02 | Dynamic Loss: 3.050e-02 | Regularization Loss: 3.247e-10 | Val Loss: 3.739e-02 | Active Proj %: 0.00 | Time: 11.65s
2025-08-21 04:25:32,339:INFO:Epoch: 23000/40000 | Train Loss: 2.845e-02 | Dynamic Loss: 2.845e-02 | Regularization Loss: 3.115e-10 | Val Loss: 3.753e-02 | Active Proj %: 0.00 | Time: 6.77s
2025-08-21 04:25:39,246:INFO:Epoch: 23050/40000 | Train Loss: 2.882e-02 | Dynamic Loss: 2.882e-02 | Regularization Loss: 2.989e-10 | Val Loss: 4.000e-02 | Active Proj %: 0.00 | Time: 6.81s
2025-08-21 04:25:46,135:INFO:Epoch: 23100/40000 | Train Loss: 4.283e-02 | Dynamic Loss: 4.283e-02 | Regularization Loss: 2.869e-10 | Val Loss: 5.866e-02 | Active Proj %: 0.00 | Time: 6.79s
2025-08-21 04:26:00,486:INFO:Epoch: 23150/40000 | Train Loss: 3.037e-02 | Dynamic Loss: 3.037e-02 | Regularization Loss: 2.754e-10 | Val Loss: 4.166e-02 | Active Proj %: 0.00 | Time: 14.25s
2025-08-21 04:26:07,455:INFO:Epoch: 23200/40000 | Train Loss: 2.651e-02 | Dynamic Loss: 2.651e-02 | Regularization Loss: 2.644e-10 | Val Loss: 3.586e-02 | Active Proj %: 0.00 | Time: 6.87s
2025-08-21 04:26:14,411:INFO:Epoch: 23250/40000 | Train Loss: 1.012e-01 | Dynamic Loss: 1.012e-01 | Regularization Loss: 2.540e-10 | Val Loss: 5.269e-02 | Active Proj %: 0.00 | Time: 6.86s
2025-08-21 04:26:21,307:INFO:Epoch: 23300/40000 | Train Loss: 3.097e-02 | Dynamic Loss: 3.097e-02 | Regularization Loss: 2.440e-10 | Val Loss: 3.893e-02 | Active Proj %: 0.00 | Time: 6.79s
2025-08-21 04:26:28,218:INFO:Epoch: 23350/40000 | Train Loss: 5.606e-02 | Dynamic Loss: 5.606e-02 | Regularization Loss: 2.344e-10 | Val Loss: 9.202e-02 | Active Proj %: 0.00 | Time: 6.81s
2025-08-21 04:26:39,971:INFO:Epoch: 23400/40000 | Train Loss: 3.141e-02 | Dynamic Loss: 3.141e-02 | Regularization Loss: 2.253e-10 | Val Loss: 3.602e-02 | Active Proj %: 0.00 | Time: 11.65s
2025-08-21 04:26:46,865:INFO:Epoch: 23450/40000 | Train Loss: 3.041e-02 | Dynamic Loss: 3.041e-02 | Regularization Loss: 2.166e-10 | Val Loss: 4.802e-02 | Active Proj %: 0.00 | Time: 6.79s
2025-08-21 04:26:53,787:INFO:Epoch: 23500/40000 | Train Loss: 2.503e-02 | Dynamic Loss: 2.503e-02 | Regularization Loss: 2.083e-10 | Val Loss: 4.116e-02 | Active Proj %: 0.00 | Time: 6.82s
2025-08-21 04:27:00,698:INFO:Epoch: 23550/40000 | Train Loss: 1.911e-02 | Dynamic Loss: 1.911e-02 | Regularization Loss: 2.003e-10 | Val Loss: 3.060e-02 | Active Proj %: 0.00 | Time: 6.81s
2025-08-21 04:27:00,699:INFO:New best model found at epoch 23550 with validation loss 3.060e-02. Saving...
2025-08-21 04:27:13,227:INFO:Epoch: 23600/40000 | Train Loss: 3.403e-02 | Dynamic Loss: 3.403e-02 | Regularization Loss: 1.928e-10 | Val Loss: 5.661e-02 | Active Proj %: 0.00 | Time: 12.41s
2025-08-21 04:27:20,130:INFO:Epoch: 23650/40000 | Train Loss: 2.171e-02 | Dynamic Loss: 2.171e-02 | Regularization Loss: 1.855e-10 | Val Loss: 3.336e-02 | Active Proj %: 0.00 | Time: 6.80s
2025-08-21 04:27:27,047:INFO:Epoch: 23700/40000 | Train Loss: 4.257e-02 | Dynamic Loss: 4.257e-02 | Regularization Loss: 1.786e-10 | Val Loss: 7.182e-02 | Active Proj %: 0.00 | Time: 6.81s
2025-08-21 04:27:33,928:INFO:Epoch: 23750/40000 | Train Loss: 2.997e-02 | Dynamic Loss: 2.997e-02 | Regularization Loss: 1.720e-10 | Val Loss: 3.181e-02 | Active Proj %: 0.00 | Time: 6.78s
2025-08-21 04:27:40,814:INFO:Epoch: 23800/40000 | Train Loss: 2.486e-02 | Dynamic Loss: 2.486e-02 | Regularization Loss: 1.658e-10 | Val Loss: 3.568e-02 | Active Proj %: 0.00 | Time: 6.79s
2025-08-21 04:27:51,130:INFO:Epoch: 23850/40000 | Train Loss: 2.665e-02 | Dynamic Loss: 2.665e-02 | Regularization Loss: 1.597e-10 | Val Loss: 4.435e-02 | Active Proj %: 0.00 | Time: 10.21s
2025-08-21 04:27:58,101:INFO:Epoch: 23900/40000 | Train Loss: 3.237e-02 | Dynamic Loss: 3.237e-02 | Regularization Loss: 1.540e-10 | Val Loss: 4.277e-02 | Active Proj %: 0.00 | Time: 6.87s
2025-08-21 04:28:05,000:INFO:Epoch: 23950/40000 | Train Loss: 3.191e-02 | Dynamic Loss: 3.191e-02 | Regularization Loss: 1.485e-10 | Val Loss: 4.051e-02 | Active Proj %: 0.00 | Time: 6.80s
2025-08-21 04:28:11,910:INFO:Epoch: 24000/40000 | Train Loss: 2.855e-02 | Dynamic Loss: 2.855e-02 | Regularization Loss: 1.433e-10 | Val Loss: 3.858e-02 | Active Proj %: 0.00 | Time: 6.81s
2025-08-21 04:28:21,518:INFO:Epoch: 24050/40000 | Train Loss: 2.019e-02 | Dynamic Loss: 2.019e-02 | Regularization Loss: 1.383e-10 | Val Loss: 3.035e-02 | Active Proj %: 0.00 | Time: 9.50s
2025-08-21 04:28:21,518:INFO:New best model found at epoch 24050 with validation loss 3.035e-02. Saving...
2025-08-21 04:28:28,462:INFO:Epoch: 24100/40000 | Train Loss: 2.114e-02 | Dynamic Loss: 2.114e-02 | Regularization Loss: 1.335e-10 | Val Loss: 3.319e-02 | Active Proj %: 0.00 | Time: 6.82s
2025-08-21 04:28:35,367:INFO:Epoch: 24150/40000 | Train Loss: 2.932e-02 | Dynamic Loss: 2.932e-02 | Regularization Loss: 1.290e-10 | Val Loss: 4.117e-02 | Active Proj %: 0.00 | Time: 6.80s
2025-08-21 04:28:42,283:INFO:Epoch: 24200/40000 | Train Loss: 2.586e-02 | Dynamic Loss: 2.586e-02 | Regularization Loss: 1.246e-10 | Val Loss: 4.124e-02 | Active Proj %: 0.00 | Time: 6.81s
2025-08-21 04:28:49,260:INFO:Epoch: 24250/40000 | Train Loss: 2.810e-02 | Dynamic Loss: 2.810e-02 | Regularization Loss: 1.204e-10 | Val Loss: 5.562e-02 | Active Proj %: 0.00 | Time: 6.87s
2025-08-21 04:28:56,182:INFO:Epoch: 24300/40000 | Train Loss: 2.163e-02 | Dynamic Loss: 2.163e-02 | Regularization Loss: 1.165e-10 | Val Loss: 2.863e-02 | Active Proj %: 0.00 | Time: 6.82s
2025-08-21 04:28:56,182:INFO:New best model found at epoch 24300 with validation loss 2.863e-02. Saving...
2025-08-21 04:29:03,116:INFO:Epoch: 24350/40000 | Train Loss: 3.221e-02 | Dynamic Loss: 3.221e-02 | Regularization Loss: 1.126e-10 | Val Loss: 3.465e-02 | Active Proj %: 0.00 | Time: 6.81s
2025-08-21 04:29:10,010:INFO:Epoch: 24400/40000 | Train Loss: 2.367e-02 | Dynamic Loss: 2.367e-02 | Regularization Loss: 1.090e-10 | Val Loss: 3.223e-02 | Active Proj %: 0.00 | Time: 6.79s
2025-08-21 04:29:16,906:INFO:Epoch: 24450/40000 | Train Loss: 2.719e-02 | Dynamic Loss: 2.719e-02 | Regularization Loss: 1.055e-10 | Val Loss: 4.393e-02 | Active Proj %: 0.00 | Time: 6.79s
2025-08-21 04:29:28,793:INFO:Epoch: 24500/40000 | Train Loss: 3.096e-02 | Dynamic Loss: 3.096e-02 | Regularization Loss: 1.022e-10 | Val Loss: 4.309e-02 | Active Proj %: 0.00 | Time: 11.78s
2025-08-21 04:29:35,702:INFO:Epoch: 24550/40000 | Train Loss: 2.136e-02 | Dynamic Loss: 2.136e-02 | Regularization Loss: 9.901e-11 | Val Loss: 3.312e-02 | Active Proj %: 0.00 | Time: 6.81s
2025-08-21 04:29:42,570:INFO:Epoch: 24600/40000 | Train Loss: 2.494e-02 | Dynamic Loss: 2.494e-02 | Regularization Loss: 9.596e-11 | Val Loss: 3.868e-02 | Active Proj %: 0.00 | Time: 6.77s
2025-08-21 04:29:49,471:INFO:Epoch: 24650/40000 | Train Loss: 2.106e-02 | Dynamic Loss: 2.106e-02 | Regularization Loss: 9.305e-11 | Val Loss: 3.410e-02 | Active Proj %: 0.00 | Time: 6.80s
2025-08-21 04:30:02,101:INFO:Epoch: 24700/40000 | Train Loss: 5.681e-02 | Dynamic Loss: 5.681e-02 | Regularization Loss: 9.025e-11 | Val Loss: 7.791e-02 | Active Proj %: 0.00 | Time: 12.52s
2025-08-21 04:30:09,025:INFO:Epoch: 24750/40000 | Train Loss: 1.884e-02 | Dynamic Loss: 1.884e-02 | Regularization Loss: 8.758e-11 | Val Loss: 3.459e-02 | Active Proj %: 0.00 | Time: 6.82s
2025-08-21 04:30:15,882:INFO:Epoch: 24800/40000 | Train Loss: 5.408e-02 | Dynamic Loss: 5.408e-02 | Regularization Loss: 8.502e-11 | Val Loss: 4.725e-02 | Active Proj %: 0.00 | Time: 6.75s
2025-08-21 04:30:22,802:INFO:Epoch: 24850/40000 | Train Loss: 3.328e-02 | Dynamic Loss: 3.328e-02 | Regularization Loss: 8.256e-11 | Val Loss: 3.577e-02 | Active Proj %: 0.00 | Time: 6.81s
2025-08-21 04:30:29,700:INFO:Epoch: 24900/40000 | Train Loss: 2.215e-02 | Dynamic Loss: 2.215e-02 | Regularization Loss: 8.021e-11 | Val Loss: 3.641e-02 | Active Proj %: 0.00 | Time: 6.80s
2025-08-21 04:30:44,649:INFO:Epoch: 24950/40000 | Train Loss: 2.758e-02 | Dynamic Loss: 2.758e-02 | Regularization Loss: 7.796e-11 | Val Loss: 4.801e-02 | Active Proj %: 0.00 | Time: 14.84s
2025-08-21 04:30:51,603:INFO:Epoch: 25000/40000 | Train Loss: 2.293e-02 | Dynamic Loss: 2.293e-02 | Regularization Loss: 7.580e-11 | Val Loss: 3.037e-02 | Active Proj %: 0.00 | Time: 6.85s
2025-08-21 04:30:58,543:INFO:Epoch: 25050/40000 | Train Loss: 3.007e-02 | Dynamic Loss: 3.007e-02 | Regularization Loss: 7.373e-11 | Val Loss: 4.980e-02 | Active Proj %: 0.00 | Time: 6.84s
2025-08-21 04:31:05,442:INFO:Epoch: 25100/40000 | Train Loss: 4.075e-02 | Dynamic Loss: 4.075e-02 | Regularization Loss: 7.174e-11 | Val Loss: 6.199e-02 | Active Proj %: 0.00 | Time: 6.80s
2025-08-21 04:31:12,353:INFO:Epoch: 25150/40000 | Train Loss: 1.875e-02 | Dynamic Loss: 1.875e-02 | Regularization Loss: 6.983e-11 | Val Loss: 2.981e-02 | Active Proj %: 0.00 | Time: 6.81s
2025-08-21 04:31:22,472:INFO:Epoch: 25200/40000 | Train Loss: 2.139e-02 | Dynamic Loss: 2.139e-02 | Regularization Loss: 6.800e-11 | Val Loss: 3.325e-02 | Active Proj %: 0.00 | Time: 10.01s
2025-08-21 04:31:29,341:INFO:Epoch: 25250/40000 | Train Loss: 3.106e-02 | Dynamic Loss: 3.106e-02 | Regularization Loss: 6.624e-11 | Val Loss: 3.304e-02 | Active Proj %: 0.00 | Time: 6.77s
2025-08-21 04:31:36,214:INFO:Epoch: 25300/40000 | Train Loss: 1.967e-02 | Dynamic Loss: 1.967e-02 | Regularization Loss: 6.455e-11 | Val Loss: 3.467e-02 | Active Proj %: 0.00 | Time: 6.77s
2025-08-21 04:31:43,094:INFO:Epoch: 25350/40000 | Train Loss: 1.650e-02 | Dynamic Loss: 1.650e-02 | Regularization Loss: 6.293e-11 | Val Loss: 2.771e-02 | Active Proj %: 0.00 | Time: 6.78s
2025-08-21 04:31:43,094:INFO:New best model found at epoch 25350 with validation loss 2.771e-02. Saving...
2025-08-21 04:31:56,534:INFO:Epoch: 25400/40000 | Train Loss: 2.862e-02 | Dynamic Loss: 2.862e-02 | Regularization Loss: 6.137e-11 | Val Loss: 4.335e-02 | Active Proj %: 0.00 | Time: 13.32s
2025-08-21 04:32:03,448:INFO:Epoch: 25450/40000 | Train Loss: 2.332e-02 | Dynamic Loss: 2.332e-02 | Regularization Loss: 5.987e-11 | Val Loss: 3.332e-02 | Active Proj %: 0.00 | Time: 6.81s
2025-08-21 04:32:10,369:INFO:Epoch: 25500/40000 | Train Loss: 2.603e-02 | Dynamic Loss: 2.603e-02 | Regularization Loss: 5.843e-11 | Val Loss: 3.232e-02 | Active Proj %: 0.00 | Time: 6.82s
2025-08-21 04:32:17,494:INFO:Epoch: 25550/40000 | Train Loss: 2.095e-02 | Dynamic Loss: 2.095e-02 | Regularization Loss: 5.705e-11 | Val Loss: 3.225e-02 | Active Proj %: 0.00 | Time: 6.98s
2025-08-21 04:32:28,930:INFO:Epoch: 25600/40000 | Train Loss: 2.750e-02 | Dynamic Loss: 2.750e-02 | Regularization Loss: 5.571e-11 | Val Loss: 5.109e-02 | Active Proj %: 0.00 | Time: 11.33s
2025-08-21 04:32:35,900:INFO:Epoch: 25650/40000 | Train Loss: 3.206e-02 | Dynamic Loss: 3.206e-02 | Regularization Loss: 5.443e-11 | Val Loss: 5.985e-02 | Active Proj %: 0.00 | Time: 6.86s
2025-08-21 04:32:42,832:INFO:Epoch: 25700/40000 | Train Loss: 2.547e-02 | Dynamic Loss: 2.547e-02 | Regularization Loss: 5.319e-11 | Val Loss: 3.620e-02 | Active Proj %: 0.00 | Time: 6.83s
2025-08-21 04:32:49,769:INFO:Epoch: 25750/40000 | Train Loss: 2.485e-02 | Dynamic Loss: 2.485e-02 | Regularization Loss: 5.200e-11 | Val Loss: 2.952e-02 | Active Proj %: 0.00 | Time: 6.83s
2025-08-21 04:32:56,705:INFO:Epoch: 25800/40000 | Train Loss: 1.966e-02 | Dynamic Loss: 1.966e-02 | Regularization Loss: 5.085e-11 | Val Loss: 2.962e-02 | Active Proj %: 0.00 | Time: 6.83s
2025-08-21 04:33:07,585:INFO:Epoch: 25850/40000 | Train Loss: 2.035e-02 | Dynamic Loss: 2.035e-02 | Regularization Loss: 4.975e-11 | Val Loss: 3.008e-02 | Active Proj %: 0.00 | Time: 10.78s
2025-08-21 04:33:14,492:INFO:Epoch: 25900/40000 | Train Loss: 1.875e-02 | Dynamic Loss: 1.875e-02 | Regularization Loss: 4.868e-11 | Val Loss: 3.202e-02 | Active Proj %: 0.00 | Time: 6.80s
2025-08-21 04:33:21,431:INFO:Epoch: 25950/40000 | Train Loss: 2.901e-02 | Dynamic Loss: 2.901e-02 | Regularization Loss: 4.765e-11 | Val Loss: 3.855e-02 | Active Proj %: 0.00 | Time: 6.84s
2025-08-21 04:33:28,336:INFO:Epoch: 26000/40000 | Train Loss: 2.113e-02 | Dynamic Loss: 2.113e-02 | Regularization Loss: 4.666e-11 | Val Loss: 3.257e-02 | Active Proj %: 0.00 | Time: 6.80s
2025-08-21 04:33:42,538:INFO:Epoch: 26050/40000 | Train Loss: 1.867e-02 | Dynamic Loss: 1.867e-02 | Regularization Loss: 4.570e-11 | Val Loss: 3.194e-02 | Active Proj %: 0.00 | Time: 14.10s
2025-08-21 04:33:49,543:INFO:Epoch: 26100/40000 | Train Loss: 2.188e-02 | Dynamic Loss: 2.188e-02 | Regularization Loss: 4.478e-11 | Val Loss: 3.413e-02 | Active Proj %: 0.00 | Time: 6.90s
2025-08-21 04:33:56,492:INFO:Epoch: 26150/40000 | Train Loss: 2.032e-02 | Dynamic Loss: 2.032e-02 | Regularization Loss: 4.388e-11 | Val Loss: 3.263e-02 | Active Proj %: 0.00 | Time: 6.85s
2025-08-21 04:34:03,461:INFO:Epoch: 26200/40000 | Train Loss: 2.613e-02 | Dynamic Loss: 2.613e-02 | Regularization Loss: 4.302e-11 | Val Loss: 4.002e-02 | Active Proj %: 0.00 | Time: 6.87s
2025-08-21 04:34:13,327:INFO:Epoch: 26250/40000 | Train Loss: 1.927e-02 | Dynamic Loss: 1.927e-02 | Regularization Loss: 4.219e-11 | Val Loss: 2.748e-02 | Active Proj %: 0.00 | Time: 9.76s
2025-08-21 04:34:13,327:INFO:New best model found at epoch 26250 with validation loss 2.748e-02. Saving...
2025-08-21 04:34:20,271:INFO:Epoch: 26300/40000 | Train Loss: 2.248e-02 | Dynamic Loss: 2.248e-02 | Regularization Loss: 4.138e-11 | Val Loss: 3.387e-02 | Active Proj %: 0.00 | Time: 6.81s
2025-08-21 04:34:27,243:INFO:Epoch: 26350/40000 | Train Loss: 1.940e-02 | Dynamic Loss: 1.940e-02 | Regularization Loss: 4.060e-11 | Val Loss: 3.466e-02 | Active Proj %: 0.00 | Time: 6.87s
2025-08-21 04:34:34,161:INFO:Epoch: 26400/40000 | Train Loss: 1.766e-02 | Dynamic Loss: 1.766e-02 | Regularization Loss: 3.985e-11 | Val Loss: 2.573e-02 | Active Proj %: 0.00 | Time: 6.82s
2025-08-21 04:34:34,161:INFO:New best model found at epoch 26400 with validation loss 2.573e-02. Saving...
2025-08-21 04:34:41,267:INFO:Epoch: 26450/40000 | Train Loss: 1.781e-02 | Dynamic Loss: 1.781e-02 | Regularization Loss: 3.912e-11 | Val Loss: 2.804e-02 | Active Proj %: 0.00 | Time: 6.98s
2025-08-21 04:34:48,296:INFO:Epoch: 26500/40000 | Train Loss: 1.797e-02 | Dynamic Loss: 1.797e-02 | Regularization Loss: 3.841e-11 | Val Loss: 2.963e-02 | Active Proj %: 0.00 | Time: 6.93s
2025-08-21 04:34:55,268:INFO:Epoch: 26550/40000 | Train Loss: 1.856e-02 | Dynamic Loss: 1.856e-02 | Regularization Loss: 3.773e-11 | Val Loss: 2.701e-02 | Active Proj %: 0.00 | Time: 6.87s
2025-08-21 04:35:02,216:INFO:Epoch: 26600/40000 | Train Loss: 2.947e-02 | Dynamic Loss: 2.947e-02 | Regularization Loss: 3.706e-11 | Val Loss: 3.603e-02 | Active Proj %: 0.00 | Time: 6.84s
2025-08-21 04:35:09,172:INFO:Epoch: 26650/40000 | Train Loss: 2.789e-02 | Dynamic Loss: 2.789e-02 | Regularization Loss: 3.642e-11 | Val Loss: 3.134e-02 | Active Proj %: 0.00 | Time: 6.85s
2025-08-21 04:35:23,803:INFO:Epoch: 26700/40000 | Train Loss: 1.562e-02 | Dynamic Loss: 1.562e-02 | Regularization Loss: 3.580e-11 | Val Loss: 2.513e-02 | Active Proj %: 0.00 | Time: 14.53s
2025-08-21 04:35:23,803:INFO:New best model found at epoch 26700 with validation loss 2.513e-02. Saving...
2025-08-21 04:35:30,754:INFO:Epoch: 26750/40000 | Train Loss: 2.431e-02 | Dynamic Loss: 2.431e-02 | Regularization Loss: 3.520e-11 | Val Loss: 2.958e-02 | Active Proj %: 0.00 | Time: 6.83s
2025-08-21 04:35:37,713:INFO:Epoch: 26800/40000 | Train Loss: 3.273e-02 | Dynamic Loss: 3.273e-02 | Regularization Loss: 3.461e-11 | Val Loss: 3.973e-02 | Active Proj %: 0.00 | Time: 6.85s
2025-08-21 04:35:45,078:INFO:Epoch: 26850/40000 | Train Loss: 1.901e-02 | Dynamic Loss: 1.901e-02 | Regularization Loss: 3.404e-11 | Val Loss: 3.603e-02 | Active Proj %: 0.00 | Time: 7.26s
2025-08-21 04:35:54,807:INFO:Epoch: 26900/40000 | Train Loss: 1.646e-02 | Dynamic Loss: 1.646e-02 | Regularization Loss: 3.349e-11 | Val Loss: 2.997e-02 | Active Proj %: 0.00 | Time: 9.62s
2025-08-21 04:36:01,732:INFO:Epoch: 26950/40000 | Train Loss: 3.020e-02 | Dynamic Loss: 3.020e-02 | Regularization Loss: 3.296e-11 | Val Loss: 3.202e-02 | Active Proj %: 0.00 | Time: 6.82s
2025-08-21 04:36:08,622:INFO:Epoch: 27000/40000 | Train Loss: 2.364e-02 | Dynamic Loss: 2.364e-02 | Regularization Loss: 3.244e-11 | Val Loss: 3.577e-02 | Active Proj %: 0.00 | Time: 6.79s
2025-08-21 04:36:15,520:INFO:Epoch: 27050/40000 | Train Loss: 2.085e-02 | Dynamic Loss: 2.085e-02 | Regularization Loss: 3.193e-11 | Val Loss: 3.321e-02 | Active Proj %: 0.00 | Time: 6.79s
2025-08-21 04:36:22,515:INFO:Epoch: 27100/40000 | Train Loss: 2.245e-02 | Dynamic Loss: 2.245e-02 | Regularization Loss: 3.144e-11 | Val Loss: 2.952e-02 | Active Proj %: 0.00 | Time: 6.89s
2025-08-21 04:36:29,441:INFO:Epoch: 27150/40000 | Train Loss: 1.457e-02 | Dynamic Loss: 1.457e-02 | Regularization Loss: 3.097e-11 | Val Loss: 2.714e-02 | Active Proj %: 0.00 | Time: 6.82s
2025-08-21 04:36:36,357:INFO:Epoch: 27200/40000 | Train Loss: 1.806e-02 | Dynamic Loss: 1.806e-02 | Regularization Loss: 3.050e-11 | Val Loss: 2.828e-02 | Active Proj %: 0.00 | Time: 6.81s
2025-08-21 04:36:43,276:INFO:Epoch: 27250/40000 | Train Loss: 2.239e-02 | Dynamic Loss: 2.239e-02 | Regularization Loss: 3.005e-11 | Val Loss: 3.334e-02 | Active Proj %: 0.00 | Time: 6.82s
2025-08-21 04:36:50,210:INFO:Epoch: 27300/40000 | Train Loss: 1.795e-02 | Dynamic Loss: 1.795e-02 | Regularization Loss: 2.961e-11 | Val Loss: 3.085e-02 | Active Proj %: 0.00 | Time: 6.83s
2025-08-21 04:37:01,238:INFO:Epoch: 27350/40000 | Train Loss: 1.568e-02 | Dynamic Loss: 1.568e-02 | Regularization Loss: 2.919e-11 | Val Loss: 2.549e-02 | Active Proj %: 0.00 | Time: 10.93s
2025-08-21 04:37:08,182:INFO:Epoch: 27400/40000 | Train Loss: 1.567e-02 | Dynamic Loss: 1.567e-02 | Regularization Loss: 2.877e-11 | Val Loss: 2.791e-02 | Active Proj %: 0.00 | Time: 6.84s
2025-08-21 04:37:15,059:INFO:Epoch: 27450/40000 | Train Loss: 1.630e-02 | Dynamic Loss: 1.630e-02 | Regularization Loss: 2.837e-11 | Val Loss: 2.794e-02 | Active Proj %: 0.00 | Time: 6.77s
2025-08-21 04:37:21,980:INFO:Epoch: 27500/40000 | Train Loss: 2.894e-02 | Dynamic Loss: 2.894e-02 | Regularization Loss: 2.798e-11 | Val Loss: 3.740e-02 | Active Proj %: 0.00 | Time: 6.81s
2025-08-21 04:37:29,195:INFO:Epoch: 27550/40000 | Train Loss: 1.485e-02 | Dynamic Loss: 1.485e-02 | Regularization Loss: 2.759e-11 | Val Loss: 2.667e-02 | Active Proj %: 0.00 | Time: 7.11s
2025-08-21 04:37:36,115:INFO:Epoch: 27600/40000 | Train Loss: 2.289e-02 | Dynamic Loss: 2.289e-02 | Regularization Loss: 2.722e-11 | Val Loss: 3.316e-02 | Active Proj %: 0.00 | Time: 6.82s
2025-08-21 04:37:43,024:INFO:Epoch: 27650/40000 | Train Loss: 1.808e-02 | Dynamic Loss: 1.808e-02 | Regularization Loss: 2.685e-11 | Val Loss: 2.926e-02 | Active Proj %: 0.00 | Time: 6.81s
2025-08-21 04:37:49,948:INFO:Epoch: 27700/40000 | Train Loss: 1.836e-02 | Dynamic Loss: 1.836e-02 | Regularization Loss: 2.650e-11 | Val Loss: 2.508e-02 | Active Proj %: 0.00 | Time: 6.82s
2025-08-21 04:37:49,948:INFO:New best model found at epoch 27700 with validation loss 2.508e-02. Saving...
2025-08-21 04:37:57,051:INFO:Epoch: 27750/40000 | Train Loss: 2.048e-02 | Dynamic Loss: 2.048e-02 | Regularization Loss: 2.615e-11 | Val Loss: 2.818e-02 | Active Proj %: 0.00 | Time: 6.97s
2025-08-21 04:38:04,059:INFO:Epoch: 27800/40000 | Train Loss: 1.957e-02 | Dynamic Loss: 1.957e-02 | Regularization Loss: 2.582e-11 | Val Loss: 3.607e-02 | Active Proj %: 0.00 | Time: 6.90s
2025-08-21 04:38:11,036:INFO:Epoch: 27850/40000 | Train Loss: 2.409e-02 | Dynamic Loss: 2.409e-02 | Regularization Loss: 2.549e-11 | Val Loss: 3.189e-02 | Active Proj %: 0.00 | Time: 6.87s
2025-08-21 04:38:17,976:INFO:Epoch: 27900/40000 | Train Loss: 2.096e-02 | Dynamic Loss: 2.096e-02 | Regularization Loss: 2.516e-11 | Val Loss: 2.983e-02 | Active Proj %: 0.00 | Time: 6.84s
2025-08-21 04:38:30,486:INFO:Epoch: 27950/40000 | Train Loss: 1.809e-02 | Dynamic Loss: 1.809e-02 | Regularization Loss: 2.485e-11 | Val Loss: 3.030e-02 | Active Proj %: 0.00 | Time: 12.41s
2025-08-21 04:38:37,447:INFO:Epoch: 28000/40000 | Train Loss: 2.306e-02 | Dynamic Loss: 2.306e-02 | Regularization Loss: 2.454e-11 | Val Loss: 3.955e-02 | Active Proj %: 0.00 | Time: 6.85s
2025-08-21 04:38:44,496:INFO:Epoch: 28050/40000 | Train Loss: 2.204e-02 | Dynamic Loss: 2.204e-02 | Regularization Loss: 2.424e-11 | Val Loss: 3.286e-02 | Active Proj %: 0.00 | Time: 6.95s
2025-08-21 04:38:51,536:INFO:Epoch: 28100/40000 | Train Loss: 4.643e-02 | Dynamic Loss: 4.643e-02 | Regularization Loss: 2.395e-11 | Val Loss: 5.017e-02 | Active Proj %: 0.00 | Time: 6.94s
2025-08-21 04:38:58,430:INFO:Epoch: 28150/40000 | Train Loss: 1.494e-02 | Dynamic Loss: 1.494e-02 | Regularization Loss: 2.367e-11 | Val Loss: 2.605e-02 | Active Proj %: 0.00 | Time: 6.79s
2025-08-21 04:39:12,987:INFO:Epoch: 28200/40000 | Train Loss: 2.549e-02 | Dynamic Loss: 2.549e-02 | Regularization Loss: 2.339e-11 | Val Loss: 4.101e-02 | Active Proj %: 0.00 | Time: 14.45s
2025-08-21 04:39:19,898:INFO:Epoch: 28250/40000 | Train Loss: 2.229e-02 | Dynamic Loss: 2.229e-02 | Regularization Loss: 2.312e-11 | Val Loss: 3.681e-02 | Active Proj %: 0.00 | Time: 6.81s
2025-08-21 04:39:26,826:INFO:Epoch: 28300/40000 | Train Loss: 1.948e-02 | Dynamic Loss: 1.948e-02 | Regularization Loss: 2.285e-11 | Val Loss: 3.489e-02 | Active Proj %: 0.00 | Time: 6.83s
2025-08-21 04:39:33,755:INFO:Epoch: 28350/40000 | Train Loss: 1.545e-02 | Dynamic Loss: 1.545e-02 | Regularization Loss: 2.259e-11 | Val Loss: 2.717e-02 | Active Proj %: 0.00 | Time: 6.83s
2025-08-21 04:39:40,661:INFO:Epoch: 28400/40000 | Train Loss: 2.002e-02 | Dynamic Loss: 2.002e-02 | Regularization Loss: 2.233e-11 | Val Loss: 3.257e-02 | Active Proj %: 0.00 | Time: 6.80s
2025-08-21 04:39:55,926:INFO:Epoch: 28450/40000 | Train Loss: 1.394e-02 | Dynamic Loss: 1.394e-02 | Regularization Loss: 2.208e-11 | Val Loss: 2.428e-02 | Active Proj %: 0.00 | Time: 15.16s
2025-08-21 04:39:55,926:INFO:New best model found at epoch 28450 with validation loss 2.428e-02. Saving...
2025-08-21 04:40:02,958:INFO:Epoch: 28500/40000 | Train Loss: 2.081e-02 | Dynamic Loss: 2.081e-02 | Regularization Loss: 2.184e-11 | Val Loss: 4.157e-02 | Active Proj %: 0.00 | Time: 6.91s
2025-08-21 04:40:09,889:INFO:Epoch: 28550/40000 | Train Loss: 3.649e-02 | Dynamic Loss: 3.649e-02 | Regularization Loss: 2.160e-11 | Val Loss: 3.620e-02 | Active Proj %: 0.00 | Time: 6.83s
2025-08-21 04:40:16,946:INFO:Epoch: 28600/40000 | Train Loss: 2.024e-02 | Dynamic Loss: 2.024e-02 | Regularization Loss: 2.137e-11 | Val Loss: 3.798e-02 | Active Proj %: 0.00 | Time: 6.95s
2025-08-21 04:40:24,720:INFO:Epoch: 28650/40000 | Train Loss: 1.410e-02 | Dynamic Loss: 1.410e-02 | Regularization Loss: 2.114e-11 | Val Loss: 2.640e-02 | Active Proj %: 0.00 | Time: 7.67s
2025-08-21 04:40:31,712:INFO:Epoch: 28700/40000 | Train Loss: 2.150e-02 | Dynamic Loss: 2.150e-02 | Regularization Loss: 2.091e-11 | Val Loss: 2.986e-02 | Active Proj %: 0.00 | Time: 6.89s
2025-08-21 04:40:38,738:INFO:Epoch: 28750/40000 | Train Loss: 1.927e-02 | Dynamic Loss: 1.927e-02 | Regularization Loss: 2.069e-11 | Val Loss: 2.636e-02 | Active Proj %: 0.00 | Time: 6.92s
2025-08-21 04:40:45,687:INFO:Epoch: 28800/40000 | Train Loss: 1.941e-02 | Dynamic Loss: 1.941e-02 | Regularization Loss: 2.048e-11 | Val Loss: 3.356e-02 | Active Proj %: 0.00 | Time: 6.84s
2025-08-21 04:40:52,767:INFO:Epoch: 28850/40000 | Train Loss: 1.445e-02 | Dynamic Loss: 1.445e-02 | Regularization Loss: 2.027e-11 | Val Loss: 2.814e-02 | Active Proj %: 0.00 | Time: 6.97s
2025-08-21 04:40:59,766:INFO:Epoch: 28900/40000 | Train Loss: 1.689e-02 | Dynamic Loss: 1.689e-02 | Regularization Loss: 2.006e-11 | Val Loss: 2.841e-02 | Active Proj %: 0.00 | Time: 6.89s
2025-08-21 04:41:06,737:INFO:Epoch: 28950/40000 | Train Loss: 2.101e-02 | Dynamic Loss: 2.101e-02 | Regularization Loss: 1.986e-11 | Val Loss: 3.486e-02 | Active Proj %: 0.00 | Time: 6.86s
2025-08-21 04:41:13,717:INFO:Epoch: 29000/40000 | Train Loss: 1.646e-02 | Dynamic Loss: 1.646e-02 | Regularization Loss: 1.966e-11 | Val Loss: 2.756e-02 | Active Proj %: 0.00 | Time: 6.87s
2025-08-21 04:41:21,486:INFO:Epoch: 29050/40000 | Train Loss: 1.306e-02 | Dynamic Loss: 1.306e-02 | Regularization Loss: 1.947e-11 | Val Loss: 2.505e-02 | Active Proj %: 0.00 | Time: 7.66s
2025-08-21 04:41:28,438:INFO:Epoch: 29100/40000 | Train Loss: 1.495e-02 | Dynamic Loss: 1.495e-02 | Regularization Loss: 1.927e-11 | Val Loss: 2.666e-02 | Active Proj %: 0.00 | Time: 6.85s
2025-08-21 04:41:35,400:INFO:Epoch: 29150/40000 | Train Loss: 2.129e-02 | Dynamic Loss: 2.129e-02 | Regularization Loss: 1.909e-11 | Val Loss: 3.342e-02 | Active Proj %: 0.00 | Time: 6.85s
2025-08-21 04:41:42,318:INFO:Epoch: 29200/40000 | Train Loss: 1.457e-02 | Dynamic Loss: 1.457e-02 | Regularization Loss: 1.890e-11 | Val Loss: 2.689e-02 | Active Proj %: 0.00 | Time: 6.81s
2025-08-21 04:41:51,420:INFO:Epoch: 29250/40000 | Train Loss: 1.381e-02 | Dynamic Loss: 1.381e-02 | Regularization Loss: 1.872e-11 | Val Loss: 2.775e-02 | Active Proj %: 0.00 | Time: 9.00s
2025-08-21 04:41:58,375:INFO:Epoch: 29300/40000 | Train Loss: 1.875e-02 | Dynamic Loss: 1.875e-02 | Regularization Loss: 1.855e-11 | Val Loss: 2.959e-02 | Active Proj %: 0.00 | Time: 6.85s
2025-08-21 04:42:05,298:INFO:Epoch: 29350/40000 | Train Loss: 1.878e-02 | Dynamic Loss: 1.878e-02 | Regularization Loss: 1.837e-11 | Val Loss: 2.892e-02 | Active Proj %: 0.00 | Time: 6.82s
2025-08-21 04:42:12,265:INFO:Epoch: 29400/40000 | Train Loss: 1.413e-02 | Dynamic Loss: 1.413e-02 | Regularization Loss: 1.820e-11 | Val Loss: 2.679e-02 | Active Proj %: 0.00 | Time: 6.86s
2025-08-21 04:42:19,189:INFO:Epoch: 29450/40000 | Train Loss: 1.583e-02 | Dynamic Loss: 1.583e-02 | Regularization Loss: 1.803e-11 | Val Loss: 3.099e-02 | Active Proj %: 0.00 | Time: 6.82s
2025-08-21 04:42:29,374:INFO:Epoch: 29500/40000 | Train Loss: 2.280e-02 | Dynamic Loss: 2.280e-02 | Regularization Loss: 1.787e-11 | Val Loss: 2.941e-02 | Active Proj %: 0.00 | Time: 10.08s
2025-08-21 04:42:36,282:INFO:Epoch: 29550/40000 | Train Loss: 1.152e-02 | Dynamic Loss: 1.152e-02 | Regularization Loss: 1.771e-11 | Val Loss: 2.231e-02 | Active Proj %: 0.00 | Time: 6.80s
2025-08-21 04:42:36,282:INFO:New best model found at epoch 29550 with validation loss 2.231e-02. Saving...
2025-08-21 04:42:43,277:INFO:Epoch: 29600/40000 | Train Loss: 1.751e-02 | Dynamic Loss: 1.751e-02 | Regularization Loss: 1.755e-11 | Val Loss: 2.749e-02 | Active Proj %: 0.00 | Time: 6.87s
2025-08-21 04:42:50,215:INFO:Epoch: 29650/40000 | Train Loss: 1.590e-02 | Dynamic Loss: 1.590e-02 | Regularization Loss: 1.739e-11 | Val Loss: 2.408e-02 | Active Proj %: 0.00 | Time: 6.83s
2025-08-21 04:43:01,099:INFO:Epoch: 29700/40000 | Train Loss: 1.173e-02 | Dynamic Loss: 1.173e-02 | Regularization Loss: 1.724e-11 | Val Loss: 2.233e-02 | Active Proj %: 0.00 | Time: 10.78s
2025-08-21 04:43:08,027:INFO:Epoch: 29750/40000 | Train Loss: 1.460e-02 | Dynamic Loss: 1.460e-02 | Regularization Loss: 1.709e-11 | Val Loss: 2.883e-02 | Active Proj %: 0.00 | Time: 6.82s
2025-08-21 04:43:14,992:INFO:Epoch: 29800/40000 | Train Loss: 1.252e-02 | Dynamic Loss: 1.252e-02 | Regularization Loss: 1.694e-11 | Val Loss: 2.258e-02 | Active Proj %: 0.00 | Time: 6.86s
2025-08-21 04:43:21,920:INFO:Epoch: 29850/40000 | Train Loss: 1.422e-02 | Dynamic Loss: 1.422e-02 | Regularization Loss: 1.680e-11 | Val Loss: 2.583e-02 | Active Proj %: 0.00 | Time: 6.82s
2025-08-21 04:43:28,880:INFO:Epoch: 29900/40000 | Train Loss: 1.604e-02 | Dynamic Loss: 1.604e-02 | Regularization Loss: 1.665e-11 | Val Loss: 2.417e-02 | Active Proj %: 0.00 | Time: 6.85s
2025-08-21 04:43:43,877:INFO:Epoch: 29950/40000 | Train Loss: 4.208e-02 | Dynamic Loss: 4.208e-02 | Regularization Loss: 1.652e-11 | Val Loss: 5.906e-02 | Active Proj %: 0.00 | Time: 14.89s
2025-08-21 04:43:50,818:INFO:Epoch: 30000/40000 | Train Loss: 1.761e-02 | Dynamic Loss: 1.761e-02 | Regularization Loss: 1.638e-11 | Val Loss: 2.969e-02 | Active Proj %: 0.00 | Time: 6.83s
2025-08-21 04:43:57,811:INFO:Epoch: 30050/40000 | Train Loss: 1.870e-02 | Dynamic Loss: 1.870e-02 | Regularization Loss: 1.624e-11 | Val Loss: 2.964e-02 | Active Proj %: 0.00 | Time: 6.89s
2025-08-21 04:44:04,708:INFO:Epoch: 30100/40000 | Train Loss: 6.234e-02 | Dynamic Loss: 6.234e-02 | Regularization Loss: 1.611e-11 | Val Loss: 3.943e-02 | Active Proj %: 0.00 | Time: 6.79s
2025-08-21 04:44:12,222:INFO:Epoch: 30150/40000 | Train Loss: 2.026e-02 | Dynamic Loss: 2.026e-02 | Regularization Loss: 1.598e-11 | Val Loss: 3.301e-02 | Active Proj %: 0.00 | Time: 7.41s
2025-08-21 04:44:19,115:INFO:Epoch: 30200/40000 | Train Loss: 1.305e-02 | Dynamic Loss: 1.305e-02 | Regularization Loss: 1.585e-11 | Val Loss: 2.452e-02 | Active Proj %: 0.00 | Time: 6.79s
2025-08-21 04:44:26,004:INFO:Epoch: 30250/40000 | Train Loss: 1.988e-02 | Dynamic Loss: 1.988e-02 | Regularization Loss: 1.572e-11 | Val Loss: 2.593e-02 | Active Proj %: 0.00 | Time: 6.78s
2025-08-21 04:44:32,876:INFO:Epoch: 30300/40000 | Train Loss: 1.405e-02 | Dynamic Loss: 1.405e-02 | Regularization Loss: 1.559e-11 | Val Loss: 2.443e-02 | Active Proj %: 0.00 | Time: 6.76s
2025-08-21 04:44:47,550:INFO:Epoch: 30350/40000 | Train Loss: 1.285e-02 | Dynamic Loss: 1.285e-02 | Regularization Loss: 1.547e-11 | Val Loss: 2.588e-02 | Active Proj %: 0.00 | Time: 14.57s
2025-08-21 04:44:54,519:INFO:Epoch: 30400/40000 | Train Loss: 2.379e-02 | Dynamic Loss: 2.379e-02 | Regularization Loss: 1.535e-11 | Val Loss: 3.132e-02 | Active Proj %: 0.00 | Time: 6.86s
2025-08-21 04:45:01,433:INFO:Epoch: 30450/40000 | Train Loss: 2.447e-02 | Dynamic Loss: 2.447e-02 | Regularization Loss: 1.523e-11 | Val Loss: 3.592e-02 | Active Proj %: 0.00 | Time: 6.81s
2025-08-21 04:45:08,474:INFO:Epoch: 30500/40000 | Train Loss: 1.593e-02 | Dynamic Loss: 1.593e-02 | Regularization Loss: 1.511e-11 | Val Loss: 2.740e-02 | Active Proj %: 0.00 | Time: 6.93s
2025-08-21 04:45:15,542:INFO:Epoch: 30550/40000 | Train Loss: 2.569e-02 | Dynamic Loss: 2.569e-02 | Regularization Loss: 1.500e-11 | Val Loss: 2.791e-02 | Active Proj %: 0.00 | Time: 6.96s
2025-08-21 04:45:22,542:INFO:Epoch: 30600/40000 | Train Loss: 1.287e-02 | Dynamic Loss: 1.287e-02 | Regularization Loss: 1.488e-11 | Val Loss: 2.380e-02 | Active Proj %: 0.00 | Time: 6.89s
2025-08-21 04:45:29,565:INFO:Epoch: 30650/40000 | Train Loss: 1.947e-02 | Dynamic Loss: 1.947e-02 | Regularization Loss: 1.477e-11 | Val Loss: 3.320e-02 | Active Proj %: 0.00 | Time: 6.92s
2025-08-21 04:45:36,549:INFO:Epoch: 30700/40000 | Train Loss: 1.478e-02 | Dynamic Loss: 1.478e-02 | Regularization Loss: 1.466e-11 | Val Loss: 2.315e-02 | Active Proj %: 0.00 | Time: 6.88s
2025-08-21 04:45:46,406:INFO:Epoch: 30750/40000 | Train Loss: 2.165e-02 | Dynamic Loss: 2.165e-02 | Regularization Loss: 1.455e-11 | Val Loss: 2.792e-02 | Active Proj %: 0.00 | Time: 9.75s
2025-08-21 04:45:53,431:INFO:Epoch: 30800/40000 | Train Loss: 1.504e-02 | Dynamic Loss: 1.504e-02 | Regularization Loss: 1.444e-11 | Val Loss: 2.690e-02 | Active Proj %: 0.00 | Time: 6.92s
2025-08-21 04:46:00,422:INFO:Epoch: 30850/40000 | Train Loss: 1.561e-02 | Dynamic Loss: 1.561e-02 | Regularization Loss: 1.434e-11 | Val Loss: 2.641e-02 | Active Proj %: 0.00 | Time: 6.88s
2025-08-21 04:46:07,410:INFO:Epoch: 30900/40000 | Train Loss: 1.294e-02 | Dynamic Loss: 1.294e-02 | Regularization Loss: 1.423e-11 | Val Loss: 2.410e-02 | Active Proj %: 0.00 | Time: 6.88s
2025-08-21 04:46:14,356:INFO:Epoch: 30950/40000 | Train Loss: 1.426e-02 | Dynamic Loss: 1.426e-02 | Regularization Loss: 1.413e-11 | Val Loss: 2.391e-02 | Active Proj %: 0.00 | Time: 6.84s
2025-08-21 04:46:26,304:INFO:Epoch: 31000/40000 | Train Loss: 2.215e-02 | Dynamic Loss: 2.215e-02 | Regularization Loss: 1.403e-11 | Val Loss: 3.812e-02 | Active Proj %: 0.00 | Time: 11.84s
2025-08-21 04:46:33,201:INFO:Epoch: 31050/40000 | Train Loss: 1.573e-02 | Dynamic Loss: 1.573e-02 | Regularization Loss: 1.393e-11 | Val Loss: 2.708e-02 | Active Proj %: 0.00 | Time: 6.79s
2025-08-21 04:46:40,206:INFO:Epoch: 31100/40000 | Train Loss: 1.334e-02 | Dynamic Loss: 1.334e-02 | Regularization Loss: 1.383e-11 | Val Loss: 2.648e-02 | Active Proj %: 0.00 | Time: 6.90s
2025-08-21 04:46:47,191:INFO:Epoch: 31150/40000 | Train Loss: 1.191e-02 | Dynamic Loss: 1.191e-02 | Regularization Loss: 1.373e-11 | Val Loss: 2.418e-02 | Active Proj %: 0.00 | Time: 6.88s
2025-08-21 04:46:54,143:INFO:Epoch: 31200/40000 | Train Loss: 1.378e-02 | Dynamic Loss: 1.378e-02 | Regularization Loss: 1.364e-11 | Val Loss: 2.277e-02 | Active Proj %: 0.00 | Time: 6.85s
2025-08-21 04:47:01,783:INFO:Epoch: 31250/40000 | Train Loss: 1.091e-02 | Dynamic Loss: 1.091e-02 | Regularization Loss: 1.354e-11 | Val Loss: 2.346e-02 | Active Proj %: 0.00 | Time: 7.53s
2025-08-21 04:47:08,734:INFO:Epoch: 31300/40000 | Train Loss: 1.493e-02 | Dynamic Loss: 1.493e-02 | Regularization Loss: 1.345e-11 | Val Loss: 2.403e-02 | Active Proj %: 0.00 | Time: 6.84s
2025-08-21 04:47:15,668:INFO:Epoch: 31350/40000 | Train Loss: 1.287e-02 | Dynamic Loss: 1.287e-02 | Regularization Loss: 1.336e-11 | Val Loss: 2.473e-02 | Active Proj %: 0.00 | Time: 6.83s
2025-08-21 04:47:22,619:INFO:Epoch: 31400/40000 | Train Loss: 1.312e-02 | Dynamic Loss: 1.312e-02 | Regularization Loss: 1.327e-11 | Val Loss: 2.734e-02 | Active Proj %: 0.00 | Time: 6.84s
2025-08-21 04:47:36,432:INFO:Epoch: 31450/40000 | Train Loss: 2.530e-02 | Dynamic Loss: 2.530e-02 | Regularization Loss: 1.318e-11 | Val Loss: 3.462e-02 | Active Proj %: 0.00 | Time: 13.71s
2025-08-21 04:47:43,400:INFO:Epoch: 31500/40000 | Train Loss: 1.325e-02 | Dynamic Loss: 1.325e-02 | Regularization Loss: 1.309e-11 | Val Loss: 2.556e-02 | Active Proj %: 0.00 | Time: 6.86s
2025-08-21 04:47:50,311:INFO:Epoch: 31550/40000 | Train Loss: 2.219e-02 | Dynamic Loss: 2.219e-02 | Regularization Loss: 1.300e-11 | Val Loss: 3.839e-02 | Active Proj %: 0.00 | Time: 6.80s
2025-08-21 04:47:59,741:INFO:Epoch: 31600/40000 | Train Loss: 1.398e-02 | Dynamic Loss: 1.398e-02 | Regularization Loss: 1.292e-11 | Val Loss: 2.442e-02 | Active Proj %: 0.00 | Time: 9.32s
2025-08-21 04:48:06,668:INFO:Epoch: 31650/40000 | Train Loss: 2.100e-02 | Dynamic Loss: 2.100e-02 | Regularization Loss: 1.283e-11 | Val Loss: 3.326e-02 | Active Proj %: 0.00 | Time: 6.82s
2025-08-21 04:48:13,647:INFO:Epoch: 31700/40000 | Train Loss: 2.488e-02 | Dynamic Loss: 2.488e-02 | Regularization Loss: 1.275e-11 | Val Loss: 3.632e-02 | Active Proj %: 0.00 | Time: 6.87s
2025-08-21 04:48:20,578:INFO:Epoch: 31750/40000 | Train Loss: 1.791e-02 | Dynamic Loss: 1.791e-02 | Regularization Loss: 1.267e-11 | Val Loss: 2.912e-02 | Active Proj %: 0.00 | Time: 6.82s
2025-08-21 04:48:27,680:INFO:Epoch: 31800/40000 | Train Loss: 1.600e-02 | Dynamic Loss: 1.600e-02 | Regularization Loss: 1.258e-11 | Val Loss: 2.926e-02 | Active Proj %: 0.00 | Time: 7.00s
2025-08-21 04:48:34,614:INFO:Epoch: 31850/40000 | Train Loss: 1.612e-02 | Dynamic Loss: 1.612e-02 | Regularization Loss: 1.250e-11 | Val Loss: 2.531e-02 | Active Proj %: 0.00 | Time: 6.83s
2025-08-21 04:48:41,633:INFO:Epoch: 31900/40000 | Train Loss: 1.184e-02 | Dynamic Loss: 1.184e-02 | Regularization Loss: 1.242e-11 | Val Loss: 2.215e-02 | Active Proj %: 0.00 | Time: 6.91s
2025-08-21 04:48:41,634:INFO:New best model found at epoch 31900 with validation loss 2.215e-02. Saving...
2025-08-21 04:48:48,588:INFO:Epoch: 31950/40000 | Train Loss: 1.794e-02 | Dynamic Loss: 1.794e-02 | Regularization Loss: 1.235e-11 | Val Loss: 2.724e-02 | Active Proj %: 0.00 | Time: 6.83s
2025-08-21 04:48:55,516:INFO:Epoch: 32000/40000 | Train Loss: 1.315e-02 | Dynamic Loss: 1.315e-02 | Regularization Loss: 1.227e-11 | Val Loss: 2.681e-02 | Active Proj %: 0.00 | Time: 6.82s
2025-08-21 04:49:06,330:INFO:Epoch: 32050/40000 | Train Loss: 1.448e-02 | Dynamic Loss: 1.448e-02 | Regularization Loss: 1.219e-11 | Val Loss: 2.534e-02 | Active Proj %: 0.00 | Time: 10.71s
2025-08-21 04:49:13,280:INFO:Epoch: 32100/40000 | Train Loss: 1.395e-02 | Dynamic Loss: 1.395e-02 | Regularization Loss: 1.211e-11 | Val Loss: 2.434e-02 | Active Proj %: 0.00 | Time: 6.84s
2025-08-21 04:49:20,191:INFO:Epoch: 32150/40000 | Train Loss: 2.346e-02 | Dynamic Loss: 2.346e-02 | Regularization Loss: 1.204e-11 | Val Loss: 3.209e-02 | Active Proj %: 0.00 | Time: 6.80s
2025-08-21 04:49:27,124:INFO:Epoch: 32200/40000 | Train Loss: 1.223e-02 | Dynamic Loss: 1.223e-02 | Regularization Loss: 1.197e-11 | Val Loss: 2.456e-02 | Active Proj %: 0.00 | Time: 6.83s
2025-08-21 04:49:34,052:INFO:Epoch: 32250/40000 | Train Loss: 1.267e-02 | Dynamic Loss: 1.267e-02 | Regularization Loss: 1.189e-11 | Val Loss: 2.462e-02 | Active Proj %: 0.00 | Time: 6.82s
2025-08-21 04:49:48,725:INFO:Epoch: 32300/40000 | Train Loss: 2.012e-02 | Dynamic Loss: 2.012e-02 | Regularization Loss: 1.182e-11 | Val Loss: 3.515e-02 | Active Proj %: 0.00 | Time: 14.57s
2025-08-21 04:49:55,707:INFO:Epoch: 32350/40000 | Train Loss: 2.461e-02 | Dynamic Loss: 2.461e-02 | Regularization Loss: 1.175e-11 | Val Loss: 3.730e-02 | Active Proj %: 0.00 | Time: 6.87s
2025-08-21 04:50:02,666:INFO:Epoch: 32400/40000 | Train Loss: 1.227e-02 | Dynamic Loss: 1.227e-02 | Regularization Loss: 1.168e-11 | Val Loss: 2.351e-02 | Active Proj %: 0.00 | Time: 6.85s
2025-08-21 04:50:09,567:INFO:Epoch: 32450/40000 | Train Loss: 1.564e-02 | Dynamic Loss: 1.564e-02 | Regularization Loss: 1.161e-11 | Val Loss: 2.483e-02 | Active Proj %: 0.00 | Time: 6.80s
2025-08-21 04:50:21,389:INFO:Epoch: 32500/40000 | Train Loss: 1.129e-02 | Dynamic Loss: 1.129e-02 | Regularization Loss: 1.154e-11 | Val Loss: 2.210e-02 | Active Proj %: 0.00 | Time: 11.72s
2025-08-21 04:50:21,389:INFO:New best model found at epoch 32500 with validation loss 2.210e-02. Saving...
2025-08-21 04:50:28,571:INFO:Epoch: 32550/40000 | Train Loss: 1.118e-02 | Dynamic Loss: 1.118e-02 | Regularization Loss: 1.148e-11 | Val Loss: 2.204e-02 | Active Proj %: 0.00 | Time: 7.05s
2025-08-21 04:50:28,571:INFO:New best model found at epoch 32550 with validation loss 2.204e-02. Saving...
2025-08-21 04:50:35,596:INFO:Epoch: 32600/40000 | Train Loss: 1.764e-02 | Dynamic Loss: 1.764e-02 | Regularization Loss: 1.141e-11 | Val Loss: 3.924e-02 | Active Proj %: 0.00 | Time: 6.90s
2025-08-21 04:50:42,502:INFO:Epoch: 32650/40000 | Train Loss: 1.676e-02 | Dynamic Loss: 1.676e-02 | Regularization Loss: 1.134e-11 | Val Loss: 2.588e-02 | Active Proj %: 0.00 | Time: 6.80s
2025-08-21 04:50:54,436:INFO:Epoch: 32700/40000 | Train Loss: 1.128e-02 | Dynamic Loss: 1.128e-02 | Regularization Loss: 1.128e-11 | Val Loss: 1.988e-02 | Active Proj %: 0.00 | Time: 11.83s
2025-08-21 04:50:54,436:INFO:New best model found at epoch 32700 with validation loss 1.988e-02. Saving...
2025-08-21 04:51:01,451:INFO:Epoch: 32750/40000 | Train Loss: 1.706e-02 | Dynamic Loss: 1.706e-02 | Regularization Loss: 1.121e-11 | Val Loss: 3.001e-02 | Active Proj %: 0.00 | Time: 6.89s
2025-08-21 04:51:08,383:INFO:Epoch: 32800/40000 | Train Loss: 1.326e-02 | Dynamic Loss: 1.326e-02 | Regularization Loss: 1.115e-11 | Val Loss: 2.384e-02 | Active Proj %: 0.00 | Time: 6.83s
2025-08-21 04:51:15,341:INFO:Epoch: 32850/40000 | Train Loss: 1.067e-02 | Dynamic Loss: 1.067e-02 | Regularization Loss: 1.109e-11 | Val Loss: 2.073e-02 | Active Proj %: 0.00 | Time: 6.85s
2025-08-21 04:51:27,811:INFO:Epoch: 32900/40000 | Train Loss: 1.771e-02 | Dynamic Loss: 1.771e-02 | Regularization Loss: 1.102e-11 | Val Loss: 2.355e-02 | Active Proj %: 0.00 | Time: 12.36s
2025-08-21 04:51:34,764:INFO:Epoch: 32950/40000 | Train Loss: 1.484e-02 | Dynamic Loss: 1.484e-02 | Regularization Loss: 1.096e-11 | Val Loss: 2.248e-02 | Active Proj %: 0.00 | Time: 6.85s
2025-08-21 04:51:41,781:INFO:Epoch: 33000/40000 | Train Loss: 1.406e-02 | Dynamic Loss: 1.406e-02 | Regularization Loss: 1.090e-11 | Val Loss: 2.390e-02 | Active Proj %: 0.00 | Time: 6.91s
2025-08-21 04:51:48,700:INFO:Epoch: 33050/40000 | Train Loss: 1.885e-02 | Dynamic Loss: 1.885e-02 | Regularization Loss: 1.084e-11 | Val Loss: 3.281e-02 | Active Proj %: 0.00 | Time: 6.81s
2025-08-21 04:51:55,801:INFO:Epoch: 33100/40000 | Train Loss: 1.075e-02 | Dynamic Loss: 1.075e-02 | Regularization Loss: 1.078e-11 | Val Loss: 2.091e-02 | Active Proj %: 0.00 | Time: 6.99s
2025-08-21 04:52:02,719:INFO:Epoch: 33150/40000 | Train Loss: 1.993e-02 | Dynamic Loss: 1.993e-02 | Regularization Loss: 1.072e-11 | Val Loss: 3.122e-02 | Active Proj %: 0.00 | Time: 6.81s
2025-08-21 04:52:09,669:INFO:Epoch: 33200/40000 | Train Loss: 1.346e-02 | Dynamic Loss: 1.346e-02 | Regularization Loss: 1.066e-11 | Val Loss: 2.425e-02 | Active Proj %: 0.00 | Time: 6.84s
2025-08-21 04:52:16,620:INFO:Epoch: 33250/40000 | Train Loss: 1.168e-02 | Dynamic Loss: 1.168e-02 | Regularization Loss: 1.060e-11 | Val Loss: 2.132e-02 | Active Proj %: 0.00 | Time: 6.84s
2025-08-21 04:52:23,640:INFO:Epoch: 33300/40000 | Train Loss: 1.171e-02 | Dynamic Loss: 1.171e-02 | Regularization Loss: 1.055e-11 | Val Loss: 2.185e-02 | Active Proj %: 0.00 | Time: 6.78s
2025-08-21 04:52:30,617:INFO:Epoch: 33350/40000 | Train Loss: 1.478e-02 | Dynamic Loss: 1.478e-02 | Regularization Loss: 1.049e-11 | Val Loss: 2.548e-02 | Active Proj %: 0.00 | Time: 6.87s
2025-08-21 04:52:37,573:INFO:Epoch: 33400/40000 | Train Loss: 9.258e-03 | Dynamic Loss: 9.258e-03 | Regularization Loss: 1.043e-11 | Val Loss: 2.038e-02 | Active Proj %: 0.00 | Time: 6.85s
2025-08-21 04:52:44,506:INFO:Epoch: 33450/40000 | Train Loss: 9.281e-03 | Dynamic Loss: 9.281e-03 | Regularization Loss: 1.038e-11 | Val Loss: 2.070e-02 | Active Proj %: 0.00 | Time: 6.82s
2025-08-21 04:52:54,597:INFO:Epoch: 33500/40000 | Train Loss: 1.082e-02 | Dynamic Loss: 1.082e-02 | Regularization Loss: 1.032e-11 | Val Loss: 2.274e-02 | Active Proj %: 0.00 | Time: 9.98s
2025-08-21 04:53:01,591:INFO:Epoch: 33550/40000 | Train Loss: 9.895e-03 | Dynamic Loss: 9.895e-03 | Regularization Loss: 1.027e-11 | Val Loss: 1.982e-02 | Active Proj %: 0.00 | Time: 6.89s
2025-08-21 04:53:01,591:INFO:New best model found at epoch 33550 with validation loss 1.982e-02. Saving...
2025-08-21 04:53:08,503:INFO:Epoch: 33600/40000 | Train Loss: 1.774e-02 | Dynamic Loss: 1.774e-02 | Regularization Loss: 1.022e-11 | Val Loss: 2.578e-02 | Active Proj %: 0.00 | Time: 6.78s
2025-08-21 04:53:15,424:INFO:Epoch: 33650/40000 | Train Loss: 1.198e-02 | Dynamic Loss: 1.198e-02 | Regularization Loss: 1.016e-11 | Val Loss: 2.349e-02 | Active Proj %: 0.00 | Time: 6.81s
2025-08-21 04:53:25,259:INFO:Epoch: 33700/40000 | Train Loss: 2.335e-02 | Dynamic Loss: 2.335e-02 | Regularization Loss: 1.011e-11 | Val Loss: 2.570e-02 | Active Proj %: 0.00 | Time: 9.73s
2025-08-21 04:53:32,230:INFO:Epoch: 33750/40000 | Train Loss: 1.006e-02 | Dynamic Loss: 1.006e-02 | Regularization Loss: 1.006e-11 | Val Loss: 2.161e-02 | Active Proj %: 0.00 | Time: 6.86s
2025-08-21 04:53:39,211:INFO:Epoch: 33800/40000 | Train Loss: 1.112e-02 | Dynamic Loss: 1.112e-02 | Regularization Loss: 1.001e-11 | Val Loss: 2.332e-02 | Active Proj %: 0.00 | Time: 6.87s
2025-08-21 04:53:46,187:INFO:Epoch: 33850/40000 | Train Loss: 1.196e-02 | Dynamic Loss: 1.196e-02 | Regularization Loss: 9.956e-12 | Val Loss: 2.353e-02 | Active Proj %: 0.00 | Time: 6.87s
2025-08-21 04:53:56,531:INFO:Epoch: 33900/40000 | Train Loss: 1.132e-02 | Dynamic Loss: 1.132e-02 | Regularization Loss: 9.905e-12 | Val Loss: 2.256e-02 | Active Proj %: 0.00 | Time: 10.24s
2025-08-21 04:54:03,538:INFO:Epoch: 33950/40000 | Train Loss: 1.383e-02 | Dynamic Loss: 1.383e-02 | Regularization Loss: 9.855e-12 | Val Loss: 2.569e-02 | Active Proj %: 0.00 | Time: 6.89s
2025-08-21 04:54:10,522:INFO:Epoch: 34000/40000 | Train Loss: 1.023e-02 | Dynamic Loss: 1.023e-02 | Regularization Loss: 9.806e-12 | Val Loss: 1.912e-02 | Active Proj %: 0.00 | Time: 6.87s
2025-08-21 04:54:10,522:INFO:New best model found at epoch 34000 with validation loss 1.912e-02. Saving...
2025-08-21 04:54:17,551:INFO:Epoch: 34050/40000 | Train Loss: 2.314e-02 | Dynamic Loss: 2.314e-02 | Regularization Loss: 9.757e-12 | Val Loss: 2.373e-02 | Active Proj %: 0.00 | Time: 6.77s
2025-08-21 04:54:24,502:INFO:Epoch: 34100/40000 | Train Loss: 9.354e-03 | Dynamic Loss: 9.354e-03 | Regularization Loss: 9.709e-12 | Val Loss: 1.939e-02 | Active Proj %: 0.00 | Time: 6.84s
2025-08-21 04:54:31,499:INFO:Epoch: 34150/40000 | Train Loss: 1.262e-02 | Dynamic Loss: 1.262e-02 | Regularization Loss: 9.661e-12 | Val Loss: 2.388e-02 | Active Proj %: 0.00 | Time: 6.89s
2025-08-21 04:54:38,438:INFO:Epoch: 34200/40000 | Train Loss: 1.268e-02 | Dynamic Loss: 1.268e-02 | Regularization Loss: 9.613e-12 | Val Loss: 2.708e-02 | Active Proj %: 0.00 | Time: 6.83s
2025-08-21 04:54:48,923:INFO:Epoch: 34250/40000 | Train Loss: 1.003e-02 | Dynamic Loss: 1.003e-02 | Regularization Loss: 9.566e-12 | Val Loss: 1.970e-02 | Active Proj %: 0.00 | Time: 10.38s
2025-08-21 04:54:55,892:INFO:Epoch: 34300/40000 | Train Loss: 9.252e-03 | Dynamic Loss: 9.252e-03 | Regularization Loss: 9.518e-12 | Val Loss: 1.976e-02 | Active Proj %: 0.00 | Time: 6.86s
2025-08-21 04:55:02,788:INFO:Epoch: 34350/40000 | Train Loss: 1.457e-02 | Dynamic Loss: 1.457e-02 | Regularization Loss: 9.473e-12 | Val Loss: 2.443e-02 | Active Proj %: 0.00 | Time: 6.79s
2025-08-21 04:55:09,730:INFO:Epoch: 34400/40000 | Train Loss: 9.566e-03 | Dynamic Loss: 9.566e-03 | Regularization Loss: 9.427e-12 | Val Loss: 1.980e-02 | Active Proj %: 0.00 | Time: 6.83s
2025-08-21 04:55:16,679:INFO:Epoch: 34450/40000 | Train Loss: 9.840e-03 | Dynamic Loss: 9.840e-03 | Regularization Loss: 9.383e-12 | Val Loss: 2.159e-02 | Active Proj %: 0.00 | Time: 6.84s
2025-08-21 04:55:31,394:INFO:Epoch: 34500/40000 | Train Loss: 1.173e-02 | Dynamic Loss: 1.173e-02 | Regularization Loss: 9.338e-12 | Val Loss: 2.248e-02 | Active Proj %: 0.00 | Time: 14.60s
2025-08-21 04:55:38,382:INFO:Epoch: 34550/40000 | Train Loss: 2.795e-02 | Dynamic Loss: 2.795e-02 | Regularization Loss: 9.294e-12 | Val Loss: 2.573e-02 | Active Proj %: 0.00 | Time: 6.88s
2025-08-21 04:55:45,326:INFO:Epoch: 34600/40000 | Train Loss: 1.241e-02 | Dynamic Loss: 1.241e-02 | Regularization Loss: 9.249e-12 | Val Loss: 1.999e-02 | Active Proj %: 0.00 | Time: 6.83s
2025-08-21 04:55:52,442:INFO:Epoch: 34650/40000 | Train Loss: 1.316e-02 | Dynamic Loss: 1.316e-02 | Regularization Loss: 9.205e-12 | Val Loss: 2.266e-02 | Active Proj %: 0.00 | Time: 6.85s
2025-08-21 04:55:59,429:INFO:Epoch: 34700/40000 | Train Loss: 1.267e-02 | Dynamic Loss: 1.267e-02 | Regularization Loss: 9.162e-12 | Val Loss: 2.360e-02 | Active Proj %: 0.00 | Time: 6.88s
2025-08-21 04:56:06,419:INFO:Epoch: 34750/40000 | Train Loss: 1.484e-02 | Dynamic Loss: 1.484e-02 | Regularization Loss: 9.119e-12 | Val Loss: 2.185e-02 | Active Proj %: 0.00 | Time: 6.88s
2025-08-21 04:56:13,390:INFO:Epoch: 34800/40000 | Train Loss: 1.448e-02 | Dynamic Loss: 1.448e-02 | Regularization Loss: 9.077e-12 | Val Loss: 2.330e-02 | Active Proj %: 0.00 | Time: 6.86s
2025-08-21 04:56:20,321:INFO:Epoch: 34850/40000 | Train Loss: 1.351e-02 | Dynamic Loss: 1.351e-02 | Regularization Loss: 9.035e-12 | Val Loss: 2.380e-02 | Active Proj %: 0.00 | Time: 6.82s
2025-08-21 04:56:34,401:INFO:Epoch: 34900/40000 | Train Loss: 9.524e-03 | Dynamic Loss: 9.524e-03 | Regularization Loss: 8.994e-12 | Val Loss: 2.081e-02 | Active Proj %: 0.00 | Time: 13.97s
2025-08-21 04:56:41,334:INFO:Epoch: 34950/40000 | Train Loss: 3.153e-02 | Dynamic Loss: 3.153e-02 | Regularization Loss: 8.953e-12 | Val Loss: 2.885e-02 | Active Proj %: 0.00 | Time: 6.82s
2025-08-21 04:56:48,262:INFO:Epoch: 35000/40000 | Train Loss: 8.802e-03 | Dynamic Loss: 8.802e-03 | Regularization Loss: 8.912e-12 | Val Loss: 2.051e-02 | Active Proj %: 0.00 | Time: 6.82s
2025-08-21 04:56:55,367:INFO:Epoch: 35050/40000 | Train Loss: 6.999e-03 | Dynamic Loss: 6.999e-03 | Regularization Loss: 8.872e-12 | Val Loss: 1.816e-02 | Active Proj %: 0.00 | Time: 6.87s
2025-08-21 04:56:55,367:INFO:New best model found at epoch 35050 with validation loss 1.816e-02. Saving...
2025-08-21 04:57:02,404:INFO:Epoch: 35100/40000 | Train Loss: 1.095e-02 | Dynamic Loss: 1.095e-02 | Regularization Loss: 8.831e-12 | Val Loss: 1.979e-02 | Active Proj %: 0.00 | Time: 6.90s
2025-08-21 04:57:09,404:INFO:Epoch: 35150/40000 | Train Loss: 1.089e-02 | Dynamic Loss: 1.089e-02 | Regularization Loss: 8.791e-12 | Val Loss: 2.222e-02 | Active Proj %: 0.00 | Time: 6.89s
2025-08-21 04:57:16,397:INFO:Epoch: 35200/40000 | Train Loss: 1.035e-02 | Dynamic Loss: 1.035e-02 | Regularization Loss: 8.751e-12 | Val Loss: 2.166e-02 | Active Proj %: 0.00 | Time: 6.89s
2025-08-21 04:57:23,346:INFO:Epoch: 35250/40000 | Train Loss: 1.399e-02 | Dynamic Loss: 1.399e-02 | Regularization Loss: 8.713e-12 | Val Loss: 2.492e-02 | Active Proj %: 0.00 | Time: 6.84s
2025-08-21 04:57:38,041:INFO:Epoch: 35300/40000 | Train Loss: 9.474e-03 | Dynamic Loss: 9.474e-03 | Regularization Loss: 8.674e-12 | Val Loss: 2.050e-02 | Active Proj %: 0.00 | Time: 14.58s
2025-08-21 04:57:44,989:INFO:Epoch: 35350/40000 | Train Loss: 1.427e-02 | Dynamic Loss: 1.427e-02 | Regularization Loss: 8.636e-12 | Val Loss: 2.303e-02 | Active Proj %: 0.00 | Time: 6.84s
2025-08-21 04:57:51,896:INFO:Epoch: 35400/40000 | Train Loss: 8.494e-03 | Dynamic Loss: 8.494e-03 | Regularization Loss: 8.599e-12 | Val Loss: 1.855e-02 | Active Proj %: 0.00 | Time: 6.80s
2025-08-21 04:57:58,837:INFO:Epoch: 35450/40000 | Train Loss: 8.439e-03 | Dynamic Loss: 8.439e-03 | Regularization Loss: 8.561e-12 | Val Loss: 1.857e-02 | Active Proj %: 0.00 | Time: 6.83s
2025-08-21 04:58:08,616:INFO:Epoch: 35500/40000 | Train Loss: 8.923e-03 | Dynamic Loss: 8.923e-03 | Regularization Loss: 8.524e-12 | Val Loss: 1.962e-02 | Active Proj %: 0.00 | Time: 9.67s
2025-08-21 04:58:15,521:INFO:Epoch: 35550/40000 | Train Loss: 1.036e-02 | Dynamic Loss: 1.036e-02 | Regularization Loss: 8.486e-12 | Val Loss: 2.119e-02 | Active Proj %: 0.00 | Time: 6.80s
2025-08-21 04:58:22,456:INFO:Epoch: 35600/40000 | Train Loss: 9.738e-03 | Dynamic Loss: 9.738e-03 | Regularization Loss: 8.449e-12 | Val Loss: 1.935e-02 | Active Proj %: 0.00 | Time: 6.82s
2025-08-21 04:58:29,494:INFO:Epoch: 35650/40000 | Train Loss: 1.222e-02 | Dynamic Loss: 1.222e-02 | Regularization Loss: 8.412e-12 | Val Loss: 2.469e-02 | Active Proj %: 0.00 | Time: 6.79s
2025-08-21 04:58:36,420:INFO:Epoch: 35700/40000 | Train Loss: 1.098e-02 | Dynamic Loss: 1.098e-02 | Regularization Loss: 8.376e-12 | Val Loss: 2.106e-02 | Active Proj %: 0.00 | Time: 6.82s
2025-08-21 04:58:43,326:INFO:Epoch: 35750/40000 | Train Loss: 1.203e-02 | Dynamic Loss: 1.203e-02 | Regularization Loss: 8.341e-12 | Val Loss: 2.323e-02 | Active Proj %: 0.00 | Time: 6.80s
2025-08-21 04:58:50,224:INFO:Epoch: 35800/40000 | Train Loss: 9.373e-03 | Dynamic Loss: 9.373e-03 | Regularization Loss: 8.306e-12 | Val Loss: 2.071e-02 | Active Proj %: 0.00 | Time: 6.79s
2025-08-21 04:58:59,875:INFO:Epoch: 35850/40000 | Train Loss: 1.105e-02 | Dynamic Loss: 1.105e-02 | Regularization Loss: 8.271e-12 | Val Loss: 2.089e-02 | Active Proj %: 0.00 | Time: 9.54s
2025-08-21 04:59:06,781:INFO:Epoch: 35900/40000 | Train Loss: 9.834e-03 | Dynamic Loss: 9.834e-03 | Regularization Loss: 8.236e-12 | Val Loss: 2.118e-02 | Active Proj %: 0.00 | Time: 6.80s
2025-08-21 04:59:13,726:INFO:Epoch: 35950/40000 | Train Loss: 1.411e-02 | Dynamic Loss: 1.411e-02 | Regularization Loss: 8.202e-12 | Val Loss: 2.492e-02 | Active Proj %: 0.00 | Time: 6.84s
2025-08-21 04:59:20,711:INFO:Epoch: 36000/40000 | Train Loss: 1.271e-02 | Dynamic Loss: 1.271e-02 | Regularization Loss: 8.167e-12 | Val Loss: 2.210e-02 | Active Proj %: 0.00 | Time: 6.87s
2025-08-21 04:59:27,761:INFO:Epoch: 36050/40000 | Train Loss: 1.251e-02 | Dynamic Loss: 1.251e-02 | Regularization Loss: 8.133e-12 | Val Loss: 2.184e-02 | Active Proj %: 0.00 | Time: 6.94s
2025-08-21 04:59:34,646:INFO:Epoch: 36100/40000 | Train Loss: 1.309e-02 | Dynamic Loss: 1.309e-02 | Regularization Loss: 8.099e-12 | Val Loss: 2.507e-02 | Active Proj %: 0.00 | Time: 6.78s
2025-08-21 04:59:41,536:INFO:Epoch: 36150/40000 | Train Loss: 1.036e-02 | Dynamic Loss: 1.036e-02 | Regularization Loss: 8.065e-12 | Val Loss: 2.131e-02 | Active Proj %: 0.00 | Time: 6.78s
2025-08-21 04:59:48,427:INFO:Epoch: 36200/40000 | Train Loss: 9.683e-03 | Dynamic Loss: 9.683e-03 | Regularization Loss: 8.032e-12 | Val Loss: 2.176e-02 | Active Proj %: 0.00 | Time: 6.78s
2025-08-21 04:59:59,491:INFO:Epoch: 36250/40000 | Train Loss: 6.828e-03 | Dynamic Loss: 6.828e-03 | Regularization Loss: 7.999e-12 | Val Loss: 1.711e-02 | Active Proj %: 0.00 | Time: 10.95s
2025-08-21 04:59:59,491:INFO:New best model found at epoch 36250 with validation loss 1.711e-02. Saving...
2025-08-21 05:00:06,510:INFO:Epoch: 36300/40000 | Train Loss: 1.581e-02 | Dynamic Loss: 1.581e-02 | Regularization Loss: 7.967e-12 | Val Loss: 3.169e-02 | Active Proj %: 0.00 | Time: 6.89s
2025-08-21 05:00:13,515:INFO:Epoch: 36350/40000 | Train Loss: 1.007e-02 | Dynamic Loss: 1.007e-02 | Regularization Loss: 7.935e-12 | Val Loss: 2.170e-02 | Active Proj %: 0.00 | Time: 6.89s
2025-08-21 05:00:20,472:INFO:Epoch: 36400/40000 | Train Loss: 1.227e-02 | Dynamic Loss: 1.227e-02 | Regularization Loss: 7.903e-12 | Val Loss: 2.235e-02 | Active Proj %: 0.00 | Time: 6.84s
2025-08-21 05:00:30,777:INFO:Epoch: 36450/40000 | Train Loss: 1.043e-02 | Dynamic Loss: 1.043e-02 | Regularization Loss: 7.871e-12 | Val Loss: 2.027e-02 | Active Proj %: 0.00 | Time: 10.20s
2025-08-21 05:00:37,762:INFO:Epoch: 36500/40000 | Train Loss: 1.069e-02 | Dynamic Loss: 1.069e-02 | Regularization Loss: 7.840e-12 | Val Loss: 2.002e-02 | Active Proj %: 0.00 | Time: 6.88s
2025-08-21 05:00:44,697:INFO:Epoch: 36550/40000 | Train Loss: 6.933e-03 | Dynamic Loss: 6.933e-03 | Regularization Loss: 7.809e-12 | Val Loss: 1.872e-02 | Active Proj %: 0.00 | Time: 6.83s
2025-08-21 05:00:51,614:INFO:Epoch: 36600/40000 | Train Loss: 2.202e-02 | Dynamic Loss: 2.202e-02 | Regularization Loss: 7.777e-12 | Val Loss: 4.513e-02 | Active Proj %: 0.00 | Time: 6.81s
2025-08-21 05:00:58,788:INFO:Epoch: 36650/40000 | Train Loss: 1.059e-02 | Dynamic Loss: 1.059e-02 | Regularization Loss: 7.746e-12 | Val Loss: 1.863e-02 | Active Proj %: 0.00 | Time: 7.07s
2025-08-21 05:01:05,771:INFO:Epoch: 36700/40000 | Train Loss: 7.785e-03 | Dynamic Loss: 7.785e-03 | Regularization Loss: 7.715e-12 | Val Loss: 1.953e-02 | Active Proj %: 0.00 | Time: 6.87s
2025-08-21 05:01:12,948:INFO:Epoch: 36750/40000 | Train Loss: 7.055e-03 | Dynamic Loss: 7.055e-03 | Regularization Loss: 7.685e-12 | Val Loss: 1.831e-02 | Active Proj %: 0.00 | Time: 7.06s
2025-08-21 05:01:19,855:INFO:Epoch: 36800/40000 | Train Loss: 9.495e-03 | Dynamic Loss: 9.495e-03 | Regularization Loss: 7.654e-12 | Val Loss: 2.292e-02 | Active Proj %: 0.00 | Time: 6.80s
2025-08-21 05:01:26,872:INFO:Epoch: 36850/40000 | Train Loss: 7.217e-03 | Dynamic Loss: 7.217e-03 | Regularization Loss: 7.624e-12 | Val Loss: 1.807e-02 | Active Proj %: 0.00 | Time: 6.91s
2025-08-21 05:01:33,817:INFO:Epoch: 36900/40000 | Train Loss: 9.849e-03 | Dynamic Loss: 9.849e-03 | Regularization Loss: 7.595e-12 | Val Loss: 2.015e-02 | Active Proj %: 0.00 | Time: 6.84s
2025-08-21 05:01:40,724:INFO:Epoch: 36950/40000 | Train Loss: 1.017e-02 | Dynamic Loss: 1.017e-02 | Regularization Loss: 7.566e-12 | Val Loss: 2.536e-02 | Active Proj %: 0.00 | Time: 6.80s
2025-08-21 05:01:47,676:INFO:Epoch: 37000/40000 | Train Loss: 1.027e-02 | Dynamic Loss: 1.027e-02 | Regularization Loss: 7.537e-12 | Val Loss: 2.007e-02 | Active Proj %: 0.00 | Time: 6.84s
2025-08-21 05:01:54,583:INFO:Epoch: 37050/40000 | Train Loss: 1.073e-02 | Dynamic Loss: 1.073e-02 | Regularization Loss: 7.509e-12 | Val Loss: 1.913e-02 | Active Proj %: 0.00 | Time: 6.80s
2025-08-21 05:02:02,029:INFO:Epoch: 37100/40000 | Train Loss: 9.710e-03 | Dynamic Loss: 9.710e-03 | Regularization Loss: 7.480e-12 | Val Loss: 2.083e-02 | Active Proj %: 0.00 | Time: 7.34s
2025-08-21 05:02:08,982:INFO:Epoch: 37150/40000 | Train Loss: 1.496e-02 | Dynamic Loss: 1.496e-02 | Regularization Loss: 7.452e-12 | Val Loss: 2.120e-02 | Active Proj %: 0.00 | Time: 6.84s
2025-08-21 05:02:15,941:INFO:Epoch: 37200/40000 | Train Loss: 9.643e-03 | Dynamic Loss: 9.643e-03 | Regularization Loss: 7.423e-12 | Val Loss: 1.806e-02 | Active Proj %: 0.00 | Time: 6.85s
2025-08-21 05:02:22,954:INFO:Epoch: 37250/40000 | Train Loss: 1.620e-02 | Dynamic Loss: 1.620e-02 | Regularization Loss: 7.395e-12 | Val Loss: 3.303e-02 | Active Proj %: 0.00 | Time: 6.90s
2025-08-21 05:02:29,957:INFO:Epoch: 37300/40000 | Train Loss: 9.205e-03 | Dynamic Loss: 9.205e-03 | Regularization Loss: 7.367e-12 | Val Loss: 1.920e-02 | Active Proj %: 0.00 | Time: 6.89s
2025-08-21 05:02:36,989:INFO:Epoch: 37350/40000 | Train Loss: 1.101e-02 | Dynamic Loss: 1.101e-02 | Regularization Loss: 7.339e-12 | Val Loss: 2.187e-02 | Active Proj %: 0.00 | Time: 6.92s
2025-08-21 05:02:43,984:INFO:Epoch: 37400/40000 | Train Loss: 1.298e-02 | Dynamic Loss: 1.298e-02 | Regularization Loss: 7.311e-12 | Val Loss: 2.530e-02 | Active Proj %: 0.00 | Time: 6.88s
2025-08-21 05:02:50,979:INFO:Epoch: 37450/40000 | Train Loss: 1.259e-02 | Dynamic Loss: 1.259e-02 | Regularization Loss: 7.283e-12 | Val Loss: 2.118e-02 | Active Proj %: 0.00 | Time: 6.89s
2025-08-21 05:03:03,175:INFO:Epoch: 37500/40000 | Train Loss: 8.369e-03 | Dynamic Loss: 8.369e-03 | Regularization Loss: 7.256e-12 | Val Loss: 1.802e-02 | Active Proj %: 0.00 | Time: 12.09s
2025-08-21 05:03:10,141:INFO:Epoch: 37550/40000 | Train Loss: 9.460e-03 | Dynamic Loss: 9.460e-03 | Regularization Loss: 7.230e-12 | Val Loss: 1.940e-02 | Active Proj %: 0.00 | Time: 6.86s
2025-08-21 05:03:17,092:INFO:Epoch: 37600/40000 | Train Loss: 9.632e-03 | Dynamic Loss: 9.632e-03 | Regularization Loss: 7.203e-12 | Val Loss: 1.731e-02 | Active Proj %: 0.00 | Time: 6.84s
2025-08-21 05:03:24,050:INFO:Epoch: 37650/40000 | Train Loss: 1.063e-02 | Dynamic Loss: 1.063e-02 | Regularization Loss: 7.177e-12 | Val Loss: 2.447e-02 | Active Proj %: 0.00 | Time: 6.85s
2025-08-21 05:03:38,461:INFO:Epoch: 37700/40000 | Train Loss: 1.405e-02 | Dynamic Loss: 1.405e-02 | Regularization Loss: 7.151e-12 | Val Loss: 2.861e-02 | Active Proj %: 0.00 | Time: 14.30s
2025-08-21 05:03:45,427:INFO:Epoch: 37750/40000 | Train Loss: 8.720e-03 | Dynamic Loss: 8.720e-03 | Regularization Loss: 7.125e-12 | Val Loss: 1.821e-02 | Active Proj %: 0.00 | Time: 6.86s
2025-08-21 05:03:52,409:INFO:Epoch: 37800/40000 | Train Loss: 8.965e-03 | Dynamic Loss: 8.965e-03 | Regularization Loss: 7.100e-12 | Val Loss: 1.999e-02 | Active Proj %: 0.00 | Time: 6.87s
2025-08-21 05:03:59,365:INFO:Epoch: 37850/40000 | Train Loss: 1.852e-02 | Dynamic Loss: 1.852e-02 | Regularization Loss: 7.074e-12 | Val Loss: 2.886e-02 | Active Proj %: 0.00 | Time: 6.85s
2025-08-21 05:04:06,457:INFO:Epoch: 37900/40000 | Train Loss: 1.907e-02 | Dynamic Loss: 1.907e-02 | Regularization Loss: 7.048e-12 | Val Loss: 2.443e-02 | Active Proj %: 0.00 | Time: 6.98s
2025-08-21 05:04:13,467:INFO:Epoch: 37950/40000 | Train Loss: 7.984e-03 | Dynamic Loss: 7.984e-03 | Regularization Loss: 7.023e-12 | Val Loss: 2.044e-02 | Active Proj %: 0.00 | Time: 6.90s
2025-08-21 05:04:20,462:INFO:Epoch: 38000/40000 | Train Loss: 9.259e-03 | Dynamic Loss: 9.259e-03 | Regularization Loss: 6.998e-12 | Val Loss: 2.005e-02 | Active Proj %: 0.00 | Time: 6.89s
2025-08-21 05:04:27,459:INFO:Epoch: 38050/40000 | Train Loss: 8.118e-03 | Dynamic Loss: 8.118e-03 | Regularization Loss: 6.972e-12 | Val Loss: 1.851e-02 | Active Proj %: 0.00 | Time: 6.89s
2025-08-21 05:04:34,437:INFO:Epoch: 38100/40000 | Train Loss: 9.072e-03 | Dynamic Loss: 9.072e-03 | Regularization Loss: 6.947e-12 | Val Loss: 2.141e-02 | Active Proj %: 0.00 | Time: 6.86s
2025-08-21 05:04:46,858:INFO:Epoch: 38150/40000 | Train Loss: 1.008e-02 | Dynamic Loss: 1.008e-02 | Regularization Loss: 6.922e-12 | Val Loss: 2.095e-02 | Active Proj %: 0.00 | Time: 12.31s
2025-08-21 05:04:53,836:INFO:Epoch: 38200/40000 | Train Loss: 8.073e-03 | Dynamic Loss: 8.073e-03 | Regularization Loss: 6.897e-12 | Val Loss: 1.788e-02 | Active Proj %: 0.00 | Time: 6.87s
2025-08-21 05:05:00,813:INFO:Epoch: 38250/40000 | Train Loss: 1.153e-02 | Dynamic Loss: 1.153e-02 | Regularization Loss: 6.873e-12 | Val Loss: 1.835e-02 | Active Proj %: 0.00 | Time: 6.87s
2025-08-21 05:05:07,787:INFO:Epoch: 38300/40000 | Train Loss: 1.527e-02 | Dynamic Loss: 1.527e-02 | Regularization Loss: 6.849e-12 | Val Loss: 2.628e-02 | Active Proj %: 0.00 | Time: 6.86s
2025-08-21 05:05:22,118:INFO:Epoch: 38350/40000 | Train Loss: 7.481e-03 | Dynamic Loss: 7.481e-03 | Regularization Loss: 6.826e-12 | Val Loss: 1.757e-02 | Active Proj %: 0.00 | Time: 14.22s
2025-08-21 05:05:29,123:INFO:Epoch: 38400/40000 | Train Loss: 9.747e-03 | Dynamic Loss: 9.747e-03 | Regularization Loss: 6.803e-12 | Val Loss: 1.910e-02 | Active Proj %: 0.00 | Time: 6.89s
2025-08-21 05:05:36,085:INFO:Epoch: 38450/40000 | Train Loss: 8.142e-03 | Dynamic Loss: 8.142e-03 | Regularization Loss: 6.779e-12 | Val Loss: 2.069e-02 | Active Proj %: 0.00 | Time: 6.85s
2025-08-21 05:05:43,119:INFO:Epoch: 38500/40000 | Train Loss: 1.033e-02 | Dynamic Loss: 1.033e-02 | Regularization Loss: 6.756e-12 | Val Loss: 1.946e-02 | Active Proj %: 0.00 | Time: 6.92s
2025-08-21 05:05:50,143:INFO:Epoch: 38550/40000 | Train Loss: 9.020e-03 | Dynamic Loss: 9.020e-03 | Regularization Loss: 6.733e-12 | Val Loss: 2.046e-02 | Active Proj %: 0.00 | Time: 6.91s
2025-08-21 05:05:57,116:INFO:Epoch: 38600/40000 | Train Loss: 9.175e-03 | Dynamic Loss: 9.175e-03 | Regularization Loss: 6.710e-12 | Val Loss: 2.014e-02 | Active Proj %: 0.00 | Time: 6.86s
2025-08-21 05:06:04,099:INFO:Epoch: 38650/40000 | Train Loss: 1.125e-02 | Dynamic Loss: 1.125e-02 | Regularization Loss: 6.687e-12 | Val Loss: 2.105e-02 | Active Proj %: 0.00 | Time: 6.87s
2025-08-21 05:06:11,059:INFO:Epoch: 38700/40000 | Train Loss: 8.285e-03 | Dynamic Loss: 8.285e-03 | Regularization Loss: 6.664e-12 | Val Loss: 1.903e-02 | Active Proj %: 0.00 | Time: 6.85s
2025-08-21 05:06:25,482:INFO:Epoch: 38750/40000 | Train Loss: 6.366e-03 | Dynamic Loss: 6.366e-03 | Regularization Loss: 6.641e-12 | Val Loss: 1.706e-02 | Active Proj %: 0.00 | Time: 14.31s
2025-08-21 05:06:25,482:INFO:New best model found at epoch 38750 with validation loss 1.706e-02. Saving...
2025-08-21 05:06:32,580:INFO:Epoch: 38800/40000 | Train Loss: 1.018e-02 | Dynamic Loss: 1.018e-02 | Regularization Loss: 6.618e-12 | Val Loss: 2.194e-02 | Active Proj %: 0.00 | Time: 6.95s
2025-08-21 05:06:39,601:INFO:Epoch: 38850/40000 | Train Loss: 9.102e-03 | Dynamic Loss: 9.102e-03 | Regularization Loss: 6.596e-12 | Val Loss: 1.928e-02 | Active Proj %: 0.00 | Time: 6.91s
2025-08-21 05:06:46,551:INFO:Epoch: 38900/40000 | Train Loss: 1.207e-02 | Dynamic Loss: 1.207e-02 | Regularization Loss: 6.573e-12 | Val Loss: 2.252e-02 | Active Proj %: 0.00 | Time: 6.84s
2025-08-21 05:06:58,938:INFO:Epoch: 38950/40000 | Train Loss: 8.859e-03 | Dynamic Loss: 8.859e-03 | Regularization Loss: 6.551e-12 | Val Loss: 1.912e-02 | Active Proj %: 0.00 | Time: 12.27s
2025-08-21 05:07:05,869:INFO:Epoch: 39000/40000 | Train Loss: 8.930e-03 | Dynamic Loss: 8.930e-03 | Regularization Loss: 6.528e-12 | Val Loss: 2.089e-02 | Active Proj %: 0.00 | Time: 6.82s
2025-08-21 05:07:12,832:INFO:Epoch: 39050/40000 | Train Loss: 9.570e-03 | Dynamic Loss: 9.570e-03 | Regularization Loss: 6.507e-12 | Val Loss: 2.019e-02 | Active Proj %: 0.00 | Time: 6.85s
2025-08-21 05:07:19,913:INFO:Epoch: 39100/40000 | Train Loss: 1.108e-02 | Dynamic Loss: 1.108e-02 | Regularization Loss: 6.486e-12 | Val Loss: 2.112e-02 | Active Proj %: 0.00 | Time: 6.97s
2025-08-21 05:07:26,945:INFO:Epoch: 39150/40000 | Train Loss: 1.025e-02 | Dynamic Loss: 1.025e-02 | Regularization Loss: 6.465e-12 | Val Loss: 2.274e-02 | Active Proj %: 0.00 | Time: 6.92s
2025-08-21 05:07:33,919:INFO:Epoch: 39200/40000 | Train Loss: 8.440e-03 | Dynamic Loss: 8.440e-03 | Regularization Loss: 6.444e-12 | Val Loss: 1.825e-02 | Active Proj %: 0.00 | Time: 6.86s
2025-08-21 05:07:40,883:INFO:Epoch: 39250/40000 | Train Loss: 9.109e-03 | Dynamic Loss: 9.109e-03 | Regularization Loss: 6.423e-12 | Val Loss: 1.978e-02 | Active Proj %: 0.00 | Time: 6.85s
2025-08-21 05:07:47,814:INFO:Epoch: 39300/40000 | Train Loss: 1.259e-02 | Dynamic Loss: 1.259e-02 | Regularization Loss: 6.402e-12 | Val Loss: 2.694e-02 | Active Proj %: 0.00 | Time: 6.82s
2025-08-21 05:08:02,439:INFO:Epoch: 39350/40000 | Train Loss: 1.016e-02 | Dynamic Loss: 1.016e-02 | Regularization Loss: 6.381e-12 | Val Loss: 1.925e-02 | Active Proj %: 0.00 | Time: 14.51s
2025-08-21 05:08:09,442:INFO:Epoch: 39400/40000 | Train Loss: 1.432e-02 | Dynamic Loss: 1.432e-02 | Regularization Loss: 6.361e-12 | Val Loss: 2.103e-02 | Active Proj %: 0.00 | Time: 6.89s
2025-08-21 05:08:16,436:INFO:Epoch: 39450/40000 | Train Loss: 1.125e-02 | Dynamic Loss: 1.125e-02 | Regularization Loss: 6.340e-12 | Val Loss: 2.269e-02 | Active Proj %: 0.00 | Time: 6.88s
2025-08-21 05:08:23,559:INFO:Epoch: 39500/40000 | Train Loss: 7.902e-03 | Dynamic Loss: 7.902e-03 | Regularization Loss: 6.319e-12 | Val Loss: 1.960e-02 | Active Proj %: 0.00 | Time: 7.01s
2025-08-21 05:08:30,546:INFO:Epoch: 39550/40000 | Train Loss: 9.043e-03 | Dynamic Loss: 9.043e-03 | Regularization Loss: 6.299e-12 | Val Loss: 2.034e-02 | Active Proj %: 0.00 | Time: 6.88s
2025-08-21 05:08:37,538:INFO:Epoch: 39600/40000 | Train Loss: 1.106e-02 | Dynamic Loss: 1.106e-02 | Regularization Loss: 6.279e-12 | Val Loss: 2.894e-02 | Active Proj %: 0.00 | Time: 6.88s
2025-08-21 05:08:44,526:INFO:Epoch: 39650/40000 | Train Loss: 8.709e-03 | Dynamic Loss: 8.709e-03 | Regularization Loss: 6.258e-12 | Val Loss: 1.886e-02 | Active Proj %: 0.00 | Time: 6.87s
2025-08-21 05:08:51,512:INFO:Epoch: 39700/40000 | Train Loss: 1.537e-02 | Dynamic Loss: 1.537e-02 | Regularization Loss: 6.238e-12 | Val Loss: 2.048e-02 | Active Proj %: 0.00 | Time: 6.87s
2025-08-21 05:08:58,772:INFO:Epoch: 39750/40000 | Train Loss: 9.641e-03 | Dynamic Loss: 9.641e-03 | Regularization Loss: 6.218e-12 | Val Loss: 2.016e-02 | Active Proj %: 0.00 | Time: 7.14s
2025-08-21 05:09:05,712:INFO:Epoch: 39800/40000 | Train Loss: 7.695e-03 | Dynamic Loss: 7.695e-03 | Regularization Loss: 6.198e-12 | Val Loss: 1.772e-02 | Active Proj %: 0.00 | Time: 6.83s
2025-08-21 05:09:12,638:INFO:Epoch: 39850/40000 | Train Loss: 6.937e-03 | Dynamic Loss: 6.937e-03 | Regularization Loss: 6.178e-12 | Val Loss: 1.705e-02 | Active Proj %: 0.00 | Time: 6.81s
2025-08-21 05:09:12,638:INFO:New best model found at epoch 39850 with validation loss 1.705e-02. Saving...
2025-08-21 05:09:24,425:INFO:Epoch: 39900/40000 | Train Loss: 7.846e-03 | Dynamic Loss: 7.846e-03 | Regularization Loss: 6.158e-12 | Val Loss: 1.811e-02 | Active Proj %: 0.00 | Time: 11.65s
2025-08-21 05:09:31,411:INFO:Epoch: 39950/40000 | Train Loss: 1.416e-02 | Dynamic Loss: 1.416e-02 | Regularization Loss: 6.138e-12 | Val Loss: 2.618e-02 | Active Proj %: 0.00 | Time: 6.87s
2025-08-21 05:09:38,380:INFO:Epoch: 40000/40000 | Train Loss: 7.326e-03 | Dynamic Loss: 7.326e-03 | Regularization Loss: 6.120e-12 | Val Loss: 1.688e-02 | Active Proj %: 0.00 | Time: 6.86s
2025-08-21 05:09:38,380:INFO:New best model found at epoch 40000 with validation loss 1.688e-02. Saving...
