2025-08-20 02:30:18,958:INFO:Created DataLoaders with 5994 training samples and 1998 validation samples.
2025-08-20 02:30:20,119:INFO:model params: 2512001
2025-08-20 02:30:23,105:INFO:Epoch: 0/40000 | Train Loss: 2.908e+00 | Dynamic Loss: 2.813e+00 | Regularization Loss: 9.509e-02 | Val Loss: 2.507e+00 | Time: 2.99s
2025-08-20 02:30:23,105:INFO:New best model found at epoch 0 with validation loss 2.507e+00. Saving...
2025-08-20 02:30:32,157:INFO:Epoch: 50/40000 | Train Loss: 1.817e+00 | Dynamic Loss: 1.813e+00 | Regularization Loss: 4.074e-03 | Val Loss: 1.802e+00 | Time: 9.00s
2025-08-20 02:30:32,158:INFO:New best model found at epoch 50 with validation loss 1.802e+00. Saving...
2025-08-20 02:30:46,415:INFO:Epoch: 100/40000 | Train Loss: 1.692e+00 | Dynamic Loss: 1.691e+00 | Regularization Loss: 1.610e-03 | Val Loss: 1.731e+00 | Time: 14.24s
2025-08-20 02:30:46,415:INFO:New best model found at epoch 100 with validation loss 1.731e+00. Saving...
2025-08-20 02:30:55,884:INFO:Epoch: 150/40000 | Train Loss: 1.646e+00 | Dynamic Loss: 1.645e+00 | Regularization Loss: 8.984e-04 | Val Loss: 1.686e+00 | Time: 9.45s
2025-08-20 02:30:55,885:INFO:New best model found at epoch 150 with validation loss 1.686e+00. Saving...
2025-08-20 02:31:05,264:INFO:Epoch: 200/40000 | Train Loss: 1.658e+00 | Dynamic Loss: 1.658e+00 | Regularization Loss: 5.840e-04 | Val Loss: 1.657e+00 | Time: 9.36s
2025-08-20 02:31:05,264:INFO:New best model found at epoch 200 with validation loss 1.657e+00. Saving...
2025-08-20 02:31:14,638:INFO:Epoch: 250/40000 | Train Loss: 1.574e+00 | Dynamic Loss: 1.573e+00 | Regularization Loss: 4.139e-04 | Val Loss: 1.621e+00 | Time: 9.35s
2025-08-20 02:31:14,639:INFO:New best model found at epoch 250 with validation loss 1.621e+00. Saving...
2025-08-20 02:31:27,361:INFO:Epoch: 300/40000 | Train Loss: 1.547e+00 | Dynamic Loss: 1.546e+00 | Regularization Loss: 3.101e-04 | Val Loss: 1.730e+00 | Time: 12.70s
2025-08-20 02:31:36,727:INFO:Epoch: 350/40000 | Train Loss: 1.467e+00 | Dynamic Loss: 1.467e+00 | Regularization Loss: 2.409e-04 | Val Loss: 1.505e+00 | Time: 9.37s
2025-08-20 02:31:36,727:INFO:New best model found at epoch 350 with validation loss 1.505e+00. Saving...
2025-08-20 02:31:46,171:INFO:Epoch: 400/40000 | Train Loss: 1.350e+00 | Dynamic Loss: 1.349e+00 | Regularization Loss: 1.918e-04 | Val Loss: 1.391e+00 | Time: 9.42s
2025-08-20 02:31:46,171:INFO:New best model found at epoch 400 with validation loss 1.391e+00. Saving...
2025-08-20 02:31:55,604:INFO:Epoch: 450/40000 | Train Loss: 1.254e+00 | Dynamic Loss: 1.254e+00 | Regularization Loss: 1.567e-04 | Val Loss: 1.364e+00 | Time: 9.41s
2025-08-20 02:31:55,604:INFO:New best model found at epoch 450 with validation loss 1.364e+00. Saving...
2025-08-20 02:32:05,080:INFO:Epoch: 500/40000 | Train Loss: 1.324e+00 | Dynamic Loss: 1.324e+00 | Regularization Loss: 1.299e-04 | Val Loss: 1.381e+00 | Time: 9.46s
2025-08-20 02:32:14,567:INFO:Epoch: 550/40000 | Train Loss: 1.121e+00 | Dynamic Loss: 1.121e+00 | Regularization Loss: 1.089e-04 | Val Loss: 1.474e+00 | Time: 9.49s
2025-08-20 02:32:24,000:INFO:Epoch: 600/40000 | Train Loss: 1.032e+00 | Dynamic Loss: 1.032e+00 | Regularization Loss: 9.247e-05 | Val Loss: 1.097e+00 | Time: 9.43s
2025-08-20 02:32:24,000:INFO:New best model found at epoch 600 with validation loss 1.097e+00. Saving...
2025-08-20 02:32:33,485:INFO:Epoch: 650/40000 | Train Loss: 9.843e-01 | Dynamic Loss: 9.843e-01 | Regularization Loss: 7.866e-05 | Val Loss: 1.049e+00 | Time: 9.46s
2025-08-20 02:32:33,485:INFO:New best model found at epoch 650 with validation loss 1.049e+00. Saving...
2025-08-20 02:32:43,297:INFO:Epoch: 700/40000 | Train Loss: 9.034e-01 | Dynamic Loss: 9.033e-01 | Regularization Loss: 6.762e-05 | Val Loss: 9.750e-01 | Time: 9.79s
2025-08-20 02:32:43,297:INFO:New best model found at epoch 700 with validation loss 9.750e-01. Saving...
2025-08-20 02:32:52,731:INFO:Epoch: 750/40000 | Train Loss: 8.916e-01 | Dynamic Loss: 8.915e-01 | Regularization Loss: 5.860e-05 | Val Loss: 9.314e-01 | Time: 9.41s
2025-08-20 02:32:52,731:INFO:New best model found at epoch 750 with validation loss 9.314e-01. Saving...
2025-08-20 02:33:02,183:INFO:Epoch: 800/40000 | Train Loss: 8.078e-01 | Dynamic Loss: 8.077e-01 | Regularization Loss: 5.119e-05 | Val Loss: 8.924e-01 | Time: 9.43s
2025-08-20 02:33:02,183:INFO:New best model found at epoch 800 with validation loss 8.924e-01. Saving...
2025-08-20 02:33:18,969:INFO:Epoch: 850/40000 | Train Loss: 8.409e-01 | Dynamic Loss: 8.409e-01 | Regularization Loss: 4.456e-05 | Val Loss: 8.826e-01 | Time: 16.77s
2025-08-20 02:33:18,969:INFO:New best model found at epoch 850 with validation loss 8.826e-01. Saving...
2025-08-20 02:33:28,377:INFO:Epoch: 900/40000 | Train Loss: 7.487e-01 | Dynamic Loss: 7.487e-01 | Regularization Loss: 3.904e-05 | Val Loss: 8.238e-01 | Time: 9.39s
2025-08-20 02:33:28,377:INFO:New best model found at epoch 900 with validation loss 8.238e-01. Saving...
2025-08-20 02:33:37,772:INFO:Epoch: 950/40000 | Train Loss: 9.351e-01 | Dynamic Loss: 9.351e-01 | Regularization Loss: 3.396e-05 | Val Loss: 1.056e+00 | Time: 9.37s
2025-08-20 02:33:53,998:INFO:Epoch: 1000/40000 | Train Loss: 7.049e-01 | Dynamic Loss: 7.049e-01 | Regularization Loss: 2.945e-05 | Val Loss: 7.607e-01 | Time: 16.23s
2025-08-20 02:33:53,998:INFO:New best model found at epoch 1000 with validation loss 7.607e-01. Saving...
2025-08-20 02:34:03,475:INFO:Epoch: 1050/40000 | Train Loss: 6.822e-01 | Dynamic Loss: 6.821e-01 | Regularization Loss: 2.473e-05 | Val Loss: 7.483e-01 | Time: 9.46s
2025-08-20 02:34:03,475:INFO:New best model found at epoch 1050 with validation loss 7.483e-01. Saving...
2025-08-20 02:34:12,985:INFO:Epoch: 1100/40000 | Train Loss: 6.462e-01 | Dynamic Loss: 6.462e-01 | Regularization Loss: 2.209e-05 | Val Loss: 7.312e-01 | Time: 9.49s
2025-08-20 02:34:12,985:INFO:New best model found at epoch 1100 with validation loss 7.312e-01. Saving...
2025-08-20 02:34:29,307:INFO:Epoch: 1150/40000 | Train Loss: 6.601e-01 | Dynamic Loss: 6.600e-01 | Regularization Loss: 1.926e-05 | Val Loss: 7.002e-01 | Time: 16.30s
2025-08-20 02:34:29,307:INFO:New best model found at epoch 1150 with validation loss 7.002e-01. Saving...
2025-08-20 02:34:38,906:INFO:Epoch: 1200/40000 | Train Loss: 6.306e-01 | Dynamic Loss: 6.306e-01 | Regularization Loss: 1.651e-05 | Val Loss: 6.877e-01 | Time: 9.58s
2025-08-20 02:34:38,906:INFO:New best model found at epoch 1200 with validation loss 6.877e-01. Saving...
2025-08-20 02:34:48,546:INFO:Epoch: 1250/40000 | Train Loss: 6.022e-01 | Dynamic Loss: 6.022e-01 | Regularization Loss: 1.438e-05 | Val Loss: 6.575e-01 | Time: 9.62s
2025-08-20 02:34:48,546:INFO:New best model found at epoch 1250 with validation loss 6.575e-01. Saving...
2025-08-20 02:34:58,059:INFO:Epoch: 1300/40000 | Train Loss: 6.033e-01 | Dynamic Loss: 6.033e-01 | Regularization Loss: 9.566e-06 | Val Loss: 6.577e-01 | Time: 9.49s
2025-08-20 02:35:07,519:INFO:Epoch: 1350/40000 | Train Loss: 5.640e-01 | Dynamic Loss: 5.640e-01 | Regularization Loss: 8.824e-06 | Val Loss: 6.178e-01 | Time: 9.46s
2025-08-20 02:35:07,519:INFO:New best model found at epoch 1350 with validation loss 6.178e-01. Saving...
2025-08-20 02:35:21,606:INFO:Epoch: 1400/40000 | Train Loss: 5.572e-01 | Dynamic Loss: 5.572e-01 | Regularization Loss: 7.760e-06 | Val Loss: 6.002e-01 | Time: 14.07s
2025-08-20 02:35:21,606:INFO:New best model found at epoch 1400 with validation loss 6.002e-01. Saving...
2025-08-20 02:35:31,226:INFO:Epoch: 1450/40000 | Train Loss: 5.533e-01 | Dynamic Loss: 5.533e-01 | Regularization Loss: 6.611e-06 | Val Loss: 6.257e-01 | Time: 9.60s
2025-08-20 02:35:40,874:INFO:Epoch: 1500/40000 | Train Loss: 5.501e-01 | Dynamic Loss: 5.501e-01 | Regularization Loss: 5.930e-06 | Val Loss: 6.299e-01 | Time: 9.65s
2025-08-20 02:35:50,554:INFO:Epoch: 1550/40000 | Train Loss: 5.113e-01 | Dynamic Loss: 5.113e-01 | Regularization Loss: 5.284e-06 | Val Loss: 5.539e-01 | Time: 9.68s
2025-08-20 02:35:50,554:INFO:New best model found at epoch 1550 with validation loss 5.539e-01. Saving...
2025-08-20 02:36:00,164:INFO:Epoch: 1600/40000 | Train Loss: 4.675e-01 | Dynamic Loss: 4.675e-01 | Regularization Loss: 4.517e-06 | Val Loss: 5.528e-01 | Time: 9.59s
2025-08-20 02:36:00,164:INFO:New best model found at epoch 1600 with validation loss 5.528e-01. Saving...
2025-08-20 02:36:13,139:INFO:Epoch: 1650/40000 | Train Loss: 4.643e-01 | Dynamic Loss: 4.643e-01 | Regularization Loss: 3.851e-06 | Val Loss: 5.259e-01 | Time: 12.95s
2025-08-20 02:36:13,139:INFO:New best model found at epoch 1650 with validation loss 5.259e-01. Saving...
2025-08-20 02:36:22,727:INFO:Epoch: 1700/40000 | Train Loss: 6.943e-01 | Dynamic Loss: 6.943e-01 | Regularization Loss: 3.337e-06 | Val Loss: 8.972e-01 | Time: 9.57s
2025-08-20 02:36:32,349:INFO:Epoch: 1750/40000 | Train Loss: 4.800e-01 | Dynamic Loss: 4.800e-01 | Regularization Loss: 2.550e-06 | Val Loss: 5.355e-01 | Time: 9.62s
2025-08-20 02:36:42,788:INFO:Epoch: 1800/40000 | Train Loss: 4.382e-01 | Dynamic Loss: 4.382e-01 | Regularization Loss: 2.208e-06 | Val Loss: 5.032e-01 | Time: 10.44s
2025-08-20 02:36:42,788:INFO:New best model found at epoch 1800 with validation loss 5.032e-01. Saving...
2025-08-20 02:36:52,329:INFO:Epoch: 1850/40000 | Train Loss: 4.719e-01 | Dynamic Loss: 4.719e-01 | Regularization Loss: 1.841e-06 | Val Loss: 5.300e-01 | Time: 9.52s
2025-08-20 02:37:01,982:INFO:Epoch: 1900/40000 | Train Loss: 6.176e-01 | Dynamic Loss: 6.176e-01 | Regularization Loss: 1.513e-06 | Val Loss: 5.826e-01 | Time: 9.65s
2025-08-20 02:37:11,586:INFO:Epoch: 1950/40000 | Train Loss: 5.863e-01 | Dynamic Loss: 5.863e-01 | Regularization Loss: 1.225e-06 | Val Loss: 5.363e-01 | Time: 9.60s
2025-08-20 02:37:21,228:INFO:Epoch: 2000/40000 | Train Loss: 4.403e-01 | Dynamic Loss: 4.403e-01 | Regularization Loss: 1.007e-06 | Val Loss: 4.753e-01 | Time: 9.64s
2025-08-20 02:37:21,228:INFO:New best model found at epoch 2000 with validation loss 4.753e-01. Saving...
2025-08-20 02:37:31,980:INFO:Epoch: 2050/40000 | Train Loss: 4.226e-01 | Dynamic Loss: 4.226e-01 | Regularization Loss: 8.632e-07 | Val Loss: 5.278e-01 | Time: 10.73s
2025-08-20 02:37:41,557:INFO:Epoch: 2100/40000 | Train Loss: 3.456e-01 | Dynamic Loss: 3.456e-01 | Regularization Loss: 6.878e-07 | Val Loss: 4.225e-01 | Time: 9.58s
2025-08-20 02:37:41,557:INFO:New best model found at epoch 2100 with validation loss 4.225e-01. Saving...
2025-08-20 02:37:51,208:INFO:Epoch: 2150/40000 | Train Loss: 3.834e-01 | Dynamic Loss: 3.834e-01 | Regularization Loss: 5.753e-07 | Val Loss: 4.411e-01 | Time: 9.63s
2025-08-20 02:38:00,843:INFO:Epoch: 2200/40000 | Train Loss: 3.921e-01 | Dynamic Loss: 3.921e-01 | Regularization Loss: 4.965e-07 | Val Loss: 5.294e-01 | Time: 9.64s
2025-08-20 02:38:10,409:INFO:Epoch: 2250/40000 | Train Loss: 4.128e-01 | Dynamic Loss: 4.128e-01 | Regularization Loss: 3.871e-07 | Val Loss: 5.482e-01 | Time: 9.57s
2025-08-20 02:38:22,117:INFO:Epoch: 2300/40000 | Train Loss: 3.076e-01 | Dynamic Loss: 3.076e-01 | Regularization Loss: 1.329e-07 | Val Loss: 3.673e-01 | Time: 11.71s
2025-08-20 02:38:22,117:INFO:New best model found at epoch 2300 with validation loss 3.673e-01. Saving...
2025-08-20 02:38:31,701:INFO:Epoch: 2350/40000 | Train Loss: 3.735e-01 | Dynamic Loss: 3.735e-01 | Regularization Loss: 2.499e-08 | Val Loss: 4.216e-01 | Time: 9.57s
2025-08-20 02:38:41,345:INFO:Epoch: 2400/40000 | Train Loss: 3.196e-01 | Dynamic Loss: 3.196e-01 | Regularization Loss: 2.333e-08 | Val Loss: 4.906e-01 | Time: 9.64s
2025-08-20 02:38:50,915:INFO:Epoch: 2450/40000 | Train Loss: 4.699e-01 | Dynamic Loss: 4.699e-01 | Regularization Loss: 1.955e-08 | Val Loss: 5.706e-01 | Time: 9.57s
2025-08-20 02:39:00,450:INFO:Epoch: 2500/40000 | Train Loss: 2.888e-01 | Dynamic Loss: 2.888e-01 | Regularization Loss: 1.714e-08 | Val Loss: 3.378e-01 | Time: 9.53s
2025-08-20 02:39:00,450:INFO:New best model found at epoch 2500 with validation loss 3.378e-01. Saving...
2025-08-20 02:39:16,153:INFO:Epoch: 2550/40000 | Train Loss: 3.364e-01 | Dynamic Loss: 3.364e-01 | Regularization Loss: 1.282e-08 | Val Loss: 4.032e-01 | Time: 15.68s
2025-08-20 02:39:25,774:INFO:Epoch: 2600/40000 | Train Loss: 2.841e-01 | Dynamic Loss: 2.841e-01 | Regularization Loss: 9.727e-09 | Val Loss: 3.357e-01 | Time: 9.62s
2025-08-20 02:39:25,774:INFO:New best model found at epoch 2600 with validation loss 3.357e-01. Saving...
2025-08-20 02:39:35,451:INFO:Epoch: 2650/40000 | Train Loss: 3.544e-01 | Dynamic Loss: 3.544e-01 | Regularization Loss: 6.273e-09 | Val Loss: 4.093e-01 | Time: 9.66s
2025-08-20 02:39:45,115:INFO:Epoch: 2700/40000 | Train Loss: 4.601e-01 | Dynamic Loss: 4.601e-01 | Regularization Loss: 4.940e-09 | Val Loss: 4.802e-01 | Time: 9.66s
2025-08-20 02:39:54,509:INFO:Epoch: 2750/40000 | Train Loss: 1.117e+00 | Dynamic Loss: 1.117e+00 | Regularization Loss: 7.663e-10 | Val Loss: 1.081e+00 | Time: 9.39s
2025-08-20 02:40:04,053:INFO:Epoch: 2800/40000 | Train Loss: 2.743e-01 | Dynamic Loss: 2.743e-01 | Regularization Loss: 1.377e-10 | Val Loss: 3.098e-01 | Time: 9.54s
2025-08-20 02:40:04,053:INFO:New best model found at epoch 2800 with validation loss 3.098e-01. Saving...
2025-08-20 02:40:13,486:INFO:Epoch: 2850/40000 | Train Loss: 2.907e-01 | Dynamic Loss: 2.907e-01 | Regularization Loss: 4.923e-11 | Val Loss: 3.937e-01 | Time: 9.41s
2025-08-20 02:40:22,899:INFO:Epoch: 2900/40000 | Train Loss: 2.581e-01 | Dynamic Loss: 2.581e-01 | Regularization Loss: 4.483e-11 | Val Loss: 3.018e-01 | Time: 9.41s
2025-08-20 02:40:22,899:INFO:New best model found at epoch 2900 with validation loss 3.018e-01. Saving...
2025-08-20 02:40:32,359:INFO:Epoch: 2950/40000 | Train Loss: 2.651e-01 | Dynamic Loss: 2.651e-01 | Regularization Loss: 1.543e-11 | Val Loss: 2.995e-01 | Time: 9.44s
2025-08-20 02:40:32,359:INFO:New best model found at epoch 2950 with validation loss 2.995e-01. Saving...
2025-08-20 02:40:49,084:INFO:Epoch: 3000/40000 | Train Loss: 2.588e-01 | Dynamic Loss: 2.588e-01 | Regularization Loss: 9.558e-12 | Val Loss: 2.913e-01 | Time: 16.71s
2025-08-20 02:40:49,084:INFO:New best model found at epoch 3000 with validation loss 2.913e-01. Saving...
2025-08-20 02:40:58,500:INFO:Epoch: 3050/40000 | Train Loss: 2.397e-01 | Dynamic Loss: 2.397e-01 | Regularization Loss: 6.374e-12 | Val Loss: 2.820e-01 | Time: 9.40s
2025-08-20 02:40:58,500:INFO:New best model found at epoch 3050 with validation loss 2.820e-01. Saving...
2025-08-20 02:41:08,085:INFO:Epoch: 3100/40000 | Train Loss: 2.775e-01 | Dynamic Loss: 2.775e-01 | Regularization Loss: 2.456e-12 | Val Loss: 3.104e-01 | Time: 9.56s
2025-08-20 02:41:17,589:INFO:Epoch: 3150/40000 | Train Loss: 2.661e-01 | Dynamic Loss: 2.661e-01 | Regularization Loss: 3.054e-13 | Val Loss: 2.992e-01 | Time: 9.50s
2025-08-20 02:41:35,417:INFO:Epoch: 3200/40000 | Train Loss: 4.691e-01 | Dynamic Loss: 4.691e-01 | Regularization Loss: 2.561e-13 | Val Loss: 6.524e-01 | Time: 17.83s
2025-08-20 02:41:44,993:INFO:Epoch: 3250/40000 | Train Loss: 3.011e-01 | Dynamic Loss: 3.011e-01 | Regularization Loss: 3.827e-15 | Val Loss: 3.523e-01 | Time: 9.58s
2025-08-20 02:41:54,451:INFO:Epoch: 3300/40000 | Train Loss: 3.739e-01 | Dynamic Loss: 3.739e-01 | Regularization Loss: 3.239e-15 | Val Loss: 3.703e-01 | Time: 9.46s
2025-08-20 02:42:03,909:INFO:Epoch: 3350/40000 | Train Loss: 2.495e-01 | Dynamic Loss: 2.495e-01 | Regularization Loss: 2.425e-15 | Val Loss: 3.013e-01 | Time: 9.46s
2025-08-20 02:42:14,006:INFO:Epoch: 3400/40000 | Train Loss: 2.463e-01 | Dynamic Loss: 2.463e-01 | Regularization Loss: 2.173e-15 | Val Loss: 2.928e-01 | Time: 10.10s
2025-08-20 02:42:23,466:INFO:Epoch: 3450/40000 | Train Loss: 3.392e-01 | Dynamic Loss: 3.392e-01 | Regularization Loss: 1.374e-16 | Val Loss: 3.663e-01 | Time: 9.46s
2025-08-20 02:42:32,904:INFO:Epoch: 3500/40000 | Train Loss: 2.232e-01 | Dynamic Loss: 2.232e-01 | Regularization Loss: 1.237e-16 | Val Loss: 2.598e-01 | Time: 9.44s
2025-08-20 02:42:32,904:INFO:New best model found at epoch 3500 with validation loss 2.598e-01. Saving...
2025-08-20 02:42:42,414:INFO:Epoch: 3550/40000 | Train Loss: 2.305e-01 | Dynamic Loss: 2.305e-01 | Regularization Loss: 3.478e-17 | Val Loss: 2.708e-01 | Time: 9.49s
2025-08-20 02:42:51,861:INFO:Epoch: 3600/40000 | Train Loss: 2.536e-01 | Dynamic Loss: 2.536e-01 | Regularization Loss: 1.383e-17 | Val Loss: 3.074e-01 | Time: 9.45s
2025-08-20 02:43:01,283:INFO:Epoch: 3650/40000 | Train Loss: 4.849e-01 | Dynamic Loss: 4.849e-01 | Regularization Loss: 1.012e-17 | Val Loss: 4.637e-01 | Time: 9.42s
2025-08-20 02:43:10,721:INFO:Epoch: 3700/40000 | Train Loss: 2.420e-01 | Dynamic Loss: 2.420e-01 | Regularization Loss: 4.693e-18 | Val Loss: 2.604e-01 | Time: 9.44s
2025-08-20 02:43:21,313:INFO:Epoch: 3750/40000 | Train Loss: 2.003e-01 | Dynamic Loss: 2.003e-01 | Regularization Loss: 4.310e-18 | Val Loss: 3.398e-01 | Time: 10.59s
2025-08-20 02:43:30,851:INFO:Epoch: 3800/40000 | Train Loss: 2.094e-01 | Dynamic Loss: 2.094e-01 | Regularization Loss: 6.243e-19 | Val Loss: 2.399e-01 | Time: 9.54s
2025-08-20 02:43:30,851:INFO:New best model found at epoch 3800 with validation loss 2.399e-01. Saving...
2025-08-20 02:43:40,397:INFO:Epoch: 3850/40000 | Train Loss: 2.120e-01 | Dynamic Loss: 2.120e-01 | Regularization Loss: 4.214e-19 | Val Loss: 2.401e-01 | Time: 9.53s
2025-08-20 02:43:54,175:INFO:Epoch: 3900/40000 | Train Loss: 2.038e-01 | Dynamic Loss: 2.038e-01 | Regularization Loss: 3.858e-19 | Val Loss: 2.332e-01 | Time: 13.78s
2025-08-20 02:43:54,175:INFO:New best model found at epoch 3900 with validation loss 2.332e-01. Saving...
2025-08-20 02:44:03,649:INFO:Epoch: 3950/40000 | Train Loss: 1.859e-01 | Dynamic Loss: 1.859e-01 | Regularization Loss: 3.154e-19 | Val Loss: 2.236e-01 | Time: 9.45s
2025-08-20 02:44:03,649:INFO:New best model found at epoch 3950 with validation loss 2.236e-01. Saving...
2025-08-20 02:44:13,080:INFO:Epoch: 4000/40000 | Train Loss: 2.244e-01 | Dynamic Loss: 2.244e-01 | Regularization Loss: 2.566e-19 | Val Loss: 2.530e-01 | Time: 9.41s
2025-08-20 02:44:22,672:INFO:Epoch: 4050/40000 | Train Loss: 2.346e-01 | Dynamic Loss: 2.346e-01 | Regularization Loss: 7.790e-21 | Val Loss: 2.668e-01 | Time: 9.59s
2025-08-20 02:44:32,105:INFO:Epoch: 4100/40000 | Train Loss: 1.927e-01 | Dynamic Loss: 1.927e-01 | Regularization Loss: 6.283e-21 | Val Loss: 2.193e-01 | Time: 9.43s
2025-08-20 02:44:32,105:INFO:New best model found at epoch 4100 with validation loss 2.193e-01. Saving...
2025-08-20 02:44:41,497:INFO:Epoch: 4150/40000 | Train Loss: 5.830e-01 | Dynamic Loss: 5.830e-01 | Regularization Loss: 3.542e-21 | Val Loss: 5.097e-01 | Time: 9.37s
2025-08-20 02:44:50,923:INFO:Epoch: 4200/40000 | Train Loss: 2.172e-01 | Dynamic Loss: 2.172e-01 | Regularization Loss: 1.666e-21 | Val Loss: 2.396e-01 | Time: 9.43s
2025-08-20 02:45:06,322:INFO:Epoch: 4250/40000 | Train Loss: 9.970e-01 | Dynamic Loss: 9.970e-01 | Regularization Loss: 2.051e-22 | Val Loss: 9.374e-01 | Time: 15.40s
2025-08-20 02:45:15,729:INFO:Epoch: 4300/40000 | Train Loss: 2.363e-01 | Dynamic Loss: 2.363e-01 | Regularization Loss: 5.590e-23 | Val Loss: 2.409e-01 | Time: 9.41s
2025-08-20 02:45:25,208:INFO:Epoch: 4350/40000 | Train Loss: 2.594e-01 | Dynamic Loss: 2.594e-01 | Regularization Loss: 3.003e-24 | Val Loss: 2.840e-01 | Time: 9.48s
2025-08-20 02:45:34,804:INFO:Epoch: 4400/40000 | Train Loss: 3.278e-01 | Dynamic Loss: 3.278e-01 | Regularization Loss: 1.147e-24 | Val Loss: 3.663e-01 | Time: 9.60s
2025-08-20 02:45:52,454:INFO:Epoch: 4450/40000 | Train Loss: 1.946e-01 | Dynamic Loss: 1.946e-01 | Regularization Loss: 6.732e-25 | Val Loss: 2.177e-01 | Time: 17.65s
2025-08-20 02:45:52,454:INFO:New best model found at epoch 4450 with validation loss 2.177e-01. Saving...
2025-08-20 02:46:01,991:INFO:Epoch: 4500/40000 | Train Loss: 2.470e-01 | Dynamic Loss: 2.470e-01 | Regularization Loss: 5.509e-25 | Val Loss: 2.590e-01 | Time: 9.52s
2025-08-20 02:46:11,398:INFO:Epoch: 4550/40000 | Train Loss: 2.514e-01 | Dynamic Loss: 2.514e-01 | Regularization Loss: 4.963e-25 | Val Loss: 2.694e-01 | Time: 9.41s
2025-08-20 02:46:21,016:INFO:Epoch: 4600/40000 | Train Loss: 1.529e-01 | Dynamic Loss: 1.529e-01 | Regularization Loss: 4.825e-25 | Val Loss: 2.984e-01 | Time: 9.62s
2025-08-20 02:46:30,455:INFO:Epoch: 4650/40000 | Train Loss: 4.968e-01 | Dynamic Loss: 4.968e-01 | Regularization Loss: 2.164e-25 | Val Loss: 4.581e-01 | Time: 9.44s
2025-08-20 02:46:39,881:INFO:Epoch: 4700/40000 | Train Loss: 3.952e-01 | Dynamic Loss: 3.952e-01 | Regularization Loss: 5.643e-26 | Val Loss: 4.072e-01 | Time: 9.43s
2025-08-20 02:46:49,346:INFO:Epoch: 4750/40000 | Train Loss: 3.447e-01 | Dynamic Loss: 3.447e-01 | Regularization Loss: 2.219e-26 | Val Loss: 3.428e-01 | Time: 9.46s
2025-08-20 02:47:04,611:INFO:Epoch: 4800/40000 | Train Loss: 1.618e-01 | Dynamic Loss: 1.618e-01 | Regularization Loss: 1.311e-26 | Val Loss: 1.849e-01 | Time: 15.26s
2025-08-20 02:47:04,611:INFO:New best model found at epoch 4800 with validation loss 1.849e-01. Saving...
2025-08-20 02:47:14,123:INFO:Epoch: 4850/40000 | Train Loss: 3.200e-01 | Dynamic Loss: 3.200e-01 | Regularization Loss: 2.627e-27 | Val Loss: 3.276e-01 | Time: 9.49s
2025-08-20 02:47:23,641:INFO:Epoch: 4900/40000 | Train Loss: 1.673e-01 | Dynamic Loss: 1.673e-01 | Regularization Loss: 1.640e-27 | Val Loss: 1.893e-01 | Time: 9.52s
2025-08-20 02:47:33,063:INFO:Epoch: 4950/40000 | Train Loss: 4.014e-01 | Dynamic Loss: 4.014e-01 | Regularization Loss: 5.509e-28 | Val Loss: 4.255e-01 | Time: 9.42s
2025-08-20 02:47:49,408:INFO:Epoch: 5000/40000 | Train Loss: 2.369e-01 | Dynamic Loss: 2.369e-01 | Regularization Loss: 3.753e-28 | Val Loss: 3.261e-01 | Time: 16.34s
2025-08-20 02:47:58,852:INFO:Epoch: 5050/40000 | Train Loss: 3.022e-01 | Dynamic Loss: 3.022e-01 | Regularization Loss: 1.675e-28 | Val Loss: 3.384e-01 | Time: 9.44s
2025-08-20 02:48:08,311:INFO:Epoch: 5100/40000 | Train Loss: 3.736e-01 | Dynamic Loss: 3.736e-01 | Regularization Loss: 8.358e-29 | Val Loss: 3.108e-01 | Time: 9.46s
2025-08-20 02:48:19,151:INFO:Epoch: 5150/40000 | Train Loss: 2.754e-01 | Dynamic Loss: 2.754e-01 | Regularization Loss: 3.937e-29 | Val Loss: 2.452e-01 | Time: 10.84s
2025-08-20 02:48:28,695:INFO:Epoch: 5200/40000 | Train Loss: 1.625e-01 | Dynamic Loss: 1.625e-01 | Regularization Loss: 1.536e-29 | Val Loss: 1.871e-01 | Time: 9.54s
2025-08-20 02:48:38,163:INFO:Epoch: 5250/40000 | Train Loss: 1.386e-01 | Dynamic Loss: 1.386e-01 | Regularization Loss: 8.234e-30 | Val Loss: 1.591e-01 | Time: 9.47s
2025-08-20 02:48:38,163:INFO:New best model found at epoch 5250 with validation loss 1.591e-01. Saving...
2025-08-20 02:48:47,601:INFO:Epoch: 5300/40000 | Train Loss: 1.319e-01 | Dynamic Loss: 1.319e-01 | Regularization Loss: 5.423e-30 | Val Loss: 1.551e-01 | Time: 9.42s
2025-08-20 02:48:47,601:INFO:New best model found at epoch 5300 with validation loss 1.551e-01. Saving...
2025-08-20 02:49:05,195:INFO:Epoch: 5350/40000 | Train Loss: 2.029e-01 | Dynamic Loss: 2.029e-01 | Regularization Loss: 1.214e-30 | Val Loss: 2.226e-01 | Time: 17.57s
2025-08-20 02:49:14,766:INFO:Epoch: 5400/40000 | Train Loss: 1.358e-01 | Dynamic Loss: 1.358e-01 | Regularization Loss: 8.350e-31 | Val Loss: 1.603e-01 | Time: 9.57s
2025-08-20 02:49:24,347:INFO:Epoch: 5450/40000 | Train Loss: 1.870e-01 | Dynamic Loss: 1.870e-01 | Regularization Loss: 5.243e-31 | Val Loss: 2.076e-01 | Time: 9.58s
2025-08-20 02:49:33,898:INFO:Epoch: 5500/40000 | Train Loss: 2.665e-01 | Dynamic Loss: 2.665e-01 | Regularization Loss: 2.890e-31 | Val Loss: 2.467e-01 | Time: 9.55s
2025-08-20 02:49:43,387:INFO:Epoch: 5550/40000 | Train Loss: 1.345e-01 | Dynamic Loss: 1.345e-01 | Regularization Loss: 4.161e-32 | Val Loss: 1.602e-01 | Time: 9.49s
2025-08-20 02:49:52,809:INFO:Epoch: 5600/40000 | Train Loss: 1.340e-01 | Dynamic Loss: 1.340e-01 | Regularization Loss: 1.147e-32 | Val Loss: 1.606e-01 | Time: 9.42s
2025-08-20 02:50:02,229:INFO:Epoch: 5650/40000 | Train Loss: 2.272e-01 | Dynamic Loss: 2.272e-01 | Regularization Loss: 6.105e-34 | Val Loss: 2.419e-01 | Time: 9.42s
2025-08-20 02:50:17,240:INFO:Epoch: 5700/40000 | Train Loss: 1.453e-01 | Dynamic Loss: 1.453e-01 | Regularization Loss: 4.468e-34 | Val Loss: 1.681e-01 | Time: 15.01s
2025-08-20 02:50:26,738:INFO:Epoch: 5750/40000 | Train Loss: 1.320e-01 | Dynamic Loss: 1.320e-01 | Regularization Loss: 3.470e-34 | Val Loss: 1.523e-01 | Time: 9.50s
2025-08-20 02:50:26,739:INFO:New best model found at epoch 5750 with validation loss 1.523e-01. Saving...
2025-08-20 02:50:36,230:INFO:Epoch: 5800/40000 | Train Loss: 1.947e-01 | Dynamic Loss: 1.947e-01 | Regularization Loss: 1.020e-34 | Val Loss: 2.079e-01 | Time: 9.47s
2025-08-20 02:50:45,635:INFO:Epoch: 5850/40000 | Train Loss: 5.405e-01 | Dynamic Loss: 5.405e-01 | Regularization Loss: 3.213e-35 | Val Loss: 5.153e-01 | Time: 9.40s
2025-08-20 02:51:03,628:INFO:Epoch: 5900/40000 | Train Loss: 1.697e-01 | Dynamic Loss: 1.697e-01 | Regularization Loss: 4.438e-36 | Val Loss: 2.012e-01 | Time: 17.99s
2025-08-20 02:51:13,268:INFO:Epoch: 5950/40000 | Train Loss: 1.842e-01 | Dynamic Loss: 1.842e-01 | Regularization Loss: 1.053e-36 | Val Loss: 1.869e-01 | Time: 9.64s
2025-08-20 02:51:22,759:INFO:Epoch: 6000/40000 | Train Loss: 1.163e-01 | Dynamic Loss: 1.163e-01 | Regularization Loss: 1.005e-36 | Val Loss: 1.397e-01 | Time: 9.49s
2025-08-20 02:51:22,759:INFO:New best model found at epoch 6000 with validation loss 1.397e-01. Saving...
2025-08-20 02:51:32,501:INFO:Epoch: 6050/40000 | Train Loss: 1.754e-01 | Dynamic Loss: 1.754e-01 | Regularization Loss: 2.740e-37 | Val Loss: 1.984e-01 | Time: 9.72s
2025-08-20 02:51:42,066:INFO:Epoch: 6100/40000 | Train Loss: 1.273e-01 | Dynamic Loss: 1.273e-01 | Regularization Loss: 6.482e-38 | Val Loss: 1.523e-01 | Time: 9.56s
2025-08-20 02:51:51,635:INFO:Epoch: 6150/40000 | Train Loss: 1.357e-01 | Dynamic Loss: 1.357e-01 | Regularization Loss: 2.764e-38 | Val Loss: 1.581e-01 | Time: 9.57s
2025-08-20 02:52:01,138:INFO:Epoch: 6200/40000 | Train Loss: 1.047e-01 | Dynamic Loss: 1.047e-01 | Regularization Loss: 2.294e-38 | Val Loss: 1.289e-01 | Time: 9.50s
2025-08-20 02:52:01,138:INFO:New best model found at epoch 6200 with validation loss 1.289e-01. Saving...
2025-08-20 02:52:10,736:INFO:Epoch: 6250/40000 | Train Loss: 1.324e-01 | Dynamic Loss: 1.324e-01 | Regularization Loss: 9.592e-39 | Val Loss: 1.746e-01 | Time: 9.58s
2025-08-20 02:52:20,254:INFO:Epoch: 6300/40000 | Train Loss: 1.911e-01 | Dynamic Loss: 1.911e-01 | Regularization Loss: 4.270e-39 | Val Loss: 2.170e-01 | Time: 9.52s
2025-08-20 02:52:29,774:INFO:Epoch: 6350/40000 | Train Loss: 1.507e-01 | Dynamic Loss: 1.507e-01 | Regularization Loss: 1.465e-39 | Val Loss: 1.672e-01 | Time: 9.52s
2025-08-20 02:52:39,451:INFO:Epoch: 6400/40000 | Train Loss: 1.166e-01 | Dynamic Loss: 1.166e-01 | Regularization Loss: 1.247e-39 | Val Loss: 1.401e-01 | Time: 9.68s
2025-08-20 02:52:48,967:INFO:Epoch: 6450/40000 | Train Loss: 1.122e-01 | Dynamic Loss: 1.122e-01 | Regularization Loss: 5.857e-40 | Val Loss: 1.346e-01 | Time: 9.52s
2025-08-20 02:52:58,615:INFO:Epoch: 6500/40000 | Train Loss: 1.466e-01 | Dynamic Loss: 1.466e-01 | Regularization Loss: 5.597e-40 | Val Loss: 1.885e-01 | Time: 9.65s
2025-08-20 02:53:08,118:INFO:Epoch: 6550/40000 | Train Loss: 1.594e-01 | Dynamic Loss: 1.594e-01 | Regularization Loss: 2.574e-40 | Val Loss: 1.640e-01 | Time: 9.50s
2025-08-20 02:53:23,681:INFO:Epoch: 6600/40000 | Train Loss: 2.246e-01 | Dynamic Loss: 2.246e-01 | Regularization Loss: 6.569e-42 | Val Loss: 2.436e-01 | Time: 15.56s
2025-08-20 02:53:33,242:INFO:Epoch: 6650/40000 | Train Loss: 1.022e-01 | Dynamic Loss: 1.022e-01 | Regularization Loss: 5.430e-42 | Val Loss: 1.379e-01 | Time: 9.56s
2025-08-20 02:53:42,715:INFO:Epoch: 6700/40000 | Train Loss: 9.665e-02 | Dynamic Loss: 9.665e-02 | Regularization Loss: 4.795e-42 | Val Loss: 1.189e-01 | Time: 9.47s
2025-08-20 02:53:42,715:INFO:New best model found at epoch 6700 with validation loss 1.189e-01. Saving...
2025-08-20 02:53:52,336:INFO:Epoch: 6750/40000 | Train Loss: 1.100e-01 | Dynamic Loss: 1.100e-01 | Regularization Loss: 7.432e-43 | Val Loss: 1.348e-01 | Time: 9.60s
2025-08-20 02:54:01,839:INFO:Epoch: 6800/40000 | Train Loss: 9.271e-02 | Dynamic Loss: 9.271e-02 | Regularization Loss: 4.863e-43 | Val Loss: 1.149e-01 | Time: 9.50s
2025-08-20 02:54:01,839:INFO:New best model found at epoch 6800 with validation loss 1.149e-01. Saving...
2025-08-20 02:54:11,353:INFO:Epoch: 6850/40000 | Train Loss: 1.039e-01 | Dynamic Loss: 1.039e-01 | Regularization Loss: 2.592e-43 | Val Loss: 1.240e-01 | Time: 9.49s
2025-08-20 02:54:20,826:INFO:Epoch: 6900/40000 | Train Loss: 9.932e-02 | Dynamic Loss: 9.932e-02 | Regularization Loss: 1.541e-43 | Val Loss: 1.203e-01 | Time: 9.47s
2025-08-20 02:54:32,182:INFO:Epoch: 6950/40000 | Train Loss: 8.766e-02 | Dynamic Loss: 8.766e-02 | Regularization Loss: 8.408e-44 | Val Loss: 1.124e-01 | Time: 11.36s
2025-08-20 02:54:32,182:INFO:New best model found at epoch 6950 with validation loss 1.124e-01. Saving...
2025-08-20 02:54:41,691:INFO:Epoch: 7000/40000 | Train Loss: 5.867e-01 | Dynamic Loss: 5.867e-01 | Regularization Loss: 4.671e-45 | Val Loss: 5.182e-01 | Time: 9.49s
2025-08-20 02:54:51,185:INFO:Epoch: 7050/40000 | Train Loss: 1.733e-01 | Dynamic Loss: 1.733e-01 | Regularization Loss: 1.401e-45 | Val Loss: 2.114e-01 | Time: 9.49s
2025-08-20 02:55:00,787:INFO:Epoch: 7100/40000 | Train Loss: 2.655e-01 | Dynamic Loss: 2.655e-01 | Regularization Loss: 0.000e+00 | Val Loss: 2.703e-01 | Time: 9.60s
2025-08-20 02:55:10,411:INFO:Epoch: 7150/40000 | Train Loss: 9.148e-02 | Dynamic Loss: 9.148e-02 | Regularization Loss: 0.000e+00 | Val Loss: 1.150e-01 | Time: 9.62s
2025-08-20 02:55:19,898:INFO:Epoch: 7200/40000 | Train Loss: 1.220e-01 | Dynamic Loss: 1.220e-01 | Regularization Loss: 0.000e+00 | Val Loss: 1.312e-01 | Time: 9.49s
2025-08-20 02:55:29,455:INFO:Epoch: 7250/40000 | Train Loss: 1.662e-01 | Dynamic Loss: 1.662e-01 | Regularization Loss: 0.000e+00 | Val Loss: 1.822e-01 | Time: 9.56s
2025-08-20 02:55:46,980:INFO:Epoch: 7300/40000 | Train Loss: 1.164e-01 | Dynamic Loss: 1.164e-01 | Regularization Loss: 0.000e+00 | Val Loss: 1.455e-01 | Time: 17.52s
2025-08-20 02:55:56,514:INFO:Epoch: 7350/40000 | Train Loss: 2.007e-01 | Dynamic Loss: 2.007e-01 | Regularization Loss: 0.000e+00 | Val Loss: 2.150e-01 | Time: 9.53s
2025-08-20 02:56:06,024:INFO:Epoch: 7400/40000 | Train Loss: 2.786e-01 | Dynamic Loss: 2.786e-01 | Regularization Loss: 0.000e+00 | Val Loss: 3.151e-01 | Time: 9.51s
2025-08-20 02:56:15,494:INFO:Epoch: 7450/40000 | Train Loss: 2.666e-01 | Dynamic Loss: 2.666e-01 | Regularization Loss: 0.000e+00 | Val Loss: 2.836e-01 | Time: 9.47s
2025-08-20 02:56:33,432:INFO:Epoch: 7500/40000 | Train Loss: 1.702e-01 | Dynamic Loss: 1.702e-01 | Regularization Loss: 0.000e+00 | Val Loss: 1.889e-01 | Time: 17.94s
2025-08-20 02:56:43,101:INFO:Epoch: 7550/40000 | Train Loss: 1.010e-01 | Dynamic Loss: 1.010e-01 | Regularization Loss: 0.000e+00 | Val Loss: 1.273e-01 | Time: 9.67s
2025-08-20 02:56:52,566:INFO:Epoch: 7600/40000 | Train Loss: 1.541e-01 | Dynamic Loss: 1.541e-01 | Regularization Loss: 0.000e+00 | Val Loss: 1.762e-01 | Time: 9.46s
2025-08-20 02:57:04,034:INFO:Epoch: 7650/40000 | Train Loss: 1.230e-01 | Dynamic Loss: 1.230e-01 | Regularization Loss: 0.000e+00 | Val Loss: 1.407e-01 | Time: 11.47s
2025-08-20 02:57:13,628:INFO:Epoch: 7700/40000 | Train Loss: 3.941e-01 | Dynamic Loss: 3.941e-01 | Regularization Loss: 0.000e+00 | Val Loss: 3.697e-01 | Time: 9.59s
2025-08-20 02:57:23,123:INFO:Epoch: 7750/40000 | Train Loss: 1.232e-01 | Dynamic Loss: 1.232e-01 | Regularization Loss: 0.000e+00 | Val Loss: 1.480e-01 | Time: 9.49s
2025-08-20 02:57:32,696:INFO:Epoch: 7800/40000 | Train Loss: 3.065e-01 | Dynamic Loss: 3.065e-01 | Regularization Loss: 0.000e+00 | Val Loss: 3.652e-01 | Time: 9.57s
2025-08-20 02:57:42,327:INFO:Epoch: 7850/40000 | Train Loss: 1.209e-01 | Dynamic Loss: 1.209e-01 | Regularization Loss: 0.000e+00 | Val Loss: 1.486e-01 | Time: 9.63s
2025-08-20 02:57:51,788:INFO:Epoch: 7900/40000 | Train Loss: 1.092e-01 | Dynamic Loss: 1.092e-01 | Regularization Loss: 0.000e+00 | Val Loss: 1.248e-01 | Time: 9.46s
2025-08-20 02:58:01,398:INFO:Epoch: 7950/40000 | Train Loss: 1.092e-01 | Dynamic Loss: 1.092e-01 | Regularization Loss: 0.000e+00 | Val Loss: 2.363e-01 | Time: 9.61s
2025-08-20 02:58:17,132:INFO:Epoch: 8000/40000 | Train Loss: 1.769e-01 | Dynamic Loss: 1.769e-01 | Regularization Loss: 0.000e+00 | Val Loss: 1.679e-01 | Time: 15.73s
2025-08-20 02:58:26,684:INFO:Epoch: 8050/40000 | Train Loss: 1.006e-01 | Dynamic Loss: 1.006e-01 | Regularization Loss: 0.000e+00 | Val Loss: 1.116e-01 | Time: 9.55s
2025-08-20 02:58:26,684:INFO:New best model found at epoch 8050 with validation loss 1.116e-01. Saving...
2025-08-20 02:58:36,334:INFO:Epoch: 8100/40000 | Train Loss: 8.901e-02 | Dynamic Loss: 8.901e-02 | Regularization Loss: 0.000e+00 | Val Loss: 1.124e-01 | Time: 9.63s
2025-08-20 02:58:45,942:INFO:Epoch: 8150/40000 | Train Loss: 8.941e-02 | Dynamic Loss: 8.941e-02 | Regularization Loss: 0.000e+00 | Val Loss: 1.236e-01 | Time: 9.61s
2025-08-20 02:58:55,440:INFO:Epoch: 8200/40000 | Train Loss: 1.273e-01 | Dynamic Loss: 1.273e-01 | Regularization Loss: 0.000e+00 | Val Loss: 1.550e-01 | Time: 9.50s
2025-08-20 02:59:04,915:INFO:Epoch: 8250/40000 | Train Loss: 1.215e-01 | Dynamic Loss: 1.215e-01 | Regularization Loss: 0.000e+00 | Val Loss: 1.480e-01 | Time: 9.47s
2025-08-20 02:59:14,485:INFO:Epoch: 8300/40000 | Train Loss: 2.012e-01 | Dynamic Loss: 2.012e-01 | Regularization Loss: 0.000e+00 | Val Loss: 2.201e-01 | Time: 9.57s
2025-08-20 02:59:23,983:INFO:Epoch: 8350/40000 | Train Loss: 1.339e-01 | Dynamic Loss: 1.339e-01 | Regularization Loss: 0.000e+00 | Val Loss: 1.507e-01 | Time: 9.50s
2025-08-20 02:59:33,490:INFO:Epoch: 8400/40000 | Train Loss: 1.394e-01 | Dynamic Loss: 1.394e-01 | Regularization Loss: 0.000e+00 | Val Loss: 1.653e-01 | Time: 9.51s
2025-08-20 02:59:43,134:INFO:Epoch: 8450/40000 | Train Loss: 1.030e-01 | Dynamic Loss: 1.030e-01 | Regularization Loss: 0.000e+00 | Val Loss: 1.168e-01 | Time: 9.64s
2025-08-20 02:59:52,645:INFO:Epoch: 8500/40000 | Train Loss: 1.329e-01 | Dynamic Loss: 1.329e-01 | Regularization Loss: 0.000e+00 | Val Loss: 1.467e-01 | Time: 9.51s
2025-08-20 03:00:02,112:INFO:Epoch: 8550/40000 | Train Loss: 1.151e-01 | Dynamic Loss: 1.151e-01 | Regularization Loss: 0.000e+00 | Val Loss: 1.253e-01 | Time: 9.47s
2025-08-20 03:00:11,726:INFO:Epoch: 8600/40000 | Train Loss: 2.475e-01 | Dynamic Loss: 2.475e-01 | Regularization Loss: 0.000e+00 | Val Loss: 2.263e-01 | Time: 9.61s
2025-08-20 03:00:21,188:INFO:Epoch: 8650/40000 | Train Loss: 1.381e-01 | Dynamic Loss: 1.381e-01 | Regularization Loss: 0.000e+00 | Val Loss: 1.433e-01 | Time: 9.46s
2025-08-20 03:00:30,641:INFO:Epoch: 8700/40000 | Train Loss: 2.079e-01 | Dynamic Loss: 2.079e-01 | Regularization Loss: 0.000e+00 | Val Loss: 2.055e-01 | Time: 9.45s
2025-08-20 03:00:40,081:INFO:Epoch: 8750/40000 | Train Loss: 1.023e-01 | Dynamic Loss: 1.023e-01 | Regularization Loss: 0.000e+00 | Val Loss: 1.275e-01 | Time: 9.44s
2025-08-20 03:00:57,286:INFO:Epoch: 8800/40000 | Train Loss: 9.596e-02 | Dynamic Loss: 9.596e-02 | Regularization Loss: 0.000e+00 | Val Loss: 1.197e-01 | Time: 17.20s
2025-08-20 03:01:06,726:INFO:Epoch: 8850/40000 | Train Loss: 1.309e-01 | Dynamic Loss: 1.309e-01 | Regularization Loss: 0.000e+00 | Val Loss: 1.454e-01 | Time: 9.44s
2025-08-20 03:01:16,201:INFO:Epoch: 8900/40000 | Train Loss: 1.547e-01 | Dynamic Loss: 1.547e-01 | Regularization Loss: 0.000e+00 | Val Loss: 1.715e-01 | Time: 9.48s
2025-08-20 03:01:25,914:INFO:Epoch: 8950/40000 | Train Loss: 1.007e-01 | Dynamic Loss: 1.007e-01 | Regularization Loss: 0.000e+00 | Val Loss: 1.374e-01 | Time: 9.71s
2025-08-20 03:01:35,410:INFO:Epoch: 9000/40000 | Train Loss: 1.031e-01 | Dynamic Loss: 1.031e-01 | Regularization Loss: 0.000e+00 | Val Loss: 1.204e-01 | Time: 9.50s
2025-08-20 03:01:44,882:INFO:Epoch: 9050/40000 | Train Loss: 7.930e-02 | Dynamic Loss: 7.930e-02 | Regularization Loss: 0.000e+00 | Val Loss: 1.301e-01 | Time: 9.47s
2025-08-20 03:01:54,504:INFO:Epoch: 9100/40000 | Train Loss: 2.496e-01 | Dynamic Loss: 2.496e-01 | Regularization Loss: 0.000e+00 | Val Loss: 2.382e-01 | Time: 9.62s
2025-08-20 03:02:03,982:INFO:Epoch: 9150/40000 | Train Loss: 6.751e-02 | Dynamic Loss: 6.751e-02 | Regularization Loss: 0.000e+00 | Val Loss: 9.255e-02 | Time: 9.48s
2025-08-20 03:02:03,982:INFO:New best model found at epoch 9150 with validation loss 9.255e-02. Saving...
2025-08-20 03:02:13,598:INFO:Epoch: 9200/40000 | Train Loss: 1.267e-01 | Dynamic Loss: 1.267e-01 | Regularization Loss: 0.000e+00 | Val Loss: 1.488e-01 | Time: 9.60s
2025-08-20 03:02:23,028:INFO:Epoch: 9250/40000 | Train Loss: 1.128e-01 | Dynamic Loss: 1.128e-01 | Regularization Loss: 0.000e+00 | Val Loss: 1.356e-01 | Time: 9.43s
2025-08-20 03:02:41,094:INFO:Epoch: 9300/40000 | Train Loss: 1.189e-01 | Dynamic Loss: 1.189e-01 | Regularization Loss: 0.000e+00 | Val Loss: 1.435e-01 | Time: 18.07s
2025-08-20 03:02:50,602:INFO:Epoch: 9350/40000 | Train Loss: 1.361e-01 | Dynamic Loss: 1.361e-01 | Regularization Loss: 0.000e+00 | Val Loss: 1.527e-01 | Time: 9.51s
2025-08-20 03:03:00,131:INFO:Epoch: 9400/40000 | Train Loss: 7.947e-02 | Dynamic Loss: 7.947e-02 | Regularization Loss: 0.000e+00 | Val Loss: 1.051e-01 | Time: 9.53s
2025-08-20 03:03:09,749:INFO:Epoch: 9450/40000 | Train Loss: 1.640e-01 | Dynamic Loss: 1.640e-01 | Regularization Loss: 0.000e+00 | Val Loss: 1.817e-01 | Time: 9.62s
2025-08-20 03:03:19,255:INFO:Epoch: 9500/40000 | Train Loss: 6.457e-02 | Dynamic Loss: 6.457e-02 | Regularization Loss: 0.000e+00 | Val Loss: 9.033e-02 | Time: 9.51s
2025-08-20 03:03:19,255:INFO:New best model found at epoch 9500 with validation loss 9.033e-02. Saving...
2025-08-20 03:03:28,906:INFO:Epoch: 9550/40000 | Train Loss: 1.257e-01 | Dynamic Loss: 1.257e-01 | Regularization Loss: 0.000e+00 | Val Loss: 1.588e-01 | Time: 9.63s
2025-08-20 03:03:38,527:INFO:Epoch: 9600/40000 | Train Loss: 1.047e-01 | Dynamic Loss: 1.047e-01 | Regularization Loss: 0.000e+00 | Val Loss: 1.355e-01 | Time: 9.62s
2025-08-20 03:03:53,461:INFO:Epoch: 9650/40000 | Train Loss: 9.725e-02 | Dynamic Loss: 9.725e-02 | Regularization Loss: 0.000e+00 | Val Loss: 1.337e-01 | Time: 14.93s
2025-08-20 03:04:02,988:INFO:Epoch: 9700/40000 | Train Loss: 6.937e-02 | Dynamic Loss: 6.937e-02 | Regularization Loss: 0.000e+00 | Val Loss: 9.377e-02 | Time: 9.53s
2025-08-20 03:04:12,587:INFO:Epoch: 9750/40000 | Train Loss: 3.182e-01 | Dynamic Loss: 3.182e-01 | Regularization Loss: 0.000e+00 | Val Loss: 3.872e-01 | Time: 9.60s
2025-08-20 03:04:22,081:INFO:Epoch: 9800/40000 | Train Loss: 6.207e-02 | Dynamic Loss: 6.207e-02 | Regularization Loss: 0.000e+00 | Val Loss: 9.228e-02 | Time: 9.49s
2025-08-20 03:04:34,215:INFO:Epoch: 9850/40000 | Train Loss: 7.428e-02 | Dynamic Loss: 7.428e-02 | Regularization Loss: 0.000e+00 | Val Loss: 1.031e-01 | Time: 12.13s
2025-08-20 03:04:43,739:INFO:Epoch: 9900/40000 | Train Loss: 8.715e-02 | Dynamic Loss: 8.715e-02 | Regularization Loss: 0.000e+00 | Val Loss: 1.152e-01 | Time: 9.52s
2025-08-20 03:04:53,227:INFO:Epoch: 9950/40000 | Train Loss: 1.221e-01 | Dynamic Loss: 1.221e-01 | Regularization Loss: 0.000e+00 | Val Loss: 1.385e-01 | Time: 9.49s
2025-08-20 03:05:05,870:INFO:Epoch: 10000/40000 | Train Loss: 6.504e-02 | Dynamic Loss: 6.504e-02 | Regularization Loss: 0.000e+00 | Val Loss: 9.578e-02 | Time: 12.64s
2025-08-20 03:05:15,408:INFO:Epoch: 10050/40000 | Train Loss: 1.100e-01 | Dynamic Loss: 1.100e-01 | Regularization Loss: 0.000e+00 | Val Loss: 1.294e-01 | Time: 9.54s
2025-08-20 03:05:24,931:INFO:Epoch: 10100/40000 | Train Loss: 3.159e-01 | Dynamic Loss: 3.159e-01 | Regularization Loss: 0.000e+00 | Val Loss: 3.385e-01 | Time: 9.52s
2025-08-20 03:05:34,537:INFO:Epoch: 10150/40000 | Train Loss: 5.985e-02 | Dynamic Loss: 5.985e-02 | Regularization Loss: 0.000e+00 | Val Loss: 8.970e-02 | Time: 9.61s
2025-08-20 03:05:34,537:INFO:New best model found at epoch 10150 with validation loss 8.970e-02. Saving...
2025-08-20 03:05:44,133:INFO:Epoch: 10200/40000 | Train Loss: 6.603e-02 | Dynamic Loss: 6.603e-02 | Regularization Loss: 0.000e+00 | Val Loss: 9.277e-02 | Time: 9.58s
2025-08-20 03:05:53,722:INFO:Epoch: 10250/40000 | Train Loss: 1.109e-01 | Dynamic Loss: 1.109e-01 | Regularization Loss: 0.000e+00 | Val Loss: 1.374e-01 | Time: 9.59s
2025-08-20 03:06:03,239:INFO:Epoch: 10300/40000 | Train Loss: 6.957e-02 | Dynamic Loss: 6.957e-02 | Regularization Loss: 0.000e+00 | Val Loss: 9.785e-02 | Time: 9.52s
2025-08-20 03:06:18,097:INFO:Epoch: 10350/40000 | Train Loss: 7.965e-02 | Dynamic Loss: 7.965e-02 | Regularization Loss: 0.000e+00 | Val Loss: 1.059e-01 | Time: 14.86s
2025-08-20 03:06:27,611:INFO:Epoch: 10400/40000 | Train Loss: 7.818e-02 | Dynamic Loss: 7.818e-02 | Regularization Loss: 0.000e+00 | Val Loss: 1.025e-01 | Time: 9.51s
2025-08-20 03:06:37,097:INFO:Epoch: 10450/40000 | Train Loss: 9.226e-02 | Dynamic Loss: 9.226e-02 | Regularization Loss: 0.000e+00 | Val Loss: 1.301e-01 | Time: 9.49s
2025-08-20 03:06:46,517:INFO:Epoch: 10500/40000 | Train Loss: 2.577e-01 | Dynamic Loss: 2.577e-01 | Regularization Loss: 0.000e+00 | Val Loss: 3.271e-01 | Time: 9.42s
2025-08-20 03:06:56,449:INFO:Epoch: 10550/40000 | Train Loss: 6.367e-02 | Dynamic Loss: 6.367e-02 | Regularization Loss: 0.000e+00 | Val Loss: 9.655e-02 | Time: 9.93s
2025-08-20 03:07:05,989:INFO:Epoch: 10600/40000 | Train Loss: 5.258e-02 | Dynamic Loss: 5.258e-02 | Regularization Loss: 0.000e+00 | Val Loss: 9.023e-02 | Time: 9.54s
2025-08-20 03:07:15,495:INFO:Epoch: 10650/40000 | Train Loss: 6.333e-02 | Dynamic Loss: 6.333e-02 | Regularization Loss: 0.000e+00 | Val Loss: 1.356e-01 | Time: 9.51s
2025-08-20 03:07:25,110:INFO:Epoch: 10700/40000 | Train Loss: 6.608e-02 | Dynamic Loss: 6.608e-02 | Regularization Loss: 0.000e+00 | Val Loss: 9.836e-02 | Time: 9.62s
2025-08-20 03:07:34,605:INFO:Epoch: 10750/40000 | Train Loss: 7.974e-02 | Dynamic Loss: 7.974e-02 | Regularization Loss: 0.000e+00 | Val Loss: 1.118e-01 | Time: 9.49s
2025-08-20 03:07:44,207:INFO:Epoch: 10800/40000 | Train Loss: 6.509e-02 | Dynamic Loss: 6.509e-02 | Regularization Loss: 0.000e+00 | Val Loss: 9.480e-02 | Time: 9.60s
2025-08-20 03:07:53,694:INFO:Epoch: 10850/40000 | Train Loss: 9.248e-02 | Dynamic Loss: 9.248e-02 | Regularization Loss: 0.000e+00 | Val Loss: 1.197e-01 | Time: 9.49s
2025-08-20 03:08:11,306:INFO:Epoch: 10900/40000 | Train Loss: 5.520e-02 | Dynamic Loss: 5.520e-02 | Regularization Loss: 0.000e+00 | Val Loss: 8.966e-02 | Time: 17.61s
2025-08-20 03:08:11,306:INFO:New best model found at epoch 10900 with validation loss 8.966e-02. Saving...
2025-08-20 03:08:20,934:INFO:Epoch: 10950/40000 | Train Loss: 1.651e-01 | Dynamic Loss: 1.651e-01 | Regularization Loss: 0.000e+00 | Val Loss: 1.901e-01 | Time: 9.61s
2025-08-20 03:08:30,511:INFO:Epoch: 11000/40000 | Train Loss: 7.743e-02 | Dynamic Loss: 7.743e-02 | Regularization Loss: 0.000e+00 | Val Loss: 1.157e-01 | Time: 9.58s
2025-08-20 03:08:40,080:INFO:Epoch: 11050/40000 | Train Loss: 1.648e-01 | Dynamic Loss: 1.648e-01 | Regularization Loss: 0.000e+00 | Val Loss: 1.945e-01 | Time: 9.57s
2025-08-20 03:08:58,254:INFO:Epoch: 11100/40000 | Train Loss: 8.832e-02 | Dynamic Loss: 8.832e-02 | Regularization Loss: 0.000e+00 | Val Loss: 1.228e-01 | Time: 18.17s
2025-08-20 03:09:07,840:INFO:Epoch: 11150/40000 | Train Loss: 8.631e-02 | Dynamic Loss: 8.631e-02 | Regularization Loss: 0.000e+00 | Val Loss: 1.186e-01 | Time: 9.59s
2025-08-20 03:09:17,398:INFO:Epoch: 11200/40000 | Train Loss: 1.699e-01 | Dynamic Loss: 1.699e-01 | Regularization Loss: 0.000e+00 | Val Loss: 2.090e-01 | Time: 9.56s
2025-08-20 03:09:26,850:INFO:Epoch: 11250/40000 | Train Loss: 5.917e-01 | Dynamic Loss: 5.917e-01 | Regularization Loss: 0.000e+00 | Val Loss: 5.377e-01 | Time: 9.45s
2025-08-20 03:09:44,186:INFO:Epoch: 11300/40000 | Train Loss: 7.535e-02 | Dynamic Loss: 7.535e-02 | Regularization Loss: 0.000e+00 | Val Loss: 9.620e-02 | Time: 17.34s
2025-08-20 03:09:53,680:INFO:Epoch: 11350/40000 | Train Loss: 8.146e-02 | Dynamic Loss: 8.146e-02 | Regularization Loss: 0.000e+00 | Val Loss: 1.555e-01 | Time: 9.49s
2025-08-20 03:10:03,146:INFO:Epoch: 11400/40000 | Train Loss: 9.393e-02 | Dynamic Loss: 9.393e-02 | Regularization Loss: 0.000e+00 | Val Loss: 1.112e-01 | Time: 9.47s
2025-08-20 03:10:14,309:INFO:Epoch: 11450/40000 | Train Loss: 7.180e-02 | Dynamic Loss: 7.180e-02 | Regularization Loss: 0.000e+00 | Val Loss: 1.033e-01 | Time: 11.16s
2025-08-20 03:10:23,857:INFO:Epoch: 11500/40000 | Train Loss: 2.955e-01 | Dynamic Loss: 2.955e-01 | Regularization Loss: 0.000e+00 | Val Loss: 4.173e-01 | Time: 9.55s
2025-08-20 03:10:33,465:INFO:Epoch: 11550/40000 | Train Loss: 1.035e-01 | Dynamic Loss: 1.035e-01 | Regularization Loss: 0.000e+00 | Val Loss: 1.394e-01 | Time: 9.61s
2025-08-20 03:10:43,022:INFO:Epoch: 11600/40000 | Train Loss: 2.353e-01 | Dynamic Loss: 2.353e-01 | Regularization Loss: 0.000e+00 | Val Loss: 2.374e-01 | Time: 9.56s
2025-08-20 03:10:52,593:INFO:Epoch: 11650/40000 | Train Loss: 7.649e-02 | Dynamic Loss: 7.649e-02 | Regularization Loss: 0.000e+00 | Val Loss: 1.071e-01 | Time: 9.57s
2025-08-20 03:11:02,125:INFO:Epoch: 11700/40000 | Train Loss: 9.724e-02 | Dynamic Loss: 9.724e-02 | Regularization Loss: 0.000e+00 | Val Loss: 1.426e-01 | Time: 9.53s
2025-08-20 03:11:11,628:INFO:Epoch: 11750/40000 | Train Loss: 9.412e-02 | Dynamic Loss: 9.412e-02 | Regularization Loss: 0.000e+00 | Val Loss: 1.581e-01 | Time: 9.50s
2025-08-20 03:11:21,188:INFO:Epoch: 11800/40000 | Train Loss: 1.215e-01 | Dynamic Loss: 1.215e-01 | Regularization Loss: 0.000e+00 | Val Loss: 1.628e-01 | Time: 9.56s
2025-08-20 03:11:30,704:INFO:Epoch: 11850/40000 | Train Loss: 3.262e-01 | Dynamic Loss: 3.262e-01 | Regularization Loss: 0.000e+00 | Val Loss: 3.285e-01 | Time: 9.52s
2025-08-20 03:11:40,312:INFO:Epoch: 11900/40000 | Train Loss: 8.208e-02 | Dynamic Loss: 8.208e-02 | Regularization Loss: 0.000e+00 | Val Loss: 1.206e-01 | Time: 9.61s
2025-08-20 03:11:49,914:INFO:Epoch: 11950/40000 | Train Loss: 6.546e-02 | Dynamic Loss: 6.546e-02 | Regularization Loss: 0.000e+00 | Val Loss: 1.030e-01 | Time: 9.60s
2025-08-20 03:11:59,424:INFO:Epoch: 12000/40000 | Train Loss: 5.182e-02 | Dynamic Loss: 5.182e-02 | Regularization Loss: 0.000e+00 | Val Loss: 8.821e-02 | Time: 9.51s
2025-08-20 03:11:59,424:INFO:New best model found at epoch 12000 with validation loss 8.821e-02. Saving...
2025-08-20 03:12:08,966:INFO:Epoch: 12050/40000 | Train Loss: 2.035e-01 | Dynamic Loss: 2.035e-01 | Regularization Loss: 0.000e+00 | Val Loss: 2.146e-01 | Time: 9.52s
2025-08-20 03:12:18,491:INFO:Epoch: 12100/40000 | Train Loss: 1.102e-01 | Dynamic Loss: 1.102e-01 | Regularization Loss: 0.000e+00 | Val Loss: 1.416e-01 | Time: 9.52s
2025-08-20 03:12:30,511:INFO:Epoch: 12150/40000 | Train Loss: 2.100e-01 | Dynamic Loss: 2.100e-01 | Regularization Loss: 0.000e+00 | Val Loss: 2.494e-01 | Time: 12.02s
2025-08-20 03:12:40,072:INFO:Epoch: 12200/40000 | Train Loss: 5.839e-02 | Dynamic Loss: 5.839e-02 | Regularization Loss: 0.000e+00 | Val Loss: 9.634e-02 | Time: 9.56s
2025-08-20 03:12:49,615:INFO:Epoch: 12250/40000 | Train Loss: 8.326e-01 | Dynamic Loss: 8.326e-01 | Regularization Loss: 0.000e+00 | Val Loss: 6.391e-01 | Time: 9.54s
2025-08-20 03:13:00,425:INFO:Epoch: 12300/40000 | Train Loss: 7.134e-02 | Dynamic Loss: 7.134e-02 | Regularization Loss: 0.000e+00 | Val Loss: 1.307e-01 | Time: 10.81s
2025-08-20 03:13:09,901:INFO:Epoch: 12350/40000 | Train Loss: 8.899e-02 | Dynamic Loss: 8.899e-02 | Regularization Loss: 0.000e+00 | Val Loss: 1.310e-01 | Time: 9.48s
2025-08-20 03:13:19,417:INFO:Epoch: 12400/40000 | Train Loss: 7.073e-02 | Dynamic Loss: 7.073e-02 | Regularization Loss: 0.000e+00 | Val Loss: 2.601e-01 | Time: 9.52s
2025-08-20 03:13:29,033:INFO:Epoch: 12450/40000 | Train Loss: 8.415e-02 | Dynamic Loss: 8.415e-02 | Regularization Loss: 0.000e+00 | Val Loss: 1.266e-01 | Time: 9.62s
2025-08-20 03:13:46,162:INFO:Epoch: 12500/40000 | Train Loss: 6.235e-02 | Dynamic Loss: 6.235e-02 | Regularization Loss: 0.000e+00 | Val Loss: 1.108e-01 | Time: 17.13s
2025-08-20 03:13:55,699:INFO:Epoch: 12550/40000 | Train Loss: 1.172e-01 | Dynamic Loss: 1.172e-01 | Regularization Loss: 0.000e+00 | Val Loss: 1.586e-01 | Time: 9.54s
2025-08-20 03:14:05,231:INFO:Epoch: 12600/40000 | Train Loss: 4.375e-01 | Dynamic Loss: 4.375e-01 | Regularization Loss: 0.000e+00 | Val Loss: 4.554e-01 | Time: 9.53s
2025-08-20 03:14:15,682:INFO:Epoch: 12650/40000 | Train Loss: 7.495e-02 | Dynamic Loss: 7.495e-02 | Regularization Loss: 0.000e+00 | Val Loss: 1.253e-01 | Time: 10.45s
2025-08-20 03:14:25,149:INFO:Epoch: 12700/40000 | Train Loss: 4.705e-02 | Dynamic Loss: 4.705e-02 | Regularization Loss: 0.000e+00 | Val Loss: 8.457e-02 | Time: 9.47s
2025-08-20 03:14:25,149:INFO:New best model found at epoch 12700 with validation loss 8.457e-02. Saving...
2025-08-20 03:14:34,672:INFO:Epoch: 12750/40000 | Train Loss: 5.522e-02 | Dynamic Loss: 5.522e-02 | Regularization Loss: 0.000e+00 | Val Loss: 9.129e-02 | Time: 9.50s
2025-08-20 03:14:44,218:INFO:Epoch: 12800/40000 | Train Loss: 4.739e-02 | Dynamic Loss: 4.739e-02 | Regularization Loss: 0.000e+00 | Val Loss: 8.627e-02 | Time: 9.55s
2025-08-20 03:14:55,265:INFO:Epoch: 12850/40000 | Train Loss: 1.387e-01 | Dynamic Loss: 1.387e-01 | Regularization Loss: 0.000e+00 | Val Loss: 1.637e-01 | Time: 11.05s
2025-08-20 03:15:04,841:INFO:Epoch: 12900/40000 | Train Loss: 4.581e-02 | Dynamic Loss: 4.581e-02 | Regularization Loss: 0.000e+00 | Val Loss: 8.804e-02 | Time: 9.58s
2025-08-20 03:15:14,341:INFO:Epoch: 12950/40000 | Train Loss: 5.025e-02 | Dynamic Loss: 5.025e-02 | Regularization Loss: 0.000e+00 | Val Loss: 9.714e-02 | Time: 9.50s
2025-08-20 03:15:23,946:INFO:Epoch: 13000/40000 | Train Loss: 3.415e-02 | Dynamic Loss: 3.415e-02 | Regularization Loss: 0.000e+00 | Val Loss: 7.235e-02 | Time: 9.60s
2025-08-20 03:15:23,946:INFO:New best model found at epoch 13000 with validation loss 7.235e-02. Saving...
2025-08-20 03:15:33,422:INFO:Epoch: 13050/40000 | Train Loss: 2.227e-01 | Dynamic Loss: 2.227e-01 | Regularization Loss: 0.000e+00 | Val Loss: 2.952e-01 | Time: 9.46s
2025-08-20 03:15:42,884:INFO:Epoch: 13100/40000 | Train Loss: 1.295e-01 | Dynamic Loss: 1.295e-01 | Regularization Loss: 0.000e+00 | Val Loss: 1.697e-01 | Time: 9.46s
2025-08-20 03:15:52,458:INFO:Epoch: 13150/40000 | Train Loss: 1.178e-01 | Dynamic Loss: 1.178e-01 | Regularization Loss: 0.000e+00 | Val Loss: 1.589e-01 | Time: 9.57s
2025-08-20 03:16:06,756:INFO:Epoch: 13200/40000 | Train Loss: 3.879e-02 | Dynamic Loss: 3.879e-02 | Regularization Loss: 0.000e+00 | Val Loss: 7.610e-02 | Time: 14.30s
2025-08-20 03:16:16,326:INFO:Epoch: 13250/40000 | Train Loss: 3.402e-02 | Dynamic Loss: 3.402e-02 | Regularization Loss: 0.000e+00 | Val Loss: 6.961e-02 | Time: 9.57s
2025-08-20 03:16:16,326:INFO:New best model found at epoch 13250 with validation loss 6.961e-02. Saving...
2025-08-20 03:16:25,835:INFO:Epoch: 13300/40000 | Train Loss: 9.414e-02 | Dynamic Loss: 9.414e-02 | Regularization Loss: 0.000e+00 | Val Loss: 1.166e-01 | Time: 9.49s
2025-08-20 03:16:36,698:INFO:Epoch: 13350/40000 | Train Loss: 1.311e-01 | Dynamic Loss: 1.311e-01 | Regularization Loss: 0.000e+00 | Val Loss: 1.664e-01 | Time: 10.86s
2025-08-20 03:16:46,300:INFO:Epoch: 13400/40000 | Train Loss: 4.501e-02 | Dynamic Loss: 4.501e-02 | Regularization Loss: 0.000e+00 | Val Loss: 1.075e-01 | Time: 9.60s
2025-08-20 03:16:55,776:INFO:Epoch: 13450/40000 | Train Loss: 1.011e-01 | Dynamic Loss: 1.011e-01 | Regularization Loss: 0.000e+00 | Val Loss: 1.383e-01 | Time: 9.48s
2025-08-20 03:17:05,228:INFO:Epoch: 13500/40000 | Train Loss: 1.046e-01 | Dynamic Loss: 1.046e-01 | Regularization Loss: 0.000e+00 | Val Loss: 1.247e-01 | Time: 9.45s
2025-08-20 03:17:22,238:INFO:Epoch: 13550/40000 | Train Loss: 7.826e-02 | Dynamic Loss: 7.826e-02 | Regularization Loss: 0.000e+00 | Val Loss: 1.239e-01 | Time: 17.01s
2025-08-20 03:17:31,692:INFO:Epoch: 13600/40000 | Train Loss: 9.911e-01 | Dynamic Loss: 9.911e-01 | Regularization Loss: 0.000e+00 | Val Loss: 1.005e+00 | Time: 9.45s
2025-08-20 03:17:41,209:INFO:Epoch: 13650/40000 | Train Loss: 8.696e-02 | Dynamic Loss: 8.696e-02 | Regularization Loss: 0.000e+00 | Val Loss: 1.323e-01 | Time: 9.52s
2025-08-20 03:17:50,935:INFO:Epoch: 13700/40000 | Train Loss: 6.004e-02 | Dynamic Loss: 6.004e-02 | Regularization Loss: 0.000e+00 | Val Loss: 1.046e-01 | Time: 9.73s
2025-08-20 03:18:00,491:INFO:Epoch: 13750/40000 | Train Loss: 3.873e-02 | Dynamic Loss: 3.873e-02 | Regularization Loss: 0.000e+00 | Val Loss: 8.332e-02 | Time: 9.56s
2025-08-20 03:18:09,990:INFO:Epoch: 13800/40000 | Train Loss: 4.199e-02 | Dynamic Loss: 4.199e-02 | Regularization Loss: 0.000e+00 | Val Loss: 7.879e-02 | Time: 9.50s
2025-08-20 03:18:19,704:INFO:Epoch: 13850/40000 | Train Loss: 4.666e-01 | Dynamic Loss: 4.666e-01 | Regularization Loss: 0.000e+00 | Val Loss: 5.097e-01 | Time: 9.71s
2025-08-20 03:18:29,223:INFO:Epoch: 13900/40000 | Train Loss: 7.709e-02 | Dynamic Loss: 7.709e-02 | Regularization Loss: 0.000e+00 | Val Loss: 1.067e-01 | Time: 9.52s
2025-08-20 03:18:38,834:INFO:Epoch: 13950/40000 | Train Loss: 5.849e-02 | Dynamic Loss: 5.849e-02 | Regularization Loss: 0.000e+00 | Val Loss: 9.982e-02 | Time: 9.61s
2025-08-20 03:18:48,388:INFO:Epoch: 14000/40000 | Train Loss: 3.921e-02 | Dynamic Loss: 3.921e-02 | Regularization Loss: 0.000e+00 | Val Loss: 8.263e-02 | Time: 9.55s
2025-08-20 03:18:58,093:INFO:Epoch: 14050/40000 | Train Loss: 3.319e-02 | Dynamic Loss: 3.319e-02 | Regularization Loss: 0.000e+00 | Val Loss: 7.431e-02 | Time: 9.71s
2025-08-20 03:19:07,580:INFO:Epoch: 14100/40000 | Train Loss: 3.608e-02 | Dynamic Loss: 3.608e-02 | Regularization Loss: 0.000e+00 | Val Loss: 7.249e-02 | Time: 9.49s
2025-08-20 03:19:17,170:INFO:Epoch: 14150/40000 | Train Loss: 1.056e-01 | Dynamic Loss: 1.056e-01 | Regularization Loss: 0.000e+00 | Val Loss: 1.682e-01 | Time: 9.59s
2025-08-20 03:19:26,746:INFO:Epoch: 14200/40000 | Train Loss: 5.758e-02 | Dynamic Loss: 5.758e-02 | Regularization Loss: 0.000e+00 | Val Loss: 1.056e-01 | Time: 9.58s
2025-08-20 03:19:36,241:INFO:Epoch: 14250/40000 | Train Loss: 3.454e-02 | Dynamic Loss: 3.454e-02 | Regularization Loss: 0.000e+00 | Val Loss: 7.592e-02 | Time: 9.49s
2025-08-20 03:19:45,696:INFO:Epoch: 14300/40000 | Train Loss: 3.069e-02 | Dynamic Loss: 3.069e-02 | Regularization Loss: 0.000e+00 | Val Loss: 1.171e-01 | Time: 9.46s
2025-08-20 03:19:55,315:INFO:Epoch: 14350/40000 | Train Loss: 6.241e-02 | Dynamic Loss: 6.241e-02 | Regularization Loss: 0.000e+00 | Val Loss: 1.127e-01 | Time: 9.62s
2025-08-20 03:20:07,504:INFO:Epoch: 14400/40000 | Train Loss: 4.327e-02 | Dynamic Loss: 4.327e-02 | Regularization Loss: 0.000e+00 | Val Loss: 8.466e-02 | Time: 12.19s
2025-08-20 03:20:16,998:INFO:Epoch: 14450/40000 | Train Loss: 4.499e-02 | Dynamic Loss: 4.499e-02 | Regularization Loss: 0.000e+00 | Val Loss: 8.568e-02 | Time: 9.49s
2025-08-20 03:20:26,452:INFO:Epoch: 14500/40000 | Train Loss: 1.687e-01 | Dynamic Loss: 1.687e-01 | Regularization Loss: 0.000e+00 | Val Loss: 2.469e-01 | Time: 9.45s
2025-08-20 03:20:36,273:INFO:Epoch: 14550/40000 | Train Loss: 3.581e-02 | Dynamic Loss: 3.581e-02 | Regularization Loss: 0.000e+00 | Val Loss: 8.852e-02 | Time: 9.82s
2025-08-20 03:20:45,823:INFO:Epoch: 14600/40000 | Train Loss: 5.067e-02 | Dynamic Loss: 5.067e-02 | Regularization Loss: 0.000e+00 | Val Loss: 8.867e-02 | Time: 9.55s
2025-08-20 03:20:55,259:INFO:Epoch: 14650/40000 | Train Loss: 4.227e-02 | Dynamic Loss: 4.227e-02 | Regularization Loss: 0.000e+00 | Val Loss: 8.276e-02 | Time: 9.44s
2025-08-20 03:21:04,886:INFO:Epoch: 14700/40000 | Train Loss: 2.909e-02 | Dynamic Loss: 2.909e-02 | Regularization Loss: 0.000e+00 | Val Loss: 6.890e-02 | Time: 9.63s
2025-08-20 03:21:04,886:INFO:New best model found at epoch 14700 with validation loss 6.890e-02. Saving...
2025-08-20 03:21:14,368:INFO:Epoch: 14750/40000 | Train Loss: 2.606e-02 | Dynamic Loss: 2.606e-02 | Regularization Loss: 0.000e+00 | Val Loss: 6.541e-02 | Time: 9.46s
2025-08-20 03:21:14,368:INFO:New best model found at epoch 14750 with validation loss 6.541e-02. Saving...
2025-08-20 03:21:23,865:INFO:Epoch: 14800/40000 | Train Loss: 7.077e-02 | Dynamic Loss: 7.077e-02 | Regularization Loss: 0.000e+00 | Val Loss: 1.045e-01 | Time: 9.48s
2025-08-20 03:21:33,382:INFO:Epoch: 14850/40000 | Train Loss: 2.721e-02 | Dynamic Loss: 2.721e-02 | Regularization Loss: 0.000e+00 | Val Loss: 6.841e-02 | Time: 9.52s
2025-08-20 03:21:51,046:INFO:Epoch: 14900/40000 | Train Loss: 2.391e-02 | Dynamic Loss: 2.391e-02 | Regularization Loss: 0.000e+00 | Val Loss: 6.178e-02 | Time: 17.66s
2025-08-20 03:21:51,046:INFO:New best model found at epoch 14900 with validation loss 6.178e-02. Saving...
2025-08-20 03:22:00,563:INFO:Epoch: 14950/40000 | Train Loss: 3.194e-01 | Dynamic Loss: 3.194e-01 | Regularization Loss: 0.000e+00 | Val Loss: 3.785e-01 | Time: 9.50s
2025-08-20 03:22:10,062:INFO:Epoch: 15000/40000 | Train Loss: 1.381e-01 | Dynamic Loss: 1.381e-01 | Regularization Loss: 0.000e+00 | Val Loss: 2.037e-01 | Time: 9.50s
2025-08-20 03:22:19,511:INFO:Epoch: 15050/40000 | Train Loss: 5.633e-02 | Dynamic Loss: 5.633e-02 | Regularization Loss: 0.000e+00 | Val Loss: 9.124e-02 | Time: 9.45s
2025-08-20 03:22:37,205:INFO:Epoch: 15100/40000 | Train Loss: 5.880e-02 | Dynamic Loss: 5.880e-02 | Regularization Loss: 0.000e+00 | Val Loss: 8.989e-02 | Time: 17.69s
2025-08-20 03:22:46,669:INFO:Epoch: 15150/40000 | Train Loss: 2.819e-02 | Dynamic Loss: 2.819e-02 | Regularization Loss: 0.000e+00 | Val Loss: 6.510e-02 | Time: 9.46s
2025-08-20 03:22:56,171:INFO:Epoch: 15200/40000 | Train Loss: 3.001e-02 | Dynamic Loss: 3.001e-02 | Regularization Loss: 0.000e+00 | Val Loss: 6.859e-02 | Time: 9.50s
2025-08-20 03:23:06,313:INFO:Epoch: 15250/40000 | Train Loss: 7.577e-02 | Dynamic Loss: 7.577e-02 | Regularization Loss: 0.000e+00 | Val Loss: 1.011e-01 | Time: 10.14s
2025-08-20 03:23:15,813:INFO:Epoch: 15300/40000 | Train Loss: 3.910e-02 | Dynamic Loss: 3.910e-02 | Regularization Loss: 0.000e+00 | Val Loss: 8.033e-02 | Time: 9.50s
2025-08-20 03:23:25,342:INFO:Epoch: 15350/40000 | Train Loss: 4.394e-02 | Dynamic Loss: 4.394e-02 | Regularization Loss: 0.000e+00 | Val Loss: 8.382e-02 | Time: 9.53s
2025-08-20 03:23:34,965:INFO:Epoch: 15400/40000 | Train Loss: 2.761e-02 | Dynamic Loss: 2.761e-02 | Regularization Loss: 0.000e+00 | Val Loss: 6.432e-02 | Time: 9.62s
2025-08-20 03:23:44,488:INFO:Epoch: 15450/40000 | Train Loss: 2.649e-02 | Dynamic Loss: 2.649e-02 | Regularization Loss: 0.000e+00 | Val Loss: 6.238e-02 | Time: 9.52s
2025-08-20 03:23:54,005:INFO:Epoch: 15500/40000 | Train Loss: 9.981e-02 | Dynamic Loss: 9.981e-02 | Regularization Loss: 0.000e+00 | Val Loss: 1.219e-01 | Time: 9.52s
2025-08-20 03:24:03,466:INFO:Epoch: 15550/40000 | Train Loss: 1.460e-01 | Dynamic Loss: 1.460e-01 | Regularization Loss: 0.000e+00 | Val Loss: 2.406e-01 | Time: 9.46s
2025-08-20 03:24:19,746:INFO:Epoch: 15600/40000 | Train Loss: 2.682e-02 | Dynamic Loss: 2.682e-02 | Regularization Loss: 0.000e+00 | Val Loss: 6.357e-02 | Time: 16.28s
2025-08-20 03:24:29,289:INFO:Epoch: 15650/40000 | Train Loss: 3.027e-02 | Dynamic Loss: 3.027e-02 | Regularization Loss: 0.000e+00 | Val Loss: 6.258e-02 | Time: 9.54s
2025-08-20 03:24:38,829:INFO:Epoch: 15700/40000 | Train Loss: 6.493e-02 | Dynamic Loss: 6.493e-02 | Regularization Loss: 0.000e+00 | Val Loss: 9.950e-02 | Time: 9.54s
2025-08-20 03:24:48,446:INFO:Epoch: 15750/40000 | Train Loss: 6.249e-02 | Dynamic Loss: 6.249e-02 | Regularization Loss: 0.000e+00 | Val Loss: 1.039e-01 | Time: 9.62s
2025-08-20 03:24:57,914:INFO:Epoch: 15800/40000 | Train Loss: 2.735e-01 | Dynamic Loss: 2.735e-01 | Regularization Loss: 0.000e+00 | Val Loss: 3.031e-01 | Time: 9.47s
2025-08-20 03:25:07,403:INFO:Epoch: 15850/40000 | Train Loss: 2.417e-02 | Dynamic Loss: 2.417e-02 | Regularization Loss: 0.000e+00 | Val Loss: 6.077e-02 | Time: 9.49s
2025-08-20 03:25:07,403:INFO:New best model found at epoch 15850 with validation loss 6.077e-02. Saving...
2025-08-20 03:25:16,995:INFO:Epoch: 15900/40000 | Train Loss: 2.050e-02 | Dynamic Loss: 2.050e-02 | Regularization Loss: 0.000e+00 | Val Loss: 5.512e-02 | Time: 9.57s
2025-08-20 03:25:16,995:INFO:New best model found at epoch 15900 with validation loss 5.512e-02. Saving...
2025-08-20 03:25:26,505:INFO:Epoch: 15950/40000 | Train Loss: 2.005e-02 | Dynamic Loss: 2.005e-02 | Regularization Loss: 0.000e+00 | Val Loss: 5.370e-02 | Time: 9.49s
2025-08-20 03:25:26,505:INFO:New best model found at epoch 15950 with validation loss 5.370e-02. Saving...
2025-08-20 03:25:35,999:INFO:Epoch: 16000/40000 | Train Loss: 1.874e-02 | Dynamic Loss: 1.874e-02 | Regularization Loss: 0.000e+00 | Val Loss: 5.207e-02 | Time: 9.47s
2025-08-20 03:25:35,999:INFO:New best model found at epoch 16000 with validation loss 5.207e-02. Saving...
2025-08-20 03:25:45,527:INFO:Epoch: 16050/40000 | Train Loss: 3.411e-02 | Dynamic Loss: 3.411e-02 | Regularization Loss: 0.000e+00 | Val Loss: 7.160e-02 | Time: 9.51s
2025-08-20 03:25:57,240:INFO:Epoch: 16100/40000 | Train Loss: 2.224e-02 | Dynamic Loss: 2.224e-02 | Regularization Loss: 0.000e+00 | Val Loss: 5.940e-02 | Time: 11.71s
2025-08-20 03:26:06,821:INFO:Epoch: 16150/40000 | Train Loss: 8.874e-02 | Dynamic Loss: 8.874e-02 | Regularization Loss: 0.000e+00 | Val Loss: 1.138e-01 | Time: 9.58s
2025-08-20 03:26:16,297:INFO:Epoch: 16200/40000 | Train Loss: 8.574e-02 | Dynamic Loss: 8.574e-02 | Regularization Loss: 0.000e+00 | Val Loss: 1.183e-01 | Time: 9.48s
2025-08-20 03:26:25,919:INFO:Epoch: 16250/40000 | Train Loss: 2.194e-02 | Dynamic Loss: 2.194e-02 | Regularization Loss: 0.000e+00 | Val Loss: 5.869e-02 | Time: 9.62s
2025-08-20 03:26:35,436:INFO:Epoch: 16300/40000 | Train Loss: 1.861e-02 | Dynamic Loss: 1.861e-02 | Regularization Loss: 0.000e+00 | Val Loss: 5.415e-02 | Time: 9.52s
2025-08-20 03:26:44,924:INFO:Epoch: 16350/40000 | Train Loss: 1.205e-01 | Dynamic Loss: 1.205e-01 | Regularization Loss: 0.000e+00 | Val Loss: 1.683e-01 | Time: 9.49s
2025-08-20 03:26:54,496:INFO:Epoch: 16400/40000 | Train Loss: 2.377e-02 | Dynamic Loss: 2.377e-02 | Regularization Loss: 0.000e+00 | Val Loss: 5.604e-02 | Time: 9.57s
2025-08-20 03:27:11,401:INFO:Epoch: 16450/40000 | Train Loss: 2.261e-02 | Dynamic Loss: 2.261e-02 | Regularization Loss: 0.000e+00 | Val Loss: 5.770e-02 | Time: 16.91s
2025-08-20 03:27:20,897:INFO:Epoch: 16500/40000 | Train Loss: 3.152e-01 | Dynamic Loss: 3.152e-01 | Regularization Loss: 0.000e+00 | Val Loss: 2.867e-01 | Time: 9.50s
2025-08-20 03:27:30,528:INFO:Epoch: 16550/40000 | Train Loss: 4.828e-02 | Dynamic Loss: 4.828e-02 | Regularization Loss: 0.000e+00 | Val Loss: 7.304e-02 | Time: 9.63s
2025-08-20 03:27:39,991:INFO:Epoch: 16600/40000 | Train Loss: 3.535e-01 | Dynamic Loss: 3.535e-01 | Regularization Loss: 0.000e+00 | Val Loss: 4.005e-01 | Time: 9.46s
2025-08-20 03:27:57,864:INFO:Epoch: 16650/40000 | Train Loss: 2.755e-02 | Dynamic Loss: 2.755e-02 | Regularization Loss: 0.000e+00 | Val Loss: 6.682e-02 | Time: 17.87s
2025-08-20 03:28:07,446:INFO:Epoch: 16700/40000 | Train Loss: 2.057e-02 | Dynamic Loss: 2.057e-02 | Regularization Loss: 0.000e+00 | Val Loss: 6.048e-02 | Time: 9.58s
2025-08-20 03:28:16,935:INFO:Epoch: 16750/40000 | Train Loss: 4.809e-02 | Dynamic Loss: 4.809e-02 | Regularization Loss: 0.000e+00 | Val Loss: 7.682e-02 | Time: 9.49s
2025-08-20 03:28:26,571:INFO:Epoch: 16800/40000 | Train Loss: 1.755e-02 | Dynamic Loss: 1.755e-02 | Regularization Loss: 0.000e+00 | Val Loss: 5.439e-02 | Time: 9.64s
2025-08-20 03:28:36,046:INFO:Epoch: 16850/40000 | Train Loss: 1.633e-02 | Dynamic Loss: 1.633e-02 | Regularization Loss: 0.000e+00 | Val Loss: 5.206e-02 | Time: 9.47s
2025-08-20 03:28:36,046:INFO:New best model found at epoch 16850 with validation loss 5.206e-02. Saving...
2025-08-20 03:28:45,629:INFO:Epoch: 16900/40000 | Train Loss: 2.721e-02 | Dynamic Loss: 2.721e-02 | Regularization Loss: 0.000e+00 | Val Loss: 2.067e-01 | Time: 9.56s
2025-08-20 03:28:55,240:INFO:Epoch: 16950/40000 | Train Loss: 2.798e-02 | Dynamic Loss: 2.798e-02 | Regularization Loss: 0.000e+00 | Val Loss: 6.410e-02 | Time: 9.61s
2025-08-20 03:29:04,702:INFO:Epoch: 17000/40000 | Train Loss: 1.587e-02 | Dynamic Loss: 1.587e-02 | Regularization Loss: 0.000e+00 | Val Loss: 5.160e-02 | Time: 9.46s
2025-08-20 03:29:04,702:INFO:New best model found at epoch 17000 with validation loss 5.160e-02. Saving...
2025-08-20 03:29:14,228:INFO:Epoch: 17050/40000 | Train Loss: 2.878e-02 | Dynamic Loss: 2.878e-02 | Regularization Loss: 0.000e+00 | Val Loss: 6.560e-02 | Time: 9.51s
2025-08-20 03:29:23,712:INFO:Epoch: 17100/40000 | Train Loss: 1.583e-02 | Dynamic Loss: 1.583e-02 | Regularization Loss: 0.000e+00 | Val Loss: 5.082e-02 | Time: 9.48s
2025-08-20 03:29:23,712:INFO:New best model found at epoch 17100 with validation loss 5.082e-02. Saving...
2025-08-20 03:29:40,269:INFO:Epoch: 17150/40000 | Train Loss: 1.491e-02 | Dynamic Loss: 1.491e-02 | Regularization Loss: 0.000e+00 | Val Loss: 4.915e-02 | Time: 16.54s
2025-08-20 03:29:40,269:INFO:New best model found at epoch 17150 with validation loss 4.915e-02. Saving...
2025-08-20 03:29:49,817:INFO:Epoch: 17200/40000 | Train Loss: 1.385e-02 | Dynamic Loss: 1.385e-02 | Regularization Loss: 0.000e+00 | Val Loss: 4.745e-02 | Time: 9.53s
2025-08-20 03:29:49,817:INFO:New best model found at epoch 17200 with validation loss 4.745e-02. Saving...
2025-08-20 03:29:59,372:INFO:Epoch: 17250/40000 | Train Loss: 4.297e-01 | Dynamic Loss: 4.297e-01 | Regularization Loss: 0.000e+00 | Val Loss: 4.730e-01 | Time: 9.53s
2025-08-20 03:30:08,782:INFO:Epoch: 17300/40000 | Train Loss: 2.448e-01 | Dynamic Loss: 2.448e-01 | Regularization Loss: 0.000e+00 | Val Loss: 2.693e-01 | Time: 9.41s
2025-08-20 03:30:18,544:INFO:Epoch: 17350/40000 | Train Loss: 2.214e-01 | Dynamic Loss: 2.214e-01 | Regularization Loss: 0.000e+00 | Val Loss: 2.588e-01 | Time: 9.76s
2025-08-20 03:30:27,981:INFO:Epoch: 17400/40000 | Train Loss: 1.841e-01 | Dynamic Loss: 1.841e-01 | Regularization Loss: 0.000e+00 | Val Loss: 2.015e-01 | Time: 9.44s
2025-08-20 03:30:37,456:INFO:Epoch: 17450/40000 | Train Loss: 1.419e-01 | Dynamic Loss: 1.419e-01 | Regularization Loss: 0.000e+00 | Val Loss: 1.615e-01 | Time: 9.47s
2025-08-20 03:30:51,480:INFO:Epoch: 17500/40000 | Train Loss: 1.139e-01 | Dynamic Loss: 1.139e-01 | Regularization Loss: 0.000e+00 | Val Loss: 1.319e-01 | Time: 14.02s
2025-08-20 03:31:01,054:INFO:Epoch: 17550/40000 | Train Loss: 1.337e-01 | Dynamic Loss: 1.337e-01 | Regularization Loss: 0.000e+00 | Val Loss: 1.447e-01 | Time: 9.57s
2025-08-20 03:31:10,603:INFO:Epoch: 17600/40000 | Train Loss: 1.498e-01 | Dynamic Loss: 1.498e-01 | Regularization Loss: 0.000e+00 | Val Loss: 1.895e-01 | Time: 9.55s
2025-08-20 03:31:20,219:INFO:Epoch: 17650/40000 | Train Loss: 7.589e-02 | Dynamic Loss: 7.589e-02 | Regularization Loss: 0.000e+00 | Val Loss: 1.021e-01 | Time: 9.62s
2025-08-20 03:31:29,749:INFO:Epoch: 17700/40000 | Train Loss: 7.160e-01 | Dynamic Loss: 7.160e-01 | Regularization Loss: 0.000e+00 | Val Loss: 8.264e-01 | Time: 9.53s
2025-08-20 03:31:39,281:INFO:Epoch: 17750/40000 | Train Loss: 1.904e-01 | Dynamic Loss: 1.904e-01 | Regularization Loss: 0.000e+00 | Val Loss: 4.386e-01 | Time: 9.53s
2025-08-20 03:31:48,820:INFO:Epoch: 17800/40000 | Train Loss: 2.759e-01 | Dynamic Loss: 2.759e-01 | Regularization Loss: 0.000e+00 | Val Loss: 2.631e-01 | Time: 9.54s
2025-08-20 03:31:59,969:INFO:Epoch: 17850/40000 | Train Loss: 7.234e-02 | Dynamic Loss: 7.234e-02 | Regularization Loss: 0.000e+00 | Val Loss: 1.042e-01 | Time: 11.15s
2025-08-20 03:32:09,433:INFO:Epoch: 17900/40000 | Train Loss: 1.375e-01 | Dynamic Loss: 1.375e-01 | Regularization Loss: 0.000e+00 | Val Loss: 1.718e-01 | Time: 9.46s
2025-08-20 03:32:18,906:INFO:Epoch: 17950/40000 | Train Loss: 1.025e-01 | Dynamic Loss: 1.025e-01 | Regularization Loss: 0.000e+00 | Val Loss: 1.358e-01 | Time: 9.47s
2025-08-20 03:32:28,541:INFO:Epoch: 18000/40000 | Train Loss: 6.641e-02 | Dynamic Loss: 6.641e-02 | Regularization Loss: 0.000e+00 | Val Loss: 1.027e-01 | Time: 9.63s
2025-08-20 03:32:38,134:INFO:Epoch: 18050/40000 | Train Loss: 5.817e-02 | Dynamic Loss: 5.817e-02 | Regularization Loss: 0.000e+00 | Val Loss: 9.641e-02 | Time: 9.59s
2025-08-20 03:32:47,736:INFO:Epoch: 18100/40000 | Train Loss: 5.065e-02 | Dynamic Loss: 5.065e-02 | Regularization Loss: 0.000e+00 | Val Loss: 8.393e-02 | Time: 9.60s
2025-08-20 03:32:57,197:INFO:Epoch: 18150/40000 | Train Loss: 4.620e-02 | Dynamic Loss: 4.620e-02 | Regularization Loss: 0.000e+00 | Val Loss: 7.832e-02 | Time: 9.46s
2025-08-20 03:33:13,196:INFO:Epoch: 18200/40000 | Train Loss: 1.531e-01 | Dynamic Loss: 1.531e-01 | Regularization Loss: 0.000e+00 | Val Loss: 1.695e-01 | Time: 16.00s
2025-08-20 03:33:22,673:INFO:Epoch: 18250/40000 | Train Loss: 7.107e-02 | Dynamic Loss: 7.107e-02 | Regularization Loss: 0.000e+00 | Val Loss: 1.065e-01 | Time: 9.48s
2025-08-20 03:33:32,173:INFO:Epoch: 18300/40000 | Train Loss: 4.615e-02 | Dynamic Loss: 4.615e-02 | Regularization Loss: 0.000e+00 | Val Loss: 8.445e-02 | Time: 9.50s
2025-08-20 03:33:41,568:INFO:Epoch: 18350/40000 | Train Loss: 8.033e-02 | Dynamic Loss: 8.033e-02 | Regularization Loss: 0.000e+00 | Val Loss: 1.131e-01 | Time: 9.39s
2025-08-20 03:33:58,784:INFO:Epoch: 18400/40000 | Train Loss: 5.908e-02 | Dynamic Loss: 5.908e-02 | Regularization Loss: 0.000e+00 | Val Loss: 9.689e-02 | Time: 17.22s
2025-08-20 03:34:08,261:INFO:Epoch: 18450/40000 | Train Loss: 3.766e-02 | Dynamic Loss: 3.766e-02 | Regularization Loss: 0.000e+00 | Val Loss: 7.395e-02 | Time: 9.48s
2025-08-20 03:34:17,841:INFO:Epoch: 18500/40000 | Train Loss: 3.412e-02 | Dynamic Loss: 3.412e-02 | Regularization Loss: 0.000e+00 | Val Loss: 6.877e-02 | Time: 9.58s
2025-08-20 03:34:29,887:INFO:Epoch: 18550/40000 | Train Loss: 3.170e-02 | Dynamic Loss: 3.170e-02 | Regularization Loss: 0.000e+00 | Val Loss: 6.519e-02 | Time: 12.05s
2025-08-20 03:34:39,463:INFO:Epoch: 18600/40000 | Train Loss: 2.956e-02 | Dynamic Loss: 2.956e-02 | Regularization Loss: 0.000e+00 | Val Loss: 6.203e-02 | Time: 9.58s
2025-08-20 03:34:48,960:INFO:Epoch: 18650/40000 | Train Loss: 2.136e-01 | Dynamic Loss: 2.136e-01 | Regularization Loss: 0.000e+00 | Val Loss: 2.187e-01 | Time: 9.50s
2025-08-20 03:34:58,474:INFO:Epoch: 18700/40000 | Train Loss: 1.288e-01 | Dynamic Loss: 1.288e-01 | Regularization Loss: 0.000e+00 | Val Loss: 1.793e-01 | Time: 9.51s
2025-08-20 03:35:16,119:INFO:Epoch: 18750/40000 | Train Loss: 3.398e-02 | Dynamic Loss: 3.398e-02 | Regularization Loss: 0.000e+00 | Val Loss: 7.338e-02 | Time: 17.65s
2025-08-20 03:35:26,739:INFO:Epoch: 18800/40000 | Train Loss: 2.904e-02 | Dynamic Loss: 2.904e-02 | Regularization Loss: 0.000e+00 | Val Loss: 6.653e-02 | Time: 10.62s
2025-08-20 03:35:36,232:INFO:Epoch: 18850/40000 | Train Loss: 2.665e-02 | Dynamic Loss: 2.665e-02 | Regularization Loss: 0.000e+00 | Val Loss: 6.268e-02 | Time: 9.49s
2025-08-20 03:35:49,565:INFO:Epoch: 18900/40000 | Train Loss: 6.567e-01 | Dynamic Loss: 6.567e-01 | Regularization Loss: 0.000e+00 | Val Loss: 5.741e-01 | Time: 13.33s
2025-08-20 03:35:59,077:INFO:Epoch: 18950/40000 | Train Loss: 1.548e+00 | Dynamic Loss: 1.548e+00 | Regularization Loss: 0.000e+00 | Val Loss: 2.587e+00 | Time: 9.51s
2025-08-20 03:36:08,604:INFO:Epoch: 19000/40000 | Train Loss: 9.933e-02 | Dynamic Loss: 9.933e-02 | Regularization Loss: 0.000e+00 | Val Loss: 1.578e-01 | Time: 9.53s
2025-08-20 03:36:18,201:INFO:Epoch: 19050/40000 | Train Loss: 5.969e-02 | Dynamic Loss: 5.969e-02 | Regularization Loss: 0.000e+00 | Val Loss: 1.015e-01 | Time: 9.60s
2025-08-20 03:36:27,678:INFO:Epoch: 19100/40000 | Train Loss: 6.558e-01 | Dynamic Loss: 6.558e-01 | Regularization Loss: 0.000e+00 | Val Loss: 7.345e-01 | Time: 9.48s
2025-08-20 03:36:37,124:INFO:Epoch: 19150/40000 | Train Loss: 5.406e-02 | Dynamic Loss: 5.406e-02 | Regularization Loss: 0.000e+00 | Val Loss: 1.026e-01 | Time: 9.45s
2025-08-20 03:36:46,659:INFO:Epoch: 19200/40000 | Train Loss: 3.663e-02 | Dynamic Loss: 3.663e-02 | Regularization Loss: 0.000e+00 | Val Loss: 7.819e-02 | Time: 9.53s
2025-08-20 03:36:58,920:INFO:Epoch: 19250/40000 | Train Loss: 6.406e-02 | Dynamic Loss: 6.406e-02 | Regularization Loss: 0.000e+00 | Val Loss: 1.084e-01 | Time: 12.26s
2025-08-20 03:37:08,427:INFO:Epoch: 19300/40000 | Train Loss: 3.950e-02 | Dynamic Loss: 3.950e-02 | Regularization Loss: 0.000e+00 | Val Loss: 8.183e-02 | Time: 9.51s
2025-08-20 03:37:17,931:INFO:Epoch: 19350/40000 | Train Loss: 3.319e-02 | Dynamic Loss: 3.319e-02 | Regularization Loss: 0.000e+00 | Val Loss: 7.318e-02 | Time: 9.50s
2025-08-20 03:37:27,571:INFO:Epoch: 19400/40000 | Train Loss: 2.968e-02 | Dynamic Loss: 2.968e-02 | Regularization Loss: 0.000e+00 | Val Loss: 6.749e-02 | Time: 9.64s
2025-08-20 03:37:37,188:INFO:Epoch: 19450/40000 | Train Loss: 3.002e-02 | Dynamic Loss: 3.002e-02 | Regularization Loss: 0.000e+00 | Val Loss: 7.029e-02 | Time: 9.62s
2025-08-20 03:37:46,757:INFO:Epoch: 19500/40000 | Train Loss: 2.710e-02 | Dynamic Loss: 2.710e-02 | Regularization Loss: 0.000e+00 | Val Loss: 6.556e-02 | Time: 9.57s
2025-08-20 03:37:56,317:INFO:Epoch: 19550/40000 | Train Loss: 2.546e-02 | Dynamic Loss: 2.546e-02 | Regularization Loss: 0.000e+00 | Val Loss: 6.240e-02 | Time: 9.56s
2025-08-20 03:38:12,770:INFO:Epoch: 19600/40000 | Train Loss: 2.442e-02 | Dynamic Loss: 2.442e-02 | Regularization Loss: 0.000e+00 | Val Loss: 6.086e-02 | Time: 16.45s
2025-08-20 03:38:22,285:INFO:Epoch: 19650/40000 | Train Loss: 2.320e-02 | Dynamic Loss: 2.320e-02 | Regularization Loss: 0.000e+00 | Val Loss: 5.886e-02 | Time: 9.52s
2025-08-20 03:38:31,779:INFO:Epoch: 19700/40000 | Train Loss: 2.223e-02 | Dynamic Loss: 2.223e-02 | Regularization Loss: 0.000e+00 | Val Loss: 5.707e-02 | Time: 9.49s
2025-08-20 03:38:41,322:INFO:Epoch: 19750/40000 | Train Loss: 4.311e-01 | Dynamic Loss: 4.311e-01 | Regularization Loss: 0.000e+00 | Val Loss: 4.824e-01 | Time: 9.54s
2025-08-20 03:38:58,595:INFO:Epoch: 19800/40000 | Train Loss: 1.871e-01 | Dynamic Loss: 1.871e-01 | Regularization Loss: 0.000e+00 | Val Loss: 2.336e-01 | Time: 17.27s
2025-08-20 03:39:08,085:INFO:Epoch: 19850/40000 | Train Loss: 2.049e-01 | Dynamic Loss: 2.049e-01 | Regularization Loss: 0.000e+00 | Val Loss: 4.089e-01 | Time: 9.49s
2025-08-20 03:39:17,716:INFO:Epoch: 19900/40000 | Train Loss: 7.743e-02 | Dynamic Loss: 7.743e-02 | Regularization Loss: 0.000e+00 | Val Loss: 1.220e-01 | Time: 9.63s
2025-08-20 03:39:30,310:INFO:Epoch: 19950/40000 | Train Loss: 9.218e-02 | Dynamic Loss: 9.218e-02 | Regularization Loss: 0.000e+00 | Val Loss: 1.278e-01 | Time: 12.59s
2025-08-20 03:39:39,781:INFO:Epoch: 20000/40000 | Train Loss: 3.369e-01 | Dynamic Loss: 3.369e-01 | Regularization Loss: 0.000e+00 | Val Loss: 3.816e-01 | Time: 9.47s
2025-08-20 03:39:49,262:INFO:Epoch: 20050/40000 | Train Loss: 9.374e-02 | Dynamic Loss: 9.374e-02 | Regularization Loss: 0.000e+00 | Val Loss: 1.699e-01 | Time: 9.48s
2025-08-20 03:39:58,828:INFO:Epoch: 20100/40000 | Train Loss: 1.800e-01 | Dynamic Loss: 1.800e-01 | Regularization Loss: 0.000e+00 | Val Loss: 2.555e-01 | Time: 9.57s
2025-08-20 03:40:08,307:INFO:Epoch: 20150/40000 | Train Loss: 6.696e-02 | Dynamic Loss: 6.696e-02 | Regularization Loss: 0.000e+00 | Val Loss: 1.398e-01 | Time: 9.48s
2025-08-20 03:40:17,851:INFO:Epoch: 20200/40000 | Train Loss: 5.526e-02 | Dynamic Loss: 5.526e-02 | Regularization Loss: 0.000e+00 | Val Loss: 1.252e-01 | Time: 9.54s
2025-08-20 03:40:27,308:INFO:Epoch: 20250/40000 | Train Loss: 6.384e-02 | Dynamic Loss: 6.384e-02 | Regularization Loss: 0.000e+00 | Val Loss: 1.443e-01 | Time: 9.46s
2025-08-20 03:40:44,694:INFO:Epoch: 20300/40000 | Train Loss: 4.527e-02 | Dynamic Loss: 4.527e-02 | Regularization Loss: 0.000e+00 | Val Loss: 1.186e-01 | Time: 17.39s
2025-08-20 03:40:54,186:INFO:Epoch: 20350/40000 | Train Loss: 3.800e-02 | Dynamic Loss: 3.800e-02 | Regularization Loss: 0.000e+00 | Val Loss: 1.070e-01 | Time: 9.49s
2025-08-20 03:41:03,705:INFO:Epoch: 20400/40000 | Train Loss: 3.401e-02 | Dynamic Loss: 3.401e-02 | Regularization Loss: 0.000e+00 | Val Loss: 9.950e-02 | Time: 9.52s
2025-08-20 03:41:13,440:INFO:Epoch: 20450/40000 | Train Loss: 3.821e-02 | Dynamic Loss: 3.821e-02 | Regularization Loss: 0.000e+00 | Val Loss: 1.088e-01 | Time: 9.73s
2025-08-20 03:41:22,996:INFO:Epoch: 20500/40000 | Train Loss: 3.105e-02 | Dynamic Loss: 3.105e-02 | Regularization Loss: 0.000e+00 | Val Loss: 9.654e-02 | Time: 9.56s
2025-08-20 03:41:32,540:INFO:Epoch: 20550/40000 | Train Loss: 2.808e-02 | Dynamic Loss: 2.808e-02 | Regularization Loss: 0.000e+00 | Val Loss: 8.924e-02 | Time: 9.54s
2025-08-20 03:41:42,015:INFO:Epoch: 20600/40000 | Train Loss: 4.787e-02 | Dynamic Loss: 4.787e-02 | Regularization Loss: 0.000e+00 | Val Loss: 1.112e-01 | Time: 9.47s
2025-08-20 03:41:55,445:INFO:Epoch: 20650/40000 | Train Loss: 4.397e-02 | Dynamic Loss: 4.397e-02 | Regularization Loss: 0.000e+00 | Val Loss: 1.056e-01 | Time: 13.43s
2025-08-20 03:42:05,008:INFO:Epoch: 20700/40000 | Train Loss: 3.058e-02 | Dynamic Loss: 3.058e-02 | Regularization Loss: 0.000e+00 | Val Loss: 8.970e-02 | Time: 9.56s
2025-08-20 03:42:14,504:INFO:Epoch: 20750/40000 | Train Loss: 2.711e-02 | Dynamic Loss: 2.711e-02 | Regularization Loss: 0.000e+00 | Val Loss: 8.516e-02 | Time: 9.50s
2025-08-20 03:42:23,959:INFO:Epoch: 20800/40000 | Train Loss: 2.519e-02 | Dynamic Loss: 2.519e-02 | Regularization Loss: 0.000e+00 | Val Loss: 8.200e-02 | Time: 9.45s
2025-08-20 03:42:39,157:INFO:Epoch: 20850/40000 | Train Loss: 2.403e-02 | Dynamic Loss: 2.403e-02 | Regularization Loss: 0.000e+00 | Val Loss: 7.940e-02 | Time: 15.20s
2025-08-20 03:42:48,737:INFO:Epoch: 20900/40000 | Train Loss: 2.277e-02 | Dynamic Loss: 2.277e-02 | Regularization Loss: 0.000e+00 | Val Loss: 7.745e-02 | Time: 9.58s
2025-08-20 03:42:58,274:INFO:Epoch: 20950/40000 | Train Loss: 2.180e-02 | Dynamic Loss: 2.180e-02 | Regularization Loss: 0.000e+00 | Val Loss: 7.476e-02 | Time: 9.54s
2025-08-20 03:43:07,954:INFO:Epoch: 21000/40000 | Train Loss: 2.095e-02 | Dynamic Loss: 2.095e-02 | Regularization Loss: 0.000e+00 | Val Loss: 7.299e-02 | Time: 9.68s
2025-08-20 03:43:19,131:INFO:Epoch: 21050/40000 | Train Loss: 2.015e-02 | Dynamic Loss: 2.015e-02 | Regularization Loss: 0.000e+00 | Val Loss: 7.154e-02 | Time: 11.18s
2025-08-20 03:43:28,617:INFO:Epoch: 21100/40000 | Train Loss: 3.886e-02 | Dynamic Loss: 3.886e-02 | Regularization Loss: 0.000e+00 | Val Loss: 9.589e-02 | Time: 9.49s
2025-08-20 03:43:38,108:INFO:Epoch: 21150/40000 | Train Loss: 2.407e-02 | Dynamic Loss: 2.407e-02 | Regularization Loss: 0.000e+00 | Val Loss: 8.102e-02 | Time: 9.49s
2025-08-20 03:43:47,592:INFO:Epoch: 21200/40000 | Train Loss: 7.410e-02 | Dynamic Loss: 7.410e-02 | Regularization Loss: 0.000e+00 | Val Loss: 1.154e-01 | Time: 9.48s
2025-08-20 03:44:04,957:INFO:Epoch: 21250/40000 | Train Loss: 2.449e-02 | Dynamic Loss: 2.449e-02 | Regularization Loss: 0.000e+00 | Val Loss: 8.153e-02 | Time: 17.37s
2025-08-20 03:44:14,456:INFO:Epoch: 21300/40000 | Train Loss: 1.210e-01 | Dynamic Loss: 1.210e-01 | Regularization Loss: 0.000e+00 | Val Loss: 1.979e-01 | Time: 9.50s
2025-08-20 03:44:23,893:INFO:Epoch: 21350/40000 | Train Loss: 3.751e-02 | Dynamic Loss: 3.751e-02 | Regularization Loss: 0.000e+00 | Val Loss: 1.024e-01 | Time: 9.44s
2025-08-20 03:44:40,245:INFO:Epoch: 21400/40000 | Train Loss: 2.786e-02 | Dynamic Loss: 2.786e-02 | Regularization Loss: 0.000e+00 | Val Loss: 8.469e-02 | Time: 16.35s
2025-08-20 03:44:49,716:INFO:Epoch: 21450/40000 | Train Loss: 2.402e-02 | Dynamic Loss: 2.402e-02 | Regularization Loss: 0.000e+00 | Val Loss: 8.026e-02 | Time: 9.47s
2025-08-20 03:44:59,166:INFO:Epoch: 21500/40000 | Train Loss: 2.197e-02 | Dynamic Loss: 2.197e-02 | Regularization Loss: 0.000e+00 | Val Loss: 7.714e-02 | Time: 9.45s
2025-08-20 03:45:08,863:INFO:Epoch: 21550/40000 | Train Loss: 2.044e-02 | Dynamic Loss: 2.044e-02 | Regularization Loss: 0.000e+00 | Val Loss: 7.393e-02 | Time: 9.70s
2025-08-20 03:45:18,465:INFO:Epoch: 21600/40000 | Train Loss: 1.937e-02 | Dynamic Loss: 1.937e-02 | Regularization Loss: 0.000e+00 | Val Loss: 7.195e-02 | Time: 9.60s
2025-08-20 03:45:28,006:INFO:Epoch: 21650/40000 | Train Loss: 1.865e-02 | Dynamic Loss: 1.865e-02 | Regularization Loss: 0.000e+00 | Val Loss: 7.051e-02 | Time: 9.54s
2025-08-20 03:45:37,605:INFO:Epoch: 21700/40000 | Train Loss: 1.777e-02 | Dynamic Loss: 1.777e-02 | Regularization Loss: 0.000e+00 | Val Loss: 6.893e-02 | Time: 9.60s
2025-08-20 03:45:47,172:INFO:Epoch: 21750/40000 | Train Loss: 1.734e-02 | Dynamic Loss: 1.734e-02 | Regularization Loss: 0.000e+00 | Val Loss: 6.754e-02 | Time: 9.57s
2025-08-20 03:45:56,665:INFO:Epoch: 21800/40000 | Train Loss: 1.765e-02 | Dynamic Loss: 1.765e-02 | Regularization Loss: 0.000e+00 | Val Loss: 6.701e-02 | Time: 9.49s
2025-08-20 03:46:06,156:INFO:Epoch: 21850/40000 | Train Loss: 1.621e-02 | Dynamic Loss: 1.621e-02 | Regularization Loss: 0.000e+00 | Val Loss: 6.663e-02 | Time: 9.49s
2025-08-20 03:46:23,985:INFO:Epoch: 21900/40000 | Train Loss: 1.531e-02 | Dynamic Loss: 1.531e-02 | Regularization Loss: 0.000e+00 | Val Loss: 6.476e-02 | Time: 17.83s
2025-08-20 03:46:33,587:INFO:Epoch: 21950/40000 | Train Loss: 1.500e-02 | Dynamic Loss: 1.500e-02 | Regularization Loss: 0.000e+00 | Val Loss: 6.414e-02 | Time: 9.60s
2025-08-20 03:46:43,193:INFO:Epoch: 22000/40000 | Train Loss: 1.509e-02 | Dynamic Loss: 1.509e-02 | Regularization Loss: 0.000e+00 | Val Loss: 6.311e-02 | Time: 9.61s
2025-08-20 03:46:52,817:INFO:Epoch: 22050/40000 | Train Loss: 1.709e-02 | Dynamic Loss: 1.709e-02 | Regularization Loss: 0.000e+00 | Val Loss: 6.650e-02 | Time: 9.62s
2025-08-20 03:47:02,301:INFO:Epoch: 22100/40000 | Train Loss: 1.618e-01 | Dynamic Loss: 1.618e-01 | Regularization Loss: 0.000e+00 | Val Loss: 1.875e-01 | Time: 9.48s
2025-08-20 03:47:11,833:INFO:Epoch: 22150/40000 | Train Loss: 5.987e-02 | Dynamic Loss: 5.987e-02 | Regularization Loss: 0.000e+00 | Val Loss: 1.123e-01 | Time: 9.53s
2025-08-20 03:47:21,263:INFO:Epoch: 22200/40000 | Train Loss: 4.156e-01 | Dynamic Loss: 4.156e-01 | Regularization Loss: 0.000e+00 | Val Loss: 5.679e-01 | Time: 9.43s
2025-08-20 03:47:37,943:INFO:Epoch: 22250/40000 | Train Loss: 2.757e-02 | Dynamic Loss: 2.757e-02 | Regularization Loss: 0.000e+00 | Val Loss: 7.701e-02 | Time: 16.68s
2025-08-20 03:47:47,531:INFO:Epoch: 22300/40000 | Train Loss: 3.848e-02 | Dynamic Loss: 3.848e-02 | Regularization Loss: 0.000e+00 | Val Loss: 8.086e-02 | Time: 9.59s
2025-08-20 03:47:57,034:INFO:Epoch: 22350/40000 | Train Loss: 1.898e-02 | Dynamic Loss: 1.898e-02 | Regularization Loss: 0.000e+00 | Val Loss: 6.654e-02 | Time: 9.50s
2025-08-20 03:48:06,653:INFO:Epoch: 22400/40000 | Train Loss: 1.256e-01 | Dynamic Loss: 1.256e-01 | Regularization Loss: 0.000e+00 | Val Loss: 1.577e-01 | Time: 9.62s
2025-08-20 03:48:16,146:INFO:Epoch: 22450/40000 | Train Loss: 1.806e-02 | Dynamic Loss: 1.806e-02 | Regularization Loss: 0.000e+00 | Val Loss: 6.602e-02 | Time: 9.49s
2025-08-20 03:48:25,715:INFO:Epoch: 22500/40000 | Train Loss: 1.610e-02 | Dynamic Loss: 1.610e-02 | Regularization Loss: 0.000e+00 | Val Loss: 6.353e-02 | Time: 9.57s
2025-08-20 03:48:35,221:INFO:Epoch: 22550/40000 | Train Loss: 1.501e-02 | Dynamic Loss: 1.501e-02 | Regularization Loss: 0.000e+00 | Val Loss: 6.169e-02 | Time: 9.51s
2025-08-20 03:48:49,251:INFO:Epoch: 22600/40000 | Train Loss: 1.419e-02 | Dynamic Loss: 1.419e-02 | Regularization Loss: 0.000e+00 | Val Loss: 6.021e-02 | Time: 14.03s
2025-08-20 03:48:58,880:INFO:Epoch: 22650/40000 | Train Loss: 1.363e-02 | Dynamic Loss: 1.363e-02 | Regularization Loss: 0.000e+00 | Val Loss: 5.899e-02 | Time: 9.63s
2025-08-20 03:49:08,426:INFO:Epoch: 22700/40000 | Train Loss: 1.304e-02 | Dynamic Loss: 1.304e-02 | Regularization Loss: 0.000e+00 | Val Loss: 5.796e-02 | Time: 9.55s
2025-08-20 03:49:17,948:INFO:Epoch: 22750/40000 | Train Loss: 1.258e-02 | Dynamic Loss: 1.258e-02 | Regularization Loss: 0.000e+00 | Val Loss: 5.694e-02 | Time: 9.52s
2025-08-20 03:49:30,688:INFO:Epoch: 22800/40000 | Train Loss: 1.231e-02 | Dynamic Loss: 1.231e-02 | Regularization Loss: 0.000e+00 | Val Loss: 5.650e-02 | Time: 12.74s
2025-08-20 03:49:40,242:INFO:Epoch: 22850/40000 | Train Loss: 1.190e-02 | Dynamic Loss: 1.190e-02 | Regularization Loss: 0.000e+00 | Val Loss: 5.625e-02 | Time: 9.55s
2025-08-20 03:49:49,741:INFO:Epoch: 22900/40000 | Train Loss: 1.176e-02 | Dynamic Loss: 1.176e-02 | Regularization Loss: 0.000e+00 | Val Loss: 5.591e-02 | Time: 9.50s
2025-08-20 03:50:06,748:INFO:Epoch: 22950/40000 | Train Loss: 1.714e-01 | Dynamic Loss: 1.714e-01 | Regularization Loss: 0.000e+00 | Val Loss: 1.946e-01 | Time: 17.01s
2025-08-20 03:50:16,315:INFO:Epoch: 23000/40000 | Train Loss: 1.800e-02 | Dynamic Loss: 1.800e-02 | Regularization Loss: 0.000e+00 | Val Loss: 6.500e-02 | Time: 9.57s
2025-08-20 03:50:25,852:INFO:Epoch: 23050/40000 | Train Loss: 1.231e-02 | Dynamic Loss: 1.231e-02 | Regularization Loss: 0.000e+00 | Val Loss: 5.990e-02 | Time: 9.54s
2025-08-20 03:50:35,493:INFO:Epoch: 23100/40000 | Train Loss: 1.119e-02 | Dynamic Loss: 1.119e-02 | Regularization Loss: 0.000e+00 | Val Loss: 5.771e-02 | Time: 9.64s
2025-08-20 03:50:45,089:INFO:Epoch: 23150/40000 | Train Loss: 1.096e-02 | Dynamic Loss: 1.096e-02 | Regularization Loss: 0.000e+00 | Val Loss: 5.648e-02 | Time: 9.60s
2025-08-20 03:50:54,651:INFO:Epoch: 23200/40000 | Train Loss: 1.154e-02 | Dynamic Loss: 1.154e-02 | Regularization Loss: 0.000e+00 | Val Loss: 5.847e-02 | Time: 9.56s
2025-08-20 03:51:04,295:INFO:Epoch: 23250/40000 | Train Loss: 1.068e-02 | Dynamic Loss: 1.068e-02 | Regularization Loss: 0.000e+00 | Val Loss: 5.573e-02 | Time: 9.64s
2025-08-20 03:51:13,983:INFO:Epoch: 23300/40000 | Train Loss: 9.880e-03 | Dynamic Loss: 9.880e-03 | Regularization Loss: 0.000e+00 | Val Loss: 5.461e-02 | Time: 9.69s
2025-08-20 03:51:23,532:INFO:Epoch: 23350/40000 | Train Loss: 1.659e-01 | Dynamic Loss: 1.659e-01 | Regularization Loss: 0.000e+00 | Val Loss: 1.904e-01 | Time: 9.55s
2025-08-20 03:51:33,318:INFO:Epoch: 23400/40000 | Train Loss: 2.037e-02 | Dynamic Loss: 2.037e-02 | Regularization Loss: 0.000e+00 | Val Loss: 7.243e-02 | Time: 9.79s
2025-08-20 03:51:42,848:INFO:Epoch: 23450/40000 | Train Loss: 1.745e-02 | Dynamic Loss: 1.745e-02 | Regularization Loss: 0.000e+00 | Val Loss: 6.705e-02 | Time: 9.53s
2025-08-20 03:51:52,389:INFO:Epoch: 23500/40000 | Train Loss: 1.109e-02 | Dynamic Loss: 1.109e-02 | Regularization Loss: 0.000e+00 | Val Loss: 6.197e-02 | Time: 9.54s
2025-08-20 03:52:02,073:INFO:Epoch: 23550/40000 | Train Loss: 1.024e-02 | Dynamic Loss: 1.024e-02 | Regularization Loss: 0.000e+00 | Val Loss: 5.951e-02 | Time: 9.68s
2025-08-20 03:52:11,594:INFO:Epoch: 23600/40000 | Train Loss: 1.059e-02 | Dynamic Loss: 1.059e-02 | Regularization Loss: 0.000e+00 | Val Loss: 5.845e-02 | Time: 9.52s
2025-08-20 03:52:21,100:INFO:Epoch: 23650/40000 | Train Loss: 9.484e-03 | Dynamic Loss: 9.484e-03 | Regularization Loss: 0.000e+00 | Val Loss: 5.735e-02 | Time: 9.51s
2025-08-20 03:52:30,583:INFO:Epoch: 23700/40000 | Train Loss: 1.120e-02 | Dynamic Loss: 1.120e-02 | Regularization Loss: 0.000e+00 | Val Loss: 5.810e-02 | Time: 9.48s
2025-08-20 03:52:46,173:INFO:Epoch: 23750/40000 | Train Loss: 1.048e-02 | Dynamic Loss: 1.048e-02 | Regularization Loss: 0.000e+00 | Val Loss: 5.662e-02 | Time: 15.59s
2025-08-20 03:52:55,801:INFO:Epoch: 23800/40000 | Train Loss: 3.070e-01 | Dynamic Loss: 3.070e-01 | Regularization Loss: 0.000e+00 | Val Loss: 3.697e-01 | Time: 9.63s
2025-08-20 03:53:05,328:INFO:Epoch: 23850/40000 | Train Loss: 4.466e-02 | Dynamic Loss: 4.466e-02 | Regularization Loss: 0.000e+00 | Val Loss: 9.205e-02 | Time: 9.53s
2025-08-20 03:53:14,962:INFO:Epoch: 23900/40000 | Train Loss: 1.681e-02 | Dynamic Loss: 1.681e-02 | Regularization Loss: 0.000e+00 | Val Loss: 6.824e-02 | Time: 9.63s
2025-08-20 03:53:24,534:INFO:Epoch: 23950/40000 | Train Loss: 3.361e-02 | Dynamic Loss: 3.361e-02 | Regularization Loss: 0.000e+00 | Val Loss: 7.629e-02 | Time: 9.57s
2025-08-20 03:53:34,086:INFO:Epoch: 24000/40000 | Train Loss: 4.873e-02 | Dynamic Loss: 4.873e-02 | Regularization Loss: 0.000e+00 | Val Loss: 8.932e-02 | Time: 9.55s
2025-08-20 03:53:43,623:INFO:Epoch: 24050/40000 | Train Loss: 6.914e-02 | Dynamic Loss: 6.914e-02 | Regularization Loss: 0.000e+00 | Val Loss: 1.383e-01 | Time: 9.54s
2025-08-20 03:53:58,912:INFO:Epoch: 24100/40000 | Train Loss: 3.156e-02 | Dynamic Loss: 3.156e-02 | Regularization Loss: 0.000e+00 | Val Loss: 8.822e-02 | Time: 15.29s
2025-08-20 03:54:08,436:INFO:Epoch: 24150/40000 | Train Loss: 2.252e-02 | Dynamic Loss: 2.252e-02 | Regularization Loss: 0.000e+00 | Val Loss: 7.715e-02 | Time: 9.52s
2025-08-20 03:54:18,000:INFO:Epoch: 24200/40000 | Train Loss: 1.839e-02 | Dynamic Loss: 1.839e-02 | Regularization Loss: 0.000e+00 | Val Loss: 7.211e-02 | Time: 9.56s
2025-08-20 03:54:28,262:INFO:Epoch: 24250/40000 | Train Loss: 1.599e-02 | Dynamic Loss: 1.599e-02 | Regularization Loss: 0.000e+00 | Val Loss: 6.950e-02 | Time: 10.26s
2025-08-20 03:54:37,818:INFO:Epoch: 24300/40000 | Train Loss: 1.524e-02 | Dynamic Loss: 1.524e-02 | Regularization Loss: 0.000e+00 | Val Loss: 6.710e-02 | Time: 9.56s
2025-08-20 03:54:47,396:INFO:Epoch: 24350/40000 | Train Loss: 1.326e-02 | Dynamic Loss: 1.326e-02 | Regularization Loss: 0.000e+00 | Val Loss: 6.567e-02 | Time: 9.58s
2025-08-20 03:54:57,077:INFO:Epoch: 24400/40000 | Train Loss: 1.236e-02 | Dynamic Loss: 1.236e-02 | Regularization Loss: 0.000e+00 | Val Loss: 6.452e-02 | Time: 9.68s
2025-08-20 03:55:06,669:INFO:Epoch: 24450/40000 | Train Loss: 1.173e-02 | Dynamic Loss: 1.173e-02 | Regularization Loss: 0.000e+00 | Val Loss: 6.341e-02 | Time: 9.59s
2025-08-20 03:55:16,269:INFO:Epoch: 24500/40000 | Train Loss: 1.114e-02 | Dynamic Loss: 1.114e-02 | Regularization Loss: 0.000e+00 | Val Loss: 6.180e-02 | Time: 9.60s
2025-08-20 03:55:25,823:INFO:Epoch: 24550/40000 | Train Loss: 1.049e-02 | Dynamic Loss: 1.049e-02 | Regularization Loss: 0.000e+00 | Val Loss: 6.071e-02 | Time: 9.55s
2025-08-20 03:55:40,862:INFO:Epoch: 24600/40000 | Train Loss: 1.366e-02 | Dynamic Loss: 1.366e-02 | Regularization Loss: 0.000e+00 | Val Loss: 6.486e-02 | Time: 15.04s
2025-08-20 03:55:50,485:INFO:Epoch: 24650/40000 | Train Loss: 9.935e-03 | Dynamic Loss: 9.935e-03 | Regularization Loss: 0.000e+00 | Val Loss: 5.940e-02 | Time: 9.62s
2025-08-20 03:55:59,978:INFO:Epoch: 24700/40000 | Train Loss: 1.122e-02 | Dynamic Loss: 1.122e-02 | Regularization Loss: 0.000e+00 | Val Loss: 6.219e-02 | Time: 9.49s
2025-08-20 03:56:09,663:INFO:Epoch: 24750/40000 | Train Loss: 9.284e-03 | Dynamic Loss: 9.284e-03 | Regularization Loss: 0.000e+00 | Val Loss: 5.998e-02 | Time: 9.69s
2025-08-20 03:56:19,232:INFO:Epoch: 24800/40000 | Train Loss: 9.527e-03 | Dynamic Loss: 9.527e-03 | Regularization Loss: 0.000e+00 | Val Loss: 6.033e-02 | Time: 9.57s
2025-08-20 03:56:28,755:INFO:Epoch: 24850/40000 | Train Loss: 8.981e-03 | Dynamic Loss: 8.981e-03 | Regularization Loss: 0.000e+00 | Val Loss: 5.880e-02 | Time: 9.52s
2025-08-20 03:56:38,310:INFO:Epoch: 24900/40000 | Train Loss: 8.761e-03 | Dynamic Loss: 8.761e-03 | Regularization Loss: 0.000e+00 | Val Loss: 5.829e-02 | Time: 9.55s
2025-08-20 03:56:53,315:INFO:Epoch: 24950/40000 | Train Loss: 8.587e-03 | Dynamic Loss: 8.587e-03 | Regularization Loss: 0.000e+00 | Val Loss: 5.720e-02 | Time: 15.01s
2025-08-20 03:57:02,811:INFO:Epoch: 25000/40000 | Train Loss: 1.285e-02 | Dynamic Loss: 1.285e-02 | Regularization Loss: 0.000e+00 | Val Loss: 6.232e-02 | Time: 9.50s
2025-08-20 03:57:12,388:INFO:Epoch: 25050/40000 | Train Loss: 8.626e-03 | Dynamic Loss: 8.626e-03 | Regularization Loss: 0.000e+00 | Val Loss: 5.821e-02 | Time: 9.58s
2025-08-20 03:57:22,442:INFO:Epoch: 25100/40000 | Train Loss: 1.148e-02 | Dynamic Loss: 1.148e-02 | Regularization Loss: 0.000e+00 | Val Loss: 6.284e-02 | Time: 10.05s
2025-08-20 03:57:32,010:INFO:Epoch: 25150/40000 | Train Loss: 8.130e-03 | Dynamic Loss: 8.130e-03 | Regularization Loss: 0.000e+00 | Val Loss: 5.619e-02 | Time: 9.57s
2025-08-20 03:57:41,562:INFO:Epoch: 25200/40000 | Train Loss: 1.561e-02 | Dynamic Loss: 1.561e-02 | Regularization Loss: 0.000e+00 | Val Loss: 7.042e-02 | Time: 9.55s
2025-08-20 03:57:51,250:INFO:Epoch: 25250/40000 | Train Loss: 2.148e-02 | Dynamic Loss: 2.148e-02 | Regularization Loss: 0.000e+00 | Val Loss: 7.580e-02 | Time: 9.69s
2025-08-20 03:58:00,846:INFO:Epoch: 25300/40000 | Train Loss: 1.943e-02 | Dynamic Loss: 1.943e-02 | Regularization Loss: 0.000e+00 | Val Loss: 7.428e-02 | Time: 9.60s
2025-08-20 03:58:10,490:INFO:Epoch: 25350/40000 | Train Loss: 1.288e-02 | Dynamic Loss: 1.288e-02 | Regularization Loss: 0.000e+00 | Val Loss: 6.919e-02 | Time: 9.64s
2025-08-20 03:58:20,107:INFO:Epoch: 25400/40000 | Train Loss: 1.072e-02 | Dynamic Loss: 1.072e-02 | Regularization Loss: 0.000e+00 | Val Loss: 6.655e-02 | Time: 9.62s
2025-08-20 03:58:29,638:INFO:Epoch: 25450/40000 | Train Loss: 1.049e-02 | Dynamic Loss: 1.049e-02 | Regularization Loss: 0.000e+00 | Val Loss: 6.529e-02 | Time: 9.53s
2025-08-20 03:58:39,151:INFO:Epoch: 25500/40000 | Train Loss: 9.036e-03 | Dynamic Loss: 9.036e-03 | Regularization Loss: 0.000e+00 | Val Loss: 6.325e-02 | Time: 9.51s
2025-08-20 03:58:48,769:INFO:Epoch: 25550/40000 | Train Loss: 1.164e-02 | Dynamic Loss: 1.164e-02 | Regularization Loss: 0.000e+00 | Val Loss: 6.558e-02 | Time: 9.62s
2025-08-20 03:58:58,301:INFO:Epoch: 25600/40000 | Train Loss: 9.380e-03 | Dynamic Loss: 9.380e-03 | Regularization Loss: 0.000e+00 | Val Loss: 6.419e-02 | Time: 9.53s
2025-08-20 03:59:07,881:INFO:Epoch: 25650/40000 | Train Loss: 8.716e-03 | Dynamic Loss: 8.716e-03 | Regularization Loss: 0.000e+00 | Val Loss: 6.311e-02 | Time: 9.58s
2025-08-20 03:59:17,634:INFO:Epoch: 25700/40000 | Train Loss: 8.308e-03 | Dynamic Loss: 8.308e-03 | Regularization Loss: 0.000e+00 | Val Loss: 6.221e-02 | Time: 9.75s
2025-08-20 03:59:27,414:INFO:Epoch: 25750/40000 | Train Loss: 8.066e-03 | Dynamic Loss: 8.066e-03 | Regularization Loss: 0.000e+00 | Val Loss: 6.132e-02 | Time: 9.78s
2025-08-20 03:59:36,963:INFO:Epoch: 25800/40000 | Train Loss: 7.798e-03 | Dynamic Loss: 7.798e-03 | Regularization Loss: 0.000e+00 | Val Loss: 6.070e-02 | Time: 9.55s
2025-08-20 03:59:46,638:INFO:Epoch: 25850/40000 | Train Loss: 4.136e-01 | Dynamic Loss: 4.136e-01 | Regularization Loss: 0.000e+00 | Val Loss: 3.751e-01 | Time: 9.67s
2025-08-20 03:59:56,231:INFO:Epoch: 25900/40000 | Train Loss: 1.130e-02 | Dynamic Loss: 1.130e-02 | Regularization Loss: 0.000e+00 | Val Loss: 6.164e-02 | Time: 9.59s
2025-08-20 04:00:05,759:INFO:Epoch: 25950/40000 | Train Loss: 8.911e-03 | Dynamic Loss: 8.911e-03 | Regularization Loss: 0.000e+00 | Val Loss: 6.096e-02 | Time: 9.53s
2025-08-20 04:00:15,402:INFO:Epoch: 26000/40000 | Train Loss: 2.982e-02 | Dynamic Loss: 2.982e-02 | Regularization Loss: 0.000e+00 | Val Loss: 7.338e-02 | Time: 9.64s
2025-08-20 04:00:24,935:INFO:Epoch: 26050/40000 | Train Loss: 1.712e-02 | Dynamic Loss: 1.712e-02 | Regularization Loss: 0.000e+00 | Val Loss: 6.139e-02 | Time: 9.53s
2025-08-20 04:00:34,498:INFO:Epoch: 26100/40000 | Train Loss: 1.284e-02 | Dynamic Loss: 1.284e-02 | Regularization Loss: 0.000e+00 | Val Loss: 5.750e-02 | Time: 9.56s
2025-08-20 04:00:44,055:INFO:Epoch: 26150/40000 | Train Loss: 1.105e-02 | Dynamic Loss: 1.105e-02 | Regularization Loss: 0.000e+00 | Val Loss: 5.524e-02 | Time: 9.56s
2025-08-20 04:00:59,695:INFO:Epoch: 26200/40000 | Train Loss: 9.980e-03 | Dynamic Loss: 9.980e-03 | Regularization Loss: 0.000e+00 | Val Loss: 5.380e-02 | Time: 15.64s
2025-08-20 04:01:09,241:INFO:Epoch: 26250/40000 | Train Loss: 9.746e-03 | Dynamic Loss: 9.746e-03 | Regularization Loss: 0.000e+00 | Val Loss: 5.269e-02 | Time: 9.55s
2025-08-20 04:01:18,734:INFO:Epoch: 26300/40000 | Train Loss: 9.120e-03 | Dynamic Loss: 9.120e-03 | Regularization Loss: 0.000e+00 | Val Loss: 5.231e-02 | Time: 9.49s
2025-08-20 04:01:34,709:INFO:Epoch: 26350/40000 | Train Loss: 8.861e-03 | Dynamic Loss: 8.861e-03 | Regularization Loss: 0.000e+00 | Val Loss: 5.425e-02 | Time: 15.97s
2025-08-20 04:01:44,283:INFO:Epoch: 26400/40000 | Train Loss: 1.159e-02 | Dynamic Loss: 1.159e-02 | Regularization Loss: 0.000e+00 | Val Loss: 5.553e-02 | Time: 9.57s
2025-08-20 04:01:53,826:INFO:Epoch: 26450/40000 | Train Loss: 8.777e-03 | Dynamic Loss: 8.777e-03 | Regularization Loss: 0.000e+00 | Val Loss: 5.289e-02 | Time: 9.54s
2025-08-20 04:02:03,543:INFO:Epoch: 26500/40000 | Train Loss: 6.929e-01 | Dynamic Loss: 6.929e-01 | Regularization Loss: 0.000e+00 | Val Loss: 2.944e+00 | Time: 9.72s
2025-08-20 04:02:13,163:INFO:Epoch: 26550/40000 | Train Loss: 4.920e-01 | Dynamic Loss: 4.920e-01 | Regularization Loss: 0.000e+00 | Val Loss: 6.531e-01 | Time: 9.62s
2025-08-20 04:02:22,748:INFO:Epoch: 26600/40000 | Train Loss: 3.583e-01 | Dynamic Loss: 3.583e-01 | Regularization Loss: 0.000e+00 | Val Loss: 4.861e-01 | Time: 9.58s
2025-08-20 04:02:32,481:INFO:Epoch: 26650/40000 | Train Loss: 1.388e-01 | Dynamic Loss: 1.388e-01 | Regularization Loss: 0.000e+00 | Val Loss: 1.976e-01 | Time: 9.73s
2025-08-20 04:02:42,120:INFO:Epoch: 26700/40000 | Train Loss: 9.225e-02 | Dynamic Loss: 9.225e-02 | Regularization Loss: 0.000e+00 | Val Loss: 1.449e-01 | Time: 9.64s
2025-08-20 04:02:51,875:INFO:Epoch: 26750/40000 | Train Loss: 6.928e-02 | Dynamic Loss: 6.928e-02 | Regularization Loss: 0.000e+00 | Val Loss: 1.170e-01 | Time: 9.75s
2025-08-20 04:03:01,459:INFO:Epoch: 26800/40000 | Train Loss: 5.514e-02 | Dynamic Loss: 5.514e-02 | Regularization Loss: 0.000e+00 | Val Loss: 1.017e-01 | Time: 9.58s
2025-08-20 04:03:15,740:INFO:Epoch: 26850/40000 | Train Loss: 1.511e+00 | Dynamic Loss: 1.511e+00 | Regularization Loss: 0.000e+00 | Val Loss: 1.666e+00 | Time: 14.28s
2025-08-20 04:03:25,310:INFO:Epoch: 26900/40000 | Train Loss: 7.207e-02 | Dynamic Loss: 7.207e-02 | Regularization Loss: 0.000e+00 | Val Loss: 1.365e-01 | Time: 9.57s
2025-08-20 04:03:34,897:INFO:Epoch: 26950/40000 | Train Loss: 4.912e-02 | Dynamic Loss: 4.912e-02 | Regularization Loss: 0.000e+00 | Val Loss: 1.062e-01 | Time: 9.59s
2025-08-20 04:03:44,508:INFO:Epoch: 27000/40000 | Train Loss: 4.492e-02 | Dynamic Loss: 4.492e-02 | Regularization Loss: 0.000e+00 | Val Loss: 1.014e-01 | Time: 9.61s
2025-08-20 04:03:54,185:INFO:Epoch: 27050/40000 | Train Loss: 3.745e-02 | Dynamic Loss: 3.745e-02 | Regularization Loss: 0.000e+00 | Val Loss: 9.247e-02 | Time: 9.68s
2025-08-20 04:04:03,766:INFO:Epoch: 27100/40000 | Train Loss: 3.611e-02 | Dynamic Loss: 3.611e-02 | Regularization Loss: 0.000e+00 | Val Loss: 9.052e-02 | Time: 9.58s
2025-08-20 04:04:13,484:INFO:Epoch: 27150/40000 | Train Loss: 2.936e-02 | Dynamic Loss: 2.936e-02 | Regularization Loss: 0.000e+00 | Val Loss: 8.296e-02 | Time: 9.72s
2025-08-20 04:04:23,115:INFO:Epoch: 27200/40000 | Train Loss: 2.644e-02 | Dynamic Loss: 2.644e-02 | Regularization Loss: 0.000e+00 | Val Loss: 7.958e-02 | Time: 9.63s
2025-08-20 04:04:32,714:INFO:Epoch: 27250/40000 | Train Loss: 2.560e-02 | Dynamic Loss: 2.560e-02 | Regularization Loss: 0.000e+00 | Val Loss: 7.649e-02 | Time: 9.60s
2025-08-20 04:04:42,387:INFO:Epoch: 27300/40000 | Train Loss: 2.280e-02 | Dynamic Loss: 2.280e-02 | Regularization Loss: 0.000e+00 | Val Loss: 7.558e-02 | Time: 9.67s
2025-08-20 04:04:52,029:INFO:Epoch: 27350/40000 | Train Loss: 2.002e-02 | Dynamic Loss: 2.002e-02 | Regularization Loss: 0.000e+00 | Val Loss: 7.132e-02 | Time: 9.64s
2025-08-20 04:05:01,603:INFO:Epoch: 27400/40000 | Train Loss: 8.330e-02 | Dynamic Loss: 8.330e-02 | Regularization Loss: 0.000e+00 | Val Loss: 1.475e-01 | Time: 9.57s
2025-08-20 04:05:11,154:INFO:Epoch: 27450/40000 | Train Loss: 2.509e-02 | Dynamic Loss: 2.509e-02 | Regularization Loss: 0.000e+00 | Val Loss: 8.683e-02 | Time: 9.55s
2025-08-20 04:05:29,578:INFO:Epoch: 27500/40000 | Train Loss: 2.051e-02 | Dynamic Loss: 2.051e-02 | Regularization Loss: 0.000e+00 | Val Loss: 8.009e-02 | Time: 18.42s
2025-08-20 04:05:39,132:INFO:Epoch: 27550/40000 | Train Loss: 1.826e-02 | Dynamic Loss: 1.826e-02 | Regularization Loss: 0.000e+00 | Val Loss: 7.719e-02 | Time: 9.55s
2025-08-20 04:05:48,703:INFO:Epoch: 27600/40000 | Train Loss: 1.667e-02 | Dynamic Loss: 1.667e-02 | Regularization Loss: 0.000e+00 | Val Loss: 7.351e-02 | Time: 9.57s
2025-08-20 04:06:02,142:INFO:Epoch: 27650/40000 | Train Loss: 1.541e-02 | Dynamic Loss: 1.541e-02 | Regularization Loss: 0.000e+00 | Val Loss: 7.115e-02 | Time: 13.44s
2025-08-20 04:06:11,741:INFO:Epoch: 27700/40000 | Train Loss: 1.399e-02 | Dynamic Loss: 1.399e-02 | Regularization Loss: 0.000e+00 | Val Loss: 7.011e-02 | Time: 9.60s
2025-08-20 04:06:21,460:INFO:Epoch: 27750/40000 | Train Loss: 1.301e-02 | Dynamic Loss: 1.301e-02 | Regularization Loss: 0.000e+00 | Val Loss: 6.953e-02 | Time: 9.72s
2025-08-20 04:06:31,160:INFO:Epoch: 27800/40000 | Train Loss: 1.227e-02 | Dynamic Loss: 1.227e-02 | Regularization Loss: 0.000e+00 | Val Loss: 6.770e-02 | Time: 9.70s
2025-08-20 04:06:40,787:INFO:Epoch: 27850/40000 | Train Loss: 1.192e-02 | Dynamic Loss: 1.192e-02 | Regularization Loss: 0.000e+00 | Val Loss: 6.826e-02 | Time: 9.63s
2025-08-20 04:06:50,464:INFO:Epoch: 27900/40000 | Train Loss: 1.209e-02 | Dynamic Loss: 1.209e-02 | Regularization Loss: 0.000e+00 | Val Loss: 7.087e-02 | Time: 9.68s
2025-08-20 04:07:00,002:INFO:Epoch: 27950/40000 | Train Loss: 1.108e-02 | Dynamic Loss: 1.108e-02 | Regularization Loss: 0.000e+00 | Val Loss: 6.857e-02 | Time: 9.54s
2025-08-20 04:07:18,020:INFO:Epoch: 28000/40000 | Train Loss: 1.265e-02 | Dynamic Loss: 1.265e-02 | Regularization Loss: 0.000e+00 | Val Loss: 6.638e-02 | Time: 18.02s
2025-08-20 04:07:27,663:INFO:Epoch: 28050/40000 | Train Loss: 1.085e-02 | Dynamic Loss: 1.085e-02 | Regularization Loss: 0.000e+00 | Val Loss: 6.705e-02 | Time: 9.64s
2025-08-20 04:07:37,249:INFO:Epoch: 28100/40000 | Train Loss: 1.047e-02 | Dynamic Loss: 1.047e-02 | Regularization Loss: 0.000e+00 | Val Loss: 6.739e-02 | Time: 9.58s
2025-08-20 04:07:54,437:INFO:Epoch: 28150/40000 | Train Loss: 9.692e-03 | Dynamic Loss: 9.692e-03 | Regularization Loss: 0.000e+00 | Val Loss: 6.685e-02 | Time: 17.19s
2025-08-20 04:08:04,093:INFO:Epoch: 28200/40000 | Train Loss: 1.002e-02 | Dynamic Loss: 1.002e-02 | Regularization Loss: 0.000e+00 | Val Loss: 6.525e-02 | Time: 9.66s
2025-08-20 04:08:13,626:INFO:Epoch: 28250/40000 | Train Loss: 9.370e-03 | Dynamic Loss: 9.370e-03 | Regularization Loss: 0.000e+00 | Val Loss: 6.684e-02 | Time: 9.53s
2025-08-20 04:08:23,409:INFO:Epoch: 28300/40000 | Train Loss: 1.037e-02 | Dynamic Loss: 1.037e-02 | Regularization Loss: 0.000e+00 | Val Loss: 7.111e-02 | Time: 9.78s
2025-08-20 04:08:32,959:INFO:Epoch: 28350/40000 | Train Loss: 1.325e-02 | Dynamic Loss: 1.325e-02 | Regularization Loss: 0.000e+00 | Val Loss: 7.043e-02 | Time: 9.55s
2025-08-20 04:08:42,517:INFO:Epoch: 28400/40000 | Train Loss: 9.465e-03 | Dynamic Loss: 9.465e-03 | Regularization Loss: 0.000e+00 | Val Loss: 6.616e-02 | Time: 9.56s
2025-08-20 04:08:52,063:INFO:Epoch: 28450/40000 | Train Loss: 8.962e-03 | Dynamic Loss: 8.962e-03 | Regularization Loss: 0.000e+00 | Val Loss: 6.452e-02 | Time: 9.55s
2025-08-20 04:09:09,432:INFO:Epoch: 28500/40000 | Train Loss: 8.654e-03 | Dynamic Loss: 8.654e-03 | Regularization Loss: 0.000e+00 | Val Loss: 6.461e-02 | Time: 17.37s
2025-08-20 04:09:18,988:INFO:Epoch: 28550/40000 | Train Loss: 9.318e-03 | Dynamic Loss: 9.318e-03 | Regularization Loss: 0.000e+00 | Val Loss: 6.383e-02 | Time: 9.56s
2025-08-20 04:09:28,537:INFO:Epoch: 28600/40000 | Train Loss: 2.188e-02 | Dynamic Loss: 2.188e-02 | Regularization Loss: 0.000e+00 | Val Loss: 7.789e-02 | Time: 9.55s
2025-08-20 04:09:38,113:INFO:Epoch: 28650/40000 | Train Loss: 1.108e-02 | Dynamic Loss: 1.108e-02 | Regularization Loss: 0.000e+00 | Val Loss: 6.819e-02 | Time: 9.58s
2025-08-20 04:09:47,655:INFO:Epoch: 28700/40000 | Train Loss: 9.918e-03 | Dynamic Loss: 9.918e-03 | Regularization Loss: 0.000e+00 | Val Loss: 6.644e-02 | Time: 9.54s
2025-08-20 04:09:57,281:INFO:Epoch: 28750/40000 | Train Loss: 8.677e-03 | Dynamic Loss: 8.677e-03 | Regularization Loss: 0.000e+00 | Val Loss: 6.459e-02 | Time: 9.63s
2025-08-20 04:10:07,065:INFO:Epoch: 28800/40000 | Train Loss: 8.291e-03 | Dynamic Loss: 8.291e-03 | Regularization Loss: 0.000e+00 | Val Loss: 6.334e-02 | Time: 9.78s
2025-08-20 04:10:16,651:INFO:Epoch: 28850/40000 | Train Loss: 8.608e-03 | Dynamic Loss: 8.608e-03 | Regularization Loss: 0.000e+00 | Val Loss: 6.364e-02 | Time: 9.59s
2025-08-20 04:10:26,397:INFO:Epoch: 28900/40000 | Train Loss: 7.940e-03 | Dynamic Loss: 7.940e-03 | Regularization Loss: 0.000e+00 | Val Loss: 6.326e-02 | Time: 9.75s
2025-08-20 04:10:35,919:INFO:Epoch: 28950/40000 | Train Loss: 7.878e-03 | Dynamic Loss: 7.878e-03 | Regularization Loss: 0.000e+00 | Val Loss: 6.349e-02 | Time: 9.52s
2025-08-20 04:10:48,555:INFO:Epoch: 29000/40000 | Train Loss: 7.656e-03 | Dynamic Loss: 7.656e-03 | Regularization Loss: 0.000e+00 | Val Loss: 6.129e-02 | Time: 12.64s
2025-08-20 04:10:58,171:INFO:Epoch: 29050/40000 | Train Loss: 7.501e-03 | Dynamic Loss: 7.501e-03 | Regularization Loss: 0.000e+00 | Val Loss: 6.328e-02 | Time: 9.62s
2025-08-20 04:11:07,832:INFO:Epoch: 29100/40000 | Train Loss: 3.432e-02 | Dynamic Loss: 3.432e-02 | Regularization Loss: 0.000e+00 | Val Loss: 9.603e-02 | Time: 9.66s
2025-08-20 04:11:22,946:INFO:Epoch: 29150/40000 | Train Loss: 1.953e-02 | Dynamic Loss: 1.953e-02 | Regularization Loss: 0.000e+00 | Val Loss: 8.139e-02 | Time: 15.11s
2025-08-20 04:11:32,469:INFO:Epoch: 29200/40000 | Train Loss: 1.564e-02 | Dynamic Loss: 1.564e-02 | Regularization Loss: 0.000e+00 | Val Loss: 7.573e-02 | Time: 9.52s
2025-08-20 04:11:42,046:INFO:Epoch: 29250/40000 | Train Loss: 1.351e-02 | Dynamic Loss: 1.351e-02 | Regularization Loss: 0.000e+00 | Val Loss: 7.197e-02 | Time: 9.58s
2025-08-20 04:11:53,781:INFO:Epoch: 29300/40000 | Train Loss: 1.205e-02 | Dynamic Loss: 1.205e-02 | Regularization Loss: 0.000e+00 | Val Loss: 6.978e-02 | Time: 11.74s
2025-08-20 04:12:03,430:INFO:Epoch: 29350/40000 | Train Loss: 1.105e-02 | Dynamic Loss: 1.105e-02 | Regularization Loss: 0.000e+00 | Val Loss: 6.825e-02 | Time: 9.65s
2025-08-20 04:12:12,974:INFO:Epoch: 29400/40000 | Train Loss: 1.020e-02 | Dynamic Loss: 1.020e-02 | Regularization Loss: 0.000e+00 | Val Loss: 6.682e-02 | Time: 9.54s
2025-08-20 04:12:22,619:INFO:Epoch: 29450/40000 | Train Loss: 9.723e-03 | Dynamic Loss: 9.723e-03 | Regularization Loss: 0.000e+00 | Val Loss: 6.693e-02 | Time: 9.65s
2025-08-20 04:12:32,272:INFO:Epoch: 29500/40000 | Train Loss: 9.026e-03 | Dynamic Loss: 9.026e-03 | Regularization Loss: 0.000e+00 | Val Loss: 6.520e-02 | Time: 9.65s
2025-08-20 04:12:41,833:INFO:Epoch: 29550/40000 | Train Loss: 8.528e-03 | Dynamic Loss: 8.528e-03 | Regularization Loss: 0.000e+00 | Val Loss: 6.514e-02 | Time: 9.56s
2025-08-20 04:12:51,379:INFO:Epoch: 29600/40000 | Train Loss: 1.006e-02 | Dynamic Loss: 1.006e-02 | Regularization Loss: 0.000e+00 | Val Loss: 6.471e-02 | Time: 9.55s
2025-08-20 04:13:08,021:INFO:Epoch: 29650/40000 | Train Loss: 8.323e-03 | Dynamic Loss: 8.323e-03 | Regularization Loss: 0.000e+00 | Val Loss: 6.236e-02 | Time: 16.64s
2025-08-20 04:13:17,562:INFO:Epoch: 29700/40000 | Train Loss: 7.943e-03 | Dynamic Loss: 7.943e-03 | Regularization Loss: 0.000e+00 | Val Loss: 6.111e-02 | Time: 9.54s
2025-08-20 04:13:27,236:INFO:Epoch: 29750/40000 | Train Loss: 7.708e-03 | Dynamic Loss: 7.708e-03 | Regularization Loss: 0.000e+00 | Val Loss: 6.037e-02 | Time: 9.67s
2025-08-20 04:13:36,932:INFO:Epoch: 29800/40000 | Train Loss: 8.311e-03 | Dynamic Loss: 8.311e-03 | Regularization Loss: 0.000e+00 | Val Loss: 6.074e-02 | Time: 9.70s
2025-08-20 04:13:46,590:INFO:Epoch: 29850/40000 | Train Loss: 7.209e-03 | Dynamic Loss: 7.209e-03 | Regularization Loss: 0.000e+00 | Val Loss: 6.044e-02 | Time: 9.66s
2025-08-20 04:13:56,179:INFO:Epoch: 29900/40000 | Train Loss: 6.869e-03 | Dynamic Loss: 6.869e-03 | Regularization Loss: 0.000e+00 | Val Loss: 5.989e-02 | Time: 9.59s
2025-08-20 04:14:05,828:INFO:Epoch: 29950/40000 | Train Loss: 8.072e-03 | Dynamic Loss: 8.072e-03 | Regularization Loss: 0.000e+00 | Val Loss: 6.170e-02 | Time: 9.65s
2025-08-20 04:14:23,689:INFO:Epoch: 30000/40000 | Train Loss: 7.000e-03 | Dynamic Loss: 7.000e-03 | Regularization Loss: 0.000e+00 | Val Loss: 6.099e-02 | Time: 17.86s
2025-08-20 04:14:33,292:INFO:Epoch: 30050/40000 | Train Loss: 6.609e-03 | Dynamic Loss: 6.609e-03 | Regularization Loss: 0.000e+00 | Val Loss: 5.992e-02 | Time: 9.60s
2025-08-20 04:14:42,905:INFO:Epoch: 30100/40000 | Train Loss: 8.074e-03 | Dynamic Loss: 8.074e-03 | Regularization Loss: 0.000e+00 | Val Loss: 6.063e-02 | Time: 9.61s
2025-08-20 04:14:54,271:INFO:Epoch: 30150/40000 | Train Loss: 7.194e-03 | Dynamic Loss: 7.194e-03 | Regularization Loss: 0.000e+00 | Val Loss: 6.174e-02 | Time: 11.37s
2025-08-20 04:15:03,855:INFO:Epoch: 30200/40000 | Train Loss: 6.145e-03 | Dynamic Loss: 6.145e-03 | Regularization Loss: 0.000e+00 | Val Loss: 5.974e-02 | Time: 9.58s
2025-08-20 04:15:13,395:INFO:Epoch: 30250/40000 | Train Loss: 6.001e-03 | Dynamic Loss: 6.001e-03 | Regularization Loss: 0.000e+00 | Val Loss: 5.892e-02 | Time: 9.54s
2025-08-20 04:15:23,103:INFO:Epoch: 30300/40000 | Train Loss: 7.072e-03 | Dynamic Loss: 7.072e-03 | Regularization Loss: 0.000e+00 | Val Loss: 5.960e-02 | Time: 9.71s
2025-08-20 04:15:32,633:INFO:Epoch: 30350/40000 | Train Loss: 6.720e-03 | Dynamic Loss: 6.720e-03 | Regularization Loss: 0.000e+00 | Val Loss: 5.898e-02 | Time: 9.53s
2025-08-20 04:15:42,185:INFO:Epoch: 30400/40000 | Train Loss: 7.131e-03 | Dynamic Loss: 7.131e-03 | Regularization Loss: 0.000e+00 | Val Loss: 5.877e-02 | Time: 9.55s
2025-08-20 04:15:51,754:INFO:Epoch: 30450/40000 | Train Loss: 8.254e-03 | Dynamic Loss: 8.254e-03 | Regularization Loss: 0.000e+00 | Val Loss: 6.345e-02 | Time: 9.57s
2025-08-20 04:16:09,515:INFO:Epoch: 30500/40000 | Train Loss: 6.215e-03 | Dynamic Loss: 6.215e-03 | Regularization Loss: 0.000e+00 | Val Loss: 6.022e-02 | Time: 17.76s
2025-08-20 04:16:19,104:INFO:Epoch: 30550/40000 | Train Loss: 5.966e-03 | Dynamic Loss: 5.966e-03 | Regularization Loss: 0.000e+00 | Val Loss: 5.878e-02 | Time: 9.59s
2025-08-20 04:16:28,648:INFO:Epoch: 30600/40000 | Train Loss: 5.780e-03 | Dynamic Loss: 5.780e-03 | Regularization Loss: 0.000e+00 | Val Loss: 5.883e-02 | Time: 9.54s
2025-08-20 04:16:39,861:INFO:Epoch: 30650/40000 | Train Loss: 6.598e-03 | Dynamic Loss: 6.598e-03 | Regularization Loss: 0.000e+00 | Val Loss: 6.000e-02 | Time: 11.21s
2025-08-20 04:16:49,676:INFO:Epoch: 30700/40000 | Train Loss: 3.926e-02 | Dynamic Loss: 3.926e-02 | Regularization Loss: 0.000e+00 | Val Loss: 8.897e-02 | Time: 9.82s
2025-08-20 04:16:59,331:INFO:Epoch: 30750/40000 | Train Loss: 1.723e-01 | Dynamic Loss: 1.723e-01 | Regularization Loss: 0.000e+00 | Val Loss: 2.252e-01 | Time: 9.65s
2025-08-20 04:17:09,003:INFO:Epoch: 30800/40000 | Train Loss: 3.907e-02 | Dynamic Loss: 3.907e-02 | Regularization Loss: 0.000e+00 | Val Loss: 9.654e-02 | Time: 9.67s
2025-08-20 04:17:18,670:INFO:Epoch: 30850/40000 | Train Loss: 3.746e-02 | Dynamic Loss: 3.746e-02 | Regularization Loss: 0.000e+00 | Val Loss: 9.286e-02 | Time: 9.67s
2025-08-20 04:17:28,252:INFO:Epoch: 30900/40000 | Train Loss: 2.491e-02 | Dynamic Loss: 2.491e-02 | Regularization Loss: 0.000e+00 | Val Loss: 7.750e-02 | Time: 9.58s
2025-08-20 04:17:37,897:INFO:Epoch: 30950/40000 | Train Loss: 1.895e-02 | Dynamic Loss: 1.895e-02 | Regularization Loss: 0.000e+00 | Val Loss: 7.012e-02 | Time: 9.64s
2025-08-20 04:17:47,515:INFO:Epoch: 31000/40000 | Train Loss: 1.514e-02 | Dynamic Loss: 1.514e-02 | Regularization Loss: 0.000e+00 | Val Loss: 6.520e-02 | Time: 9.62s
2025-08-20 04:17:57,157:INFO:Epoch: 31050/40000 | Train Loss: 1.263e-02 | Dynamic Loss: 1.263e-02 | Regularization Loss: 0.000e+00 | Val Loss: 6.205e-02 | Time: 9.64s
2025-08-20 04:18:06,666:INFO:Epoch: 31100/40000 | Train Loss: 1.086e-02 | Dynamic Loss: 1.086e-02 | Regularization Loss: 0.000e+00 | Val Loss: 5.966e-02 | Time: 9.51s
2025-08-20 04:18:17,827:INFO:Epoch: 31150/40000 | Train Loss: 9.558e-03 | Dynamic Loss: 9.558e-03 | Regularization Loss: 0.000e+00 | Val Loss: 5.773e-02 | Time: 11.16s
2025-08-20 04:18:27,350:INFO:Epoch: 31200/40000 | Train Loss: 8.800e-03 | Dynamic Loss: 8.800e-03 | Regularization Loss: 0.000e+00 | Val Loss: 5.724e-02 | Time: 9.52s
2025-08-20 04:18:36,996:INFO:Epoch: 31250/40000 | Train Loss: 9.060e-03 | Dynamic Loss: 9.060e-03 | Regularization Loss: 0.000e+00 | Val Loss: 5.893e-02 | Time: 9.65s
2025-08-20 04:18:53,228:INFO:Epoch: 31300/40000 | Train Loss: 7.920e-03 | Dynamic Loss: 7.920e-03 | Regularization Loss: 0.000e+00 | Val Loss: 5.611e-02 | Time: 16.23s
2025-08-20 04:19:02,773:INFO:Epoch: 31350/40000 | Train Loss: 7.469e-03 | Dynamic Loss: 7.469e-03 | Regularization Loss: 0.000e+00 | Val Loss: 5.372e-02 | Time: 9.54s
2025-08-20 04:19:12,334:INFO:Epoch: 31400/40000 | Train Loss: 7.443e-03 | Dynamic Loss: 7.443e-03 | Regularization Loss: 0.000e+00 | Val Loss: 5.374e-02 | Time: 9.56s
2025-08-20 04:19:21,922:INFO:Epoch: 31450/40000 | Train Loss: 4.815e-02 | Dynamic Loss: 4.815e-02 | Regularization Loss: 0.000e+00 | Val Loss: 9.993e-02 | Time: 9.59s
2025-08-20 04:19:31,469:INFO:Epoch: 31500/40000 | Train Loss: 2.279e-02 | Dynamic Loss: 2.279e-02 | Regularization Loss: 0.000e+00 | Val Loss: 7.046e-02 | Time: 9.55s
2025-08-20 04:19:41,123:INFO:Epoch: 31550/40000 | Train Loss: 1.441e-02 | Dynamic Loss: 1.441e-02 | Regularization Loss: 0.000e+00 | Val Loss: 6.121e-02 | Time: 9.65s
2025-08-20 04:19:50,612:INFO:Epoch: 31600/40000 | Train Loss: 1.077e-02 | Dynamic Loss: 1.077e-02 | Regularization Loss: 0.000e+00 | Val Loss: 5.606e-02 | Time: 9.49s
2025-08-20 04:20:03,257:INFO:Epoch: 31650/40000 | Train Loss: 9.106e-03 | Dynamic Loss: 9.106e-03 | Regularization Loss: 0.000e+00 | Val Loss: 5.419e-02 | Time: 12.64s
2025-08-20 04:20:12,858:INFO:Epoch: 31700/40000 | Train Loss: 8.303e-03 | Dynamic Loss: 8.303e-03 | Regularization Loss: 0.000e+00 | Val Loss: 5.339e-02 | Time: 9.60s
2025-08-20 04:20:22,406:INFO:Epoch: 31750/40000 | Train Loss: 9.905e-03 | Dynamic Loss: 9.905e-03 | Regularization Loss: 0.000e+00 | Val Loss: 5.394e-02 | Time: 9.55s
2025-08-20 04:20:37,806:INFO:Epoch: 31800/40000 | Train Loss: 7.455e-03 | Dynamic Loss: 7.455e-03 | Regularization Loss: 0.000e+00 | Val Loss: 5.283e-02 | Time: 15.40s
2025-08-20 04:20:47,358:INFO:Epoch: 31850/40000 | Train Loss: 7.514e-03 | Dynamic Loss: 7.514e-03 | Regularization Loss: 0.000e+00 | Val Loss: 5.386e-02 | Time: 9.55s
2025-08-20 04:20:56,971:INFO:Epoch: 31900/40000 | Train Loss: 7.510e-03 | Dynamic Loss: 7.510e-03 | Regularization Loss: 0.000e+00 | Val Loss: 5.414e-02 | Time: 9.61s
2025-08-20 04:21:08,335:INFO:Epoch: 31950/40000 | Train Loss: 7.552e-03 | Dynamic Loss: 7.552e-03 | Regularization Loss: 0.000e+00 | Val Loss: 5.445e-02 | Time: 11.36s
2025-08-20 04:21:17,875:INFO:Epoch: 32000/40000 | Train Loss: 6.343e-03 | Dynamic Loss: 6.343e-03 | Regularization Loss: 0.000e+00 | Val Loss: 5.249e-02 | Time: 9.54s
2025-08-20 04:21:27,407:INFO:Epoch: 32050/40000 | Train Loss: 6.720e-03 | Dynamic Loss: 6.720e-03 | Regularization Loss: 0.000e+00 | Val Loss: 5.452e-02 | Time: 9.53s
2025-08-20 04:21:37,203:INFO:Epoch: 32100/40000 | Train Loss: 6.950e-03 | Dynamic Loss: 6.950e-03 | Regularization Loss: 0.000e+00 | Val Loss: 5.344e-02 | Time: 9.80s
2025-08-20 04:21:46,801:INFO:Epoch: 32150/40000 | Train Loss: 9.107e-03 | Dynamic Loss: 9.107e-03 | Regularization Loss: 0.000e+00 | Val Loss: 5.408e-02 | Time: 9.60s
2025-08-20 04:21:56,556:INFO:Epoch: 32200/40000 | Train Loss: 7.991e-03 | Dynamic Loss: 7.991e-03 | Regularization Loss: 0.000e+00 | Val Loss: 5.429e-02 | Time: 9.75s
2025-08-20 04:22:06,117:INFO:Epoch: 32250/40000 | Train Loss: 1.238e-02 | Dynamic Loss: 1.238e-02 | Regularization Loss: 0.000e+00 | Val Loss: 6.535e-02 | Time: 9.56s
2025-08-20 04:22:23,120:INFO:Epoch: 32300/40000 | Train Loss: 8.767e-03 | Dynamic Loss: 8.767e-03 | Regularization Loss: 0.000e+00 | Val Loss: 5.511e-02 | Time: 17.00s
2025-08-20 04:22:32,778:INFO:Epoch: 32350/40000 | Train Loss: 8.103e-03 | Dynamic Loss: 8.103e-03 | Regularization Loss: 0.000e+00 | Val Loss: 5.512e-02 | Time: 9.66s
2025-08-20 04:22:42,357:INFO:Epoch: 32400/40000 | Train Loss: 3.068e-02 | Dynamic Loss: 3.068e-02 | Regularization Loss: 0.000e+00 | Val Loss: 9.030e-02 | Time: 9.58s
2025-08-20 04:22:51,982:INFO:Epoch: 32450/40000 | Train Loss: 1.579e-02 | Dynamic Loss: 1.579e-02 | Regularization Loss: 0.000e+00 | Val Loss: 7.168e-02 | Time: 9.62s
2025-08-20 04:23:01,544:INFO:Epoch: 32500/40000 | Train Loss: 1.119e-02 | Dynamic Loss: 1.119e-02 | Regularization Loss: 0.000e+00 | Val Loss: 6.851e-02 | Time: 9.56s
2025-08-20 04:23:11,069:INFO:Epoch: 32550/40000 | Train Loss: 1.012e-02 | Dynamic Loss: 1.012e-02 | Regularization Loss: 0.000e+00 | Val Loss: 6.765e-02 | Time: 9.52s
2025-08-20 04:23:20,689:INFO:Epoch: 32600/40000 | Train Loss: 9.007e-03 | Dynamic Loss: 9.007e-03 | Regularization Loss: 0.000e+00 | Val Loss: 6.846e-02 | Time: 9.62s
2025-08-20 04:23:30,212:INFO:Epoch: 32650/40000 | Train Loss: 7.583e-03 | Dynamic Loss: 7.583e-03 | Regularization Loss: 0.000e+00 | Val Loss: 6.342e-02 | Time: 9.52s
2025-08-20 04:23:39,842:INFO:Epoch: 32700/40000 | Train Loss: 7.684e-03 | Dynamic Loss: 7.684e-03 | Regularization Loss: 0.000e+00 | Val Loss: 6.192e-02 | Time: 9.63s
2025-08-20 04:23:49,398:INFO:Epoch: 32750/40000 | Train Loss: 7.072e-03 | Dynamic Loss: 7.072e-03 | Regularization Loss: 0.000e+00 | Val Loss: 6.372e-02 | Time: 9.56s
2025-08-20 04:23:59,566:INFO:Epoch: 32800/40000 | Train Loss: 6.516e-01 | Dynamic Loss: 6.516e-01 | Regularization Loss: 0.000e+00 | Val Loss: 9.852e-01 | Time: 10.17s
2025-08-20 04:24:09,228:INFO:Epoch: 32850/40000 | Train Loss: 1.621e-02 | Dynamic Loss: 1.621e-02 | Regularization Loss: 0.000e+00 | Val Loss: 7.146e-02 | Time: 9.66s
2025-08-20 04:24:18,785:INFO:Epoch: 32900/40000 | Train Loss: 9.964e-03 | Dynamic Loss: 9.964e-03 | Regularization Loss: 0.000e+00 | Val Loss: 6.602e-02 | Time: 9.56s
2025-08-20 04:24:35,845:INFO:Epoch: 32950/40000 | Train Loss: 7.968e-03 | Dynamic Loss: 7.968e-03 | Regularization Loss: 0.000e+00 | Val Loss: 6.389e-02 | Time: 17.06s
2025-08-20 04:24:45,406:INFO:Epoch: 33000/40000 | Train Loss: 6.966e-03 | Dynamic Loss: 6.966e-03 | Regularization Loss: 0.000e+00 | Val Loss: 6.261e-02 | Time: 9.56s
2025-08-20 04:24:55,009:INFO:Epoch: 33050/40000 | Train Loss: 6.503e-03 | Dynamic Loss: 6.503e-03 | Regularization Loss: 0.000e+00 | Val Loss: 6.228e-02 | Time: 9.60s
2025-08-20 04:25:06,208:INFO:Epoch: 33100/40000 | Train Loss: 6.155e-03 | Dynamic Loss: 6.155e-03 | Regularization Loss: 0.000e+00 | Val Loss: 6.173e-02 | Time: 11.20s
2025-08-20 04:25:15,769:INFO:Epoch: 33150/40000 | Train Loss: 6.290e-03 | Dynamic Loss: 6.290e-03 | Regularization Loss: 0.000e+00 | Val Loss: 6.158e-02 | Time: 9.56s
2025-08-20 04:25:25,317:INFO:Epoch: 33200/40000 | Train Loss: 6.057e-03 | Dynamic Loss: 6.057e-03 | Regularization Loss: 0.000e+00 | Val Loss: 6.123e-02 | Time: 9.55s
2025-08-20 04:25:34,982:INFO:Epoch: 33250/40000 | Train Loss: 6.024e-03 | Dynamic Loss: 6.024e-03 | Regularization Loss: 0.000e+00 | Val Loss: 6.093e-02 | Time: 9.66s
2025-08-20 04:25:44,666:INFO:Epoch: 33300/40000 | Train Loss: 7.404e-03 | Dynamic Loss: 7.404e-03 | Regularization Loss: 0.000e+00 | Val Loss: 6.050e-02 | Time: 9.68s
2025-08-20 04:25:54,236:INFO:Epoch: 33350/40000 | Train Loss: 5.372e-03 | Dynamic Loss: 5.372e-03 | Regularization Loss: 0.000e+00 | Val Loss: 6.021e-02 | Time: 9.57s
2025-08-20 04:26:03,870:INFO:Epoch: 33400/40000 | Train Loss: 6.110e-03 | Dynamic Loss: 6.110e-03 | Regularization Loss: 0.000e+00 | Val Loss: 6.152e-02 | Time: 9.63s
2025-08-20 04:26:13,439:INFO:Epoch: 33450/40000 | Train Loss: 6.575e-03 | Dynamic Loss: 6.575e-03 | Regularization Loss: 0.000e+00 | Val Loss: 6.039e-02 | Time: 9.57s
2025-08-20 04:26:22,992:INFO:Epoch: 33500/40000 | Train Loss: 5.395e-03 | Dynamic Loss: 5.395e-03 | Regularization Loss: 0.000e+00 | Val Loss: 6.044e-02 | Time: 9.55s
2025-08-20 04:26:32,508:INFO:Epoch: 33550/40000 | Train Loss: 5.020e-03 | Dynamic Loss: 5.020e-03 | Regularization Loss: 0.000e+00 | Val Loss: 5.976e-02 | Time: 9.52s
2025-08-20 04:26:47,628:INFO:Epoch: 33600/40000 | Train Loss: 5.053e-03 | Dynamic Loss: 5.053e-03 | Regularization Loss: 0.000e+00 | Val Loss: 5.973e-02 | Time: 15.12s
2025-08-20 04:26:57,278:INFO:Epoch: 33650/40000 | Train Loss: 1.999e-02 | Dynamic Loss: 1.999e-02 | Regularization Loss: 0.000e+00 | Val Loss: 8.204e-02 | Time: 9.65s
2025-08-20 04:27:06,826:INFO:Epoch: 33700/40000 | Train Loss: 4.730e-03 | Dynamic Loss: 4.730e-03 | Regularization Loss: 0.000e+00 | Val Loss: 5.960e-02 | Time: 9.55s
2025-08-20 04:27:19,863:INFO:Epoch: 33750/40000 | Train Loss: 4.800e-03 | Dynamic Loss: 4.800e-03 | Regularization Loss: 0.000e+00 | Val Loss: 5.955e-02 | Time: 13.04s
2025-08-20 04:27:29,465:INFO:Epoch: 33800/40000 | Train Loss: 6.893e-03 | Dynamic Loss: 6.893e-03 | Regularization Loss: 0.000e+00 | Val Loss: 6.059e-02 | Time: 9.60s
2025-08-20 04:27:39,114:INFO:Epoch: 33850/40000 | Train Loss: 4.859e-03 | Dynamic Loss: 4.859e-03 | Regularization Loss: 0.000e+00 | Val Loss: 6.047e-02 | Time: 9.65s
2025-08-20 04:27:48,822:INFO:Epoch: 33900/40000 | Train Loss: 7.507e-03 | Dynamic Loss: 7.507e-03 | Regularization Loss: 0.000e+00 | Val Loss: 6.034e-02 | Time: 9.71s
2025-08-20 04:27:58,399:INFO:Epoch: 33950/40000 | Train Loss: 4.472e-03 | Dynamic Loss: 4.472e-03 | Regularization Loss: 0.000e+00 | Val Loss: 5.940e-02 | Time: 9.58s
2025-08-20 04:28:07,961:INFO:Epoch: 34000/40000 | Train Loss: 1.121e-02 | Dynamic Loss: 1.121e-02 | Regularization Loss: 0.000e+00 | Val Loss: 6.364e-02 | Time: 9.56s
2025-08-20 04:28:17,654:INFO:Epoch: 34050/40000 | Train Loss: 4.714e-03 | Dynamic Loss: 4.714e-03 | Regularization Loss: 0.000e+00 | Val Loss: 5.964e-02 | Time: 9.69s
2025-08-20 04:28:27,234:INFO:Epoch: 34100/40000 | Train Loss: 5.463e-03 | Dynamic Loss: 5.463e-03 | Regularization Loss: 0.000e+00 | Val Loss: 6.291e-02 | Time: 9.58s
2025-08-20 04:28:36,913:INFO:Epoch: 34150/40000 | Train Loss: 5.298e-03 | Dynamic Loss: 5.298e-03 | Regularization Loss: 0.000e+00 | Val Loss: 5.973e-02 | Time: 9.68s
2025-08-20 04:28:46,671:INFO:Epoch: 34200/40000 | Train Loss: 4.235e-03 | Dynamic Loss: 4.235e-03 | Regularization Loss: 0.000e+00 | Val Loss: 5.894e-02 | Time: 9.76s
2025-08-20 04:28:56,227:INFO:Epoch: 34250/40000 | Train Loss: 4.906e-03 | Dynamic Loss: 4.906e-03 | Regularization Loss: 0.000e+00 | Val Loss: 6.323e-02 | Time: 9.56s
2025-08-20 04:29:05,893:INFO:Epoch: 34300/40000 | Train Loss: 4.410e-03 | Dynamic Loss: 4.410e-03 | Regularization Loss: 0.000e+00 | Val Loss: 6.008e-02 | Time: 9.67s
2025-08-20 04:29:15,603:INFO:Epoch: 34350/40000 | Train Loss: 1.128e-01 | Dynamic Loss: 1.128e-01 | Regularization Loss: 0.000e+00 | Val Loss: 1.876e-01 | Time: 9.71s
2025-08-20 04:29:33,382:INFO:Epoch: 34400/40000 | Train Loss: 2.289e-02 | Dynamic Loss: 2.289e-02 | Regularization Loss: 0.000e+00 | Val Loss: 9.434e-02 | Time: 17.78s
2025-08-20 04:29:42,990:INFO:Epoch: 34450/40000 | Train Loss: 1.435e-02 | Dynamic Loss: 1.435e-02 | Regularization Loss: 0.000e+00 | Val Loss: 8.769e-02 | Time: 9.61s
2025-08-20 04:29:52,541:INFO:Epoch: 34500/40000 | Train Loss: 1.058e-02 | Dynamic Loss: 1.058e-02 | Regularization Loss: 0.000e+00 | Val Loss: 7.718e-02 | Time: 9.55s
2025-08-20 04:30:02,255:INFO:Epoch: 34550/40000 | Train Loss: 8.602e-03 | Dynamic Loss: 8.602e-03 | Regularization Loss: 0.000e+00 | Val Loss: 7.514e-02 | Time: 9.71s
2025-08-20 04:30:11,942:INFO:Epoch: 34600/40000 | Train Loss: 7.571e-03 | Dynamic Loss: 7.571e-03 | Regularization Loss: 0.000e+00 | Val Loss: 7.114e-02 | Time: 9.69s
2025-08-20 04:30:21,542:INFO:Epoch: 34650/40000 | Train Loss: 7.421e-03 | Dynamic Loss: 7.421e-03 | Regularization Loss: 0.000e+00 | Val Loss: 6.801e-02 | Time: 9.60s
2025-08-20 04:30:31,140:INFO:Epoch: 34700/40000 | Train Loss: 1.844e-01 | Dynamic Loss: 1.844e-01 | Regularization Loss: 0.000e+00 | Val Loss: 2.788e-01 | Time: 9.60s
2025-08-20 04:30:40,655:INFO:Epoch: 34750/40000 | Train Loss: 4.604e-02 | Dynamic Loss: 4.604e-02 | Regularization Loss: 0.000e+00 | Val Loss: 9.728e-02 | Time: 9.52s
2025-08-20 04:30:50,175:INFO:Epoch: 34800/40000 | Train Loss: 2.863e-02 | Dynamic Loss: 2.863e-02 | Regularization Loss: 0.000e+00 | Val Loss: 8.152e-02 | Time: 9.52s
2025-08-20 04:30:59,765:INFO:Epoch: 34850/40000 | Train Loss: 9.074e-01 | Dynamic Loss: 9.074e-01 | Regularization Loss: 0.000e+00 | Val Loss: 1.559e+00 | Time: 9.59s
2025-08-20 04:31:09,344:INFO:Epoch: 34900/40000 | Train Loss: 5.368e-02 | Dynamic Loss: 5.368e-02 | Regularization Loss: 0.000e+00 | Val Loss: 1.263e-01 | Time: 9.58s
2025-08-20 04:31:18,897:INFO:Epoch: 34950/40000 | Train Loss: 2.854e-02 | Dynamic Loss: 2.854e-02 | Regularization Loss: 0.000e+00 | Val Loss: 7.977e-02 | Time: 9.55s
2025-08-20 04:31:28,494:INFO:Epoch: 35000/40000 | Train Loss: 2.216e-02 | Dynamic Loss: 2.216e-02 | Regularization Loss: 0.000e+00 | Val Loss: 6.695e-02 | Time: 9.60s
2025-08-20 04:31:38,156:INFO:Epoch: 35050/40000 | Train Loss: 2.025e-02 | Dynamic Loss: 2.025e-02 | Regularization Loss: 0.000e+00 | Val Loss: 7.137e-02 | Time: 9.66s
2025-08-20 04:31:47,727:INFO:Epoch: 35100/40000 | Train Loss: 7.026e-02 | Dynamic Loss: 7.026e-02 | Regularization Loss: 0.000e+00 | Val Loss: 1.191e-01 | Time: 9.57s
2025-08-20 04:31:57,300:INFO:Epoch: 35150/40000 | Train Loss: 1.555e-02 | Dynamic Loss: 1.555e-02 | Regularization Loss: 0.000e+00 | Val Loss: 6.543e-02 | Time: 9.57s
2025-08-20 04:32:14,962:INFO:Epoch: 35200/40000 | Train Loss: 1.398e-02 | Dynamic Loss: 1.398e-02 | Regularization Loss: 0.000e+00 | Val Loss: 6.223e-02 | Time: 17.66s
2025-08-20 04:32:24,524:INFO:Epoch: 35250/40000 | Train Loss: 1.270e-02 | Dynamic Loss: 1.270e-02 | Regularization Loss: 0.000e+00 | Val Loss: 5.969e-02 | Time: 9.56s
2025-08-20 04:32:34,150:INFO:Epoch: 35300/40000 | Train Loss: 1.169e-02 | Dynamic Loss: 1.169e-02 | Regularization Loss: 0.000e+00 | Val Loss: 5.817e-02 | Time: 9.63s
2025-08-20 04:32:43,733:INFO:Epoch: 35350/40000 | Train Loss: 1.091e-02 | Dynamic Loss: 1.091e-02 | Regularization Loss: 0.000e+00 | Val Loss: 5.673e-02 | Time: 9.58s
2025-08-20 04:32:53,253:INFO:Epoch: 35400/40000 | Train Loss: 7.343e-02 | Dynamic Loss: 7.343e-02 | Regularization Loss: 0.000e+00 | Val Loss: 1.092e-01 | Time: 9.52s
2025-08-20 04:33:02,811:INFO:Epoch: 35450/40000 | Train Loss: 1.011e-02 | Dynamic Loss: 1.011e-02 | Regularization Loss: 0.000e+00 | Val Loss: 5.872e-02 | Time: 9.56s
2025-08-20 04:33:12,495:INFO:Epoch: 35500/40000 | Train Loss: 9.603e-03 | Dynamic Loss: 9.603e-03 | Regularization Loss: 0.000e+00 | Val Loss: 5.689e-02 | Time: 9.68s
2025-08-20 04:33:22,178:INFO:Epoch: 35550/40000 | Train Loss: 8.909e-03 | Dynamic Loss: 8.909e-03 | Regularization Loss: 0.000e+00 | Val Loss: 5.596e-02 | Time: 9.68s
2025-08-20 04:33:31,773:INFO:Epoch: 35600/40000 | Train Loss: 8.461e-03 | Dynamic Loss: 8.461e-03 | Regularization Loss: 0.000e+00 | Val Loss: 5.515e-02 | Time: 9.59s
2025-08-20 04:33:41,434:INFO:Epoch: 35650/40000 | Train Loss: 2.951e-02 | Dynamic Loss: 2.951e-02 | Regularization Loss: 0.000e+00 | Val Loss: 7.892e-02 | Time: 9.66s
2025-08-20 04:33:51,020:INFO:Epoch: 35700/40000 | Train Loss: 8.156e-03 | Dynamic Loss: 8.156e-03 | Regularization Loss: 0.000e+00 | Val Loss: 5.924e-02 | Time: 9.59s
2025-08-20 04:34:00,584:INFO:Epoch: 35750/40000 | Train Loss: 7.612e-03 | Dynamic Loss: 7.612e-03 | Regularization Loss: 0.000e+00 | Val Loss: 5.752e-02 | Time: 9.56s
2025-08-20 04:34:10,072:INFO:Epoch: 35800/40000 | Train Loss: 7.338e-03 | Dynamic Loss: 7.338e-03 | Regularization Loss: 0.000e+00 | Val Loss: 5.660e-02 | Time: 9.49s
2025-08-20 04:34:27,584:INFO:Epoch: 35850/40000 | Train Loss: 7.094e-03 | Dynamic Loss: 7.094e-03 | Regularization Loss: 0.000e+00 | Val Loss: 5.610e-02 | Time: 17.51s
2025-08-20 04:34:37,209:INFO:Epoch: 35900/40000 | Train Loss: 6.967e-03 | Dynamic Loss: 6.967e-03 | Regularization Loss: 0.000e+00 | Val Loss: 5.552e-02 | Time: 9.63s
2025-08-20 04:34:46,802:INFO:Epoch: 35950/40000 | Train Loss: 6.757e-03 | Dynamic Loss: 6.757e-03 | Regularization Loss: 0.000e+00 | Val Loss: 5.488e-02 | Time: 9.59s
2025-08-20 04:34:57,432:INFO:Epoch: 36000/40000 | Train Loss: 6.856e-03 | Dynamic Loss: 6.856e-03 | Regularization Loss: 0.000e+00 | Val Loss: 5.927e-02 | Time: 10.63s
2025-08-20 04:35:07,061:INFO:Epoch: 36050/40000 | Train Loss: 6.363e-03 | Dynamic Loss: 6.363e-03 | Regularization Loss: 0.000e+00 | Val Loss: 5.778e-02 | Time: 9.63s
2025-08-20 04:35:16,711:INFO:Epoch: 36100/40000 | Train Loss: 6.184e-03 | Dynamic Loss: 6.184e-03 | Regularization Loss: 0.000e+00 | Val Loss: 5.711e-02 | Time: 9.65s
2025-08-20 04:35:28,635:INFO:Epoch: 36150/40000 | Train Loss: 6.786e-03 | Dynamic Loss: 6.786e-03 | Regularization Loss: 0.000e+00 | Val Loss: 5.694e-02 | Time: 11.92s
2025-08-20 04:35:38,223:INFO:Epoch: 36200/40000 | Train Loss: 5.819e-03 | Dynamic Loss: 5.819e-03 | Regularization Loss: 0.000e+00 | Val Loss: 5.573e-02 | Time: 9.59s
2025-08-20 04:35:47,781:INFO:Epoch: 36250/40000 | Train Loss: 5.660e-03 | Dynamic Loss: 5.660e-03 | Regularization Loss: 0.000e+00 | Val Loss: 5.537e-02 | Time: 9.56s
2025-08-20 04:35:57,418:INFO:Epoch: 36300/40000 | Train Loss: 8.485e-03 | Dynamic Loss: 8.485e-03 | Regularization Loss: 0.000e+00 | Val Loss: 5.893e-02 | Time: 9.64s
2025-08-20 04:36:07,038:INFO:Epoch: 36350/40000 | Train Loss: 5.445e-03 | Dynamic Loss: 5.445e-03 | Regularization Loss: 0.000e+00 | Val Loss: 5.484e-02 | Time: 9.62s
2025-08-20 04:36:16,594:INFO:Epoch: 36400/40000 | Train Loss: 5.400e-03 | Dynamic Loss: 5.400e-03 | Regularization Loss: 0.000e+00 | Val Loss: 5.553e-02 | Time: 9.56s
2025-08-20 04:36:26,214:INFO:Epoch: 36450/40000 | Train Loss: 5.875e-02 | Dynamic Loss: 5.875e-02 | Regularization Loss: 0.000e+00 | Val Loss: 1.177e-01 | Time: 9.62s
2025-08-20 04:36:35,748:INFO:Epoch: 36500/40000 | Train Loss: 1.599e-02 | Dynamic Loss: 1.599e-02 | Regularization Loss: 0.000e+00 | Val Loss: 6.557e-02 | Time: 9.53s
2025-08-20 04:36:45,383:INFO:Epoch: 36550/40000 | Train Loss: 1.203e-01 | Dynamic Loss: 1.203e-01 | Regularization Loss: 0.000e+00 | Val Loss: 1.934e-01 | Time: 9.64s
2025-08-20 04:36:54,920:INFO:Epoch: 36600/40000 | Train Loss: 2.581e-02 | Dynamic Loss: 2.581e-02 | Regularization Loss: 0.000e+00 | Val Loss: 8.288e-02 | Time: 9.54s
2025-08-20 04:37:12,148:INFO:Epoch: 36650/40000 | Train Loss: 1.717e-02 | Dynamic Loss: 1.717e-02 | Regularization Loss: 0.000e+00 | Val Loss: 7.302e-02 | Time: 17.23s
2025-08-20 04:37:21,834:INFO:Epoch: 36700/40000 | Train Loss: 1.195e-02 | Dynamic Loss: 1.195e-02 | Regularization Loss: 0.000e+00 | Val Loss: 6.646e-02 | Time: 9.69s
2025-08-20 04:37:31,397:INFO:Epoch: 36750/40000 | Train Loss: 9.782e-03 | Dynamic Loss: 9.782e-03 | Regularization Loss: 0.000e+00 | Val Loss: 6.288e-02 | Time: 9.56s
2025-08-20 04:37:40,977:INFO:Epoch: 36800/40000 | Train Loss: 1.303e-02 | Dynamic Loss: 1.303e-02 | Regularization Loss: 0.000e+00 | Val Loss: 6.117e-02 | Time: 9.58s
2025-08-20 04:37:50,578:INFO:Epoch: 36850/40000 | Train Loss: 8.433e-03 | Dynamic Loss: 8.433e-03 | Regularization Loss: 0.000e+00 | Val Loss: 6.132e-02 | Time: 9.60s
2025-08-20 04:38:00,120:INFO:Epoch: 36900/40000 | Train Loss: 7.424e-03 | Dynamic Loss: 7.424e-03 | Regularization Loss: 0.000e+00 | Val Loss: 6.001e-02 | Time: 9.54s
2025-08-20 04:38:09,874:INFO:Epoch: 36950/40000 | Train Loss: 6.861e-03 | Dynamic Loss: 6.861e-03 | Regularization Loss: 0.000e+00 | Val Loss: 5.936e-02 | Time: 9.75s
2025-08-20 04:38:19,501:INFO:Epoch: 37000/40000 | Train Loss: 6.414e-03 | Dynamic Loss: 6.414e-03 | Regularization Loss: 0.000e+00 | Val Loss: 5.872e-02 | Time: 9.63s
2025-08-20 04:38:29,062:INFO:Epoch: 37050/40000 | Train Loss: 6.394e-03 | Dynamic Loss: 6.394e-03 | Regularization Loss: 0.000e+00 | Val Loss: 6.131e-02 | Time: 9.56s
2025-08-20 04:38:38,668:INFO:Epoch: 37100/40000 | Train Loss: 5.783e-03 | Dynamic Loss: 5.783e-03 | Regularization Loss: 0.000e+00 | Val Loss: 5.872e-02 | Time: 9.61s
2025-08-20 04:38:48,222:INFO:Epoch: 37150/40000 | Train Loss: 6.648e-03 | Dynamic Loss: 6.648e-03 | Regularization Loss: 0.000e+00 | Val Loss: 5.712e-02 | Time: 9.55s
2025-08-20 04:38:57,741:INFO:Epoch: 37200/40000 | Train Loss: 8.784e-03 | Dynamic Loss: 8.784e-03 | Regularization Loss: 0.000e+00 | Val Loss: 5.822e-02 | Time: 9.52s
2025-08-20 04:39:07,406:INFO:Epoch: 37250/40000 | Train Loss: 5.303e-03 | Dynamic Loss: 5.303e-03 | Regularization Loss: 0.000e+00 | Val Loss: 5.840e-02 | Time: 9.67s
2025-08-20 04:39:16,965:INFO:Epoch: 37300/40000 | Train Loss: 6.296e-03 | Dynamic Loss: 6.296e-03 | Regularization Loss: 0.000e+00 | Val Loss: 6.709e-02 | Time: 9.56s
2025-08-20 04:39:26,467:INFO:Epoch: 37350/40000 | Train Loss: 4.884e-03 | Dynamic Loss: 4.884e-03 | Regularization Loss: 0.000e+00 | Val Loss: 5.815e-02 | Time: 9.50s
2025-08-20 04:39:36,143:INFO:Epoch: 37400/40000 | Train Loss: 5.066e-03 | Dynamic Loss: 5.066e-03 | Regularization Loss: 0.000e+00 | Val Loss: 5.736e-02 | Time: 9.68s
2025-08-20 04:39:45,696:INFO:Epoch: 37450/40000 | Train Loss: 5.041e-03 | Dynamic Loss: 5.041e-03 | Regularization Loss: 0.000e+00 | Val Loss: 5.922e-02 | Time: 9.55s
2025-08-20 04:39:55,222:INFO:Epoch: 37500/40000 | Train Loss: 5.420e-03 | Dynamic Loss: 5.420e-03 | Regularization Loss: 0.000e+00 | Val Loss: 5.585e-02 | Time: 9.53s
2025-08-20 04:40:04,791:INFO:Epoch: 37550/40000 | Train Loss: 6.902e-03 | Dynamic Loss: 6.902e-03 | Regularization Loss: 0.000e+00 | Val Loss: 6.080e-02 | Time: 9.57s
2025-08-20 04:40:19,108:INFO:Epoch: 37600/40000 | Train Loss: 4.815e-03 | Dynamic Loss: 4.815e-03 | Regularization Loss: 0.000e+00 | Val Loss: 5.686e-02 | Time: 14.32s
2025-08-20 04:40:29,673:INFO:Epoch: 37650/40000 | Train Loss: 4.995e-03 | Dynamic Loss: 4.995e-03 | Regularization Loss: 0.000e+00 | Val Loss: 5.702e-02 | Time: 10.56s
2025-08-20 04:40:39,281:INFO:Epoch: 37700/40000 | Train Loss: 7.561e-03 | Dynamic Loss: 7.561e-03 | Regularization Loss: 0.000e+00 | Val Loss: 6.479e-02 | Time: 9.61s
2025-08-20 04:40:52,003:INFO:Epoch: 37750/40000 | Train Loss: 4.220e-03 | Dynamic Loss: 4.220e-03 | Regularization Loss: 0.000e+00 | Val Loss: 5.684e-02 | Time: 12.72s
2025-08-20 04:41:01,549:INFO:Epoch: 37800/40000 | Train Loss: 4.173e-03 | Dynamic Loss: 4.173e-03 | Regularization Loss: 0.000e+00 | Val Loss: 5.519e-02 | Time: 9.55s
2025-08-20 04:41:11,138:INFO:Epoch: 37850/40000 | Train Loss: 4.530e-03 | Dynamic Loss: 4.530e-03 | Regularization Loss: 0.000e+00 | Val Loss: 5.618e-02 | Time: 9.59s
2025-08-20 04:41:27,219:INFO:Epoch: 37900/40000 | Train Loss: 2.391e-01 | Dynamic Loss: 2.391e-01 | Regularization Loss: 0.000e+00 | Val Loss: 3.443e-01 | Time: 16.08s
2025-08-20 04:41:36,847:INFO:Epoch: 37950/40000 | Train Loss: 2.793e-02 | Dynamic Loss: 2.793e-02 | Regularization Loss: 0.000e+00 | Val Loss: 6.125e-02 | Time: 9.63s
2025-08-20 04:41:46,409:INFO:Epoch: 38000/40000 | Train Loss: 1.556e-02 | Dynamic Loss: 1.556e-02 | Regularization Loss: 0.000e+00 | Val Loss: 4.913e-02 | Time: 9.56s
2025-08-20 04:41:57,924:INFO:Epoch: 38050/40000 | Train Loss: 1.079e-02 | Dynamic Loss: 1.079e-02 | Regularization Loss: 0.000e+00 | Val Loss: 4.636e-02 | Time: 11.51s
2025-08-20 04:41:57,924:INFO:New best model found at epoch 38050 with validation loss 4.636e-02. Saving...
2025-08-20 04:42:07,525:INFO:Epoch: 38100/40000 | Train Loss: 8.613e-03 | Dynamic Loss: 8.613e-03 | Regularization Loss: 0.000e+00 | Val Loss: 4.582e-02 | Time: 9.50s
2025-08-20 04:42:07,526:INFO:New best model found at epoch 38100 with validation loss 4.582e-02. Saving...
2025-08-20 04:42:17,060:INFO:Epoch: 38150/40000 | Train Loss: 7.628e-03 | Dynamic Loss: 7.628e-03 | Regularization Loss: 0.000e+00 | Val Loss: 4.434e-02 | Time: 9.51s
2025-08-20 04:42:17,060:INFO:New best model found at epoch 38150 with validation loss 4.434e-02. Saving...
2025-08-20 04:42:26,792:INFO:Epoch: 38200/40000 | Train Loss: 6.564e-03 | Dynamic Loss: 6.564e-03 | Regularization Loss: 0.000e+00 | Val Loss: 4.416e-02 | Time: 9.71s
2025-08-20 04:42:26,792:INFO:New best model found at epoch 38200 with validation loss 4.416e-02. Saving...
2025-08-20 04:42:36,448:INFO:Epoch: 38250/40000 | Train Loss: 6.490e-03 | Dynamic Loss: 6.490e-03 | Regularization Loss: 0.000e+00 | Val Loss: 4.483e-02 | Time: 9.63s
2025-08-20 04:42:46,007:INFO:Epoch: 38300/40000 | Train Loss: 5.741e-03 | Dynamic Loss: 5.741e-03 | Regularization Loss: 0.000e+00 | Val Loss: 4.411e-02 | Time: 9.56s
2025-08-20 04:42:46,007:INFO:New best model found at epoch 38300 with validation loss 4.411e-02. Saving...
2025-08-20 04:42:55,638:INFO:Epoch: 38350/40000 | Train Loss: 6.733e-03 | Dynamic Loss: 6.733e-03 | Regularization Loss: 0.000e+00 | Val Loss: 4.653e-02 | Time: 9.61s
2025-08-20 04:43:05,280:INFO:Epoch: 38400/40000 | Train Loss: 5.655e-03 | Dynamic Loss: 5.655e-03 | Regularization Loss: 0.000e+00 | Val Loss: 4.410e-02 | Time: 9.64s
2025-08-20 04:43:05,280:INFO:New best model found at epoch 38400 with validation loss 4.410e-02. Saving...
2025-08-20 04:43:14,863:INFO:Epoch: 38450/40000 | Train Loss: 2.168e-02 | Dynamic Loss: 2.168e-02 | Regularization Loss: 0.000e+00 | Val Loss: 7.677e-02 | Time: 9.56s
2025-08-20 04:43:24,448:INFO:Epoch: 38500/40000 | Train Loss: 8.159e-03 | Dynamic Loss: 8.159e-03 | Regularization Loss: 0.000e+00 | Val Loss: 5.815e-02 | Time: 9.58s
2025-08-20 04:43:34,992:INFO:Epoch: 38550/40000 | Train Loss: 6.055e-03 | Dynamic Loss: 6.055e-03 | Regularization Loss: 0.000e+00 | Val Loss: 5.422e-02 | Time: 10.54s
2025-08-20 04:43:44,542:INFO:Epoch: 38600/40000 | Train Loss: 5.473e-03 | Dynamic Loss: 5.473e-03 | Regularization Loss: 0.000e+00 | Val Loss: 5.297e-02 | Time: 9.55s
2025-08-20 04:43:54,246:INFO:Epoch: 38650/40000 | Train Loss: 5.073e-03 | Dynamic Loss: 5.073e-03 | Regularization Loss: 0.000e+00 | Val Loss: 5.177e-02 | Time: 9.70s
2025-08-20 04:44:07,586:INFO:Epoch: 38700/40000 | Train Loss: 4.841e-03 | Dynamic Loss: 4.841e-03 | Regularization Loss: 0.000e+00 | Val Loss: 5.101e-02 | Time: 13.34s
2025-08-20 04:44:17,164:INFO:Epoch: 38750/40000 | Train Loss: 5.114e-03 | Dynamic Loss: 5.114e-03 | Regularization Loss: 0.000e+00 | Val Loss: 5.068e-02 | Time: 9.58s
2025-08-20 04:44:26,706:INFO:Epoch: 38800/40000 | Train Loss: 4.534e-03 | Dynamic Loss: 4.534e-03 | Regularization Loss: 0.000e+00 | Val Loss: 5.005e-02 | Time: 9.54s
2025-08-20 04:44:37,106:INFO:Epoch: 38850/40000 | Train Loss: 4.626e-03 | Dynamic Loss: 4.626e-03 | Regularization Loss: 0.000e+00 | Val Loss: 4.992e-02 | Time: 10.40s
2025-08-20 04:44:46,786:INFO:Epoch: 38900/40000 | Train Loss: 5.054e-03 | Dynamic Loss: 5.054e-03 | Regularization Loss: 0.000e+00 | Val Loss: 5.011e-02 | Time: 9.68s
2025-08-20 04:44:56,320:INFO:Epoch: 38950/40000 | Train Loss: 4.293e-03 | Dynamic Loss: 4.293e-03 | Regularization Loss: 0.000e+00 | Val Loss: 4.926e-02 | Time: 9.53s
2025-08-20 04:45:06,078:INFO:Epoch: 39000/40000 | Train Loss: 4.268e-03 | Dynamic Loss: 4.268e-03 | Regularization Loss: 0.000e+00 | Val Loss: 4.955e-02 | Time: 9.76s
2025-08-20 04:45:15,661:INFO:Epoch: 39050/40000 | Train Loss: 4.225e-03 | Dynamic Loss: 4.225e-03 | Regularization Loss: 0.000e+00 | Val Loss: 4.892e-02 | Time: 9.58s
2025-08-20 04:45:25,190:INFO:Epoch: 39100/40000 | Train Loss: 5.254e-03 | Dynamic Loss: 5.254e-03 | Regularization Loss: 0.000e+00 | Val Loss: 4.918e-02 | Time: 9.53s
2025-08-20 04:45:34,726:INFO:Epoch: 39150/40000 | Train Loss: 4.214e-03 | Dynamic Loss: 4.214e-03 | Regularization Loss: 0.000e+00 | Val Loss: 5.324e-02 | Time: 9.54s
2025-08-20 04:45:51,072:INFO:Epoch: 39200/40000 | Train Loss: 3.862e-03 | Dynamic Loss: 3.862e-03 | Regularization Loss: 0.000e+00 | Val Loss: 5.105e-02 | Time: 16.35s
2025-08-20 04:46:00,803:INFO:Epoch: 39250/40000 | Train Loss: 3.802e-03 | Dynamic Loss: 3.802e-03 | Regularization Loss: 0.000e+00 | Val Loss: 5.049e-02 | Time: 9.73s
2025-08-20 04:46:10,357:INFO:Epoch: 39300/40000 | Train Loss: 3.768e-03 | Dynamic Loss: 3.768e-03 | Regularization Loss: 0.000e+00 | Val Loss: 5.013e-02 | Time: 9.55s
2025-08-20 04:46:22,170:INFO:Epoch: 39350/40000 | Train Loss: 4.035e-03 | Dynamic Loss: 4.035e-03 | Regularization Loss: 0.000e+00 | Val Loss: 4.963e-02 | Time: 11.81s
2025-08-20 04:46:31,786:INFO:Epoch: 39400/40000 | Train Loss: 4.197e-03 | Dynamic Loss: 4.197e-03 | Regularization Loss: 0.000e+00 | Val Loss: 5.075e-02 | Time: 9.62s
2025-08-20 04:46:41,357:INFO:Epoch: 39450/40000 | Train Loss: 4.713e-03 | Dynamic Loss: 4.713e-03 | Regularization Loss: 0.000e+00 | Val Loss: 5.045e-02 | Time: 9.57s
2025-08-20 04:46:51,011:INFO:Epoch: 39500/40000 | Train Loss: 4.415e-03 | Dynamic Loss: 4.415e-03 | Regularization Loss: 0.000e+00 | Val Loss: 4.988e-02 | Time: 9.65s
2025-08-20 04:47:00,686:INFO:Epoch: 39550/40000 | Train Loss: 4.566e-03 | Dynamic Loss: 4.566e-03 | Regularization Loss: 0.000e+00 | Val Loss: 5.060e-02 | Time: 9.67s
2025-08-20 04:47:10,267:INFO:Epoch: 39600/40000 | Train Loss: 5.520e-03 | Dynamic Loss: 5.520e-03 | Regularization Loss: 0.000e+00 | Val Loss: 5.188e-02 | Time: 9.58s
2025-08-20 04:47:19,914:INFO:Epoch: 39650/40000 | Train Loss: 3.742e-03 | Dynamic Loss: 3.742e-03 | Regularization Loss: 0.000e+00 | Val Loss: 5.057e-02 | Time: 9.65s
2025-08-20 04:47:29,470:INFO:Epoch: 39700/40000 | Train Loss: 3.768e-03 | Dynamic Loss: 3.768e-03 | Regularization Loss: 0.000e+00 | Val Loss: 4.929e-02 | Time: 9.56s
2025-08-20 04:47:39,034:INFO:Epoch: 39750/40000 | Train Loss: 4.042e-03 | Dynamic Loss: 4.042e-03 | Regularization Loss: 0.000e+00 | Val Loss: 4.999e-02 | Time: 9.56s
2025-08-20 04:47:48,718:INFO:Epoch: 39800/40000 | Train Loss: 3.537e-03 | Dynamic Loss: 3.537e-03 | Regularization Loss: 0.000e+00 | Val Loss: 4.997e-02 | Time: 9.68s
2025-08-20 04:47:58,313:INFO:Epoch: 39850/40000 | Train Loss: 4.175e-03 | Dynamic Loss: 4.175e-03 | Regularization Loss: 0.000e+00 | Val Loss: 5.180e-02 | Time: 9.60s
2025-08-20 04:48:07,899:INFO:Epoch: 39900/40000 | Train Loss: 4.361e-02 | Dynamic Loss: 4.361e-02 | Regularization Loss: 0.000e+00 | Val Loss: 8.277e-02 | Time: 9.59s
2025-08-20 04:48:17,627:INFO:Epoch: 39950/40000 | Train Loss: 3.134e-03 | Dynamic Loss: 3.134e-03 | Regularization Loss: 0.000e+00 | Val Loss: 4.895e-02 | Time: 9.73s
2025-08-20 04:48:27,256:INFO:Epoch: 40000/40000 | Train Loss: 3.161e-03 | Dynamic Loss: 3.161e-03 | Regularization Loss: 0.000e+00 | Val Loss: 4.967e-02 | Time: 9.63s
