2025-08-20 02:30:21,502:INFO:Created DataLoaders with 5994 training samples and 1998 validation samples.
2025-08-20 02:30:22,878:INFO:model params: 2512001
2025-08-20 02:30:26,190:INFO:Epoch: 0/40000 | Train Loss: 2.908e+00 | Dynamic Loss: 2.813e+00 | Regularization Loss: 9.509e-02 | Val Loss: 2.507e+00 | Time: 3.31s
2025-08-20 02:30:26,190:INFO:New best model found at epoch 0 with validation loss 2.507e+00. Saving...
2025-08-20 02:30:35,114:INFO:Epoch: 50/40000 | Train Loss: 1.816e+00 | Dynamic Loss: 1.812e+00 | Regularization Loss: 4.074e-03 | Val Loss: 1.807e+00 | Time: 8.89s
2025-08-20 02:30:35,114:INFO:New best model found at epoch 50 with validation loss 1.807e+00. Saving...
2025-08-20 02:30:49,092:INFO:Epoch: 100/40000 | Train Loss: 1.687e+00 | Dynamic Loss: 1.685e+00 | Regularization Loss: 1.610e-03 | Val Loss: 1.733e+00 | Time: 13.95s
2025-08-20 02:30:49,092:INFO:New best model found at epoch 100 with validation loss 1.733e+00. Saving...
2025-08-20 02:30:57,901:INFO:Epoch: 150/40000 | Train Loss: 1.649e+00 | Dynamic Loss: 1.648e+00 | Regularization Loss: 8.984e-04 | Val Loss: 1.690e+00 | Time: 8.79s
2025-08-20 02:30:57,901:INFO:New best model found at epoch 150 with validation loss 1.690e+00. Saving...
2025-08-20 02:31:06,711:INFO:Epoch: 200/40000 | Train Loss: 1.607e+00 | Dynamic Loss: 1.606e+00 | Regularization Loss: 5.840e-04 | Val Loss: 1.651e+00 | Time: 8.79s
2025-08-20 02:31:06,711:INFO:New best model found at epoch 200 with validation loss 1.651e+00. Saving...
2025-08-20 02:31:15,617:INFO:Epoch: 250/40000 | Train Loss: 1.563e+00 | Dynamic Loss: 1.562e+00 | Regularization Loss: 4.139e-04 | Val Loss: 1.612e+00 | Time: 8.88s
2025-08-20 02:31:15,617:INFO:New best model found at epoch 250 with validation loss 1.612e+00. Saving...
2025-08-20 02:31:24,596:INFO:Epoch: 300/40000 | Train Loss: 1.509e+00 | Dynamic Loss: 1.509e+00 | Regularization Loss: 3.101e-04 | Val Loss: 1.555e+00 | Time: 8.96s
2025-08-20 02:31:24,596:INFO:New best model found at epoch 300 with validation loss 1.555e+00. Saving...
2025-08-20 02:31:33,530:INFO:Epoch: 350/40000 | Train Loss: 1.441e+00 | Dynamic Loss: 1.441e+00 | Regularization Loss: 2.416e-04 | Val Loss: 1.487e+00 | Time: 8.91s
2025-08-20 02:31:33,530:INFO:New best model found at epoch 350 with validation loss 1.487e+00. Saving...
2025-08-20 02:31:42,415:INFO:Epoch: 400/40000 | Train Loss: 1.335e+00 | Dynamic Loss: 1.334e+00 | Regularization Loss: 1.937e-04 | Val Loss: 1.367e+00 | Time: 8.86s
2025-08-20 02:31:42,415:INFO:New best model found at epoch 400 with validation loss 1.367e+00. Saving...
2025-08-20 02:31:51,233:INFO:Epoch: 450/40000 | Train Loss: 1.206e+00 | Dynamic Loss: 1.205e+00 | Regularization Loss: 1.587e-04 | Val Loss: 1.247e+00 | Time: 8.80s
2025-08-20 02:31:51,233:INFO:New best model found at epoch 450 with validation loss 1.247e+00. Saving...
2025-08-20 02:32:00,346:INFO:Epoch: 500/40000 | Train Loss: 1.176e+00 | Dynamic Loss: 1.176e+00 | Regularization Loss: 1.323e-04 | Val Loss: 1.266e+00 | Time: 9.09s
2025-08-20 02:32:15,574:INFO:Epoch: 550/40000 | Train Loss: 1.056e+00 | Dynamic Loss: 1.056e+00 | Regularization Loss: 1.118e-04 | Val Loss: 1.251e+00 | Time: 15.23s
2025-08-20 02:32:24,606:INFO:Epoch: 600/40000 | Train Loss: 9.754e-01 | Dynamic Loss: 9.753e-01 | Regularization Loss: 9.559e-05 | Val Loss: 1.060e+00 | Time: 9.03s
2025-08-20 02:32:24,606:INFO:New best model found at epoch 600 with validation loss 1.060e+00. Saving...
2025-08-20 02:32:33,644:INFO:Epoch: 650/40000 | Train Loss: 9.415e-01 | Dynamic Loss: 9.414e-01 | Regularization Loss: 8.252e-05 | Val Loss: 9.895e-01 | Time: 9.02s
2025-08-20 02:32:33,644:INFO:New best model found at epoch 650 with validation loss 9.895e-01. Saving...
2025-08-20 02:32:49,840:INFO:Epoch: 700/40000 | Train Loss: 8.899e-01 | Dynamic Loss: 8.898e-01 | Regularization Loss: 7.180e-05 | Val Loss: 9.412e-01 | Time: 16.17s
2025-08-20 02:32:49,840:INFO:New best model found at epoch 700 with validation loss 9.412e-01. Saving...
2025-08-20 02:32:58,858:INFO:Epoch: 750/40000 | Train Loss: 8.358e-01 | Dynamic Loss: 8.357e-01 | Regularization Loss: 6.290e-05 | Val Loss: 9.191e-01 | Time: 9.00s
2025-08-20 02:32:58,858:INFO:New best model found at epoch 750 with validation loss 9.191e-01. Saving...
2025-08-20 02:33:07,885:INFO:Epoch: 800/40000 | Train Loss: 8.489e-01 | Dynamic Loss: 8.488e-01 | Regularization Loss: 5.544e-05 | Val Loss: 8.821e-01 | Time: 9.01s
2025-08-20 02:33:07,885:INFO:New best model found at epoch 800 with validation loss 8.821e-01. Saving...
2025-08-20 02:33:23,763:INFO:Epoch: 850/40000 | Train Loss: 7.866e-01 | Dynamic Loss: 7.865e-01 | Regularization Loss: 4.912e-05 | Val Loss: 8.548e-01 | Time: 15.86s
2025-08-20 02:33:23,763:INFO:New best model found at epoch 850 with validation loss 8.548e-01. Saving...
2025-08-20 02:33:32,721:INFO:Epoch: 900/40000 | Train Loss: 7.561e-01 | Dynamic Loss: 7.561e-01 | Regularization Loss: 4.373e-05 | Val Loss: 8.313e-01 | Time: 8.94s
2025-08-20 02:33:32,721:INFO:New best model found at epoch 900 with validation loss 8.313e-01. Saving...
2025-08-20 02:33:41,648:INFO:Epoch: 950/40000 | Train Loss: 7.809e-01 | Dynamic Loss: 7.809e-01 | Regularization Loss: 3.907e-05 | Val Loss: 8.018e-01 | Time: 8.91s
2025-08-20 02:33:41,648:INFO:New best model found at epoch 950 with validation loss 8.018e-01. Saving...
2025-08-20 02:33:53,676:INFO:Epoch: 1000/40000 | Train Loss: 8.352e-01 | Dynamic Loss: 8.352e-01 | Regularization Loss: 3.504e-05 | Val Loss: 8.450e-01 | Time: 12.01s
2025-08-20 02:34:02,732:INFO:Epoch: 1050/40000 | Train Loss: 7.043e-01 | Dynamic Loss: 7.043e-01 | Regularization Loss: 3.152e-05 | Val Loss: 7.863e-01 | Time: 9.06s
2025-08-20 02:34:02,732:INFO:New best model found at epoch 1050 with validation loss 7.863e-01. Saving...
2025-08-20 02:34:11,799:INFO:Epoch: 1100/40000 | Train Loss: 6.928e-01 | Dynamic Loss: 6.928e-01 | Regularization Loss: 2.845e-05 | Val Loss: 7.540e-01 | Time: 9.05s
2025-08-20 02:34:11,799:INFO:New best model found at epoch 1100 with validation loss 7.540e-01. Saving...
2025-08-20 02:34:21,047:INFO:Epoch: 1150/40000 | Train Loss: 6.519e-01 | Dynamic Loss: 6.519e-01 | Regularization Loss: 2.573e-05 | Val Loss: 7.210e-01 | Time: 9.23s
2025-08-20 02:34:21,048:INFO:New best model found at epoch 1150 with validation loss 7.210e-01. Saving...
2025-08-20 02:34:29,962:INFO:Epoch: 1200/40000 | Train Loss: 7.236e-01 | Dynamic Loss: 7.235e-01 | Regularization Loss: 2.332e-05 | Val Loss: 7.132e-01 | Time: 8.89s
2025-08-20 02:34:29,962:INFO:New best model found at epoch 1200 with validation loss 7.132e-01. Saving...
2025-08-20 02:34:45,407:INFO:Epoch: 1250/40000 | Train Loss: 6.678e-01 | Dynamic Loss: 6.678e-01 | Regularization Loss: 2.121e-05 | Val Loss: 6.925e-01 | Time: 15.42s
2025-08-20 02:34:45,407:INFO:New best model found at epoch 1250 with validation loss 6.925e-01. Saving...
2025-08-20 02:34:54,469:INFO:Epoch: 1300/40000 | Train Loss: 6.186e-01 | Dynamic Loss: 6.186e-01 | Regularization Loss: 1.932e-05 | Val Loss: 6.716e-01 | Time: 9.04s
2025-08-20 02:34:54,469:INFO:New best model found at epoch 1300 with validation loss 6.716e-01. Saving...
2025-08-20 02:35:03,535:INFO:Epoch: 1350/40000 | Train Loss: 6.153e-01 | Dynamic Loss: 6.153e-01 | Regularization Loss: 1.759e-05 | Val Loss: 6.806e-01 | Time: 9.04s
2025-08-20 02:35:12,520:INFO:Epoch: 1400/40000 | Train Loss: 6.301e-01 | Dynamic Loss: 6.301e-01 | Regularization Loss: 1.606e-05 | Val Loss: 6.492e-01 | Time: 8.99s
2025-08-20 02:35:12,521:INFO:New best model found at epoch 1400 with validation loss 6.492e-01. Saving...
2025-08-20 02:35:21,588:INFO:Epoch: 1450/40000 | Train Loss: 5.843e-01 | Dynamic Loss: 5.843e-01 | Regularization Loss: 1.475e-05 | Val Loss: 6.500e-01 | Time: 9.05s
2025-08-20 02:35:30,754:INFO:Epoch: 1500/40000 | Train Loss: 5.825e-01 | Dynamic Loss: 5.825e-01 | Regularization Loss: 1.347e-05 | Val Loss: 6.189e-01 | Time: 9.17s
2025-08-20 02:35:30,754:INFO:New best model found at epoch 1500 with validation loss 6.189e-01. Saving...
2025-08-20 02:35:39,770:INFO:Epoch: 1550/40000 | Train Loss: 5.181e-01 | Dynamic Loss: 5.180e-01 | Regularization Loss: 1.237e-05 | Val Loss: 5.939e-01 | Time: 8.99s
2025-08-20 02:35:39,770:INFO:New best model found at epoch 1550 with validation loss 5.939e-01. Saving...
2025-08-20 02:35:48,828:INFO:Epoch: 1600/40000 | Train Loss: 5.761e-01 | Dynamic Loss: 5.761e-01 | Regularization Loss: 1.133e-05 | Val Loss: 7.185e-01 | Time: 9.04s
2025-08-20 02:35:57,843:INFO:Epoch: 1650/40000 | Train Loss: 5.519e-01 | Dynamic Loss: 5.519e-01 | Regularization Loss: 1.039e-05 | Val Loss: 7.117e-01 | Time: 9.01s
2025-08-20 02:36:15,513:INFO:Epoch: 1700/40000 | Train Loss: 5.093e-01 | Dynamic Loss: 5.093e-01 | Regularization Loss: 9.560e-06 | Val Loss: 5.920e-01 | Time: 17.67s
2025-08-20 02:36:15,513:INFO:New best model found at epoch 1700 with validation loss 5.920e-01. Saving...
2025-08-20 02:36:24,700:INFO:Epoch: 1750/40000 | Train Loss: 5.562e-01 | Dynamic Loss: 5.562e-01 | Regularization Loss: 8.781e-06 | Val Loss: 5.629e-01 | Time: 9.17s
2025-08-20 02:36:24,700:INFO:New best model found at epoch 1750 with validation loss 5.629e-01. Saving...
2025-08-20 02:36:33,980:INFO:Epoch: 1800/40000 | Train Loss: 4.723e-01 | Dynamic Loss: 4.723e-01 | Regularization Loss: 8.084e-06 | Val Loss: 5.793e-01 | Time: 9.26s
2025-08-20 02:36:43,157:INFO:Epoch: 1850/40000 | Train Loss: 5.214e-01 | Dynamic Loss: 5.213e-01 | Regularization Loss: 7.417e-06 | Val Loss: 5.676e-01 | Time: 9.18s
2025-08-20 02:36:52,178:INFO:Epoch: 1900/40000 | Train Loss: 4.283e-01 | Dynamic Loss: 4.283e-01 | Regularization Loss: 6.866e-06 | Val Loss: 5.319e-01 | Time: 9.02s
2025-08-20 02:36:52,178:INFO:New best model found at epoch 1900 with validation loss 5.319e-01. Saving...
2025-08-20 02:37:04,982:INFO:Epoch: 1950/40000 | Train Loss: 5.018e-01 | Dynamic Loss: 5.018e-01 | Regularization Loss: 6.302e-06 | Val Loss: 5.360e-01 | Time: 12.78s
2025-08-20 02:37:13,985:INFO:Epoch: 2000/40000 | Train Loss: 4.806e-01 | Dynamic Loss: 4.806e-01 | Regularization Loss: 5.803e-06 | Val Loss: 5.086e-01 | Time: 9.00s
2025-08-20 02:37:13,985:INFO:New best model found at epoch 2000 with validation loss 5.086e-01. Saving...
2025-08-20 02:37:23,009:INFO:Epoch: 2050/40000 | Train Loss: 4.520e-01 | Dynamic Loss: 4.520e-01 | Regularization Loss: 5.388e-06 | Val Loss: 5.157e-01 | Time: 9.00s
2025-08-20 02:37:32,469:INFO:Epoch: 2100/40000 | Train Loss: 4.366e-01 | Dynamic Loss: 4.366e-01 | Regularization Loss: 4.956e-06 | Val Loss: 4.929e-01 | Time: 9.46s
2025-08-20 02:37:32,469:INFO:New best model found at epoch 2100 with validation loss 4.929e-01. Saving...
2025-08-20 02:37:41,604:INFO:Epoch: 2150/40000 | Train Loss: 4.619e-01 | Dynamic Loss: 4.619e-01 | Regularization Loss: 4.571e-06 | Val Loss: 5.381e-01 | Time: 9.11s
2025-08-20 02:37:51,583:INFO:Epoch: 2200/40000 | Train Loss: 4.194e-01 | Dynamic Loss: 4.194e-01 | Regularization Loss: 4.202e-06 | Val Loss: 4.727e-01 | Time: 9.98s
2025-08-20 02:37:51,583:INFO:New best model found at epoch 2200 with validation loss 4.727e-01. Saving...
2025-08-20 02:38:00,685:INFO:Epoch: 2250/40000 | Train Loss: 6.891e-01 | Dynamic Loss: 6.891e-01 | Regularization Loss: 3.896e-06 | Val Loss: 7.197e-01 | Time: 9.08s
2025-08-20 02:38:09,765:INFO:Epoch: 2300/40000 | Train Loss: 3.502e-01 | Dynamic Loss: 3.502e-01 | Regularization Loss: 3.630e-06 | Val Loss: 4.340e-01 | Time: 9.08s
2025-08-20 02:38:09,766:INFO:New best model found at epoch 2300 with validation loss 4.340e-01. Saving...
2025-08-20 02:38:21,774:INFO:Epoch: 2350/40000 | Train Loss: 7.208e-01 | Dynamic Loss: 7.207e-01 | Regularization Loss: 3.396e-06 | Val Loss: 8.678e-01 | Time: 11.99s
2025-08-20 02:38:30,909:INFO:Epoch: 2400/40000 | Train Loss: 3.901e-01 | Dynamic Loss: 3.901e-01 | Regularization Loss: 2.999e-06 | Val Loss: 4.298e-01 | Time: 9.13s
2025-08-20 02:38:30,909:INFO:New best model found at epoch 2400 with validation loss 4.298e-01. Saving...
2025-08-20 02:38:40,005:INFO:Epoch: 2450/40000 | Train Loss: 3.427e-01 | Dynamic Loss: 3.427e-01 | Regularization Loss: 2.913e-06 | Val Loss: 4.055e-01 | Time: 9.07s
2025-08-20 02:38:40,005:INFO:New best model found at epoch 2450 with validation loss 4.055e-01. Saving...
2025-08-20 02:38:49,107:INFO:Epoch: 2500/40000 | Train Loss: 4.175e-01 | Dynamic Loss: 4.175e-01 | Regularization Loss: 2.790e-06 | Val Loss: 4.469e-01 | Time: 9.08s
2025-08-20 02:38:58,118:INFO:Epoch: 2550/40000 | Train Loss: 3.238e-01 | Dynamic Loss: 3.238e-01 | Regularization Loss: 2.583e-06 | Val Loss: 3.636e-01 | Time: 9.01s
2025-08-20 02:38:58,118:INFO:New best model found at epoch 2550 with validation loss 3.636e-01. Saving...
2025-08-20 02:39:07,319:INFO:Epoch: 2600/40000 | Train Loss: 4.263e-01 | Dynamic Loss: 4.263e-01 | Regularization Loss: 2.144e-06 | Val Loss: 4.877e-01 | Time: 9.18s
2025-08-20 02:39:16,353:INFO:Epoch: 2650/40000 | Train Loss: 3.081e-01 | Dynamic Loss: 3.081e-01 | Regularization Loss: 2.029e-06 | Val Loss: 3.558e-01 | Time: 9.03s
2025-08-20 02:39:16,353:INFO:New best model found at epoch 2650 with validation loss 3.558e-01. Saving...
2025-08-20 02:39:25,335:INFO:Epoch: 2700/40000 | Train Loss: 3.384e-01 | Dynamic Loss: 3.384e-01 | Regularization Loss: 1.996e-06 | Val Loss: 3.708e-01 | Time: 8.96s
2025-08-20 02:39:40,071:INFO:Epoch: 2750/40000 | Train Loss: 3.521e-01 | Dynamic Loss: 3.521e-01 | Regularization Loss: 1.906e-06 | Val Loss: 3.820e-01 | Time: 14.74s
2025-08-20 02:39:49,061:INFO:Epoch: 2800/40000 | Train Loss: 5.030e-01 | Dynamic Loss: 5.030e-01 | Regularization Loss: 1.802e-06 | Val Loss: 1.055e+00 | Time: 8.99s
2025-08-20 02:39:58,235:INFO:Epoch: 2850/40000 | Train Loss: 3.331e-01 | Dynamic Loss: 3.331e-01 | Regularization Loss: 1.554e-06 | Val Loss: 4.261e-01 | Time: 9.17s
2025-08-20 02:40:07,367:INFO:Epoch: 2900/40000 | Train Loss: 2.719e-01 | Dynamic Loss: 2.719e-01 | Regularization Loss: 1.333e-06 | Val Loss: 3.131e-01 | Time: 9.13s
2025-08-20 02:40:07,367:INFO:New best model found at epoch 2900 with validation loss 3.131e-01. Saving...
2025-08-20 02:40:16,542:INFO:Epoch: 2950/40000 | Train Loss: 3.058e-01 | Dynamic Loss: 3.058e-01 | Regularization Loss: 1.040e-06 | Val Loss: 3.385e-01 | Time: 9.15s
2025-08-20 02:40:26,495:INFO:Epoch: 3000/40000 | Train Loss: 3.162e-01 | Dynamic Loss: 3.162e-01 | Regularization Loss: 1.080e-06 | Val Loss: 4.115e-01 | Time: 9.95s
2025-08-20 02:40:35,534:INFO:Epoch: 3050/40000 | Train Loss: 3.360e-01 | Dynamic Loss: 3.360e-01 | Regularization Loss: 9.148e-07 | Val Loss: 4.018e-01 | Time: 9.04s
2025-08-20 02:40:44,675:INFO:Epoch: 3100/40000 | Train Loss: 2.685e-01 | Dynamic Loss: 2.685e-01 | Regularization Loss: 8.907e-07 | Val Loss: 3.292e-01 | Time: 9.14s
2025-08-20 02:40:53,776:INFO:Epoch: 3150/40000 | Train Loss: 4.141e-01 | Dynamic Loss: 4.141e-01 | Regularization Loss: 8.914e-07 | Val Loss: 4.415e-01 | Time: 9.10s
2025-08-20 02:41:02,867:INFO:Epoch: 3200/40000 | Train Loss: 3.087e-01 | Dynamic Loss: 3.087e-01 | Regularization Loss: 9.511e-07 | Val Loss: 2.967e-01 | Time: 9.09s
2025-08-20 02:41:02,867:INFO:New best model found at epoch 3200 with validation loss 2.967e-01. Saving...
2025-08-20 02:41:12,046:INFO:Epoch: 3250/40000 | Train Loss: 3.308e-01 | Dynamic Loss: 3.308e-01 | Regularization Loss: 5.273e-07 | Val Loss: 3.612e-01 | Time: 9.16s
2025-08-20 02:41:21,132:INFO:Epoch: 3300/40000 | Train Loss: 2.822e-01 | Dynamic Loss: 2.822e-01 | Regularization Loss: 4.139e-07 | Val Loss: 3.086e-01 | Time: 9.09s
2025-08-20 02:41:30,223:INFO:Epoch: 3350/40000 | Train Loss: 6.612e-01 | Dynamic Loss: 6.612e-01 | Regularization Loss: 4.413e-07 | Val Loss: 5.780e-01 | Time: 9.09s
2025-08-20 02:41:39,379:INFO:Epoch: 3400/40000 | Train Loss: 3.357e-01 | Dynamic Loss: 3.357e-01 | Regularization Loss: 4.613e-07 | Val Loss: 4.779e-01 | Time: 9.16s
2025-08-20 02:41:48,431:INFO:Epoch: 3450/40000 | Train Loss: 2.860e-01 | Dynamic Loss: 2.860e-01 | Regularization Loss: 4.982e-07 | Val Loss: 3.234e-01 | Time: 9.05s
2025-08-20 02:41:57,555:INFO:Epoch: 3500/40000 | Train Loss: 2.927e-01 | Dynamic Loss: 2.927e-01 | Regularization Loss: 5.042e-07 | Val Loss: 3.313e-01 | Time: 9.12s
2025-08-20 02:42:14,260:INFO:Epoch: 3550/40000 | Train Loss: 2.416e-01 | Dynamic Loss: 2.416e-01 | Regularization Loss: 5.047e-07 | Val Loss: 6.221e-01 | Time: 16.70s
2025-08-20 02:42:23,247:INFO:Epoch: 3600/40000 | Train Loss: 4.245e-01 | Dynamic Loss: 4.245e-01 | Regularization Loss: 5.045e-07 | Val Loss: 4.270e-01 | Time: 8.99s
2025-08-20 02:42:32,378:INFO:Epoch: 3650/40000 | Train Loss: 2.765e-01 | Dynamic Loss: 2.765e-01 | Regularization Loss: 3.617e-07 | Val Loss: 3.110e-01 | Time: 9.13s
2025-08-20 02:42:41,456:INFO:Epoch: 3700/40000 | Train Loss: 2.281e-01 | Dynamic Loss: 2.281e-01 | Regularization Loss: 3.660e-07 | Val Loss: 2.756e-01 | Time: 9.08s
2025-08-20 02:42:41,456:INFO:New best model found at epoch 3700 with validation loss 2.756e-01. Saving...
2025-08-20 02:42:50,507:INFO:Epoch: 3750/40000 | Train Loss: 8.220e-01 | Dynamic Loss: 8.220e-01 | Regularization Loss: 3.644e-07 | Val Loss: 7.415e-01 | Time: 9.03s
2025-08-20 02:43:02,953:INFO:Epoch: 3800/40000 | Train Loss: 2.289e-01 | Dynamic Loss: 2.289e-01 | Regularization Loss: 2.813e-07 | Val Loss: 5.828e-01 | Time: 12.45s
2025-08-20 02:43:12,042:INFO:Epoch: 3850/40000 | Train Loss: 3.308e-01 | Dynamic Loss: 3.308e-01 | Regularization Loss: 3.320e-07 | Val Loss: 3.462e-01 | Time: 9.09s
2025-08-20 02:43:21,259:INFO:Epoch: 3900/40000 | Train Loss: 3.130e-01 | Dynamic Loss: 3.130e-01 | Regularization Loss: 3.096e-07 | Val Loss: 3.279e-01 | Time: 9.22s
2025-08-20 02:43:30,333:INFO:Epoch: 3950/40000 | Train Loss: 2.625e-01 | Dynamic Loss: 2.625e-01 | Regularization Loss: 3.099e-07 | Val Loss: 2.851e-01 | Time: 9.07s
2025-08-20 02:43:39,381:INFO:Epoch: 4000/40000 | Train Loss: 2.862e-01 | Dynamic Loss: 2.862e-01 | Regularization Loss: 3.408e-07 | Val Loss: 3.183e-01 | Time: 9.05s
2025-08-20 02:43:50,397:INFO:Epoch: 4050/40000 | Train Loss: 2.208e-01 | Dynamic Loss: 2.208e-01 | Regularization Loss: 3.167e-07 | Val Loss: 7.170e-01 | Time: 11.02s
2025-08-20 02:43:59,433:INFO:Epoch: 4100/40000 | Train Loss: 2.294e-01 | Dynamic Loss: 2.294e-01 | Regularization Loss: 3.684e-07 | Val Loss: 2.310e-01 | Time: 9.04s
2025-08-20 02:43:59,433:INFO:New best model found at epoch 4100 with validation loss 2.310e-01. Saving...
2025-08-20 02:44:08,538:INFO:Epoch: 4150/40000 | Train Loss: 3.649e-01 | Dynamic Loss: 3.649e-01 | Regularization Loss: 3.566e-07 | Val Loss: 3.640e-01 | Time: 9.08s
2025-08-20 02:44:23,901:INFO:Epoch: 4200/40000 | Train Loss: 2.646e-01 | Dynamic Loss: 2.646e-01 | Regularization Loss: 3.481e-07 | Val Loss: 2.806e-01 | Time: 15.36s
2025-08-20 02:44:33,080:INFO:Epoch: 4250/40000 | Train Loss: 2.340e-01 | Dynamic Loss: 2.340e-01 | Regularization Loss: 3.756e-07 | Val Loss: 2.588e-01 | Time: 9.18s
2025-08-20 02:44:42,389:INFO:Epoch: 4300/40000 | Train Loss: 2.119e-01 | Dynamic Loss: 2.119e-01 | Regularization Loss: 4.218e-07 | Val Loss: 7.558e-01 | Time: 9.31s
2025-08-20 02:44:51,553:INFO:Epoch: 4350/40000 | Train Loss: 2.030e-01 | Dynamic Loss: 2.030e-01 | Regularization Loss: 3.510e-07 | Val Loss: 2.285e-01 | Time: 9.16s
2025-08-20 02:44:51,553:INFO:New best model found at epoch 4350 with validation loss 2.285e-01. Saving...
2025-08-20 02:45:00,595:INFO:Epoch: 4400/40000 | Train Loss: 2.874e-01 | Dynamic Loss: 2.874e-01 | Regularization Loss: 3.521e-07 | Val Loss: 2.834e-01 | Time: 9.02s
2025-08-20 02:45:09,654:INFO:Epoch: 4450/40000 | Train Loss: 2.081e-01 | Dynamic Loss: 2.081e-01 | Regularization Loss: 3.479e-07 | Val Loss: 2.344e-01 | Time: 9.06s
2025-08-20 02:45:18,632:INFO:Epoch: 4500/40000 | Train Loss: 2.093e-01 | Dynamic Loss: 2.093e-01 | Regularization Loss: 3.161e-07 | Val Loss: 2.211e-01 | Time: 8.98s
2025-08-20 02:45:18,632:INFO:New best model found at epoch 4500 with validation loss 2.211e-01. Saving...
2025-08-20 02:45:27,826:INFO:Epoch: 4550/40000 | Train Loss: 1.895e-01 | Dynamic Loss: 1.895e-01 | Regularization Loss: 3.106e-07 | Val Loss: 2.347e-01 | Time: 9.17s
2025-08-20 02:45:36,922:INFO:Epoch: 4600/40000 | Train Loss: 5.187e-01 | Dynamic Loss: 5.187e-01 | Regularization Loss: 2.850e-07 | Val Loss: 5.458e-01 | Time: 9.10s
2025-08-20 02:45:45,930:INFO:Epoch: 4650/40000 | Train Loss: 2.156e-01 | Dynamic Loss: 2.156e-01 | Regularization Loss: 2.682e-07 | Val Loss: 2.339e-01 | Time: 9.01s
2025-08-20 02:45:55,084:INFO:Epoch: 4700/40000 | Train Loss: 2.573e-01 | Dynamic Loss: 2.573e-01 | Regularization Loss: 2.778e-07 | Val Loss: 2.688e-01 | Time: 9.15s
2025-08-20 02:46:04,227:INFO:Epoch: 4750/40000 | Train Loss: 3.781e-01 | Dynamic Loss: 3.781e-01 | Regularization Loss: 1.351e-07 | Val Loss: 3.696e-01 | Time: 9.14s
2025-08-20 02:46:13,375:INFO:Epoch: 4800/40000 | Train Loss: 2.030e-01 | Dynamic Loss: 2.030e-01 | Regularization Loss: 1.082e-07 | Val Loss: 2.292e-01 | Time: 9.15s
2025-08-20 02:46:22,456:INFO:Epoch: 4850/40000 | Train Loss: 2.822e-01 | Dynamic Loss: 2.822e-01 | Regularization Loss: 1.041e-07 | Val Loss: 2.997e-01 | Time: 9.08s
2025-08-20 02:46:31,469:INFO:Epoch: 4900/40000 | Train Loss: 4.231e-01 | Dynamic Loss: 4.231e-01 | Regularization Loss: 8.177e-08 | Val Loss: 4.591e-01 | Time: 9.01s
2025-08-20 02:46:40,647:INFO:Epoch: 4950/40000 | Train Loss: 6.545e-01 | Dynamic Loss: 6.545e-01 | Regularization Loss: 8.672e-08 | Val Loss: 1.650e+00 | Time: 9.18s
2025-08-20 02:46:49,829:INFO:Epoch: 5000/40000 | Train Loss: 2.613e-01 | Dynamic Loss: 2.613e-01 | Regularization Loss: 1.190e-07 | Val Loss: 2.967e-01 | Time: 9.18s
2025-08-20 02:46:58,829:INFO:Epoch: 5050/40000 | Train Loss: 2.941e-01 | Dynamic Loss: 2.941e-01 | Regularization Loss: 1.286e-07 | Val Loss: 3.023e-01 | Time: 9.00s
2025-08-20 02:47:08,013:INFO:Epoch: 5100/40000 | Train Loss: 2.103e-01 | Dynamic Loss: 2.103e-01 | Regularization Loss: 1.534e-07 | Val Loss: 2.418e-01 | Time: 9.18s
2025-08-20 02:47:17,144:INFO:Epoch: 5150/40000 | Train Loss: 1.931e-01 | Dynamic Loss: 1.931e-01 | Regularization Loss: 1.751e-07 | Val Loss: 2.187e-01 | Time: 9.13s
2025-08-20 02:47:17,144:INFO:New best model found at epoch 5150 with validation loss 2.187e-01. Saving...
2025-08-20 02:47:26,235:INFO:Epoch: 5200/40000 | Train Loss: 2.755e-01 | Dynamic Loss: 2.755e-01 | Regularization Loss: 2.045e-07 | Val Loss: 2.780e-01 | Time: 9.07s
2025-08-20 02:47:35,272:INFO:Epoch: 5250/40000 | Train Loss: 1.599e-01 | Dynamic Loss: 1.599e-01 | Regularization Loss: 2.053e-07 | Val Loss: 1.877e-01 | Time: 9.04s
2025-08-20 02:47:35,272:INFO:New best model found at epoch 5250 with validation loss 1.877e-01. Saving...
2025-08-20 02:47:44,395:INFO:Epoch: 5300/40000 | Train Loss: 1.769e-01 | Dynamic Loss: 1.769e-01 | Regularization Loss: 1.928e-07 | Val Loss: 1.981e-01 | Time: 9.10s
2025-08-20 02:47:53,616:INFO:Epoch: 5350/40000 | Train Loss: 2.040e-01 | Dynamic Loss: 2.040e-01 | Regularization Loss: 2.049e-07 | Val Loss: 2.097e-01 | Time: 9.22s
2025-08-20 02:48:02,701:INFO:Epoch: 5400/40000 | Train Loss: 1.002e+00 | Dynamic Loss: 1.002e+00 | Regularization Loss: 1.315e-07 | Val Loss: 1.165e+00 | Time: 9.08s
2025-08-20 02:48:11,947:INFO:Epoch: 5450/40000 | Train Loss: 4.366e-01 | Dynamic Loss: 4.366e-01 | Regularization Loss: 1.249e-07 | Val Loss: 4.456e-01 | Time: 9.25s
2025-08-20 02:48:21,043:INFO:Epoch: 5500/40000 | Train Loss: 1.237e+00 | Dynamic Loss: 1.237e+00 | Regularization Loss: 1.027e-07 | Val Loss: 1.527e+00 | Time: 9.10s
2025-08-20 02:48:30,186:INFO:Epoch: 5550/40000 | Train Loss: 2.631e-01 | Dynamic Loss: 2.631e-01 | Regularization Loss: 1.135e-07 | Val Loss: 2.920e-01 | Time: 9.14s
2025-08-20 02:48:39,279:INFO:Epoch: 5600/40000 | Train Loss: 3.456e-01 | Dynamic Loss: 3.456e-01 | Regularization Loss: 1.118e-07 | Val Loss: 3.565e-01 | Time: 9.09s
2025-08-20 02:48:48,387:INFO:Epoch: 5650/40000 | Train Loss: 2.876e-01 | Dynamic Loss: 2.876e-01 | Regularization Loss: 9.863e-08 | Val Loss: 3.029e-01 | Time: 9.11s
2025-08-20 02:48:57,639:INFO:Epoch: 5700/40000 | Train Loss: 5.499e-01 | Dynamic Loss: 5.499e-01 | Regularization Loss: 8.058e-08 | Val Loss: 5.712e-01 | Time: 9.25s
2025-08-20 02:49:14,294:INFO:Epoch: 5750/40000 | Train Loss: 3.037e-01 | Dynamic Loss: 3.037e-01 | Regularization Loss: 7.547e-08 | Val Loss: 3.304e-01 | Time: 16.65s
2025-08-20 02:49:23,383:INFO:Epoch: 5800/40000 | Train Loss: 2.576e-01 | Dynamic Loss: 2.576e-01 | Regularization Loss: 8.190e-08 | Val Loss: 2.773e-01 | Time: 9.09s
2025-08-20 02:49:32,551:INFO:Epoch: 5850/40000 | Train Loss: 2.387e-01 | Dynamic Loss: 2.387e-01 | Regularization Loss: 8.959e-08 | Val Loss: 2.669e-01 | Time: 9.17s
2025-08-20 02:49:41,678:INFO:Epoch: 5900/40000 | Train Loss: 4.366e-01 | Dynamic Loss: 4.366e-01 | Regularization Loss: 1.221e-07 | Val Loss: 4.659e-01 | Time: 9.13s
2025-08-20 02:49:50,746:INFO:Epoch: 5950/40000 | Train Loss: 2.706e-01 | Dynamic Loss: 2.706e-01 | Regularization Loss: 1.123e-07 | Val Loss: 2.944e-01 | Time: 9.07s
2025-08-20 02:50:01,443:INFO:Epoch: 6000/40000 | Train Loss: 2.791e-01 | Dynamic Loss: 2.791e-01 | Regularization Loss: 1.047e-07 | Val Loss: 2.793e-01 | Time: 10.70s
2025-08-20 02:50:10,622:INFO:Epoch: 6050/40000 | Train Loss: 4.201e-01 | Dynamic Loss: 4.201e-01 | Regularization Loss: 9.324e-08 | Val Loss: 4.141e-01 | Time: 9.18s
2025-08-20 02:50:19,747:INFO:Epoch: 6100/40000 | Train Loss: 2.240e-01 | Dynamic Loss: 2.240e-01 | Regularization Loss: 8.099e-08 | Val Loss: 2.447e-01 | Time: 9.13s
2025-08-20 02:50:28,841:INFO:Epoch: 6150/40000 | Train Loss: 2.338e-01 | Dynamic Loss: 2.338e-01 | Regularization Loss: 6.765e-08 | Val Loss: 2.638e-01 | Time: 9.09s
2025-08-20 02:50:37,891:INFO:Epoch: 6200/40000 | Train Loss: 3.510e-01 | Dynamic Loss: 3.510e-01 | Regularization Loss: 6.508e-08 | Val Loss: 3.775e-01 | Time: 9.05s
2025-08-20 02:50:50,133:INFO:Epoch: 6250/40000 | Train Loss: 2.840e-01 | Dynamic Loss: 2.840e-01 | Regularization Loss: 5.462e-08 | Val Loss: 3.013e-01 | Time: 12.24s
2025-08-20 02:50:59,123:INFO:Epoch: 6300/40000 | Train Loss: 3.005e-01 | Dynamic Loss: 3.005e-01 | Regularization Loss: 4.932e-08 | Val Loss: 3.436e-01 | Time: 8.99s
2025-08-20 02:51:08,228:INFO:Epoch: 6350/40000 | Train Loss: 2.058e-01 | Dynamic Loss: 2.058e-01 | Regularization Loss: 4.601e-08 | Val Loss: 2.432e-01 | Time: 9.10s
2025-08-20 02:51:17,449:INFO:Epoch: 6400/40000 | Train Loss: 1.956e-01 | Dynamic Loss: 1.956e-01 | Regularization Loss: 3.977e-08 | Val Loss: 2.648e-01 | Time: 9.22s
2025-08-20 02:51:26,568:INFO:Epoch: 6450/40000 | Train Loss: 1.624e-01 | Dynamic Loss: 1.624e-01 | Regularization Loss: 4.225e-08 | Val Loss: 1.884e-01 | Time: 9.12s
2025-08-20 02:51:40,001:INFO:Epoch: 6500/40000 | Train Loss: 2.794e-01 | Dynamic Loss: 2.794e-01 | Regularization Loss: 2.212e-08 | Val Loss: 3.033e-01 | Time: 13.43s
2025-08-20 02:51:49,027:INFO:Epoch: 6550/40000 | Train Loss: 1.708e-01 | Dynamic Loss: 1.708e-01 | Regularization Loss: 2.301e-08 | Val Loss: 1.984e-01 | Time: 9.03s
2025-08-20 02:51:58,167:INFO:Epoch: 6600/40000 | Train Loss: 2.110e-01 | Dynamic Loss: 2.110e-01 | Regularization Loss: 2.011e-08 | Val Loss: 2.297e-01 | Time: 9.14s
2025-08-20 02:52:15,784:INFO:Epoch: 6650/40000 | Train Loss: 1.543e-01 | Dynamic Loss: 1.543e-01 | Regularization Loss: 2.087e-08 | Val Loss: 1.775e-01 | Time: 17.62s
2025-08-20 02:52:15,784:INFO:New best model found at epoch 6650 with validation loss 1.775e-01. Saving...
2025-08-20 02:52:24,917:INFO:Epoch: 6700/40000 | Train Loss: 2.814e-01 | Dynamic Loss: 2.814e-01 | Regularization Loss: 1.899e-08 | Val Loss: 2.989e-01 | Time: 9.11s
2025-08-20 02:52:34,152:INFO:Epoch: 6750/40000 | Train Loss: 1.567e-01 | Dynamic Loss: 1.567e-01 | Regularization Loss: 1.589e-08 | Val Loss: 1.839e-01 | Time: 9.23s
2025-08-20 02:52:43,239:INFO:Epoch: 6800/40000 | Train Loss: 1.386e+00 | Dynamic Loss: 1.386e+00 | Regularization Loss: 1.328e-08 | Val Loss: 1.691e+00 | Time: 9.09s
2025-08-20 02:52:52,288:INFO:Epoch: 6850/40000 | Train Loss: 2.841e-01 | Dynamic Loss: 2.841e-01 | Regularization Loss: 9.435e-09 | Val Loss: 3.065e-01 | Time: 9.05s
2025-08-20 02:53:09,219:INFO:Epoch: 6900/40000 | Train Loss: 2.038e-01 | Dynamic Loss: 2.038e-01 | Regularization Loss: 9.893e-09 | Val Loss: 2.128e-01 | Time: 16.93s
2025-08-20 02:53:18,334:INFO:Epoch: 6950/40000 | Train Loss: 1.509e-01 | Dynamic Loss: 1.509e-01 | Regularization Loss: 1.047e-08 | Val Loss: 1.767e-01 | Time: 9.12s
2025-08-20 02:53:18,334:INFO:New best model found at epoch 6950 with validation loss 1.767e-01. Saving...
2025-08-20 02:53:27,594:INFO:Epoch: 7000/40000 | Train Loss: 6.278e-01 | Dynamic Loss: 6.278e-01 | Regularization Loss: 1.235e-08 | Val Loss: 7.910e-01 | Time: 9.24s
2025-08-20 02:53:36,811:INFO:Epoch: 7050/40000 | Train Loss: 1.359e-01 | Dynamic Loss: 1.359e-01 | Regularization Loss: 1.065e-08 | Val Loss: 1.615e-01 | Time: 9.22s
2025-08-20 02:53:36,811:INFO:New best model found at epoch 7050 with validation loss 1.615e-01. Saving...
2025-08-20 02:53:46,054:INFO:Epoch: 7100/40000 | Train Loss: 1.322e-01 | Dynamic Loss: 1.322e-01 | Regularization Loss: 1.226e-08 | Val Loss: 1.564e-01 | Time: 9.22s
2025-08-20 02:53:46,054:INFO:New best model found at epoch 7100 with validation loss 1.564e-01. Saving...
2025-08-20 02:53:59,853:INFO:Epoch: 7150/40000 | Train Loss: 2.223e-01 | Dynamic Loss: 2.223e-01 | Regularization Loss: 1.518e-08 | Val Loss: 2.214e-01 | Time: 13.78s
2025-08-20 02:54:08,974:INFO:Epoch: 7200/40000 | Train Loss: 2.619e-01 | Dynamic Loss: 2.619e-01 | Regularization Loss: 1.509e-08 | Val Loss: 2.482e-01 | Time: 9.12s
2025-08-20 02:54:18,311:INFO:Epoch: 7250/40000 | Train Loss: 1.404e-01 | Dynamic Loss: 1.404e-01 | Regularization Loss: 1.447e-08 | Val Loss: 1.570e-01 | Time: 9.34s
2025-08-20 02:54:27,454:INFO:Epoch: 7300/40000 | Train Loss: 2.183e+00 | Dynamic Loss: 2.183e+00 | Regularization Loss: 1.722e-08 | Val Loss: 3.351e+00 | Time: 9.14s
2025-08-20 02:54:36,613:INFO:Epoch: 7350/40000 | Train Loss: 3.424e-01 | Dynamic Loss: 3.424e-01 | Regularization Loss: 1.140e-08 | Val Loss: 3.678e-01 | Time: 9.16s
2025-08-20 02:54:51,658:INFO:Epoch: 7400/40000 | Train Loss: 3.761e-01 | Dynamic Loss: 3.761e-01 | Regularization Loss: 8.525e-09 | Val Loss: 4.158e-01 | Time: 15.05s
2025-08-20 02:55:00,748:INFO:Epoch: 7450/40000 | Train Loss: 2.673e-01 | Dynamic Loss: 2.673e-01 | Regularization Loss: 7.625e-09 | Val Loss: 3.823e-01 | Time: 9.09s
2025-08-20 02:55:10,033:INFO:Epoch: 7500/40000 | Train Loss: 2.347e-01 | Dynamic Loss: 2.347e-01 | Regularization Loss: 7.304e-09 | Val Loss: 2.493e-01 | Time: 9.28s
2025-08-20 02:55:19,136:INFO:Epoch: 7550/40000 | Train Loss: 2.397e-01 | Dynamic Loss: 2.397e-01 | Regularization Loss: 6.502e-09 | Val Loss: 2.508e-01 | Time: 9.10s
2025-08-20 02:55:28,373:INFO:Epoch: 7600/40000 | Train Loss: 2.999e-01 | Dynamic Loss: 2.999e-01 | Regularization Loss: 5.261e-09 | Val Loss: 3.200e-01 | Time: 9.24s
2025-08-20 02:55:40,623:INFO:Epoch: 7650/40000 | Train Loss: 2.032e-01 | Dynamic Loss: 2.032e-01 | Regularization Loss: 4.012e-09 | Val Loss: 2.243e-01 | Time: 12.25s
2025-08-20 02:55:49,824:INFO:Epoch: 7700/40000 | Train Loss: 1.720e-01 | Dynamic Loss: 1.720e-01 | Regularization Loss: 3.878e-09 | Val Loss: 1.908e-01 | Time: 9.20s
2025-08-20 02:56:02,160:INFO:Epoch: 7750/40000 | Train Loss: 2.285e-01 | Dynamic Loss: 2.285e-01 | Regularization Loss: 3.761e-09 | Val Loss: 2.469e-01 | Time: 12.34s
2025-08-20 02:56:11,498:INFO:Epoch: 7800/40000 | Train Loss: 2.059e-01 | Dynamic Loss: 2.059e-01 | Regularization Loss: 2.677e-09 | Val Loss: 2.596e-01 | Time: 9.34s
2025-08-20 02:56:20,361:INFO:Epoch: 7850/40000 | Train Loss: 2.425e-01 | Dynamic Loss: 2.425e-01 | Regularization Loss: 2.049e-09 | Val Loss: 2.597e-01 | Time: 8.86s
2025-08-20 02:56:33,210:INFO:Epoch: 7900/40000 | Train Loss: 2.943e-01 | Dynamic Loss: 2.943e-01 | Regularization Loss: 1.467e-09 | Val Loss: 8.835e-01 | Time: 12.85s
2025-08-20 02:56:42,298:INFO:Epoch: 7950/40000 | Train Loss: 1.535e-01 | Dynamic Loss: 1.535e-01 | Regularization Loss: 1.198e-09 | Val Loss: 1.777e-01 | Time: 9.09s
2025-08-20 02:56:51,197:INFO:Epoch: 8000/40000 | Train Loss: 7.593e-01 | Dynamic Loss: 7.593e-01 | Regularization Loss: 3.229e-09 | Val Loss: 8.570e-01 | Time: 8.90s
2025-08-20 02:57:00,187:INFO:Epoch: 8050/40000 | Train Loss: 7.662e-01 | Dynamic Loss: 7.662e-01 | Regularization Loss: 3.440e-09 | Val Loss: 9.271e-01 | Time: 8.99s
2025-08-20 02:57:15,013:INFO:Epoch: 8100/40000 | Train Loss: 2.457e-01 | Dynamic Loss: 2.457e-01 | Regularization Loss: 2.948e-09 | Val Loss: 2.889e-01 | Time: 14.83s
2025-08-20 02:57:23,903:INFO:Epoch: 8150/40000 | Train Loss: 1.760e-01 | Dynamic Loss: 1.760e-01 | Regularization Loss: 3.183e-09 | Val Loss: 2.150e-01 | Time: 8.89s
2025-08-20 02:57:32,983:INFO:Epoch: 8200/40000 | Train Loss: 1.443e-01 | Dynamic Loss: 1.443e-01 | Regularization Loss: 3.531e-09 | Val Loss: 1.752e-01 | Time: 9.08s
2025-08-20 02:57:41,900:INFO:Epoch: 8250/40000 | Train Loss: 1.248e-01 | Dynamic Loss: 1.248e-01 | Regularization Loss: 3.943e-09 | Val Loss: 1.515e-01 | Time: 8.92s
2025-08-20 02:57:41,900:INFO:New best model found at epoch 8250 with validation loss 1.515e-01. Saving...
2025-08-20 02:57:57,064:INFO:Epoch: 8300/40000 | Train Loss: 1.166e-01 | Dynamic Loss: 1.166e-01 | Regularization Loss: 4.281e-09 | Val Loss: 1.423e-01 | Time: 15.14s
2025-08-20 02:57:57,064:INFO:New best model found at epoch 8300 with validation loss 1.423e-01. Saving...
2025-08-20 02:58:06,100:INFO:Epoch: 8350/40000 | Train Loss: 1.106e-01 | Dynamic Loss: 1.106e-01 | Regularization Loss: 4.725e-09 | Val Loss: 1.339e-01 | Time: 9.01s
2025-08-20 02:58:06,100:INFO:New best model found at epoch 8350 with validation loss 1.339e-01. Saving...
2025-08-20 02:58:15,068:INFO:Epoch: 8400/40000 | Train Loss: 1.216e-01 | Dynamic Loss: 1.216e-01 | Regularization Loss: 5.071e-09 | Val Loss: 1.289e-01 | Time: 8.95s
2025-08-20 02:58:15,068:INFO:New best model found at epoch 8400 with validation loss 1.289e-01. Saving...
2025-08-20 02:58:24,071:INFO:Epoch: 8450/40000 | Train Loss: 1.886e-01 | Dynamic Loss: 1.886e-01 | Regularization Loss: 4.689e-09 | Val Loss: 1.933e-01 | Time: 8.98s
2025-08-20 02:58:40,028:INFO:Epoch: 8500/40000 | Train Loss: 1.422e+00 | Dynamic Loss: 1.422e+00 | Regularization Loss: 2.925e-09 | Val Loss: 2.014e+00 | Time: 15.96s
2025-08-20 02:58:48,935:INFO:Epoch: 8550/40000 | Train Loss: 2.979e-01 | Dynamic Loss: 2.979e-01 | Regularization Loss: 2.432e-09 | Val Loss: 3.528e-01 | Time: 8.91s
2025-08-20 02:58:57,981:INFO:Epoch: 8600/40000 | Train Loss: 2.923e-01 | Dynamic Loss: 2.923e-01 | Regularization Loss: 1.908e-09 | Val Loss: 3.394e-01 | Time: 9.05s
2025-08-20 02:59:07,110:INFO:Epoch: 8650/40000 | Train Loss: 2.012e-01 | Dynamic Loss: 2.012e-01 | Regularization Loss: 1.968e-09 | Val Loss: 2.279e-01 | Time: 9.13s
2025-08-20 02:59:15,954:INFO:Epoch: 8700/40000 | Train Loss: 1.451e-01 | Dynamic Loss: 1.451e-01 | Regularization Loss: 2.008e-09 | Val Loss: 1.771e-01 | Time: 8.84s
2025-08-20 02:59:24,849:INFO:Epoch: 8750/40000 | Train Loss: 1.278e-01 | Dynamic Loss: 1.278e-01 | Regularization Loss: 2.137e-09 | Val Loss: 1.554e-01 | Time: 8.89s
2025-08-20 02:59:33,799:INFO:Epoch: 8800/40000 | Train Loss: 1.172e-01 | Dynamic Loss: 1.172e-01 | Regularization Loss: 2.238e-09 | Val Loss: 1.445e-01 | Time: 8.95s
2025-08-20 02:59:43,224:INFO:Epoch: 8850/40000 | Train Loss: 1.122e-01 | Dynamic Loss: 1.122e-01 | Regularization Loss: 2.240e-09 | Val Loss: 1.346e-01 | Time: 9.42s
2025-08-20 02:59:52,167:INFO:Epoch: 8900/40000 | Train Loss: 1.157e-01 | Dynamic Loss: 1.157e-01 | Regularization Loss: 2.406e-09 | Val Loss: 1.364e-01 | Time: 8.94s
2025-08-20 03:00:01,041:INFO:Epoch: 8950/40000 | Train Loss: 1.734e-01 | Dynamic Loss: 1.734e-01 | Regularization Loss: 2.575e-09 | Val Loss: 1.783e-01 | Time: 8.87s
2025-08-20 03:00:09,989:INFO:Epoch: 9000/40000 | Train Loss: 9.527e-02 | Dynamic Loss: 9.527e-02 | Regularization Loss: 2.590e-09 | Val Loss: 1.189e-01 | Time: 8.95s
2025-08-20 03:00:09,989:INFO:New best model found at epoch 9000 with validation loss 1.189e-01. Saving...
2025-08-20 03:00:26,975:INFO:Epoch: 9050/40000 | Train Loss: 9.785e-02 | Dynamic Loss: 9.785e-02 | Regularization Loss: 2.421e-09 | Val Loss: 1.229e-01 | Time: 16.96s
2025-08-20 03:00:35,992:INFO:Epoch: 9100/40000 | Train Loss: 9.358e-02 | Dynamic Loss: 9.358e-02 | Regularization Loss: 2.538e-09 | Val Loss: 1.174e-01 | Time: 9.02s
2025-08-20 03:00:35,992:INFO:New best model found at epoch 9100 with validation loss 1.174e-01. Saving...
2025-08-20 03:00:45,057:INFO:Epoch: 9150/40000 | Train Loss: 8.973e-02 | Dynamic Loss: 8.973e-02 | Regularization Loss: 2.611e-09 | Val Loss: 1.093e-01 | Time: 9.04s
2025-08-20 03:00:45,057:INFO:New best model found at epoch 9150 with validation loss 1.093e-01. Saving...
2025-08-20 03:00:53,974:INFO:Epoch: 9200/40000 | Train Loss: 2.431e+00 | Dynamic Loss: 2.431e+00 | Regularization Loss: 2.249e-09 | Val Loss: 1.907e+00 | Time: 8.90s
2025-08-20 03:01:06,896:INFO:Epoch: 9250/40000 | Train Loss: 1.106e-01 | Dynamic Loss: 1.106e-01 | Regularization Loss: 1.505e-09 | Val Loss: 1.428e-01 | Time: 12.92s
2025-08-20 03:01:15,862:INFO:Epoch: 9300/40000 | Train Loss: 9.268e-02 | Dynamic Loss: 9.268e-02 | Regularization Loss: 1.536e-09 | Val Loss: 1.199e-01 | Time: 8.97s
2025-08-20 03:01:24,884:INFO:Epoch: 9350/40000 | Train Loss: 8.887e-02 | Dynamic Loss: 8.887e-02 | Regularization Loss: 1.492e-09 | Val Loss: 1.159e-01 | Time: 9.02s
2025-08-20 03:01:37,511:INFO:Epoch: 9400/40000 | Train Loss: 1.374e+00 | Dynamic Loss: 1.374e+00 | Regularization Loss: 1.583e-09 | Val Loss: 1.157e+00 | Time: 12.63s
2025-08-20 03:01:46,451:INFO:Epoch: 9450/40000 | Train Loss: 1.307e-01 | Dynamic Loss: 1.307e-01 | Regularization Loss: 1.125e-09 | Val Loss: 1.618e-01 | Time: 8.94s
2025-08-20 03:01:55,466:INFO:Epoch: 9500/40000 | Train Loss: 9.904e-02 | Dynamic Loss: 9.904e-02 | Regularization Loss: 1.084e-09 | Val Loss: 1.265e-01 | Time: 9.02s
2025-08-20 03:02:04,281:INFO:Epoch: 9550/40000 | Train Loss: 8.863e-02 | Dynamic Loss: 8.863e-02 | Regularization Loss: 1.124e-09 | Val Loss: 1.141e-01 | Time: 8.81s
2025-08-20 03:02:16,031:INFO:Epoch: 9600/40000 | Train Loss: 1.026e-01 | Dynamic Loss: 1.026e-01 | Regularization Loss: 1.031e-09 | Val Loss: 1.241e-01 | Time: 11.75s
2025-08-20 03:02:25,091:INFO:Epoch: 9650/40000 | Train Loss: 1.802e-01 | Dynamic Loss: 1.802e-01 | Regularization Loss: 1.111e-09 | Val Loss: 1.918e-01 | Time: 9.06s
2025-08-20 03:02:34,152:INFO:Epoch: 9700/40000 | Train Loss: 5.378e-01 | Dynamic Loss: 5.378e-01 | Regularization Loss: 4.890e-10 | Val Loss: 5.851e-01 | Time: 9.06s
2025-08-20 03:02:45,163:INFO:Epoch: 9750/40000 | Train Loss: 3.929e-01 | Dynamic Loss: 3.929e-01 | Regularization Loss: 4.168e-10 | Val Loss: 4.364e-01 | Time: 11.01s
2025-08-20 03:02:54,083:INFO:Epoch: 9800/40000 | Train Loss: 1.999e-01 | Dynamic Loss: 1.999e-01 | Regularization Loss: 3.828e-10 | Val Loss: 2.268e-01 | Time: 8.92s
2025-08-20 03:03:03,139:INFO:Epoch: 9850/40000 | Train Loss: 4.135e-01 | Dynamic Loss: 4.135e-01 | Regularization Loss: 1.820e-10 | Val Loss: 4.992e-01 | Time: 9.06s
2025-08-20 03:03:12,177:INFO:Epoch: 9900/40000 | Train Loss: 1.951e-01 | Dynamic Loss: 1.951e-01 | Regularization Loss: 1.563e-10 | Val Loss: 2.542e-01 | Time: 9.04s
2025-08-20 03:03:21,086:INFO:Epoch: 9950/40000 | Train Loss: 7.821e-01 | Dynamic Loss: 7.821e-01 | Regularization Loss: 8.429e-11 | Val Loss: 9.141e-01 | Time: 8.91s
2025-08-20 03:03:30,045:INFO:Epoch: 10000/40000 | Train Loss: 1.483e+00 | Dynamic Loss: 1.483e+00 | Regularization Loss: 6.863e-11 | Val Loss: 1.525e+00 | Time: 8.96s
2025-08-20 03:03:39,022:INFO:Epoch: 10050/40000 | Train Loss: 1.224e+00 | Dynamic Loss: 1.224e+00 | Regularization Loss: 6.283e-11 | Val Loss: 1.372e+00 | Time: 8.98s
2025-08-20 03:03:53,767:INFO:Epoch: 10100/40000 | Train Loss: 6.362e-01 | Dynamic Loss: 6.362e-01 | Regularization Loss: 6.492e-11 | Val Loss: 6.827e-01 | Time: 14.74s
2025-08-20 03:04:02,711:INFO:Epoch: 10150/40000 | Train Loss: 6.390e-01 | Dynamic Loss: 6.390e-01 | Regularization Loss: 6.931e-11 | Val Loss: 6.780e-01 | Time: 8.94s
2025-08-20 03:04:11,630:INFO:Epoch: 10200/40000 | Train Loss: 6.810e-01 | Dynamic Loss: 6.810e-01 | Regularization Loss: 7.181e-11 | Val Loss: 7.473e-01 | Time: 8.92s
2025-08-20 03:04:20,857:INFO:Epoch: 10250/40000 | Train Loss: 4.669e-01 | Dynamic Loss: 4.669e-01 | Regularization Loss: 7.844e-11 | Val Loss: 5.111e-01 | Time: 9.23s
2025-08-20 03:04:29,821:INFO:Epoch: 10300/40000 | Train Loss: 3.913e-01 | Dynamic Loss: 3.913e-01 | Regularization Loss: 8.698e-11 | Val Loss: 4.390e-01 | Time: 8.96s
2025-08-20 03:04:38,841:INFO:Epoch: 10350/40000 | Train Loss: 3.412e-01 | Dynamic Loss: 3.412e-01 | Regularization Loss: 9.674e-11 | Val Loss: 3.817e-01 | Time: 9.02s
2025-08-20 03:04:47,802:INFO:Epoch: 10400/40000 | Train Loss: 2.980e-01 | Dynamic Loss: 2.980e-01 | Regularization Loss: 9.811e-11 | Val Loss: 3.328e-01 | Time: 8.96s
2025-08-20 03:05:02,761:INFO:Epoch: 10450/40000 | Train Loss: 2.823e-01 | Dynamic Loss: 2.823e-01 | Regularization Loss: 1.055e-10 | Val Loss: 3.119e-01 | Time: 14.96s
2025-08-20 03:05:11,709:INFO:Epoch: 10500/40000 | Train Loss: 2.574e-01 | Dynamic Loss: 2.574e-01 | Regularization Loss: 1.093e-10 | Val Loss: 2.877e-01 | Time: 8.95s
2025-08-20 03:05:20,637:INFO:Epoch: 10550/40000 | Train Loss: 3.035e-01 | Dynamic Loss: 3.035e-01 | Regularization Loss: 1.038e-10 | Val Loss: 3.082e-01 | Time: 8.93s
2025-08-20 03:05:29,636:INFO:Epoch: 10600/40000 | Train Loss: 2.022e-01 | Dynamic Loss: 2.022e-01 | Regularization Loss: 1.066e-10 | Val Loss: 2.274e-01 | Time: 9.00s
2025-08-20 03:05:45,865:INFO:Epoch: 10650/40000 | Train Loss: 3.653e-01 | Dynamic Loss: 3.653e-01 | Regularization Loss: 1.015e-10 | Val Loss: 3.934e-01 | Time: 16.23s
2025-08-20 03:05:54,758:INFO:Epoch: 10700/40000 | Train Loss: 1.828e-01 | Dynamic Loss: 1.828e-01 | Regularization Loss: 9.881e-11 | Val Loss: 2.067e-01 | Time: 8.89s
2025-08-20 03:06:03,804:INFO:Epoch: 10750/40000 | Train Loss: 1.670e-01 | Dynamic Loss: 1.670e-01 | Regularization Loss: 1.000e-10 | Val Loss: 1.883e-01 | Time: 9.05s
2025-08-20 03:06:12,718:INFO:Epoch: 10800/40000 | Train Loss: 1.574e-01 | Dynamic Loss: 1.574e-01 | Regularization Loss: 9.552e-11 | Val Loss: 1.785e-01 | Time: 8.91s
2025-08-20 03:06:28,711:INFO:Epoch: 10850/40000 | Train Loss: 1.645e-01 | Dynamic Loss: 1.645e-01 | Regularization Loss: 1.036e-10 | Val Loss: 1.878e-01 | Time: 15.99s
2025-08-20 03:06:37,833:INFO:Epoch: 10900/40000 | Train Loss: 1.473e-01 | Dynamic Loss: 1.473e-01 | Regularization Loss: 1.046e-10 | Val Loss: 1.665e-01 | Time: 9.12s
2025-08-20 03:06:46,785:INFO:Epoch: 10950/40000 | Train Loss: 1.335e-01 | Dynamic Loss: 1.335e-01 | Regularization Loss: 1.108e-10 | Val Loss: 1.561e-01 | Time: 8.95s
2025-08-20 03:06:56,392:INFO:Epoch: 11000/40000 | Train Loss: 1.204e-01 | Dynamic Loss: 1.204e-01 | Regularization Loss: 1.162e-10 | Val Loss: 1.382e-01 | Time: 9.61s
2025-08-20 03:07:05,316:INFO:Epoch: 11050/40000 | Train Loss: 1.567e-01 | Dynamic Loss: 1.567e-01 | Regularization Loss: 7.552e-11 | Val Loss: 1.837e-01 | Time: 8.92s
2025-08-20 03:07:14,330:INFO:Epoch: 11100/40000 | Train Loss: 1.236e-01 | Dynamic Loss: 1.236e-01 | Regularization Loss: 8.446e-11 | Val Loss: 1.452e-01 | Time: 9.01s
2025-08-20 03:07:23,408:INFO:Epoch: 11150/40000 | Train Loss: 9.460e-01 | Dynamic Loss: 9.460e-01 | Regularization Loss: 8.073e-11 | Val Loss: 1.018e+00 | Time: 9.08s
2025-08-20 03:07:32,359:INFO:Epoch: 11200/40000 | Train Loss: 1.224e-01 | Dynamic Loss: 1.224e-01 | Regularization Loss: 6.673e-11 | Val Loss: 1.440e-01 | Time: 8.95s
2025-08-20 03:07:41,316:INFO:Epoch: 11250/40000 | Train Loss: 1.115e-01 | Dynamic Loss: 1.115e-01 | Regularization Loss: 7.175e-11 | Val Loss: 1.289e-01 | Time: 8.96s
2025-08-20 03:07:50,416:INFO:Epoch: 11300/40000 | Train Loss: 1.283e-01 | Dynamic Loss: 1.283e-01 | Regularization Loss: 6.553e-11 | Val Loss: 1.474e-01 | Time: 9.10s
2025-08-20 03:08:02,321:INFO:Epoch: 11350/40000 | Train Loss: 1.057e-01 | Dynamic Loss: 1.057e-01 | Regularization Loss: 6.988e-11 | Val Loss: 1.236e-01 | Time: 11.90s
2025-08-20 03:08:11,178:INFO:Epoch: 11400/40000 | Train Loss: 9.635e-02 | Dynamic Loss: 9.635e-02 | Regularization Loss: 7.479e-11 | Val Loss: 1.129e-01 | Time: 8.86s
2025-08-20 03:08:20,223:INFO:Epoch: 11450/40000 | Train Loss: 9.514e-02 | Dynamic Loss: 9.514e-02 | Regularization Loss: 7.783e-11 | Val Loss: 1.141e-01 | Time: 9.04s
2025-08-20 03:08:29,025:INFO:Epoch: 11500/40000 | Train Loss: 9.739e-02 | Dynamic Loss: 9.739e-02 | Regularization Loss: 8.079e-11 | Val Loss: 1.127e-01 | Time: 8.80s
2025-08-20 03:08:46,097:INFO:Epoch: 11550/40000 | Train Loss: 8.515e-02 | Dynamic Loss: 8.515e-02 | Regularization Loss: 8.346e-11 | Val Loss: 1.080e-01 | Time: 17.07s
2025-08-20 03:08:46,097:INFO:New best model found at epoch 11550 with validation loss 1.080e-01. Saving...
2025-08-20 03:08:55,086:INFO:Epoch: 11600/40000 | Train Loss: 8.543e-02 | Dynamic Loss: 8.543e-02 | Regularization Loss: 8.195e-11 | Val Loss: 1.025e-01 | Time: 8.97s
2025-08-20 03:08:55,086:INFO:New best model found at epoch 11600 with validation loss 1.025e-01. Saving...
2025-08-20 03:09:04,051:INFO:Epoch: 11650/40000 | Train Loss: 9.735e-02 | Dynamic Loss: 9.735e-02 | Regularization Loss: 8.312e-11 | Val Loss: 1.040e-01 | Time: 8.94s
2025-08-20 03:09:12,964:INFO:Epoch: 11700/40000 | Train Loss: 7.828e-02 | Dynamic Loss: 7.828e-02 | Regularization Loss: 7.134e-11 | Val Loss: 9.693e-02 | Time: 8.91s
2025-08-20 03:09:12,965:INFO:New best model found at epoch 11700 with validation loss 9.693e-02. Saving...
2025-08-20 03:09:25,862:INFO:Epoch: 11750/40000 | Train Loss: 3.301e-01 | Dynamic Loss: 3.301e-01 | Regularization Loss: 5.423e-11 | Val Loss: 3.516e-01 | Time: 12.88s
2025-08-20 03:09:34,902:INFO:Epoch: 11800/40000 | Train Loss: 2.622e-01 | Dynamic Loss: 2.622e-01 | Regularization Loss: 4.136e-11 | Val Loss: 2.906e-01 | Time: 9.04s
2025-08-20 03:09:43,842:INFO:Epoch: 11850/40000 | Train Loss: 1.124e-01 | Dynamic Loss: 1.124e-01 | Regularization Loss: 4.371e-11 | Val Loss: 1.410e-01 | Time: 8.94s
2025-08-20 03:09:54,944:INFO:Epoch: 11900/40000 | Train Loss: 9.031e-02 | Dynamic Loss: 9.031e-02 | Regularization Loss: 4.785e-11 | Val Loss: 1.116e-01 | Time: 11.10s
2025-08-20 03:10:03,978:INFO:Epoch: 11950/40000 | Train Loss: 8.219e-02 | Dynamic Loss: 8.219e-02 | Regularization Loss: 4.979e-11 | Val Loss: 1.014e-01 | Time: 9.03s
2025-08-20 03:10:12,879:INFO:Epoch: 12000/40000 | Train Loss: 7.411e-02 | Dynamic Loss: 7.411e-02 | Regularization Loss: 5.080e-11 | Val Loss: 9.225e-02 | Time: 8.90s
2025-08-20 03:10:12,879:INFO:New best model found at epoch 12000 with validation loss 9.225e-02. Saving...
2025-08-20 03:10:22,136:INFO:Epoch: 12050/40000 | Train Loss: 7.109e-02 | Dynamic Loss: 7.109e-02 | Regularization Loss: 5.129e-11 | Val Loss: 8.969e-02 | Time: 9.24s
2025-08-20 03:10:22,136:INFO:New best model found at epoch 12050 with validation loss 8.969e-02. Saving...
2025-08-20 03:10:38,551:INFO:Epoch: 12100/40000 | Train Loss: 7.280e-02 | Dynamic Loss: 7.280e-02 | Regularization Loss: 5.188e-11 | Val Loss: 8.701e-02 | Time: 16.39s
2025-08-20 03:10:38,552:INFO:New best model found at epoch 12100 with validation loss 8.701e-02. Saving...
2025-08-20 03:10:47,571:INFO:Epoch: 12150/40000 | Train Loss: 6.591e-02 | Dynamic Loss: 6.591e-02 | Regularization Loss: 5.132e-11 | Val Loss: 8.354e-02 | Time: 9.00s
2025-08-20 03:10:47,571:INFO:New best model found at epoch 12150 with validation loss 8.354e-02. Saving...
2025-08-20 03:10:56,543:INFO:Epoch: 12200/40000 | Train Loss: 6.518e-02 | Dynamic Loss: 6.518e-02 | Regularization Loss: 5.124e-11 | Val Loss: 8.481e-02 | Time: 8.95s
2025-08-20 03:11:05,576:INFO:Epoch: 12250/40000 | Train Loss: 9.889e-02 | Dynamic Loss: 9.889e-02 | Regularization Loss: 3.672e-11 | Val Loss: 1.263e-01 | Time: 9.03s
2025-08-20 03:11:14,589:INFO:Epoch: 12300/40000 | Train Loss: 7.050e-02 | Dynamic Loss: 7.050e-02 | Regularization Loss: 3.814e-11 | Val Loss: 9.279e-02 | Time: 9.01s
2025-08-20 03:11:23,561:INFO:Epoch: 12350/40000 | Train Loss: 6.411e-02 | Dynamic Loss: 6.411e-02 | Regularization Loss: 3.972e-11 | Val Loss: 8.412e-02 | Time: 8.97s
2025-08-20 03:11:32,453:INFO:Epoch: 12400/40000 | Train Loss: 6.523e-02 | Dynamic Loss: 6.523e-02 | Regularization Loss: 4.116e-11 | Val Loss: 8.154e-02 | Time: 8.89s
2025-08-20 03:11:32,453:INFO:New best model found at epoch 12400 with validation loss 8.154e-02. Saving...
2025-08-20 03:11:48,525:INFO:Epoch: 12450/40000 | Train Loss: 7.026e-02 | Dynamic Loss: 7.026e-02 | Regularization Loss: 3.835e-11 | Val Loss: 8.722e-02 | Time: 16.05s
2025-08-20 03:11:57,518:INFO:Epoch: 12500/40000 | Train Loss: 5.942e-02 | Dynamic Loss: 5.942e-02 | Regularization Loss: 3.821e-11 | Val Loss: 7.746e-02 | Time: 8.99s
2025-08-20 03:11:57,518:INFO:New best model found at epoch 12500 with validation loss 7.746e-02. Saving...
2025-08-20 03:12:06,488:INFO:Epoch: 12550/40000 | Train Loss: 5.689e-02 | Dynamic Loss: 5.689e-02 | Regularization Loss: 3.960e-11 | Val Loss: 7.451e-02 | Time: 8.95s
2025-08-20 03:12:06,488:INFO:New best model found at epoch 12550 with validation loss 7.451e-02. Saving...
2025-08-20 03:12:15,582:INFO:Epoch: 12600/40000 | Train Loss: 5.546e-02 | Dynamic Loss: 5.546e-02 | Regularization Loss: 3.896e-11 | Val Loss: 7.408e-02 | Time: 9.07s
2025-08-20 03:12:15,582:INFO:New best model found at epoch 12600 with validation loss 7.408e-02. Saving...
2025-08-20 03:12:26,051:INFO:Epoch: 12650/40000 | Train Loss: 5.475e-02 | Dynamic Loss: 5.475e-02 | Regularization Loss: 3.992e-11 | Val Loss: 7.169e-02 | Time: 10.45s
2025-08-20 03:12:26,051:INFO:New best model found at epoch 12650 with validation loss 7.169e-02. Saving...
2025-08-20 03:12:34,986:INFO:Epoch: 12700/40000 | Train Loss: 5.300e-02 | Dynamic Loss: 5.300e-02 | Regularization Loss: 4.180e-11 | Val Loss: 6.892e-02 | Time: 8.92s
2025-08-20 03:12:34,986:INFO:New best model found at epoch 12700 with validation loss 6.892e-02. Saving...
2025-08-20 03:12:43,958:INFO:Epoch: 12750/40000 | Train Loss: 5.277e-02 | Dynamic Loss: 5.277e-02 | Regularization Loss: 4.003e-11 | Val Loss: 7.284e-02 | Time: 8.95s
2025-08-20 03:12:53,014:INFO:Epoch: 12800/40000 | Train Loss: 5.066e-02 | Dynamic Loss: 5.066e-02 | Regularization Loss: 4.079e-11 | Val Loss: 6.928e-02 | Time: 9.06s
2025-08-20 03:13:01,974:INFO:Epoch: 12850/40000 | Train Loss: 3.524e-01 | Dynamic Loss: 3.524e-01 | Regularization Loss: 3.593e-11 | Val Loss: 4.029e-01 | Time: 8.96s
2025-08-20 03:13:10,972:INFO:Epoch: 12900/40000 | Train Loss: 1.082e-01 | Dynamic Loss: 1.082e-01 | Regularization Loss: 2.685e-11 | Val Loss: 1.377e-01 | Time: 9.00s
2025-08-20 03:13:20,018:INFO:Epoch: 12950/40000 | Train Loss: 7.615e-02 | Dynamic Loss: 7.615e-02 | Regularization Loss: 3.187e-11 | Val Loss: 1.084e-01 | Time: 9.05s
2025-08-20 03:13:28,930:INFO:Epoch: 13000/40000 | Train Loss: 4.464e+00 | Dynamic Loss: 4.464e+00 | Regularization Loss: 3.404e-11 | Val Loss: 4.641e+00 | Time: 8.91s
2025-08-20 03:13:37,964:INFO:Epoch: 13050/40000 | Train Loss: 7.917e-01 | Dynamic Loss: 7.917e-01 | Regularization Loss: 7.205e-11 | Val Loss: 8.491e-01 | Time: 9.03s
2025-08-20 03:13:46,924:INFO:Epoch: 13100/40000 | Train Loss: 3.643e-01 | Dynamic Loss: 3.643e-01 | Regularization Loss: 9.233e-11 | Val Loss: 4.543e-01 | Time: 8.96s
2025-08-20 03:14:02,655:INFO:Epoch: 13150/40000 | Train Loss: 4.762e-01 | Dynamic Loss: 4.762e-01 | Regularization Loss: 1.041e-10 | Val Loss: 5.979e-01 | Time: 15.73s
2025-08-20 03:14:11,681:INFO:Epoch: 13200/40000 | Train Loss: 2.361e-01 | Dynamic Loss: 2.361e-01 | Regularization Loss: 1.275e-10 | Val Loss: 2.776e-01 | Time: 9.03s
2025-08-20 03:14:20,580:INFO:Epoch: 13250/40000 | Train Loss: 2.034e-01 | Dynamic Loss: 2.034e-01 | Regularization Loss: 1.367e-10 | Val Loss: 2.325e-01 | Time: 8.90s
2025-08-20 03:14:29,470:INFO:Epoch: 13300/40000 | Train Loss: 1.791e-01 | Dynamic Loss: 1.791e-01 | Regularization Loss: 1.503e-10 | Val Loss: 2.063e-01 | Time: 8.89s
2025-08-20 03:14:43,220:INFO:Epoch: 13350/40000 | Train Loss: 1.836e-01 | Dynamic Loss: 1.836e-01 | Regularization Loss: 1.699e-10 | Val Loss: 2.152e-01 | Time: 13.75s
2025-08-20 03:14:52,350:INFO:Epoch: 13400/40000 | Train Loss: 1.595e-01 | Dynamic Loss: 1.595e-01 | Regularization Loss: 1.814e-10 | Val Loss: 1.833e-01 | Time: 9.13s
2025-08-20 03:15:01,246:INFO:Epoch: 13450/40000 | Train Loss: 1.511e-01 | Dynamic Loss: 1.511e-01 | Regularization Loss: 1.675e-10 | Val Loss: 1.704e-01 | Time: 8.90s
2025-08-20 03:15:10,338:INFO:Epoch: 13500/40000 | Train Loss: 1.393e-01 | Dynamic Loss: 1.393e-01 | Regularization Loss: 1.482e-10 | Val Loss: 1.644e-01 | Time: 9.09s
2025-08-20 03:15:19,268:INFO:Epoch: 13550/40000 | Train Loss: 1.329e-01 | Dynamic Loss: 1.329e-01 | Regularization Loss: 1.554e-10 | Val Loss: 1.514e-01 | Time: 8.93s
2025-08-20 03:15:28,252:INFO:Epoch: 13600/40000 | Train Loss: 1.222e-01 | Dynamic Loss: 1.222e-01 | Regularization Loss: 1.462e-10 | Val Loss: 1.427e-01 | Time: 8.98s
2025-08-20 03:15:37,154:INFO:Epoch: 13650/40000 | Train Loss: 1.158e-01 | Dynamic Loss: 1.158e-01 | Regularization Loss: 1.482e-10 | Val Loss: 1.388e-01 | Time: 8.90s
2025-08-20 03:15:52,787:INFO:Epoch: 13700/40000 | Train Loss: 1.472e-01 | Dynamic Loss: 1.472e-01 | Regularization Loss: 1.482e-10 | Val Loss: 1.616e-01 | Time: 15.63s
2025-08-20 03:16:01,886:INFO:Epoch: 13750/40000 | Train Loss: 1.112e-01 | Dynamic Loss: 1.112e-01 | Regularization Loss: 1.419e-10 | Val Loss: 1.338e-01 | Time: 9.10s
2025-08-20 03:16:10,814:INFO:Epoch: 13800/40000 | Train Loss: 5.307e-01 | Dynamic Loss: 5.307e-01 | Regularization Loss: 1.390e-10 | Val Loss: 4.182e-01 | Time: 8.93s
2025-08-20 03:16:19,846:INFO:Epoch: 13850/40000 | Train Loss: 9.710e-02 | Dynamic Loss: 9.710e-02 | Regularization Loss: 1.019e-10 | Val Loss: 1.186e-01 | Time: 9.03s
2025-08-20 03:16:28,774:INFO:Epoch: 13900/40000 | Train Loss: 9.474e-02 | Dynamic Loss: 9.474e-02 | Regularization Loss: 9.982e-11 | Val Loss: 1.145e-01 | Time: 8.93s
2025-08-20 03:16:37,810:INFO:Epoch: 13950/40000 | Train Loss: 8.789e-02 | Dynamic Loss: 8.789e-02 | Regularization Loss: 9.523e-11 | Val Loss: 1.074e-01 | Time: 9.04s
2025-08-20 03:16:46,713:INFO:Epoch: 14000/40000 | Train Loss: 8.696e-02 | Dynamic Loss: 8.696e-02 | Regularization Loss: 9.290e-11 | Val Loss: 1.057e-01 | Time: 8.90s
2025-08-20 03:17:02,540:INFO:Epoch: 14050/40000 | Train Loss: 7.959e-02 | Dynamic Loss: 7.959e-02 | Regularization Loss: 8.753e-11 | Val Loss: 9.851e-02 | Time: 15.83s
2025-08-20 03:17:11,642:INFO:Epoch: 14100/40000 | Train Loss: 7.640e-02 | Dynamic Loss: 7.640e-02 | Regularization Loss: 8.434e-11 | Val Loss: 9.552e-02 | Time: 9.10s
2025-08-20 03:17:20,580:INFO:Epoch: 14150/40000 | Train Loss: 7.482e-02 | Dynamic Loss: 7.482e-02 | Regularization Loss: 7.716e-11 | Val Loss: 9.325e-02 | Time: 8.94s
2025-08-20 03:17:29,736:INFO:Epoch: 14200/40000 | Train Loss: 7.761e-02 | Dynamic Loss: 7.761e-02 | Regularization Loss: 7.002e-11 | Val Loss: 9.313e-02 | Time: 9.16s
2025-08-20 03:17:38,759:INFO:Epoch: 14250/40000 | Train Loss: 6.754e-02 | Dynamic Loss: 6.754e-02 | Regularization Loss: 4.822e-11 | Val Loss: 8.973e-02 | Time: 9.02s
2025-08-20 03:17:47,820:INFO:Epoch: 14300/40000 | Train Loss: 6.826e-02 | Dynamic Loss: 6.826e-02 | Regularization Loss: 4.615e-11 | Val Loss: 8.532e-02 | Time: 9.06s
2025-08-20 03:17:56,670:INFO:Epoch: 14350/40000 | Train Loss: 6.538e-02 | Dynamic Loss: 6.538e-02 | Regularization Loss: 4.137e-11 | Val Loss: 8.622e-02 | Time: 8.85s
2025-08-20 03:18:12,318:INFO:Epoch: 14400/40000 | Train Loss: 7.365e-02 | Dynamic Loss: 7.365e-02 | Regularization Loss: 3.631e-11 | Val Loss: 8.541e-02 | Time: 15.65s
2025-08-20 03:18:21,357:INFO:Epoch: 14450/40000 | Train Loss: 5.495e-02 | Dynamic Loss: 5.495e-02 | Regularization Loss: 3.149e-11 | Val Loss: 7.552e-02 | Time: 9.04s
2025-08-20 03:18:30,214:INFO:Epoch: 14500/40000 | Train Loss: 5.492e-02 | Dynamic Loss: 5.492e-02 | Regularization Loss: 2.863e-11 | Val Loss: 7.641e-02 | Time: 8.86s
2025-08-20 03:18:39,261:INFO:Epoch: 14550/40000 | Train Loss: 5.295e-02 | Dynamic Loss: 5.295e-02 | Regularization Loss: 2.565e-11 | Val Loss: 7.207e-02 | Time: 9.05s
2025-08-20 03:18:48,289:INFO:Epoch: 14600/40000 | Train Loss: 5.050e-02 | Dynamic Loss: 5.050e-02 | Regularization Loss: 2.609e-11 | Val Loss: 7.391e-02 | Time: 9.03s
2025-08-20 03:18:57,368:INFO:Epoch: 14650/40000 | Train Loss: 5.229e-02 | Dynamic Loss: 5.229e-02 | Regularization Loss: 2.360e-11 | Val Loss: 7.347e-02 | Time: 9.08s
2025-08-20 03:19:06,281:INFO:Epoch: 14700/40000 | Train Loss: 5.869e-02 | Dynamic Loss: 5.869e-02 | Regularization Loss: 2.243e-11 | Val Loss: 8.129e-02 | Time: 8.91s
2025-08-20 03:19:22,012:INFO:Epoch: 14750/40000 | Train Loss: 4.540e-02 | Dynamic Loss: 4.540e-02 | Regularization Loss: 2.179e-11 | Val Loss: 6.586e-02 | Time: 15.73s
2025-08-20 03:19:22,012:INFO:New best model found at epoch 14750 with validation loss 6.586e-02. Saving...
2025-08-20 03:19:31,064:INFO:Epoch: 14800/40000 | Train Loss: 4.635e-02 | Dynamic Loss: 4.635e-02 | Regularization Loss: 2.190e-11 | Val Loss: 6.481e-02 | Time: 9.01s
2025-08-20 03:19:31,064:INFO:New best model found at epoch 14800 with validation loss 6.481e-02. Saving...
2025-08-20 03:19:39,981:INFO:Epoch: 14850/40000 | Train Loss: 4.489e-02 | Dynamic Loss: 4.489e-02 | Regularization Loss: 1.665e-11 | Val Loss: 6.595e-02 | Time: 8.90s
2025-08-20 03:19:48,983:INFO:Epoch: 14900/40000 | Train Loss: 4.029e-02 | Dynamic Loss: 4.029e-02 | Regularization Loss: 1.691e-11 | Val Loss: 6.154e-02 | Time: 9.00s
2025-08-20 03:19:48,983:INFO:New best model found at epoch 14900 with validation loss 6.154e-02. Saving...
2025-08-20 03:19:57,973:INFO:Epoch: 14950/40000 | Train Loss: 4.506e-02 | Dynamic Loss: 4.506e-02 | Regularization Loss: 1.658e-11 | Val Loss: 6.335e-02 | Time: 8.97s
2025-08-20 03:20:07,092:INFO:Epoch: 15000/40000 | Train Loss: 1.720e+00 | Dynamic Loss: 1.720e+00 | Regularization Loss: 3.213e-11 | Val Loss: 2.306e+00 | Time: 9.12s
2025-08-20 03:20:16,032:INFO:Epoch: 15050/40000 | Train Loss: 3.918e-01 | Dynamic Loss: 3.918e-01 | Regularization Loss: 3.267e-11 | Val Loss: 4.308e-01 | Time: 8.94s
2025-08-20 03:20:31,631:INFO:Epoch: 15100/40000 | Train Loss: 2.744e-01 | Dynamic Loss: 2.744e-01 | Regularization Loss: 1.857e-11 | Val Loss: 3.003e-01 | Time: 15.60s
2025-08-20 03:20:40,666:INFO:Epoch: 15150/40000 | Train Loss: 1.787e-01 | Dynamic Loss: 1.787e-01 | Regularization Loss: 1.787e-11 | Val Loss: 2.020e-01 | Time: 9.04s
2025-08-20 03:20:49,580:INFO:Epoch: 15200/40000 | Train Loss: 1.516e-01 | Dynamic Loss: 1.516e-01 | Regularization Loss: 1.837e-11 | Val Loss: 1.713e-01 | Time: 8.91s
2025-08-20 03:20:58,609:INFO:Epoch: 15250/40000 | Train Loss: 1.551e-01 | Dynamic Loss: 1.551e-01 | Regularization Loss: 1.807e-11 | Val Loss: 1.542e-01 | Time: 9.03s
2025-08-20 03:21:07,599:INFO:Epoch: 15300/40000 | Train Loss: 1.197e-01 | Dynamic Loss: 1.197e-01 | Regularization Loss: 1.708e-11 | Val Loss: 1.369e-01 | Time: 8.99s
2025-08-20 03:21:16,641:INFO:Epoch: 15350/40000 | Train Loss: 1.092e-01 | Dynamic Loss: 1.092e-01 | Regularization Loss: 1.322e-11 | Val Loss: 1.286e-01 | Time: 9.04s
2025-08-20 03:21:25,464:INFO:Epoch: 15400/40000 | Train Loss: 1.082e-01 | Dynamic Loss: 1.082e-01 | Regularization Loss: 1.171e-11 | Val Loss: 1.386e-01 | Time: 8.82s
2025-08-20 03:21:42,044:INFO:Epoch: 15450/40000 | Train Loss: 9.792e-02 | Dynamic Loss: 9.792e-02 | Regularization Loss: 1.005e-11 | Val Loss: 1.116e-01 | Time: 16.58s
2025-08-20 03:21:51,077:INFO:Epoch: 15500/40000 | Train Loss: 9.403e-02 | Dynamic Loss: 9.403e-02 | Regularization Loss: 8.572e-12 | Val Loss: 1.073e-01 | Time: 9.03s
2025-08-20 03:21:59,993:INFO:Epoch: 15550/40000 | Train Loss: 7.859e-02 | Dynamic Loss: 7.859e-02 | Regularization Loss: 7.186e-12 | Val Loss: 9.915e-02 | Time: 8.92s
2025-08-20 03:22:09,033:INFO:Epoch: 15600/40000 | Train Loss: 8.417e-02 | Dynamic Loss: 8.417e-02 | Regularization Loss: 6.344e-12 | Val Loss: 1.053e-01 | Time: 9.04s
2025-08-20 03:22:18,016:INFO:Epoch: 15650/40000 | Train Loss: 7.379e-02 | Dynamic Loss: 7.379e-02 | Regularization Loss: 5.250e-12 | Val Loss: 9.657e-02 | Time: 8.98s
2025-08-20 03:22:27,064:INFO:Epoch: 15700/40000 | Train Loss: 7.306e-02 | Dynamic Loss: 7.306e-02 | Regularization Loss: 4.364e-12 | Val Loss: 9.429e-02 | Time: 9.05s
2025-08-20 03:22:35,969:INFO:Epoch: 15750/40000 | Train Loss: 7.303e-02 | Dynamic Loss: 7.303e-02 | Regularization Loss: 3.510e-12 | Val Loss: 1.027e-01 | Time: 8.91s
2025-08-20 03:22:50,852:INFO:Epoch: 15800/40000 | Train Loss: 8.426e-02 | Dynamic Loss: 8.426e-02 | Regularization Loss: 2.761e-12 | Val Loss: 1.056e-01 | Time: 14.88s
2025-08-20 03:22:59,876:INFO:Epoch: 15850/40000 | Train Loss: 2.305e+00 | Dynamic Loss: 2.305e+00 | Regularization Loss: 1.390e-11 | Val Loss: 3.296e+00 | Time: 9.02s
2025-08-20 03:23:08,785:INFO:Epoch: 15900/40000 | Train Loss: 1.446e+00 | Dynamic Loss: 1.446e+00 | Regularization Loss: 2.072e-10 | Val Loss: 1.791e+00 | Time: 8.91s
2025-08-20 03:23:17,810:INFO:Epoch: 15950/40000 | Train Loss: 1.404e+00 | Dynamic Loss: 1.404e+00 | Regularization Loss: 2.711e-10 | Val Loss: 1.509e+00 | Time: 9.03s
2025-08-20 03:23:26,675:INFO:Epoch: 16000/40000 | Train Loss: 5.648e-01 | Dynamic Loss: 5.648e-01 | Regularization Loss: 2.223e-10 | Val Loss: 6.639e-01 | Time: 8.86s
2025-08-20 03:23:35,702:INFO:Epoch: 16050/40000 | Train Loss: 4.333e-01 | Dynamic Loss: 4.333e-01 | Regularization Loss: 2.744e-10 | Val Loss: 5.357e-01 | Time: 9.03s
2025-08-20 03:23:44,619:INFO:Epoch: 16100/40000 | Train Loss: 3.538e-01 | Dynamic Loss: 3.538e-01 | Regularization Loss: 2.632e-10 | Val Loss: 4.102e-01 | Time: 8.92s
2025-08-20 03:24:00,880:INFO:Epoch: 16150/40000 | Train Loss: 2.829e-01 | Dynamic Loss: 2.829e-01 | Regularization Loss: 2.878e-10 | Val Loss: 3.501e-01 | Time: 16.26s
2025-08-20 03:24:09,932:INFO:Epoch: 16200/40000 | Train Loss: 2.695e-01 | Dynamic Loss: 2.695e-01 | Regularization Loss: 2.524e-10 | Val Loss: 3.192e-01 | Time: 9.05s
2025-08-20 03:24:18,865:INFO:Epoch: 16250/40000 | Train Loss: 2.196e-01 | Dynamic Loss: 2.196e-01 | Regularization Loss: 3.111e-10 | Val Loss: 2.596e-01 | Time: 8.93s
2025-08-20 03:24:27,827:INFO:Epoch: 16300/40000 | Train Loss: 2.026e-01 | Dynamic Loss: 2.026e-01 | Regularization Loss: 3.403e-10 | Val Loss: 2.331e-01 | Time: 8.96s
2025-08-20 03:24:37,253:INFO:Epoch: 16350/40000 | Train Loss: 1.878e-01 | Dynamic Loss: 1.878e-01 | Regularization Loss: 3.607e-10 | Val Loss: 2.462e-01 | Time: 9.43s
2025-08-20 03:24:46,343:INFO:Epoch: 16400/40000 | Train Loss: 1.845e-01 | Dynamic Loss: 1.845e-01 | Regularization Loss: 4.128e-10 | Val Loss: 2.201e-01 | Time: 9.09s
2025-08-20 03:24:55,275:INFO:Epoch: 16450/40000 | Train Loss: 1.796e-01 | Dynamic Loss: 1.796e-01 | Regularization Loss: 4.932e-10 | Val Loss: 2.212e-01 | Time: 8.93s
2025-08-20 03:25:06,560:INFO:Epoch: 16500/40000 | Train Loss: 1.631e-01 | Dynamic Loss: 1.631e-01 | Regularization Loss: 5.241e-10 | Val Loss: 1.917e-01 | Time: 11.28s
2025-08-20 03:25:15,511:INFO:Epoch: 16550/40000 | Train Loss: 1.688e-01 | Dynamic Loss: 1.688e-01 | Regularization Loss: 5.317e-10 | Val Loss: 1.855e-01 | Time: 8.95s
2025-08-20 03:25:24,509:INFO:Epoch: 16600/40000 | Train Loss: 1.768e-01 | Dynamic Loss: 1.768e-01 | Regularization Loss: 5.302e-10 | Val Loss: 2.354e-01 | Time: 9.00s
2025-08-20 03:25:33,400:INFO:Epoch: 16650/40000 | Train Loss: 1.393e-01 | Dynamic Loss: 1.393e-01 | Regularization Loss: 5.218e-10 | Val Loss: 1.655e-01 | Time: 8.89s
2025-08-20 03:25:43,407:INFO:Epoch: 16700/40000 | Train Loss: 1.244e-01 | Dynamic Loss: 1.244e-01 | Regularization Loss: 4.956e-10 | Val Loss: 1.542e-01 | Time: 10.01s
2025-08-20 03:25:52,566:INFO:Epoch: 16750/40000 | Train Loss: 1.508e-01 | Dynamic Loss: 1.508e-01 | Regularization Loss: 4.622e-10 | Val Loss: 1.784e-01 | Time: 9.16s
2025-08-20 03:26:01,602:INFO:Epoch: 16800/40000 | Train Loss: 1.285e-01 | Dynamic Loss: 1.285e-01 | Regularization Loss: 4.194e-10 | Val Loss: 1.583e-01 | Time: 9.04s
2025-08-20 03:26:10,868:INFO:Epoch: 16850/40000 | Train Loss: 1.116e-01 | Dynamic Loss: 1.116e-01 | Regularization Loss: 3.733e-10 | Val Loss: 1.363e-01 | Time: 9.26s
2025-08-20 03:26:19,819:INFO:Epoch: 16900/40000 | Train Loss: 2.544e-01 | Dynamic Loss: 2.544e-01 | Regularization Loss: 1.348e-09 | Val Loss: 2.874e-01 | Time: 8.95s
2025-08-20 03:26:28,762:INFO:Epoch: 16950/40000 | Train Loss: 1.351e-01 | Dynamic Loss: 1.351e-01 | Regularization Loss: 1.266e-09 | Val Loss: 1.657e-01 | Time: 8.94s
2025-08-20 03:26:37,712:INFO:Epoch: 17000/40000 | Train Loss: 1.151e-01 | Dynamic Loss: 1.151e-01 | Regularization Loss: 1.170e-09 | Val Loss: 1.385e-01 | Time: 8.95s
2025-08-20 03:26:55,045:INFO:Epoch: 17050/40000 | Train Loss: 1.099e-01 | Dynamic Loss: 1.099e-01 | Regularization Loss: 1.151e-09 | Val Loss: 1.357e-01 | Time: 17.33s
2025-08-20 03:27:04,091:INFO:Epoch: 17100/40000 | Train Loss: 1.049e-01 | Dynamic Loss: 1.049e-01 | Regularization Loss: 1.068e-09 | Val Loss: 1.416e-01 | Time: 9.05s
2025-08-20 03:27:13,120:INFO:Epoch: 17150/40000 | Train Loss: 1.053e-01 | Dynamic Loss: 1.053e-01 | Regularization Loss: 9.571e-10 | Val Loss: 1.382e-01 | Time: 9.03s
2025-08-20 03:27:22,312:INFO:Epoch: 17200/40000 | Train Loss: 9.221e-02 | Dynamic Loss: 9.221e-02 | Regularization Loss: 8.637e-10 | Val Loss: 1.176e-01 | Time: 9.19s
2025-08-20 03:27:35,706:INFO:Epoch: 17250/40000 | Train Loss: 2.754e-01 | Dynamic Loss: 2.754e-01 | Regularization Loss: 6.782e-10 | Val Loss: 2.591e-01 | Time: 13.39s
2025-08-20 03:27:44,666:INFO:Epoch: 17300/40000 | Train Loss: 8.568e-02 | Dynamic Loss: 8.568e-02 | Regularization Loss: 5.943e-10 | Val Loss: 1.103e-01 | Time: 8.96s
2025-08-20 03:27:53,683:INFO:Epoch: 17350/40000 | Train Loss: 8.250e-02 | Dynamic Loss: 8.250e-02 | Regularization Loss: 5.636e-10 | Val Loss: 1.051e-01 | Time: 9.02s
2025-08-20 03:28:08,635:INFO:Epoch: 17400/40000 | Train Loss: 8.273e-02 | Dynamic Loss: 8.273e-02 | Regularization Loss: 5.087e-10 | Val Loss: 1.021e-01 | Time: 14.95s
2025-08-20 03:28:17,639:INFO:Epoch: 17450/40000 | Train Loss: 8.638e-02 | Dynamic Loss: 8.638e-02 | Regularization Loss: 4.473e-10 | Val Loss: 1.019e-01 | Time: 9.00s
2025-08-20 03:28:26,627:INFO:Epoch: 17500/40000 | Train Loss: 7.885e-02 | Dynamic Loss: 7.885e-02 | Regularization Loss: 3.936e-10 | Val Loss: 1.043e-01 | Time: 8.99s
2025-08-20 03:28:35,700:INFO:Epoch: 17550/40000 | Train Loss: 1.056e-01 | Dynamic Loss: 1.056e-01 | Regularization Loss: 3.444e-10 | Val Loss: 1.128e-01 | Time: 9.07s
2025-08-20 03:28:44,583:INFO:Epoch: 17600/40000 | Train Loss: 8.829e-02 | Dynamic Loss: 8.829e-02 | Regularization Loss: 2.936e-10 | Val Loss: 1.000e-01 | Time: 8.88s
2025-08-20 03:28:53,603:INFO:Epoch: 17650/40000 | Train Loss: 7.755e-02 | Dynamic Loss: 7.755e-02 | Regularization Loss: 2.584e-10 | Val Loss: 1.110e-01 | Time: 9.02s
2025-08-20 03:29:02,673:INFO:Epoch: 17700/40000 | Train Loss: 6.800e-02 | Dynamic Loss: 6.800e-02 | Regularization Loss: 2.212e-10 | Val Loss: 9.121e-02 | Time: 9.07s
2025-08-20 03:29:17,830:INFO:Epoch: 17750/40000 | Train Loss: 7.888e-02 | Dynamic Loss: 7.888e-02 | Regularization Loss: 1.898e-10 | Val Loss: 9.366e-02 | Time: 15.16s
2025-08-20 03:29:26,922:INFO:Epoch: 17800/40000 | Train Loss: 6.867e-02 | Dynamic Loss: 6.867e-02 | Regularization Loss: 1.609e-10 | Val Loss: 9.326e-02 | Time: 9.09s
2025-08-20 03:29:35,863:INFO:Epoch: 17850/40000 | Train Loss: 5.843e-02 | Dynamic Loss: 5.843e-02 | Regularization Loss: 1.328e-10 | Val Loss: 8.177e-02 | Time: 8.94s
2025-08-20 03:29:44,869:INFO:Epoch: 17900/40000 | Train Loss: 6.144e-02 | Dynamic Loss: 6.144e-02 | Regularization Loss: 1.217e-10 | Val Loss: 9.382e-02 | Time: 9.01s
2025-08-20 03:29:53,923:INFO:Epoch: 17950/40000 | Train Loss: 5.614e-02 | Dynamic Loss: 5.614e-02 | Regularization Loss: 1.025e-10 | Val Loss: 8.180e-02 | Time: 9.05s
2025-08-20 03:30:03,062:INFO:Epoch: 18000/40000 | Train Loss: 5.892e-02 | Dynamic Loss: 5.892e-02 | Regularization Loss: 8.987e-11 | Val Loss: 8.521e-02 | Time: 9.14s
2025-08-20 03:30:12,130:INFO:Epoch: 18050/40000 | Train Loss: 6.124e-02 | Dynamic Loss: 6.124e-02 | Regularization Loss: 7.800e-11 | Val Loss: 1.064e-01 | Time: 9.07s
2025-08-20 03:30:21,096:INFO:Epoch: 18100/40000 | Train Loss: 4.989e-02 | Dynamic Loss: 4.989e-02 | Regularization Loss: 7.050e-11 | Val Loss: 7.142e-02 | Time: 8.97s
2025-08-20 03:30:30,081:INFO:Epoch: 18150/40000 | Train Loss: 1.055e-01 | Dynamic Loss: 1.055e-01 | Regularization Loss: 6.287e-11 | Val Loss: 9.662e-02 | Time: 8.99s
2025-08-20 03:30:39,031:INFO:Epoch: 18200/40000 | Train Loss: 5.053e-02 | Dynamic Loss: 5.053e-02 | Regularization Loss: 5.371e-11 | Val Loss: 7.363e-02 | Time: 8.95s
2025-08-20 03:30:53,503:INFO:Epoch: 18250/40000 | Train Loss: 1.104e-01 | Dynamic Loss: 1.104e-01 | Regularization Loss: 3.607e-11 | Val Loss: 1.360e-01 | Time: 14.47s
2025-08-20 03:31:02,534:INFO:Epoch: 18300/40000 | Train Loss: 4.500e-02 | Dynamic Loss: 4.500e-02 | Regularization Loss: 2.329e-11 | Val Loss: 6.651e-02 | Time: 9.03s
2025-08-20 03:31:11,553:INFO:Epoch: 18350/40000 | Train Loss: 5.331e-02 | Dynamic Loss: 5.331e-02 | Regularization Loss: 2.232e-11 | Val Loss: 6.754e-02 | Time: 9.02s
2025-08-20 03:31:20,598:INFO:Epoch: 18400/40000 | Train Loss: 5.335e-02 | Dynamic Loss: 5.335e-02 | Regularization Loss: 1.947e-11 | Val Loss: 7.363e-02 | Time: 9.04s
2025-08-20 03:31:38,120:INFO:Epoch: 18450/40000 | Train Loss: 5.238e-02 | Dynamic Loss: 5.238e-02 | Regularization Loss: 1.880e-11 | Val Loss: 7.150e-02 | Time: 17.52s
2025-08-20 03:31:47,135:INFO:Epoch: 18500/40000 | Train Loss: 5.330e-02 | Dynamic Loss: 5.330e-02 | Regularization Loss: 1.669e-11 | Val Loss: 7.884e-02 | Time: 9.02s
2025-08-20 03:31:56,105:INFO:Epoch: 18550/40000 | Train Loss: 4.157e-02 | Dynamic Loss: 4.157e-02 | Regularization Loss: 1.497e-11 | Val Loss: 6.399e-02 | Time: 8.97s
2025-08-20 03:32:05,082:INFO:Epoch: 18600/40000 | Train Loss: 4.141e-02 | Dynamic Loss: 4.141e-02 | Regularization Loss: 1.452e-11 | Val Loss: 6.235e-02 | Time: 8.98s
2025-08-20 03:32:14,173:INFO:Epoch: 18650/40000 | Train Loss: 4.302e-02 | Dynamic Loss: 4.302e-02 | Regularization Loss: 1.299e-11 | Val Loss: 6.560e-02 | Time: 9.09s
2025-08-20 03:32:23,143:INFO:Epoch: 18700/40000 | Train Loss: 5.273e-02 | Dynamic Loss: 5.273e-02 | Regularization Loss: 1.141e-11 | Val Loss: 7.070e-02 | Time: 8.97s
2025-08-20 03:32:32,100:INFO:Epoch: 18750/40000 | Train Loss: 3.886e-02 | Dynamic Loss: 3.886e-02 | Regularization Loss: 1.049e-11 | Val Loss: 6.160e-02 | Time: 8.96s
2025-08-20 03:32:48,981:INFO:Epoch: 18800/40000 | Train Loss: 4.207e-02 | Dynamic Loss: 4.207e-02 | Regularization Loss: 6.138e-12 | Val Loss: 6.414e-02 | Time: 16.88s
2025-08-20 03:32:57,943:INFO:Epoch: 18850/40000 | Train Loss: 3.969e-02 | Dynamic Loss: 3.969e-02 | Regularization Loss: 5.649e-12 | Val Loss: 6.002e-02 | Time: 8.96s
2025-08-20 03:32:57,943:INFO:New best model found at epoch 18850 with validation loss 6.002e-02. Saving...
2025-08-20 03:33:06,968:INFO:Epoch: 18900/40000 | Train Loss: 4.428e-02 | Dynamic Loss: 4.428e-02 | Regularization Loss: 4.964e-12 | Val Loss: 6.497e-02 | Time: 9.00s
2025-08-20 03:33:16,102:INFO:Epoch: 18950/40000 | Train Loss: 4.434e-02 | Dynamic Loss: 4.434e-02 | Regularization Loss: 4.666e-12 | Val Loss: 6.873e-02 | Time: 9.13s
2025-08-20 03:33:25,100:INFO:Epoch: 19000/40000 | Train Loss: 3.732e-02 | Dynamic Loss: 3.732e-02 | Regularization Loss: 4.172e-12 | Val Loss: 6.126e-02 | Time: 9.00s
2025-08-20 03:33:34,055:INFO:Epoch: 19050/40000 | Train Loss: 3.805e-02 | Dynamic Loss: 3.805e-02 | Regularization Loss: 3.847e-12 | Val Loss: 5.835e-02 | Time: 8.96s
2025-08-20 03:33:34,055:INFO:New best model found at epoch 19050 with validation loss 5.835e-02. Saving...
2025-08-20 03:33:43,164:INFO:Epoch: 19100/40000 | Train Loss: 5.007e-02 | Dynamic Loss: 5.007e-02 | Regularization Loss: 3.546e-12 | Val Loss: 7.103e-02 | Time: 9.09s
2025-08-20 03:33:59,051:INFO:Epoch: 19150/40000 | Train Loss: 3.386e-02 | Dynamic Loss: 3.386e-02 | Regularization Loss: 3.398e-12 | Val Loss: 5.614e-02 | Time: 15.89s
2025-08-20 03:33:59,052:INFO:New best model found at epoch 19150 with validation loss 5.614e-02. Saving...
2025-08-20 03:34:08,051:INFO:Epoch: 19200/40000 | Train Loss: 4.384e-02 | Dynamic Loss: 4.384e-02 | Regularization Loss: 2.967e-12 | Val Loss: 6.205e-02 | Time: 8.98s
2025-08-20 03:34:17,013:INFO:Epoch: 19250/40000 | Train Loss: 3.776e-02 | Dynamic Loss: 3.776e-02 | Regularization Loss: 3.022e-12 | Val Loss: 5.981e-02 | Time: 8.96s
2025-08-20 03:34:26,089:INFO:Epoch: 19300/40000 | Train Loss: 3.480e-02 | Dynamic Loss: 3.480e-02 | Regularization Loss: 2.852e-12 | Val Loss: 5.689e-02 | Time: 9.08s
2025-08-20 03:34:35,088:INFO:Epoch: 19350/40000 | Train Loss: 3.479e-02 | Dynamic Loss: 3.479e-02 | Regularization Loss: 2.625e-12 | Val Loss: 5.712e-02 | Time: 9.00s
2025-08-20 03:34:44,176:INFO:Epoch: 19400/40000 | Train Loss: 3.582e-02 | Dynamic Loss: 3.582e-02 | Regularization Loss: 2.394e-12 | Val Loss: 5.722e-02 | Time: 9.09s
2025-08-20 03:34:53,189:INFO:Epoch: 19450/40000 | Train Loss: 3.586e-02 | Dynamic Loss: 3.586e-02 | Regularization Loss: 2.395e-12 | Val Loss: 5.494e-02 | Time: 9.01s
2025-08-20 03:34:53,189:INFO:New best model found at epoch 19450 with validation loss 5.494e-02. Saving...
2025-08-20 03:35:03,540:INFO:Epoch: 19500/40000 | Train Loss: 5.811e-02 | Dynamic Loss: 5.811e-02 | Regularization Loss: 1.866e-12 | Val Loss: 6.244e-02 | Time: 10.33s
2025-08-20 03:35:12,535:INFO:Epoch: 19550/40000 | Train Loss: 3.135e-02 | Dynamic Loss: 3.135e-02 | Regularization Loss: 1.748e-12 | Val Loss: 5.284e-02 | Time: 9.00s
2025-08-20 03:35:12,535:INFO:New best model found at epoch 19550 with validation loss 5.284e-02. Saving...
2025-08-20 03:35:21,634:INFO:Epoch: 19600/40000 | Train Loss: 3.996e-02 | Dynamic Loss: 3.996e-02 | Regularization Loss: 1.593e-12 | Val Loss: 5.648e-02 | Time: 9.08s
2025-08-20 03:35:34,239:INFO:Epoch: 19650/40000 | Train Loss: 3.902e-02 | Dynamic Loss: 3.902e-02 | Regularization Loss: 1.449e-12 | Val Loss: 6.550e-02 | Time: 12.60s
2025-08-20 03:35:43,229:INFO:Epoch: 19700/40000 | Train Loss: 3.301e-02 | Dynamic Loss: 3.301e-02 | Regularization Loss: 8.085e-13 | Val Loss: 5.376e-02 | Time: 8.99s
2025-08-20 03:35:52,156:INFO:Epoch: 19750/40000 | Train Loss: 3.458e-02 | Dynamic Loss: 3.458e-02 | Regularization Loss: 6.686e-13 | Val Loss: 5.334e-02 | Time: 8.93s
2025-08-20 03:36:01,235:INFO:Epoch: 19800/40000 | Train Loss: 3.146e-02 | Dynamic Loss: 3.146e-02 | Regularization Loss: 6.010e-13 | Val Loss: 5.399e-02 | Time: 9.08s
2025-08-20 03:36:10,474:INFO:Epoch: 19850/40000 | Train Loss: 2.737e-02 | Dynamic Loss: 2.737e-02 | Regularization Loss: 7.266e-13 | Val Loss: 4.895e-02 | Time: 9.24s
2025-08-20 03:36:10,474:INFO:New best model found at epoch 19850 with validation loss 4.895e-02. Saving...
2025-08-20 03:36:19,484:INFO:Epoch: 19900/40000 | Train Loss: 2.889e-02 | Dynamic Loss: 2.889e-02 | Regularization Loss: 6.334e-13 | Val Loss: 5.156e-02 | Time: 8.95s
2025-08-20 03:36:28,451:INFO:Epoch: 19950/40000 | Train Loss: 2.975e-02 | Dynamic Loss: 2.975e-02 | Regularization Loss: 6.077e-13 | Val Loss: 5.201e-02 | Time: 8.97s
2025-08-20 03:36:39,536:INFO:Epoch: 20000/40000 | Train Loss: 3.192e-02 | Dynamic Loss: 3.192e-02 | Regularization Loss: 5.784e-13 | Val Loss: 5.253e-02 | Time: 11.09s
2025-08-20 03:36:48,544:INFO:Epoch: 20050/40000 | Train Loss: 3.351e-02 | Dynamic Loss: 3.351e-02 | Regularization Loss: 5.440e-13 | Val Loss: 5.262e-02 | Time: 9.01s
2025-08-20 03:36:57,411:INFO:Epoch: 20100/40000 | Train Loss: 2.850e-02 | Dynamic Loss: 2.850e-02 | Regularization Loss: 5.068e-13 | Val Loss: 5.002e-02 | Time: 8.87s
2025-08-20 03:37:06,434:INFO:Epoch: 20150/40000 | Train Loss: 3.423e-02 | Dynamic Loss: 3.423e-02 | Regularization Loss: 4.795e-13 | Val Loss: 5.011e-02 | Time: 9.02s
2025-08-20 03:37:15,455:INFO:Epoch: 20200/40000 | Train Loss: 2.613e-02 | Dynamic Loss: 2.613e-02 | Regularization Loss: 4.961e-13 | Val Loss: 4.981e-02 | Time: 9.02s
2025-08-20 03:37:24,484:INFO:Epoch: 20250/40000 | Train Loss: 3.125e-02 | Dynamic Loss: 3.125e-02 | Regularization Loss: 4.346e-13 | Val Loss: 5.406e-02 | Time: 9.03s
2025-08-20 03:37:33,506:INFO:Epoch: 20300/40000 | Train Loss: 2.678e-02 | Dynamic Loss: 2.678e-02 | Regularization Loss: 4.062e-13 | Val Loss: 4.841e-02 | Time: 9.02s
2025-08-20 03:37:33,507:INFO:New best model found at epoch 20300 with validation loss 4.841e-02. Saving...
2025-08-20 03:37:48,389:INFO:Epoch: 20350/40000 | Train Loss: 2.833e-02 | Dynamic Loss: 2.833e-02 | Regularization Loss: 3.662e-13 | Val Loss: 5.354e-02 | Time: 14.86s
2025-08-20 03:37:57,356:INFO:Epoch: 20400/40000 | Train Loss: 2.500e-02 | Dynamic Loss: 2.500e-02 | Regularization Loss: 3.466e-13 | Val Loss: 4.737e-02 | Time: 8.97s
2025-08-20 03:37:57,356:INFO:New best model found at epoch 20400 with validation loss 4.737e-02. Saving...
2025-08-20 03:38:06,353:INFO:Epoch: 20450/40000 | Train Loss: 2.507e-02 | Dynamic Loss: 2.507e-02 | Regularization Loss: 3.374e-13 | Val Loss: 4.627e-02 | Time: 8.98s
2025-08-20 03:38:06,353:INFO:New best model found at epoch 20450 with validation loss 4.627e-02. Saving...
2025-08-20 03:38:15,420:INFO:Epoch: 20500/40000 | Train Loss: 2.856e-02 | Dynamic Loss: 2.856e-02 | Regularization Loss: 3.081e-13 | Val Loss: 4.976e-02 | Time: 9.05s
2025-08-20 03:38:24,458:INFO:Epoch: 20550/40000 | Train Loss: 2.592e-02 | Dynamic Loss: 2.592e-02 | Regularization Loss: 3.126e-13 | Val Loss: 4.766e-02 | Time: 9.04s
2025-08-20 03:38:33,374:INFO:Epoch: 20600/40000 | Train Loss: 3.620e-02 | Dynamic Loss: 3.620e-02 | Regularization Loss: 2.802e-13 | Val Loss: 5.061e-02 | Time: 8.92s
2025-08-20 03:38:42,304:INFO:Epoch: 20650/40000 | Train Loss: 2.540e-02 | Dynamic Loss: 2.540e-02 | Regularization Loss: 2.562e-13 | Val Loss: 4.456e-02 | Time: 8.93s
2025-08-20 03:38:42,304:INFO:New best model found at epoch 20650 with validation loss 4.456e-02. Saving...
2025-08-20 03:38:57,272:INFO:Epoch: 20700/40000 | Train Loss: 2.309e-02 | Dynamic Loss: 2.309e-02 | Regularization Loss: 2.514e-13 | Val Loss: 4.453e-02 | Time: 14.95s
2025-08-20 03:38:57,272:INFO:New best model found at epoch 20700 with validation loss 4.453e-02. Saving...
2025-08-20 03:39:06,245:INFO:Epoch: 20750/40000 | Train Loss: 2.809e-02 | Dynamic Loss: 2.809e-02 | Regularization Loss: 2.316e-13 | Val Loss: 5.412e-02 | Time: 8.95s
2025-08-20 03:39:15,156:INFO:Epoch: 20800/40000 | Train Loss: 2.643e-02 | Dynamic Loss: 2.643e-02 | Regularization Loss: 2.156e-13 | Val Loss: 4.782e-02 | Time: 8.91s
2025-08-20 03:39:24,192:INFO:Epoch: 20850/40000 | Train Loss: 2.467e-02 | Dynamic Loss: 2.467e-02 | Regularization Loss: 1.998e-13 | Val Loss: 4.399e-02 | Time: 9.04s
2025-08-20 03:39:24,192:INFO:New best model found at epoch 20850 with validation loss 4.399e-02. Saving...
2025-08-20 03:39:33,157:INFO:Epoch: 20900/40000 | Train Loss: 2.046e-02 | Dynamic Loss: 2.046e-02 | Regularization Loss: 1.938e-13 | Val Loss: 4.178e-02 | Time: 8.94s
2025-08-20 03:39:33,157:INFO:New best model found at epoch 20900 with validation loss 4.178e-02. Saving...
2025-08-20 03:39:42,169:INFO:Epoch: 20950/40000 | Train Loss: 2.324e-02 | Dynamic Loss: 2.324e-02 | Regularization Loss: 1.835e-13 | Val Loss: 4.476e-02 | Time: 8.99s
2025-08-20 03:39:51,115:INFO:Epoch: 21000/40000 | Train Loss: 2.296e-02 | Dynamic Loss: 2.296e-02 | Regularization Loss: 1.808e-13 | Val Loss: 4.348e-02 | Time: 8.95s
2025-08-20 03:40:06,034:INFO:Epoch: 21050/40000 | Train Loss: 2.261e-02 | Dynamic Loss: 2.261e-02 | Regularization Loss: 1.693e-13 | Val Loss: 4.307e-02 | Time: 14.92s
2025-08-20 03:40:14,984:INFO:Epoch: 21100/40000 | Train Loss: 2.959e-02 | Dynamic Loss: 2.959e-02 | Regularization Loss: 1.677e-13 | Val Loss: 4.572e-02 | Time: 8.95s
2025-08-20 03:40:23,877:INFO:Epoch: 21150/40000 | Train Loss: 2.287e-02 | Dynamic Loss: 2.287e-02 | Regularization Loss: 1.546e-13 | Val Loss: 4.318e-02 | Time: 8.89s
2025-08-20 03:40:33,001:INFO:Epoch: 21200/40000 | Train Loss: 2.626e-02 | Dynamic Loss: 2.626e-02 | Regularization Loss: 1.519e-13 | Val Loss: 4.478e-02 | Time: 9.12s
2025-08-20 03:40:42,043:INFO:Epoch: 21250/40000 | Train Loss: 2.069e-02 | Dynamic Loss: 2.069e-02 | Regularization Loss: 1.367e-13 | Val Loss: 4.152e-02 | Time: 9.04s
2025-08-20 03:40:42,043:INFO:New best model found at epoch 21250 with validation loss 4.152e-02. Saving...
2025-08-20 03:40:51,072:INFO:Epoch: 21300/40000 | Train Loss: 2.521e-02 | Dynamic Loss: 2.521e-02 | Regularization Loss: 1.289e-13 | Val Loss: 4.652e-02 | Time: 9.01s
2025-08-20 03:41:00,005:INFO:Epoch: 21350/40000 | Train Loss: 2.002e-02 | Dynamic Loss: 2.002e-02 | Regularization Loss: 1.232e-13 | Val Loss: 4.056e-02 | Time: 8.93s
2025-08-20 03:41:00,005:INFO:New best model found at epoch 21350 with validation loss 4.056e-02. Saving...
2025-08-20 03:41:10,551:INFO:Epoch: 21400/40000 | Train Loss: 2.399e-02 | Dynamic Loss: 2.399e-02 | Regularization Loss: 1.157e-13 | Val Loss: 4.342e-02 | Time: 10.53s
2025-08-20 03:41:19,528:INFO:Epoch: 21450/40000 | Train Loss: 2.783e-02 | Dynamic Loss: 2.783e-02 | Regularization Loss: 1.152e-13 | Val Loss: 4.300e-02 | Time: 8.98s
2025-08-20 03:41:28,454:INFO:Epoch: 21500/40000 | Train Loss: 1.996e-02 | Dynamic Loss: 1.996e-02 | Regularization Loss: 1.083e-13 | Val Loss: 4.192e-02 | Time: 8.93s
2025-08-20 03:41:37,651:INFO:Epoch: 21550/40000 | Train Loss: 2.213e-02 | Dynamic Loss: 2.213e-02 | Regularization Loss: 1.099e-13 | Val Loss: 4.136e-02 | Time: 9.20s
2025-08-20 03:41:46,778:INFO:Epoch: 21600/40000 | Train Loss: 2.608e-02 | Dynamic Loss: 2.608e-02 | Regularization Loss: 9.355e-14 | Val Loss: 5.134e-02 | Time: 9.13s
2025-08-20 03:41:55,699:INFO:Epoch: 21650/40000 | Train Loss: 3.619e-02 | Dynamic Loss: 3.619e-02 | Regularization Loss: 6.814e-14 | Val Loss: 5.577e-02 | Time: 8.92s
2025-08-20 03:42:04,684:INFO:Epoch: 21700/40000 | Train Loss: 2.048e-02 | Dynamic Loss: 2.048e-02 | Regularization Loss: 5.408e-14 | Val Loss: 4.128e-02 | Time: 8.99s
2025-08-20 03:42:16,105:INFO:Epoch: 21750/40000 | Train Loss: 1.948e-02 | Dynamic Loss: 1.948e-02 | Regularization Loss: 5.295e-14 | Val Loss: 3.860e-02 | Time: 11.42s
2025-08-20 03:42:16,105:INFO:New best model found at epoch 21750 with validation loss 3.860e-02. Saving...
2025-08-20 03:42:25,056:INFO:Epoch: 21800/40000 | Train Loss: 2.706e-02 | Dynamic Loss: 2.706e-02 | Regularization Loss: 5.803e-14 | Val Loss: 4.656e-02 | Time: 8.93s
2025-08-20 03:42:33,956:INFO:Epoch: 21850/40000 | Train Loss: 1.832e-02 | Dynamic Loss: 1.832e-02 | Regularization Loss: 4.803e-14 | Val Loss: 3.970e-02 | Time: 8.90s
2025-08-20 03:42:42,967:INFO:Epoch: 21900/40000 | Train Loss: 1.848e-02 | Dynamic Loss: 1.848e-02 | Regularization Loss: 4.454e-14 | Val Loss: 3.888e-02 | Time: 9.01s
2025-08-20 03:42:51,892:INFO:Epoch: 21950/40000 | Train Loss: 2.374e-02 | Dynamic Loss: 2.374e-02 | Regularization Loss: 4.293e-14 | Val Loss: 3.894e-02 | Time: 8.93s
2025-08-20 03:43:00,922:INFO:Epoch: 22000/40000 | Train Loss: 1.831e-02 | Dynamic Loss: 1.831e-02 | Regularization Loss: 4.138e-14 | Val Loss: 3.769e-02 | Time: 9.03s
2025-08-20 03:43:00,922:INFO:New best model found at epoch 22000 with validation loss 3.769e-02. Saving...
2025-08-20 03:43:09,877:INFO:Epoch: 22050/40000 | Train Loss: 2.326e-02 | Dynamic Loss: 2.326e-02 | Regularization Loss: 3.936e-14 | Val Loss: 4.148e-02 | Time: 8.94s
2025-08-20 03:43:27,045:INFO:Epoch: 22100/40000 | Train Loss: 1.757e-02 | Dynamic Loss: 1.757e-02 | Regularization Loss: 2.990e-14 | Val Loss: 3.836e-02 | Time: 17.17s
2025-08-20 03:43:36,008:INFO:Epoch: 22150/40000 | Train Loss: 2.567e-02 | Dynamic Loss: 2.567e-02 | Regularization Loss: 2.907e-14 | Val Loss: 4.169e-02 | Time: 8.96s
2025-08-20 03:43:44,954:INFO:Epoch: 22200/40000 | Train Loss: 2.123e-02 | Dynamic Loss: 2.123e-02 | Regularization Loss: 2.691e-14 | Val Loss: 3.966e-02 | Time: 8.95s
2025-08-20 03:44:01,390:INFO:Epoch: 22250/40000 | Train Loss: 2.406e-02 | Dynamic Loss: 2.406e-02 | Regularization Loss: 2.468e-14 | Val Loss: 3.894e-02 | Time: 16.44s
2025-08-20 03:44:10,403:INFO:Epoch: 22300/40000 | Train Loss: 2.091e-02 | Dynamic Loss: 2.091e-02 | Regularization Loss: 2.337e-14 | Val Loss: 4.004e-02 | Time: 9.01s
2025-08-20 03:44:19,335:INFO:Epoch: 22350/40000 | Train Loss: 1.847e-02 | Dynamic Loss: 1.847e-02 | Regularization Loss: 2.189e-14 | Val Loss: 3.812e-02 | Time: 8.93s
2025-08-20 03:44:28,389:INFO:Epoch: 22400/40000 | Train Loss: 2.121e-02 | Dynamic Loss: 2.121e-02 | Regularization Loss: 1.965e-14 | Val Loss: 4.240e-02 | Time: 9.05s
2025-08-20 03:44:37,341:INFO:Epoch: 22450/40000 | Train Loss: 1.774e-02 | Dynamic Loss: 1.774e-02 | Regularization Loss: 1.830e-14 | Val Loss: 3.834e-02 | Time: 8.95s
2025-08-20 03:44:46,287:INFO:Epoch: 22500/40000 | Train Loss: 2.849e-02 | Dynamic Loss: 2.849e-02 | Regularization Loss: 1.642e-14 | Val Loss: 3.700e-02 | Time: 8.95s
2025-08-20 03:44:46,287:INFO:New best model found at epoch 22500 with validation loss 3.700e-02. Saving...
2025-08-20 03:44:55,255:INFO:Epoch: 22550/40000 | Train Loss: 2.468e-02 | Dynamic Loss: 2.468e-02 | Regularization Loss: 1.684e-14 | Val Loss: 4.135e-02 | Time: 8.95s
2025-08-20 03:45:09,624:INFO:Epoch: 22600/40000 | Train Loss: 1.454e-02 | Dynamic Loss: 1.454e-02 | Regularization Loss: 1.604e-14 | Val Loss: 3.427e-02 | Time: 14.37s
2025-08-20 03:45:09,624:INFO:New best model found at epoch 22600 with validation loss 3.427e-02. Saving...
2025-08-20 03:45:18,563:INFO:Epoch: 22650/40000 | Train Loss: 1.538e-02 | Dynamic Loss: 1.538e-02 | Regularization Loss: 1.388e-14 | Val Loss: 3.695e-02 | Time: 8.92s
2025-08-20 03:45:27,534:INFO:Epoch: 22700/40000 | Train Loss: 1.701e-02 | Dynamic Loss: 1.701e-02 | Regularization Loss: 1.304e-14 | Val Loss: 3.809e-02 | Time: 8.97s
2025-08-20 03:45:36,504:INFO:Epoch: 22750/40000 | Train Loss: 1.638e-02 | Dynamic Loss: 1.638e-02 | Regularization Loss: 1.268e-14 | Val Loss: 3.557e-02 | Time: 8.97s
2025-08-20 03:45:45,433:INFO:Epoch: 22800/40000 | Train Loss: 1.760e-02 | Dynamic Loss: 1.760e-02 | Regularization Loss: 1.258e-14 | Val Loss: 3.891e-02 | Time: 8.93s
2025-08-20 03:45:54,449:INFO:Epoch: 22850/40000 | Train Loss: 1.468e-02 | Dynamic Loss: 1.468e-02 | Regularization Loss: 1.174e-14 | Val Loss: 3.488e-02 | Time: 9.02s
2025-08-20 03:46:03,403:INFO:Epoch: 22900/40000 | Train Loss: 1.538e-02 | Dynamic Loss: 1.538e-02 | Regularization Loss: 1.128e-14 | Val Loss: 3.801e-02 | Time: 8.95s
2025-08-20 03:46:16,848:INFO:Epoch: 22950/40000 | Train Loss: 1.565e-02 | Dynamic Loss: 1.565e-02 | Regularization Loss: 1.075e-14 | Val Loss: 3.502e-02 | Time: 13.44s
2025-08-20 03:46:25,815:INFO:Epoch: 23000/40000 | Train Loss: 1.759e-02 | Dynamic Loss: 1.759e-02 | Regularization Loss: 1.010e-14 | Val Loss: 3.985e-02 | Time: 8.97s
2025-08-20 03:46:34,738:INFO:Epoch: 23050/40000 | Train Loss: 1.515e-02 | Dynamic Loss: 1.515e-02 | Regularization Loss: 9.477e-15 | Val Loss: 3.642e-02 | Time: 8.92s
2025-08-20 03:46:43,824:INFO:Epoch: 23100/40000 | Train Loss: 2.220e-02 | Dynamic Loss: 2.220e-02 | Regularization Loss: 8.759e-15 | Val Loss: 3.500e-02 | Time: 9.09s
2025-08-20 03:46:52,783:INFO:Epoch: 23150/40000 | Train Loss: 1.444e-02 | Dynamic Loss: 1.444e-02 | Regularization Loss: 4.571e-15 | Val Loss: 3.365e-02 | Time: 8.96s
2025-08-20 03:46:52,783:INFO:New best model found at epoch 23150 with validation loss 3.365e-02. Saving...
2025-08-20 03:47:01,770:INFO:Epoch: 23200/40000 | Train Loss: 1.470e-02 | Dynamic Loss: 1.470e-02 | Regularization Loss: 4.118e-15 | Val Loss: 3.518e-02 | Time: 8.97s
2025-08-20 03:47:10,677:INFO:Epoch: 23250/40000 | Train Loss: 1.831e-02 | Dynamic Loss: 1.831e-02 | Regularization Loss: 3.992e-15 | Val Loss: 3.822e-02 | Time: 8.91s
2025-08-20 03:47:19,939:INFO:Epoch: 23300/40000 | Train Loss: 1.328e-02 | Dynamic Loss: 1.328e-02 | Regularization Loss: 3.816e-15 | Val Loss: 3.289e-02 | Time: 9.26s
2025-08-20 03:47:19,939:INFO:New best model found at epoch 23300 with validation loss 3.289e-02. Saving...
2025-08-20 03:47:28,975:INFO:Epoch: 23350/40000 | Train Loss: 1.674e-02 | Dynamic Loss: 1.674e-02 | Regularization Loss: 3.679e-15 | Val Loss: 3.651e-02 | Time: 9.02s
2025-08-20 03:47:37,995:INFO:Epoch: 23400/40000 | Train Loss: 1.551e-02 | Dynamic Loss: 1.551e-02 | Regularization Loss: 3.508e-15 | Val Loss: 3.401e-02 | Time: 9.02s
2025-08-20 03:47:47,019:INFO:Epoch: 23450/40000 | Train Loss: 1.302e-02 | Dynamic Loss: 1.302e-02 | Regularization Loss: 3.283e-15 | Val Loss: 3.242e-02 | Time: 9.02s
2025-08-20 03:47:47,019:INFO:New best model found at epoch 23450 with validation loss 3.242e-02. Saving...
2025-08-20 03:47:56,097:INFO:Epoch: 23500/40000 | Train Loss: 1.643e-02 | Dynamic Loss: 1.643e-02 | Regularization Loss: 3.071e-15 | Val Loss: 3.566e-02 | Time: 9.06s
2025-08-20 03:48:05,083:INFO:Epoch: 23550/40000 | Train Loss: 1.479e-02 | Dynamic Loss: 1.479e-02 | Regularization Loss: 2.805e-15 | Val Loss: 3.668e-02 | Time: 8.99s
2025-08-20 03:48:14,055:INFO:Epoch: 23600/40000 | Train Loss: 1.327e-02 | Dynamic Loss: 1.327e-02 | Regularization Loss: 2.580e-15 | Val Loss: 3.330e-02 | Time: 8.97s
2025-08-20 03:48:23,210:INFO:Epoch: 23650/40000 | Train Loss: 1.815e-02 | Dynamic Loss: 1.815e-02 | Regularization Loss: 2.460e-15 | Val Loss: 3.710e-02 | Time: 9.16s
2025-08-20 03:48:32,182:INFO:Epoch: 23700/40000 | Train Loss: 1.416e-02 | Dynamic Loss: 1.416e-02 | Regularization Loss: 2.163e-15 | Val Loss: 3.544e-02 | Time: 8.97s
2025-08-20 03:48:41,231:INFO:Epoch: 23750/40000 | Train Loss: 2.384e-01 | Dynamic Loss: 2.384e-01 | Regularization Loss: 2.035e-15 | Val Loss: 2.314e-01 | Time: 9.05s
2025-08-20 03:48:50,184:INFO:Epoch: 23800/40000 | Train Loss: 1.128e-02 | Dynamic Loss: 1.128e-02 | Regularization Loss: 2.093e-15 | Val Loss: 3.052e-02 | Time: 8.95s
2025-08-20 03:48:50,184:INFO:New best model found at epoch 23800 with validation loss 3.052e-02. Saving...
2025-08-20 03:49:04,127:INFO:Epoch: 23850/40000 | Train Loss: 1.313e-02 | Dynamic Loss: 1.313e-02 | Regularization Loss: 1.903e-15 | Val Loss: 3.258e-02 | Time: 13.92s
2025-08-20 03:49:13,038:INFO:Epoch: 23900/40000 | Train Loss: 1.894e-02 | Dynamic Loss: 1.894e-02 | Regularization Loss: 1.835e-15 | Val Loss: 4.031e-02 | Time: 8.91s
2025-08-20 03:49:21,920:INFO:Epoch: 23950/40000 | Train Loss: 1.303e-02 | Dynamic Loss: 1.303e-02 | Regularization Loss: 1.767e-15 | Val Loss: 3.260e-02 | Time: 8.88s
2025-08-20 03:49:30,980:INFO:Epoch: 24000/40000 | Train Loss: 1.263e-02 | Dynamic Loss: 1.263e-02 | Regularization Loss: 1.198e-15 | Val Loss: 2.993e-02 | Time: 9.06s
2025-08-20 03:49:30,980:INFO:New best model found at epoch 24000 with validation loss 2.993e-02. Saving...
2025-08-20 03:49:39,952:INFO:Epoch: 24050/40000 | Train Loss: 1.423e-02 | Dynamic Loss: 1.423e-02 | Regularization Loss: 1.090e-15 | Val Loss: 3.225e-02 | Time: 8.95s
2025-08-20 03:49:48,996:INFO:Epoch: 24100/40000 | Train Loss: 1.256e-02 | Dynamic Loss: 1.256e-02 | Regularization Loss: 1.042e-15 | Val Loss: 3.123e-02 | Time: 9.04s
2025-08-20 03:49:57,989:INFO:Epoch: 24150/40000 | Train Loss: 1.659e-02 | Dynamic Loss: 1.659e-02 | Regularization Loss: 1.074e-15 | Val Loss: 3.513e-02 | Time: 8.99s
2025-08-20 03:50:14,099:INFO:Epoch: 24200/40000 | Train Loss: 1.519e-02 | Dynamic Loss: 1.519e-02 | Regularization Loss: 1.055e-15 | Val Loss: 3.138e-02 | Time: 16.11s
2025-08-20 03:50:23,133:INFO:Epoch: 24250/40000 | Train Loss: 1.271e-02 | Dynamic Loss: 1.271e-02 | Regularization Loss: 9.540e-16 | Val Loss: 3.197e-02 | Time: 9.03s
2025-08-20 03:50:32,065:INFO:Epoch: 24300/40000 | Train Loss: 1.123e-02 | Dynamic Loss: 1.123e-02 | Regularization Loss: 5.853e-16 | Val Loss: 2.911e-02 | Time: 8.93s
2025-08-20 03:50:32,065:INFO:New best model found at epoch 24300 with validation loss 2.911e-02. Saving...
2025-08-20 03:50:42,965:INFO:Epoch: 24350/40000 | Train Loss: 1.224e-02 | Dynamic Loss: 1.224e-02 | Regularization Loss: 5.347e-16 | Val Loss: 3.096e-02 | Time: 10.88s
2025-08-20 03:50:51,970:INFO:Epoch: 24400/40000 | Train Loss: 1.198e-02 | Dynamic Loss: 1.198e-02 | Regularization Loss: 5.070e-16 | Val Loss: 3.032e-02 | Time: 9.00s
2025-08-20 03:51:00,965:INFO:Epoch: 24450/40000 | Train Loss: 1.445e-02 | Dynamic Loss: 1.445e-02 | Regularization Loss: 4.799e-16 | Val Loss: 3.215e-02 | Time: 8.99s
2025-08-20 03:51:09,990:INFO:Epoch: 24500/40000 | Train Loss: 1.637e-02 | Dynamic Loss: 1.637e-02 | Regularization Loss: 4.418e-16 | Val Loss: 3.379e-02 | Time: 9.02s
2025-08-20 03:51:18,989:INFO:Epoch: 24550/40000 | Train Loss: 1.457e-02 | Dynamic Loss: 1.457e-02 | Regularization Loss: 4.197e-16 | Val Loss: 3.139e-02 | Time: 9.00s
2025-08-20 03:51:27,934:INFO:Epoch: 24600/40000 | Train Loss: 1.269e-02 | Dynamic Loss: 1.269e-02 | Regularization Loss: 3.867e-16 | Val Loss: 3.145e-02 | Time: 8.94s
2025-08-20 03:51:36,857:INFO:Epoch: 24650/40000 | Train Loss: 1.223e-02 | Dynamic Loss: 1.223e-02 | Regularization Loss: 3.609e-16 | Val Loss: 3.097e-02 | Time: 8.92s
2025-08-20 03:51:54,335:INFO:Epoch: 24700/40000 | Train Loss: 1.386e-02 | Dynamic Loss: 1.386e-02 | Regularization Loss: 3.215e-16 | Val Loss: 3.059e-02 | Time: 17.48s
2025-08-20 03:52:03,349:INFO:Epoch: 24750/40000 | Train Loss: 1.311e-02 | Dynamic Loss: 1.311e-02 | Regularization Loss: 2.880e-16 | Val Loss: 3.126e-02 | Time: 9.01s
2025-08-20 03:52:12,347:INFO:Epoch: 24800/40000 | Train Loss: 1.129e-02 | Dynamic Loss: 1.129e-02 | Regularization Loss: 2.680e-16 | Val Loss: 2.985e-02 | Time: 9.00s
2025-08-20 03:52:21,391:INFO:Epoch: 24850/40000 | Train Loss: 1.211e-02 | Dynamic Loss: 1.211e-02 | Regularization Loss: 2.456e-16 | Val Loss: 2.964e-02 | Time: 9.04s
2025-08-20 03:52:30,330:INFO:Epoch: 24900/40000 | Train Loss: 1.340e-02 | Dynamic Loss: 1.340e-02 | Regularization Loss: 2.265e-16 | Val Loss: 3.130e-02 | Time: 8.94s
2025-08-20 03:52:39,399:INFO:Epoch: 24950/40000 | Train Loss: 1.158e-02 | Dynamic Loss: 1.158e-02 | Regularization Loss: 2.004e-16 | Val Loss: 3.006e-02 | Time: 9.07s
2025-08-20 03:52:48,357:INFO:Epoch: 25000/40000 | Train Loss: 1.262e-02 | Dynamic Loss: 1.262e-02 | Regularization Loss: 1.825e-16 | Val Loss: 3.190e-02 | Time: 8.96s
2025-08-20 03:53:05,539:INFO:Epoch: 25050/40000 | Train Loss: 1.200e-02 | Dynamic Loss: 1.200e-02 | Regularization Loss: 1.641e-16 | Val Loss: 2.990e-02 | Time: 17.18s
2025-08-20 03:53:14,544:INFO:Epoch: 25100/40000 | Train Loss: 1.230e-02 | Dynamic Loss: 1.230e-02 | Regularization Loss: 1.470e-16 | Val Loss: 3.085e-02 | Time: 9.01s
2025-08-20 03:53:23,497:INFO:Epoch: 25150/40000 | Train Loss: 1.776e-02 | Dynamic Loss: 1.776e-02 | Regularization Loss: 1.337e-16 | Val Loss: 3.837e-02 | Time: 8.95s
2025-08-20 03:53:32,521:INFO:Epoch: 25200/40000 | Train Loss: 1.483e-02 | Dynamic Loss: 1.483e-02 | Regularization Loss: 1.205e-16 | Val Loss: 3.262e-02 | Time: 9.02s
2025-08-20 03:53:41,557:INFO:Epoch: 25250/40000 | Train Loss: 1.393e-02 | Dynamic Loss: 1.393e-02 | Regularization Loss: 1.560e-16 | Val Loss: 3.135e-02 | Time: 9.04s
2025-08-20 03:53:50,657:INFO:Epoch: 25300/40000 | Train Loss: 9.166e-03 | Dynamic Loss: 9.166e-03 | Regularization Loss: 1.315e-16 | Val Loss: 2.679e-02 | Time: 9.10s
2025-08-20 03:53:50,657:INFO:New best model found at epoch 25300 with validation loss 2.679e-02. Saving...
2025-08-20 03:53:59,600:INFO:Epoch: 25350/40000 | Train Loss: 1.224e-02 | Dynamic Loss: 1.224e-02 | Regularization Loss: 1.249e-16 | Val Loss: 2.773e-02 | Time: 8.92s
2025-08-20 03:54:16,760:INFO:Epoch: 25400/40000 | Train Loss: 9.441e-03 | Dynamic Loss: 9.441e-03 | Regularization Loss: 9.875e-17 | Val Loss: 2.728e-02 | Time: 17.16s
2025-08-20 03:54:25,817:INFO:Epoch: 25450/40000 | Train Loss: 1.019e-02 | Dynamic Loss: 1.019e-02 | Regularization Loss: 9.300e-17 | Val Loss: 2.981e-02 | Time: 9.06s
2025-08-20 03:54:34,784:INFO:Epoch: 25500/40000 | Train Loss: 1.733e-02 | Dynamic Loss: 1.733e-02 | Regularization Loss: 8.865e-17 | Val Loss: 3.818e-02 | Time: 8.97s
2025-08-20 03:54:43,848:INFO:Epoch: 25550/40000 | Train Loss: 1.369e-02 | Dynamic Loss: 1.369e-02 | Regularization Loss: 8.171e-17 | Val Loss: 2.850e-02 | Time: 9.06s
2025-08-20 03:54:52,849:INFO:Epoch: 25600/40000 | Train Loss: 2.764e-01 | Dynamic Loss: 2.764e-01 | Regularization Loss: 7.399e-17 | Val Loss: 2.175e-01 | Time: 9.00s
2025-08-20 03:55:01,794:INFO:Epoch: 25650/40000 | Train Loss: 9.016e-03 | Dynamic Loss: 9.016e-03 | Regularization Loss: 7.137e-17 | Val Loss: 2.659e-02 | Time: 8.94s
2025-08-20 03:55:01,794:INFO:New best model found at epoch 25650 with validation loss 2.659e-02. Saving...
2025-08-20 03:55:10,912:INFO:Epoch: 25700/40000 | Train Loss: 8.789e-03 | Dynamic Loss: 8.789e-03 | Regularization Loss: 6.716e-17 | Val Loss: 2.647e-02 | Time: 9.10s
2025-08-20 03:55:10,912:INFO:New best model found at epoch 25700 with validation loss 2.647e-02. Saving...
2025-08-20 03:55:19,967:INFO:Epoch: 25750/40000 | Train Loss: 9.347e-03 | Dynamic Loss: 9.347e-03 | Regularization Loss: 6.462e-17 | Val Loss: 2.696e-02 | Time: 9.03s
2025-08-20 03:55:28,981:INFO:Epoch: 25800/40000 | Train Loss: 1.047e-02 | Dynamic Loss: 1.047e-02 | Regularization Loss: 6.451e-17 | Val Loss: 3.222e-02 | Time: 9.01s
2025-08-20 03:55:38,093:INFO:Epoch: 25850/40000 | Train Loss: 4.749e-02 | Dynamic Loss: 4.749e-02 | Regularization Loss: 5.683e-17 | Val Loss: 6.300e-02 | Time: 9.11s
2025-08-20 03:55:47,024:INFO:Epoch: 25900/40000 | Train Loss: 8.922e-03 | Dynamic Loss: 8.922e-03 | Regularization Loss: 4.542e-17 | Val Loss: 2.714e-02 | Time: 8.93s
2025-08-20 03:55:55,944:INFO:Epoch: 25950/40000 | Train Loss: 8.638e-03 | Dynamic Loss: 8.638e-03 | Regularization Loss: 4.348e-17 | Val Loss: 2.708e-02 | Time: 8.92s
2025-08-20 03:56:04,995:INFO:Epoch: 26000/40000 | Train Loss: 1.351e-02 | Dynamic Loss: 1.351e-02 | Regularization Loss: 4.229e-17 | Val Loss: 2.973e-02 | Time: 9.05s
2025-08-20 03:56:14,069:INFO:Epoch: 26050/40000 | Train Loss: 1.502e-02 | Dynamic Loss: 1.502e-02 | Regularization Loss: 3.899e-17 | Val Loss: 3.065e-02 | Time: 9.07s
2025-08-20 03:56:23,028:INFO:Epoch: 26100/40000 | Train Loss: 1.031e-02 | Dynamic Loss: 1.031e-02 | Regularization Loss: 3.713e-17 | Val Loss: 2.932e-02 | Time: 8.96s
2025-08-20 03:56:32,036:INFO:Epoch: 26150/40000 | Train Loss: 1.087e-02 | Dynamic Loss: 1.087e-02 | Regularization Loss: 3.542e-17 | Val Loss: 2.752e-02 | Time: 9.01s
2025-08-20 03:56:41,159:INFO:Epoch: 26200/40000 | Train Loss: 1.226e-02 | Dynamic Loss: 1.226e-02 | Regularization Loss: 3.298e-17 | Val Loss: 2.959e-02 | Time: 9.12s
2025-08-20 03:56:50,156:INFO:Epoch: 26250/40000 | Train Loss: 1.069e-02 | Dynamic Loss: 1.069e-02 | Regularization Loss: 3.082e-17 | Val Loss: 2.896e-02 | Time: 9.00s
2025-08-20 03:56:59,193:INFO:Epoch: 26300/40000 | Train Loss: 1.480e-02 | Dynamic Loss: 1.480e-02 | Regularization Loss: 2.689e-17 | Val Loss: 2.862e-02 | Time: 9.04s
2025-08-20 03:57:08,173:INFO:Epoch: 26350/40000 | Train Loss: 1.174e-02 | Dynamic Loss: 1.174e-02 | Regularization Loss: 2.522e-17 | Val Loss: 2.850e-02 | Time: 8.98s
2025-08-20 03:57:17,158:INFO:Epoch: 26400/40000 | Train Loss: 9.172e-03 | Dynamic Loss: 9.172e-03 | Regularization Loss: 2.133e-17 | Val Loss: 2.661e-02 | Time: 8.99s
2025-08-20 03:57:26,190:INFO:Epoch: 26450/40000 | Train Loss: 2.076e-02 | Dynamic Loss: 2.076e-02 | Regularization Loss: 1.928e-17 | Val Loss: 6.761e-02 | Time: 9.03s
2025-08-20 03:57:35,198:INFO:Epoch: 26500/40000 | Train Loss: 8.566e-03 | Dynamic Loss: 8.566e-03 | Regularization Loss: 1.096e-17 | Val Loss: 2.498e-02 | Time: 9.01s
2025-08-20 03:57:35,198:INFO:New best model found at epoch 26500 with validation loss 2.498e-02. Saving...
2025-08-20 03:57:44,265:INFO:Epoch: 26550/40000 | Train Loss: 8.420e-03 | Dynamic Loss: 8.420e-03 | Regularization Loss: 8.823e-18 | Val Loss: 2.505e-02 | Time: 9.05s
2025-08-20 03:57:53,233:INFO:Epoch: 26600/40000 | Train Loss: 9.362e-03 | Dynamic Loss: 9.362e-03 | Regularization Loss: 8.937e-18 | Val Loss: 2.594e-02 | Time: 8.97s
2025-08-20 03:58:02,385:INFO:Epoch: 26650/40000 | Train Loss: 1.418e-02 | Dynamic Loss: 1.418e-02 | Regularization Loss: 6.855e-18 | Val Loss: 3.134e-02 | Time: 9.15s
2025-08-20 03:58:11,373:INFO:Epoch: 26700/40000 | Train Loss: 8.908e-03 | Dynamic Loss: 8.908e-03 | Regularization Loss: 5.192e-18 | Val Loss: 2.672e-02 | Time: 8.99s
2025-08-20 03:58:20,358:INFO:Epoch: 26750/40000 | Train Loss: 1.712e-02 | Dynamic Loss: 1.712e-02 | Regularization Loss: 3.427e-18 | Val Loss: 3.029e-02 | Time: 8.99s
2025-08-20 03:58:29,363:INFO:Epoch: 26800/40000 | Train Loss: 1.066e-02 | Dynamic Loss: 1.066e-02 | Regularization Loss: 2.958e-18 | Val Loss: 2.732e-02 | Time: 9.01s
2025-08-20 03:58:38,373:INFO:Epoch: 26850/40000 | Train Loss: 1.231e-02 | Dynamic Loss: 1.231e-02 | Regularization Loss: 2.839e-18 | Val Loss: 2.829e-02 | Time: 9.01s
2025-08-20 03:58:47,470:INFO:Epoch: 26900/40000 | Train Loss: 1.328e-02 | Dynamic Loss: 1.328e-02 | Regularization Loss: 2.753e-18 | Val Loss: 2.953e-02 | Time: 9.10s
2025-08-20 03:58:56,529:INFO:Epoch: 26950/40000 | Train Loss: 1.146e-02 | Dynamic Loss: 1.146e-02 | Regularization Loss: 2.706e-18 | Val Loss: 2.658e-02 | Time: 9.06s
2025-08-20 03:59:05,501:INFO:Epoch: 27000/40000 | Train Loss: 1.491e-02 | Dynamic Loss: 1.491e-02 | Regularization Loss: 2.713e-18 | Val Loss: 3.181e-02 | Time: 8.97s
2025-08-20 03:59:14,563:INFO:Epoch: 27050/40000 | Train Loss: 1.209e-02 | Dynamic Loss: 1.209e-02 | Regularization Loss: 2.775e-18 | Val Loss: 2.695e-02 | Time: 9.06s
2025-08-20 03:59:23,543:INFO:Epoch: 27100/40000 | Train Loss: 1.003e-02 | Dynamic Loss: 1.003e-02 | Regularization Loss: 2.773e-18 | Val Loss: 2.612e-02 | Time: 8.98s
2025-08-20 03:59:32,549:INFO:Epoch: 27150/40000 | Train Loss: 1.185e-02 | Dynamic Loss: 1.185e-02 | Regularization Loss: 2.836e-18 | Val Loss: 2.702e-02 | Time: 9.01s
2025-08-20 03:59:41,714:INFO:Epoch: 27200/40000 | Train Loss: 1.168e-02 | Dynamic Loss: 1.168e-02 | Regularization Loss: 2.875e-18 | Val Loss: 2.622e-02 | Time: 9.16s
2025-08-20 03:59:50,714:INFO:Epoch: 27250/40000 | Train Loss: 1.566e-02 | Dynamic Loss: 1.566e-02 | Regularization Loss: 3.003e-18 | Val Loss: 3.064e-02 | Time: 9.00s
2025-08-20 03:59:59,796:INFO:Epoch: 27300/40000 | Train Loss: 1.326e-02 | Dynamic Loss: 1.326e-02 | Regularization Loss: 2.917e-18 | Val Loss: 2.758e-02 | Time: 9.08s
2025-08-20 04:00:08,775:INFO:Epoch: 27350/40000 | Train Loss: 1.110e-02 | Dynamic Loss: 1.110e-02 | Regularization Loss: 3.062e-18 | Val Loss: 2.761e-02 | Time: 8.98s
2025-08-20 04:00:24,624:INFO:Epoch: 27400/40000 | Train Loss: 1.395e-02 | Dynamic Loss: 1.395e-02 | Regularization Loss: 3.207e-18 | Val Loss: 3.158e-02 | Time: 15.85s
2025-08-20 04:00:33,596:INFO:Epoch: 27450/40000 | Train Loss: 1.110e-02 | Dynamic Loss: 1.110e-02 | Regularization Loss: 3.285e-18 | Val Loss: 2.818e-02 | Time: 8.97s
2025-08-20 04:00:42,553:INFO:Epoch: 27500/40000 | Train Loss: 1.120e-02 | Dynamic Loss: 1.120e-02 | Regularization Loss: 3.591e-18 | Val Loss: 2.733e-02 | Time: 8.96s
2025-08-20 04:00:51,548:INFO:Epoch: 27550/40000 | Train Loss: 1.017e-02 | Dynamic Loss: 1.017e-02 | Regularization Loss: 3.769e-18 | Val Loss: 2.701e-02 | Time: 8.99s
2025-08-20 04:01:00,558:INFO:Epoch: 27600/40000 | Train Loss: 1.494e-02 | Dynamic Loss: 1.494e-02 | Regularization Loss: 3.951e-18 | Val Loss: 3.695e-02 | Time: 9.01s
2025-08-20 04:01:09,609:INFO:Epoch: 27650/40000 | Train Loss: 9.804e-03 | Dynamic Loss: 9.804e-03 | Regularization Loss: 4.062e-18 | Val Loss: 2.715e-02 | Time: 9.05s
2025-08-20 04:01:18,590:INFO:Epoch: 27700/40000 | Train Loss: 1.588e-02 | Dynamic Loss: 1.588e-02 | Regularization Loss: 4.454e-18 | Val Loss: 3.013e-02 | Time: 8.98s
2025-08-20 04:01:28,316:INFO:Epoch: 27750/40000 | Train Loss: 1.225e-02 | Dynamic Loss: 1.225e-02 | Regularization Loss: 4.736e-18 | Val Loss: 2.934e-02 | Time: 9.73s
2025-08-20 04:01:37,284:INFO:Epoch: 27800/40000 | Train Loss: 1.401e-02 | Dynamic Loss: 1.401e-02 | Regularization Loss: 5.109e-18 | Val Loss: 3.010e-02 | Time: 8.97s
2025-08-20 04:01:46,271:INFO:Epoch: 27850/40000 | Train Loss: 9.821e-03 | Dynamic Loss: 9.821e-03 | Regularization Loss: 5.387e-18 | Val Loss: 2.706e-02 | Time: 8.99s
2025-08-20 04:01:55,204:INFO:Epoch: 27900/40000 | Train Loss: 8.808e-03 | Dynamic Loss: 8.808e-03 | Regularization Loss: 5.668e-18 | Val Loss: 2.606e-02 | Time: 8.93s
2025-08-20 04:02:04,438:INFO:Epoch: 27950/40000 | Train Loss: 7.754e-03 | Dynamic Loss: 7.754e-03 | Regularization Loss: 6.154e-18 | Val Loss: 2.551e-02 | Time: 9.23s
2025-08-20 04:02:13,320:INFO:Epoch: 28000/40000 | Train Loss: 1.495e-02 | Dynamic Loss: 1.495e-02 | Regularization Loss: 6.638e-18 | Val Loss: 3.005e-02 | Time: 8.88s
2025-08-20 04:02:22,428:INFO:Epoch: 28050/40000 | Train Loss: 9.820e-03 | Dynamic Loss: 9.820e-03 | Regularization Loss: 7.309e-18 | Val Loss: 2.804e-02 | Time: 9.11s
2025-08-20 04:02:31,454:INFO:Epoch: 28100/40000 | Train Loss: 1.060e-02 | Dynamic Loss: 1.060e-02 | Regularization Loss: 7.907e-18 | Val Loss: 3.091e-02 | Time: 9.03s
2025-08-20 04:02:40,386:INFO:Epoch: 28150/40000 | Train Loss: 1.130e-02 | Dynamic Loss: 1.130e-02 | Regularization Loss: 8.437e-18 | Val Loss: 2.813e-02 | Time: 8.93s
2025-08-20 04:02:57,690:INFO:Epoch: 28200/40000 | Train Loss: 9.579e-03 | Dynamic Loss: 9.579e-03 | Regularization Loss: 8.959e-18 | Val Loss: 2.650e-02 | Time: 17.30s
2025-08-20 04:03:06,641:INFO:Epoch: 28250/40000 | Train Loss: 1.136e-02 | Dynamic Loss: 1.136e-02 | Regularization Loss: 9.450e-18 | Val Loss: 2.731e-02 | Time: 8.95s
2025-08-20 04:03:15,643:INFO:Epoch: 28300/40000 | Train Loss: 1.110e-02 | Dynamic Loss: 1.110e-02 | Regularization Loss: 1.025e-17 | Val Loss: 2.878e-02 | Time: 9.00s
2025-08-20 04:03:25,100:INFO:Epoch: 28350/40000 | Train Loss: 1.486e-02 | Dynamic Loss: 1.486e-02 | Regularization Loss: 1.111e-17 | Val Loss: 3.239e-02 | Time: 9.46s
2025-08-20 04:03:34,069:INFO:Epoch: 28400/40000 | Train Loss: 1.281e-02 | Dynamic Loss: 1.281e-02 | Regularization Loss: 1.187e-17 | Val Loss: 3.010e-02 | Time: 8.97s
2025-08-20 04:03:43,022:INFO:Epoch: 28450/40000 | Train Loss: 7.440e-03 | Dynamic Loss: 7.440e-03 | Regularization Loss: 1.288e-17 | Val Loss: 2.578e-02 | Time: 8.95s
2025-08-20 04:03:52,070:INFO:Epoch: 28500/40000 | Train Loss: 9.171e-03 | Dynamic Loss: 9.171e-03 | Regularization Loss: 1.464e-17 | Val Loss: 2.700e-02 | Time: 9.05s
2025-08-20 04:04:01,058:INFO:Epoch: 28550/40000 | Train Loss: 1.384e-02 | Dynamic Loss: 1.384e-02 | Regularization Loss: 1.558e-17 | Val Loss: 2.995e-02 | Time: 8.99s
2025-08-20 04:04:10,003:INFO:Epoch: 28600/40000 | Train Loss: 7.776e-03 | Dynamic Loss: 7.776e-03 | Regularization Loss: 1.716e-17 | Val Loss: 2.600e-02 | Time: 8.94s
2025-08-20 04:04:19,004:INFO:Epoch: 28650/40000 | Train Loss: 7.909e-03 | Dynamic Loss: 7.909e-03 | Regularization Loss: 1.890e-17 | Val Loss: 2.772e-02 | Time: 9.00s
2025-08-20 04:04:27,992:INFO:Epoch: 28700/40000 | Train Loss: 9.848e-03 | Dynamic Loss: 9.848e-03 | Regularization Loss: 2.072e-17 | Val Loss: 2.756e-02 | Time: 8.99s
2025-08-20 04:04:36,898:INFO:Epoch: 28750/40000 | Train Loss: 8.912e-03 | Dynamic Loss: 8.912e-03 | Regularization Loss: 2.276e-17 | Val Loss: 2.698e-02 | Time: 8.91s
2025-08-20 04:04:45,968:INFO:Epoch: 28800/40000 | Train Loss: 9.182e-03 | Dynamic Loss: 9.182e-03 | Regularization Loss: 2.430e-17 | Val Loss: 2.672e-02 | Time: 9.07s
2025-08-20 04:04:54,946:INFO:Epoch: 28850/40000 | Train Loss: 8.668e-03 | Dynamic Loss: 8.668e-03 | Regularization Loss: 2.684e-17 | Val Loss: 2.595e-02 | Time: 8.98s
2025-08-20 04:05:03,958:INFO:Epoch: 28900/40000 | Train Loss: 9.637e-03 | Dynamic Loss: 9.637e-03 | Regularization Loss: 3.036e-17 | Val Loss: 2.926e-02 | Time: 9.01s
2025-08-20 04:05:13,124:INFO:Epoch: 28950/40000 | Train Loss: 8.292e-03 | Dynamic Loss: 8.292e-03 | Regularization Loss: 3.170e-17 | Val Loss: 2.633e-02 | Time: 9.17s
2025-08-20 04:05:22,232:INFO:Epoch: 29000/40000 | Train Loss: 8.298e-03 | Dynamic Loss: 8.298e-03 | Regularization Loss: 3.545e-17 | Val Loss: 2.696e-02 | Time: 9.11s
2025-08-20 04:05:31,431:INFO:Epoch: 29050/40000 | Train Loss: 8.896e-03 | Dynamic Loss: 8.896e-03 | Regularization Loss: 3.881e-17 | Val Loss: 2.818e-02 | Time: 9.20s
2025-08-20 04:05:40,588:INFO:Epoch: 29100/40000 | Train Loss: 8.328e-03 | Dynamic Loss: 8.328e-03 | Regularization Loss: 4.094e-17 | Val Loss: 2.678e-02 | Time: 9.16s
2025-08-20 04:05:49,643:INFO:Epoch: 29150/40000 | Train Loss: 8.640e-03 | Dynamic Loss: 8.640e-03 | Regularization Loss: 4.547e-17 | Val Loss: 2.642e-02 | Time: 9.05s
2025-08-20 04:05:58,619:INFO:Epoch: 29200/40000 | Train Loss: 1.182e-02 | Dynamic Loss: 1.182e-02 | Regularization Loss: 5.045e-17 | Val Loss: 2.950e-02 | Time: 8.98s
2025-08-20 04:06:07,674:INFO:Epoch: 29250/40000 | Train Loss: 7.499e-03 | Dynamic Loss: 7.499e-03 | Regularization Loss: 5.496e-17 | Val Loss: 2.589e-02 | Time: 9.05s
2025-08-20 04:06:19,126:INFO:Epoch: 29300/40000 | Train Loss: 1.157e-02 | Dynamic Loss: 1.157e-02 | Regularization Loss: 6.033e-17 | Val Loss: 3.106e-02 | Time: 11.45s
2025-08-20 04:06:28,095:INFO:Epoch: 29350/40000 | Train Loss: 1.095e-02 | Dynamic Loss: 1.095e-02 | Regularization Loss: 6.408e-17 | Val Loss: 3.295e-02 | Time: 8.97s
2025-08-20 04:06:37,222:INFO:Epoch: 29400/40000 | Train Loss: 8.035e-03 | Dynamic Loss: 8.035e-03 | Regularization Loss: 6.845e-17 | Val Loss: 2.577e-02 | Time: 9.13s
2025-08-20 04:06:50,203:INFO:Epoch: 29450/40000 | Train Loss: 7.525e-03 | Dynamic Loss: 7.525e-03 | Regularization Loss: 7.501e-17 | Val Loss: 2.603e-02 | Time: 12.98s
2025-08-20 04:06:59,190:INFO:Epoch: 29500/40000 | Train Loss: 8.338e-03 | Dynamic Loss: 8.338e-03 | Regularization Loss: 8.235e-17 | Val Loss: 2.725e-02 | Time: 8.99s
2025-08-20 04:07:08,179:INFO:Epoch: 29550/40000 | Train Loss: 8.404e-03 | Dynamic Loss: 8.404e-03 | Regularization Loss: 9.137e-17 | Val Loss: 2.711e-02 | Time: 8.99s
2025-08-20 04:07:17,168:INFO:Epoch: 29600/40000 | Train Loss: 9.887e-03 | Dynamic Loss: 9.887e-03 | Regularization Loss: 1.005e-16 | Val Loss: 2.782e-02 | Time: 8.99s
2025-08-20 04:07:29,082:INFO:Epoch: 29650/40000 | Train Loss: 9.313e-03 | Dynamic Loss: 9.313e-03 | Regularization Loss: 1.038e-16 | Val Loss: 2.649e-02 | Time: 11.91s
2025-08-20 04:07:38,120:INFO:Epoch: 29700/40000 | Train Loss: 1.211e-02 | Dynamic Loss: 1.211e-02 | Regularization Loss: 1.145e-16 | Val Loss: 3.049e-02 | Time: 9.04s
2025-08-20 04:07:47,045:INFO:Epoch: 29750/40000 | Train Loss: 1.057e-02 | Dynamic Loss: 1.057e-02 | Regularization Loss: 1.262e-16 | Val Loss: 2.758e-02 | Time: 8.92s
2025-08-20 04:07:56,000:INFO:Epoch: 29800/40000 | Train Loss: 2.255e-02 | Dynamic Loss: 2.255e-02 | Regularization Loss: 1.378e-16 | Val Loss: 4.143e-02 | Time: 8.96s
2025-08-20 04:08:05,067:INFO:Epoch: 29850/40000 | Train Loss: 8.311e-03 | Dynamic Loss: 8.311e-03 | Regularization Loss: 1.433e-16 | Val Loss: 2.609e-02 | Time: 9.07s
2025-08-20 04:08:14,069:INFO:Epoch: 29900/40000 | Train Loss: 1.040e-02 | Dynamic Loss: 1.040e-02 | Regularization Loss: 1.594e-16 | Val Loss: 2.907e-02 | Time: 9.00s
2025-08-20 04:08:22,989:INFO:Epoch: 29950/40000 | Train Loss: 7.658e-03 | Dynamic Loss: 7.658e-03 | Regularization Loss: 1.728e-16 | Val Loss: 2.651e-02 | Time: 8.92s
2025-08-20 04:08:31,923:INFO:Epoch: 30000/40000 | Train Loss: 1.163e-02 | Dynamic Loss: 1.163e-02 | Regularization Loss: 1.904e-16 | Val Loss: 2.737e-02 | Time: 8.93s
2025-08-20 04:08:41,638:INFO:Epoch: 30050/40000 | Train Loss: 7.023e-03 | Dynamic Loss: 7.023e-03 | Regularization Loss: 2.001e-16 | Val Loss: 2.713e-02 | Time: 9.71s
2025-08-20 04:08:50,633:INFO:Epoch: 30100/40000 | Train Loss: 7.109e-03 | Dynamic Loss: 7.109e-03 | Regularization Loss: 2.216e-16 | Val Loss: 2.553e-02 | Time: 8.99s
2025-08-20 04:08:59,667:INFO:Epoch: 30150/40000 | Train Loss: 7.797e-03 | Dynamic Loss: 7.797e-03 | Regularization Loss: 2.460e-16 | Val Loss: 2.668e-02 | Time: 9.03s
2025-08-20 04:09:08,706:INFO:Epoch: 30200/40000 | Train Loss: 6.114e-03 | Dynamic Loss: 6.114e-03 | Regularization Loss: 2.744e-16 | Val Loss: 2.555e-02 | Time: 9.04s
2025-08-20 04:09:17,661:INFO:Epoch: 30250/40000 | Train Loss: 7.567e-03 | Dynamic Loss: 7.567e-03 | Regularization Loss: 2.983e-16 | Val Loss: 2.702e-02 | Time: 8.96s
2025-08-20 04:09:26,669:INFO:Epoch: 30300/40000 | Train Loss: 6.431e-03 | Dynamic Loss: 6.431e-03 | Regularization Loss: 3.005e-16 | Val Loss: 2.502e-02 | Time: 9.01s
2025-08-20 04:09:35,852:INFO:Epoch: 30350/40000 | Train Loss: 6.690e-03 | Dynamic Loss: 6.690e-03 | Regularization Loss: 3.239e-16 | Val Loss: 2.593e-02 | Time: 9.18s
2025-08-20 04:09:44,855:INFO:Epoch: 30400/40000 | Train Loss: 7.501e-03 | Dynamic Loss: 7.501e-03 | Regularization Loss: 3.507e-16 | Val Loss: 2.609e-02 | Time: 9.00s
2025-08-20 04:09:53,824:INFO:Epoch: 30450/40000 | Train Loss: 9.197e-03 | Dynamic Loss: 9.197e-03 | Regularization Loss: 3.846e-16 | Val Loss: 2.731e-02 | Time: 8.97s
2025-08-20 04:10:02,801:INFO:Epoch: 30500/40000 | Train Loss: 6.693e-03 | Dynamic Loss: 6.693e-03 | Regularization Loss: 4.087e-16 | Val Loss: 2.686e-02 | Time: 8.98s
2025-08-20 04:10:14,349:INFO:Epoch: 30550/40000 | Train Loss: 8.949e-03 | Dynamic Loss: 8.949e-03 | Regularization Loss: 4.399e-16 | Val Loss: 2.890e-02 | Time: 11.55s
2025-08-20 04:10:23,341:INFO:Epoch: 30600/40000 | Train Loss: 1.156e-02 | Dynamic Loss: 1.156e-02 | Regularization Loss: 4.777e-16 | Val Loss: 3.095e-02 | Time: 8.99s
2025-08-20 04:10:32,262:INFO:Epoch: 30650/40000 | Train Loss: 6.206e-03 | Dynamic Loss: 6.206e-03 | Regularization Loss: 5.050e-16 | Val Loss: 2.566e-02 | Time: 8.92s
2025-08-20 04:10:46,200:INFO:Epoch: 30700/40000 | Train Loss: 7.049e-03 | Dynamic Loss: 7.049e-03 | Regularization Loss: 5.471e-16 | Val Loss: 2.700e-02 | Time: 13.94s
2025-08-20 04:10:55,264:INFO:Epoch: 30750/40000 | Train Loss: 6.027e-03 | Dynamic Loss: 6.027e-03 | Regularization Loss: 5.647e-16 | Val Loss: 2.561e-02 | Time: 9.06s
2025-08-20 04:11:04,313:INFO:Epoch: 30800/40000 | Train Loss: 7.637e-03 | Dynamic Loss: 7.637e-03 | Regularization Loss: 5.965e-16 | Val Loss: 2.727e-02 | Time: 9.05s
2025-08-20 04:11:13,381:INFO:Epoch: 30850/40000 | Train Loss: 7.210e-03 | Dynamic Loss: 7.210e-03 | Regularization Loss: 6.420e-16 | Val Loss: 2.638e-02 | Time: 9.07s
2025-08-20 04:11:27,198:INFO:Epoch: 30900/40000 | Train Loss: 7.861e-03 | Dynamic Loss: 7.861e-03 | Regularization Loss: 6.859e-16 | Val Loss: 2.674e-02 | Time: 13.82s
2025-08-20 04:11:36,202:INFO:Epoch: 30950/40000 | Train Loss: 7.034e-03 | Dynamic Loss: 7.034e-03 | Regularization Loss: 6.925e-16 | Val Loss: 2.704e-02 | Time: 9.00s
2025-08-20 04:11:45,258:INFO:Epoch: 31000/40000 | Train Loss: 6.627e-03 | Dynamic Loss: 6.627e-03 | Regularization Loss: 7.491e-16 | Val Loss: 2.571e-02 | Time: 9.06s
2025-08-20 04:11:54,318:INFO:Epoch: 31050/40000 | Train Loss: 1.117e-02 | Dynamic Loss: 1.117e-02 | Regularization Loss: 7.988e-16 | Val Loss: 3.079e-02 | Time: 9.06s
2025-08-20 04:12:03,370:INFO:Epoch: 31100/40000 | Train Loss: 9.218e-03 | Dynamic Loss: 9.218e-03 | Regularization Loss: 8.424e-16 | Val Loss: 2.833e-02 | Time: 9.05s
2025-08-20 04:12:12,398:INFO:Epoch: 31150/40000 | Train Loss: 7.223e-03 | Dynamic Loss: 7.223e-03 | Regularization Loss: 8.892e-16 | Val Loss: 2.596e-02 | Time: 9.03s
2025-08-20 04:12:21,455:INFO:Epoch: 31200/40000 | Train Loss: 1.016e-02 | Dynamic Loss: 1.016e-02 | Regularization Loss: 9.508e-16 | Val Loss: 2.803e-02 | Time: 9.06s
2025-08-20 04:12:30,527:INFO:Epoch: 31250/40000 | Train Loss: 7.035e-03 | Dynamic Loss: 7.035e-03 | Regularization Loss: 9.784e-16 | Val Loss: 2.574e-02 | Time: 9.07s
2025-08-20 04:12:39,470:INFO:Epoch: 31300/40000 | Train Loss: 7.524e-03 | Dynamic Loss: 7.524e-03 | Regularization Loss: 9.906e-16 | Val Loss: 2.587e-02 | Time: 8.94s
2025-08-20 04:12:48,534:INFO:Epoch: 31350/40000 | Train Loss: 7.943e-03 | Dynamic Loss: 7.943e-03 | Regularization Loss: 1.012e-15 | Val Loss: 2.652e-02 | Time: 9.06s
2025-08-20 04:12:57,519:INFO:Epoch: 31400/40000 | Train Loss: 6.720e-03 | Dynamic Loss: 6.720e-03 | Regularization Loss: 1.061e-15 | Val Loss: 2.659e-02 | Time: 8.98s
2025-08-20 04:13:06,466:INFO:Epoch: 31450/40000 | Train Loss: 6.421e-03 | Dynamic Loss: 6.421e-03 | Regularization Loss: 1.115e-15 | Val Loss: 2.560e-02 | Time: 8.95s
2025-08-20 04:13:15,424:INFO:Epoch: 31500/40000 | Train Loss: 1.095e-02 | Dynamic Loss: 1.095e-02 | Regularization Loss: 1.208e-15 | Val Loss: 3.003e-02 | Time: 8.96s
2025-08-20 04:13:31,977:INFO:Epoch: 31550/40000 | Train Loss: 6.412e-03 | Dynamic Loss: 6.412e-03 | Regularization Loss: 1.239e-15 | Val Loss: 2.553e-02 | Time: 16.55s
2025-08-20 04:13:41,012:INFO:Epoch: 31600/40000 | Train Loss: 7.904e-03 | Dynamic Loss: 7.904e-03 | Regularization Loss: 1.309e-15 | Val Loss: 2.669e-02 | Time: 9.03s
2025-08-20 04:13:49,953:INFO:Epoch: 31650/40000 | Train Loss: 9.376e-03 | Dynamic Loss: 9.376e-03 | Regularization Loss: 1.341e-15 | Val Loss: 2.763e-02 | Time: 8.94s
2025-08-20 04:13:58,887:INFO:Epoch: 31700/40000 | Train Loss: 6.221e-03 | Dynamic Loss: 6.221e-03 | Regularization Loss: 1.374e-15 | Val Loss: 2.582e-02 | Time: 8.93s
2025-08-20 04:14:16,289:INFO:Epoch: 31750/40000 | Train Loss: 6.857e-03 | Dynamic Loss: 6.857e-03 | Regularization Loss: 1.444e-15 | Val Loss: 2.584e-02 | Time: 17.40s
2025-08-20 04:14:25,364:INFO:Epoch: 31800/40000 | Train Loss: 9.505e-03 | Dynamic Loss: 9.505e-03 | Regularization Loss: 1.507e-15 | Val Loss: 2.860e-02 | Time: 9.07s
2025-08-20 04:14:34,447:INFO:Epoch: 31850/40000 | Train Loss: 5.974e-03 | Dynamic Loss: 5.974e-03 | Regularization Loss: 1.537e-15 | Val Loss: 2.503e-02 | Time: 9.08s
2025-08-20 04:14:43,540:INFO:Epoch: 31900/40000 | Train Loss: 6.268e-03 | Dynamic Loss: 6.268e-03 | Regularization Loss: 1.587e-15 | Val Loss: 2.548e-02 | Time: 9.09s
2025-08-20 04:14:59,875:INFO:Epoch: 31950/40000 | Train Loss: 7.227e-03 | Dynamic Loss: 7.227e-03 | Regularization Loss: 1.655e-15 | Val Loss: 2.617e-02 | Time: 16.33s
2025-08-20 04:15:08,859:INFO:Epoch: 32000/40000 | Train Loss: 6.330e-03 | Dynamic Loss: 6.330e-03 | Regularization Loss: 1.608e-15 | Val Loss: 2.468e-02 | Time: 8.98s
2025-08-20 04:15:08,859:INFO:New best model found at epoch 32000 with validation loss 2.468e-02. Saving...
2025-08-20 04:15:17,827:INFO:Epoch: 32050/40000 | Train Loss: 6.632e-03 | Dynamic Loss: 6.632e-03 | Regularization Loss: 1.682e-15 | Val Loss: 2.507e-02 | Time: 8.94s
2025-08-20 04:15:26,779:INFO:Epoch: 32100/40000 | Train Loss: 6.928e-03 | Dynamic Loss: 6.928e-03 | Regularization Loss: 1.770e-15 | Val Loss: 2.553e-02 | Time: 8.95s
2025-08-20 04:15:40,568:INFO:Epoch: 32150/40000 | Train Loss: 1.123e-02 | Dynamic Loss: 1.123e-02 | Regularization Loss: 1.826e-15 | Val Loss: 2.832e-02 | Time: 13.79s
2025-08-20 04:15:49,564:INFO:Epoch: 32200/40000 | Train Loss: 1.017e-02 | Dynamic Loss: 1.017e-02 | Regularization Loss: 1.805e-15 | Val Loss: 2.756e-02 | Time: 9.00s
2025-08-20 04:15:58,587:INFO:Epoch: 32250/40000 | Train Loss: 1.227e-02 | Dynamic Loss: 1.227e-02 | Regularization Loss: 1.898e-15 | Val Loss: 2.870e-02 | Time: 9.02s
2025-08-20 04:16:07,602:INFO:Epoch: 32300/40000 | Train Loss: 1.073e-02 | Dynamic Loss: 1.073e-02 | Regularization Loss: 1.933e-15 | Val Loss: 2.918e-02 | Time: 9.02s
2025-08-20 04:16:16,660:INFO:Epoch: 32350/40000 | Train Loss: 6.670e-03 | Dynamic Loss: 6.670e-03 | Regularization Loss: 1.934e-15 | Val Loss: 2.557e-02 | Time: 9.06s
2025-08-20 04:16:25,610:INFO:Epoch: 32400/40000 | Train Loss: 6.975e-03 | Dynamic Loss: 6.975e-03 | Regularization Loss: 1.980e-15 | Val Loss: 2.603e-02 | Time: 8.95s
2025-08-20 04:16:34,645:INFO:Epoch: 32450/40000 | Train Loss: 7.914e-03 | Dynamic Loss: 7.914e-03 | Regularization Loss: 2.035e-15 | Val Loss: 2.657e-02 | Time: 9.04s
2025-08-20 04:16:43,704:INFO:Epoch: 32500/40000 | Train Loss: 9.581e-03 | Dynamic Loss: 9.581e-03 | Regularization Loss: 2.077e-15 | Val Loss: 2.814e-02 | Time: 9.06s
2025-08-20 04:16:52,816:INFO:Epoch: 32550/40000 | Train Loss: 5.951e-03 | Dynamic Loss: 5.951e-03 | Regularization Loss: 2.065e-15 | Val Loss: 2.513e-02 | Time: 9.11s
2025-08-20 04:17:01,856:INFO:Epoch: 32600/40000 | Train Loss: 8.880e-03 | Dynamic Loss: 8.880e-03 | Regularization Loss: 2.147e-15 | Val Loss: 2.868e-02 | Time: 9.04s
2025-08-20 04:17:10,843:INFO:Epoch: 32650/40000 | Train Loss: 7.976e-03 | Dynamic Loss: 7.976e-03 | Regularization Loss: 2.224e-15 | Val Loss: 2.594e-02 | Time: 8.99s
2025-08-20 04:17:19,851:INFO:Epoch: 32700/40000 | Train Loss: 6.590e-03 | Dynamic Loss: 6.590e-03 | Regularization Loss: 2.275e-15 | Val Loss: 2.638e-02 | Time: 9.01s
2025-08-20 04:17:29,030:INFO:Epoch: 32750/40000 | Train Loss: 6.554e-03 | Dynamic Loss: 6.554e-03 | Regularization Loss: 2.229e-15 | Val Loss: 2.527e-02 | Time: 9.18s
2025-08-20 04:17:38,065:INFO:Epoch: 32800/40000 | Train Loss: 7.526e-03 | Dynamic Loss: 7.526e-03 | Regularization Loss: 2.258e-15 | Val Loss: 2.657e-02 | Time: 9.03s
2025-08-20 04:17:47,068:INFO:Epoch: 32850/40000 | Train Loss: 6.736e-03 | Dynamic Loss: 6.736e-03 | Regularization Loss: 2.282e-15 | Val Loss: 2.503e-02 | Time: 9.00s
2025-08-20 04:17:56,003:INFO:Epoch: 32900/40000 | Train Loss: 9.409e-03 | Dynamic Loss: 9.409e-03 | Regularization Loss: 2.313e-15 | Val Loss: 2.752e-02 | Time: 8.93s
2025-08-20 04:18:04,938:INFO:Epoch: 32950/40000 | Train Loss: 6.766e-03 | Dynamic Loss: 6.766e-03 | Regularization Loss: 2.289e-15 | Val Loss: 2.796e-02 | Time: 8.94s
2025-08-20 04:18:22,317:INFO:Epoch: 33000/40000 | Train Loss: 7.443e-03 | Dynamic Loss: 7.443e-03 | Regularization Loss: 2.327e-15 | Val Loss: 2.682e-02 | Time: 17.38s
2025-08-20 04:18:31,268:INFO:Epoch: 33050/40000 | Train Loss: 6.446e-03 | Dynamic Loss: 6.446e-03 | Regularization Loss: 2.343e-15 | Val Loss: 2.589e-02 | Time: 8.95s
2025-08-20 04:18:40,207:INFO:Epoch: 33100/40000 | Train Loss: 7.899e-03 | Dynamic Loss: 7.899e-03 | Regularization Loss: 2.363e-15 | Val Loss: 2.718e-02 | Time: 8.94s
2025-08-20 04:18:49,915:INFO:Epoch: 33150/40000 | Train Loss: 7.433e-03 | Dynamic Loss: 7.433e-03 | Regularization Loss: 2.349e-15 | Val Loss: 2.714e-02 | Time: 9.71s
2025-08-20 04:18:58,961:INFO:Epoch: 33200/40000 | Train Loss: 1.155e-02 | Dynamic Loss: 1.155e-02 | Regularization Loss: 2.369e-15 | Val Loss: 3.150e-02 | Time: 9.05s
2025-08-20 04:19:07,953:INFO:Epoch: 33250/40000 | Train Loss: 7.382e-03 | Dynamic Loss: 7.382e-03 | Regularization Loss: 2.445e-15 | Val Loss: 2.702e-02 | Time: 8.99s
2025-08-20 04:19:20,451:INFO:Epoch: 33300/40000 | Train Loss: 5.686e-03 | Dynamic Loss: 5.686e-03 | Regularization Loss: 2.470e-15 | Val Loss: 2.577e-02 | Time: 12.50s
2025-08-20 04:19:29,460:INFO:Epoch: 33350/40000 | Train Loss: 9.098e-03 | Dynamic Loss: 9.098e-03 | Regularization Loss: 2.507e-15 | Val Loss: 2.847e-02 | Time: 9.01s
2025-08-20 04:19:38,431:INFO:Epoch: 33400/40000 | Train Loss: 8.881e-03 | Dynamic Loss: 8.881e-03 | Regularization Loss: 2.412e-15 | Val Loss: 2.819e-02 | Time: 8.97s
2025-08-20 04:19:47,470:INFO:Epoch: 33450/40000 | Train Loss: 4.949e-03 | Dynamic Loss: 4.949e-03 | Regularization Loss: 2.381e-15 | Val Loss: 2.510e-02 | Time: 9.04s
2025-08-20 04:19:56,494:INFO:Epoch: 33500/40000 | Train Loss: 8.244e-03 | Dynamic Loss: 8.244e-03 | Regularization Loss: 2.437e-15 | Val Loss: 2.820e-02 | Time: 9.02s
2025-08-20 04:20:05,564:INFO:Epoch: 33550/40000 | Train Loss: 7.500e-03 | Dynamic Loss: 7.500e-03 | Regularization Loss: 2.418e-15 | Val Loss: 2.623e-02 | Time: 9.07s
2025-08-20 04:20:14,549:INFO:Epoch: 33600/40000 | Train Loss: 5.484e-03 | Dynamic Loss: 5.484e-03 | Regularization Loss: 2.392e-15 | Val Loss: 2.484e-02 | Time: 8.99s
2025-08-20 04:20:30,734:INFO:Epoch: 33650/40000 | Train Loss: 6.260e-03 | Dynamic Loss: 6.260e-03 | Regularization Loss: 2.417e-15 | Val Loss: 2.524e-02 | Time: 16.18s
2025-08-20 04:20:39,782:INFO:Epoch: 33700/40000 | Train Loss: 6.747e-03 | Dynamic Loss: 6.747e-03 | Regularization Loss: 2.445e-15 | Val Loss: 2.721e-02 | Time: 9.05s
2025-08-20 04:20:48,853:INFO:Epoch: 33750/40000 | Train Loss: 7.555e-03 | Dynamic Loss: 7.555e-03 | Regularization Loss: 2.420e-15 | Val Loss: 2.771e-02 | Time: 9.07s
2025-08-20 04:20:57,793:INFO:Epoch: 33800/40000 | Train Loss: 4.853e-03 | Dynamic Loss: 4.853e-03 | Regularization Loss: 2.420e-15 | Val Loss: 2.458e-02 | Time: 8.94s
2025-08-20 04:20:57,793:INFO:New best model found at epoch 33800 with validation loss 2.458e-02. Saving...
2025-08-20 04:21:14,624:INFO:Epoch: 33850/40000 | Train Loss: 7.751e-03 | Dynamic Loss: 7.751e-03 | Regularization Loss: 2.471e-15 | Val Loss: 3.001e-02 | Time: 16.80s
2025-08-20 04:21:23,559:INFO:Epoch: 33900/40000 | Train Loss: 6.741e-03 | Dynamic Loss: 6.741e-03 | Regularization Loss: 2.547e-15 | Val Loss: 2.579e-02 | Time: 8.94s
2025-08-20 04:21:32,547:INFO:Epoch: 33950/40000 | Train Loss: 5.610e-03 | Dynamic Loss: 5.610e-03 | Regularization Loss: 2.501e-15 | Val Loss: 2.472e-02 | Time: 8.99s
2025-08-20 04:21:45,164:INFO:Epoch: 34000/40000 | Train Loss: 5.430e-03 | Dynamic Loss: 5.430e-03 | Regularization Loss: 2.465e-15 | Val Loss: 2.538e-02 | Time: 12.62s
2025-08-20 04:21:54,235:INFO:Epoch: 34050/40000 | Train Loss: 1.440e-02 | Dynamic Loss: 1.440e-02 | Regularization Loss: 2.488e-15 | Val Loss: 3.449e-02 | Time: 9.07s
2025-08-20 04:22:03,248:INFO:Epoch: 34100/40000 | Train Loss: 1.026e-02 | Dynamic Loss: 1.026e-02 | Regularization Loss: 2.513e-15 | Val Loss: 2.804e-02 | Time: 9.01s
2025-08-20 04:22:13,083:INFO:Epoch: 34150/40000 | Train Loss: 5.758e-03 | Dynamic Loss: 5.758e-03 | Regularization Loss: 2.504e-15 | Val Loss: 2.489e-02 | Time: 9.83s
2025-08-20 04:22:22,175:INFO:Epoch: 34200/40000 | Train Loss: 4.527e-03 | Dynamic Loss: 4.527e-03 | Regularization Loss: 2.413e-15 | Val Loss: 2.444e-02 | Time: 9.09s
2025-08-20 04:22:22,175:INFO:New best model found at epoch 34200 with validation loss 2.444e-02. Saving...
2025-08-20 04:22:31,163:INFO:Epoch: 34250/40000 | Train Loss: 7.723e-03 | Dynamic Loss: 7.723e-03 | Regularization Loss: 2.392e-15 | Val Loss: 2.956e-02 | Time: 8.97s
2025-08-20 04:22:40,226:INFO:Epoch: 34300/40000 | Train Loss: 6.646e-03 | Dynamic Loss: 6.646e-03 | Regularization Loss: 2.393e-15 | Val Loss: 2.559e-02 | Time: 9.06s
2025-08-20 04:22:49,208:INFO:Epoch: 34350/40000 | Train Loss: 5.697e-03 | Dynamic Loss: 5.697e-03 | Regularization Loss: 2.376e-15 | Val Loss: 2.608e-02 | Time: 8.98s
2025-08-20 04:22:58,181:INFO:Epoch: 34400/40000 | Train Loss: 9.566e-03 | Dynamic Loss: 9.566e-03 | Regularization Loss: 2.410e-15 | Val Loss: 2.917e-02 | Time: 8.97s
2025-08-20 04:23:07,138:INFO:Epoch: 34450/40000 | Train Loss: 6.950e-03 | Dynamic Loss: 6.950e-03 | Regularization Loss: 2.416e-15 | Val Loss: 2.618e-02 | Time: 8.96s
2025-08-20 04:23:22,928:INFO:Epoch: 34500/40000 | Train Loss: 6.614e-03 | Dynamic Loss: 6.614e-03 | Regularization Loss: 2.395e-15 | Val Loss: 2.591e-02 | Time: 15.79s
2025-08-20 04:23:31,974:INFO:Epoch: 34550/40000 | Train Loss: 9.088e-03 | Dynamic Loss: 9.088e-03 | Regularization Loss: 2.369e-15 | Val Loss: 2.719e-02 | Time: 9.05s
2025-08-20 04:23:41,084:INFO:Epoch: 34600/40000 | Train Loss: 5.639e-03 | Dynamic Loss: 5.639e-03 | Regularization Loss: 2.358e-15 | Val Loss: 2.569e-02 | Time: 9.11s
2025-08-20 04:23:50,067:INFO:Epoch: 34650/40000 | Train Loss: 5.034e-03 | Dynamic Loss: 5.034e-03 | Regularization Loss: 2.352e-15 | Val Loss: 2.521e-02 | Time: 8.98s
2025-08-20 04:24:05,751:INFO:Epoch: 34700/40000 | Train Loss: 5.389e-03 | Dynamic Loss: 5.389e-03 | Regularization Loss: 2.308e-15 | Val Loss: 2.508e-02 | Time: 15.68s
2025-08-20 04:24:14,835:INFO:Epoch: 34750/40000 | Train Loss: 5.121e-03 | Dynamic Loss: 5.121e-03 | Regularization Loss: 2.310e-15 | Val Loss: 2.515e-02 | Time: 9.08s
2025-08-20 04:24:23,816:INFO:Epoch: 34800/40000 | Train Loss: 6.761e-03 | Dynamic Loss: 6.761e-03 | Regularization Loss: 2.287e-15 | Val Loss: 2.816e-02 | Time: 8.98s
2025-08-20 04:24:33,076:INFO:Epoch: 34850/40000 | Train Loss: 5.913e-03 | Dynamic Loss: 5.913e-03 | Regularization Loss: 2.261e-15 | Val Loss: 2.578e-02 | Time: 9.26s
2025-08-20 04:24:42,095:INFO:Epoch: 34900/40000 | Train Loss: 6.867e-03 | Dynamic Loss: 6.867e-03 | Regularization Loss: 2.277e-15 | Val Loss: 2.715e-02 | Time: 9.02s
2025-08-20 04:24:51,082:INFO:Epoch: 34950/40000 | Train Loss: 8.108e-03 | Dynamic Loss: 8.108e-03 | Regularization Loss: 2.257e-15 | Val Loss: 2.718e-02 | Time: 8.99s
2025-08-20 04:25:00,067:INFO:Epoch: 35000/40000 | Train Loss: 5.027e-03 | Dynamic Loss: 5.027e-03 | Regularization Loss: 2.243e-15 | Val Loss: 2.503e-02 | Time: 8.99s
2025-08-20 04:25:09,060:INFO:Epoch: 35050/40000 | Train Loss: 8.727e-03 | Dynamic Loss: 8.727e-03 | Regularization Loss: 2.265e-15 | Val Loss: 2.992e-02 | Time: 8.99s
2025-08-20 04:25:18,153:INFO:Epoch: 35100/40000 | Train Loss: 7.692e-03 | Dynamic Loss: 7.692e-03 | Regularization Loss: 2.204e-15 | Val Loss: 2.918e-02 | Time: 9.09s
2025-08-20 04:25:27,136:INFO:Epoch: 35150/40000 | Train Loss: 1.644e-02 | Dynamic Loss: 1.644e-02 | Regularization Loss: 2.241e-15 | Val Loss: 3.284e-02 | Time: 8.98s
2025-08-20 04:25:42,850:INFO:Epoch: 35200/40000 | Train Loss: 5.036e-03 | Dynamic Loss: 5.036e-03 | Regularization Loss: 2.170e-15 | Val Loss: 2.503e-02 | Time: 15.71s
2025-08-20 04:25:51,844:INFO:Epoch: 35250/40000 | Train Loss: 6.910e-03 | Dynamic Loss: 6.910e-03 | Regularization Loss: 2.265e-15 | Val Loss: 2.670e-02 | Time: 8.99s
2025-08-20 04:26:00,803:INFO:Epoch: 35300/40000 | Train Loss: 6.201e-03 | Dynamic Loss: 6.201e-03 | Regularization Loss: 2.206e-15 | Val Loss: 2.644e-02 | Time: 8.96s
2025-08-20 04:26:09,842:INFO:Epoch: 35350/40000 | Train Loss: 4.569e-03 | Dynamic Loss: 4.569e-03 | Regularization Loss: 2.134e-15 | Val Loss: 2.458e-02 | Time: 9.04s
2025-08-20 04:26:26,815:INFO:Epoch: 35400/40000 | Train Loss: 5.896e-03 | Dynamic Loss: 5.896e-03 | Regularization Loss: 2.153e-15 | Val Loss: 2.654e-02 | Time: 16.97s
2025-08-20 04:26:35,874:INFO:Epoch: 35450/40000 | Train Loss: 5.496e-03 | Dynamic Loss: 5.496e-03 | Regularization Loss: 2.144e-15 | Val Loss: 2.536e-02 | Time: 9.06s
2025-08-20 04:26:45,007:INFO:Epoch: 35500/40000 | Train Loss: 4.974e-03 | Dynamic Loss: 4.974e-03 | Regularization Loss: 2.120e-15 | Val Loss: 2.495e-02 | Time: 9.13s
2025-08-20 04:26:57,219:INFO:Epoch: 35550/40000 | Train Loss: 6.151e-03 | Dynamic Loss: 6.151e-03 | Regularization Loss: 2.136e-15 | Val Loss: 2.568e-02 | Time: 12.21s
2025-08-20 04:27:06,297:INFO:Epoch: 35600/40000 | Train Loss: 4.656e-03 | Dynamic Loss: 4.656e-03 | Regularization Loss: 2.140e-15 | Val Loss: 2.462e-02 | Time: 9.08s
2025-08-20 04:27:15,324:INFO:Epoch: 35650/40000 | Train Loss: 5.970e-03 | Dynamic Loss: 5.970e-03 | Regularization Loss: 2.114e-15 | Val Loss: 2.706e-02 | Time: 9.03s
2025-08-20 04:27:25,078:INFO:Epoch: 35700/40000 | Train Loss: 7.734e-03 | Dynamic Loss: 7.734e-03 | Regularization Loss: 2.089e-15 | Val Loss: 2.696e-02 | Time: 9.75s
2025-08-20 04:27:34,077:INFO:Epoch: 35750/40000 | Train Loss: 5.814e-03 | Dynamic Loss: 5.814e-03 | Regularization Loss: 2.059e-15 | Val Loss: 2.506e-02 | Time: 9.00s
2025-08-20 04:27:43,124:INFO:Epoch: 35800/40000 | Train Loss: 5.761e-03 | Dynamic Loss: 5.761e-03 | Regularization Loss: 2.074e-15 | Val Loss: 2.548e-02 | Time: 9.05s
2025-08-20 04:27:52,185:INFO:Epoch: 35850/40000 | Train Loss: 7.058e-03 | Dynamic Loss: 7.058e-03 | Regularization Loss: 2.040e-15 | Val Loss: 2.734e-02 | Time: 9.06s
2025-08-20 04:28:01,224:INFO:Epoch: 35900/40000 | Train Loss: 6.207e-03 | Dynamic Loss: 6.207e-03 | Regularization Loss: 2.001e-15 | Val Loss: 2.680e-02 | Time: 9.04s
2025-08-20 04:28:10,260:INFO:Epoch: 35950/40000 | Train Loss: 5.865e-03 | Dynamic Loss: 5.865e-03 | Regularization Loss: 2.038e-15 | Val Loss: 2.567e-02 | Time: 9.04s
2025-08-20 04:28:19,176:INFO:Epoch: 36000/40000 | Train Loss: 9.976e-03 | Dynamic Loss: 9.976e-03 | Regularization Loss: 2.054e-15 | Val Loss: 2.923e-02 | Time: 8.92s
2025-08-20 04:28:28,350:INFO:Epoch: 36050/40000 | Train Loss: 7.178e-03 | Dynamic Loss: 7.178e-03 | Regularization Loss: 1.987e-15 | Val Loss: 2.744e-02 | Time: 9.17s
2025-08-20 04:28:37,393:INFO:Epoch: 36100/40000 | Train Loss: 7.464e-03 | Dynamic Loss: 7.464e-03 | Regularization Loss: 2.013e-15 | Val Loss: 2.662e-02 | Time: 9.04s
2025-08-20 04:28:46,348:INFO:Epoch: 36150/40000 | Train Loss: 7.309e-03 | Dynamic Loss: 7.309e-03 | Regularization Loss: 1.915e-15 | Val Loss: 2.659e-02 | Time: 8.95s
2025-08-20 04:28:55,346:INFO:Epoch: 36200/40000 | Train Loss: 7.216e-03 | Dynamic Loss: 7.216e-03 | Regularization Loss: 1.932e-15 | Val Loss: 2.609e-02 | Time: 9.00s
2025-08-20 04:29:04,343:INFO:Epoch: 36250/40000 | Train Loss: 5.482e-03 | Dynamic Loss: 5.482e-03 | Regularization Loss: 1.919e-15 | Val Loss: 2.743e-02 | Time: 9.00s
2025-08-20 04:29:13,431:INFO:Epoch: 36300/40000 | Train Loss: 5.391e-03 | Dynamic Loss: 5.391e-03 | Regularization Loss: 1.890e-15 | Val Loss: 2.599e-02 | Time: 9.09s
2025-08-20 04:29:22,606:INFO:Epoch: 36350/40000 | Train Loss: 7.859e-03 | Dynamic Loss: 7.859e-03 | Regularization Loss: 1.918e-15 | Val Loss: 2.699e-02 | Time: 9.17s
2025-08-20 04:29:31,584:INFO:Epoch: 36400/40000 | Train Loss: 4.984e-03 | Dynamic Loss: 4.984e-03 | Regularization Loss: 1.877e-15 | Val Loss: 2.511e-02 | Time: 8.98s
2025-08-20 04:29:40,532:INFO:Epoch: 36450/40000 | Train Loss: 4.769e-03 | Dynamic Loss: 4.769e-03 | Regularization Loss: 1.868e-15 | Val Loss: 2.540e-02 | Time: 8.95s
2025-08-20 04:29:49,465:INFO:Epoch: 36500/40000 | Train Loss: 6.068e-03 | Dynamic Loss: 6.068e-03 | Regularization Loss: 1.860e-15 | Val Loss: 2.629e-02 | Time: 8.93s
2025-08-20 04:30:04,879:INFO:Epoch: 36550/40000 | Train Loss: 4.202e-03 | Dynamic Loss: 4.202e-03 | Regularization Loss: 1.845e-15 | Val Loss: 2.476e-02 | Time: 15.41s
2025-08-20 04:30:13,892:INFO:Epoch: 36600/40000 | Train Loss: 6.142e-03 | Dynamic Loss: 6.142e-03 | Regularization Loss: 1.841e-15 | Val Loss: 2.723e-02 | Time: 9.01s
2025-08-20 04:30:22,984:INFO:Epoch: 36650/40000 | Train Loss: 6.545e-03 | Dynamic Loss: 6.545e-03 | Regularization Loss: 1.821e-15 | Val Loss: 2.645e-02 | Time: 9.09s
2025-08-20 04:30:32,041:INFO:Epoch: 36700/40000 | Train Loss: 8.164e-03 | Dynamic Loss: 8.164e-03 | Regularization Loss: 1.802e-15 | Val Loss: 2.800e-02 | Time: 9.06s
2025-08-20 04:30:48,821:INFO:Epoch: 36750/40000 | Train Loss: 5.560e-03 | Dynamic Loss: 5.560e-03 | Regularization Loss: 1.757e-15 | Val Loss: 2.631e-02 | Time: 16.78s
2025-08-20 04:30:57,809:INFO:Epoch: 36800/40000 | Train Loss: 4.675e-03 | Dynamic Loss: 4.675e-03 | Regularization Loss: 1.753e-15 | Val Loss: 2.511e-02 | Time: 8.99s
2025-08-20 04:31:06,750:INFO:Epoch: 36850/40000 | Train Loss: 1.200e-02 | Dynamic Loss: 1.200e-02 | Regularization Loss: 1.762e-15 | Val Loss: 3.187e-02 | Time: 8.94s
2025-08-20 04:31:17,190:INFO:Epoch: 36900/40000 | Train Loss: 5.112e-03 | Dynamic Loss: 5.112e-03 | Regularization Loss: 1.703e-15 | Val Loss: 2.608e-02 | Time: 10.44s
2025-08-20 04:31:26,200:INFO:Epoch: 36950/40000 | Train Loss: 5.245e-03 | Dynamic Loss: 5.245e-03 | Regularization Loss: 1.694e-15 | Val Loss: 2.631e-02 | Time: 9.01s
2025-08-20 04:31:35,177:INFO:Epoch: 37000/40000 | Train Loss: 5.422e-03 | Dynamic Loss: 5.422e-03 | Regularization Loss: 1.678e-15 | Val Loss: 2.690e-02 | Time: 8.98s
2025-08-20 04:31:44,349:INFO:Epoch: 37050/40000 | Train Loss: 5.285e-03 | Dynamic Loss: 5.285e-03 | Regularization Loss: 1.662e-15 | Val Loss: 2.568e-02 | Time: 9.17s
2025-08-20 04:31:53,344:INFO:Epoch: 37100/40000 | Train Loss: 5.812e-03 | Dynamic Loss: 5.812e-03 | Regularization Loss: 1.635e-15 | Val Loss: 2.637e-02 | Time: 9.00s
2025-08-20 04:32:02,294:INFO:Epoch: 37150/40000 | Train Loss: 4.103e-03 | Dynamic Loss: 4.103e-03 | Regularization Loss: 1.648e-15 | Val Loss: 2.437e-02 | Time: 8.95s
2025-08-20 04:32:02,294:INFO:New best model found at epoch 37150 with validation loss 2.437e-02. Saving...
2025-08-20 04:32:11,393:INFO:Epoch: 37200/40000 | Train Loss: 7.951e-03 | Dynamic Loss: 7.951e-03 | Regularization Loss: 1.620e-15 | Val Loss: 2.846e-02 | Time: 9.08s
2025-08-20 04:32:20,455:INFO:Epoch: 37250/40000 | Train Loss: 9.529e-03 | Dynamic Loss: 9.529e-03 | Regularization Loss: 1.609e-15 | Val Loss: 2.926e-02 | Time: 9.06s
2025-08-20 04:32:29,634:INFO:Epoch: 37300/40000 | Train Loss: 5.316e-03 | Dynamic Loss: 5.316e-03 | Regularization Loss: 1.594e-15 | Val Loss: 2.621e-02 | Time: 9.18s
2025-08-20 04:32:38,603:INFO:Epoch: 37350/40000 | Train Loss: 9.030e-03 | Dynamic Loss: 9.030e-03 | Regularization Loss: 1.598e-15 | Val Loss: 2.915e-02 | Time: 8.97s
2025-08-20 04:32:52,713:INFO:Epoch: 37400/40000 | Train Loss: 5.269e-03 | Dynamic Loss: 5.269e-03 | Regularization Loss: 1.565e-15 | Val Loss: 2.559e-02 | Time: 14.11s
2025-08-20 04:33:01,684:INFO:Epoch: 37450/40000 | Train Loss: 5.350e-03 | Dynamic Loss: 5.350e-03 | Regularization Loss: 1.569e-15 | Val Loss: 2.618e-02 | Time: 8.97s
2025-08-20 04:33:10,745:INFO:Epoch: 37500/40000 | Train Loss: 4.738e-03 | Dynamic Loss: 4.738e-03 | Regularization Loss: 1.546e-15 | Val Loss: 2.508e-02 | Time: 9.06s
2025-08-20 04:33:19,695:INFO:Epoch: 37550/40000 | Train Loss: 6.593e-03 | Dynamic Loss: 6.593e-03 | Regularization Loss: 1.576e-15 | Val Loss: 2.787e-02 | Time: 8.95s
2025-08-20 04:33:30,067:INFO:Epoch: 37600/40000 | Train Loss: 6.576e-03 | Dynamic Loss: 6.576e-03 | Regularization Loss: 1.566e-15 | Val Loss: 2.652e-02 | Time: 10.37s
2025-08-20 04:33:39,114:INFO:Epoch: 37650/40000 | Train Loss: 5.367e-03 | Dynamic Loss: 5.367e-03 | Regularization Loss: 1.544e-15 | Val Loss: 2.594e-02 | Time: 9.05s
2025-08-20 04:33:48,062:INFO:Epoch: 37700/40000 | Train Loss: 6.911e-03 | Dynamic Loss: 6.911e-03 | Regularization Loss: 1.485e-15 | Val Loss: 2.796e-02 | Time: 8.95s
2025-08-20 04:33:57,249:INFO:Epoch: 37750/40000 | Train Loss: 5.642e-03 | Dynamic Loss: 5.642e-03 | Regularization Loss: 1.459e-15 | Val Loss: 2.604e-02 | Time: 9.19s
2025-08-20 04:34:06,251:INFO:Epoch: 37800/40000 | Train Loss: 5.978e-03 | Dynamic Loss: 5.978e-03 | Regularization Loss: 1.473e-15 | Val Loss: 2.782e-02 | Time: 9.00s
2025-08-20 04:34:15,197:INFO:Epoch: 37850/40000 | Train Loss: 4.908e-03 | Dynamic Loss: 4.908e-03 | Regularization Loss: 1.444e-15 | Val Loss: 2.568e-02 | Time: 8.95s
2025-08-20 04:34:24,226:INFO:Epoch: 37900/40000 | Train Loss: 4.399e-03 | Dynamic Loss: 4.399e-03 | Regularization Loss: 1.447e-15 | Val Loss: 2.533e-02 | Time: 9.03s
2025-08-20 04:34:33,274:INFO:Epoch: 37950/40000 | Train Loss: 9.694e-03 | Dynamic Loss: 9.694e-03 | Regularization Loss: 1.475e-15 | Val Loss: 3.044e-02 | Time: 9.05s
2025-08-20 04:34:42,320:INFO:Epoch: 38000/40000 | Train Loss: 8.188e-03 | Dynamic Loss: 8.188e-03 | Regularization Loss: 1.459e-15 | Val Loss: 3.131e-02 | Time: 9.05s
2025-08-20 04:34:51,347:INFO:Epoch: 38050/40000 | Train Loss: 5.180e-03 | Dynamic Loss: 5.180e-03 | Regularization Loss: 1.436e-15 | Val Loss: 2.588e-02 | Time: 9.03s
2025-08-20 04:35:05,573:INFO:Epoch: 38100/40000 | Train Loss: 1.714e-02 | Dynamic Loss: 1.714e-02 | Regularization Loss: 1.434e-15 | Val Loss: 3.434e-02 | Time: 14.23s
2025-08-20 04:35:14,566:INFO:Epoch: 38150/40000 | Train Loss: 7.464e-03 | Dynamic Loss: 7.464e-03 | Regularization Loss: 1.388e-15 | Val Loss: 2.765e-02 | Time: 8.99s
2025-08-20 04:35:23,542:INFO:Epoch: 38200/40000 | Train Loss: 1.113e-02 | Dynamic Loss: 1.113e-02 | Regularization Loss: 1.389e-15 | Val Loss: 3.074e-02 | Time: 8.98s
2025-08-20 04:35:32,538:INFO:Epoch: 38250/40000 | Train Loss: 4.367e-03 | Dynamic Loss: 4.367e-03 | Regularization Loss: 1.370e-15 | Val Loss: 2.614e-02 | Time: 8.99s
2025-08-20 04:35:41,558:INFO:Epoch: 38300/40000 | Train Loss: 5.956e-03 | Dynamic Loss: 5.956e-03 | Regularization Loss: 1.381e-15 | Val Loss: 2.726e-02 | Time: 9.02s
2025-08-20 04:35:50,638:INFO:Epoch: 38350/40000 | Train Loss: 5.534e-03 | Dynamic Loss: 5.534e-03 | Regularization Loss: 1.364e-15 | Val Loss: 2.604e-02 | Time: 9.08s
2025-08-20 04:35:59,726:INFO:Epoch: 38400/40000 | Train Loss: 5.876e-03 | Dynamic Loss: 5.876e-03 | Regularization Loss: 1.344e-15 | Val Loss: 2.603e-02 | Time: 9.09s
2025-08-20 04:36:08,753:INFO:Epoch: 38450/40000 | Train Loss: 4.524e-03 | Dynamic Loss: 4.524e-03 | Regularization Loss: 1.312e-15 | Val Loss: 2.557e-02 | Time: 9.03s
2025-08-20 04:36:17,773:INFO:Epoch: 38500/40000 | Train Loss: 4.261e-03 | Dynamic Loss: 4.261e-03 | Regularization Loss: 1.289e-15 | Val Loss: 2.500e-02 | Time: 9.02s
2025-08-20 04:36:26,722:INFO:Epoch: 38550/40000 | Train Loss: 7.529e-03 | Dynamic Loss: 7.529e-03 | Regularization Loss: 1.313e-15 | Val Loss: 2.865e-02 | Time: 8.95s
2025-08-20 04:36:42,659:INFO:Epoch: 38600/40000 | Train Loss: 4.356e-03 | Dynamic Loss: 4.356e-03 | Regularization Loss: 1.295e-15 | Val Loss: 2.525e-02 | Time: 15.94s
2025-08-20 04:36:51,721:INFO:Epoch: 38650/40000 | Train Loss: 6.519e-03 | Dynamic Loss: 6.519e-03 | Regularization Loss: 1.312e-15 | Val Loss: 2.820e-02 | Time: 9.06s
2025-08-20 04:37:00,833:INFO:Epoch: 38700/40000 | Train Loss: 8.641e-03 | Dynamic Loss: 8.641e-03 | Regularization Loss: 1.295e-15 | Val Loss: 3.166e-02 | Time: 9.11s
2025-08-20 04:37:09,925:INFO:Epoch: 38750/40000 | Train Loss: 7.729e-03 | Dynamic Loss: 7.729e-03 | Regularization Loss: 1.270e-15 | Val Loss: 2.915e-02 | Time: 9.09s
2025-08-20 04:37:19,048:INFO:Epoch: 38800/40000 | Train Loss: 1.133e-02 | Dynamic Loss: 1.133e-02 | Regularization Loss: 1.274e-15 | Val Loss: 3.025e-02 | Time: 9.12s
2025-08-20 04:37:28,041:INFO:Epoch: 38850/40000 | Train Loss: 4.631e-03 | Dynamic Loss: 4.631e-03 | Regularization Loss: 1.233e-15 | Val Loss: 2.533e-02 | Time: 8.99s
2025-08-20 04:37:37,049:INFO:Epoch: 38900/40000 | Train Loss: 5.197e-03 | Dynamic Loss: 5.197e-03 | Regularization Loss: 1.217e-15 | Val Loss: 2.571e-02 | Time: 9.01s
2025-08-20 04:37:46,087:INFO:Epoch: 38950/40000 | Train Loss: 4.520e-03 | Dynamic Loss: 4.520e-03 | Regularization Loss: 1.196e-15 | Val Loss: 2.547e-02 | Time: 9.04s
2025-08-20 04:37:55,061:INFO:Epoch: 39000/40000 | Train Loss: 4.533e-03 | Dynamic Loss: 4.533e-03 | Regularization Loss: 1.219e-15 | Val Loss: 2.503e-02 | Time: 8.97s
2025-08-20 04:38:04,026:INFO:Epoch: 39050/40000 | Train Loss: 4.643e-03 | Dynamic Loss: 4.643e-03 | Regularization Loss: 1.186e-15 | Val Loss: 2.608e-02 | Time: 8.97s
2025-08-20 04:38:15,147:INFO:Epoch: 39100/40000 | Train Loss: 4.994e-03 | Dynamic Loss: 4.994e-03 | Regularization Loss: 1.182e-15 | Val Loss: 2.634e-02 | Time: 11.12s
2025-08-20 04:38:24,047:INFO:Epoch: 39150/40000 | Train Loss: 4.421e-03 | Dynamic Loss: 4.421e-03 | Regularization Loss: 1.186e-15 | Val Loss: 2.584e-02 | Time: 8.90s
2025-08-20 04:38:33,104:INFO:Epoch: 39200/40000 | Train Loss: 5.135e-03 | Dynamic Loss: 5.135e-03 | Regularization Loss: 1.175e-15 | Val Loss: 2.662e-02 | Time: 9.06s
2025-08-20 04:38:42,470:INFO:Epoch: 39250/40000 | Train Loss: 7.184e-03 | Dynamic Loss: 7.184e-03 | Regularization Loss: 1.172e-15 | Val Loss: 2.792e-02 | Time: 9.37s
2025-08-20 04:38:51,492:INFO:Epoch: 39300/40000 | Train Loss: 4.070e-03 | Dynamic Loss: 4.070e-03 | Regularization Loss: 1.143e-15 | Val Loss: 2.577e-02 | Time: 9.02s
2025-08-20 04:39:00,444:INFO:Epoch: 39350/40000 | Train Loss: 4.320e-03 | Dynamic Loss: 4.320e-03 | Regularization Loss: 1.118e-15 | Val Loss: 2.547e-02 | Time: 8.95s
2025-08-20 04:39:09,578:INFO:Epoch: 39400/40000 | Train Loss: 5.639e-03 | Dynamic Loss: 5.639e-03 | Regularization Loss: 1.106e-15 | Val Loss: 2.707e-02 | Time: 9.13s
2025-08-20 04:39:18,622:INFO:Epoch: 39450/40000 | Train Loss: 5.170e-03 | Dynamic Loss: 5.170e-03 | Regularization Loss: 1.110e-15 | Val Loss: 2.734e-02 | Time: 9.04s
2025-08-20 04:39:27,676:INFO:Epoch: 39500/40000 | Train Loss: 4.052e-03 | Dynamic Loss: 4.052e-03 | Regularization Loss: 1.096e-15 | Val Loss: 2.557e-02 | Time: 9.05s
2025-08-20 04:39:36,636:INFO:Epoch: 39550/40000 | Train Loss: 4.535e-03 | Dynamic Loss: 4.535e-03 | Regularization Loss: 1.082e-15 | Val Loss: 2.588e-02 | Time: 8.96s
2025-08-20 04:39:50,191:INFO:Epoch: 39600/40000 | Train Loss: 5.510e-03 | Dynamic Loss: 5.510e-03 | Regularization Loss: 1.071e-15 | Val Loss: 2.672e-02 | Time: 13.56s
2025-08-20 04:39:59,220:INFO:Epoch: 39650/40000 | Train Loss: 4.480e-03 | Dynamic Loss: 4.480e-03 | Regularization Loss: 1.056e-15 | Val Loss: 2.563e-02 | Time: 9.03s
2025-08-20 04:40:08,193:INFO:Epoch: 39700/40000 | Train Loss: 5.259e-03 | Dynamic Loss: 5.259e-03 | Regularization Loss: 1.040e-15 | Val Loss: 2.620e-02 | Time: 8.97s
2025-08-20 04:40:17,203:INFO:Epoch: 39750/40000 | Train Loss: 7.054e-03 | Dynamic Loss: 7.054e-03 | Regularization Loss: 1.057e-15 | Val Loss: 4.310e-02 | Time: 9.01s
2025-08-20 04:40:26,799:INFO:Epoch: 39800/40000 | Train Loss: 4.745e-03 | Dynamic Loss: 4.745e-03 | Regularization Loss: 1.034e-15 | Val Loss: 2.615e-02 | Time: 9.60s
2025-08-20 04:40:35,868:INFO:Epoch: 39850/40000 | Train Loss: 3.517e-03 | Dynamic Loss: 3.517e-03 | Regularization Loss: 9.910e-16 | Val Loss: 2.487e-02 | Time: 9.07s
2025-08-20 04:40:44,974:INFO:Epoch: 39900/40000 | Train Loss: 4.092e-03 | Dynamic Loss: 4.092e-03 | Regularization Loss: 9.844e-16 | Val Loss: 2.564e-02 | Time: 9.11s
2025-08-20 04:40:54,025:INFO:Epoch: 39950/40000 | Train Loss: 5.507e-03 | Dynamic Loss: 5.507e-03 | Regularization Loss: 9.832e-16 | Val Loss: 4.240e-02 | Time: 9.05s
2025-08-20 04:41:03,090:INFO:Epoch: 40000/40000 | Train Loss: 4.199e-03 | Dynamic Loss: 4.199e-03 | Regularization Loss: 9.728e-16 | Val Loss: 2.579e-02 | Time: 9.06s
