2025-08-21 03:30:05,108:INFO:USING LONGER TRAJ DATA
2025-08-21 03:30:05,178:INFO:Created DataLoaders with 2994 training samples and 998 validation samples.
2025-08-21 03:30:06,298:INFO:model params: 2380161
2025-08-21 03:30:08,081:INFO:Epoch: 0/40000 | Train Loss: 1.805e+00 | Dynamic Loss: 1.805e+00 | Regularization Loss: 0.000e+00 | Val Loss: 1.811e+00 | Time: 1.66s
2025-08-21 03:30:08,081:INFO:New best model found at epoch 0 with validation loss 1.811e+00. Saving...
2025-08-21 03:30:14,389:INFO:Epoch: 50/40000 | Train Loss: 1.684e+00 | Dynamic Loss: 1.684e+00 | Regularization Loss: 0.000e+00 | Val Loss: 1.701e+00 | Time: 6.13s
2025-08-21 03:30:14,389:INFO:New best model found at epoch 50 with validation loss 1.701e+00. Saving...
2025-08-21 03:30:20,730:INFO:Epoch: 100/40000 | Train Loss: 1.655e+00 | Dynamic Loss: 1.655e+00 | Regularization Loss: 0.000e+00 | Val Loss: 1.668e+00 | Time: 6.22s
2025-08-21 03:30:20,731:INFO:New best model found at epoch 100 with validation loss 1.668e+00. Saving...
2025-08-21 03:30:33,818:INFO:Epoch: 150/40000 | Train Loss: 1.607e+00 | Dynamic Loss: 1.607e+00 | Regularization Loss: 0.000e+00 | Val Loss: 1.618e+00 | Time: 12.96s
2025-08-21 03:30:33,818:INFO:New best model found at epoch 150 with validation loss 1.618e+00. Saving...
2025-08-21 03:30:40,410:INFO:Epoch: 200/40000 | Train Loss: 1.553e+00 | Dynamic Loss: 1.553e+00 | Regularization Loss: 0.000e+00 | Val Loss: 1.578e+00 | Time: 6.45s
2025-08-21 03:30:40,410:INFO:New best model found at epoch 200 with validation loss 1.578e+00. Saving...
2025-08-21 03:30:46,873:INFO:Epoch: 250/40000 | Train Loss: 1.442e+00 | Dynamic Loss: 1.442e+00 | Regularization Loss: 0.000e+00 | Val Loss: 1.470e+00 | Time: 6.34s
2025-08-21 03:30:46,873:INFO:New best model found at epoch 250 with validation loss 1.470e+00. Saving...
2025-08-21 03:30:53,347:INFO:Epoch: 300/40000 | Train Loss: 1.396e+00 | Dynamic Loss: 1.396e+00 | Regularization Loss: 0.000e+00 | Val Loss: 1.414e+00 | Time: 6.35s
2025-08-21 03:30:53,347:INFO:New best model found at epoch 300 with validation loss 1.414e+00. Saving...
2025-08-21 03:31:06,769:INFO:Epoch: 350/40000 | Train Loss: 1.360e+00 | Dynamic Loss: 1.360e+00 | Regularization Loss: 0.000e+00 | Val Loss: 1.377e+00 | Time: 13.30s
2025-08-21 03:31:06,769:INFO:New best model found at epoch 350 with validation loss 1.377e+00. Saving...
2025-08-21 03:31:13,248:INFO:Epoch: 400/40000 | Train Loss: 1.383e+00 | Dynamic Loss: 1.383e+00 | Regularization Loss: 0.000e+00 | Val Loss: 1.407e+00 | Time: 6.35s
2025-08-21 03:31:19,677:INFO:Epoch: 450/40000 | Train Loss: 1.327e+00 | Dynamic Loss: 1.327e+00 | Regularization Loss: 0.000e+00 | Val Loss: 1.346e+00 | Time: 6.33s
2025-08-21 03:31:19,677:INFO:New best model found at epoch 450 with validation loss 1.346e+00. Saving...
2025-08-21 03:31:26,136:INFO:Epoch: 500/40000 | Train Loss: 1.297e+00 | Dynamic Loss: 1.297e+00 | Regularization Loss: 0.000e+00 | Val Loss: 1.316e+00 | Time: 6.34s
2025-08-21 03:31:26,136:INFO:New best model found at epoch 500 with validation loss 1.316e+00. Saving...
2025-08-21 03:31:39,856:INFO:Epoch: 550/40000 | Train Loss: 1.255e+00 | Dynamic Loss: 1.255e+00 | Regularization Loss: 0.000e+00 | Val Loss: 1.279e+00 | Time: 13.60s
2025-08-21 03:31:39,856:INFO:New best model found at epoch 550 with validation loss 1.279e+00. Saving...
2025-08-21 03:31:46,399:INFO:Epoch: 600/40000 | Train Loss: 1.282e+00 | Dynamic Loss: 1.282e+00 | Regularization Loss: 0.000e+00 | Val Loss: 1.307e+00 | Time: 6.42s
2025-08-21 03:31:52,930:INFO:Epoch: 650/40000 | Train Loss: 1.214e+00 | Dynamic Loss: 1.214e+00 | Regularization Loss: 0.000e+00 | Val Loss: 1.245e+00 | Time: 6.42s
2025-08-21 03:31:52,930:INFO:New best model found at epoch 650 with validation loss 1.245e+00. Saving...
2025-08-21 03:31:59,618:INFO:Epoch: 700/40000 | Train Loss: 1.195e+00 | Dynamic Loss: 1.195e+00 | Regularization Loss: 0.000e+00 | Val Loss: 1.223e+00 | Time: 6.56s
2025-08-21 03:31:59,619:INFO:New best model found at epoch 700 with validation loss 1.223e+00. Saving...
2025-08-21 03:32:07,300:INFO:Epoch: 750/40000 | Train Loss: 1.796e+00 | Dynamic Loss: 1.796e+00 | Regularization Loss: 0.000e+00 | Val Loss: 1.553e+00 | Time: 7.56s
2025-08-21 03:32:13,825:INFO:Epoch: 800/40000 | Train Loss: 1.143e+00 | Dynamic Loss: 1.143e+00 | Regularization Loss: 0.000e+00 | Val Loss: 1.176e+00 | Time: 6.41s
2025-08-21 03:32:13,825:INFO:New best model found at epoch 800 with validation loss 1.176e+00. Saving...
2025-08-21 03:32:20,438:INFO:Epoch: 850/40000 | Train Loss: 1.164e+00 | Dynamic Loss: 1.164e+00 | Regularization Loss: 0.000e+00 | Val Loss: 1.197e+00 | Time: 6.49s
2025-08-21 03:32:27,085:INFO:Epoch: 900/40000 | Train Loss: 1.153e+00 | Dynamic Loss: 1.153e+00 | Regularization Loss: 0.000e+00 | Val Loss: 1.188e+00 | Time: 6.54s
2025-08-21 03:32:40,760:INFO:Epoch: 950/40000 | Train Loss: 1.083e+00 | Dynamic Loss: 1.083e+00 | Regularization Loss: 0.000e+00 | Val Loss: 1.121e+00 | Time: 13.57s
2025-08-21 03:32:40,760:INFO:New best model found at epoch 950 with validation loss 1.121e+00. Saving...
2025-08-21 03:32:47,439:INFO:Epoch: 1000/40000 | Train Loss: 1.057e+00 | Dynamic Loss: 1.057e+00 | Regularization Loss: 0.000e+00 | Val Loss: 1.095e+00 | Time: 6.55s
2025-08-21 03:32:47,439:INFO:New best model found at epoch 1000 with validation loss 1.095e+00. Saving...
2025-08-21 03:32:54,047:INFO:Epoch: 1050/40000 | Train Loss: 1.026e+00 | Dynamic Loss: 1.026e+00 | Regularization Loss: 0.000e+00 | Val Loss: 1.066e+00 | Time: 6.49s
2025-08-21 03:32:54,047:INFO:New best model found at epoch 1050 with validation loss 1.066e+00. Saving...
2025-08-21 03:33:00,662:INFO:Epoch: 1100/40000 | Train Loss: 1.009e+00 | Dynamic Loss: 1.009e+00 | Regularization Loss: 0.000e+00 | Val Loss: 1.046e+00 | Time: 6.50s
2025-08-21 03:33:00,662:INFO:New best model found at epoch 1100 with validation loss 1.046e+00. Saving...
2025-08-21 03:33:07,841:INFO:Epoch: 1150/40000 | Train Loss: 1.055e+00 | Dynamic Loss: 1.055e+00 | Regularization Loss: 0.000e+00 | Val Loss: 1.105e+00 | Time: 7.06s
2025-08-21 03:33:14,392:INFO:Epoch: 1200/40000 | Train Loss: 9.859e-01 | Dynamic Loss: 9.859e-01 | Regularization Loss: 0.000e+00 | Val Loss: 1.026e+00 | Time: 6.44s
2025-08-21 03:33:14,392:INFO:New best model found at epoch 1200 with validation loss 1.026e+00. Saving...
2025-08-21 03:33:20,941:INFO:Epoch: 1250/40000 | Train Loss: 9.503e-01 | Dynamic Loss: 9.503e-01 | Regularization Loss: 0.000e+00 | Val Loss: 9.926e-01 | Time: 6.43s
2025-08-21 03:33:20,941:INFO:New best model found at epoch 1250 with validation loss 9.926e-01. Saving...
2025-08-21 03:33:27,636:INFO:Epoch: 1300/40000 | Train Loss: 9.291e-01 | Dynamic Loss: 9.291e-01 | Regularization Loss: 0.000e+00 | Val Loss: 9.660e-01 | Time: 6.57s
2025-08-21 03:33:27,637:INFO:New best model found at epoch 1300 with validation loss 9.660e-01. Saving...
2025-08-21 03:33:34,331:INFO:Epoch: 1350/40000 | Train Loss: 9.169e-01 | Dynamic Loss: 9.169e-01 | Regularization Loss: 0.000e+00 | Val Loss: 9.598e-01 | Time: 6.57s
2025-08-21 03:33:34,332:INFO:New best model found at epoch 1350 with validation loss 9.598e-01. Saving...
2025-08-21 03:33:40,933:INFO:Epoch: 1400/40000 | Train Loss: 8.946e-01 | Dynamic Loss: 8.946e-01 | Regularization Loss: 0.000e+00 | Val Loss: 9.349e-01 | Time: 6.48s
2025-08-21 03:33:40,934:INFO:New best model found at epoch 1400 with validation loss 9.349e-01. Saving...
2025-08-21 03:33:47,544:INFO:Epoch: 1450/40000 | Train Loss: 9.894e-01 | Dynamic Loss: 9.894e-01 | Regularization Loss: 0.000e+00 | Val Loss: 9.827e-01 | Time: 6.49s
2025-08-21 03:33:54,029:INFO:Epoch: 1500/40000 | Train Loss: 8.809e-01 | Dynamic Loss: 8.809e-01 | Regularization Loss: 0.000e+00 | Val Loss: 9.229e-01 | Time: 6.38s
2025-08-21 03:33:54,030:INFO:New best model found at epoch 1500 with validation loss 9.229e-01. Saving...
2025-08-21 03:34:00,725:INFO:Epoch: 1550/40000 | Train Loss: 1.076e+00 | Dynamic Loss: 1.076e+00 | Regularization Loss: 0.000e+00 | Val Loss: 1.117e+00 | Time: 6.57s
2025-08-21 03:34:08,532:INFO:Epoch: 1600/40000 | Train Loss: 9.530e-01 | Dynamic Loss: 9.530e-01 | Regularization Loss: 0.000e+00 | Val Loss: 1.008e+00 | Time: 7.70s
2025-08-21 03:34:15,165:INFO:Epoch: 1650/40000 | Train Loss: 9.826e-01 | Dynamic Loss: 9.826e-01 | Regularization Loss: 0.000e+00 | Val Loss: 9.854e-01 | Time: 6.53s
2025-08-21 03:34:21,750:INFO:Epoch: 1700/40000 | Train Loss: 9.498e-01 | Dynamic Loss: 9.498e-01 | Regularization Loss: 0.000e+00 | Val Loss: 9.485e-01 | Time: 6.47s
2025-08-21 03:34:28,624:INFO:Epoch: 1750/40000 | Train Loss: 7.894e-01 | Dynamic Loss: 7.894e-01 | Regularization Loss: 0.000e+00 | Val Loss: 8.671e-01 | Time: 6.76s
2025-08-21 03:34:28,624:INFO:New best model found at epoch 1750 with validation loss 8.671e-01. Saving...
2025-08-21 03:34:35,394:INFO:Epoch: 1800/40000 | Train Loss: 9.903e-01 | Dynamic Loss: 9.903e-01 | Regularization Loss: 0.000e+00 | Val Loss: 1.016e+00 | Time: 6.64s
2025-08-21 03:34:42,161:INFO:Epoch: 1850/40000 | Train Loss: 9.165e-01 | Dynamic Loss: 9.165e-01 | Regularization Loss: 0.000e+00 | Val Loss: 1.110e+00 | Time: 6.65s
2025-08-21 03:34:48,946:INFO:Epoch: 1900/40000 | Train Loss: 7.238e-01 | Dynamic Loss: 7.238e-01 | Regularization Loss: 0.000e+00 | Val Loss: 7.708e-01 | Time: 6.67s
2025-08-21 03:34:48,946:INFO:New best model found at epoch 1900 with validation loss 7.708e-01. Saving...
2025-08-21 03:35:03,272:INFO:Epoch: 1950/40000 | Train Loss: 7.606e-01 | Dynamic Loss: 7.606e-01 | Regularization Loss: 0.000e+00 | Val Loss: 8.146e-01 | Time: 14.20s
2025-08-21 03:35:10,074:INFO:Epoch: 2000/40000 | Train Loss: 6.954e-01 | Dynamic Loss: 6.954e-01 | Regularization Loss: 0.000e+00 | Val Loss: 7.423e-01 | Time: 6.69s
2025-08-21 03:35:10,074:INFO:New best model found at epoch 2000 with validation loss 7.423e-01. Saving...
2025-08-21 03:35:16,946:INFO:Epoch: 2050/40000 | Train Loss: 8.311e-01 | Dynamic Loss: 8.311e-01 | Regularization Loss: 0.000e+00 | Val Loss: 8.723e-01 | Time: 6.75s
2025-08-21 03:35:23,530:INFO:Epoch: 2100/40000 | Train Loss: 7.270e-01 | Dynamic Loss: 7.270e-01 | Regularization Loss: 0.000e+00 | Val Loss: 7.756e-01 | Time: 6.49s
2025-08-21 03:35:37,729:INFO:Epoch: 2150/40000 | Train Loss: 8.846e-01 | Dynamic Loss: 8.846e-01 | Regularization Loss: 0.000e+00 | Val Loss: 9.358e-01 | Time: 14.10s
2025-08-21 03:35:44,487:INFO:Epoch: 2200/40000 | Train Loss: 6.830e-01 | Dynamic Loss: 6.830e-01 | Regularization Loss: 0.000e+00 | Val Loss: 7.376e-01 | Time: 6.66s
2025-08-21 03:35:44,487:INFO:New best model found at epoch 2200 with validation loss 7.376e-01. Saving...
2025-08-21 03:35:51,671:INFO:Epoch: 2250/40000 | Train Loss: 7.865e-01 | Dynamic Loss: 7.865e-01 | Regularization Loss: 0.000e+00 | Val Loss: 1.164e+00 | Time: 7.06s
2025-08-21 03:35:58,581:INFO:Epoch: 2300/40000 | Train Loss: 6.892e-01 | Dynamic Loss: 6.892e-01 | Regularization Loss: 0.000e+00 | Val Loss: 7.287e-01 | Time: 6.69s
2025-08-21 03:35:58,581:INFO:New best model found at epoch 2300 with validation loss 7.287e-01. Saving...
2025-08-21 03:36:05,283:INFO:Epoch: 2350/40000 | Train Loss: 7.295e-01 | Dynamic Loss: 7.295e-01 | Regularization Loss: 0.000e+00 | Val Loss: 7.681e-01 | Time: 6.57s
2025-08-21 03:36:12,136:INFO:Epoch: 2400/40000 | Train Loss: 6.041e-01 | Dynamic Loss: 6.041e-01 | Regularization Loss: 0.000e+00 | Val Loss: 6.592e-01 | Time: 6.75s
2025-08-21 03:36:12,136:INFO:New best model found at epoch 2400 with validation loss 6.592e-01. Saving...
2025-08-21 03:36:18,938:INFO:Epoch: 2450/40000 | Train Loss: 5.974e-01 | Dynamic Loss: 5.974e-01 | Regularization Loss: 0.000e+00 | Val Loss: 6.458e-01 | Time: 6.68s
2025-08-21 03:36:18,939:INFO:New best model found at epoch 2450 with validation loss 6.458e-01. Saving...
2025-08-21 03:36:25,600:INFO:Epoch: 2500/40000 | Train Loss: 7.958e-01 | Dynamic Loss: 7.958e-01 | Regularization Loss: 0.000e+00 | Val Loss: 1.142e+00 | Time: 6.54s
2025-08-21 03:36:39,827:INFO:Epoch: 2550/40000 | Train Loss: 6.243e-01 | Dynamic Loss: 6.243e-01 | Regularization Loss: 0.000e+00 | Val Loss: 6.672e-01 | Time: 14.13s
2025-08-21 03:36:46,657:INFO:Epoch: 2600/40000 | Train Loss: 6.032e-01 | Dynamic Loss: 6.032e-01 | Regularization Loss: 0.000e+00 | Val Loss: 6.510e-01 | Time: 6.73s
2025-08-21 03:36:53,348:INFO:Epoch: 2650/40000 | Train Loss: 7.137e-01 | Dynamic Loss: 7.137e-01 | Regularization Loss: 0.000e+00 | Val Loss: 7.596e-01 | Time: 6.58s
2025-08-21 03:36:59,945:INFO:Epoch: 2700/40000 | Train Loss: 5.984e-01 | Dynamic Loss: 5.984e-01 | Regularization Loss: 0.000e+00 | Val Loss: 6.665e-01 | Time: 6.50s
2025-08-21 03:37:13,850:INFO:Epoch: 2750/40000 | Train Loss: 5.314e-01 | Dynamic Loss: 5.314e-01 | Regularization Loss: 0.000e+00 | Val Loss: 5.719e-01 | Time: 13.81s
2025-08-21 03:37:13,850:INFO:New best model found at epoch 2750 with validation loss 5.719e-01. Saving...
2025-08-21 03:37:20,744:INFO:Epoch: 2800/40000 | Train Loss: 5.108e-01 | Dynamic Loss: 5.108e-01 | Regularization Loss: 0.000e+00 | Val Loss: 5.587e-01 | Time: 6.77s
2025-08-21 03:37:20,744:INFO:New best model found at epoch 2800 with validation loss 5.587e-01. Saving...
2025-08-21 03:37:27,560:INFO:Epoch: 2850/40000 | Train Loss: 5.620e-01 | Dynamic Loss: 5.620e-01 | Regularization Loss: 0.000e+00 | Val Loss: 6.092e-01 | Time: 6.69s
2025-08-21 03:37:34,152:INFO:Epoch: 2900/40000 | Train Loss: 6.540e-01 | Dynamic Loss: 6.540e-01 | Regularization Loss: 0.000e+00 | Val Loss: 6.634e-01 | Time: 6.49s
2025-08-21 03:37:48,702:INFO:Epoch: 2950/40000 | Train Loss: 5.719e-01 | Dynamic Loss: 5.719e-01 | Regularization Loss: 0.000e+00 | Val Loss: 6.166e-01 | Time: 14.44s
2025-08-21 03:37:55,607:INFO:Epoch: 3000/40000 | Train Loss: 5.640e-01 | Dynamic Loss: 5.640e-01 | Regularization Loss: 0.000e+00 | Val Loss: 6.053e-01 | Time: 6.80s
2025-08-21 03:38:02,373:INFO:Epoch: 3050/40000 | Train Loss: 4.792e-01 | Dynamic Loss: 4.792e-01 | Regularization Loss: 0.000e+00 | Val Loss: 5.233e-01 | Time: 6.66s
2025-08-21 03:38:02,374:INFO:New best model found at epoch 3050 with validation loss 5.233e-01. Saving...
2025-08-21 03:38:09,049:INFO:Epoch: 3100/40000 | Train Loss: 4.561e-01 | Dynamic Loss: 4.561e-01 | Regularization Loss: 0.000e+00 | Val Loss: 5.051e-01 | Time: 6.42s
2025-08-21 03:38:09,050:INFO:New best model found at epoch 3100 with validation loss 5.051e-01. Saving...
2025-08-21 03:38:15,745:INFO:Epoch: 3150/40000 | Train Loss: 4.478e-01 | Dynamic Loss: 4.478e-01 | Regularization Loss: 0.000e+00 | Val Loss: 4.911e-01 | Time: 6.57s
2025-08-21 03:38:15,745:INFO:New best model found at epoch 3150 with validation loss 4.911e-01. Saving...
2025-08-21 03:38:22,487:INFO:Epoch: 3200/40000 | Train Loss: 4.567e-01 | Dynamic Loss: 4.567e-01 | Regularization Loss: 0.000e+00 | Val Loss: 5.017e-01 | Time: 6.62s
2025-08-21 03:38:29,277:INFO:Epoch: 3250/40000 | Train Loss: 4.629e-01 | Dynamic Loss: 4.629e-01 | Regularization Loss: 0.000e+00 | Val Loss: 5.176e-01 | Time: 6.69s
2025-08-21 03:38:36,047:INFO:Epoch: 3300/40000 | Train Loss: 4.711e-01 | Dynamic Loss: 4.711e-01 | Regularization Loss: 0.000e+00 | Val Loss: 5.133e-01 | Time: 6.66s
2025-08-21 03:38:42,763:INFO:Epoch: 3350/40000 | Train Loss: 4.245e-01 | Dynamic Loss: 4.245e-01 | Regularization Loss: 0.000e+00 | Val Loss: 4.734e-01 | Time: 6.60s
2025-08-21 03:38:42,764:INFO:New best model found at epoch 3350 with validation loss 4.734e-01. Saving...
2025-08-21 03:38:49,550:INFO:Epoch: 3400/40000 | Train Loss: 4.834e-01 | Dynamic Loss: 4.834e-01 | Regularization Loss: 0.000e+00 | Val Loss: 6.196e-01 | Time: 6.66s
2025-08-21 03:38:56,396:INFO:Epoch: 3450/40000 | Train Loss: 4.389e-01 | Dynamic Loss: 4.389e-01 | Regularization Loss: 0.000e+00 | Val Loss: 4.889e-01 | Time: 6.59s
2025-08-21 03:39:03,157:INFO:Epoch: 3500/40000 | Train Loss: 4.181e-01 | Dynamic Loss: 4.181e-01 | Regularization Loss: 0.000e+00 | Val Loss: 4.608e-01 | Time: 6.64s
2025-08-21 03:39:03,157:INFO:New best model found at epoch 3500 with validation loss 4.608e-01. Saving...
2025-08-21 03:39:09,976:INFO:Epoch: 3550/40000 | Train Loss: 7.649e-01 | Dynamic Loss: 7.649e-01 | Regularization Loss: 0.000e+00 | Val Loss: 8.063e-01 | Time: 6.69s
2025-08-21 03:39:16,612:INFO:Epoch: 3600/40000 | Train Loss: 4.005e-01 | Dynamic Loss: 4.005e-01 | Regularization Loss: 0.000e+00 | Val Loss: 4.484e-01 | Time: 6.53s
2025-08-21 03:39:16,612:INFO:New best model found at epoch 3600 with validation loss 4.484e-01. Saving...
2025-08-21 03:39:31,034:INFO:Epoch: 3650/40000 | Train Loss: 3.790e-01 | Dynamic Loss: 3.790e-01 | Regularization Loss: 0.000e+00 | Val Loss: 4.200e-01 | Time: 14.30s
2025-08-21 03:39:31,034:INFO:New best model found at epoch 3650 with validation loss 4.200e-01. Saving...
2025-08-21 03:39:37,857:INFO:Epoch: 3700/40000 | Train Loss: 3.604e-01 | Dynamic Loss: 3.604e-01 | Regularization Loss: 0.000e+00 | Val Loss: 4.107e-01 | Time: 6.70s
2025-08-21 03:39:37,857:INFO:New best model found at epoch 3700 with validation loss 4.107e-01. Saving...
2025-08-21 03:39:44,521:INFO:Epoch: 3750/40000 | Train Loss: 3.971e-01 | Dynamic Loss: 3.971e-01 | Regularization Loss: 0.000e+00 | Val Loss: 4.389e-01 | Time: 6.54s
2025-08-21 03:39:51,333:INFO:Epoch: 3800/40000 | Train Loss: 3.818e-01 | Dynamic Loss: 3.818e-01 | Regularization Loss: 0.000e+00 | Val Loss: 4.296e-01 | Time: 6.70s
2025-08-21 03:39:58,052:INFO:Epoch: 3850/40000 | Train Loss: 3.452e-01 | Dynamic Loss: 3.452e-01 | Regularization Loss: 0.000e+00 | Val Loss: 3.900e-01 | Time: 6.61s
2025-08-21 03:39:58,053:INFO:New best model found at epoch 3850 with validation loss 3.900e-01. Saving...
2025-08-21 03:40:04,976:INFO:Epoch: 3900/40000 | Train Loss: 3.457e-01 | Dynamic Loss: 3.457e-01 | Regularization Loss: 0.000e+00 | Val Loss: 3.873e-01 | Time: 6.80s
2025-08-21 03:40:04,976:INFO:New best model found at epoch 3900 with validation loss 3.873e-01. Saving...
2025-08-21 03:40:11,743:INFO:Epoch: 3950/40000 | Train Loss: 5.432e-01 | Dynamic Loss: 5.432e-01 | Regularization Loss: 0.000e+00 | Val Loss: 6.005e-01 | Time: 6.63s
2025-08-21 03:40:26,424:INFO:Epoch: 4000/40000 | Train Loss: 4.021e-01 | Dynamic Loss: 4.021e-01 | Regularization Loss: 0.000e+00 | Val Loss: 4.531e-01 | Time: 14.57s
2025-08-21 03:40:33,225:INFO:Epoch: 4050/40000 | Train Loss: 3.582e-01 | Dynamic Loss: 3.582e-01 | Regularization Loss: 0.000e+00 | Val Loss: 3.893e-01 | Time: 6.69s
2025-08-21 03:40:39,961:INFO:Epoch: 4100/40000 | Train Loss: 3.179e-01 | Dynamic Loss: 3.179e-01 | Regularization Loss: 0.000e+00 | Val Loss: 3.653e-01 | Time: 6.63s
2025-08-21 03:40:39,961:INFO:New best model found at epoch 4100 with validation loss 3.653e-01. Saving...
2025-08-21 03:40:46,813:INFO:Epoch: 4150/40000 | Train Loss: 3.155e-01 | Dynamic Loss: 3.155e-01 | Regularization Loss: 0.000e+00 | Val Loss: 3.569e-01 | Time: 6.74s
2025-08-21 03:40:46,814:INFO:New best model found at epoch 4150 with validation loss 3.569e-01. Saving...
2025-08-21 03:40:53,608:INFO:Epoch: 4200/40000 | Train Loss: 3.092e-01 | Dynamic Loss: 3.092e-01 | Regularization Loss: 0.000e+00 | Val Loss: 3.469e-01 | Time: 6.68s
2025-08-21 03:40:53,608:INFO:New best model found at epoch 4200 with validation loss 3.469e-01. Saving...
2025-08-21 03:41:00,453:INFO:Epoch: 4250/40000 | Train Loss: 3.136e-01 | Dynamic Loss: 3.136e-01 | Regularization Loss: 0.000e+00 | Val Loss: 3.570e-01 | Time: 6.73s
2025-08-21 03:41:07,257:INFO:Epoch: 4300/40000 | Train Loss: 2.959e-01 | Dynamic Loss: 2.959e-01 | Regularization Loss: 0.000e+00 | Val Loss: 3.328e-01 | Time: 6.70s
2025-08-21 03:41:07,257:INFO:New best model found at epoch 4300 with validation loss 3.328e-01. Saving...
2025-08-21 03:41:14,174:INFO:Epoch: 4350/40000 | Train Loss: 5.964e-01 | Dynamic Loss: 5.964e-01 | Regularization Loss: 0.000e+00 | Val Loss: 7.013e-01 | Time: 6.80s
2025-08-21 03:41:21,022:INFO:Epoch: 4400/40000 | Train Loss: 1.059e+00 | Dynamic Loss: 1.059e+00 | Regularization Loss: 0.000e+00 | Val Loss: 1.503e+00 | Time: 6.74s
2025-08-21 03:41:27,728:INFO:Epoch: 4450/40000 | Train Loss: 4.070e-01 | Dynamic Loss: 4.070e-01 | Regularization Loss: 0.000e+00 | Val Loss: 4.171e-01 | Time: 6.60s
2025-08-21 03:41:34,556:INFO:Epoch: 4500/40000 | Train Loss: 3.736e-01 | Dynamic Loss: 3.736e-01 | Regularization Loss: 0.000e+00 | Val Loss: 4.017e-01 | Time: 6.73s
2025-08-21 03:41:41,290:INFO:Epoch: 4550/40000 | Train Loss: 3.175e-01 | Dynamic Loss: 3.175e-01 | Regularization Loss: 0.000e+00 | Val Loss: 3.490e-01 | Time: 6.64s
2025-08-21 03:41:56,580:INFO:Epoch: 4600/40000 | Train Loss: 2.792e-01 | Dynamic Loss: 2.792e-01 | Regularization Loss: 0.000e+00 | Val Loss: 3.122e-01 | Time: 15.19s
2025-08-21 03:41:56,580:INFO:New best model found at epoch 4600 with validation loss 3.122e-01. Saving...
2025-08-21 03:42:03,287:INFO:Epoch: 4650/40000 | Train Loss: 2.593e-01 | Dynamic Loss: 2.593e-01 | Regularization Loss: 0.000e+00 | Val Loss: 2.952e-01 | Time: 6.59s
2025-08-21 03:42:03,287:INFO:New best model found at epoch 4650 with validation loss 2.952e-01. Saving...
2025-08-21 03:42:09,932:INFO:Epoch: 4700/40000 | Train Loss: 2.811e-01 | Dynamic Loss: 2.811e-01 | Regularization Loss: 0.000e+00 | Val Loss: 3.430e-01 | Time: 6.53s
2025-08-21 03:42:16,620:INFO:Epoch: 4750/40000 | Train Loss: 3.058e-01 | Dynamic Loss: 3.058e-01 | Regularization Loss: 0.000e+00 | Val Loss: 3.508e-01 | Time: 6.59s
2025-08-21 03:42:30,527:INFO:Epoch: 4800/40000 | Train Loss: 3.771e-01 | Dynamic Loss: 3.771e-01 | Regularization Loss: 0.000e+00 | Val Loss: 3.697e-01 | Time: 13.80s
2025-08-21 03:42:37,289:INFO:Epoch: 4850/40000 | Train Loss: 3.181e-01 | Dynamic Loss: 3.181e-01 | Regularization Loss: 0.000e+00 | Val Loss: 3.485e-01 | Time: 6.65s
2025-08-21 03:42:43,991:INFO:Epoch: 4900/40000 | Train Loss: 2.578e-01 | Dynamic Loss: 2.578e-01 | Regularization Loss: 0.000e+00 | Val Loss: 2.886e-01 | Time: 6.60s
2025-08-21 03:42:43,991:INFO:New best model found at epoch 4900 with validation loss 2.886e-01. Saving...
2025-08-21 03:42:50,604:INFO:Epoch: 4950/40000 | Train Loss: 2.428e-01 | Dynamic Loss: 2.428e-01 | Regularization Loss: 0.000e+00 | Val Loss: 2.801e-01 | Time: 6.49s
2025-08-21 03:42:50,604:INFO:New best model found at epoch 4950 with validation loss 2.801e-01. Saving...
2025-08-21 03:43:04,625:INFO:Epoch: 5000/40000 | Train Loss: 2.552e-01 | Dynamic Loss: 2.552e-01 | Regularization Loss: 0.000e+00 | Val Loss: 3.059e-01 | Time: 13.91s
2025-08-21 03:43:11,455:INFO:Epoch: 5050/40000 | Train Loss: 2.361e-01 | Dynamic Loss: 2.361e-01 | Regularization Loss: 0.000e+00 | Val Loss: 2.709e-01 | Time: 6.72s
2025-08-21 03:43:11,455:INFO:New best model found at epoch 5050 with validation loss 2.709e-01. Saving...
2025-08-21 03:43:18,174:INFO:Epoch: 5100/40000 | Train Loss: 2.313e-01 | Dynamic Loss: 2.313e-01 | Regularization Loss: 0.000e+00 | Val Loss: 2.643e-01 | Time: 6.59s
2025-08-21 03:43:18,174:INFO:New best model found at epoch 5100 with validation loss 2.643e-01. Saving...
2025-08-21 03:43:24,807:INFO:Epoch: 5150/40000 | Train Loss: 2.939e-01 | Dynamic Loss: 2.939e-01 | Regularization Loss: 0.000e+00 | Val Loss: 3.072e-01 | Time: 6.51s
2025-08-21 03:43:39,424:INFO:Epoch: 5200/40000 | Train Loss: 2.295e-01 | Dynamic Loss: 2.295e-01 | Regularization Loss: 0.000e+00 | Val Loss: 2.596e-01 | Time: 14.52s
2025-08-21 03:43:39,424:INFO:New best model found at epoch 5200 with validation loss 2.596e-01. Saving...
2025-08-21 03:43:46,226:INFO:Epoch: 5250/40000 | Train Loss: 4.740e-01 | Dynamic Loss: 4.740e-01 | Regularization Loss: 0.000e+00 | Val Loss: 3.271e-01 | Time: 6.68s
2025-08-21 03:43:52,854:INFO:Epoch: 5300/40000 | Train Loss: 3.157e-01 | Dynamic Loss: 3.157e-01 | Regularization Loss: 0.000e+00 | Val Loss: 3.150e-01 | Time: 6.53s
2025-08-21 03:43:59,585:INFO:Epoch: 5350/40000 | Train Loss: 2.357e-01 | Dynamic Loss: 2.357e-01 | Regularization Loss: 0.000e+00 | Val Loss: 2.592e-01 | Time: 6.50s
2025-08-21 03:43:59,585:INFO:New best model found at epoch 5350 with validation loss 2.592e-01. Saving...
2025-08-21 03:44:06,395:INFO:Epoch: 5400/40000 | Train Loss: 2.261e-01 | Dynamic Loss: 2.261e-01 | Regularization Loss: 0.000e+00 | Val Loss: 2.604e-01 | Time: 6.68s
2025-08-21 03:44:13,265:INFO:Epoch: 5450/40000 | Train Loss: 2.173e-01 | Dynamic Loss: 2.173e-01 | Regularization Loss: 0.000e+00 | Val Loss: 2.441e-01 | Time: 6.76s
2025-08-21 03:44:13,265:INFO:New best model found at epoch 5450 with validation loss 2.441e-01. Saving...
2025-08-21 03:44:19,937:INFO:Epoch: 5500/40000 | Train Loss: 2.484e-01 | Dynamic Loss: 2.484e-01 | Regularization Loss: 0.000e+00 | Val Loss: 2.726e-01 | Time: 6.55s
2025-08-21 03:44:26,807:INFO:Epoch: 5550/40000 | Train Loss: 5.153e-01 | Dynamic Loss: 5.153e-01 | Regularization Loss: 0.000e+00 | Val Loss: 3.206e-01 | Time: 6.62s
2025-08-21 03:44:33,548:INFO:Epoch: 5600/40000 | Train Loss: 7.494e-01 | Dynamic Loss: 7.494e-01 | Regularization Loss: 0.000e+00 | Val Loss: 7.779e-01 | Time: 6.63s
2025-08-21 03:44:40,321:INFO:Epoch: 5650/40000 | Train Loss: 2.546e-01 | Dynamic Loss: 2.546e-01 | Regularization Loss: 0.000e+00 | Val Loss: 2.927e-01 | Time: 6.67s
2025-08-21 03:44:47,141:INFO:Epoch: 5700/40000 | Train Loss: 2.993e-01 | Dynamic Loss: 2.993e-01 | Regularization Loss: 0.000e+00 | Val Loss: 3.761e-01 | Time: 6.71s
2025-08-21 03:44:53,867:INFO:Epoch: 5750/40000 | Train Loss: 2.206e-01 | Dynamic Loss: 2.206e-01 | Regularization Loss: 0.000e+00 | Val Loss: 2.446e-01 | Time: 6.62s
2025-08-21 03:45:09,184:INFO:Epoch: 5800/40000 | Train Loss: 2.249e-01 | Dynamic Loss: 2.249e-01 | Regularization Loss: 0.000e+00 | Val Loss: 2.842e-01 | Time: 15.21s
2025-08-21 03:45:15,984:INFO:Epoch: 5850/40000 | Train Loss: 2.854e-01 | Dynamic Loss: 2.854e-01 | Regularization Loss: 0.000e+00 | Val Loss: 2.975e-01 | Time: 6.70s
2025-08-21 03:45:22,701:INFO:Epoch: 5900/40000 | Train Loss: 2.117e-01 | Dynamic Loss: 2.117e-01 | Regularization Loss: 0.000e+00 | Val Loss: 2.375e-01 | Time: 6.60s
2025-08-21 03:45:22,701:INFO:New best model found at epoch 5900 with validation loss 2.375e-01. Saving...
2025-08-21 03:45:29,581:INFO:Epoch: 5950/40000 | Train Loss: 2.061e-01 | Dynamic Loss: 2.061e-01 | Regularization Loss: 0.000e+00 | Val Loss: 2.257e-01 | Time: 6.76s
2025-08-21 03:45:29,581:INFO:New best model found at epoch 5950 with validation loss 2.257e-01. Saving...
2025-08-21 03:45:36,313:INFO:Epoch: 6000/40000 | Train Loss: 2.593e-01 | Dynamic Loss: 2.593e-01 | Regularization Loss: 0.000e+00 | Val Loss: 2.916e-01 | Time: 6.61s
2025-08-21 03:45:43,026:INFO:Epoch: 6050/40000 | Train Loss: 2.006e-01 | Dynamic Loss: 2.006e-01 | Regularization Loss: 0.000e+00 | Val Loss: 2.275e-01 | Time: 6.61s
2025-08-21 03:45:49,828:INFO:Epoch: 6100/40000 | Train Loss: 1.931e-01 | Dynamic Loss: 1.931e-01 | Regularization Loss: 0.000e+00 | Val Loss: 2.157e-01 | Time: 6.70s
2025-08-21 03:45:49,828:INFO:New best model found at epoch 6100 with validation loss 2.157e-01. Saving...
2025-08-21 03:46:04,134:INFO:Epoch: 6150/40000 | Train Loss: 2.299e-01 | Dynamic Loss: 2.299e-01 | Regularization Loss: 0.000e+00 | Val Loss: 2.606e-01 | Time: 14.18s
2025-08-21 03:46:10,983:INFO:Epoch: 6200/40000 | Train Loss: 1.886e-01 | Dynamic Loss: 1.886e-01 | Regularization Loss: 0.000e+00 | Val Loss: 2.143e-01 | Time: 6.74s
2025-08-21 03:46:10,983:INFO:New best model found at epoch 6200 with validation loss 2.143e-01. Saving...
2025-08-21 03:46:17,757:INFO:Epoch: 6250/40000 | Train Loss: 2.068e-01 | Dynamic Loss: 2.068e-01 | Regularization Loss: 0.000e+00 | Val Loss: 2.572e-01 | Time: 6.65s
2025-08-21 03:46:24,452:INFO:Epoch: 6300/40000 | Train Loss: 2.046e-01 | Dynamic Loss: 2.046e-01 | Regularization Loss: 0.000e+00 | Val Loss: 2.296e-01 | Time: 6.59s
2025-08-21 03:46:39,192:INFO:Epoch: 6350/40000 | Train Loss: 1.816e-01 | Dynamic Loss: 1.816e-01 | Regularization Loss: 0.000e+00 | Val Loss: 2.045e-01 | Time: 14.64s
2025-08-21 03:46:39,192:INFO:New best model found at epoch 6350 with validation loss 2.045e-01. Saving...
2025-08-21 03:46:46,006:INFO:Epoch: 6400/40000 | Train Loss: 2.525e-01 | Dynamic Loss: 2.525e-01 | Regularization Loss: 0.000e+00 | Val Loss: 2.799e-01 | Time: 6.69s
2025-08-21 03:46:52,817:INFO:Epoch: 6450/40000 | Train Loss: 1.835e-01 | Dynamic Loss: 1.835e-01 | Regularization Loss: 0.000e+00 | Val Loss: 2.051e-01 | Time: 6.70s
2025-08-21 03:46:59,492:INFO:Epoch: 6500/40000 | Train Loss: 1.850e-01 | Dynamic Loss: 1.850e-01 | Regularization Loss: 0.000e+00 | Val Loss: 2.100e-01 | Time: 6.57s
2025-08-21 03:47:14,611:INFO:Epoch: 6550/40000 | Train Loss: 2.084e-01 | Dynamic Loss: 2.084e-01 | Regularization Loss: 0.000e+00 | Val Loss: 2.204e-01 | Time: 15.02s
2025-08-21 03:47:21,338:INFO:Epoch: 6600/40000 | Train Loss: 1.848e-01 | Dynamic Loss: 1.848e-01 | Regularization Loss: 0.000e+00 | Val Loss: 2.054e-01 | Time: 6.61s
2025-08-21 03:47:28,147:INFO:Epoch: 6650/40000 | Train Loss: 1.809e-01 | Dynamic Loss: 1.809e-01 | Regularization Loss: 0.000e+00 | Val Loss: 1.989e-01 | Time: 6.70s
2025-08-21 03:47:28,147:INFO:New best model found at epoch 6650 with validation loss 1.989e-01. Saving...
2025-08-21 03:47:35,019:INFO:Epoch: 6700/40000 | Train Loss: 2.728e-01 | Dynamic Loss: 2.728e-01 | Regularization Loss: 0.000e+00 | Val Loss: 3.201e-01 | Time: 6.74s
2025-08-21 03:47:41,740:INFO:Epoch: 6750/40000 | Train Loss: 1.716e-01 | Dynamic Loss: 1.716e-01 | Regularization Loss: 0.000e+00 | Val Loss: 1.989e-01 | Time: 6.61s
2025-08-21 03:47:41,740:INFO:New best model found at epoch 6750 with validation loss 1.989e-01. Saving...
2025-08-21 03:47:48,512:INFO:Epoch: 6800/40000 | Train Loss: 1.798e-01 | Dynamic Loss: 1.798e-01 | Regularization Loss: 0.000e+00 | Val Loss: 2.088e-01 | Time: 6.64s
2025-08-21 03:47:55,353:INFO:Epoch: 6850/40000 | Train Loss: 2.878e-01 | Dynamic Loss: 2.878e-01 | Regularization Loss: 0.000e+00 | Val Loss: 3.145e-01 | Time: 6.73s
2025-08-21 03:48:02,181:INFO:Epoch: 6900/40000 | Train Loss: 1.864e-01 | Dynamic Loss: 1.864e-01 | Regularization Loss: 0.000e+00 | Val Loss: 2.113e-01 | Time: 6.72s
2025-08-21 03:48:08,937:INFO:Epoch: 6950/40000 | Train Loss: 2.141e-01 | Dynamic Loss: 2.141e-01 | Regularization Loss: 0.000e+00 | Val Loss: 2.663e-01 | Time: 6.64s
2025-08-21 03:48:15,790:INFO:Epoch: 7000/40000 | Train Loss: 1.702e-01 | Dynamic Loss: 1.702e-01 | Regularization Loss: 0.000e+00 | Val Loss: 1.946e-01 | Time: 6.74s
2025-08-21 03:48:15,790:INFO:New best model found at epoch 7000 with validation loss 1.946e-01. Saving...
2025-08-21 03:48:22,489:INFO:Epoch: 7050/40000 | Train Loss: 1.952e-01 | Dynamic Loss: 1.952e-01 | Regularization Loss: 0.000e+00 | Val Loss: 2.251e-01 | Time: 6.58s
2025-08-21 03:48:29,458:INFO:Epoch: 7100/40000 | Train Loss: 1.777e-01 | Dynamic Loss: 1.777e-01 | Regularization Loss: 0.000e+00 | Val Loss: 2.215e-01 | Time: 6.74s
2025-08-21 03:48:36,163:INFO:Epoch: 7150/40000 | Train Loss: 1.832e-01 | Dynamic Loss: 1.832e-01 | Regularization Loss: 0.000e+00 | Val Loss: 2.093e-01 | Time: 6.59s
2025-08-21 03:48:42,903:INFO:Epoch: 7200/40000 | Train Loss: 1.697e-01 | Dynamic Loss: 1.697e-01 | Regularization Loss: 0.000e+00 | Val Loss: 2.038e-01 | Time: 6.63s
2025-08-21 03:48:49,610:INFO:Epoch: 7250/40000 | Train Loss: 1.728e-01 | Dynamic Loss: 1.728e-01 | Regularization Loss: 0.000e+00 | Val Loss: 1.902e-01 | Time: 6.59s
2025-08-21 03:48:49,610:INFO:New best model found at epoch 7250 with validation loss 1.902e-01. Saving...
2025-08-21 03:48:56,551:INFO:Epoch: 7300/40000 | Train Loss: 1.821e-01 | Dynamic Loss: 1.821e-01 | Regularization Loss: 0.000e+00 | Val Loss: 1.989e-01 | Time: 6.81s
2025-08-21 03:49:03,303:INFO:Epoch: 7350/40000 | Train Loss: 2.197e-01 | Dynamic Loss: 2.197e-01 | Regularization Loss: 0.000e+00 | Val Loss: 2.750e-01 | Time: 6.64s
2025-08-21 03:49:10,031:INFO:Epoch: 7400/40000 | Train Loss: 1.563e-01 | Dynamic Loss: 1.563e-01 | Regularization Loss: 0.000e+00 | Val Loss: 1.737e-01 | Time: 6.61s
2025-08-21 03:49:10,031:INFO:New best model found at epoch 7400 with validation loss 1.737e-01. Saving...
2025-08-21 03:49:16,970:INFO:Epoch: 7450/40000 | Train Loss: 1.609e-01 | Dynamic Loss: 1.609e-01 | Regularization Loss: 0.000e+00 | Val Loss: 1.856e-01 | Time: 6.81s
2025-08-21 03:49:31,604:INFO:Epoch: 7500/40000 | Train Loss: 1.493e-01 | Dynamic Loss: 1.493e-01 | Regularization Loss: 0.000e+00 | Val Loss: 1.675e-01 | Time: 14.53s
2025-08-21 03:49:31,604:INFO:New best model found at epoch 7500 with validation loss 1.675e-01. Saving...
2025-08-21 03:49:38,385:INFO:Epoch: 7550/40000 | Train Loss: 5.682e-01 | Dynamic Loss: 5.682e-01 | Regularization Loss: 0.000e+00 | Val Loss: 5.063e-01 | Time: 6.66s
2025-08-21 03:49:45,095:INFO:Epoch: 7600/40000 | Train Loss: 1.596e-01 | Dynamic Loss: 1.596e-01 | Regularization Loss: 0.000e+00 | Val Loss: 1.793e-01 | Time: 6.60s
2025-08-21 03:49:52,000:INFO:Epoch: 7650/40000 | Train Loss: 1.451e-01 | Dynamic Loss: 1.451e-01 | Regularization Loss: 0.000e+00 | Val Loss: 1.672e-01 | Time: 6.67s
2025-08-21 03:49:52,000:INFO:New best model found at epoch 7650 with validation loss 1.672e-01. Saving...
2025-08-21 03:49:58,757:INFO:Epoch: 7700/40000 | Train Loss: 2.151e-01 | Dynamic Loss: 2.151e-01 | Regularization Loss: 0.000e+00 | Val Loss: 2.248e-01 | Time: 6.63s
2025-08-21 03:50:05,698:INFO:Epoch: 7750/40000 | Train Loss: 1.622e-01 | Dynamic Loss: 1.622e-01 | Regularization Loss: 0.000e+00 | Val Loss: 1.861e-01 | Time: 6.83s
2025-08-21 03:50:12,367:INFO:Epoch: 7800/40000 | Train Loss: 2.494e-01 | Dynamic Loss: 2.494e-01 | Regularization Loss: 0.000e+00 | Val Loss: 2.549e-01 | Time: 6.56s
2025-08-21 03:50:19,298:INFO:Epoch: 7850/40000 | Train Loss: 1.572e-01 | Dynamic Loss: 1.572e-01 | Regularization Loss: 0.000e+00 | Val Loss: 1.720e-01 | Time: 6.82s
2025-08-21 03:50:26,014:INFO:Epoch: 7900/40000 | Train Loss: 1.618e-01 | Dynamic Loss: 1.618e-01 | Regularization Loss: 0.000e+00 | Val Loss: 1.721e-01 | Time: 6.61s
2025-08-21 03:50:32,757:INFO:Epoch: 7950/40000 | Train Loss: 1.514e-01 | Dynamic Loss: 1.514e-01 | Regularization Loss: 0.000e+00 | Val Loss: 1.744e-01 | Time: 6.63s
2025-08-21 03:50:39,612:INFO:Epoch: 8000/40000 | Train Loss: 1.844e-01 | Dynamic Loss: 1.844e-01 | Regularization Loss: 0.000e+00 | Val Loss: 1.908e-01 | Time: 6.74s
2025-08-21 03:50:53,949:INFO:Epoch: 8050/40000 | Train Loss: 1.446e-01 | Dynamic Loss: 1.446e-01 | Regularization Loss: 0.000e+00 | Val Loss: 1.669e-01 | Time: 14.23s
2025-08-21 03:50:53,949:INFO:New best model found at epoch 8050 with validation loss 1.669e-01. Saving...
2025-08-21 03:51:00,721:INFO:Epoch: 8100/40000 | Train Loss: 1.420e-01 | Dynamic Loss: 1.420e-01 | Regularization Loss: 0.000e+00 | Val Loss: 1.567e-01 | Time: 6.64s
2025-08-21 03:51:00,721:INFO:New best model found at epoch 8100 with validation loss 1.567e-01. Saving...
2025-08-21 03:51:07,392:INFO:Epoch: 8150/40000 | Train Loss: 1.393e-01 | Dynamic Loss: 1.393e-01 | Regularization Loss: 0.000e+00 | Val Loss: 1.550e-01 | Time: 6.54s
2025-08-21 03:51:07,392:INFO:New best model found at epoch 8150 with validation loss 1.550e-01. Saving...
2025-08-21 03:51:14,350:INFO:Epoch: 8200/40000 | Train Loss: 1.615e-01 | Dynamic Loss: 1.615e-01 | Regularization Loss: 0.000e+00 | Val Loss: 2.109e-01 | Time: 6.70s
2025-08-21 03:51:21,018:INFO:Epoch: 8250/40000 | Train Loss: 3.837e-01 | Dynamic Loss: 3.837e-01 | Regularization Loss: 0.000e+00 | Val Loss: 4.730e-01 | Time: 6.57s
2025-08-21 03:51:27,678:INFO:Epoch: 8300/40000 | Train Loss: 2.112e-01 | Dynamic Loss: 2.112e-01 | Regularization Loss: 0.000e+00 | Val Loss: 2.395e-01 | Time: 6.56s
2025-08-21 03:51:34,432:INFO:Epoch: 8350/40000 | Train Loss: 1.580e-01 | Dynamic Loss: 1.580e-01 | Regularization Loss: 0.000e+00 | Val Loss: 1.816e-01 | Time: 6.66s
2025-08-21 03:51:41,218:INFO:Epoch: 8400/40000 | Train Loss: 1.498e-01 | Dynamic Loss: 1.498e-01 | Regularization Loss: 0.000e+00 | Val Loss: 1.719e-01 | Time: 6.69s
2025-08-21 03:51:48,037:INFO:Epoch: 8450/40000 | Train Loss: 1.453e-01 | Dynamic Loss: 1.453e-01 | Regularization Loss: 0.000e+00 | Val Loss: 1.683e-01 | Time: 6.72s
2025-08-21 03:51:54,762:INFO:Epoch: 8500/40000 | Train Loss: 1.360e-01 | Dynamic Loss: 1.360e-01 | Regularization Loss: 0.000e+00 | Val Loss: 1.558e-01 | Time: 6.62s
2025-08-21 03:52:01,496:INFO:Epoch: 8550/40000 | Train Loss: 1.568e-01 | Dynamic Loss: 1.568e-01 | Regularization Loss: 0.000e+00 | Val Loss: 1.955e-01 | Time: 6.63s
2025-08-21 03:52:08,341:INFO:Epoch: 8600/40000 | Train Loss: 1.446e-01 | Dynamic Loss: 1.446e-01 | Regularization Loss: 0.000e+00 | Val Loss: 1.590e-01 | Time: 6.74s
2025-08-21 03:52:14,992:INFO:Epoch: 8650/40000 | Train Loss: 2.231e-01 | Dynamic Loss: 2.231e-01 | Regularization Loss: 0.000e+00 | Val Loss: 1.860e-01 | Time: 6.55s
2025-08-21 03:52:21,628:INFO:Epoch: 8700/40000 | Train Loss: 1.344e-01 | Dynamic Loss: 1.344e-01 | Regularization Loss: 0.000e+00 | Val Loss: 1.518e-01 | Time: 6.54s
2025-08-21 03:52:21,628:INFO:New best model found at epoch 8700 with validation loss 1.518e-01. Saving...
2025-08-21 03:52:28,295:INFO:Epoch: 8750/40000 | Train Loss: 2.499e-01 | Dynamic Loss: 2.499e-01 | Regularization Loss: 0.000e+00 | Val Loss: 1.894e-01 | Time: 6.55s
2025-08-21 03:52:35,073:INFO:Epoch: 8800/40000 | Train Loss: 2.330e-01 | Dynamic Loss: 2.330e-01 | Regularization Loss: 0.000e+00 | Val Loss: 1.790e-01 | Time: 6.56s
2025-08-21 03:52:41,827:INFO:Epoch: 8850/40000 | Train Loss: 1.417e-01 | Dynamic Loss: 1.417e-01 | Regularization Loss: 0.000e+00 | Val Loss: 1.537e-01 | Time: 6.65s
2025-08-21 03:52:48,500:INFO:Epoch: 8900/40000 | Train Loss: 1.279e-01 | Dynamic Loss: 1.279e-01 | Regularization Loss: 0.000e+00 | Val Loss: 1.455e-01 | Time: 6.57s
2025-08-21 03:52:48,500:INFO:New best model found at epoch 8900 with validation loss 1.455e-01. Saving...
2025-08-21 03:52:55,334:INFO:Epoch: 8950/40000 | Train Loss: 1.309e-01 | Dynamic Loss: 1.309e-01 | Regularization Loss: 0.000e+00 | Val Loss: 1.580e-01 | Time: 6.71s
2025-08-21 03:53:02,241:INFO:Epoch: 9000/40000 | Train Loss: 1.451e-01 | Dynamic Loss: 1.451e-01 | Regularization Loss: 0.000e+00 | Val Loss: 1.504e-01 | Time: 6.81s
2025-08-21 03:53:09,019:INFO:Epoch: 9050/40000 | Train Loss: 2.091e-01 | Dynamic Loss: 2.091e-01 | Regularization Loss: 0.000e+00 | Val Loss: 2.281e-01 | Time: 6.68s
2025-08-21 03:53:15,729:INFO:Epoch: 9100/40000 | Train Loss: 1.569e-01 | Dynamic Loss: 1.569e-01 | Regularization Loss: 0.000e+00 | Val Loss: 1.589e-01 | Time: 6.61s
2025-08-21 03:53:22,589:INFO:Epoch: 9150/40000 | Train Loss: 1.442e-01 | Dynamic Loss: 1.442e-01 | Regularization Loss: 0.000e+00 | Val Loss: 1.609e-01 | Time: 6.76s
2025-08-21 03:53:29,236:INFO:Epoch: 9200/40000 | Train Loss: 1.208e-01 | Dynamic Loss: 1.208e-01 | Regularization Loss: 0.000e+00 | Val Loss: 1.402e-01 | Time: 6.54s
2025-08-21 03:53:29,236:INFO:New best model found at epoch 9200 with validation loss 1.402e-01. Saving...
2025-08-21 03:53:44,282:INFO:Epoch: 9250/40000 | Train Loss: 1.232e-01 | Dynamic Loss: 1.232e-01 | Regularization Loss: 0.000e+00 | Val Loss: 1.395e-01 | Time: 14.93s
2025-08-21 03:53:44,282:INFO:New best model found at epoch 9250 with validation loss 1.395e-01. Saving...
2025-08-21 03:53:51,190:INFO:Epoch: 9300/40000 | Train Loss: 1.235e-01 | Dynamic Loss: 1.235e-01 | Regularization Loss: 0.000e+00 | Val Loss: 1.489e-01 | Time: 6.79s
2025-08-21 03:53:57,969:INFO:Epoch: 9350/40000 | Train Loss: 1.260e-01 | Dynamic Loss: 1.260e-01 | Regularization Loss: 0.000e+00 | Val Loss: 1.354e-01 | Time: 6.67s
2025-08-21 03:53:57,970:INFO:New best model found at epoch 9350 with validation loss 1.354e-01. Saving...
2025-08-21 03:54:04,850:INFO:Epoch: 9400/40000 | Train Loss: 1.269e-01 | Dynamic Loss: 1.269e-01 | Regularization Loss: 0.000e+00 | Val Loss: 1.483e-01 | Time: 6.76s
2025-08-21 03:54:11,881:INFO:Epoch: 9450/40000 | Train Loss: 1.226e-01 | Dynamic Loss: 1.226e-01 | Regularization Loss: 0.000e+00 | Val Loss: 1.402e-01 | Time: 6.93s
2025-08-21 03:54:18,647:INFO:Epoch: 9500/40000 | Train Loss: 1.539e-01 | Dynamic Loss: 1.539e-01 | Regularization Loss: 0.000e+00 | Val Loss: 1.706e-01 | Time: 6.67s
2025-08-21 03:54:25,453:INFO:Epoch: 9550/40000 | Train Loss: 1.138e-01 | Dynamic Loss: 1.138e-01 | Regularization Loss: 0.000e+00 | Val Loss: 1.312e-01 | Time: 6.70s
2025-08-21 03:54:25,453:INFO:New best model found at epoch 9550 with validation loss 1.312e-01. Saving...
2025-08-21 03:54:32,099:INFO:Epoch: 9600/40000 | Train Loss: 1.245e-01 | Dynamic Loss: 1.245e-01 | Regularization Loss: 0.000e+00 | Val Loss: 1.335e-01 | Time: 6.53s
2025-08-21 03:54:46,828:INFO:Epoch: 9650/40000 | Train Loss: 1.236e-01 | Dynamic Loss: 1.236e-01 | Regularization Loss: 0.000e+00 | Val Loss: 1.408e-01 | Time: 14.62s
2025-08-21 03:54:53,705:INFO:Epoch: 9700/40000 | Train Loss: 1.173e-01 | Dynamic Loss: 1.173e-01 | Regularization Loss: 0.000e+00 | Val Loss: 1.403e-01 | Time: 6.77s
2025-08-21 03:55:00,515:INFO:Epoch: 9750/40000 | Train Loss: 1.148e-01 | Dynamic Loss: 1.148e-01 | Regularization Loss: 0.000e+00 | Val Loss: 1.335e-01 | Time: 6.71s
2025-08-21 03:55:07,243:INFO:Epoch: 9800/40000 | Train Loss: 1.460e-01 | Dynamic Loss: 1.460e-01 | Regularization Loss: 0.000e+00 | Val Loss: 1.624e-01 | Time: 6.62s
2025-08-21 03:55:21,831:INFO:Epoch: 9850/40000 | Train Loss: 2.429e-01 | Dynamic Loss: 2.429e-01 | Regularization Loss: 0.000e+00 | Val Loss: 2.688e-01 | Time: 14.49s
2025-08-21 03:55:28,529:INFO:Epoch: 9900/40000 | Train Loss: 1.139e-01 | Dynamic Loss: 1.139e-01 | Regularization Loss: 0.000e+00 | Val Loss: 1.347e-01 | Time: 6.60s
2025-08-21 03:55:35,271:INFO:Epoch: 9950/40000 | Train Loss: 1.492e-01 | Dynamic Loss: 1.492e-01 | Regularization Loss: 0.000e+00 | Val Loss: 1.471e-01 | Time: 6.63s
2025-08-21 03:55:42,100:INFO:Epoch: 10000/40000 | Train Loss: 1.195e-01 | Dynamic Loss: 1.195e-01 | Regularization Loss: 0.000e+00 | Val Loss: 1.342e-01 | Time: 6.73s
2025-08-21 03:55:48,790:INFO:Epoch: 10050/40000 | Train Loss: 1.313e-01 | Dynamic Loss: 1.313e-01 | Regularization Loss: 0.000e+00 | Val Loss: 1.262e-01 | Time: 6.58s
2025-08-21 03:55:48,790:INFO:New best model found at epoch 10050 with validation loss 1.262e-01. Saving...
2025-08-21 03:55:55,471:INFO:Epoch: 10100/40000 | Train Loss: 1.412e-01 | Dynamic Loss: 1.412e-01 | Regularization Loss: 0.000e+00 | Val Loss: 1.496e-01 | Time: 6.55s
2025-08-21 03:56:02,372:INFO:Epoch: 10150/40000 | Train Loss: 1.097e-01 | Dynamic Loss: 1.097e-01 | Regularization Loss: 0.000e+00 | Val Loss: 1.241e-01 | Time: 6.79s
2025-08-21 03:56:02,372:INFO:New best model found at epoch 10150 with validation loss 1.241e-01. Saving...
2025-08-21 03:56:09,333:INFO:Epoch: 10200/40000 | Train Loss: 2.182e-01 | Dynamic Loss: 2.182e-01 | Regularization Loss: 0.000e+00 | Val Loss: 2.308e-01 | Time: 6.69s
2025-08-21 03:56:16,124:INFO:Epoch: 10250/40000 | Train Loss: 1.135e-01 | Dynamic Loss: 1.135e-01 | Regularization Loss: 0.000e+00 | Val Loss: 1.257e-01 | Time: 6.69s
2025-08-21 03:56:22,864:INFO:Epoch: 10300/40000 | Train Loss: 1.276e-01 | Dynamic Loss: 1.276e-01 | Regularization Loss: 0.000e+00 | Val Loss: 1.325e-01 | Time: 6.63s
2025-08-21 03:56:29,590:INFO:Epoch: 10350/40000 | Train Loss: 1.147e-01 | Dynamic Loss: 1.147e-01 | Regularization Loss: 0.000e+00 | Val Loss: 1.285e-01 | Time: 6.62s
2025-08-21 03:56:36,401:INFO:Epoch: 10400/40000 | Train Loss: 1.535e-01 | Dynamic Loss: 1.535e-01 | Regularization Loss: 0.000e+00 | Val Loss: 1.657e-01 | Time: 6.71s
2025-08-21 03:56:43,264:INFO:Epoch: 10450/40000 | Train Loss: 1.486e-01 | Dynamic Loss: 1.486e-01 | Regularization Loss: 0.000e+00 | Val Loss: 1.571e-01 | Time: 6.76s
2025-08-21 03:56:50,136:INFO:Epoch: 10500/40000 | Train Loss: 1.365e-01 | Dynamic Loss: 1.365e-01 | Regularization Loss: 0.000e+00 | Val Loss: 1.286e-01 | Time: 6.77s
2025-08-21 03:56:56,937:INFO:Epoch: 10550/40000 | Train Loss: 1.230e-01 | Dynamic Loss: 1.230e-01 | Regularization Loss: 0.000e+00 | Val Loss: 1.223e-01 | Time: 6.70s
2025-08-21 03:56:56,937:INFO:New best model found at epoch 10550 with validation loss 1.223e-01. Saving...
2025-08-21 03:57:11,723:INFO:Epoch: 10600/40000 | Train Loss: 1.100e-01 | Dynamic Loss: 1.100e-01 | Regularization Loss: 0.000e+00 | Val Loss: 1.173e-01 | Time: 14.66s
2025-08-21 03:57:11,723:INFO:New best model found at epoch 10600 with validation loss 1.173e-01. Saving...
2025-08-21 03:57:18,414:INFO:Epoch: 10650/40000 | Train Loss: 9.657e-02 | Dynamic Loss: 9.657e-02 | Regularization Loss: 0.000e+00 | Val Loss: 1.143e-01 | Time: 6.57s
2025-08-21 03:57:18,414:INFO:New best model found at epoch 10650 with validation loss 1.143e-01. Saving...
2025-08-21 03:57:25,074:INFO:Epoch: 10700/40000 | Train Loss: 1.058e-01 | Dynamic Loss: 1.058e-01 | Regularization Loss: 0.000e+00 | Val Loss: 1.196e-01 | Time: 6.54s
2025-08-21 03:57:31,888:INFO:Epoch: 10750/40000 | Train Loss: 1.018e-01 | Dynamic Loss: 1.018e-01 | Regularization Loss: 0.000e+00 | Val Loss: 1.147e-01 | Time: 6.71s
2025-08-21 03:57:38,852:INFO:Epoch: 10800/40000 | Train Loss: 1.233e-01 | Dynamic Loss: 1.233e-01 | Regularization Loss: 0.000e+00 | Val Loss: 1.334e-01 | Time: 6.86s
2025-08-21 03:57:45,659:INFO:Epoch: 10850/40000 | Train Loss: 1.194e-01 | Dynamic Loss: 1.194e-01 | Regularization Loss: 0.000e+00 | Val Loss: 1.310e-01 | Time: 6.70s
2025-08-21 03:57:52,447:INFO:Epoch: 10900/40000 | Train Loss: 1.288e-01 | Dynamic Loss: 1.288e-01 | Regularization Loss: 0.000e+00 | Val Loss: 1.357e-01 | Time: 6.68s
2025-08-21 03:57:59,212:INFO:Epoch: 10950/40000 | Train Loss: 9.785e-02 | Dynamic Loss: 9.785e-02 | Regularization Loss: 0.000e+00 | Val Loss: 1.230e-01 | Time: 6.66s
2025-08-21 03:58:06,217:INFO:Epoch: 11000/40000 | Train Loss: 1.011e-01 | Dynamic Loss: 1.011e-01 | Regularization Loss: 0.000e+00 | Val Loss: 1.199e-01 | Time: 6.90s
2025-08-21 03:58:12,964:INFO:Epoch: 11050/40000 | Train Loss: 9.315e-02 | Dynamic Loss: 9.315e-02 | Regularization Loss: 0.000e+00 | Val Loss: 1.078e-01 | Time: 6.64s
2025-08-21 03:58:12,964:INFO:New best model found at epoch 11050 with validation loss 1.078e-01. Saving...
2025-08-21 03:58:19,700:INFO:Epoch: 11100/40000 | Train Loss: 1.209e-01 | Dynamic Loss: 1.209e-01 | Regularization Loss: 0.000e+00 | Val Loss: 1.307e-01 | Time: 6.61s
2025-08-21 03:58:26,664:INFO:Epoch: 11150/40000 | Train Loss: 9.650e-02 | Dynamic Loss: 9.650e-02 | Regularization Loss: 0.000e+00 | Val Loss: 1.189e-01 | Time: 6.71s
2025-08-21 03:58:33,406:INFO:Epoch: 11200/40000 | Train Loss: 9.501e-02 | Dynamic Loss: 9.501e-02 | Regularization Loss: 0.000e+00 | Val Loss: 1.071e-01 | Time: 6.64s
2025-08-21 03:58:33,406:INFO:New best model found at epoch 11200 with validation loss 1.071e-01. Saving...
2025-08-21 03:58:40,219:INFO:Epoch: 11250/40000 | Train Loss: 9.330e-02 | Dynamic Loss: 9.330e-02 | Regularization Loss: 0.000e+00 | Val Loss: 1.092e-01 | Time: 6.70s
2025-08-21 03:58:46,951:INFO:Epoch: 11300/40000 | Train Loss: 9.565e-02 | Dynamic Loss: 9.565e-02 | Regularization Loss: 0.000e+00 | Val Loss: 1.096e-01 | Time: 6.63s
2025-08-21 03:59:01,153:INFO:Epoch: 11350/40000 | Train Loss: 9.829e-02 | Dynamic Loss: 9.829e-02 | Regularization Loss: 0.000e+00 | Val Loss: 1.045e-01 | Time: 14.10s
2025-08-21 03:59:01,153:INFO:New best model found at epoch 11350 with validation loss 1.045e-01. Saving...
2025-08-21 03:59:07,953:INFO:Epoch: 11400/40000 | Train Loss: 9.386e-02 | Dynamic Loss: 9.386e-02 | Regularization Loss: 0.000e+00 | Val Loss: 1.033e-01 | Time: 6.68s
2025-08-21 03:59:07,953:INFO:New best model found at epoch 11400 with validation loss 1.033e-01. Saving...
2025-08-21 03:59:14,713:INFO:Epoch: 11450/40000 | Train Loss: 9.668e-02 | Dynamic Loss: 9.668e-02 | Regularization Loss: 0.000e+00 | Val Loss: 1.021e-01 | Time: 6.64s
2025-08-21 03:59:14,713:INFO:New best model found at epoch 11450 with validation loss 1.021e-01. Saving...
2025-08-21 03:59:21,568:INFO:Epoch: 11500/40000 | Train Loss: 9.063e-02 | Dynamic Loss: 9.063e-02 | Regularization Loss: 0.000e+00 | Val Loss: 1.089e-01 | Time: 6.73s
2025-08-21 03:59:36,268:INFO:Epoch: 11550/40000 | Train Loss: 2.468e-01 | Dynamic Loss: 2.468e-01 | Regularization Loss: 0.000e+00 | Val Loss: 1.559e-01 | Time: 14.60s
2025-08-21 03:59:43,086:INFO:Epoch: 11600/40000 | Train Loss: 9.367e-02 | Dynamic Loss: 9.367e-02 | Regularization Loss: 0.000e+00 | Val Loss: 1.092e-01 | Time: 6.71s
2025-08-21 03:59:49,788:INFO:Epoch: 11650/40000 | Train Loss: 9.040e-02 | Dynamic Loss: 9.040e-02 | Regularization Loss: 0.000e+00 | Val Loss: 1.031e-01 | Time: 6.60s
2025-08-21 03:59:56,625:INFO:Epoch: 11700/40000 | Train Loss: 9.582e-02 | Dynamic Loss: 9.582e-02 | Regularization Loss: 0.000e+00 | Val Loss: 1.010e-01 | Time: 6.74s
2025-08-21 03:59:56,625:INFO:New best model found at epoch 11700 with validation loss 1.010e-01. Saving...
2025-08-21 04:00:11,402:INFO:Epoch: 11750/40000 | Train Loss: 9.754e-02 | Dynamic Loss: 9.754e-02 | Regularization Loss: 0.000e+00 | Val Loss: 1.091e-01 | Time: 14.66s
2025-08-21 04:00:18,185:INFO:Epoch: 11800/40000 | Train Loss: 1.088e-01 | Dynamic Loss: 1.088e-01 | Regularization Loss: 0.000e+00 | Val Loss: 1.201e-01 | Time: 6.67s
2025-08-21 04:00:24,871:INFO:Epoch: 11850/40000 | Train Loss: 9.760e-02 | Dynamic Loss: 9.760e-02 | Regularization Loss: 0.000e+00 | Val Loss: 1.135e-01 | Time: 6.58s
2025-08-21 04:00:31,638:INFO:Epoch: 11900/40000 | Train Loss: 1.383e-01 | Dynamic Loss: 1.383e-01 | Regularization Loss: 0.000e+00 | Val Loss: 1.317e-01 | Time: 6.66s
2025-08-21 04:00:38,327:INFO:Epoch: 11950/40000 | Train Loss: 9.316e-02 | Dynamic Loss: 9.316e-02 | Regularization Loss: 0.000e+00 | Val Loss: 1.090e-01 | Time: 6.59s
2025-08-21 04:00:45,011:INFO:Epoch: 12000/40000 | Train Loss: 1.208e-01 | Dynamic Loss: 1.208e-01 | Regularization Loss: 0.000e+00 | Val Loss: 1.781e-01 | Time: 6.58s
2025-08-21 04:00:51,766:INFO:Epoch: 12050/40000 | Train Loss: 8.185e-02 | Dynamic Loss: 8.185e-02 | Regularization Loss: 0.000e+00 | Val Loss: 9.735e-02 | Time: 6.65s
2025-08-21 04:00:51,766:INFO:New best model found at epoch 12050 with validation loss 9.735e-02. Saving...
2025-08-21 04:01:06,242:INFO:Epoch: 12100/40000 | Train Loss: 8.009e-02 | Dynamic Loss: 8.009e-02 | Regularization Loss: 0.000e+00 | Val Loss: 9.274e-02 | Time: 14.35s
2025-08-21 04:01:06,242:INFO:New best model found at epoch 12100 with validation loss 9.274e-02. Saving...
2025-08-21 04:01:13,098:INFO:Epoch: 12150/40000 | Train Loss: 9.085e-02 | Dynamic Loss: 9.085e-02 | Regularization Loss: 0.000e+00 | Val Loss: 1.058e-01 | Time: 6.73s
2025-08-21 04:01:19,885:INFO:Epoch: 12200/40000 | Train Loss: 8.999e-02 | Dynamic Loss: 8.999e-02 | Regularization Loss: 0.000e+00 | Val Loss: 9.909e-02 | Time: 6.68s
2025-08-21 04:01:26,561:INFO:Epoch: 12250/40000 | Train Loss: 1.125e-01 | Dynamic Loss: 1.125e-01 | Regularization Loss: 0.000e+00 | Val Loss: 1.367e-01 | Time: 6.57s
2025-08-21 04:01:42,041:INFO:Epoch: 12300/40000 | Train Loss: 1.444e-01 | Dynamic Loss: 1.444e-01 | Regularization Loss: 0.000e+00 | Val Loss: 1.233e-01 | Time: 15.38s
2025-08-21 04:01:48,858:INFO:Epoch: 12350/40000 | Train Loss: 9.151e-02 | Dynamic Loss: 9.151e-02 | Regularization Loss: 0.000e+00 | Val Loss: 1.045e-01 | Time: 6.70s
2025-08-21 04:01:55,735:INFO:Epoch: 12400/40000 | Train Loss: 8.465e-02 | Dynamic Loss: 8.465e-02 | Regularization Loss: 0.000e+00 | Val Loss: 1.061e-01 | Time: 6.77s
2025-08-21 04:02:02,581:INFO:Epoch: 12450/40000 | Train Loss: 8.923e-02 | Dynamic Loss: 8.923e-02 | Regularization Loss: 0.000e+00 | Val Loss: 9.857e-02 | Time: 6.74s
2025-08-21 04:02:17,542:INFO:Epoch: 12500/40000 | Train Loss: 9.984e-02 | Dynamic Loss: 9.984e-02 | Regularization Loss: 0.000e+00 | Val Loss: 1.154e-01 | Time: 14.86s
2025-08-21 04:02:24,431:INFO:Epoch: 12550/40000 | Train Loss: 1.106e-01 | Dynamic Loss: 1.106e-01 | Regularization Loss: 0.000e+00 | Val Loss: 1.606e-01 | Time: 6.78s
2025-08-21 04:02:31,184:INFO:Epoch: 12600/40000 | Train Loss: 7.759e-02 | Dynamic Loss: 7.759e-02 | Regularization Loss: 0.000e+00 | Val Loss: 8.771e-02 | Time: 6.64s
2025-08-21 04:02:31,184:INFO:New best model found at epoch 12600 with validation loss 8.771e-02. Saving...
2025-08-21 04:02:38,009:INFO:Epoch: 12650/40000 | Train Loss: 8.830e-02 | Dynamic Loss: 8.830e-02 | Regularization Loss: 0.000e+00 | Val Loss: 1.055e-01 | Time: 6.57s
2025-08-21 04:02:44,699:INFO:Epoch: 12700/40000 | Train Loss: 8.200e-02 | Dynamic Loss: 8.200e-02 | Regularization Loss: 0.000e+00 | Val Loss: 9.067e-02 | Time: 6.59s
2025-08-21 04:02:51,425:INFO:Epoch: 12750/40000 | Train Loss: 7.954e-02 | Dynamic Loss: 7.954e-02 | Regularization Loss: 0.000e+00 | Val Loss: 9.703e-02 | Time: 6.61s
2025-08-21 04:02:58,192:INFO:Epoch: 12800/40000 | Train Loss: 8.460e-02 | Dynamic Loss: 8.460e-02 | Regularization Loss: 0.000e+00 | Val Loss: 1.011e-01 | Time: 6.66s
2025-08-21 04:03:05,053:INFO:Epoch: 12850/40000 | Train Loss: 1.249e-01 | Dynamic Loss: 1.249e-01 | Regularization Loss: 0.000e+00 | Val Loss: 1.604e-01 | Time: 6.75s
2025-08-21 04:03:11,783:INFO:Epoch: 12900/40000 | Train Loss: 1.069e-01 | Dynamic Loss: 1.069e-01 | Regularization Loss: 0.000e+00 | Val Loss: 1.107e-01 | Time: 6.62s
2025-08-21 04:03:18,491:INFO:Epoch: 12950/40000 | Train Loss: 8.345e-02 | Dynamic Loss: 8.345e-02 | Regularization Loss: 0.000e+00 | Val Loss: 9.352e-02 | Time: 6.60s
2025-08-21 04:03:25,156:INFO:Epoch: 13000/40000 | Train Loss: 1.412e-01 | Dynamic Loss: 1.412e-01 | Regularization Loss: 0.000e+00 | Val Loss: 2.222e-01 | Time: 6.56s
2025-08-21 04:03:32,199:INFO:Epoch: 13050/40000 | Train Loss: 6.934e-02 | Dynamic Loss: 6.934e-02 | Regularization Loss: 0.000e+00 | Val Loss: 8.004e-02 | Time: 6.93s
2025-08-21 04:03:32,199:INFO:New best model found at epoch 13050 with validation loss 8.004e-02. Saving...
2025-08-21 04:03:39,115:INFO:Epoch: 13100/40000 | Train Loss: 9.067e-02 | Dynamic Loss: 9.067e-02 | Regularization Loss: 0.000e+00 | Val Loss: 9.764e-02 | Time: 6.79s
2025-08-21 04:03:46,029:INFO:Epoch: 13150/40000 | Train Loss: 2.336e-01 | Dynamic Loss: 2.336e-01 | Regularization Loss: 0.000e+00 | Val Loss: 2.379e-01 | Time: 6.81s
2025-08-21 04:03:52,786:INFO:Epoch: 13200/40000 | Train Loss: 7.420e-02 | Dynamic Loss: 7.420e-02 | Regularization Loss: 0.000e+00 | Val Loss: 9.159e-02 | Time: 6.65s
2025-08-21 04:04:07,248:INFO:Epoch: 13250/40000 | Train Loss: 8.114e-02 | Dynamic Loss: 8.114e-02 | Regularization Loss: 0.000e+00 | Val Loss: 9.198e-02 | Time: 14.36s
2025-08-21 04:04:14,002:INFO:Epoch: 13300/40000 | Train Loss: 7.836e-02 | Dynamic Loss: 7.836e-02 | Regularization Loss: 0.000e+00 | Val Loss: 8.777e-02 | Time: 6.65s
2025-08-21 04:04:20,759:INFO:Epoch: 13350/40000 | Train Loss: 8.563e-02 | Dynamic Loss: 8.563e-02 | Regularization Loss: 0.000e+00 | Val Loss: 9.358e-02 | Time: 6.64s
2025-08-21 04:04:27,663:INFO:Epoch: 13400/40000 | Train Loss: 1.055e-01 | Dynamic Loss: 1.055e-01 | Regularization Loss: 0.000e+00 | Val Loss: 1.321e-01 | Time: 6.79s
2025-08-21 04:04:34,413:INFO:Epoch: 13450/40000 | Train Loss: 1.097e-01 | Dynamic Loss: 1.097e-01 | Regularization Loss: 0.000e+00 | Val Loss: 1.065e-01 | Time: 6.64s
2025-08-21 04:04:41,183:INFO:Epoch: 13500/40000 | Train Loss: 1.181e-01 | Dynamic Loss: 1.181e-01 | Regularization Loss: 0.000e+00 | Val Loss: 1.814e-01 | Time: 6.66s
2025-08-21 04:04:48,039:INFO:Epoch: 13550/40000 | Train Loss: 6.666e-02 | Dynamic Loss: 6.666e-02 | Regularization Loss: 0.000e+00 | Val Loss: 7.575e-02 | Time: 6.62s
2025-08-21 04:04:48,040:INFO:New best model found at epoch 13550 with validation loss 7.575e-02. Saving...
2025-08-21 04:04:54,809:INFO:Epoch: 13600/40000 | Train Loss: 3.803e-01 | Dynamic Loss: 3.803e-01 | Regularization Loss: 0.000e+00 | Val Loss: 4.093e-01 | Time: 6.64s
2025-08-21 04:05:01,639:INFO:Epoch: 13650/40000 | Train Loss: 7.186e-02 | Dynamic Loss: 7.186e-02 | Regularization Loss: 0.000e+00 | Val Loss: 8.841e-02 | Time: 6.72s
2025-08-21 04:05:08,439:INFO:Epoch: 13700/40000 | Train Loss: 8.779e-02 | Dynamic Loss: 8.779e-02 | Regularization Loss: 0.000e+00 | Val Loss: 9.406e-02 | Time: 6.69s
2025-08-21 04:05:23,003:INFO:Epoch: 13750/40000 | Train Loss: 6.962e-02 | Dynamic Loss: 6.962e-02 | Regularization Loss: 0.000e+00 | Val Loss: 7.744e-02 | Time: 14.46s
2025-08-21 04:05:29,711:INFO:Epoch: 13800/40000 | Train Loss: 8.774e-02 | Dynamic Loss: 8.774e-02 | Regularization Loss: 0.000e+00 | Val Loss: 1.119e-01 | Time: 6.59s
2025-08-21 04:05:36,532:INFO:Epoch: 13850/40000 | Train Loss: 9.297e-02 | Dynamic Loss: 9.297e-02 | Regularization Loss: 0.000e+00 | Val Loss: 1.039e-01 | Time: 6.71s
2025-08-21 04:05:43,340:INFO:Epoch: 13900/40000 | Train Loss: 6.678e-02 | Dynamic Loss: 6.678e-02 | Regularization Loss: 0.000e+00 | Val Loss: 7.405e-02 | Time: 6.70s
2025-08-21 04:05:43,340:INFO:New best model found at epoch 13900 with validation loss 7.405e-02. Saving...
2025-08-21 04:05:50,097:INFO:Epoch: 13950/40000 | Train Loss: 6.531e-02 | Dynamic Loss: 6.531e-02 | Regularization Loss: 0.000e+00 | Val Loss: 7.657e-02 | Time: 6.63s
2025-08-21 04:05:56,813:INFO:Epoch: 14000/40000 | Train Loss: 6.699e-02 | Dynamic Loss: 6.699e-02 | Regularization Loss: 0.000e+00 | Val Loss: 7.467e-02 | Time: 6.61s
2025-08-21 04:06:03,470:INFO:Epoch: 14050/40000 | Train Loss: 6.621e-02 | Dynamic Loss: 6.621e-02 | Regularization Loss: 0.000e+00 | Val Loss: 8.315e-02 | Time: 6.55s
2025-08-21 04:06:17,950:INFO:Epoch: 14100/40000 | Train Loss: 1.034e-01 | Dynamic Loss: 1.034e-01 | Regularization Loss: 0.000e+00 | Val Loss: 1.568e-01 | Time: 14.36s
2025-08-21 04:06:24,776:INFO:Epoch: 14150/40000 | Train Loss: 6.752e-02 | Dynamic Loss: 6.752e-02 | Regularization Loss: 0.000e+00 | Val Loss: 7.768e-02 | Time: 6.71s
2025-08-21 04:06:31,530:INFO:Epoch: 14200/40000 | Train Loss: 9.916e-02 | Dynamic Loss: 9.916e-02 | Regularization Loss: 0.000e+00 | Val Loss: 1.020e-01 | Time: 6.64s
2025-08-21 04:06:38,212:INFO:Epoch: 14250/40000 | Train Loss: 9.534e-02 | Dynamic Loss: 9.534e-02 | Regularization Loss: 0.000e+00 | Val Loss: 1.305e-01 | Time: 6.57s
2025-08-21 04:06:52,571:INFO:Epoch: 14300/40000 | Train Loss: 8.069e-02 | Dynamic Loss: 8.069e-02 | Regularization Loss: 0.000e+00 | Val Loss: 9.898e-02 | Time: 14.25s
2025-08-21 04:06:59,345:INFO:Epoch: 14350/40000 | Train Loss: 8.249e-02 | Dynamic Loss: 8.249e-02 | Regularization Loss: 0.000e+00 | Val Loss: 8.290e-02 | Time: 6.66s
2025-08-21 04:07:06,172:INFO:Epoch: 14400/40000 | Train Loss: 1.413e-01 | Dynamic Loss: 1.413e-01 | Regularization Loss: 0.000e+00 | Val Loss: 2.448e-01 | Time: 6.71s
2025-08-21 04:07:13,045:INFO:Epoch: 14450/40000 | Train Loss: 6.538e-02 | Dynamic Loss: 6.538e-02 | Regularization Loss: 0.000e+00 | Val Loss: 8.851e-02 | Time: 6.76s
2025-08-21 04:07:19,837:INFO:Epoch: 14500/40000 | Train Loss: 6.436e-02 | Dynamic Loss: 6.436e-02 | Regularization Loss: 0.000e+00 | Val Loss: 7.290e-02 | Time: 6.68s
2025-08-21 04:07:19,837:INFO:New best model found at epoch 14500 with validation loss 7.290e-02. Saving...
2025-08-21 04:07:26,594:INFO:Epoch: 14550/40000 | Train Loss: 7.900e-02 | Dynamic Loss: 7.900e-02 | Regularization Loss: 0.000e+00 | Val Loss: 1.299e-01 | Time: 6.63s
2025-08-21 04:07:33,351:INFO:Epoch: 14600/40000 | Train Loss: 1.022e-01 | Dynamic Loss: 1.022e-01 | Regularization Loss: 0.000e+00 | Val Loss: 1.369e-01 | Time: 6.64s
2025-08-21 04:07:48,272:INFO:Epoch: 14650/40000 | Train Loss: 1.065e-01 | Dynamic Loss: 1.065e-01 | Regularization Loss: 0.000e+00 | Val Loss: 1.327e-01 | Time: 14.81s
2025-08-21 04:07:55,150:INFO:Epoch: 14700/40000 | Train Loss: 6.014e-02 | Dynamic Loss: 6.014e-02 | Regularization Loss: 0.000e+00 | Val Loss: 7.129e-02 | Time: 6.77s
2025-08-21 04:07:55,150:INFO:New best model found at epoch 14700 with validation loss 7.129e-02. Saving...
2025-08-21 04:08:01,885:INFO:Epoch: 14750/40000 | Train Loss: 5.480e-02 | Dynamic Loss: 5.480e-02 | Regularization Loss: 0.000e+00 | Val Loss: 6.495e-02 | Time: 6.61s
2025-08-21 04:08:01,885:INFO:New best model found at epoch 14750 with validation loss 6.495e-02. Saving...
2025-08-21 04:08:08,692:INFO:Epoch: 14800/40000 | Train Loss: 6.186e-02 | Dynamic Loss: 6.186e-02 | Regularization Loss: 0.000e+00 | Val Loss: 7.897e-02 | Time: 6.55s
2025-08-21 04:08:15,463:INFO:Epoch: 14850/40000 | Train Loss: 5.541e-02 | Dynamic Loss: 5.541e-02 | Regularization Loss: 0.000e+00 | Val Loss: 6.612e-02 | Time: 6.66s
2025-08-21 04:08:22,175:INFO:Epoch: 14900/40000 | Train Loss: 1.099e-01 | Dynamic Loss: 1.099e-01 | Regularization Loss: 0.000e+00 | Val Loss: 1.284e-01 | Time: 6.60s
2025-08-21 04:08:28,921:INFO:Epoch: 14950/40000 | Train Loss: 6.403e-02 | Dynamic Loss: 6.403e-02 | Regularization Loss: 0.000e+00 | Val Loss: 8.829e-02 | Time: 6.64s
2025-08-21 04:08:35,758:INFO:Epoch: 15000/40000 | Train Loss: 6.403e-01 | Dynamic Loss: 6.403e-01 | Regularization Loss: 0.000e+00 | Val Loss: 1.956e-01 | Time: 6.73s
2025-08-21 04:08:42,672:INFO:Epoch: 15050/40000 | Train Loss: 5.175e-02 | Dynamic Loss: 5.175e-02 | Regularization Loss: 0.000e+00 | Val Loss: 6.180e-02 | Time: 6.80s
2025-08-21 04:08:42,672:INFO:New best model found at epoch 15050 with validation loss 6.180e-02. Saving...
2025-08-21 04:08:49,474:INFO:Epoch: 15100/40000 | Train Loss: 6.093e-02 | Dynamic Loss: 6.093e-02 | Regularization Loss: 0.000e+00 | Val Loss: 7.137e-02 | Time: 6.67s
2025-08-21 04:08:56,219:INFO:Epoch: 15150/40000 | Train Loss: 5.771e-02 | Dynamic Loss: 5.771e-02 | Regularization Loss: 0.000e+00 | Val Loss: 6.531e-02 | Time: 6.64s
2025-08-21 04:09:03,141:INFO:Epoch: 15200/40000 | Train Loss: 5.290e-02 | Dynamic Loss: 5.290e-02 | Regularization Loss: 0.000e+00 | Val Loss: 6.441e-02 | Time: 6.81s
2025-08-21 04:09:10,103:INFO:Epoch: 15250/40000 | Train Loss: 5.508e-02 | Dynamic Loss: 5.508e-02 | Regularization Loss: 0.000e+00 | Val Loss: 6.450e-02 | Time: 6.85s
2025-08-21 04:09:16,887:INFO:Epoch: 15300/40000 | Train Loss: 2.217e-01 | Dynamic Loss: 2.217e-01 | Regularization Loss: 0.000e+00 | Val Loss: 1.420e-01 | Time: 6.66s
2025-08-21 04:09:23,604:INFO:Epoch: 15350/40000 | Train Loss: 5.197e-02 | Dynamic Loss: 5.197e-02 | Regularization Loss: 0.000e+00 | Val Loss: 6.355e-02 | Time: 6.61s
2025-08-21 04:09:30,601:INFO:Epoch: 15400/40000 | Train Loss: 5.673e-02 | Dynamic Loss: 5.673e-02 | Regularization Loss: 0.000e+00 | Val Loss: 6.848e-02 | Time: 6.89s
2025-08-21 04:09:37,485:INFO:Epoch: 15450/40000 | Train Loss: 5.136e-02 | Dynamic Loss: 5.136e-02 | Regularization Loss: 0.000e+00 | Val Loss: 6.186e-02 | Time: 6.77s
2025-08-21 04:09:44,403:INFO:Epoch: 15500/40000 | Train Loss: 1.136e-01 | Dynamic Loss: 1.136e-01 | Regularization Loss: 0.000e+00 | Val Loss: 1.200e-01 | Time: 6.80s
2025-08-21 04:09:51,279:INFO:Epoch: 15550/40000 | Train Loss: 5.499e-02 | Dynamic Loss: 5.499e-02 | Regularization Loss: 0.000e+00 | Val Loss: 6.083e-02 | Time: 6.76s
2025-08-21 04:09:51,279:INFO:New best model found at epoch 15550 with validation loss 6.083e-02. Saving...
2025-08-21 04:09:58,291:INFO:Epoch: 15600/40000 | Train Loss: 1.253e-01 | Dynamic Loss: 1.253e-01 | Regularization Loss: 0.000e+00 | Val Loss: 1.328e-01 | Time: 6.88s
2025-08-21 04:10:05,179:INFO:Epoch: 15650/40000 | Train Loss: 4.861e-02 | Dynamic Loss: 4.861e-02 | Regularization Loss: 0.000e+00 | Val Loss: 5.846e-02 | Time: 6.77s
2025-08-21 04:10:05,180:INFO:New best model found at epoch 15650 with validation loss 5.846e-02. Saving...
2025-08-21 04:10:12,115:INFO:Epoch: 15700/40000 | Train Loss: 5.518e-02 | Dynamic Loss: 5.518e-02 | Regularization Loss: 0.000e+00 | Val Loss: 6.907e-02 | Time: 6.80s
2025-08-21 04:10:19,004:INFO:Epoch: 15750/40000 | Train Loss: 1.009e-01 | Dynamic Loss: 1.009e-01 | Regularization Loss: 0.000e+00 | Val Loss: 1.006e-01 | Time: 6.77s
2025-08-21 04:10:33,947:INFO:Epoch: 15800/40000 | Train Loss: 5.090e-02 | Dynamic Loss: 5.090e-02 | Regularization Loss: 0.000e+00 | Val Loss: 6.113e-02 | Time: 14.83s
2025-08-21 04:10:40,867:INFO:Epoch: 15850/40000 | Train Loss: 5.748e-02 | Dynamic Loss: 5.748e-02 | Regularization Loss: 0.000e+00 | Val Loss: 7.009e-02 | Time: 6.81s
2025-08-21 04:10:47,595:INFO:Epoch: 15900/40000 | Train Loss: 5.042e-02 | Dynamic Loss: 5.042e-02 | Regularization Loss: 0.000e+00 | Val Loss: 6.372e-02 | Time: 6.61s
2025-08-21 04:10:54,423:INFO:Epoch: 15950/40000 | Train Loss: 7.117e-02 | Dynamic Loss: 7.117e-02 | Regularization Loss: 0.000e+00 | Val Loss: 1.056e-01 | Time: 6.71s
2025-08-21 04:11:01,171:INFO:Epoch: 16000/40000 | Train Loss: 4.895e-02 | Dynamic Loss: 4.895e-02 | Regularization Loss: 0.000e+00 | Val Loss: 5.817e-02 | Time: 6.64s
2025-08-21 04:11:01,171:INFO:New best model found at epoch 16000 with validation loss 5.817e-02. Saving...
2025-08-21 04:11:08,013:INFO:Epoch: 16050/40000 | Train Loss: 7.468e-02 | Dynamic Loss: 7.468e-02 | Regularization Loss: 0.000e+00 | Val Loss: 8.616e-02 | Time: 6.71s
2025-08-21 04:11:14,912:INFO:Epoch: 16100/40000 | Train Loss: 4.723e-02 | Dynamic Loss: 4.723e-02 | Regularization Loss: 0.000e+00 | Val Loss: 5.680e-02 | Time: 6.66s
2025-08-21 04:11:14,912:INFO:New best model found at epoch 16100 with validation loss 5.680e-02. Saving...
2025-08-21 04:11:21,734:INFO:Epoch: 16150/40000 | Train Loss: 5.391e-02 | Dynamic Loss: 5.391e-02 | Regularization Loss: 0.000e+00 | Val Loss: 7.829e-02 | Time: 6.69s
2025-08-21 04:11:28,651:INFO:Epoch: 16200/40000 | Train Loss: 8.328e-02 | Dynamic Loss: 8.328e-02 | Regularization Loss: 0.000e+00 | Val Loss: 1.479e-01 | Time: 6.81s
2025-08-21 04:11:35,470:INFO:Epoch: 16250/40000 | Train Loss: 5.242e-02 | Dynamic Loss: 5.242e-02 | Regularization Loss: 0.000e+00 | Val Loss: 5.881e-02 | Time: 6.71s
2025-08-21 04:11:42,372:INFO:Epoch: 16300/40000 | Train Loss: 4.784e-02 | Dynamic Loss: 4.784e-02 | Regularization Loss: 0.000e+00 | Val Loss: 5.586e-02 | Time: 6.79s
2025-08-21 04:11:42,372:INFO:New best model found at epoch 16300 with validation loss 5.586e-02. Saving...
2025-08-21 04:11:49,252:INFO:Epoch: 16350/40000 | Train Loss: 5.285e-02 | Dynamic Loss: 5.285e-02 | Regularization Loss: 0.000e+00 | Val Loss: 5.881e-02 | Time: 6.75s
2025-08-21 04:11:56,111:INFO:Epoch: 16400/40000 | Train Loss: 4.495e-02 | Dynamic Loss: 4.495e-02 | Regularization Loss: 0.000e+00 | Val Loss: 5.490e-02 | Time: 6.75s
2025-08-21 04:11:56,111:INFO:New best model found at epoch 16400 with validation loss 5.490e-02. Saving...
2025-08-21 04:12:02,962:INFO:Epoch: 16450/40000 | Train Loss: 4.608e-02 | Dynamic Loss: 4.608e-02 | Regularization Loss: 0.000e+00 | Val Loss: 5.640e-02 | Time: 6.73s
2025-08-21 04:12:17,730:INFO:Epoch: 16500/40000 | Train Loss: 4.757e-02 | Dynamic Loss: 4.757e-02 | Regularization Loss: 0.000e+00 | Val Loss: 5.670e-02 | Time: 14.66s
2025-08-21 04:12:24,532:INFO:Epoch: 16550/40000 | Train Loss: 4.780e-02 | Dynamic Loss: 4.780e-02 | Regularization Loss: 0.000e+00 | Val Loss: 5.768e-02 | Time: 6.70s
2025-08-21 04:12:31,674:INFO:Epoch: 16600/40000 | Train Loss: 8.771e-02 | Dynamic Loss: 8.771e-02 | Regularization Loss: 0.000e+00 | Val Loss: 9.396e-02 | Time: 7.03s
2025-08-21 04:12:38,563:INFO:Epoch: 16650/40000 | Train Loss: 5.973e-02 | Dynamic Loss: 5.973e-02 | Regularization Loss: 0.000e+00 | Val Loss: 7.229e-02 | Time: 6.78s
2025-08-21 04:12:45,329:INFO:Epoch: 16700/40000 | Train Loss: 4.133e-02 | Dynamic Loss: 4.133e-02 | Regularization Loss: 0.000e+00 | Val Loss: 5.126e-02 | Time: 6.65s
2025-08-21 04:12:45,329:INFO:New best model found at epoch 16700 with validation loss 5.126e-02. Saving...
2025-08-21 04:12:52,106:INFO:Epoch: 16750/40000 | Train Loss: 4.462e-02 | Dynamic Loss: 4.462e-02 | Regularization Loss: 0.000e+00 | Val Loss: 5.312e-02 | Time: 6.65s
2025-08-21 04:12:58,836:INFO:Epoch: 16800/40000 | Train Loss: 5.159e-02 | Dynamic Loss: 5.159e-02 | Regularization Loss: 0.000e+00 | Val Loss: 5.813e-02 | Time: 6.62s
2025-08-21 04:13:13,253:INFO:Epoch: 16850/40000 | Train Loss: 6.721e-02 | Dynamic Loss: 6.721e-02 | Regularization Loss: 0.000e+00 | Val Loss: 7.644e-02 | Time: 14.31s
2025-08-21 04:13:19,974:INFO:Epoch: 16900/40000 | Train Loss: 4.160e-02 | Dynamic Loss: 4.160e-02 | Regularization Loss: 0.000e+00 | Val Loss: 5.069e-02 | Time: 6.61s
2025-08-21 04:13:19,975:INFO:New best model found at epoch 16900 with validation loss 5.069e-02. Saving...
2025-08-21 04:13:26,727:INFO:Epoch: 16950/40000 | Train Loss: 4.884e-02 | Dynamic Loss: 4.884e-02 | Regularization Loss: 0.000e+00 | Val Loss: 5.864e-02 | Time: 6.63s
2025-08-21 04:13:33,532:INFO:Epoch: 17000/40000 | Train Loss: 2.368e-01 | Dynamic Loss: 2.368e-01 | Regularization Loss: 0.000e+00 | Val Loss: 1.580e-01 | Time: 6.69s
2025-08-21 04:13:40,296:INFO:Epoch: 17050/40000 | Train Loss: 4.608e-02 | Dynamic Loss: 4.608e-02 | Regularization Loss: 0.000e+00 | Val Loss: 5.448e-02 | Time: 6.66s
2025-08-21 04:13:47,119:INFO:Epoch: 17100/40000 | Train Loss: 4.009e-02 | Dynamic Loss: 4.009e-02 | Regularization Loss: 0.000e+00 | Val Loss: 5.382e-02 | Time: 6.71s
2025-08-21 04:13:53,832:INFO:Epoch: 17150/40000 | Train Loss: 6.750e-02 | Dynamic Loss: 6.750e-02 | Regularization Loss: 0.000e+00 | Val Loss: 6.678e-02 | Time: 6.60s
2025-08-21 04:14:08,919:INFO:Epoch: 17200/40000 | Train Loss: 4.807e-02 | Dynamic Loss: 4.807e-02 | Regularization Loss: 0.000e+00 | Val Loss: 5.913e-02 | Time: 14.98s
2025-08-21 04:14:15,729:INFO:Epoch: 17250/40000 | Train Loss: 5.331e-02 | Dynamic Loss: 5.331e-02 | Regularization Loss: 0.000e+00 | Val Loss: 5.741e-02 | Time: 6.70s
2025-08-21 04:14:22,390:INFO:Epoch: 17300/40000 | Train Loss: 6.992e-02 | Dynamic Loss: 6.992e-02 | Regularization Loss: 0.000e+00 | Val Loss: 6.514e-02 | Time: 6.55s
2025-08-21 04:14:36,723:INFO:Epoch: 17350/40000 | Train Loss: 3.950e-02 | Dynamic Loss: 3.950e-02 | Regularization Loss: 0.000e+00 | Val Loss: 4.902e-02 | Time: 14.22s
2025-08-21 04:14:36,723:INFO:New best model found at epoch 17350 with validation loss 4.902e-02. Saving...
2025-08-21 04:14:43,502:INFO:Epoch: 17400/40000 | Train Loss: 7.508e-02 | Dynamic Loss: 7.508e-02 | Regularization Loss: 0.000e+00 | Val Loss: 7.900e-02 | Time: 6.65s
2025-08-21 04:14:50,343:INFO:Epoch: 17450/40000 | Train Loss: 8.690e-02 | Dynamic Loss: 8.690e-02 | Regularization Loss: 0.000e+00 | Val Loss: 6.624e-02 | Time: 6.73s
2025-08-21 04:14:57,270:INFO:Epoch: 17500/40000 | Train Loss: 3.912e-02 | Dynamic Loss: 3.912e-02 | Regularization Loss: 0.000e+00 | Val Loss: 4.962e-02 | Time: 6.62s
2025-08-21 04:15:04,133:INFO:Epoch: 17550/40000 | Train Loss: 5.203e-02 | Dynamic Loss: 5.203e-02 | Regularization Loss: 0.000e+00 | Val Loss: 7.090e-02 | Time: 6.75s
2025-08-21 04:15:10,963:INFO:Epoch: 17600/40000 | Train Loss: 5.917e-02 | Dynamic Loss: 5.917e-02 | Regularization Loss: 0.000e+00 | Val Loss: 9.995e-02 | Time: 6.72s
2025-08-21 04:15:17,715:INFO:Epoch: 17650/40000 | Train Loss: 4.366e-02 | Dynamic Loss: 4.366e-02 | Regularization Loss: 0.000e+00 | Val Loss: 5.028e-02 | Time: 6.64s
2025-08-21 04:15:32,288:INFO:Epoch: 17700/40000 | Train Loss: 4.353e-02 | Dynamic Loss: 4.353e-02 | Regularization Loss: 0.000e+00 | Val Loss: 6.182e-02 | Time: 14.46s
2025-08-21 04:15:39,101:INFO:Epoch: 17750/40000 | Train Loss: 3.798e-02 | Dynamic Loss: 3.798e-02 | Regularization Loss: 0.000e+00 | Val Loss: 4.922e-02 | Time: 6.70s
2025-08-21 04:15:45,855:INFO:Epoch: 17800/40000 | Train Loss: 3.667e-02 | Dynamic Loss: 3.667e-02 | Regularization Loss: 0.000e+00 | Val Loss: 4.366e-02 | Time: 6.64s
2025-08-21 04:15:45,855:INFO:New best model found at epoch 17800 with validation loss 4.366e-02. Saving...
2025-08-21 04:15:52,775:INFO:Epoch: 17850/40000 | Train Loss: 5.321e-02 | Dynamic Loss: 5.321e-02 | Regularization Loss: 0.000e+00 | Val Loss: 5.676e-02 | Time: 6.79s
2025-08-21 04:15:59,580:INFO:Epoch: 17900/40000 | Train Loss: 5.015e-02 | Dynamic Loss: 5.015e-02 | Regularization Loss: 0.000e+00 | Val Loss: 6.532e-02 | Time: 6.69s
2025-08-21 04:16:06,436:INFO:Epoch: 17950/40000 | Train Loss: 1.310e-01 | Dynamic Loss: 1.310e-01 | Regularization Loss: 0.000e+00 | Val Loss: 2.211e-01 | Time: 6.75s
2025-08-21 04:16:13,237:INFO:Epoch: 18000/40000 | Train Loss: 3.577e-02 | Dynamic Loss: 3.577e-02 | Regularization Loss: 0.000e+00 | Val Loss: 4.525e-02 | Time: 6.69s
2025-08-21 04:16:28,565:INFO:Epoch: 18050/40000 | Train Loss: 3.821e-02 | Dynamic Loss: 3.821e-02 | Regularization Loss: 0.000e+00 | Val Loss: 4.826e-02 | Time: 15.22s
2025-08-21 04:16:35,486:INFO:Epoch: 18100/40000 | Train Loss: 1.045e-01 | Dynamic Loss: 1.045e-01 | Regularization Loss: 0.000e+00 | Val Loss: 8.100e-02 | Time: 6.81s
2025-08-21 04:16:42,347:INFO:Epoch: 18150/40000 | Train Loss: 3.633e-02 | Dynamic Loss: 3.633e-02 | Regularization Loss: 0.000e+00 | Val Loss: 4.753e-02 | Time: 6.75s
2025-08-21 04:16:49,289:INFO:Epoch: 18200/40000 | Train Loss: 5.041e-02 | Dynamic Loss: 5.041e-02 | Regularization Loss: 0.000e+00 | Val Loss: 4.797e-02 | Time: 6.83s
2025-08-21 04:16:56,081:INFO:Epoch: 18250/40000 | Train Loss: 4.124e-02 | Dynamic Loss: 4.124e-02 | Regularization Loss: 0.000e+00 | Val Loss: 4.962e-02 | Time: 6.68s
2025-08-21 04:17:02,932:INFO:Epoch: 18300/40000 | Train Loss: 5.280e-02 | Dynamic Loss: 5.280e-02 | Regularization Loss: 0.000e+00 | Val Loss: 5.861e-02 | Time: 6.74s
2025-08-21 04:17:09,778:INFO:Epoch: 18350/40000 | Train Loss: 3.392e-02 | Dynamic Loss: 3.392e-02 | Regularization Loss: 0.000e+00 | Val Loss: 4.421e-02 | Time: 6.73s
2025-08-21 04:17:16,571:INFO:Epoch: 18400/40000 | Train Loss: 3.756e-02 | Dynamic Loss: 3.756e-02 | Regularization Loss: 0.000e+00 | Val Loss: 4.465e-02 | Time: 6.68s
2025-08-21 04:17:23,356:INFO:Epoch: 18450/40000 | Train Loss: 3.430e-02 | Dynamic Loss: 3.430e-02 | Regularization Loss: 0.000e+00 | Val Loss: 4.289e-02 | Time: 6.67s
2025-08-21 04:17:23,356:INFO:New best model found at epoch 18450 with validation loss 4.289e-02. Saving...
2025-08-21 04:17:30,259:INFO:Epoch: 18500/40000 | Train Loss: 5.552e-02 | Dynamic Loss: 5.552e-02 | Regularization Loss: 0.000e+00 | Val Loss: 4.927e-02 | Time: 6.77s
2025-08-21 04:17:37,050:INFO:Epoch: 18550/40000 | Train Loss: 6.273e-02 | Dynamic Loss: 6.273e-02 | Regularization Loss: 0.000e+00 | Val Loss: 9.075e-02 | Time: 6.68s
2025-08-21 04:17:43,778:INFO:Epoch: 18600/40000 | Train Loss: 5.295e-02 | Dynamic Loss: 5.295e-02 | Regularization Loss: 0.000e+00 | Val Loss: 6.377e-02 | Time: 6.62s
2025-08-21 04:17:50,619:INFO:Epoch: 18650/40000 | Train Loss: 3.830e-02 | Dynamic Loss: 3.830e-02 | Regularization Loss: 0.000e+00 | Val Loss: 4.540e-02 | Time: 6.73s
2025-08-21 04:17:57,420:INFO:Epoch: 18700/40000 | Train Loss: 5.638e-02 | Dynamic Loss: 5.638e-02 | Regularization Loss: 0.000e+00 | Val Loss: 5.983e-02 | Time: 6.69s
2025-08-21 04:18:04,412:INFO:Epoch: 18750/40000 | Train Loss: 3.591e-02 | Dynamic Loss: 3.591e-02 | Regularization Loss: 0.000e+00 | Val Loss: 4.476e-02 | Time: 6.88s
2025-08-21 04:18:11,345:INFO:Epoch: 18800/40000 | Train Loss: 3.822e-02 | Dynamic Loss: 3.822e-02 | Regularization Loss: 0.000e+00 | Val Loss: 4.713e-02 | Time: 6.82s
2025-08-21 04:18:26,715:INFO:Epoch: 18850/40000 | Train Loss: 4.380e-02 | Dynamic Loss: 4.380e-02 | Regularization Loss: 0.000e+00 | Val Loss: 4.863e-02 | Time: 15.26s
2025-08-21 04:18:33,693:INFO:Epoch: 18900/40000 | Train Loss: 4.154e-02 | Dynamic Loss: 4.154e-02 | Regularization Loss: 0.000e+00 | Val Loss: 5.231e-02 | Time: 6.87s
2025-08-21 04:18:40,667:INFO:Epoch: 18950/40000 | Train Loss: 3.700e-02 | Dynamic Loss: 3.700e-02 | Regularization Loss: 0.000e+00 | Val Loss: 4.912e-02 | Time: 6.86s
2025-08-21 04:18:47,624:INFO:Epoch: 19000/40000 | Train Loss: 3.113e-02 | Dynamic Loss: 3.113e-02 | Regularization Loss: 0.000e+00 | Val Loss: 4.026e-02 | Time: 6.85s
2025-08-21 04:18:47,624:INFO:New best model found at epoch 19000 with validation loss 4.026e-02. Saving...
2025-08-21 04:18:54,432:INFO:Epoch: 19050/40000 | Train Loss: 4.193e-02 | Dynamic Loss: 4.193e-02 | Regularization Loss: 0.000e+00 | Val Loss: 5.502e-02 | Time: 6.68s
2025-08-21 04:19:01,241:INFO:Epoch: 19100/40000 | Train Loss: 6.336e-02 | Dynamic Loss: 6.336e-02 | Regularization Loss: 0.000e+00 | Val Loss: 7.210e-02 | Time: 6.70s
2025-08-21 04:19:08,110:INFO:Epoch: 19150/40000 | Train Loss: 5.920e-02 | Dynamic Loss: 5.920e-02 | Regularization Loss: 0.000e+00 | Val Loss: 7.855e-02 | Time: 6.76s
2025-08-21 04:19:15,095:INFO:Epoch: 19200/40000 | Train Loss: 6.909e-02 | Dynamic Loss: 6.909e-02 | Regularization Loss: 0.000e+00 | Val Loss: 4.986e-02 | Time: 6.87s
2025-08-21 04:19:21,980:INFO:Epoch: 19250/40000 | Train Loss: 3.135e-02 | Dynamic Loss: 3.135e-02 | Regularization Loss: 0.000e+00 | Val Loss: 3.944e-02 | Time: 6.77s
2025-08-21 04:19:21,981:INFO:New best model found at epoch 19250 with validation loss 3.944e-02. Saving...
2025-08-21 04:19:28,911:INFO:Epoch: 19300/40000 | Train Loss: 4.480e-02 | Dynamic Loss: 4.480e-02 | Regularization Loss: 0.000e+00 | Val Loss: 5.140e-02 | Time: 6.80s
2025-08-21 04:19:43,595:INFO:Epoch: 19350/40000 | Train Loss: 3.950e-02 | Dynamic Loss: 3.950e-02 | Regularization Loss: 0.000e+00 | Val Loss: 5.669e-02 | Time: 14.57s
2025-08-21 04:19:50,471:INFO:Epoch: 19400/40000 | Train Loss: 4.365e-02 | Dynamic Loss: 4.365e-02 | Regularization Loss: 0.000e+00 | Val Loss: 5.667e-02 | Time: 6.76s
2025-08-21 04:19:57,297:INFO:Epoch: 19450/40000 | Train Loss: 3.040e-02 | Dynamic Loss: 3.040e-02 | Regularization Loss: 0.000e+00 | Val Loss: 4.030e-02 | Time: 6.71s
2025-08-21 04:20:04,240:INFO:Epoch: 19500/40000 | Train Loss: 4.917e-02 | Dynamic Loss: 4.917e-02 | Regularization Loss: 0.000e+00 | Val Loss: 4.621e-02 | Time: 6.71s
2025-08-21 04:20:11,007:INFO:Epoch: 19550/40000 | Train Loss: 4.331e-02 | Dynamic Loss: 4.331e-02 | Regularization Loss: 0.000e+00 | Val Loss: 6.706e-02 | Time: 6.65s
2025-08-21 04:20:17,884:INFO:Epoch: 19600/40000 | Train Loss: 2.804e-02 | Dynamic Loss: 2.804e-02 | Regularization Loss: 0.000e+00 | Val Loss: 3.704e-02 | Time: 6.76s
2025-08-21 04:20:17,884:INFO:New best model found at epoch 19600 with validation loss 3.704e-02. Saving...
2025-08-21 04:20:24,768:INFO:Epoch: 19650/40000 | Train Loss: 5.789e-02 | Dynamic Loss: 5.789e-02 | Regularization Loss: 0.000e+00 | Val Loss: 6.011e-02 | Time: 6.75s
2025-08-21 04:20:31,746:INFO:Epoch: 19700/40000 | Train Loss: 3.666e-02 | Dynamic Loss: 3.666e-02 | Regularization Loss: 0.000e+00 | Val Loss: 4.669e-02 | Time: 6.86s
2025-08-21 04:20:38,562:INFO:Epoch: 19750/40000 | Train Loss: 3.736e-02 | Dynamic Loss: 3.736e-02 | Regularization Loss: 0.000e+00 | Val Loss: 4.434e-02 | Time: 6.70s
2025-08-21 04:20:45,235:INFO:Epoch: 19800/40000 | Train Loss: 6.338e-02 | Dynamic Loss: 6.338e-02 | Regularization Loss: 0.000e+00 | Val Loss: 6.861e-02 | Time: 6.56s
2025-08-21 04:20:51,963:INFO:Epoch: 19850/40000 | Train Loss: 5.435e-02 | Dynamic Loss: 5.435e-02 | Regularization Loss: 0.000e+00 | Val Loss: 5.688e-02 | Time: 6.61s
2025-08-21 04:21:06,879:INFO:Epoch: 19900/40000 | Train Loss: 5.336e-02 | Dynamic Loss: 5.336e-02 | Regularization Loss: 0.000e+00 | Val Loss: 6.510e-02 | Time: 14.81s
2025-08-21 04:21:13,620:INFO:Epoch: 19950/40000 | Train Loss: 3.268e-02 | Dynamic Loss: 3.268e-02 | Regularization Loss: 0.000e+00 | Val Loss: 4.066e-02 | Time: 6.62s
2025-08-21 04:21:20,484:INFO:Epoch: 20000/40000 | Train Loss: 3.303e-02 | Dynamic Loss: 3.303e-02 | Regularization Loss: 0.000e+00 | Val Loss: 4.185e-02 | Time: 6.75s
2025-08-21 04:21:27,504:INFO:Epoch: 20050/40000 | Train Loss: 4.148e-02 | Dynamic Loss: 4.148e-02 | Regularization Loss: 0.000e+00 | Val Loss: 6.401e-02 | Time: 6.91s
2025-08-21 04:21:34,353:INFO:Epoch: 20100/40000 | Train Loss: 4.373e-02 | Dynamic Loss: 4.373e-02 | Regularization Loss: 0.000e+00 | Val Loss: 5.084e-02 | Time: 6.74s
2025-08-21 04:21:41,110:INFO:Epoch: 20150/40000 | Train Loss: 1.103e-01 | Dynamic Loss: 1.103e-01 | Regularization Loss: 0.000e+00 | Val Loss: 1.423e-01 | Time: 6.65s
2025-08-21 04:21:47,934:INFO:Epoch: 20200/40000 | Train Loss: 3.191e-02 | Dynamic Loss: 3.191e-02 | Regularization Loss: 0.000e+00 | Val Loss: 3.728e-02 | Time: 6.71s
2025-08-21 04:21:54,999:INFO:Epoch: 20250/40000 | Train Loss: 3.018e-02 | Dynamic Loss: 3.018e-02 | Regularization Loss: 0.000e+00 | Val Loss: 4.282e-02 | Time: 6.95s
2025-08-21 04:22:01,933:INFO:Epoch: 20300/40000 | Train Loss: 4.107e-02 | Dynamic Loss: 4.107e-02 | Regularization Loss: 0.000e+00 | Val Loss: 6.931e-02 | Time: 6.82s
2025-08-21 04:22:08,754:INFO:Epoch: 20350/40000 | Train Loss: 3.319e-02 | Dynamic Loss: 3.319e-02 | Regularization Loss: 0.000e+00 | Val Loss: 3.750e-02 | Time: 6.71s
2025-08-21 04:22:15,682:INFO:Epoch: 20400/40000 | Train Loss: 5.329e-02 | Dynamic Loss: 5.329e-02 | Regularization Loss: 0.000e+00 | Val Loss: 5.251e-02 | Time: 6.82s
2025-08-21 04:22:22,691:INFO:Epoch: 20450/40000 | Train Loss: 2.867e-02 | Dynamic Loss: 2.867e-02 | Regularization Loss: 0.000e+00 | Val Loss: 3.824e-02 | Time: 6.90s
2025-08-21 04:22:29,510:INFO:Epoch: 20500/40000 | Train Loss: 2.941e-02 | Dynamic Loss: 2.941e-02 | Regularization Loss: 0.000e+00 | Val Loss: 4.326e-02 | Time: 6.72s
2025-08-21 04:22:36,317:INFO:Epoch: 20550/40000 | Train Loss: 3.168e-02 | Dynamic Loss: 3.168e-02 | Regularization Loss: 0.000e+00 | Val Loss: 4.166e-02 | Time: 6.71s
2025-08-21 04:22:43,023:INFO:Epoch: 20600/40000 | Train Loss: 2.688e-02 | Dynamic Loss: 2.688e-02 | Regularization Loss: 0.000e+00 | Val Loss: 3.599e-02 | Time: 6.61s
2025-08-21 04:22:43,023:INFO:New best model found at epoch 20600 with validation loss 3.599e-02. Saving...
2025-08-21 04:22:57,864:INFO:Epoch: 20650/40000 | Train Loss: 2.812e-02 | Dynamic Loss: 2.812e-02 | Regularization Loss: 0.000e+00 | Val Loss: 3.965e-02 | Time: 14.72s
2025-08-21 04:23:04,558:INFO:Epoch: 20700/40000 | Train Loss: 4.910e-02 | Dynamic Loss: 4.910e-02 | Regularization Loss: 0.000e+00 | Val Loss: 5.663e-02 | Time: 6.59s
2025-08-21 04:23:11,194:INFO:Epoch: 20750/40000 | Train Loss: 2.849e-02 | Dynamic Loss: 2.849e-02 | Regularization Loss: 0.000e+00 | Val Loss: 3.616e-02 | Time: 6.54s
2025-08-21 04:23:17,869:INFO:Epoch: 20800/40000 | Train Loss: 7.164e-02 | Dynamic Loss: 7.164e-02 | Regularization Loss: 0.000e+00 | Val Loss: 1.238e-01 | Time: 6.58s
2025-08-21 04:23:24,768:INFO:Epoch: 20850/40000 | Train Loss: 8.076e-02 | Dynamic Loss: 8.076e-02 | Regularization Loss: 0.000e+00 | Val Loss: 7.493e-02 | Time: 6.80s
2025-08-21 04:23:31,609:INFO:Epoch: 20900/40000 | Train Loss: 3.685e-02 | Dynamic Loss: 3.685e-02 | Regularization Loss: 0.000e+00 | Val Loss: 5.011e-02 | Time: 6.74s
2025-08-21 04:23:38,427:INFO:Epoch: 20950/40000 | Train Loss: 7.592e-02 | Dynamic Loss: 7.592e-02 | Regularization Loss: 0.000e+00 | Val Loss: 5.294e-02 | Time: 6.72s
2025-08-21 04:23:45,114:INFO:Epoch: 21000/40000 | Train Loss: 2.876e-02 | Dynamic Loss: 2.876e-02 | Regularization Loss: 0.000e+00 | Val Loss: 4.119e-02 | Time: 6.59s
2025-08-21 04:23:52,127:INFO:Epoch: 21050/40000 | Train Loss: 3.047e-02 | Dynamic Loss: 3.047e-02 | Regularization Loss: 0.000e+00 | Val Loss: 3.675e-02 | Time: 6.92s
2025-08-21 04:23:58,924:INFO:Epoch: 21100/40000 | Train Loss: 2.599e-02 | Dynamic Loss: 2.599e-02 | Regularization Loss: 0.000e+00 | Val Loss: 3.389e-02 | Time: 6.70s
2025-08-21 04:23:58,924:INFO:New best model found at epoch 21100 with validation loss 3.389e-02. Saving...
2025-08-21 04:24:05,654:INFO:Epoch: 21150/40000 | Train Loss: 4.457e-02 | Dynamic Loss: 4.457e-02 | Regularization Loss: 0.000e+00 | Val Loss: 4.338e-02 | Time: 6.62s
2025-08-21 04:24:12,592:INFO:Epoch: 21200/40000 | Train Loss: 3.129e-02 | Dynamic Loss: 3.129e-02 | Regularization Loss: 0.000e+00 | Val Loss: 3.394e-02 | Time: 6.70s
2025-08-21 04:24:19,387:INFO:Epoch: 21250/40000 | Train Loss: 2.607e-02 | Dynamic Loss: 2.607e-02 | Regularization Loss: 0.000e+00 | Val Loss: 3.883e-02 | Time: 6.69s
2025-08-21 04:24:26,267:INFO:Epoch: 21300/40000 | Train Loss: 2.537e-02 | Dynamic Loss: 2.537e-02 | Regularization Loss: 0.000e+00 | Val Loss: 3.075e-02 | Time: 6.78s
2025-08-21 04:24:26,267:INFO:New best model found at epoch 21300 with validation loss 3.075e-02. Saving...
2025-08-21 04:24:33,044:INFO:Epoch: 21350/40000 | Train Loss: 3.010e-02 | Dynamic Loss: 3.010e-02 | Regularization Loss: 0.000e+00 | Val Loss: 3.928e-02 | Time: 6.65s
2025-08-21 04:24:47,405:INFO:Epoch: 21400/40000 | Train Loss: 1.324e-01 | Dynamic Loss: 1.324e-01 | Regularization Loss: 0.000e+00 | Val Loss: 1.380e-01 | Time: 14.26s
2025-08-21 04:24:54,189:INFO:Epoch: 21450/40000 | Train Loss: 2.253e-02 | Dynamic Loss: 2.253e-02 | Regularization Loss: 0.000e+00 | Val Loss: 3.154e-02 | Time: 6.68s
2025-08-21 04:25:00,922:INFO:Epoch: 21500/40000 | Train Loss: 4.040e-02 | Dynamic Loss: 4.040e-02 | Regularization Loss: 0.000e+00 | Val Loss: 5.402e-02 | Time: 6.63s
2025-08-21 04:25:07,576:INFO:Epoch: 21550/40000 | Train Loss: 2.642e-02 | Dynamic Loss: 2.642e-02 | Regularization Loss: 0.000e+00 | Val Loss: 3.623e-02 | Time: 6.55s
2025-08-21 04:25:14,979:INFO:Epoch: 21600/40000 | Train Loss: 2.926e-02 | Dynamic Loss: 2.926e-02 | Regularization Loss: 0.000e+00 | Val Loss: 3.367e-02 | Time: 7.30s
2025-08-21 04:25:21,834:INFO:Epoch: 21650/40000 | Train Loss: 3.702e-02 | Dynamic Loss: 3.702e-02 | Regularization Loss: 0.000e+00 | Val Loss: 5.669e-02 | Time: 6.76s
2025-08-21 04:25:28,681:INFO:Epoch: 21700/40000 | Train Loss: 2.170e-02 | Dynamic Loss: 2.170e-02 | Regularization Loss: 0.000e+00 | Val Loss: 3.067e-02 | Time: 6.75s
2025-08-21 04:25:28,681:INFO:New best model found at epoch 21700 with validation loss 3.067e-02. Saving...
2025-08-21 04:25:35,500:INFO:Epoch: 21750/40000 | Train Loss: 3.047e-02 | Dynamic Loss: 3.047e-02 | Regularization Loss: 0.000e+00 | Val Loss: 3.779e-02 | Time: 6.57s
2025-08-21 04:25:42,254:INFO:Epoch: 21800/40000 | Train Loss: 4.151e-02 | Dynamic Loss: 4.151e-02 | Regularization Loss: 0.000e+00 | Val Loss: 4.432e-02 | Time: 6.65s
2025-08-21 04:25:48,980:INFO:Epoch: 21850/40000 | Train Loss: 2.510e-02 | Dynamic Loss: 2.510e-02 | Regularization Loss: 0.000e+00 | Val Loss: 3.416e-02 | Time: 6.63s
2025-08-21 04:25:55,720:INFO:Epoch: 21900/40000 | Train Loss: 2.407e-02 | Dynamic Loss: 2.407e-02 | Regularization Loss: 0.000e+00 | Val Loss: 3.115e-02 | Time: 6.64s
2025-08-21 04:26:02,684:INFO:Epoch: 21950/40000 | Train Loss: 3.285e-02 | Dynamic Loss: 3.285e-02 | Regularization Loss: 0.000e+00 | Val Loss: 4.794e-02 | Time: 6.73s
2025-08-21 04:26:09,436:INFO:Epoch: 22000/40000 | Train Loss: 3.035e-02 | Dynamic Loss: 3.035e-02 | Regularization Loss: 0.000e+00 | Val Loss: 4.621e-02 | Time: 6.65s
2025-08-21 04:26:16,244:INFO:Epoch: 22050/40000 | Train Loss: 2.452e-02 | Dynamic Loss: 2.452e-02 | Regularization Loss: 0.000e+00 | Val Loss: 3.163e-02 | Time: 6.70s
2025-08-21 04:26:23,016:INFO:Epoch: 22100/40000 | Train Loss: 2.777e-02 | Dynamic Loss: 2.777e-02 | Regularization Loss: 0.000e+00 | Val Loss: 3.291e-02 | Time: 6.67s
2025-08-21 04:26:37,575:INFO:Epoch: 22150/40000 | Train Loss: 5.386e-02 | Dynamic Loss: 5.386e-02 | Regularization Loss: 0.000e+00 | Val Loss: 7.609e-02 | Time: 14.46s
2025-08-21 04:26:44,354:INFO:Epoch: 22200/40000 | Train Loss: 3.558e-02 | Dynamic Loss: 3.558e-02 | Regularization Loss: 0.000e+00 | Val Loss: 4.216e-02 | Time: 6.67s
2025-08-21 04:26:51,083:INFO:Epoch: 22250/40000 | Train Loss: 2.022e-02 | Dynamic Loss: 2.022e-02 | Regularization Loss: 0.000e+00 | Val Loss: 2.976e-02 | Time: 6.63s
2025-08-21 04:26:51,083:INFO:New best model found at epoch 22250 with validation loss 2.976e-02. Saving...
2025-08-21 04:26:57,933:INFO:Epoch: 22300/40000 | Train Loss: 4.510e-02 | Dynamic Loss: 4.510e-02 | Regularization Loss: 0.000e+00 | Val Loss: 3.954e-02 | Time: 6.73s
2025-08-21 04:27:13,737:INFO:Epoch: 22350/40000 | Train Loss: 3.743e-02 | Dynamic Loss: 3.743e-02 | Regularization Loss: 0.000e+00 | Val Loss: 4.221e-02 | Time: 15.71s
2025-08-21 04:27:20,754:INFO:Epoch: 22400/40000 | Train Loss: 2.124e-02 | Dynamic Loss: 2.124e-02 | Regularization Loss: 0.000e+00 | Val Loss: 2.949e-02 | Time: 6.92s
2025-08-21 04:27:20,754:INFO:New best model found at epoch 22400 with validation loss 2.949e-02. Saving...
2025-08-21 04:27:27,603:INFO:Epoch: 22450/40000 | Train Loss: 3.472e-02 | Dynamic Loss: 3.472e-02 | Regularization Loss: 0.000e+00 | Val Loss: 4.290e-02 | Time: 6.72s
2025-08-21 04:27:34,355:INFO:Epoch: 22500/40000 | Train Loss: 3.452e-02 | Dynamic Loss: 3.452e-02 | Regularization Loss: 0.000e+00 | Val Loss: 3.569e-02 | Time: 6.65s
2025-08-21 04:27:50,053:INFO:Epoch: 22550/40000 | Train Loss: 2.109e-02 | Dynamic Loss: 2.109e-02 | Regularization Loss: 0.000e+00 | Val Loss: 3.224e-02 | Time: 15.60s
2025-08-21 04:27:56,940:INFO:Epoch: 22600/40000 | Train Loss: 8.168e-02 | Dynamic Loss: 8.168e-02 | Regularization Loss: 0.000e+00 | Val Loss: 1.386e-01 | Time: 6.79s
2025-08-21 04:28:03,692:INFO:Epoch: 22650/40000 | Train Loss: 3.006e-02 | Dynamic Loss: 3.006e-02 | Regularization Loss: 0.000e+00 | Val Loss: 3.189e-02 | Time: 6.65s
2025-08-21 04:28:10,469:INFO:Epoch: 22700/40000 | Train Loss: 1.942e-02 | Dynamic Loss: 1.942e-02 | Regularization Loss: 0.000e+00 | Val Loss: 2.821e-02 | Time: 6.53s
2025-08-21 04:28:10,469:INFO:New best model found at epoch 22700 with validation loss 2.821e-02. Saving...
2025-08-21 04:28:17,237:INFO:Epoch: 22750/40000 | Train Loss: 3.727e-02 | Dynamic Loss: 3.727e-02 | Regularization Loss: 0.000e+00 | Val Loss: 5.662e-02 | Time: 6.65s
2025-08-21 04:28:24,153:INFO:Epoch: 22800/40000 | Train Loss: 5.681e-02 | Dynamic Loss: 5.681e-02 | Regularization Loss: 0.000e+00 | Val Loss: 3.715e-02 | Time: 6.82s
2025-08-21 04:28:30,914:INFO:Epoch: 22850/40000 | Train Loss: 3.090e-02 | Dynamic Loss: 3.090e-02 | Regularization Loss: 0.000e+00 | Val Loss: 3.675e-02 | Time: 6.66s
2025-08-21 04:28:37,866:INFO:Epoch: 22900/40000 | Train Loss: 3.398e-02 | Dynamic Loss: 3.398e-02 | Regularization Loss: 0.000e+00 | Val Loss: 3.770e-02 | Time: 6.72s
2025-08-21 04:28:44,668:INFO:Epoch: 22950/40000 | Train Loss: 5.971e-02 | Dynamic Loss: 5.971e-02 | Regularization Loss: 0.000e+00 | Val Loss: 3.934e-02 | Time: 6.70s
2025-08-21 04:28:51,550:INFO:Epoch: 23000/40000 | Train Loss: 2.734e-02 | Dynamic Loss: 2.734e-02 | Regularization Loss: 0.000e+00 | Val Loss: 3.166e-02 | Time: 6.78s
2025-08-21 04:28:58,392:INFO:Epoch: 23050/40000 | Train Loss: 2.594e-02 | Dynamic Loss: 2.594e-02 | Regularization Loss: 0.000e+00 | Val Loss: 3.620e-02 | Time: 6.74s
2025-08-21 04:29:12,884:INFO:Epoch: 23100/40000 | Train Loss: 2.512e-02 | Dynamic Loss: 2.512e-02 | Regularization Loss: 0.000e+00 | Val Loss: 3.326e-02 | Time: 14.39s
2025-08-21 04:29:19,710:INFO:Epoch: 23150/40000 | Train Loss: 2.896e-02 | Dynamic Loss: 2.896e-02 | Regularization Loss: 0.000e+00 | Val Loss: 4.052e-02 | Time: 6.72s
2025-08-21 04:29:26,414:INFO:Epoch: 23200/40000 | Train Loss: 3.245e-02 | Dynamic Loss: 3.245e-02 | Regularization Loss: 0.000e+00 | Val Loss: 3.488e-02 | Time: 6.60s
2025-08-21 04:29:33,118:INFO:Epoch: 23250/40000 | Train Loss: 2.882e-02 | Dynamic Loss: 2.882e-02 | Regularization Loss: 0.000e+00 | Val Loss: 4.086e-02 | Time: 6.61s
2025-08-21 04:29:40,858:INFO:Epoch: 23300/40000 | Train Loss: 3.438e-02 | Dynamic Loss: 3.438e-02 | Regularization Loss: 0.000e+00 | Val Loss: 3.729e-02 | Time: 7.64s
2025-08-21 04:29:47,719:INFO:Epoch: 23350/40000 | Train Loss: 2.851e-02 | Dynamic Loss: 2.851e-02 | Regularization Loss: 0.000e+00 | Val Loss: 3.336e-02 | Time: 6.76s
2025-08-21 04:29:54,547:INFO:Epoch: 23400/40000 | Train Loss: 2.950e-02 | Dynamic Loss: 2.950e-02 | Regularization Loss: 0.000e+00 | Val Loss: 3.655e-02 | Time: 6.73s
2025-08-21 04:30:01,528:INFO:Epoch: 23450/40000 | Train Loss: 2.197e-02 | Dynamic Loss: 2.197e-02 | Regularization Loss: 0.000e+00 | Val Loss: 3.136e-02 | Time: 6.66s
2025-08-21 04:30:08,359:INFO:Epoch: 23500/40000 | Train Loss: 2.339e-02 | Dynamic Loss: 2.339e-02 | Regularization Loss: 0.000e+00 | Val Loss: 3.391e-02 | Time: 6.73s
2025-08-21 04:30:15,148:INFO:Epoch: 23550/40000 | Train Loss: 3.619e-02 | Dynamic Loss: 3.619e-02 | Regularization Loss: 0.000e+00 | Val Loss: 5.442e-02 | Time: 6.68s
2025-08-21 04:30:21,960:INFO:Epoch: 23600/40000 | Train Loss: 2.256e-02 | Dynamic Loss: 2.256e-02 | Regularization Loss: 0.000e+00 | Val Loss: 2.854e-02 | Time: 6.71s
2025-08-21 04:30:28,957:INFO:Epoch: 23650/40000 | Train Loss: 4.303e-02 | Dynamic Loss: 4.303e-02 | Regularization Loss: 0.000e+00 | Val Loss: 3.820e-02 | Time: 6.75s
2025-08-21 04:30:35,757:INFO:Epoch: 23700/40000 | Train Loss: 2.180e-02 | Dynamic Loss: 2.180e-02 | Regularization Loss: 0.000e+00 | Val Loss: 2.687e-02 | Time: 6.70s
2025-08-21 04:30:35,757:INFO:New best model found at epoch 23700 with validation loss 2.687e-02. Saving...
2025-08-21 04:30:42,772:INFO:Epoch: 23750/40000 | Train Loss: 2.061e-02 | Dynamic Loss: 2.061e-02 | Regularization Loss: 0.000e+00 | Val Loss: 2.984e-02 | Time: 6.86s
2025-08-21 04:30:49,602:INFO:Epoch: 23800/40000 | Train Loss: 2.041e-02 | Dynamic Loss: 2.041e-02 | Regularization Loss: 0.000e+00 | Val Loss: 3.397e-02 | Time: 6.73s
2025-08-21 04:31:04,091:INFO:Epoch: 23850/40000 | Train Loss: 2.301e-02 | Dynamic Loss: 2.301e-02 | Regularization Loss: 0.000e+00 | Val Loss: 3.153e-02 | Time: 14.38s
2025-08-21 04:31:11,050:INFO:Epoch: 23900/40000 | Train Loss: 1.993e-02 | Dynamic Loss: 1.993e-02 | Regularization Loss: 0.000e+00 | Val Loss: 2.835e-02 | Time: 6.85s
2025-08-21 04:31:17,872:INFO:Epoch: 23950/40000 | Train Loss: 5.296e-02 | Dynamic Loss: 5.296e-02 | Regularization Loss: 0.000e+00 | Val Loss: 4.159e-02 | Time: 6.71s
2025-08-21 04:31:24,620:INFO:Epoch: 24000/40000 | Train Loss: 2.478e-02 | Dynamic Loss: 2.478e-02 | Regularization Loss: 0.000e+00 | Val Loss: 4.173e-02 | Time: 6.65s
2025-08-21 04:31:31,592:INFO:Epoch: 24050/40000 | Train Loss: 1.980e-02 | Dynamic Loss: 1.980e-02 | Regularization Loss: 0.000e+00 | Val Loss: 3.108e-02 | Time: 6.87s
2025-08-21 04:31:38,472:INFO:Epoch: 24100/40000 | Train Loss: 2.686e-02 | Dynamic Loss: 2.686e-02 | Regularization Loss: 0.000e+00 | Val Loss: 3.635e-02 | Time: 6.77s
2025-08-21 04:31:45,331:INFO:Epoch: 24150/40000 | Train Loss: 2.561e-02 | Dynamic Loss: 2.561e-02 | Regularization Loss: 0.000e+00 | Val Loss: 3.146e-02 | Time: 6.75s
2025-08-21 04:31:52,207:INFO:Epoch: 24200/40000 | Train Loss: 2.474e-02 | Dynamic Loss: 2.474e-02 | Regularization Loss: 0.000e+00 | Val Loss: 3.133e-02 | Time: 6.62s
2025-08-21 04:31:58,987:INFO:Epoch: 24250/40000 | Train Loss: 2.345e-02 | Dynamic Loss: 2.345e-02 | Regularization Loss: 0.000e+00 | Val Loss: 3.613e-02 | Time: 6.68s
2025-08-21 04:32:05,739:INFO:Epoch: 24300/40000 | Train Loss: 2.865e-02 | Dynamic Loss: 2.865e-02 | Regularization Loss: 0.000e+00 | Val Loss: 3.378e-02 | Time: 6.65s
2025-08-21 04:32:12,429:INFO:Epoch: 24350/40000 | Train Loss: 2.801e-02 | Dynamic Loss: 2.801e-02 | Regularization Loss: 0.000e+00 | Val Loss: 3.569e-02 | Time: 6.58s
2025-08-21 04:32:19,306:INFO:Epoch: 24400/40000 | Train Loss: 2.333e-02 | Dynamic Loss: 2.333e-02 | Regularization Loss: 0.000e+00 | Val Loss: 3.542e-02 | Time: 6.77s
2025-08-21 04:32:26,289:INFO:Epoch: 24450/40000 | Train Loss: 1.961e-02 | Dynamic Loss: 1.961e-02 | Regularization Loss: 0.000e+00 | Val Loss: 2.845e-02 | Time: 6.88s
2025-08-21 04:32:33,174:INFO:Epoch: 24500/40000 | Train Loss: 2.449e-02 | Dynamic Loss: 2.449e-02 | Regularization Loss: 0.000e+00 | Val Loss: 2.926e-02 | Time: 6.78s
2025-08-21 04:32:40,048:INFO:Epoch: 24550/40000 | Train Loss: 1.883e-02 | Dynamic Loss: 1.883e-02 | Regularization Loss: 0.000e+00 | Val Loss: 2.996e-02 | Time: 6.77s
2025-08-21 04:32:46,949:INFO:Epoch: 24600/40000 | Train Loss: 2.124e-02 | Dynamic Loss: 2.124e-02 | Regularization Loss: 0.000e+00 | Val Loss: 2.817e-02 | Time: 6.79s
2025-08-21 04:32:53,718:INFO:Epoch: 24650/40000 | Train Loss: 1.962e-02 | Dynamic Loss: 1.962e-02 | Regularization Loss: 0.000e+00 | Val Loss: 2.655e-02 | Time: 6.66s
2025-08-21 04:32:53,718:INFO:New best model found at epoch 24650 with validation loss 2.655e-02. Saving...
2025-08-21 04:33:00,519:INFO:Epoch: 24700/40000 | Train Loss: 2.238e-02 | Dynamic Loss: 2.238e-02 | Regularization Loss: 0.000e+00 | Val Loss: 3.923e-02 | Time: 6.68s
2025-08-21 04:33:07,410:INFO:Epoch: 24750/40000 | Train Loss: 2.123e-02 | Dynamic Loss: 2.123e-02 | Regularization Loss: 0.000e+00 | Val Loss: 2.891e-02 | Time: 6.66s
2025-08-21 04:33:14,258:INFO:Epoch: 24800/40000 | Train Loss: 1.805e-02 | Dynamic Loss: 1.805e-02 | Regularization Loss: 0.000e+00 | Val Loss: 2.608e-02 | Time: 6.74s
2025-08-21 04:33:14,258:INFO:New best model found at epoch 24800 with validation loss 2.608e-02. Saving...
2025-08-21 04:33:21,086:INFO:Epoch: 24850/40000 | Train Loss: 2.145e-02 | Dynamic Loss: 2.145e-02 | Regularization Loss: 0.000e+00 | Val Loss: 2.862e-02 | Time: 6.71s
2025-08-21 04:33:27,794:INFO:Epoch: 24900/40000 | Train Loss: 2.522e-02 | Dynamic Loss: 2.522e-02 | Regularization Loss: 0.000e+00 | Val Loss: 3.618e-02 | Time: 6.61s
2025-08-21 04:33:34,803:INFO:Epoch: 24950/40000 | Train Loss: 3.602e-02 | Dynamic Loss: 3.602e-02 | Regularization Loss: 0.000e+00 | Val Loss: 2.952e-02 | Time: 6.77s
2025-08-21 04:33:41,684:INFO:Epoch: 25000/40000 | Train Loss: 1.910e-02 | Dynamic Loss: 1.910e-02 | Regularization Loss: 0.000e+00 | Val Loss: 2.881e-02 | Time: 6.78s
2025-08-21 04:33:48,521:INFO:Epoch: 25050/40000 | Train Loss: 1.734e-02 | Dynamic Loss: 1.734e-02 | Regularization Loss: 0.000e+00 | Val Loss: 2.560e-02 | Time: 6.74s
2025-08-21 04:33:48,521:INFO:New best model found at epoch 25050 with validation loss 2.560e-02. Saving...
2025-08-21 04:33:55,495:INFO:Epoch: 25100/40000 | Train Loss: 2.590e-02 | Dynamic Loss: 2.590e-02 | Regularization Loss: 0.000e+00 | Val Loss: 2.750e-02 | Time: 6.84s
2025-08-21 04:34:10,310:INFO:Epoch: 25150/40000 | Train Loss: 1.742e-02 | Dynamic Loss: 1.742e-02 | Regularization Loss: 0.000e+00 | Val Loss: 2.453e-02 | Time: 14.71s
2025-08-21 04:34:10,310:INFO:New best model found at epoch 25150 with validation loss 2.453e-02. Saving...
2025-08-21 04:34:17,139:INFO:Epoch: 25200/40000 | Train Loss: 1.617e-02 | Dynamic Loss: 1.617e-02 | Regularization Loss: 0.000e+00 | Val Loss: 2.336e-02 | Time: 6.71s
2025-08-21 04:34:17,139:INFO:New best model found at epoch 25200 with validation loss 2.336e-02. Saving...
2025-08-21 04:34:23,912:INFO:Epoch: 25250/40000 | Train Loss: 3.105e-02 | Dynamic Loss: 3.105e-02 | Regularization Loss: 0.000e+00 | Val Loss: 3.491e-02 | Time: 6.65s
2025-08-21 04:34:30,595:INFO:Epoch: 25300/40000 | Train Loss: 2.029e-02 | Dynamic Loss: 2.029e-02 | Regularization Loss: 0.000e+00 | Val Loss: 2.882e-02 | Time: 6.58s
2025-08-21 04:34:45,488:INFO:Epoch: 25350/40000 | Train Loss: 1.915e-02 | Dynamic Loss: 1.915e-02 | Regularization Loss: 0.000e+00 | Val Loss: 2.629e-02 | Time: 14.79s
2025-08-21 04:34:52,394:INFO:Epoch: 25400/40000 | Train Loss: 1.698e-02 | Dynamic Loss: 1.698e-02 | Regularization Loss: 0.000e+00 | Val Loss: 2.445e-02 | Time: 6.80s
2025-08-21 04:34:59,300:INFO:Epoch: 25450/40000 | Train Loss: 2.077e-02 | Dynamic Loss: 2.077e-02 | Regularization Loss: 0.000e+00 | Val Loss: 2.776e-02 | Time: 6.80s
2025-08-21 04:35:06,253:INFO:Epoch: 25500/40000 | Train Loss: 1.664e-02 | Dynamic Loss: 1.664e-02 | Regularization Loss: 0.000e+00 | Val Loss: 2.624e-02 | Time: 6.84s
2025-08-21 04:35:13,139:INFO:Epoch: 25550/40000 | Train Loss: 1.593e-02 | Dynamic Loss: 1.593e-02 | Regularization Loss: 0.000e+00 | Val Loss: 2.484e-02 | Time: 6.77s
2025-08-21 04:35:19,976:INFO:Epoch: 25600/40000 | Train Loss: 2.168e-02 | Dynamic Loss: 2.168e-02 | Regularization Loss: 0.000e+00 | Val Loss: 3.175e-02 | Time: 6.73s
2025-08-21 04:35:26,747:INFO:Epoch: 25650/40000 | Train Loss: 2.220e-02 | Dynamic Loss: 2.220e-02 | Regularization Loss: 0.000e+00 | Val Loss: 2.526e-02 | Time: 6.66s
2025-08-21 04:35:41,348:INFO:Epoch: 25700/40000 | Train Loss: 2.675e-02 | Dynamic Loss: 2.675e-02 | Regularization Loss: 0.000e+00 | Val Loss: 5.162e-02 | Time: 14.50s
2025-08-21 04:35:48,142:INFO:Epoch: 25750/40000 | Train Loss: 4.747e-02 | Dynamic Loss: 4.747e-02 | Regularization Loss: 0.000e+00 | Val Loss: 5.639e-02 | Time: 6.69s
2025-08-21 04:35:54,889:INFO:Epoch: 25800/40000 | Train Loss: 3.576e-02 | Dynamic Loss: 3.576e-02 | Regularization Loss: 0.000e+00 | Val Loss: 4.306e-02 | Time: 6.65s
2025-08-21 04:36:01,744:INFO:Epoch: 25850/40000 | Train Loss: 3.266e-02 | Dynamic Loss: 3.266e-02 | Regularization Loss: 0.000e+00 | Val Loss: 3.899e-02 | Time: 6.75s
2025-08-21 04:36:17,676:INFO:Epoch: 25900/40000 | Train Loss: 1.583e-02 | Dynamic Loss: 1.583e-02 | Regularization Loss: 0.000e+00 | Val Loss: 2.408e-02 | Time: 15.83s
2025-08-21 04:36:24,614:INFO:Epoch: 25950/40000 | Train Loss: 1.739e-02 | Dynamic Loss: 1.739e-02 | Regularization Loss: 0.000e+00 | Val Loss: 2.637e-02 | Time: 6.83s
2025-08-21 04:36:31,429:INFO:Epoch: 26000/40000 | Train Loss: 2.566e-02 | Dynamic Loss: 2.566e-02 | Regularization Loss: 0.000e+00 | Val Loss: 3.940e-02 | Time: 6.71s
2025-08-21 04:36:38,137:INFO:Epoch: 26050/40000 | Train Loss: 2.451e-02 | Dynamic Loss: 2.451e-02 | Regularization Loss: 0.000e+00 | Val Loss: 3.395e-02 | Time: 6.60s
2025-08-21 04:36:53,575:INFO:Epoch: 26100/40000 | Train Loss: 2.309e-02 | Dynamic Loss: 2.309e-02 | Regularization Loss: 0.000e+00 | Val Loss: 3.187e-02 | Time: 15.33s
2025-08-21 04:37:00,320:INFO:Epoch: 26150/40000 | Train Loss: 2.097e-02 | Dynamic Loss: 2.097e-02 | Regularization Loss: 0.000e+00 | Val Loss: 2.406e-02 | Time: 6.64s
2025-08-21 04:37:07,136:INFO:Epoch: 26200/40000 | Train Loss: 1.864e-02 | Dynamic Loss: 1.864e-02 | Regularization Loss: 0.000e+00 | Val Loss: 2.529e-02 | Time: 6.72s
2025-08-21 04:37:14,201:INFO:Epoch: 26250/40000 | Train Loss: 1.478e-02 | Dynamic Loss: 1.478e-02 | Regularization Loss: 0.000e+00 | Val Loss: 2.254e-02 | Time: 6.82s
2025-08-21 04:37:14,201:INFO:New best model found at epoch 26250 with validation loss 2.254e-02. Saving...
2025-08-21 04:37:21,003:INFO:Epoch: 26300/40000 | Train Loss: 3.452e-02 | Dynamic Loss: 3.452e-02 | Regularization Loss: 0.000e+00 | Val Loss: 5.661e-02 | Time: 6.68s
2025-08-21 04:37:27,851:INFO:Epoch: 26350/40000 | Train Loss: 1.946e-02 | Dynamic Loss: 1.946e-02 | Regularization Loss: 0.000e+00 | Val Loss: 2.890e-02 | Time: 6.74s
2025-08-21 04:37:34,617:INFO:Epoch: 26400/40000 | Train Loss: 3.047e-02 | Dynamic Loss: 3.047e-02 | Regularization Loss: 0.000e+00 | Val Loss: 5.776e-02 | Time: 6.66s
2025-08-21 04:37:49,076:INFO:Epoch: 26450/40000 | Train Loss: 1.874e-02 | Dynamic Loss: 1.874e-02 | Regularization Loss: 0.000e+00 | Val Loss: 2.551e-02 | Time: 14.36s
2025-08-21 04:37:55,824:INFO:Epoch: 26500/40000 | Train Loss: 2.135e-02 | Dynamic Loss: 2.135e-02 | Regularization Loss: 0.000e+00 | Val Loss: 2.581e-02 | Time: 6.64s
2025-08-21 04:38:02,570:INFO:Epoch: 26550/40000 | Train Loss: 2.950e-02 | Dynamic Loss: 2.950e-02 | Regularization Loss: 0.000e+00 | Val Loss: 3.161e-02 | Time: 6.63s
2025-08-21 04:38:09,421:INFO:Epoch: 26600/40000 | Train Loss: 1.768e-02 | Dynamic Loss: 1.768e-02 | Regularization Loss: 0.000e+00 | Val Loss: 2.633e-02 | Time: 6.74s
2025-08-21 04:38:16,160:INFO:Epoch: 26650/40000 | Train Loss: 1.910e-02 | Dynamic Loss: 1.910e-02 | Regularization Loss: 0.000e+00 | Val Loss: 2.640e-02 | Time: 6.64s
2025-08-21 04:38:22,911:INFO:Epoch: 26700/40000 | Train Loss: 4.097e-02 | Dynamic Loss: 4.097e-02 | Regularization Loss: 0.000e+00 | Val Loss: 4.320e-02 | Time: 6.64s
2025-08-21 04:38:29,762:INFO:Epoch: 26750/40000 | Train Loss: 2.816e-02 | Dynamic Loss: 2.816e-02 | Regularization Loss: 0.000e+00 | Val Loss: 5.044e-02 | Time: 6.74s
2025-08-21 04:38:36,713:INFO:Epoch: 26800/40000 | Train Loss: 5.776e-02 | Dynamic Loss: 5.776e-02 | Regularization Loss: 0.000e+00 | Val Loss: 7.026e-02 | Time: 6.84s
2025-08-21 04:38:43,449:INFO:Epoch: 26850/40000 | Train Loss: 1.536e-02 | Dynamic Loss: 1.536e-02 | Regularization Loss: 0.000e+00 | Val Loss: 2.254e-02 | Time: 6.63s
2025-08-21 04:38:50,278:INFO:Epoch: 26900/40000 | Train Loss: 1.958e-02 | Dynamic Loss: 1.958e-02 | Regularization Loss: 0.000e+00 | Val Loss: 3.516e-02 | Time: 6.73s
2025-08-21 04:38:56,923:INFO:Epoch: 26950/40000 | Train Loss: 1.738e-02 | Dynamic Loss: 1.738e-02 | Regularization Loss: 0.000e+00 | Val Loss: 2.418e-02 | Time: 6.53s
2025-08-21 04:39:11,404:INFO:Epoch: 27000/40000 | Train Loss: 1.826e-02 | Dynamic Loss: 1.826e-02 | Regularization Loss: 0.000e+00 | Val Loss: 3.013e-02 | Time: 14.37s
2025-08-21 04:39:18,204:INFO:Epoch: 27050/40000 | Train Loss: 2.079e-02 | Dynamic Loss: 2.079e-02 | Regularization Loss: 0.000e+00 | Val Loss: 2.752e-02 | Time: 6.70s
2025-08-21 04:39:24,884:INFO:Epoch: 27100/40000 | Train Loss: 2.327e-02 | Dynamic Loss: 2.327e-02 | Regularization Loss: 0.000e+00 | Val Loss: 2.814e-02 | Time: 6.58s
2025-08-21 04:39:31,730:INFO:Epoch: 27150/40000 | Train Loss: 1.801e-02 | Dynamic Loss: 1.801e-02 | Regularization Loss: 0.000e+00 | Val Loss: 2.619e-02 | Time: 6.74s
2025-08-21 04:39:47,243:INFO:Epoch: 27200/40000 | Train Loss: 2.948e-02 | Dynamic Loss: 2.948e-02 | Regularization Loss: 0.000e+00 | Val Loss: 3.170e-02 | Time: 15.41s
2025-08-21 04:39:54,044:INFO:Epoch: 27250/40000 | Train Loss: 2.982e-02 | Dynamic Loss: 2.982e-02 | Regularization Loss: 0.000e+00 | Val Loss: 3.727e-02 | Time: 6.70s
2025-08-21 04:40:00,861:INFO:Epoch: 27300/40000 | Train Loss: 1.507e-02 | Dynamic Loss: 1.507e-02 | Regularization Loss: 0.000e+00 | Val Loss: 2.359e-02 | Time: 6.71s
2025-08-21 04:40:07,555:INFO:Epoch: 27350/40000 | Train Loss: 1.713e-02 | Dynamic Loss: 1.713e-02 | Regularization Loss: 0.000e+00 | Val Loss: 2.389e-02 | Time: 6.58s
2025-08-21 04:40:23,156:INFO:Epoch: 27400/40000 | Train Loss: 1.836e-02 | Dynamic Loss: 1.836e-02 | Regularization Loss: 0.000e+00 | Val Loss: 3.231e-02 | Time: 15.50s
2025-08-21 04:40:29,865:INFO:Epoch: 27450/40000 | Train Loss: 1.937e-02 | Dynamic Loss: 1.937e-02 | Regularization Loss: 0.000e+00 | Val Loss: 2.939e-02 | Time: 6.60s
2025-08-21 04:40:36,688:INFO:Epoch: 27500/40000 | Train Loss: 1.638e-02 | Dynamic Loss: 1.638e-02 | Regularization Loss: 0.000e+00 | Val Loss: 2.556e-02 | Time: 6.72s
2025-08-21 04:40:43,603:INFO:Epoch: 27550/40000 | Train Loss: 2.748e-02 | Dynamic Loss: 2.748e-02 | Regularization Loss: 0.000e+00 | Val Loss: 3.633e-02 | Time: 6.67s
2025-08-21 04:40:50,408:INFO:Epoch: 27600/40000 | Train Loss: 1.480e-02 | Dynamic Loss: 1.480e-02 | Regularization Loss: 0.000e+00 | Val Loss: 2.451e-02 | Time: 6.70s
2025-08-21 04:40:57,224:INFO:Epoch: 27650/40000 | Train Loss: 2.007e-02 | Dynamic Loss: 2.007e-02 | Regularization Loss: 0.000e+00 | Val Loss: 2.895e-02 | Time: 6.71s
2025-08-21 04:41:03,993:INFO:Epoch: 27700/40000 | Train Loss: 1.364e-02 | Dynamic Loss: 1.364e-02 | Regularization Loss: 0.000e+00 | Val Loss: 2.100e-02 | Time: 6.66s
2025-08-21 04:41:03,993:INFO:New best model found at epoch 27700 with validation loss 2.100e-02. Saving...
2025-08-21 04:41:18,577:INFO:Epoch: 27750/40000 | Train Loss: 2.467e-02 | Dynamic Loss: 2.467e-02 | Regularization Loss: 0.000e+00 | Val Loss: 3.194e-02 | Time: 14.46s
2025-08-21 04:41:25,262:INFO:Epoch: 27800/40000 | Train Loss: 1.817e-02 | Dynamic Loss: 1.817e-02 | Regularization Loss: 0.000e+00 | Val Loss: 2.545e-02 | Time: 6.58s
2025-08-21 04:41:31,972:INFO:Epoch: 27850/40000 | Train Loss: 2.299e-02 | Dynamic Loss: 2.299e-02 | Regularization Loss: 0.000e+00 | Val Loss: 3.887e-02 | Time: 6.60s
2025-08-21 04:41:38,730:INFO:Epoch: 27900/40000 | Train Loss: 4.087e-02 | Dynamic Loss: 4.087e-02 | Regularization Loss: 0.000e+00 | Val Loss: 3.819e-02 | Time: 6.65s
2025-08-21 04:41:53,217:INFO:Epoch: 27950/40000 | Train Loss: 2.285e-02 | Dynamic Loss: 2.285e-02 | Regularization Loss: 0.000e+00 | Val Loss: 2.661e-02 | Time: 14.38s
2025-08-21 04:42:00,097:INFO:Epoch: 28000/40000 | Train Loss: 1.353e-02 | Dynamic Loss: 1.353e-02 | Regularization Loss: 0.000e+00 | Val Loss: 2.255e-02 | Time: 6.78s
2025-08-21 04:42:06,924:INFO:Epoch: 28050/40000 | Train Loss: 1.993e-02 | Dynamic Loss: 1.993e-02 | Regularization Loss: 0.000e+00 | Val Loss: 2.834e-02 | Time: 6.72s
2025-08-21 04:42:13,734:INFO:Epoch: 28100/40000 | Train Loss: 2.045e-02 | Dynamic Loss: 2.045e-02 | Regularization Loss: 0.000e+00 | Val Loss: 3.040e-02 | Time: 6.71s
2025-08-21 04:42:28,063:INFO:Epoch: 28150/40000 | Train Loss: 1.328e-02 | Dynamic Loss: 1.328e-02 | Regularization Loss: 0.000e+00 | Val Loss: 2.435e-02 | Time: 14.23s
2025-08-21 04:42:34,855:INFO:Epoch: 28200/40000 | Train Loss: 1.313e-02 | Dynamic Loss: 1.313e-02 | Regularization Loss: 0.000e+00 | Val Loss: 2.502e-02 | Time: 6.69s
2025-08-21 04:42:41,634:INFO:Epoch: 28250/40000 | Train Loss: 1.500e-02 | Dynamic Loss: 1.500e-02 | Regularization Loss: 0.000e+00 | Val Loss: 2.504e-02 | Time: 6.67s
2025-08-21 04:42:56,054:INFO:Epoch: 28300/40000 | Train Loss: 1.783e-02 | Dynamic Loss: 1.783e-02 | Regularization Loss: 0.000e+00 | Val Loss: 2.276e-02 | Time: 14.31s
2025-08-21 04:43:02,882:INFO:Epoch: 28350/40000 | Train Loss: 1.186e-02 | Dynamic Loss: 1.186e-02 | Regularization Loss: 0.000e+00 | Val Loss: 2.045e-02 | Time: 6.72s
2025-08-21 04:43:02,882:INFO:New best model found at epoch 28350 with validation loss 2.045e-02. Saving...
2025-08-21 04:43:09,608:INFO:Epoch: 28400/40000 | Train Loss: 1.594e-02 | Dynamic Loss: 1.594e-02 | Regularization Loss: 0.000e+00 | Val Loss: 2.464e-02 | Time: 6.60s
2025-08-21 04:43:16,426:INFO:Epoch: 28450/40000 | Train Loss: 1.572e-02 | Dynamic Loss: 1.572e-02 | Regularization Loss: 0.000e+00 | Val Loss: 2.390e-02 | Time: 6.59s
2025-08-21 04:43:23,247:INFO:Epoch: 28500/40000 | Train Loss: 1.284e-02 | Dynamic Loss: 1.284e-02 | Regularization Loss: 0.000e+00 | Val Loss: 2.145e-02 | Time: 6.72s
2025-08-21 04:43:29,931:INFO:Epoch: 28550/40000 | Train Loss: 1.354e-02 | Dynamic Loss: 1.354e-02 | Regularization Loss: 0.000e+00 | Val Loss: 2.188e-02 | Time: 6.58s
2025-08-21 04:43:36,695:INFO:Epoch: 28600/40000 | Train Loss: 1.512e-02 | Dynamic Loss: 1.512e-02 | Regularization Loss: 0.000e+00 | Val Loss: 2.423e-02 | Time: 6.65s
2025-08-21 04:43:51,499:INFO:Epoch: 28650/40000 | Train Loss: 1.548e-02 | Dynamic Loss: 1.548e-02 | Regularization Loss: 0.000e+00 | Val Loss: 2.624e-02 | Time: 14.68s
2025-08-21 04:43:58,344:INFO:Epoch: 28700/40000 | Train Loss: 1.191e-02 | Dynamic Loss: 1.191e-02 | Regularization Loss: 0.000e+00 | Val Loss: 2.189e-02 | Time: 6.74s
2025-08-21 04:44:05,229:INFO:Epoch: 28750/40000 | Train Loss: 1.258e-02 | Dynamic Loss: 1.258e-02 | Regularization Loss: 0.000e+00 | Val Loss: 2.187e-02 | Time: 6.78s
2025-08-21 04:44:12,104:INFO:Epoch: 28800/40000 | Train Loss: 1.316e-02 | Dynamic Loss: 1.316e-02 | Regularization Loss: 0.000e+00 | Val Loss: 2.209e-02 | Time: 6.64s
2025-08-21 04:44:18,939:INFO:Epoch: 28850/40000 | Train Loss: 2.118e-02 | Dynamic Loss: 2.118e-02 | Regularization Loss: 0.000e+00 | Val Loss: 2.594e-02 | Time: 6.72s
2025-08-21 04:44:25,862:INFO:Epoch: 28900/40000 | Train Loss: 1.550e-02 | Dynamic Loss: 1.550e-02 | Regularization Loss: 0.000e+00 | Val Loss: 2.291e-02 | Time: 6.81s
2025-08-21 04:44:32,691:INFO:Epoch: 28950/40000 | Train Loss: 2.694e-02 | Dynamic Loss: 2.694e-02 | Regularization Loss: 0.000e+00 | Val Loss: 3.587e-02 | Time: 6.72s
2025-08-21 04:44:39,728:INFO:Epoch: 29000/40000 | Train Loss: 1.275e-02 | Dynamic Loss: 1.275e-02 | Regularization Loss: 0.000e+00 | Val Loss: 2.150e-02 | Time: 6.93s
2025-08-21 04:44:46,688:INFO:Epoch: 29050/40000 | Train Loss: 3.754e-02 | Dynamic Loss: 3.754e-02 | Regularization Loss: 0.000e+00 | Val Loss: 6.694e-02 | Time: 6.85s
2025-08-21 04:44:53,468:INFO:Epoch: 29100/40000 | Train Loss: 1.486e-02 | Dynamic Loss: 1.486e-02 | Regularization Loss: 0.000e+00 | Val Loss: 2.099e-02 | Time: 6.67s
2025-08-21 04:45:00,203:INFO:Epoch: 29150/40000 | Train Loss: 1.305e-02 | Dynamic Loss: 1.305e-02 | Regularization Loss: 0.000e+00 | Val Loss: 2.018e-02 | Time: 6.63s
2025-08-21 04:45:00,203:INFO:New best model found at epoch 29150 with validation loss 2.018e-02. Saving...
2025-08-21 04:45:14,777:INFO:Epoch: 29200/40000 | Train Loss: 2.890e-02 | Dynamic Loss: 2.890e-02 | Regularization Loss: 0.000e+00 | Val Loss: 3.501e-02 | Time: 14.45s
2025-08-21 04:45:21,653:INFO:Epoch: 29250/40000 | Train Loss: 2.357e-02 | Dynamic Loss: 2.357e-02 | Regularization Loss: 0.000e+00 | Val Loss: 3.372e-02 | Time: 6.76s
2025-08-21 04:45:28,433:INFO:Epoch: 29300/40000 | Train Loss: 1.256e-02 | Dynamic Loss: 1.256e-02 | Regularization Loss: 0.000e+00 | Val Loss: 2.106e-02 | Time: 6.67s
2025-08-21 04:45:35,230:INFO:Epoch: 29350/40000 | Train Loss: 2.115e-02 | Dynamic Loss: 2.115e-02 | Regularization Loss: 0.000e+00 | Val Loss: 2.466e-02 | Time: 6.55s
2025-08-21 04:45:42,013:INFO:Epoch: 29400/40000 | Train Loss: 2.487e-02 | Dynamic Loss: 2.487e-02 | Regularization Loss: 0.000e+00 | Val Loss: 2.926e-02 | Time: 6.67s
2025-08-21 04:45:48,856:INFO:Epoch: 29450/40000 | Train Loss: 2.034e-02 | Dynamic Loss: 2.034e-02 | Regularization Loss: 0.000e+00 | Val Loss: 2.692e-02 | Time: 6.74s
2025-08-21 04:45:55,692:INFO:Epoch: 29500/40000 | Train Loss: 1.191e-02 | Dynamic Loss: 1.191e-02 | Regularization Loss: 0.000e+00 | Val Loss: 2.207e-02 | Time: 6.73s
2025-08-21 04:46:02,524:INFO:Epoch: 29550/40000 | Train Loss: 1.280e-02 | Dynamic Loss: 1.280e-02 | Regularization Loss: 0.000e+00 | Val Loss: 2.211e-02 | Time: 6.73s
2025-08-21 04:46:09,251:INFO:Epoch: 29600/40000 | Train Loss: 1.846e-02 | Dynamic Loss: 1.846e-02 | Regularization Loss: 0.000e+00 | Val Loss: 2.491e-02 | Time: 6.62s
2025-08-21 04:46:16,125:INFO:Epoch: 29650/40000 | Train Loss: 2.032e-02 | Dynamic Loss: 2.032e-02 | Regularization Loss: 0.000e+00 | Val Loss: 3.503e-02 | Time: 6.77s
2025-08-21 04:46:22,954:INFO:Epoch: 29700/40000 | Train Loss: 1.301e-02 | Dynamic Loss: 1.301e-02 | Regularization Loss: 0.000e+00 | Val Loss: 2.037e-02 | Time: 6.73s
2025-08-21 04:46:37,489:INFO:Epoch: 29750/40000 | Train Loss: 4.063e-02 | Dynamic Loss: 4.063e-02 | Regularization Loss: 0.000e+00 | Val Loss: 3.177e-02 | Time: 14.43s
2025-08-21 04:46:44,283:INFO:Epoch: 29800/40000 | Train Loss: 1.327e-02 | Dynamic Loss: 1.327e-02 | Regularization Loss: 0.000e+00 | Val Loss: 2.198e-02 | Time: 6.69s
2025-08-21 04:46:50,997:INFO:Epoch: 29850/40000 | Train Loss: 1.430e-02 | Dynamic Loss: 1.430e-02 | Regularization Loss: 0.000e+00 | Val Loss: 2.289e-02 | Time: 6.61s
2025-08-21 04:46:57,912:INFO:Epoch: 29900/40000 | Train Loss: 3.094e-02 | Dynamic Loss: 3.094e-02 | Regularization Loss: 0.000e+00 | Val Loss: 2.541e-02 | Time: 6.81s
2025-08-21 04:47:04,640:INFO:Epoch: 29950/40000 | Train Loss: 1.600e-02 | Dynamic Loss: 1.600e-02 | Regularization Loss: 0.000e+00 | Val Loss: 2.733e-02 | Time: 6.62s
2025-08-21 04:47:11,256:INFO:Epoch: 30000/40000 | Train Loss: 1.423e-02 | Dynamic Loss: 1.423e-02 | Regularization Loss: 0.000e+00 | Val Loss: 2.206e-02 | Time: 6.51s
2025-08-21 04:47:18,531:INFO:Epoch: 30050/40000 | Train Loss: 1.540e-02 | Dynamic Loss: 1.540e-02 | Regularization Loss: 0.000e+00 | Val Loss: 2.493e-02 | Time: 7.03s
2025-08-21 04:47:25,301:INFO:Epoch: 30100/40000 | Train Loss: 1.116e-02 | Dynamic Loss: 1.116e-02 | Regularization Loss: 0.000e+00 | Val Loss: 1.992e-02 | Time: 6.67s
2025-08-21 04:47:25,301:INFO:New best model found at epoch 30100 with validation loss 1.992e-02. Saving...
2025-08-21 04:47:32,056:INFO:Epoch: 30150/40000 | Train Loss: 1.378e-02 | Dynamic Loss: 1.378e-02 | Regularization Loss: 0.000e+00 | Val Loss: 2.411e-02 | Time: 6.63s
2025-08-21 04:47:38,696:INFO:Epoch: 30200/40000 | Train Loss: 1.263e-02 | Dynamic Loss: 1.263e-02 | Regularization Loss: 0.000e+00 | Val Loss: 2.110e-02 | Time: 6.54s
2025-08-21 04:47:53,456:INFO:Epoch: 30250/40000 | Train Loss: 1.213e-02 | Dynamic Loss: 1.213e-02 | Regularization Loss: 0.000e+00 | Val Loss: 2.070e-02 | Time: 14.65s
2025-08-21 04:48:00,364:INFO:Epoch: 30300/40000 | Train Loss: 1.183e-02 | Dynamic Loss: 1.183e-02 | Regularization Loss: 0.000e+00 | Val Loss: 1.986e-02 | Time: 6.80s
2025-08-21 04:48:00,364:INFO:New best model found at epoch 30300 with validation loss 1.986e-02. Saving...
2025-08-21 04:48:07,317:INFO:Epoch: 30350/40000 | Train Loss: 2.951e-02 | Dynamic Loss: 2.951e-02 | Regularization Loss: 0.000e+00 | Val Loss: 3.089e-02 | Time: 6.82s
2025-08-21 04:48:14,164:INFO:Epoch: 30400/40000 | Train Loss: 1.540e-02 | Dynamic Loss: 1.540e-02 | Regularization Loss: 0.000e+00 | Val Loss: 2.020e-02 | Time: 6.61s
2025-08-21 04:48:21,002:INFO:Epoch: 30450/40000 | Train Loss: 2.118e-02 | Dynamic Loss: 2.118e-02 | Regularization Loss: 0.000e+00 | Val Loss: 2.445e-02 | Time: 6.73s
2025-08-21 04:48:27,788:INFO:Epoch: 30500/40000 | Train Loss: 1.583e-02 | Dynamic Loss: 1.583e-02 | Regularization Loss: 0.000e+00 | Val Loss: 2.089e-02 | Time: 6.68s
2025-08-21 04:48:34,675:INFO:Epoch: 30550/40000 | Train Loss: 1.347e-02 | Dynamic Loss: 1.347e-02 | Regularization Loss: 0.000e+00 | Val Loss: 2.076e-02 | Time: 6.78s
2025-08-21 04:48:41,644:INFO:Epoch: 30600/40000 | Train Loss: 1.474e-02 | Dynamic Loss: 1.474e-02 | Regularization Loss: 0.000e+00 | Val Loss: 2.299e-02 | Time: 6.86s
2025-08-21 04:48:48,358:INFO:Epoch: 30650/40000 | Train Loss: 6.160e-02 | Dynamic Loss: 6.160e-02 | Regularization Loss: 0.000e+00 | Val Loss: 6.688e-02 | Time: 6.61s
2025-08-21 04:48:55,143:INFO:Epoch: 30700/40000 | Train Loss: 1.152e-02 | Dynamic Loss: 1.152e-02 | Regularization Loss: 0.000e+00 | Val Loss: 2.155e-02 | Time: 6.67s
2025-08-21 04:49:01,927:INFO:Epoch: 30750/40000 | Train Loss: 1.420e-02 | Dynamic Loss: 1.420e-02 | Regularization Loss: 0.000e+00 | Val Loss: 2.344e-02 | Time: 6.67s
2025-08-21 04:49:08,783:INFO:Epoch: 30800/40000 | Train Loss: 1.411e-02 | Dynamic Loss: 1.411e-02 | Regularization Loss: 0.000e+00 | Val Loss: 2.470e-02 | Time: 6.75s
2025-08-21 04:49:15,591:INFO:Epoch: 30850/40000 | Train Loss: 1.517e-02 | Dynamic Loss: 1.517e-02 | Regularization Loss: 0.000e+00 | Val Loss: 2.047e-02 | Time: 6.70s
2025-08-21 04:49:22,232:INFO:Epoch: 30900/40000 | Train Loss: 1.389e-02 | Dynamic Loss: 1.389e-02 | Regularization Loss: 0.000e+00 | Val Loss: 2.217e-02 | Time: 6.54s
2025-08-21 04:49:29,326:INFO:Epoch: 30950/40000 | Train Loss: 1.360e-02 | Dynamic Loss: 1.360e-02 | Regularization Loss: 0.000e+00 | Val Loss: 1.942e-02 | Time: 6.85s
2025-08-21 04:49:29,326:INFO:New best model found at epoch 30950 with validation loss 1.942e-02. Saving...
2025-08-21 04:49:36,119:INFO:Epoch: 31000/40000 | Train Loss: 1.285e-02 | Dynamic Loss: 1.285e-02 | Regularization Loss: 0.000e+00 | Val Loss: 2.116e-02 | Time: 6.67s
2025-08-21 04:49:43,006:INFO:Epoch: 31050/40000 | Train Loss: 1.406e-02 | Dynamic Loss: 1.406e-02 | Regularization Loss: 0.000e+00 | Val Loss: 2.413e-02 | Time: 6.78s
2025-08-21 04:49:49,875:INFO:Epoch: 31100/40000 | Train Loss: 1.623e-02 | Dynamic Loss: 1.623e-02 | Regularization Loss: 0.000e+00 | Val Loss: 2.532e-02 | Time: 6.76s
2025-08-21 04:50:04,803:INFO:Epoch: 31150/40000 | Train Loss: 1.545e-02 | Dynamic Loss: 1.545e-02 | Regularization Loss: 0.000e+00 | Val Loss: 2.090e-02 | Time: 14.82s
2025-08-21 04:50:11,654:INFO:Epoch: 31200/40000 | Train Loss: 1.615e-02 | Dynamic Loss: 1.615e-02 | Regularization Loss: 0.000e+00 | Val Loss: 2.796e-02 | Time: 6.75s
2025-08-21 04:50:18,510:INFO:Epoch: 31250/40000 | Train Loss: 1.287e-02 | Dynamic Loss: 1.287e-02 | Regularization Loss: 0.000e+00 | Val Loss: 2.100e-02 | Time: 6.75s
2025-08-21 04:50:25,365:INFO:Epoch: 31300/40000 | Train Loss: 1.526e-02 | Dynamic Loss: 1.526e-02 | Regularization Loss: 0.000e+00 | Val Loss: 2.702e-02 | Time: 6.75s
2025-08-21 04:50:40,227:INFO:Epoch: 31350/40000 | Train Loss: 1.000e-02 | Dynamic Loss: 1.000e-02 | Regularization Loss: 0.000e+00 | Val Loss: 2.282e-02 | Time: 14.75s
2025-08-21 04:50:46,975:INFO:Epoch: 31400/40000 | Train Loss: 1.763e-02 | Dynamic Loss: 1.763e-02 | Regularization Loss: 0.000e+00 | Val Loss: 3.071e-02 | Time: 6.64s
2025-08-21 04:50:53,695:INFO:Epoch: 31450/40000 | Train Loss: 1.209e-02 | Dynamic Loss: 1.209e-02 | Regularization Loss: 0.000e+00 | Val Loss: 2.406e-02 | Time: 6.61s
2025-08-21 04:51:00,544:INFO:Epoch: 31500/40000 | Train Loss: 1.118e-02 | Dynamic Loss: 1.118e-02 | Regularization Loss: 0.000e+00 | Val Loss: 2.192e-02 | Time: 6.74s
2025-08-21 04:51:07,363:INFO:Epoch: 31550/40000 | Train Loss: 1.204e-02 | Dynamic Loss: 1.204e-02 | Regularization Loss: 0.000e+00 | Val Loss: 2.009e-02 | Time: 6.71s
2025-08-21 04:51:14,220:INFO:Epoch: 31600/40000 | Train Loss: 2.332e-02 | Dynamic Loss: 2.332e-02 | Regularization Loss: 0.000e+00 | Val Loss: 3.070e-02 | Time: 6.75s
2025-08-21 04:51:20,913:INFO:Epoch: 31650/40000 | Train Loss: 1.108e-02 | Dynamic Loss: 1.108e-02 | Regularization Loss: 0.000e+00 | Val Loss: 1.973e-02 | Time: 6.58s
2025-08-21 04:51:35,698:INFO:Epoch: 31700/40000 | Train Loss: 1.611e-02 | Dynamic Loss: 1.611e-02 | Regularization Loss: 0.000e+00 | Val Loss: 3.907e-02 | Time: 14.68s
2025-08-21 04:51:42,545:INFO:Epoch: 31750/40000 | Train Loss: 1.169e-02 | Dynamic Loss: 1.169e-02 | Regularization Loss: 0.000e+00 | Val Loss: 2.025e-02 | Time: 6.74s
2025-08-21 04:51:49,205:INFO:Epoch: 31800/40000 | Train Loss: 1.504e-02 | Dynamic Loss: 1.504e-02 | Regularization Loss: 0.000e+00 | Val Loss: 1.960e-02 | Time: 6.55s
2025-08-21 04:51:55,984:INFO:Epoch: 31850/40000 | Train Loss: 1.222e-02 | Dynamic Loss: 1.222e-02 | Regularization Loss: 0.000e+00 | Val Loss: 2.173e-02 | Time: 6.54s
2025-08-21 04:52:02,759:INFO:Epoch: 31900/40000 | Train Loss: 1.795e-02 | Dynamic Loss: 1.795e-02 | Regularization Loss: 0.000e+00 | Val Loss: 2.349e-02 | Time: 6.66s
2025-08-21 04:52:09,704:INFO:Epoch: 31950/40000 | Train Loss: 1.451e-02 | Dynamic Loss: 1.451e-02 | Regularization Loss: 0.000e+00 | Val Loss: 2.000e-02 | Time: 6.83s
2025-08-21 04:52:16,435:INFO:Epoch: 32000/40000 | Train Loss: 1.250e-02 | Dynamic Loss: 1.250e-02 | Regularization Loss: 0.000e+00 | Val Loss: 2.133e-02 | Time: 6.62s
2025-08-21 04:52:31,387:INFO:Epoch: 32050/40000 | Train Loss: 1.594e-02 | Dynamic Loss: 1.594e-02 | Regularization Loss: 0.000e+00 | Val Loss: 2.477e-02 | Time: 14.84s
2025-08-21 04:52:38,165:INFO:Epoch: 32100/40000 | Train Loss: 2.427e-02 | Dynamic Loss: 2.427e-02 | Regularization Loss: 0.000e+00 | Val Loss: 3.171e-02 | Time: 6.67s
2025-08-21 04:52:45,041:INFO:Epoch: 32150/40000 | Train Loss: 1.200e-02 | Dynamic Loss: 1.200e-02 | Regularization Loss: 0.000e+00 | Val Loss: 2.094e-02 | Time: 6.77s
2025-08-21 04:52:51,824:INFO:Epoch: 32200/40000 | Train Loss: 2.215e-02 | Dynamic Loss: 2.215e-02 | Regularization Loss: 0.000e+00 | Val Loss: 3.256e-02 | Time: 6.68s
2025-08-21 04:53:04,265:INFO:Epoch: 32250/40000 | Train Loss: 1.512e-02 | Dynamic Loss: 1.512e-02 | Regularization Loss: 0.000e+00 | Val Loss: 2.900e-02 | Time: 12.33s
2025-08-21 04:53:11,123:INFO:Epoch: 32300/40000 | Train Loss: 1.032e-02 | Dynamic Loss: 1.032e-02 | Regularization Loss: 0.000e+00 | Val Loss: 2.078e-02 | Time: 6.75s
2025-08-21 04:53:17,877:INFO:Epoch: 32350/40000 | Train Loss: 1.037e-02 | Dynamic Loss: 1.037e-02 | Regularization Loss: 0.000e+00 | Val Loss: 2.044e-02 | Time: 6.64s
2025-08-21 04:53:24,914:INFO:Epoch: 32400/40000 | Train Loss: 9.575e-03 | Dynamic Loss: 9.575e-03 | Regularization Loss: 0.000e+00 | Val Loss: 1.721e-02 | Time: 6.93s
2025-08-21 04:53:24,915:INFO:New best model found at epoch 32400 with validation loss 1.721e-02. Saving...
2025-08-21 04:53:31,716:INFO:Epoch: 32450/40000 | Train Loss: 1.414e-02 | Dynamic Loss: 1.414e-02 | Regularization Loss: 0.000e+00 | Val Loss: 2.237e-02 | Time: 6.68s
2025-08-21 04:53:38,385:INFO:Epoch: 32500/40000 | Train Loss: 2.393e-02 | Dynamic Loss: 2.393e-02 | Regularization Loss: 0.000e+00 | Val Loss: 3.198e-02 | Time: 6.56s
2025-08-21 04:53:45,079:INFO:Epoch: 32550/40000 | Train Loss: 1.293e-02 | Dynamic Loss: 1.293e-02 | Regularization Loss: 0.000e+00 | Val Loss: 2.450e-02 | Time: 6.59s
2025-08-21 04:54:00,054:INFO:Epoch: 32600/40000 | Train Loss: 1.414e-02 | Dynamic Loss: 1.414e-02 | Regularization Loss: 0.000e+00 | Val Loss: 2.207e-02 | Time: 14.87s
2025-08-21 04:54:06,920:INFO:Epoch: 32650/40000 | Train Loss: 8.643e-03 | Dynamic Loss: 8.643e-03 | Regularization Loss: 0.000e+00 | Val Loss: 1.725e-02 | Time: 6.76s
2025-08-21 04:54:13,615:INFO:Epoch: 32700/40000 | Train Loss: 1.395e-02 | Dynamic Loss: 1.395e-02 | Regularization Loss: 0.000e+00 | Val Loss: 2.087e-02 | Time: 6.59s
2025-08-21 04:54:20,372:INFO:Epoch: 32750/40000 | Train Loss: 1.601e-02 | Dynamic Loss: 1.601e-02 | Regularization Loss: 0.000e+00 | Val Loss: 3.010e-02 | Time: 6.52s
2025-08-21 04:54:27,121:INFO:Epoch: 32800/40000 | Train Loss: 1.079e-02 | Dynamic Loss: 1.079e-02 | Regularization Loss: 0.000e+00 | Val Loss: 2.158e-02 | Time: 6.64s
2025-08-21 04:54:33,973:INFO:Epoch: 32850/40000 | Train Loss: 1.998e-02 | Dynamic Loss: 1.998e-02 | Regularization Loss: 0.000e+00 | Val Loss: 2.723e-02 | Time: 6.74s
2025-08-21 04:54:40,781:INFO:Epoch: 32900/40000 | Train Loss: 1.213e-02 | Dynamic Loss: 1.213e-02 | Regularization Loss: 0.000e+00 | Val Loss: 2.232e-02 | Time: 6.70s
2025-08-21 04:54:55,655:INFO:Epoch: 32950/40000 | Train Loss: 1.214e-02 | Dynamic Loss: 1.214e-02 | Regularization Loss: 0.000e+00 | Val Loss: 2.361e-02 | Time: 14.77s
2025-08-21 04:55:02,370:INFO:Epoch: 33000/40000 | Train Loss: 1.020e-02 | Dynamic Loss: 1.020e-02 | Regularization Loss: 0.000e+00 | Val Loss: 1.916e-02 | Time: 6.61s
2025-08-21 04:55:09,239:INFO:Epoch: 33050/40000 | Train Loss: 1.337e-02 | Dynamic Loss: 1.337e-02 | Regularization Loss: 0.000e+00 | Val Loss: 2.248e-02 | Time: 6.76s
2025-08-21 04:55:16,164:INFO:Epoch: 33100/40000 | Train Loss: 1.218e-02 | Dynamic Loss: 1.218e-02 | Regularization Loss: 0.000e+00 | Val Loss: 2.185e-02 | Time: 6.82s
2025-08-21 04:55:25,532:INFO:Epoch: 33150/40000 | Train Loss: 1.777e-02 | Dynamic Loss: 1.777e-02 | Regularization Loss: 0.000e+00 | Val Loss: 3.154e-02 | Time: 9.26s
2025-08-21 04:55:32,317:INFO:Epoch: 33200/40000 | Train Loss: 1.091e-02 | Dynamic Loss: 1.091e-02 | Regularization Loss: 0.000e+00 | Val Loss: 2.107e-02 | Time: 6.68s
2025-08-21 04:55:39,075:INFO:Epoch: 33250/40000 | Train Loss: 9.724e-03 | Dynamic Loss: 9.724e-03 | Regularization Loss: 0.000e+00 | Val Loss: 1.751e-02 | Time: 6.65s
2025-08-21 04:55:46,254:INFO:Epoch: 33300/40000 | Train Loss: 2.407e-02 | Dynamic Loss: 2.407e-02 | Regularization Loss: 0.000e+00 | Val Loss: 1.818e-02 | Time: 7.07s
2025-08-21 04:55:53,028:INFO:Epoch: 33350/40000 | Train Loss: 1.545e-02 | Dynamic Loss: 1.545e-02 | Regularization Loss: 0.000e+00 | Val Loss: 2.391e-02 | Time: 6.66s
2025-08-21 04:55:59,755:INFO:Epoch: 33400/40000 | Train Loss: 1.003e-02 | Dynamic Loss: 1.003e-02 | Regularization Loss: 0.000e+00 | Val Loss: 1.989e-02 | Time: 6.61s
2025-08-21 04:56:06,624:INFO:Epoch: 33450/40000 | Train Loss: 2.867e-02 | Dynamic Loss: 2.867e-02 | Regularization Loss: 0.000e+00 | Val Loss: 4.780e-02 | Time: 6.76s
2025-08-21 04:56:13,538:INFO:Epoch: 33500/40000 | Train Loss: 9.888e-03 | Dynamic Loss: 9.888e-03 | Regularization Loss: 0.000e+00 | Val Loss: 1.954e-02 | Time: 6.80s
2025-08-21 04:56:20,323:INFO:Epoch: 33550/40000 | Train Loss: 1.091e-02 | Dynamic Loss: 1.091e-02 | Regularization Loss: 0.000e+00 | Val Loss: 2.007e-02 | Time: 6.68s
2025-08-21 04:56:27,017:INFO:Epoch: 33600/40000 | Train Loss: 9.040e-03 | Dynamic Loss: 9.040e-03 | Regularization Loss: 0.000e+00 | Val Loss: 1.878e-02 | Time: 6.58s
2025-08-21 04:56:33,840:INFO:Epoch: 33650/40000 | Train Loss: 1.934e-02 | Dynamic Loss: 1.934e-02 | Regularization Loss: 0.000e+00 | Val Loss: 3.206e-02 | Time: 6.71s
2025-08-21 04:56:40,677:INFO:Epoch: 33700/40000 | Train Loss: 8.828e-03 | Dynamic Loss: 8.828e-03 | Regularization Loss: 0.000e+00 | Val Loss: 1.724e-02 | Time: 6.73s
2025-08-21 04:56:47,419:INFO:Epoch: 33750/40000 | Train Loss: 1.546e-02 | Dynamic Loss: 1.546e-02 | Regularization Loss: 0.000e+00 | Val Loss: 2.126e-02 | Time: 6.63s
2025-08-21 04:56:54,105:INFO:Epoch: 33800/40000 | Train Loss: 1.141e-02 | Dynamic Loss: 1.141e-02 | Regularization Loss: 0.000e+00 | Val Loss: 2.098e-02 | Time: 6.58s
2025-08-21 04:57:09,074:INFO:Epoch: 33850/40000 | Train Loss: 1.234e-02 | Dynamic Loss: 1.234e-02 | Regularization Loss: 0.000e+00 | Val Loss: 2.540e-02 | Time: 14.86s
2025-08-21 04:57:15,910:INFO:Epoch: 33900/40000 | Train Loss: 2.731e-02 | Dynamic Loss: 2.731e-02 | Regularization Loss: 0.000e+00 | Val Loss: 2.891e-02 | Time: 6.73s
2025-08-21 04:57:22,600:INFO:Epoch: 33950/40000 | Train Loss: 1.084e-02 | Dynamic Loss: 1.084e-02 | Regularization Loss: 0.000e+00 | Val Loss: 2.128e-02 | Time: 6.58s
2025-08-21 04:57:29,373:INFO:Epoch: 34000/40000 | Train Loss: 1.656e-02 | Dynamic Loss: 1.656e-02 | Regularization Loss: 0.000e+00 | Val Loss: 2.309e-02 | Time: 6.48s
2025-08-21 04:57:36,160:INFO:Epoch: 34050/40000 | Train Loss: 1.326e-02 | Dynamic Loss: 1.326e-02 | Regularization Loss: 0.000e+00 | Val Loss: 1.911e-02 | Time: 6.67s
2025-08-21 04:57:42,896:INFO:Epoch: 34100/40000 | Train Loss: 7.919e-03 | Dynamic Loss: 7.919e-03 | Regularization Loss: 0.000e+00 | Val Loss: 1.721e-02 | Time: 6.62s
2025-08-21 04:57:42,897:INFO:New best model found at epoch 34100 with validation loss 1.721e-02. Saving...
2025-08-21 04:57:49,705:INFO:Epoch: 34150/40000 | Train Loss: 1.224e-02 | Dynamic Loss: 1.224e-02 | Regularization Loss: 0.000e+00 | Val Loss: 2.229e-02 | Time: 6.67s
2025-08-21 04:58:04,252:INFO:Epoch: 34200/40000 | Train Loss: 1.262e-02 | Dynamic Loss: 1.262e-02 | Regularization Loss: 0.000e+00 | Val Loss: 2.611e-02 | Time: 14.44s
2025-08-21 04:58:11,191:INFO:Epoch: 34250/40000 | Train Loss: 1.108e-02 | Dynamic Loss: 1.108e-02 | Regularization Loss: 0.000e+00 | Val Loss: 2.149e-02 | Time: 6.82s
2025-08-21 04:58:17,926:INFO:Epoch: 34300/40000 | Train Loss: 1.163e-02 | Dynamic Loss: 1.163e-02 | Regularization Loss: 0.000e+00 | Val Loss: 1.959e-02 | Time: 6.62s
2025-08-21 04:58:24,754:INFO:Epoch: 34350/40000 | Train Loss: 1.394e-02 | Dynamic Loss: 1.394e-02 | Regularization Loss: 0.000e+00 | Val Loss: 1.972e-02 | Time: 6.58s
2025-08-21 04:58:31,693:INFO:Epoch: 34400/40000 | Train Loss: 9.786e-03 | Dynamic Loss: 9.786e-03 | Regularization Loss: 0.000e+00 | Val Loss: 2.002e-02 | Time: 6.83s
2025-08-21 04:58:38,709:INFO:Epoch: 34450/40000 | Train Loss: 1.139e-02 | Dynamic Loss: 1.139e-02 | Regularization Loss: 0.000e+00 | Val Loss: 1.906e-02 | Time: 6.91s
2025-08-21 04:58:45,382:INFO:Epoch: 34500/40000 | Train Loss: 1.659e-02 | Dynamic Loss: 1.659e-02 | Regularization Loss: 0.000e+00 | Val Loss: 3.776e-02 | Time: 6.56s
2025-08-21 04:58:52,251:INFO:Epoch: 34550/40000 | Train Loss: 9.336e-03 | Dynamic Loss: 9.336e-03 | Regularization Loss: 0.000e+00 | Val Loss: 1.819e-02 | Time: 6.76s
2025-08-21 04:58:58,957:INFO:Epoch: 34600/40000 | Train Loss: 1.270e-02 | Dynamic Loss: 1.270e-02 | Regularization Loss: 0.000e+00 | Val Loss: 2.205e-02 | Time: 6.60s
2025-08-21 04:59:05,636:INFO:Epoch: 34650/40000 | Train Loss: 1.234e-02 | Dynamic Loss: 1.234e-02 | Regularization Loss: 0.000e+00 | Val Loss: 2.083e-02 | Time: 6.57s
2025-08-21 04:59:12,475:INFO:Epoch: 34700/40000 | Train Loss: 1.344e-02 | Dynamic Loss: 1.344e-02 | Regularization Loss: 0.000e+00 | Val Loss: 2.127e-02 | Time: 6.53s
2025-08-21 04:59:19,310:INFO:Epoch: 34750/40000 | Train Loss: 9.430e-03 | Dynamic Loss: 9.430e-03 | Regularization Loss: 0.000e+00 | Val Loss: 1.831e-02 | Time: 6.72s
2025-08-21 04:59:26,216:INFO:Epoch: 34800/40000 | Train Loss: 1.388e-02 | Dynamic Loss: 1.388e-02 | Regularization Loss: 0.000e+00 | Val Loss: 2.489e-02 | Time: 6.80s
2025-08-21 04:59:32,873:INFO:Epoch: 34850/40000 | Train Loss: 1.442e-02 | Dynamic Loss: 1.442e-02 | Regularization Loss: 0.000e+00 | Val Loss: 2.454e-02 | Time: 6.55s
2025-08-21 04:59:39,853:INFO:Epoch: 34900/40000 | Train Loss: 1.232e-02 | Dynamic Loss: 1.232e-02 | Regularization Loss: 0.000e+00 | Val Loss: 1.887e-02 | Time: 6.87s
2025-08-21 04:59:46,575:INFO:Epoch: 34950/40000 | Train Loss: 1.202e-02 | Dynamic Loss: 1.202e-02 | Regularization Loss: 0.000e+00 | Val Loss: 1.929e-02 | Time: 6.61s
2025-08-21 04:59:53,343:INFO:Epoch: 35000/40000 | Train Loss: 1.118e-02 | Dynamic Loss: 1.118e-02 | Regularization Loss: 0.000e+00 | Val Loss: 2.295e-02 | Time: 6.66s
2025-08-21 05:00:00,324:INFO:Epoch: 35050/40000 | Train Loss: 1.630e-02 | Dynamic Loss: 1.630e-02 | Regularization Loss: 0.000e+00 | Val Loss: 3.450e-02 | Time: 6.87s
2025-08-21 05:00:07,075:INFO:Epoch: 35100/40000 | Train Loss: 8.047e-03 | Dynamic Loss: 8.047e-03 | Regularization Loss: 0.000e+00 | Val Loss: 1.750e-02 | Time: 6.64s
2025-08-21 05:00:13,945:INFO:Epoch: 35150/40000 | Train Loss: 1.843e-02 | Dynamic Loss: 1.843e-02 | Regularization Loss: 0.000e+00 | Val Loss: 2.898e-02 | Time: 6.76s
2025-08-21 05:00:20,754:INFO:Epoch: 35200/40000 | Train Loss: 1.114e-02 | Dynamic Loss: 1.114e-02 | Regularization Loss: 0.000e+00 | Val Loss: 1.887e-02 | Time: 6.70s
2025-08-21 05:00:35,667:INFO:Epoch: 35250/40000 | Train Loss: 1.388e-02 | Dynamic Loss: 1.388e-02 | Regularization Loss: 0.000e+00 | Val Loss: 2.066e-02 | Time: 14.80s
2025-08-21 05:00:42,382:INFO:Epoch: 35300/40000 | Train Loss: 9.904e-03 | Dynamic Loss: 9.904e-03 | Regularization Loss: 0.000e+00 | Val Loss: 1.962e-02 | Time: 6.61s
2025-08-21 05:00:49,328:INFO:Epoch: 35350/40000 | Train Loss: 2.002e-02 | Dynamic Loss: 2.002e-02 | Regularization Loss: 0.000e+00 | Val Loss: 2.726e-02 | Time: 6.84s
2025-08-21 05:00:56,356:INFO:Epoch: 35400/40000 | Train Loss: 1.043e-02 | Dynamic Loss: 1.043e-02 | Regularization Loss: 0.000e+00 | Val Loss: 2.064e-02 | Time: 6.92s
2025-08-21 05:01:03,114:INFO:Epoch: 35450/40000 | Train Loss: 1.318e-02 | Dynamic Loss: 1.318e-02 | Regularization Loss: 0.000e+00 | Val Loss: 2.471e-02 | Time: 6.64s
2025-08-21 05:01:09,937:INFO:Epoch: 35500/40000 | Train Loss: 9.036e-03 | Dynamic Loss: 9.036e-03 | Regularization Loss: 0.000e+00 | Val Loss: 1.925e-02 | Time: 6.71s
2025-08-21 05:01:16,959:INFO:Epoch: 35550/40000 | Train Loss: 7.615e-03 | Dynamic Loss: 7.615e-03 | Regularization Loss: 0.000e+00 | Val Loss: 1.638e-02 | Time: 6.91s
2025-08-21 05:01:16,960:INFO:New best model found at epoch 35550 with validation loss 1.638e-02. Saving...
2025-08-21 05:01:23,932:INFO:Epoch: 35600/40000 | Train Loss: 1.025e-02 | Dynamic Loss: 1.025e-02 | Regularization Loss: 0.000e+00 | Val Loss: 1.973e-02 | Time: 6.84s
2025-08-21 05:01:30,816:INFO:Epoch: 35650/40000 | Train Loss: 1.492e-02 | Dynamic Loss: 1.492e-02 | Regularization Loss: 0.000e+00 | Val Loss: 2.380e-02 | Time: 6.77s
2025-08-21 05:01:37,629:INFO:Epoch: 35700/40000 | Train Loss: 7.792e-03 | Dynamic Loss: 7.792e-03 | Regularization Loss: 0.000e+00 | Val Loss: 1.761e-02 | Time: 6.70s
2025-08-21 05:01:44,543:INFO:Epoch: 35750/40000 | Train Loss: 1.250e-02 | Dynamic Loss: 1.250e-02 | Regularization Loss: 0.000e+00 | Val Loss: 2.345e-02 | Time: 6.81s
2025-08-21 05:01:51,432:INFO:Epoch: 35800/40000 | Train Loss: 1.132e-02 | Dynamic Loss: 1.132e-02 | Regularization Loss: 0.000e+00 | Val Loss: 2.151e-02 | Time: 6.77s
2025-08-21 05:01:58,188:INFO:Epoch: 35850/40000 | Train Loss: 2.230e-02 | Dynamic Loss: 2.230e-02 | Regularization Loss: 0.000e+00 | Val Loss: 3.599e-02 | Time: 6.64s
2025-08-21 05:02:04,962:INFO:Epoch: 35900/40000 | Train Loss: 1.447e-02 | Dynamic Loss: 1.447e-02 | Regularization Loss: 0.000e+00 | Val Loss: 2.429e-02 | Time: 6.66s
2025-08-21 05:02:20,402:INFO:Epoch: 35950/40000 | Train Loss: 1.387e-02 | Dynamic Loss: 1.387e-02 | Regularization Loss: 0.000e+00 | Val Loss: 2.028e-02 | Time: 15.33s
2025-08-21 05:02:27,328:INFO:Epoch: 36000/40000 | Train Loss: 8.196e-03 | Dynamic Loss: 8.196e-03 | Regularization Loss: 0.000e+00 | Val Loss: 1.677e-02 | Time: 6.82s
2025-08-21 05:02:33,969:INFO:Epoch: 36050/40000 | Train Loss: 1.411e-02 | Dynamic Loss: 1.411e-02 | Regularization Loss: 0.000e+00 | Val Loss: 2.322e-02 | Time: 6.53s
2025-08-21 05:02:41,089:INFO:Epoch: 36100/40000 | Train Loss: 1.125e-02 | Dynamic Loss: 1.125e-02 | Regularization Loss: 0.000e+00 | Val Loss: 2.387e-02 | Time: 6.88s
2025-08-21 05:02:47,902:INFO:Epoch: 36150/40000 | Train Loss: 8.216e-03 | Dynamic Loss: 8.216e-03 | Regularization Loss: 0.000e+00 | Val Loss: 1.693e-02 | Time: 6.70s
2025-08-21 05:02:54,676:INFO:Epoch: 36200/40000 | Train Loss: 1.268e-02 | Dynamic Loss: 1.268e-02 | Regularization Loss: 0.000e+00 | Val Loss: 2.104e-02 | Time: 6.66s
2025-08-21 05:03:01,403:INFO:Epoch: 36250/40000 | Train Loss: 8.881e-03 | Dynamic Loss: 8.881e-03 | Regularization Loss: 0.000e+00 | Val Loss: 1.822e-02 | Time: 6.62s
2025-08-21 05:03:15,911:INFO:Epoch: 36300/40000 | Train Loss: 1.786e-02 | Dynamic Loss: 1.786e-02 | Regularization Loss: 0.000e+00 | Val Loss: 2.899e-02 | Time: 14.40s
2025-08-21 05:03:22,761:INFO:Epoch: 36350/40000 | Train Loss: 1.144e-02 | Dynamic Loss: 1.144e-02 | Regularization Loss: 0.000e+00 | Val Loss: 1.961e-02 | Time: 6.74s
2025-08-21 05:03:29,486:INFO:Epoch: 36400/40000 | Train Loss: 2.023e-02 | Dynamic Loss: 2.023e-02 | Regularization Loss: 0.000e+00 | Val Loss: 1.879e-02 | Time: 6.62s
2025-08-21 05:03:36,164:INFO:Epoch: 36450/40000 | Train Loss: 1.026e-02 | Dynamic Loss: 1.026e-02 | Regularization Loss: 0.000e+00 | Val Loss: 2.091e-02 | Time: 6.57s
2025-08-21 05:03:50,474:INFO:Epoch: 36500/40000 | Train Loss: 8.520e-03 | Dynamic Loss: 8.520e-03 | Regularization Loss: 0.000e+00 | Val Loss: 1.733e-02 | Time: 14.20s
2025-08-21 05:03:57,384:INFO:Epoch: 36550/40000 | Train Loss: 1.098e-02 | Dynamic Loss: 1.098e-02 | Regularization Loss: 0.000e+00 | Val Loss: 1.885e-02 | Time: 6.80s
2025-08-21 05:04:04,145:INFO:Epoch: 36600/40000 | Train Loss: 1.161e-02 | Dynamic Loss: 1.161e-02 | Regularization Loss: 0.000e+00 | Val Loss: 2.123e-02 | Time: 6.65s
2025-08-21 05:04:11,003:INFO:Epoch: 36650/40000 | Train Loss: 1.294e-02 | Dynamic Loss: 1.294e-02 | Regularization Loss: 0.000e+00 | Val Loss: 2.152e-02 | Time: 6.74s
2025-08-21 05:04:17,782:INFO:Epoch: 36700/40000 | Train Loss: 1.323e-02 | Dynamic Loss: 1.323e-02 | Regularization Loss: 0.000e+00 | Val Loss: 2.925e-02 | Time: 6.67s
2025-08-21 05:04:24,498:INFO:Epoch: 36750/40000 | Train Loss: 7.388e-03 | Dynamic Loss: 7.388e-03 | Regularization Loss: 0.000e+00 | Val Loss: 1.595e-02 | Time: 6.60s
2025-08-21 05:04:24,498:INFO:New best model found at epoch 36750 with validation loss 1.595e-02. Saving...
2025-08-21 05:04:31,230:INFO:Epoch: 36800/40000 | Train Loss: 1.657e-02 | Dynamic Loss: 1.657e-02 | Regularization Loss: 0.000e+00 | Val Loss: 3.042e-02 | Time: 6.60s
2025-08-21 05:04:46,097:INFO:Epoch: 36850/40000 | Train Loss: 1.085e-02 | Dynamic Loss: 1.085e-02 | Regularization Loss: 0.000e+00 | Val Loss: 2.068e-02 | Time: 14.77s
2025-08-21 05:04:52,991:INFO:Epoch: 36900/40000 | Train Loss: 1.439e-02 | Dynamic Loss: 1.439e-02 | Regularization Loss: 0.000e+00 | Val Loss: 2.917e-02 | Time: 6.78s
2025-08-21 05:04:59,682:INFO:Epoch: 36950/40000 | Train Loss: 9.750e-03 | Dynamic Loss: 9.750e-03 | Regularization Loss: 0.000e+00 | Val Loss: 2.299e-02 | Time: 6.57s
2025-08-21 05:05:06,530:INFO:Epoch: 37000/40000 | Train Loss: 1.459e-02 | Dynamic Loss: 1.459e-02 | Regularization Loss: 0.000e+00 | Val Loss: 2.124e-02 | Time: 6.73s
2025-08-21 05:05:13,338:INFO:Epoch: 37050/40000 | Train Loss: 1.223e-02 | Dynamic Loss: 1.223e-02 | Regularization Loss: 0.000e+00 | Val Loss: 2.588e-02 | Time: 6.69s
2025-08-21 05:05:20,132:INFO:Epoch: 37100/40000 | Train Loss: 1.762e-02 | Dynamic Loss: 1.762e-02 | Regularization Loss: 0.000e+00 | Val Loss: 2.329e-02 | Time: 6.68s
2025-08-21 05:05:26,859:INFO:Epoch: 37150/40000 | Train Loss: 1.612e-02 | Dynamic Loss: 1.612e-02 | Regularization Loss: 0.000e+00 | Val Loss: 2.914e-02 | Time: 6.61s
2025-08-21 05:05:41,751:INFO:Epoch: 37200/40000 | Train Loss: 8.870e-03 | Dynamic Loss: 8.870e-03 | Regularization Loss: 0.000e+00 | Val Loss: 1.951e-02 | Time: 14.78s
2025-08-21 05:05:48,582:INFO:Epoch: 37250/40000 | Train Loss: 1.433e-02 | Dynamic Loss: 1.433e-02 | Regularization Loss: 0.000e+00 | Val Loss: 2.203e-02 | Time: 6.72s
2025-08-21 05:05:55,356:INFO:Epoch: 37300/40000 | Train Loss: 1.405e-02 | Dynamic Loss: 1.405e-02 | Regularization Loss: 0.000e+00 | Val Loss: 1.983e-02 | Time: 6.66s
2025-08-21 05:06:02,235:INFO:Epoch: 37350/40000 | Train Loss: 8.911e-03 | Dynamic Loss: 8.911e-03 | Regularization Loss: 0.000e+00 | Val Loss: 1.888e-02 | Time: 6.77s
2025-08-21 05:06:08,992:INFO:Epoch: 37400/40000 | Train Loss: 1.087e-02 | Dynamic Loss: 1.087e-02 | Regularization Loss: 0.000e+00 | Val Loss: 1.910e-02 | Time: 6.65s
2025-08-21 05:06:15,675:INFO:Epoch: 37450/40000 | Train Loss: 1.202e-02 | Dynamic Loss: 1.202e-02 | Regularization Loss: 0.000e+00 | Val Loss: 1.728e-02 | Time: 6.57s
2025-08-21 05:06:23,150:INFO:Epoch: 37500/40000 | Train Loss: 1.109e-02 | Dynamic Loss: 1.109e-02 | Regularization Loss: 0.000e+00 | Val Loss: 2.450e-02 | Time: 7.22s
2025-08-21 05:06:30,008:INFO:Epoch: 37550/40000 | Train Loss: 9.423e-03 | Dynamic Loss: 9.423e-03 | Regularization Loss: 0.000e+00 | Val Loss: 1.744e-02 | Time: 6.75s
2025-08-21 05:06:37,092:INFO:Epoch: 37600/40000 | Train Loss: 9.207e-03 | Dynamic Loss: 9.207e-03 | Regularization Loss: 0.000e+00 | Val Loss: 1.892e-02 | Time: 6.97s
2025-08-21 05:06:43,842:INFO:Epoch: 37650/40000 | Train Loss: 1.289e-02 | Dynamic Loss: 1.289e-02 | Regularization Loss: 0.000e+00 | Val Loss: 2.248e-02 | Time: 6.64s
2025-08-21 05:06:50,616:INFO:Epoch: 37700/40000 | Train Loss: 9.777e-03 | Dynamic Loss: 9.777e-03 | Regularization Loss: 0.000e+00 | Val Loss: 1.944e-02 | Time: 6.66s
2025-08-21 05:06:57,323:INFO:Epoch: 37750/40000 | Train Loss: 1.243e-02 | Dynamic Loss: 1.243e-02 | Regularization Loss: 0.000e+00 | Val Loss: 1.817e-02 | Time: 6.59s
2025-08-21 05:07:04,062:INFO:Epoch: 37800/40000 | Train Loss: 1.328e-02 | Dynamic Loss: 1.328e-02 | Regularization Loss: 0.000e+00 | Val Loss: 1.776e-02 | Time: 6.63s
2025-08-21 05:07:10,928:INFO:Epoch: 37850/40000 | Train Loss: 9.766e-03 | Dynamic Loss: 9.766e-03 | Regularization Loss: 0.000e+00 | Val Loss: 1.771e-02 | Time: 6.63s
2025-08-21 05:07:17,687:INFO:Epoch: 37900/40000 | Train Loss: 1.145e-02 | Dynamic Loss: 1.145e-02 | Regularization Loss: 0.000e+00 | Val Loss: 1.947e-02 | Time: 6.65s
2025-08-21 05:07:24,506:INFO:Epoch: 37950/40000 | Train Loss: 1.260e-02 | Dynamic Loss: 1.260e-02 | Regularization Loss: 0.000e+00 | Val Loss: 2.260e-02 | Time: 6.71s
2025-08-21 05:07:31,302:INFO:Epoch: 38000/40000 | Train Loss: 1.487e-02 | Dynamic Loss: 1.487e-02 | Regularization Loss: 0.000e+00 | Val Loss: 2.097e-02 | Time: 6.69s
2025-08-21 05:07:38,060:INFO:Epoch: 38050/40000 | Train Loss: 9.989e-03 | Dynamic Loss: 9.989e-03 | Regularization Loss: 0.000e+00 | Val Loss: 1.856e-02 | Time: 6.65s
2025-08-21 05:07:44,795:INFO:Epoch: 38100/40000 | Train Loss: 1.361e-02 | Dynamic Loss: 1.361e-02 | Regularization Loss: 0.000e+00 | Val Loss: 2.375e-02 | Time: 6.62s
2025-08-21 05:07:51,651:INFO:Epoch: 38150/40000 | Train Loss: 1.279e-02 | Dynamic Loss: 1.279e-02 | Regularization Loss: 0.000e+00 | Val Loss: 1.985e-02 | Time: 6.74s
2025-08-21 05:07:58,514:INFO:Epoch: 38200/40000 | Train Loss: 8.909e-03 | Dynamic Loss: 8.909e-03 | Regularization Loss: 0.000e+00 | Val Loss: 1.888e-02 | Time: 6.75s
2025-08-21 05:08:05,250:INFO:Epoch: 38250/40000 | Train Loss: 7.833e-03 | Dynamic Loss: 7.833e-03 | Regularization Loss: 0.000e+00 | Val Loss: 1.594e-02 | Time: 6.62s
2025-08-21 05:08:05,250:INFO:New best model found at epoch 38250 with validation loss 1.594e-02. Saving...
2025-08-21 05:08:12,172:INFO:Epoch: 38300/40000 | Train Loss: 7.628e-03 | Dynamic Loss: 7.628e-03 | Regularization Loss: 0.000e+00 | Val Loss: 1.692e-02 | Time: 6.78s
2025-08-21 05:08:18,881:INFO:Epoch: 38350/40000 | Train Loss: 1.032e-02 | Dynamic Loss: 1.032e-02 | Regularization Loss: 0.000e+00 | Val Loss: 2.012e-02 | Time: 6.59s
2025-08-21 05:08:33,896:INFO:Epoch: 38400/40000 | Train Loss: 1.424e-02 | Dynamic Loss: 1.424e-02 | Regularization Loss: 0.000e+00 | Val Loss: 2.293e-02 | Time: 14.90s
2025-08-21 05:08:40,734:INFO:Epoch: 38450/40000 | Train Loss: 1.044e-02 | Dynamic Loss: 1.044e-02 | Regularization Loss: 0.000e+00 | Val Loss: 2.118e-02 | Time: 6.72s
2025-08-21 05:08:47,543:INFO:Epoch: 38500/40000 | Train Loss: 1.354e-02 | Dynamic Loss: 1.354e-02 | Regularization Loss: 0.000e+00 | Val Loss: 2.207e-02 | Time: 6.69s
2025-08-21 05:08:54,382:INFO:Epoch: 38550/40000 | Train Loss: 9.325e-03 | Dynamic Loss: 9.325e-03 | Regularization Loss: 0.000e+00 | Val Loss: 1.777e-02 | Time: 6.58s
2025-08-21 05:09:01,212:INFO:Epoch: 38600/40000 | Train Loss: 9.176e-03 | Dynamic Loss: 9.176e-03 | Regularization Loss: 0.000e+00 | Val Loss: 1.751e-02 | Time: 6.71s
2025-08-21 05:09:07,992:INFO:Epoch: 38650/40000 | Train Loss: 6.308e-03 | Dynamic Loss: 6.308e-03 | Regularization Loss: 0.000e+00 | Val Loss: 1.611e-02 | Time: 6.67s
2025-08-21 05:09:14,766:INFO:Epoch: 38700/40000 | Train Loss: 1.153e-02 | Dynamic Loss: 1.153e-02 | Regularization Loss: 0.000e+00 | Val Loss: 2.124e-02 | Time: 6.62s
2025-08-21 05:09:29,375:INFO:Epoch: 38750/40000 | Train Loss: 1.016e-02 | Dynamic Loss: 1.016e-02 | Regularization Loss: 0.000e+00 | Val Loss: 2.437e-02 | Time: 14.49s
2025-08-21 05:09:36,207:INFO:Epoch: 38800/40000 | Train Loss: 8.793e-03 | Dynamic Loss: 8.793e-03 | Regularization Loss: 0.000e+00 | Val Loss: 1.664e-02 | Time: 6.72s
2025-08-21 05:09:42,925:INFO:Epoch: 38850/40000 | Train Loss: 9.347e-03 | Dynamic Loss: 9.347e-03 | Regularization Loss: 0.000e+00 | Val Loss: 1.894e-02 | Time: 6.61s
2025-08-21 05:09:49,595:INFO:Epoch: 38900/40000 | Train Loss: 1.404e-02 | Dynamic Loss: 1.404e-02 | Regularization Loss: 0.000e+00 | Val Loss: 2.496e-02 | Time: 6.56s
2025-08-21 05:10:05,208:INFO:Epoch: 38950/40000 | Train Loss: 1.141e-02 | Dynamic Loss: 1.141e-02 | Regularization Loss: 0.000e+00 | Val Loss: 2.103e-02 | Time: 15.50s
2025-08-21 05:10:12,062:INFO:Epoch: 39000/40000 | Train Loss: 7.022e-03 | Dynamic Loss: 7.022e-03 | Regularization Loss: 0.000e+00 | Val Loss: 1.526e-02 | Time: 6.74s
2025-08-21 05:10:12,062:INFO:New best model found at epoch 39000 with validation loss 1.526e-02. Saving...
2025-08-21 05:10:18,814:INFO:Epoch: 39050/40000 | Train Loss: 1.255e-02 | Dynamic Loss: 1.255e-02 | Regularization Loss: 0.000e+00 | Val Loss: 2.185e-02 | Time: 6.62s
2025-08-21 05:10:25,737:INFO:Epoch: 39100/40000 | Train Loss: 5.672e-03 | Dynamic Loss: 5.672e-03 | Regularization Loss: 0.000e+00 | Val Loss: 1.469e-02 | Time: 6.81s
2025-08-21 05:10:25,737:INFO:New best model found at epoch 39100 with validation loss 1.469e-02. Saving...
2025-08-21 05:10:32,579:INFO:Epoch: 39150/40000 | Train Loss: 1.247e-02 | Dynamic Loss: 1.247e-02 | Regularization Loss: 0.000e+00 | Val Loss: 2.466e-02 | Time: 6.71s
2025-08-21 05:10:39,353:INFO:Epoch: 39200/40000 | Train Loss: 1.124e-02 | Dynamic Loss: 1.124e-02 | Regularization Loss: 0.000e+00 | Val Loss: 1.993e-02 | Time: 6.65s
2025-08-21 05:10:46,059:INFO:Epoch: 39250/40000 | Train Loss: 1.041e-02 | Dynamic Loss: 1.041e-02 | Regularization Loss: 0.000e+00 | Val Loss: 1.902e-02 | Time: 6.60s
2025-08-21 05:11:01,255:INFO:Epoch: 39300/40000 | Train Loss: 1.245e-02 | Dynamic Loss: 1.245e-02 | Regularization Loss: 0.000e+00 | Val Loss: 2.449e-02 | Time: 15.08s
2025-08-21 05:11:08,065:INFO:Epoch: 39350/40000 | Train Loss: 6.415e-03 | Dynamic Loss: 6.415e-03 | Regularization Loss: 0.000e+00 | Val Loss: 1.496e-02 | Time: 6.70s
2025-08-21 05:11:15,012:INFO:Epoch: 39400/40000 | Train Loss: 1.150e-02 | Dynamic Loss: 1.150e-02 | Regularization Loss: 0.000e+00 | Val Loss: 1.816e-02 | Time: 6.83s
2025-08-21 05:11:21,871:INFO:Epoch: 39450/40000 | Train Loss: 1.208e-02 | Dynamic Loss: 1.208e-02 | Regularization Loss: 0.000e+00 | Val Loss: 2.128e-02 | Time: 6.74s
2025-08-21 05:11:28,755:INFO:Epoch: 39500/40000 | Train Loss: 9.583e-03 | Dynamic Loss: 9.583e-03 | Regularization Loss: 0.000e+00 | Val Loss: 1.692e-02 | Time: 6.77s
2025-08-21 05:11:35,536:INFO:Epoch: 39550/40000 | Train Loss: 1.043e-02 | Dynamic Loss: 1.043e-02 | Regularization Loss: 0.000e+00 | Val Loss: 1.922e-02 | Time: 6.66s
2025-08-21 05:11:42,360:INFO:Epoch: 39600/40000 | Train Loss: 6.423e-03 | Dynamic Loss: 6.423e-03 | Regularization Loss: 0.000e+00 | Val Loss: 1.717e-02 | Time: 6.71s
2025-08-21 05:11:57,312:INFO:Epoch: 39650/40000 | Train Loss: 6.604e-03 | Dynamic Loss: 6.604e-03 | Regularization Loss: 0.000e+00 | Val Loss: 1.603e-02 | Time: 14.83s
2025-08-21 05:12:04,131:INFO:Epoch: 39700/40000 | Train Loss: 9.867e-03 | Dynamic Loss: 9.867e-03 | Regularization Loss: 0.000e+00 | Val Loss: 2.008e-02 | Time: 6.71s
2025-08-21 05:12:11,113:INFO:Epoch: 39750/40000 | Train Loss: 1.003e-02 | Dynamic Loss: 1.003e-02 | Regularization Loss: 0.000e+00 | Val Loss: 1.823e-02 | Time: 6.86s
2025-08-21 05:12:17,997:INFO:Epoch: 39800/40000 | Train Loss: 9.226e-03 | Dynamic Loss: 9.226e-03 | Regularization Loss: 0.000e+00 | Val Loss: 1.710e-02 | Time: 6.77s
2025-08-21 05:12:24,856:INFO:Epoch: 39850/40000 | Train Loss: 1.081e-02 | Dynamic Loss: 1.081e-02 | Regularization Loss: 0.000e+00 | Val Loss: 1.846e-02 | Time: 6.75s
2025-08-21 05:12:31,612:INFO:Epoch: 39900/40000 | Train Loss: 1.123e-02 | Dynamic Loss: 1.123e-02 | Regularization Loss: 0.000e+00 | Val Loss: 2.138e-02 | Time: 6.64s
2025-08-21 05:12:38,475:INFO:Epoch: 39950/40000 | Train Loss: 1.033e-02 | Dynamic Loss: 1.033e-02 | Regularization Loss: 0.000e+00 | Val Loss: 1.817e-02 | Time: 6.62s
2025-08-21 05:12:45,338:INFO:Epoch: 40000/40000 | Train Loss: 1.181e-02 | Dynamic Loss: 1.181e-02 | Regularization Loss: 0.000e+00 | Val Loss: 1.828e-02 | Time: 6.75s
