2025-08-20 18:24:54,192:INFO:Created DataLoaders with 5994 training samples and 1998 validation samples.
2025-08-20 18:25:06,222:INFO:model params: 2512001
2025-08-20 18:25:06,222:INFO:removing projection layer after initialization
2025-08-20 18:25:21,999:INFO:Epoch: 0/40000 | Train Loss: 2.813e+00 | Dynamic Loss: 2.813e+00 | Regularization Loss: 0.000e+00 | Val Loss: 2.507e+00 | Time: 15.66s
2025-08-20 18:25:21,999:INFO:New best model found at epoch 0 with validation loss 2.507e+00. Saving...
2025-08-20 18:25:30,255:INFO:Epoch: 50/40000 | Train Loss: 1.809e+00 | Dynamic Loss: 1.809e+00 | Regularization Loss: 0.000e+00 | Val Loss: 1.803e+00 | Time: 8.03s
2025-08-20 18:25:30,255:INFO:New best model found at epoch 50 with validation loss 1.803e+00. Saving...
2025-08-20 18:25:45,258:INFO:Epoch: 100/40000 | Train Loss: 1.688e+00 | Dynamic Loss: 1.688e+00 | Regularization Loss: 0.000e+00 | Val Loss: 1.739e+00 | Time: 14.88s
2025-08-20 18:25:45,258:INFO:New best model found at epoch 100 with validation loss 1.739e+00. Saving...
2025-08-20 18:25:53,546:INFO:Epoch: 150/40000 | Train Loss: 1.648e+00 | Dynamic Loss: 1.648e+00 | Regularization Loss: 0.000e+00 | Val Loss: 1.692e+00 | Time: 8.15s
2025-08-20 18:25:53,546:INFO:New best model found at epoch 150 with validation loss 1.692e+00. Saving...
2025-08-20 18:26:01,906:INFO:Epoch: 200/40000 | Train Loss: 1.611e+00 | Dynamic Loss: 1.611e+00 | Regularization Loss: 0.000e+00 | Val Loss: 1.660e+00 | Time: 8.22s
2025-08-20 18:26:01,906:INFO:New best model found at epoch 200 with validation loss 1.660e+00. Saving...
2025-08-20 18:26:18,302:INFO:Epoch: 250/40000 | Train Loss: 1.575e+00 | Dynamic Loss: 1.575e+00 | Regularization Loss: 0.000e+00 | Val Loss: 1.630e+00 | Time: 16.27s
2025-08-20 18:26:18,302:INFO:New best model found at epoch 250 with validation loss 1.630e+00. Saving...
2025-08-20 18:26:26,685:INFO:Epoch: 300/40000 | Train Loss: 1.544e+00 | Dynamic Loss: 1.544e+00 | Regularization Loss: 0.000e+00 | Val Loss: 1.600e+00 | Time: 8.26s
2025-08-20 18:26:26,686:INFO:New best model found at epoch 300 with validation loss 1.600e+00. Saving...
2025-08-20 18:26:35,247:INFO:Epoch: 350/40000 | Train Loss: 1.518e+00 | Dynamic Loss: 1.518e+00 | Regularization Loss: 0.000e+00 | Val Loss: 1.562e+00 | Time: 8.43s
2025-08-20 18:26:35,247:INFO:New best model found at epoch 350 with validation loss 1.562e+00. Saving...
2025-08-20 18:26:51,067:INFO:Epoch: 400/40000 | Train Loss: 1.395e+00 | Dynamic Loss: 1.395e+00 | Regularization Loss: 0.000e+00 | Val Loss: 1.439e+00 | Time: 15.69s
2025-08-20 18:26:51,067:INFO:New best model found at epoch 400 with validation loss 1.439e+00. Saving...
2025-08-20 18:26:59,524:INFO:Epoch: 450/40000 | Train Loss: 1.399e+00 | Dynamic Loss: 1.399e+00 | Regularization Loss: 0.000e+00 | Val Loss: 1.435e+00 | Time: 8.33s
2025-08-20 18:26:59,524:INFO:New best model found at epoch 450 with validation loss 1.435e+00. Saving...
2025-08-20 18:27:07,963:INFO:Epoch: 500/40000 | Train Loss: 1.223e+00 | Dynamic Loss: 1.223e+00 | Regularization Loss: 0.000e+00 | Val Loss: 1.273e+00 | Time: 8.32s
2025-08-20 18:27:07,963:INFO:New best model found at epoch 500 with validation loss 1.273e+00. Saving...
2025-08-20 18:27:24,710:INFO:Epoch: 550/40000 | Train Loss: 1.159e+00 | Dynamic Loss: 1.159e+00 | Regularization Loss: 0.000e+00 | Val Loss: 1.208e+00 | Time: 16.63s
2025-08-20 18:27:24,711:INFO:New best model found at epoch 550 with validation loss 1.208e+00. Saving...
2025-08-20 18:27:33,278:INFO:Epoch: 600/40000 | Train Loss: 1.093e+00 | Dynamic Loss: 1.093e+00 | Regularization Loss: 0.000e+00 | Val Loss: 1.151e+00 | Time: 8.43s
2025-08-20 18:27:33,278:INFO:New best model found at epoch 600 with validation loss 1.151e+00. Saving...
2025-08-20 18:27:41,743:INFO:Epoch: 650/40000 | Train Loss: 1.125e+00 | Dynamic Loss: 1.125e+00 | Regularization Loss: 0.000e+00 | Val Loss: 1.429e+00 | Time: 8.33s
2025-08-20 18:27:58,555:INFO:Epoch: 700/40000 | Train Loss: 1.008e+00 | Dynamic Loss: 1.008e+00 | Regularization Loss: 0.000e+00 | Val Loss: 1.072e+00 | Time: 16.70s
2025-08-20 18:27:58,555:INFO:New best model found at epoch 700 with validation loss 1.072e+00. Saving...
2025-08-20 18:28:07,032:INFO:Epoch: 750/40000 | Train Loss: 9.342e-01 | Dynamic Loss: 9.342e-01 | Regularization Loss: 0.000e+00 | Val Loss: 9.994e-01 | Time: 8.35s
2025-08-20 18:28:07,032:INFO:New best model found at epoch 750 with validation loss 9.994e-01. Saving...
2025-08-20 18:28:15,556:INFO:Epoch: 800/40000 | Train Loss: 9.354e-01 | Dynamic Loss: 9.354e-01 | Regularization Loss: 0.000e+00 | Val Loss: 9.983e-01 | Time: 8.39s
2025-08-20 18:28:15,556:INFO:New best model found at epoch 800 with validation loss 9.983e-01. Saving...
2025-08-20 18:28:32,102:INFO:Epoch: 850/40000 | Train Loss: 9.198e-01 | Dynamic Loss: 9.198e-01 | Regularization Loss: 0.000e+00 | Val Loss: 1.192e+00 | Time: 16.43s
2025-08-20 18:28:40,617:INFO:Epoch: 900/40000 | Train Loss: 8.625e-01 | Dynamic Loss: 8.625e-01 | Regularization Loss: 0.000e+00 | Val Loss: 9.358e-01 | Time: 8.41s
2025-08-20 18:28:40,618:INFO:New best model found at epoch 900 with validation loss 9.358e-01. Saving...
2025-08-20 18:28:49,217:INFO:Epoch: 950/40000 | Train Loss: 1.169e+00 | Dynamic Loss: 1.169e+00 | Regularization Loss: 0.000e+00 | Val Loss: 2.054e+00 | Time: 8.47s
2025-08-20 18:29:05,740:INFO:Epoch: 1000/40000 | Train Loss: 8.629e-01 | Dynamic Loss: 8.629e-01 | Regularization Loss: 0.000e+00 | Val Loss: 9.327e-01 | Time: 16.42s
2025-08-20 18:29:05,741:INFO:New best model found at epoch 1000 with validation loss 9.327e-01. Saving...
2025-08-20 18:29:14,329:INFO:Epoch: 1050/40000 | Train Loss: 7.469e-01 | Dynamic Loss: 7.469e-01 | Regularization Loss: 0.000e+00 | Val Loss: 8.134e-01 | Time: 8.46s
2025-08-20 18:29:14,329:INFO:New best model found at epoch 1050 with validation loss 8.134e-01. Saving...
2025-08-20 18:29:22,786:INFO:Epoch: 1100/40000 | Train Loss: 7.468e-01 | Dynamic Loss: 7.468e-01 | Regularization Loss: 0.000e+00 | Val Loss: 8.238e-01 | Time: 8.33s
2025-08-20 18:29:31,478:INFO:Epoch: 1150/40000 | Train Loss: 7.398e-01 | Dynamic Loss: 7.398e-01 | Regularization Loss: 0.000e+00 | Val Loss: 8.000e-01 | Time: 8.59s
2025-08-20 18:29:31,478:INFO:New best model found at epoch 1150 with validation loss 8.000e-01. Saving...
2025-08-20 18:29:39,977:INFO:Epoch: 1200/40000 | Train Loss: 7.002e-01 | Dynamic Loss: 7.002e-01 | Regularization Loss: 0.000e+00 | Val Loss: 7.756e-01 | Time: 8.37s
2025-08-20 18:29:39,977:INFO:New best model found at epoch 1200 with validation loss 7.756e-01. Saving...
2025-08-20 18:29:48,460:INFO:Epoch: 1250/40000 | Train Loss: 7.110e-01 | Dynamic Loss: 7.110e-01 | Regularization Loss: 0.000e+00 | Val Loss: 7.581e-01 | Time: 8.35s
2025-08-20 18:29:48,460:INFO:New best model found at epoch 1250 with validation loss 7.581e-01. Saving...
2025-08-20 18:29:57,108:INFO:Epoch: 1300/40000 | Train Loss: 8.868e-01 | Dynamic Loss: 8.868e-01 | Regularization Loss: 0.000e+00 | Val Loss: 7.580e-01 | Time: 8.52s
2025-08-20 18:29:57,109:INFO:New best model found at epoch 1300 with validation loss 7.580e-01. Saving...
2025-08-20 18:30:05,777:INFO:Epoch: 1350/40000 | Train Loss: 6.188e-01 | Dynamic Loss: 6.188e-01 | Regularization Loss: 0.000e+00 | Val Loss: 6.902e-01 | Time: 8.53s
2025-08-20 18:30:05,777:INFO:New best model found at epoch 1350 with validation loss 6.902e-01. Saving...
2025-08-20 18:30:14,318:INFO:Epoch: 1400/40000 | Train Loss: 6.306e-01 | Dynamic Loss: 6.306e-01 | Regularization Loss: 0.000e+00 | Val Loss: 7.061e-01 | Time: 8.41s
2025-08-20 18:30:30,569:INFO:Epoch: 1450/40000 | Train Loss: 7.001e-01 | Dynamic Loss: 7.001e-01 | Regularization Loss: 0.000e+00 | Val Loss: 7.805e-01 | Time: 16.14s
2025-08-20 18:30:39,178:INFO:Epoch: 1500/40000 | Train Loss: 5.906e-01 | Dynamic Loss: 5.906e-01 | Regularization Loss: 0.000e+00 | Val Loss: 6.592e-01 | Time: 8.50s
2025-08-20 18:30:39,178:INFO:New best model found at epoch 1500 with validation loss 6.592e-01. Saving...
2025-08-20 18:30:47,930:INFO:Epoch: 1550/40000 | Train Loss: 5.749e-01 | Dynamic Loss: 5.749e-01 | Regularization Loss: 0.000e+00 | Val Loss: 6.439e-01 | Time: 8.62s
2025-08-20 18:30:47,930:INFO:New best model found at epoch 1550 with validation loss 6.439e-01. Saving...
2025-08-20 18:30:56,524:INFO:Epoch: 1600/40000 | Train Loss: 5.834e-01 | Dynamic Loss: 5.834e-01 | Regularization Loss: 0.000e+00 | Val Loss: 7.316e-01 | Time: 8.46s
2025-08-20 18:31:05,054:INFO:Epoch: 1650/40000 | Train Loss: 5.354e-01 | Dynamic Loss: 5.354e-01 | Regularization Loss: 0.000e+00 | Val Loss: 6.033e-01 | Time: 8.42s
2025-08-20 18:31:05,055:INFO:New best model found at epoch 1650 with validation loss 6.033e-01. Saving...
2025-08-20 18:31:13,682:INFO:Epoch: 1700/40000 | Train Loss: 7.390e-01 | Dynamic Loss: 7.390e-01 | Regularization Loss: 0.000e+00 | Val Loss: 7.682e-01 | Time: 8.49s
2025-08-20 18:31:30,799:INFO:Epoch: 1750/40000 | Train Loss: 5.144e-01 | Dynamic Loss: 5.144e-01 | Regularization Loss: 0.000e+00 | Val Loss: 5.842e-01 | Time: 17.01s
2025-08-20 18:31:30,799:INFO:New best model found at epoch 1750 with validation loss 5.842e-01. Saving...
2025-08-20 18:31:39,304:INFO:Epoch: 1800/40000 | Train Loss: 7.245e-01 | Dynamic Loss: 7.245e-01 | Regularization Loss: 0.000e+00 | Val Loss: 1.100e+00 | Time: 8.38s
2025-08-20 18:31:48,248:INFO:Epoch: 1850/40000 | Train Loss: 5.518e-01 | Dynamic Loss: 5.518e-01 | Regularization Loss: 0.000e+00 | Val Loss: 6.166e-01 | Time: 8.83s
2025-08-20 18:32:04,850:INFO:Epoch: 1900/40000 | Train Loss: 4.993e-01 | Dynamic Loss: 4.993e-01 | Regularization Loss: 0.000e+00 | Val Loss: 5.635e-01 | Time: 16.49s
2025-08-20 18:32:04,851:INFO:New best model found at epoch 1900 with validation loss 5.635e-01. Saving...
2025-08-20 18:32:13,497:INFO:Epoch: 1950/40000 | Train Loss: 5.979e-01 | Dynamic Loss: 5.979e-01 | Regularization Loss: 0.000e+00 | Val Loss: 5.707e-01 | Time: 8.52s
2025-08-20 18:32:21,969:INFO:Epoch: 2000/40000 | Train Loss: 4.540e-01 | Dynamic Loss: 4.540e-01 | Regularization Loss: 0.000e+00 | Val Loss: 5.137e-01 | Time: 8.36s
2025-08-20 18:32:21,969:INFO:New best model found at epoch 2000 with validation loss 5.137e-01. Saving...
2025-08-20 18:32:38,958:INFO:Epoch: 2050/40000 | Train Loss: 4.521e-01 | Dynamic Loss: 4.521e-01 | Regularization Loss: 0.000e+00 | Val Loss: 5.079e-01 | Time: 16.87s
2025-08-20 18:32:38,958:INFO:New best model found at epoch 2050 with validation loss 5.079e-01. Saving...
2025-08-20 18:32:47,563:INFO:Epoch: 2100/40000 | Train Loss: 4.300e-01 | Dynamic Loss: 4.300e-01 | Regularization Loss: 0.000e+00 | Val Loss: 4.904e-01 | Time: 8.49s
2025-08-20 18:32:47,563:INFO:New best model found at epoch 2100 with validation loss 4.904e-01. Saving...
2025-08-20 18:32:56,021:INFO:Epoch: 2150/40000 | Train Loss: 5.646e-01 | Dynamic Loss: 5.646e-01 | Regularization Loss: 0.000e+00 | Val Loss: 5.395e-01 | Time: 8.34s
2025-08-20 18:33:13,411:INFO:Epoch: 2200/40000 | Train Loss: 6.802e-01 | Dynamic Loss: 6.802e-01 | Regularization Loss: 0.000e+00 | Val Loss: 6.157e-01 | Time: 17.29s
2025-08-20 18:33:21,884:INFO:Epoch: 2250/40000 | Train Loss: 4.037e-01 | Dynamic Loss: 4.037e-01 | Regularization Loss: 0.000e+00 | Val Loss: 4.596e-01 | Time: 8.38s
2025-08-20 18:33:21,884:INFO:New best model found at epoch 2250 with validation loss 4.596e-01. Saving...
2025-08-20 18:33:30,511:INFO:Epoch: 2300/40000 | Train Loss: 4.280e-01 | Dynamic Loss: 4.280e-01 | Regularization Loss: 0.000e+00 | Val Loss: 4.771e-01 | Time: 8.50s
2025-08-20 18:33:47,603:INFO:Epoch: 2350/40000 | Train Loss: 4.216e-01 | Dynamic Loss: 4.216e-01 | Regularization Loss: 0.000e+00 | Val Loss: 5.338e-01 | Time: 16.99s
2025-08-20 18:33:56,382:INFO:Epoch: 2400/40000 | Train Loss: 3.853e-01 | Dynamic Loss: 3.853e-01 | Regularization Loss: 0.000e+00 | Val Loss: 4.629e-01 | Time: 8.68s
2025-08-20 18:34:05,029:INFO:Epoch: 2450/40000 | Train Loss: 3.676e-01 | Dynamic Loss: 3.676e-01 | Regularization Loss: 0.000e+00 | Val Loss: 4.186e-01 | Time: 8.54s
2025-08-20 18:34:05,029:INFO:New best model found at epoch 2450 with validation loss 4.186e-01. Saving...
2025-08-20 18:34:13,768:INFO:Epoch: 2500/40000 | Train Loss: 4.646e-01 | Dynamic Loss: 4.646e-01 | Regularization Loss: 0.000e+00 | Val Loss: 5.691e-01 | Time: 8.61s
2025-08-20 18:34:22,401:INFO:Epoch: 2550/40000 | Train Loss: 3.731e-01 | Dynamic Loss: 3.731e-01 | Regularization Loss: 0.000e+00 | Val Loss: 4.281e-01 | Time: 8.53s
2025-08-20 18:34:30,995:INFO:Epoch: 2600/40000 | Train Loss: 4.656e-01 | Dynamic Loss: 4.656e-01 | Regularization Loss: 0.000e+00 | Val Loss: 4.405e-01 | Time: 8.49s
2025-08-20 18:34:47,531:INFO:Epoch: 2650/40000 | Train Loss: 4.045e-01 | Dynamic Loss: 4.045e-01 | Regularization Loss: 0.000e+00 | Val Loss: 6.313e-01 | Time: 16.43s
2025-08-20 18:34:56,370:INFO:Epoch: 2700/40000 | Train Loss: 4.075e-01 | Dynamic Loss: 4.075e-01 | Regularization Loss: 0.000e+00 | Val Loss: 4.207e-01 | Time: 8.73s
2025-08-20 18:35:05,167:INFO:Epoch: 2750/40000 | Train Loss: 3.332e-01 | Dynamic Loss: 3.332e-01 | Regularization Loss: 0.000e+00 | Val Loss: 3.777e-01 | Time: 8.69s
2025-08-20 18:35:05,167:INFO:New best model found at epoch 2750 with validation loss 3.777e-01. Saving...
2025-08-20 18:35:13,993:INFO:Epoch: 2800/40000 | Train Loss: 3.736e-01 | Dynamic Loss: 3.736e-01 | Regularization Loss: 0.000e+00 | Val Loss: 4.120e-01 | Time: 8.69s
2025-08-20 18:35:22,647:INFO:Epoch: 2850/40000 | Train Loss: 3.422e-01 | Dynamic Loss: 3.422e-01 | Regularization Loss: 0.000e+00 | Val Loss: 3.913e-01 | Time: 8.55s
2025-08-20 18:35:31,328:INFO:Epoch: 2900/40000 | Train Loss: 3.184e-01 | Dynamic Loss: 3.184e-01 | Regularization Loss: 0.000e+00 | Val Loss: 3.600e-01 | Time: 8.58s
2025-08-20 18:35:31,328:INFO:New best model found at epoch 2900 with validation loss 3.600e-01. Saving...
2025-08-20 18:35:47,874:INFO:Epoch: 2950/40000 | Train Loss: 3.141e-01 | Dynamic Loss: 3.141e-01 | Regularization Loss: 0.000e+00 | Val Loss: 3.558e-01 | Time: 16.42s
2025-08-20 18:35:47,874:INFO:New best model found at epoch 2950 with validation loss 3.558e-01. Saving...
2025-08-20 18:35:56,446:INFO:Epoch: 3000/40000 | Train Loss: 3.122e-01 | Dynamic Loss: 3.122e-01 | Regularization Loss: 0.000e+00 | Val Loss: 3.570e-01 | Time: 8.45s
2025-08-20 18:36:05,074:INFO:Epoch: 3050/40000 | Train Loss: 3.044e-01 | Dynamic Loss: 3.044e-01 | Regularization Loss: 0.000e+00 | Val Loss: 3.458e-01 | Time: 8.52s
2025-08-20 18:36:05,074:INFO:New best model found at epoch 3050 with validation loss 3.458e-01. Saving...
2025-08-20 18:36:14,046:INFO:Epoch: 3100/40000 | Train Loss: 3.052e-01 | Dynamic Loss: 3.052e-01 | Regularization Loss: 0.000e+00 | Val Loss: 3.436e-01 | Time: 8.84s
2025-08-20 18:36:14,047:INFO:New best model found at epoch 3100 with validation loss 3.436e-01. Saving...
2025-08-20 18:36:22,666:INFO:Epoch: 3150/40000 | Train Loss: 3.302e-01 | Dynamic Loss: 3.302e-01 | Regularization Loss: 0.000e+00 | Val Loss: 3.499e-01 | Time: 8.49s
2025-08-20 18:36:31,390:INFO:Epoch: 3200/40000 | Train Loss: 2.969e-01 | Dynamic Loss: 2.969e-01 | Regularization Loss: 0.000e+00 | Val Loss: 3.411e-01 | Time: 8.62s
2025-08-20 18:36:31,390:INFO:New best model found at epoch 3200 with validation loss 3.411e-01. Saving...
2025-08-20 18:36:40,076:INFO:Epoch: 3250/40000 | Train Loss: 2.901e-01 | Dynamic Loss: 2.901e-01 | Regularization Loss: 0.000e+00 | Val Loss: 3.263e-01 | Time: 8.56s
2025-08-20 18:36:40,076:INFO:New best model found at epoch 3250 with validation loss 3.263e-01. Saving...
2025-08-20 18:36:48,708:INFO:Epoch: 3300/40000 | Train Loss: 2.962e-01 | Dynamic Loss: 2.962e-01 | Regularization Loss: 0.000e+00 | Val Loss: 3.349e-01 | Time: 8.50s
2025-08-20 18:36:57,437:INFO:Epoch: 3350/40000 | Train Loss: 2.860e-01 | Dynamic Loss: 2.860e-01 | Regularization Loss: 0.000e+00 | Val Loss: 3.216e-01 | Time: 8.61s
2025-08-20 18:36:57,437:INFO:New best model found at epoch 3350 with validation loss 3.216e-01. Saving...
2025-08-20 18:37:06,260:INFO:Epoch: 3400/40000 | Train Loss: 2.985e-01 | Dynamic Loss: 2.985e-01 | Regularization Loss: 0.000e+00 | Val Loss: 4.116e-01 | Time: 8.69s
2025-08-20 18:37:14,877:INFO:Epoch: 3450/40000 | Train Loss: 3.325e-01 | Dynamic Loss: 3.325e-01 | Regularization Loss: 0.000e+00 | Val Loss: 3.230e-01 | Time: 8.51s
2025-08-20 18:37:23,432:INFO:Epoch: 3500/40000 | Train Loss: 3.181e-01 | Dynamic Loss: 3.181e-01 | Regularization Loss: 0.000e+00 | Val Loss: 4.207e-01 | Time: 8.44s
2025-08-20 18:37:32,094:INFO:Epoch: 3550/40000 | Train Loss: 2.690e-01 | Dynamic Loss: 2.690e-01 | Regularization Loss: 0.000e+00 | Val Loss: 3.088e-01 | Time: 8.55s
2025-08-20 18:37:32,094:INFO:New best model found at epoch 3550 with validation loss 3.088e-01. Saving...
2025-08-20 18:37:40,759:INFO:Epoch: 3600/40000 | Train Loss: 2.818e-01 | Dynamic Loss: 2.818e-01 | Regularization Loss: 0.000e+00 | Val Loss: 3.205e-01 | Time: 8.53s
2025-08-20 18:37:49,320:INFO:Epoch: 3650/40000 | Train Loss: 2.684e-01 | Dynamic Loss: 2.684e-01 | Regularization Loss: 0.000e+00 | Val Loss: 3.052e-01 | Time: 8.45s
2025-08-20 18:37:49,320:INFO:New best model found at epoch 3650 with validation loss 3.052e-01. Saving...
2025-08-20 18:37:58,043:INFO:Epoch: 3700/40000 | Train Loss: 3.650e-01 | Dynamic Loss: 3.650e-01 | Regularization Loss: 0.000e+00 | Val Loss: 4.122e-01 | Time: 8.59s
2025-08-20 18:38:06,621:INFO:Epoch: 3750/40000 | Train Loss: 2.664e-01 | Dynamic Loss: 2.664e-01 | Regularization Loss: 0.000e+00 | Val Loss: 3.047e-01 | Time: 8.47s
2025-08-20 18:38:06,621:INFO:New best model found at epoch 3750 with validation loss 3.047e-01. Saving...
2025-08-20 18:38:15,271:INFO:Epoch: 3800/40000 | Train Loss: 2.607e-01 | Dynamic Loss: 2.607e-01 | Regularization Loss: 0.000e+00 | Val Loss: 2.936e-01 | Time: 8.52s
2025-08-20 18:38:15,271:INFO:New best model found at epoch 3800 with validation loss 2.936e-01. Saving...
2025-08-20 18:38:24,083:INFO:Epoch: 3850/40000 | Train Loss: 2.909e-01 | Dynamic Loss: 2.909e-01 | Regularization Loss: 0.000e+00 | Val Loss: 3.245e-01 | Time: 8.68s
2025-08-20 18:38:32,644:INFO:Epoch: 3900/40000 | Train Loss: 2.578e-01 | Dynamic Loss: 2.578e-01 | Regularization Loss: 0.000e+00 | Val Loss: 2.881e-01 | Time: 8.45s
2025-08-20 18:38:32,645:INFO:New best model found at epoch 3900 with validation loss 2.881e-01. Saving...
2025-08-20 18:38:41,295:INFO:Epoch: 3950/40000 | Train Loss: 2.463e-01 | Dynamic Loss: 2.463e-01 | Regularization Loss: 0.000e+00 | Val Loss: 2.810e-01 | Time: 8.52s
2025-08-20 18:38:41,295:INFO:New best model found at epoch 3950 with validation loss 2.810e-01. Saving...
2025-08-20 18:38:49,723:INFO:Epoch: 4000/40000 | Train Loss: 2.453e-01 | Dynamic Loss: 2.453e-01 | Regularization Loss: 0.000e+00 | Val Loss: 2.786e-01 | Time: 8.30s
2025-08-20 18:38:49,724:INFO:New best model found at epoch 4000 with validation loss 2.786e-01. Saving...
2025-08-20 18:38:58,410:INFO:Epoch: 4050/40000 | Train Loss: 2.425e-01 | Dynamic Loss: 2.425e-01 | Regularization Loss: 0.000e+00 | Val Loss: 2.758e-01 | Time: 8.56s
2025-08-20 18:38:58,410:INFO:New best model found at epoch 4050 with validation loss 2.758e-01. Saving...
2025-08-20 18:39:06,916:INFO:Epoch: 4100/40000 | Train Loss: 2.430e-01 | Dynamic Loss: 2.430e-01 | Regularization Loss: 0.000e+00 | Val Loss: 2.707e-01 | Time: 8.39s
2025-08-20 18:39:06,916:INFO:New best model found at epoch 4100 with validation loss 2.707e-01. Saving...
2025-08-20 18:39:15,598:INFO:Epoch: 4150/40000 | Train Loss: 2.361e-01 | Dynamic Loss: 2.361e-01 | Regularization Loss: 0.000e+00 | Val Loss: 2.712e-01 | Time: 8.56s
2025-08-20 18:39:24,208:INFO:Epoch: 4200/40000 | Train Loss: 3.031e-01 | Dynamic Loss: 3.031e-01 | Regularization Loss: 0.000e+00 | Val Loss: 3.315e-01 | Time: 8.50s
2025-08-20 18:39:32,767:INFO:Epoch: 4250/40000 | Train Loss: 2.297e-01 | Dynamic Loss: 2.297e-01 | Regularization Loss: 0.000e+00 | Val Loss: 2.572e-01 | Time: 8.46s
2025-08-20 18:39:32,767:INFO:New best model found at epoch 4250 with validation loss 2.572e-01. Saving...
2025-08-20 18:39:41,397:INFO:Epoch: 4300/40000 | Train Loss: 2.288e-01 | Dynamic Loss: 2.288e-01 | Regularization Loss: 0.000e+00 | Val Loss: 2.550e-01 | Time: 8.51s
2025-08-20 18:39:41,397:INFO:New best model found at epoch 4300 with validation loss 2.550e-01. Saving...
2025-08-20 18:39:49,951:INFO:Epoch: 4350/40000 | Train Loss: 2.393e-01 | Dynamic Loss: 2.393e-01 | Regularization Loss: 0.000e+00 | Val Loss: 2.725e-01 | Time: 8.43s
2025-08-20 18:39:58,426:INFO:Epoch: 4400/40000 | Train Loss: 2.833e-01 | Dynamic Loss: 2.833e-01 | Regularization Loss: 0.000e+00 | Val Loss: 3.064e-01 | Time: 8.38s
2025-08-20 18:40:07,086:INFO:Epoch: 4450/40000 | Train Loss: 3.412e-01 | Dynamic Loss: 3.412e-01 | Regularization Loss: 0.000e+00 | Val Loss: 3.815e-01 | Time: 8.56s
2025-08-20 18:40:15,637:INFO:Epoch: 4500/40000 | Train Loss: 2.223e-01 | Dynamic Loss: 2.223e-01 | Regularization Loss: 0.000e+00 | Val Loss: 2.501e-01 | Time: 8.45s
2025-08-20 18:40:15,637:INFO:New best model found at epoch 4500 with validation loss 2.501e-01. Saving...
2025-08-20 18:40:24,325:INFO:Epoch: 4550/40000 | Train Loss: 2.219e-01 | Dynamic Loss: 2.219e-01 | Regularization Loss: 0.000e+00 | Val Loss: 2.517e-01 | Time: 8.56s
2025-08-20 18:40:32,961:INFO:Epoch: 4600/40000 | Train Loss: 3.219e-01 | Dynamic Loss: 3.219e-01 | Regularization Loss: 0.000e+00 | Val Loss: 3.266e-01 | Time: 8.54s
2025-08-20 18:40:41,489:INFO:Epoch: 4650/40000 | Train Loss: 2.499e-01 | Dynamic Loss: 2.499e-01 | Regularization Loss: 0.000e+00 | Val Loss: 2.902e-01 | Time: 8.42s
2025-08-20 18:40:50,057:INFO:Epoch: 4700/40000 | Train Loss: 2.173e-01 | Dynamic Loss: 2.173e-01 | Regularization Loss: 0.000e+00 | Val Loss: 2.509e-01 | Time: 8.47s
2025-08-20 18:40:58,711:INFO:Epoch: 4750/40000 | Train Loss: 2.121e-01 | Dynamic Loss: 2.121e-01 | Regularization Loss: 0.000e+00 | Val Loss: 2.415e-01 | Time: 8.56s
2025-08-20 18:40:58,711:INFO:New best model found at epoch 4750 with validation loss 2.415e-01. Saving...
2025-08-20 18:41:07,352:INFO:Epoch: 4800/40000 | Train Loss: 2.105e-01 | Dynamic Loss: 2.105e-01 | Regularization Loss: 0.000e+00 | Val Loss: 2.446e-01 | Time: 8.49s
2025-08-20 18:41:16,099:INFO:Epoch: 4850/40000 | Train Loss: 2.157e-01 | Dynamic Loss: 2.157e-01 | Regularization Loss: 0.000e+00 | Val Loss: 2.347e-01 | Time: 8.65s
2025-08-20 18:41:16,099:INFO:New best model found at epoch 4850 with validation loss 2.347e-01. Saving...
2025-08-20 18:41:24,790:INFO:Epoch: 4900/40000 | Train Loss: 2.134e-01 | Dynamic Loss: 2.134e-01 | Regularization Loss: 0.000e+00 | Val Loss: 2.395e-01 | Time: 8.56s
2025-08-20 18:41:33,386:INFO:Epoch: 4950/40000 | Train Loss: 4.128e-01 | Dynamic Loss: 4.128e-01 | Regularization Loss: 0.000e+00 | Val Loss: 3.683e-01 | Time: 8.50s
2025-08-20 18:41:42,076:INFO:Epoch: 5000/40000 | Train Loss: 2.236e-01 | Dynamic Loss: 2.236e-01 | Regularization Loss: 0.000e+00 | Val Loss: 2.398e-01 | Time: 8.58s
2025-08-20 18:41:50,869:INFO:Epoch: 5050/40000 | Train Loss: 1.966e-01 | Dynamic Loss: 1.966e-01 | Regularization Loss: 0.000e+00 | Val Loss: 2.330e-01 | Time: 8.69s
2025-08-20 18:41:50,869:INFO:New best model found at epoch 5050 with validation loss 2.330e-01. Saving...
2025-08-20 18:41:59,453:INFO:Epoch: 5100/40000 | Train Loss: 2.333e-01 | Dynamic Loss: 2.333e-01 | Regularization Loss: 0.000e+00 | Val Loss: 3.377e-01 | Time: 8.46s
2025-08-20 18:42:08,127:INFO:Epoch: 5150/40000 | Train Loss: 4.135e-01 | Dynamic Loss: 4.135e-01 | Regularization Loss: 0.000e+00 | Val Loss: 4.326e-01 | Time: 8.57s
2025-08-20 18:42:24,498:INFO:Epoch: 5200/40000 | Train Loss: 1.943e-01 | Dynamic Loss: 1.943e-01 | Regularization Loss: 0.000e+00 | Val Loss: 2.181e-01 | Time: 16.27s
2025-08-20 18:42:24,498:INFO:New best model found at epoch 5200 with validation loss 2.181e-01. Saving...
2025-08-20 18:42:33,157:INFO:Epoch: 5250/40000 | Train Loss: 1.937e-01 | Dynamic Loss: 1.937e-01 | Regularization Loss: 0.000e+00 | Val Loss: 2.163e-01 | Time: 8.54s
2025-08-20 18:42:33,157:INFO:New best model found at epoch 5250 with validation loss 2.163e-01. Saving...
2025-08-20 18:42:41,791:INFO:Epoch: 5300/40000 | Train Loss: 1.834e-01 | Dynamic Loss: 1.834e-01 | Regularization Loss: 0.000e+00 | Val Loss: 2.107e-01 | Time: 8.51s
2025-08-20 18:42:41,791:INFO:New best model found at epoch 5300 with validation loss 2.107e-01. Saving...
2025-08-20 18:42:50,549:INFO:Epoch: 5350/40000 | Train Loss: 3.436e-01 | Dynamic Loss: 3.436e-01 | Regularization Loss: 0.000e+00 | Val Loss: 6.367e-01 | Time: 8.63s
2025-08-20 18:42:59,127:INFO:Epoch: 5400/40000 | Train Loss: 1.837e-01 | Dynamic Loss: 1.837e-01 | Regularization Loss: 0.000e+00 | Val Loss: 2.087e-01 | Time: 8.48s
2025-08-20 18:42:59,128:INFO:New best model found at epoch 5400 with validation loss 2.087e-01. Saving...
2025-08-20 18:43:07,675:INFO:Epoch: 5450/40000 | Train Loss: 1.856e-01 | Dynamic Loss: 1.856e-01 | Regularization Loss: 0.000e+00 | Val Loss: 2.173e-01 | Time: 8.42s
2025-08-20 18:43:16,270:INFO:Epoch: 5500/40000 | Train Loss: 1.900e-01 | Dynamic Loss: 1.900e-01 | Regularization Loss: 0.000e+00 | Val Loss: 2.161e-01 | Time: 8.49s
2025-08-20 18:43:32,820:INFO:Epoch: 5550/40000 | Train Loss: 2.832e-01 | Dynamic Loss: 2.832e-01 | Regularization Loss: 0.000e+00 | Val Loss: 2.753e-01 | Time: 16.45s
2025-08-20 18:43:41,427:INFO:Epoch: 5600/40000 | Train Loss: 1.714e-01 | Dynamic Loss: 1.714e-01 | Regularization Loss: 0.000e+00 | Val Loss: 1.947e-01 | Time: 8.50s
2025-08-20 18:43:41,427:INFO:New best model found at epoch 5600 with validation loss 1.947e-01. Saving...
2025-08-20 18:43:50,071:INFO:Epoch: 5650/40000 | Train Loss: 1.602e-01 | Dynamic Loss: 1.602e-01 | Regularization Loss: 0.000e+00 | Val Loss: 1.888e-01 | Time: 8.48s
2025-08-20 18:43:50,072:INFO:New best model found at epoch 5650 with validation loss 1.888e-01. Saving...
2025-08-20 18:43:58,865:INFO:Epoch: 5700/40000 | Train Loss: 1.603e-01 | Dynamic Loss: 1.603e-01 | Regularization Loss: 0.000e+00 | Val Loss: 1.884e-01 | Time: 8.67s
2025-08-20 18:43:58,866:INFO:New best model found at epoch 5700 with validation loss 1.884e-01. Saving...
2025-08-20 18:44:07,445:INFO:Epoch: 5750/40000 | Train Loss: 2.181e-01 | Dynamic Loss: 2.181e-01 | Regularization Loss: 0.000e+00 | Val Loss: 2.002e-01 | Time: 8.44s
2025-08-20 18:44:16,103:INFO:Epoch: 5800/40000 | Train Loss: 1.666e-01 | Dynamic Loss: 1.666e-01 | Regularization Loss: 0.000e+00 | Val Loss: 1.904e-01 | Time: 8.55s
2025-08-20 18:44:24,953:INFO:Epoch: 5850/40000 | Train Loss: 1.524e-01 | Dynamic Loss: 1.524e-01 | Regularization Loss: 0.000e+00 | Val Loss: 1.876e-01 | Time: 8.74s
2025-08-20 18:44:24,953:INFO:New best model found at epoch 5850 with validation loss 1.876e-01. Saving...
2025-08-20 18:44:33,767:INFO:Epoch: 5900/40000 | Train Loss: 1.865e-01 | Dynamic Loss: 1.865e-01 | Regularization Loss: 0.000e+00 | Val Loss: 2.070e-01 | Time: 8.68s
2025-08-20 18:44:42,326:INFO:Epoch: 5950/40000 | Train Loss: 1.587e-01 | Dynamic Loss: 1.587e-01 | Regularization Loss: 0.000e+00 | Val Loss: 1.825e-01 | Time: 8.45s
2025-08-20 18:44:42,326:INFO:New best model found at epoch 5950 with validation loss 1.825e-01. Saving...
2025-08-20 18:44:50,941:INFO:Epoch: 6000/40000 | Train Loss: 1.413e-01 | Dynamic Loss: 1.413e-01 | Regularization Loss: 0.000e+00 | Val Loss: 1.698e-01 | Time: 8.48s
2025-08-20 18:44:50,941:INFO:New best model found at epoch 6000 with validation loss 1.698e-01. Saving...
2025-08-20 18:45:07,817:INFO:Epoch: 6050/40000 | Train Loss: 2.004e-01 | Dynamic Loss: 2.004e-01 | Regularization Loss: 0.000e+00 | Val Loss: 2.239e-01 | Time: 16.75s
2025-08-20 18:45:16,411:INFO:Epoch: 6100/40000 | Train Loss: 1.331e-01 | Dynamic Loss: 1.331e-01 | Regularization Loss: 0.000e+00 | Val Loss: 1.641e-01 | Time: 8.48s
2025-08-20 18:45:16,411:INFO:New best model found at epoch 6100 with validation loss 1.641e-01. Saving...
2025-08-20 18:45:25,052:INFO:Epoch: 6150/40000 | Train Loss: 1.354e-01 | Dynamic Loss: 1.354e-01 | Regularization Loss: 0.000e+00 | Val Loss: 1.645e-01 | Time: 8.51s
2025-08-20 18:45:34,679:INFO:Epoch: 6200/40000 | Train Loss: 1.396e-01 | Dynamic Loss: 1.396e-01 | Regularization Loss: 0.000e+00 | Val Loss: 1.821e-01 | Time: 9.52s
2025-08-20 18:45:43,349:INFO:Epoch: 6250/40000 | Train Loss: 1.252e-01 | Dynamic Loss: 1.252e-01 | Regularization Loss: 0.000e+00 | Val Loss: 1.541e-01 | Time: 8.56s
2025-08-20 18:45:43,349:INFO:New best model found at epoch 6250 with validation loss 1.541e-01. Saving...
2025-08-20 18:45:52,010:INFO:Epoch: 6300/40000 | Train Loss: 1.360e-01 | Dynamic Loss: 1.360e-01 | Regularization Loss: 0.000e+00 | Val Loss: 1.671e-01 | Time: 8.54s
2025-08-20 18:46:00,782:INFO:Epoch: 6350/40000 | Train Loss: 1.181e-01 | Dynamic Loss: 1.181e-01 | Regularization Loss: 0.000e+00 | Val Loss: 1.475e-01 | Time: 8.67s
2025-08-20 18:46:00,782:INFO:New best model found at epoch 6350 with validation loss 1.475e-01. Saving...
2025-08-20 18:46:09,381:INFO:Epoch: 6400/40000 | Train Loss: 2.715e-01 | Dynamic Loss: 2.715e-01 | Regularization Loss: 0.000e+00 | Val Loss: 2.893e-01 | Time: 8.48s
2025-08-20 18:46:18,220:INFO:Epoch: 6450/40000 | Train Loss: 1.501e-01 | Dynamic Loss: 1.501e-01 | Regularization Loss: 0.000e+00 | Val Loss: 2.063e-01 | Time: 8.73s
2025-08-20 18:46:26,997:INFO:Epoch: 6500/40000 | Train Loss: 1.227e-01 | Dynamic Loss: 1.227e-01 | Regularization Loss: 0.000e+00 | Val Loss: 1.519e-01 | Time: 8.67s
2025-08-20 18:46:35,536:INFO:Epoch: 6550/40000 | Train Loss: 1.199e-01 | Dynamic Loss: 1.199e-01 | Regularization Loss: 0.000e+00 | Val Loss: 1.509e-01 | Time: 8.43s
2025-08-20 18:46:44,290:INFO:Epoch: 6600/40000 | Train Loss: 1.878e-01 | Dynamic Loss: 1.878e-01 | Regularization Loss: 0.000e+00 | Val Loss: 2.136e-01 | Time: 8.64s
2025-08-20 18:46:53,083:INFO:Epoch: 6650/40000 | Train Loss: 1.109e-01 | Dynamic Loss: 1.109e-01 | Regularization Loss: 0.000e+00 | Val Loss: 1.368e-01 | Time: 8.68s
2025-08-20 18:46:53,084:INFO:New best model found at epoch 6650 with validation loss 1.368e-01. Saving...
2025-08-20 18:47:01,839:INFO:Epoch: 6700/40000 | Train Loss: 1.508e-01 | Dynamic Loss: 1.508e-01 | Regularization Loss: 0.000e+00 | Val Loss: 1.842e-01 | Time: 8.62s
2025-08-20 18:47:10,502:INFO:Epoch: 6750/40000 | Train Loss: 1.104e-01 | Dynamic Loss: 1.104e-01 | Regularization Loss: 0.000e+00 | Val Loss: 1.386e-01 | Time: 8.55s
2025-08-20 18:47:27,232:INFO:Epoch: 6800/40000 | Train Loss: 1.922e-01 | Dynamic Loss: 1.922e-01 | Regularization Loss: 0.000e+00 | Val Loss: 2.031e-01 | Time: 16.62s
2025-08-20 18:47:35,987:INFO:Epoch: 6850/40000 | Train Loss: 1.054e-01 | Dynamic Loss: 1.054e-01 | Regularization Loss: 0.000e+00 | Val Loss: 1.332e-01 | Time: 8.64s
2025-08-20 18:47:35,987:INFO:New best model found at epoch 6850 with validation loss 1.332e-01. Saving...
2025-08-20 18:47:44,538:INFO:Epoch: 6900/40000 | Train Loss: 1.154e-01 | Dynamic Loss: 1.154e-01 | Regularization Loss: 0.000e+00 | Val Loss: 1.421e-01 | Time: 8.42s
2025-08-20 18:47:53,356:INFO:Epoch: 6950/40000 | Train Loss: 1.675e-01 | Dynamic Loss: 1.675e-01 | Regularization Loss: 0.000e+00 | Val Loss: 1.864e-01 | Time: 8.70s
2025-08-20 18:48:02,021:INFO:Epoch: 7000/40000 | Train Loss: 1.205e-01 | Dynamic Loss: 1.205e-01 | Regularization Loss: 0.000e+00 | Val Loss: 1.445e-01 | Time: 8.56s
2025-08-20 18:48:10,603:INFO:Epoch: 7050/40000 | Train Loss: 1.975e-01 | Dynamic Loss: 1.975e-01 | Regularization Loss: 0.000e+00 | Val Loss: 2.312e-01 | Time: 8.47s
2025-08-20 18:48:19,833:INFO:Epoch: 7100/40000 | Train Loss: 1.791e-01 | Dynamic Loss: 1.791e-01 | Regularization Loss: 0.000e+00 | Val Loss: 2.455e-01 | Time: 9.12s
2025-08-20 18:48:28,622:INFO:Epoch: 7150/40000 | Train Loss: 1.040e-01 | Dynamic Loss: 1.040e-01 | Regularization Loss: 0.000e+00 | Val Loss: 1.329e-01 | Time: 8.64s
2025-08-20 18:48:28,623:INFO:New best model found at epoch 7150 with validation loss 1.329e-01. Saving...
2025-08-20 18:48:37,195:INFO:Epoch: 7200/40000 | Train Loss: 1.418e-01 | Dynamic Loss: 1.418e-01 | Regularization Loss: 0.000e+00 | Val Loss: 2.185e-01 | Time: 8.44s
2025-08-20 18:48:54,615:INFO:Epoch: 7250/40000 | Train Loss: 1.443e-01 | Dynamic Loss: 1.443e-01 | Regularization Loss: 0.000e+00 | Val Loss: 1.745e-01 | Time: 17.31s
2025-08-20 18:49:03,349:INFO:Epoch: 7300/40000 | Train Loss: 1.102e-01 | Dynamic Loss: 1.102e-01 | Regularization Loss: 0.000e+00 | Val Loss: 1.321e-01 | Time: 8.62s
2025-08-20 18:49:03,349:INFO:New best model found at epoch 7300 with validation loss 1.321e-01. Saving...
2025-08-20 18:49:11,933:INFO:Epoch: 7350/40000 | Train Loss: 1.683e-01 | Dynamic Loss: 1.683e-01 | Regularization Loss: 0.000e+00 | Val Loss: 1.823e-01 | Time: 8.45s
2025-08-20 18:49:21,719:INFO:Epoch: 7400/40000 | Train Loss: 1.164e-01 | Dynamic Loss: 1.164e-01 | Regularization Loss: 0.000e+00 | Val Loss: 1.380e-01 | Time: 9.68s
2025-08-20 18:49:30,441:INFO:Epoch: 7450/40000 | Train Loss: 1.038e-01 | Dynamic Loss: 1.038e-01 | Regularization Loss: 0.000e+00 | Val Loss: 1.219e-01 | Time: 8.61s
2025-08-20 18:49:30,441:INFO:New best model found at epoch 7450 with validation loss 1.219e-01. Saving...
2025-08-20 18:50:13,533:INFO:Created DataLoaders with 5994 training samples and 1998 validation samples.
2025-08-20 18:50:15,414:INFO:model params: 2512001
2025-08-20 18:50:15,415:INFO:removing projection layer after initialization
2025-08-20 18:50:18,331:INFO:Epoch: 0/40000 | Train Loss: 2.813e+00 | Dynamic Loss: 2.813e+00 | Regularization Loss: 0.000e+00 | Val Loss: 2.507e+00 | Time: 2.81s
2025-08-20 18:50:18,331:INFO:New best model found at epoch 0 with validation loss 2.507e+00. Saving...
2025-08-20 18:50:26,295:INFO:Epoch: 50/40000 | Train Loss: 1.811e+00 | Dynamic Loss: 1.811e+00 | Regularization Loss: 0.000e+00 | Val Loss: 1.799e+00 | Time: 7.83s
2025-08-20 18:50:26,295:INFO:New best model found at epoch 50 with validation loss 1.799e+00. Saving...
2025-08-20 18:50:40,817:INFO:Epoch: 100/40000 | Train Loss: 1.685e+00 | Dynamic Loss: 1.685e+00 | Regularization Loss: 0.000e+00 | Val Loss: 1.735e+00 | Time: 14.40s
2025-08-20 18:50:40,818:INFO:New best model found at epoch 100 with validation loss 1.735e+00. Saving...
2025-08-20 18:50:48,794:INFO:Epoch: 150/40000 | Train Loss: 1.646e+00 | Dynamic Loss: 1.646e+00 | Regularization Loss: 0.000e+00 | Val Loss: 1.692e+00 | Time: 7.85s
2025-08-20 18:50:48,795:INFO:New best model found at epoch 150 with validation loss 1.692e+00. Saving...
2025-08-20 18:50:56,848:INFO:Epoch: 200/40000 | Train Loss: 1.611e+00 | Dynamic Loss: 1.611e+00 | Regularization Loss: 0.000e+00 | Val Loss: 1.658e+00 | Time: 7.92s
2025-08-20 18:50:56,848:INFO:New best model found at epoch 200 with validation loss 1.658e+00. Saving...
2025-08-20 18:51:13,003:INFO:Epoch: 250/40000 | Train Loss: 1.584e+00 | Dynamic Loss: 1.584e+00 | Regularization Loss: 0.000e+00 | Val Loss: 1.637e+00 | Time: 16.03s
2025-08-20 18:51:13,003:INFO:New best model found at epoch 250 with validation loss 1.637e+00. Saving...
2025-08-20 18:51:21,220:INFO:Epoch: 300/40000 | Train Loss: 1.544e+00 | Dynamic Loss: 1.544e+00 | Regularization Loss: 0.000e+00 | Val Loss: 1.597e+00 | Time: 8.09s
2025-08-20 18:51:21,220:INFO:New best model found at epoch 300 with validation loss 1.597e+00. Saving...
2025-08-20 18:51:29,436:INFO:Epoch: 350/40000 | Train Loss: 1.480e+00 | Dynamic Loss: 1.480e+00 | Regularization Loss: 0.000e+00 | Val Loss: 1.528e+00 | Time: 8.09s
2025-08-20 18:51:29,436:INFO:New best model found at epoch 350 with validation loss 1.528e+00. Saving...
2025-08-20 18:51:44,790:INFO:Epoch: 400/40000 | Train Loss: 1.405e+00 | Dynamic Loss: 1.405e+00 | Regularization Loss: 0.000e+00 | Val Loss: 1.446e+00 | Time: 15.22s
2025-08-20 18:51:44,790:INFO:New best model found at epoch 400 with validation loss 1.446e+00. Saving...
2025-08-20 18:51:52,900:INFO:Epoch: 450/40000 | Train Loss: 1.329e+00 | Dynamic Loss: 1.329e+00 | Regularization Loss: 0.000e+00 | Val Loss: 1.364e+00 | Time: 7.99s
2025-08-20 18:51:52,900:INFO:New best model found at epoch 450 with validation loss 1.364e+00. Saving...
2025-08-20 18:52:01,009:INFO:Epoch: 500/40000 | Train Loss: 1.415e+00 | Dynamic Loss: 1.415e+00 | Regularization Loss: 0.000e+00 | Val Loss: 1.327e+00 | Time: 7.99s
2025-08-20 18:52:01,009:INFO:New best model found at epoch 500 with validation loss 1.327e+00. Saving...
2025-08-20 18:52:17,370:INFO:Epoch: 550/40000 | Train Loss: 1.273e+00 | Dynamic Loss: 1.273e+00 | Regularization Loss: 0.000e+00 | Val Loss: 1.248e+00 | Time: 16.24s
2025-08-20 18:52:17,370:INFO:New best model found at epoch 550 with validation loss 1.248e+00. Saving...
2025-08-20 18:52:25,601:INFO:Epoch: 600/40000 | Train Loss: 1.114e+00 | Dynamic Loss: 1.114e+00 | Regularization Loss: 0.000e+00 | Val Loss: 1.164e+00 | Time: 8.11s
2025-08-20 18:52:25,601:INFO:New best model found at epoch 600 with validation loss 1.164e+00. Saving...
2025-08-20 18:52:33,852:INFO:Epoch: 650/40000 | Train Loss: 1.016e+00 | Dynamic Loss: 1.016e+00 | Regularization Loss: 0.000e+00 | Val Loss: 1.070e+00 | Time: 8.13s
2025-08-20 18:52:33,852:INFO:New best model found at epoch 650 with validation loss 1.070e+00. Saving...
2025-08-20 18:52:50,429:INFO:Epoch: 700/40000 | Train Loss: 9.895e-01 | Dynamic Loss: 9.895e-01 | Regularization Loss: 0.000e+00 | Val Loss: 1.049e+00 | Time: 16.44s
2025-08-20 18:52:50,430:INFO:New best model found at epoch 700 with validation loss 1.049e+00. Saving...
2025-08-20 18:52:58,625:INFO:Epoch: 750/40000 | Train Loss: 9.222e-01 | Dynamic Loss: 9.222e-01 | Regularization Loss: 0.000e+00 | Val Loss: 9.853e-01 | Time: 8.07s
2025-08-20 18:52:58,626:INFO:New best model found at epoch 750 with validation loss 9.853e-01. Saving...
2025-08-20 18:53:06,922:INFO:Epoch: 800/40000 | Train Loss: 1.443e+00 | Dynamic Loss: 1.443e+00 | Regularization Loss: 0.000e+00 | Val Loss: 1.139e+00 | Time: 8.17s
2025-08-20 18:53:23,290:INFO:Epoch: 850/40000 | Train Loss: 8.603e-01 | Dynamic Loss: 8.603e-01 | Regularization Loss: 0.000e+00 | Val Loss: 9.206e-01 | Time: 16.27s
2025-08-20 18:53:23,290:INFO:New best model found at epoch 850 with validation loss 9.206e-01. Saving...
2025-08-20 18:53:31,621:INFO:Epoch: 900/40000 | Train Loss: 8.254e-01 | Dynamic Loss: 8.254e-01 | Regularization Loss: 0.000e+00 | Val Loss: 8.979e-01 | Time: 8.21s
2025-08-20 18:53:31,621:INFO:New best model found at epoch 900 with validation loss 8.979e-01. Saving...
2025-08-20 18:53:39,795:INFO:Epoch: 950/40000 | Train Loss: 7.972e-01 | Dynamic Loss: 7.972e-01 | Regularization Loss: 0.000e+00 | Val Loss: 8.593e-01 | Time: 8.06s
2025-08-20 18:53:39,795:INFO:New best model found at epoch 950 with validation loss 8.593e-01. Saving...
2025-08-20 18:53:56,049:INFO:Epoch: 1000/40000 | Train Loss: 7.754e-01 | Dynamic Loss: 7.754e-01 | Regularization Loss: 0.000e+00 | Val Loss: 8.377e-01 | Time: 16.13s
2025-08-20 18:53:56,050:INFO:New best model found at epoch 1000 with validation loss 8.377e-01. Saving...
2025-08-20 18:54:04,371:INFO:Epoch: 1050/40000 | Train Loss: 7.610e-01 | Dynamic Loss: 7.610e-01 | Regularization Loss: 0.000e+00 | Val Loss: 8.261e-01 | Time: 8.20s
2025-08-20 18:54:04,371:INFO:New best model found at epoch 1050 with validation loss 8.261e-01. Saving...
2025-08-20 18:54:12,539:INFO:Epoch: 1100/40000 | Train Loss: 7.496e-01 | Dynamic Loss: 7.496e-01 | Regularization Loss: 0.000e+00 | Val Loss: 8.072e-01 | Time: 8.05s
2025-08-20 18:54:12,539:INFO:New best model found at epoch 1100 with validation loss 8.072e-01. Saving...
2025-08-20 18:54:22,610:INFO:Epoch: 1150/40000 | Train Loss: 7.308e-01 | Dynamic Loss: 7.308e-01 | Regularization Loss: 0.000e+00 | Val Loss: 7.999e-01 | Time: 9.95s
2025-08-20 18:54:22,610:INFO:New best model found at epoch 1150 with validation loss 7.999e-01. Saving...
2025-08-20 18:54:30,886:INFO:Epoch: 1200/40000 | Train Loss: 1.033e+00 | Dynamic Loss: 1.033e+00 | Regularization Loss: 0.000e+00 | Val Loss: 8.564e-01 | Time: 8.15s
2025-08-20 18:54:39,104:INFO:Epoch: 1250/40000 | Train Loss: 6.597e-01 | Dynamic Loss: 6.597e-01 | Regularization Loss: 0.000e+00 | Val Loss: 7.234e-01 | Time: 8.11s
2025-08-20 18:54:39,104:INFO:New best model found at epoch 1250 with validation loss 7.234e-01. Saving...
2025-08-20 18:54:47,566:INFO:Epoch: 1300/40000 | Train Loss: 6.383e-01 | Dynamic Loss: 6.383e-01 | Regularization Loss: 0.000e+00 | Val Loss: 7.001e-01 | Time: 8.33s
2025-08-20 18:54:47,566:INFO:New best model found at epoch 1300 with validation loss 7.001e-01. Saving...
2025-08-20 18:54:55,915:INFO:Epoch: 1350/40000 | Train Loss: 6.299e-01 | Dynamic Loss: 6.299e-01 | Regularization Loss: 0.000e+00 | Val Loss: 7.001e-01 | Time: 8.22s
2025-08-20 18:55:04,166:INFO:Epoch: 1400/40000 | Train Loss: 1.071e+00 | Dynamic Loss: 1.071e+00 | Regularization Loss: 0.000e+00 | Val Loss: 1.140e+00 | Time: 8.14s
2025-08-20 18:55:12,520:INFO:Epoch: 1450/40000 | Train Loss: 6.997e-01 | Dynamic Loss: 6.997e-01 | Regularization Loss: 0.000e+00 | Val Loss: 7.708e-01 | Time: 8.25s
2025-08-20 18:55:20,743:INFO:Epoch: 1500/40000 | Train Loss: 6.198e-01 | Dynamic Loss: 6.198e-01 | Regularization Loss: 0.000e+00 | Val Loss: 6.813e-01 | Time: 8.11s
2025-08-20 18:55:20,743:INFO:New best model found at epoch 1500 with validation loss 6.813e-01. Saving...
2025-08-20 18:55:28,970:INFO:Epoch: 1550/40000 | Train Loss: 6.076e-01 | Dynamic Loss: 6.076e-01 | Regularization Loss: 0.000e+00 | Val Loss: 6.706e-01 | Time: 8.10s
2025-08-20 18:55:28,970:INFO:New best model found at epoch 1550 with validation loss 6.706e-01. Saving...
2025-08-20 18:55:37,338:INFO:Epoch: 1600/40000 | Train Loss: 6.736e-01 | Dynamic Loss: 6.736e-01 | Regularization Loss: 0.000e+00 | Val Loss: 6.879e-01 | Time: 8.24s
2025-08-20 18:55:45,658:INFO:Epoch: 1650/40000 | Train Loss: 5.650e-01 | Dynamic Loss: 5.650e-01 | Regularization Loss: 0.000e+00 | Val Loss: 6.285e-01 | Time: 8.22s
2025-08-20 18:55:45,658:INFO:New best model found at epoch 1650 with validation loss 6.285e-01. Saving...
2025-08-20 18:55:53,994:INFO:Epoch: 1700/40000 | Train Loss: 5.298e-01 | Dynamic Loss: 5.298e-01 | Regularization Loss: 0.000e+00 | Val Loss: 5.916e-01 | Time: 8.21s
2025-08-20 18:55:53,994:INFO:New best model found at epoch 1700 with validation loss 5.916e-01. Saving...
2025-08-20 18:56:02,425:INFO:Epoch: 1750/40000 | Train Loss: 5.245e-01 | Dynamic Loss: 5.245e-01 | Regularization Loss: 0.000e+00 | Val Loss: 5.902e-01 | Time: 8.30s
2025-08-20 18:56:02,426:INFO:New best model found at epoch 1750 with validation loss 5.902e-01. Saving...
2025-08-20 18:56:10,694:INFO:Epoch: 1800/40000 | Train Loss: 5.284e-01 | Dynamic Loss: 5.284e-01 | Regularization Loss: 0.000e+00 | Val Loss: 5.898e-01 | Time: 8.14s
2025-08-20 18:56:10,694:INFO:New best model found at epoch 1800 with validation loss 5.898e-01. Saving...
2025-08-20 18:56:18,931:INFO:Epoch: 1850/40000 | Train Loss: 5.099e-01 | Dynamic Loss: 5.099e-01 | Regularization Loss: 0.000e+00 | Val Loss: 5.564e-01 | Time: 8.11s
2025-08-20 18:56:18,931:INFO:New best model found at epoch 1850 with validation loss 5.564e-01. Saving...
2025-08-20 18:56:31,343:INFO:Epoch: 1900/40000 | Train Loss: 4.778e-01 | Dynamic Loss: 4.778e-01 | Regularization Loss: 0.000e+00 | Val Loss: 5.494e-01 | Time: 12.28s
2025-08-20 18:56:31,343:INFO:New best model found at epoch 1900 with validation loss 5.494e-01. Saving...
2025-08-20 18:56:39,932:INFO:Epoch: 1950/40000 | Train Loss: 4.960e-01 | Dynamic Loss: 4.960e-01 | Regularization Loss: 0.000e+00 | Val Loss: 5.621e-01 | Time: 8.46s
2025-08-20 18:56:48,469:INFO:Epoch: 2000/40000 | Train Loss: 4.495e-01 | Dynamic Loss: 4.495e-01 | Regularization Loss: 0.000e+00 | Val Loss: 5.216e-01 | Time: 8.43s
2025-08-20 18:56:48,469:INFO:New best model found at epoch 2000 with validation loss 5.216e-01. Saving...
2025-08-20 18:56:56,784:INFO:Epoch: 2050/40000 | Train Loss: 4.530e-01 | Dynamic Loss: 4.530e-01 | Regularization Loss: 0.000e+00 | Val Loss: 5.337e-01 | Time: 8.19s
2025-08-20 18:57:05,021:INFO:Epoch: 2100/40000 | Train Loss: 4.569e-01 | Dynamic Loss: 4.569e-01 | Regularization Loss: 0.000e+00 | Val Loss: 5.187e-01 | Time: 8.14s
2025-08-20 18:57:05,021:INFO:New best model found at epoch 2100 with validation loss 5.187e-01. Saving...
2025-08-20 18:57:13,262:INFO:Epoch: 2150/40000 | Train Loss: 5.191e-01 | Dynamic Loss: 5.191e-01 | Regularization Loss: 0.000e+00 | Val Loss: 6.108e-01 | Time: 8.12s
2025-08-20 18:57:21,659:INFO:Epoch: 2200/40000 | Train Loss: 4.014e-01 | Dynamic Loss: 4.014e-01 | Regularization Loss: 0.000e+00 | Val Loss: 4.658e-01 | Time: 8.30s
2025-08-20 18:57:21,659:INFO:New best model found at epoch 2200 with validation loss 4.658e-01. Saving...
2025-08-20 18:57:29,931:INFO:Epoch: 2250/40000 | Train Loss: 4.016e-01 | Dynamic Loss: 4.016e-01 | Regularization Loss: 0.000e+00 | Val Loss: 4.645e-01 | Time: 8.15s
2025-08-20 18:57:29,931:INFO:New best model found at epoch 2250 with validation loss 4.645e-01. Saving...
2025-08-20 18:57:38,256:INFO:Epoch: 2300/40000 | Train Loss: 3.917e-01 | Dynamic Loss: 3.917e-01 | Regularization Loss: 0.000e+00 | Val Loss: 4.609e-01 | Time: 8.20s
2025-08-20 18:57:38,256:INFO:New best model found at epoch 2300 with validation loss 4.609e-01. Saving...
2025-08-20 18:57:46,712:INFO:Epoch: 2350/40000 | Train Loss: 4.345e-01 | Dynamic Loss: 4.345e-01 | Regularization Loss: 0.000e+00 | Val Loss: 4.904e-01 | Time: 8.34s
2025-08-20 18:57:54,940:INFO:Epoch: 2400/40000 | Train Loss: 3.683e-01 | Dynamic Loss: 3.683e-01 | Regularization Loss: 0.000e+00 | Val Loss: 4.349e-01 | Time: 8.13s
2025-08-20 18:57:54,940:INFO:New best model found at epoch 2400 with validation loss 4.349e-01. Saving...
2025-08-20 18:58:03,196:INFO:Epoch: 2450/40000 | Train Loss: 4.472e-01 | Dynamic Loss: 4.472e-01 | Regularization Loss: 0.000e+00 | Val Loss: 6.117e-01 | Time: 8.13s
2025-08-20 18:58:11,511:INFO:Epoch: 2500/40000 | Train Loss: 3.996e-01 | Dynamic Loss: 3.996e-01 | Regularization Loss: 0.000e+00 | Val Loss: 4.624e-01 | Time: 8.21s
2025-08-20 18:58:19,970:INFO:Epoch: 2550/40000 | Train Loss: 3.736e-01 | Dynamic Loss: 3.736e-01 | Regularization Loss: 0.000e+00 | Val Loss: 4.300e-01 | Time: 8.36s
2025-08-20 18:58:19,970:INFO:New best model found at epoch 2550 with validation loss 4.300e-01. Saving...
2025-08-20 18:58:28,381:INFO:Epoch: 2600/40000 | Train Loss: 3.606e-01 | Dynamic Loss: 3.606e-01 | Regularization Loss: 0.000e+00 | Val Loss: 4.195e-01 | Time: 8.29s
2025-08-20 18:58:28,381:INFO:New best model found at epoch 2600 with validation loss 4.195e-01. Saving...
2025-08-20 18:58:36,975:INFO:Epoch: 2650/40000 | Train Loss: 9.609e-01 | Dynamic Loss: 9.609e-01 | Regularization Loss: 0.000e+00 | Val Loss: 1.044e+00 | Time: 8.47s
2025-08-20 18:58:45,255:INFO:Epoch: 2700/40000 | Train Loss: 5.638e-01 | Dynamic Loss: 5.638e-01 | Regularization Loss: 0.000e+00 | Val Loss: 6.405e-01 | Time: 8.18s
2025-08-20 18:58:53,618:INFO:Epoch: 2750/40000 | Train Loss: 4.247e-01 | Dynamic Loss: 4.247e-01 | Regularization Loss: 0.000e+00 | Val Loss: 5.077e-01 | Time: 8.26s
2025-08-20 18:59:02,003:INFO:Epoch: 2800/40000 | Train Loss: 4.068e-01 | Dynamic Loss: 4.068e-01 | Regularization Loss: 0.000e+00 | Val Loss: 4.819e-01 | Time: 8.28s
2025-08-20 18:59:10,432:INFO:Epoch: 2850/40000 | Train Loss: 3.721e-01 | Dynamic Loss: 3.721e-01 | Regularization Loss: 0.000e+00 | Val Loss: 4.421e-01 | Time: 8.33s
2025-08-20 18:59:18,717:INFO:Epoch: 2900/40000 | Train Loss: 4.018e-01 | Dynamic Loss: 4.018e-01 | Regularization Loss: 0.000e+00 | Val Loss: 4.980e-01 | Time: 8.18s
2025-08-20 18:59:35,327:INFO:Epoch: 2950/40000 | Train Loss: 3.685e-01 | Dynamic Loss: 3.685e-01 | Regularization Loss: 0.000e+00 | Val Loss: 4.309e-01 | Time: 16.51s
2025-08-20 18:59:43,574:INFO:Epoch: 3000/40000 | Train Loss: 5.583e-01 | Dynamic Loss: 5.583e-01 | Regularization Loss: 0.000e+00 | Val Loss: 5.426e-01 | Time: 8.14s
2025-08-20 18:59:51,959:INFO:Epoch: 3050/40000 | Train Loss: 3.225e-01 | Dynamic Loss: 3.225e-01 | Regularization Loss: 0.000e+00 | Val Loss: 3.874e-01 | Time: 8.28s
2025-08-20 18:59:51,959:INFO:New best model found at epoch 3050 with validation loss 3.874e-01. Saving...
2025-08-20 19:00:08,511:INFO:Epoch: 3100/40000 | Train Loss: 3.168e-01 | Dynamic Loss: 3.168e-01 | Regularization Loss: 0.000e+00 | Val Loss: 3.924e-01 | Time: 16.43s
2025-08-20 19:00:16,718:INFO:Epoch: 3150/40000 | Train Loss: 3.121e-01 | Dynamic Loss: 3.121e-01 | Regularization Loss: 0.000e+00 | Val Loss: 3.789e-01 | Time: 8.10s
2025-08-20 19:00:16,718:INFO:New best model found at epoch 3150 with validation loss 3.789e-01. Saving...
2025-08-20 19:00:25,221:INFO:Epoch: 3200/40000 | Train Loss: 3.639e-01 | Dynamic Loss: 3.639e-01 | Regularization Loss: 0.000e+00 | Val Loss: 4.602e-01 | Time: 8.38s
2025-08-20 19:00:41,449:INFO:Epoch: 3250/40000 | Train Loss: 3.187e-01 | Dynamic Loss: 3.187e-01 | Regularization Loss: 0.000e+00 | Val Loss: 3.951e-01 | Time: 16.12s
2025-08-20 19:00:49,694:INFO:Epoch: 3300/40000 | Train Loss: 2.991e-01 | Dynamic Loss: 2.991e-01 | Regularization Loss: 0.000e+00 | Val Loss: 3.689e-01 | Time: 8.14s
2025-08-20 19:00:49,694:INFO:New best model found at epoch 3300 with validation loss 3.689e-01. Saving...
2025-08-20 19:00:58,092:INFO:Epoch: 3350/40000 | Train Loss: 2.886e-01 | Dynamic Loss: 2.886e-01 | Regularization Loss: 0.000e+00 | Val Loss: 3.681e-01 | Time: 8.27s
2025-08-20 19:00:58,093:INFO:New best model found at epoch 3350 with validation loss 3.681e-01. Saving...
2025-08-20 19:01:14,841:INFO:Epoch: 3400/40000 | Train Loss: 2.834e-01 | Dynamic Loss: 2.834e-01 | Regularization Loss: 0.000e+00 | Val Loss: 3.472e-01 | Time: 16.62s
2025-08-20 19:01:14,842:INFO:New best model found at epoch 3400 with validation loss 3.472e-01. Saving...
2025-08-20 19:01:23,230:INFO:Epoch: 3450/40000 | Train Loss: 2.761e-01 | Dynamic Loss: 2.761e-01 | Regularization Loss: 0.000e+00 | Val Loss: 3.325e-01 | Time: 8.25s
2025-08-20 19:01:23,230:INFO:New best model found at epoch 3450 with validation loss 3.325e-01. Saving...
2025-08-20 19:01:31,650:INFO:Epoch: 3500/40000 | Train Loss: 2.814e-01 | Dynamic Loss: 2.814e-01 | Regularization Loss: 0.000e+00 | Val Loss: 3.416e-01 | Time: 8.29s
2025-08-20 19:01:46,875:INFO:Epoch: 3550/40000 | Train Loss: 8.373e-01 | Dynamic Loss: 8.373e-01 | Regularization Loss: 0.000e+00 | Val Loss: 4.656e-01 | Time: 15.12s
2025-08-20 19:01:55,149:INFO:Epoch: 3600/40000 | Train Loss: 2.986e-01 | Dynamic Loss: 2.986e-01 | Regularization Loss: 0.000e+00 | Val Loss: 3.897e-01 | Time: 8.17s
2025-08-20 19:02:03,376:INFO:Epoch: 3650/40000 | Train Loss: 2.602e-01 | Dynamic Loss: 2.602e-01 | Regularization Loss: 0.000e+00 | Val Loss: 3.126e-01 | Time: 8.12s
2025-08-20 19:02:03,376:INFO:New best model found at epoch 3650 with validation loss 3.126e-01. Saving...
2025-08-20 19:02:19,497:INFO:Epoch: 3700/40000 | Train Loss: 5.232e-01 | Dynamic Loss: 5.232e-01 | Regularization Loss: 0.000e+00 | Val Loss: 5.533e-01 | Time: 16.00s
2025-08-20 19:02:27,804:INFO:Epoch: 3750/40000 | Train Loss: 2.410e-01 | Dynamic Loss: 2.410e-01 | Regularization Loss: 0.000e+00 | Val Loss: 2.903e-01 | Time: 8.20s
2025-08-20 19:02:27,804:INFO:New best model found at epoch 3750 with validation loss 2.903e-01. Saving...
2025-08-20 19:02:36,025:INFO:Epoch: 3800/40000 | Train Loss: 4.723e-01 | Dynamic Loss: 4.723e-01 | Regularization Loss: 0.000e+00 | Val Loss: 3.882e-01 | Time: 8.09s
2025-08-20 19:02:52,975:INFO:Epoch: 3850/40000 | Train Loss: 2.405e-01 | Dynamic Loss: 2.405e-01 | Regularization Loss: 0.000e+00 | Val Loss: 3.088e-01 | Time: 16.84s
2025-08-20 19:03:01,310:INFO:Epoch: 3900/40000 | Train Loss: 3.283e-01 | Dynamic Loss: 3.283e-01 | Regularization Loss: 0.000e+00 | Val Loss: 4.389e-01 | Time: 8.23s
2025-08-20 19:03:09,523:INFO:Epoch: 3950/40000 | Train Loss: 2.509e-01 | Dynamic Loss: 2.509e-01 | Regularization Loss: 0.000e+00 | Val Loss: 3.070e-01 | Time: 8.10s
2025-08-20 19:03:26,382:INFO:Epoch: 4000/40000 | Train Loss: 6.266e-01 | Dynamic Loss: 6.266e-01 | Regularization Loss: 0.000e+00 | Val Loss: 4.870e-01 | Time: 16.75s
2025-08-20 19:03:34,609:INFO:Epoch: 4050/40000 | Train Loss: 2.605e-01 | Dynamic Loss: 2.605e-01 | Regularization Loss: 0.000e+00 | Val Loss: 3.183e-01 | Time: 8.12s
2025-08-20 19:03:42,764:INFO:Epoch: 4100/40000 | Train Loss: 3.137e-01 | Dynamic Loss: 3.137e-01 | Regularization Loss: 0.000e+00 | Val Loss: 3.509e-01 | Time: 8.06s
2025-08-20 19:03:59,534:INFO:Epoch: 4150/40000 | Train Loss: 2.075e-01 | Dynamic Loss: 2.075e-01 | Regularization Loss: 0.000e+00 | Val Loss: 2.698e-01 | Time: 16.67s
2025-08-20 19:03:59,534:INFO:New best model found at epoch 4150 with validation loss 2.698e-01. Saving...
2025-08-20 19:04:07,915:INFO:Epoch: 4200/40000 | Train Loss: 2.203e-01 | Dynamic Loss: 2.203e-01 | Regularization Loss: 0.000e+00 | Val Loss: 2.624e-01 | Time: 8.26s
2025-08-20 19:04:07,915:INFO:New best model found at epoch 4200 with validation loss 2.624e-01. Saving...
2025-08-20 19:04:16,209:INFO:Epoch: 4250/40000 | Train Loss: 1.854e-01 | Dynamic Loss: 1.854e-01 | Regularization Loss: 0.000e+00 | Val Loss: 2.415e-01 | Time: 8.17s
2025-08-20 19:04:16,209:INFO:New best model found at epoch 4250 with validation loss 2.415e-01. Saving...
2025-08-20 19:04:32,685:INFO:Epoch: 4300/40000 | Train Loss: 1.900e-01 | Dynamic Loss: 1.900e-01 | Regularization Loss: 0.000e+00 | Val Loss: 2.407e-01 | Time: 16.36s
2025-08-20 19:04:32,685:INFO:New best model found at epoch 4300 with validation loss 2.407e-01. Saving...
2025-08-20 19:04:40,974:INFO:Epoch: 4350/40000 | Train Loss: 1.886e-01 | Dynamic Loss: 1.886e-01 | Regularization Loss: 0.000e+00 | Val Loss: 2.696e-01 | Time: 8.17s
2025-08-20 19:04:49,274:INFO:Epoch: 4400/40000 | Train Loss: 2.555e-01 | Dynamic Loss: 2.555e-01 | Regularization Loss: 0.000e+00 | Val Loss: 3.089e-01 | Time: 8.20s
2025-08-20 19:04:57,619:INFO:Epoch: 4450/40000 | Train Loss: 1.723e-01 | Dynamic Loss: 1.723e-01 | Regularization Loss: 0.000e+00 | Val Loss: 2.268e-01 | Time: 8.25s
2025-08-20 19:04:57,620:INFO:New best model found at epoch 4450 with validation loss 2.268e-01. Saving...
2025-08-20 19:05:05,916:INFO:Epoch: 4500/40000 | Train Loss: 1.685e-01 | Dynamic Loss: 1.685e-01 | Regularization Loss: 0.000e+00 | Val Loss: 2.180e-01 | Time: 8.18s
2025-08-20 19:05:05,916:INFO:New best model found at epoch 4500 with validation loss 2.180e-01. Saving...
2025-08-20 19:05:14,431:INFO:Epoch: 4550/40000 | Train Loss: 7.167e-01 | Dynamic Loss: 7.167e-01 | Regularization Loss: 0.000e+00 | Val Loss: 4.043e-01 | Time: 8.40s
2025-08-20 19:05:23,054:INFO:Epoch: 4600/40000 | Train Loss: 4.661e-01 | Dynamic Loss: 4.661e-01 | Regularization Loss: 0.000e+00 | Val Loss: 3.092e-01 | Time: 8.52s
2025-08-20 19:05:31,336:INFO:Epoch: 4650/40000 | Train Loss: 1.832e-01 | Dynamic Loss: 1.832e-01 | Regularization Loss: 0.000e+00 | Val Loss: 2.272e-01 | Time: 8.18s
2025-08-20 19:05:39,659:INFO:Epoch: 4700/40000 | Train Loss: 1.782e-01 | Dynamic Loss: 1.782e-01 | Regularization Loss: 0.000e+00 | Val Loss: 2.191e-01 | Time: 8.23s
2025-08-20 19:05:48,071:INFO:Epoch: 4750/40000 | Train Loss: 1.617e-01 | Dynamic Loss: 1.617e-01 | Regularization Loss: 0.000e+00 | Val Loss: 2.055e-01 | Time: 8.31s
2025-08-20 19:05:48,071:INFO:New best model found at epoch 4750 with validation loss 2.055e-01. Saving...
2025-08-20 19:05:56,361:INFO:Epoch: 4800/40000 | Train Loss: 1.882e-01 | Dynamic Loss: 1.882e-01 | Regularization Loss: 0.000e+00 | Val Loss: 2.293e-01 | Time: 8.17s
2025-08-20 19:06:04,732:INFO:Epoch: 4850/40000 | Train Loss: 3.791e-01 | Dynamic Loss: 3.791e-01 | Regularization Loss: 0.000e+00 | Val Loss: 3.112e-01 | Time: 8.27s
2025-08-20 19:06:13,065:INFO:Epoch: 4900/40000 | Train Loss: 1.656e-01 | Dynamic Loss: 1.656e-01 | Regularization Loss: 0.000e+00 | Val Loss: 2.035e-01 | Time: 8.23s
2025-08-20 19:06:13,065:INFO:New best model found at epoch 4900 with validation loss 2.035e-01. Saving...
2025-08-20 19:06:26,010:INFO:Epoch: 4950/40000 | Train Loss: 1.520e-01 | Dynamic Loss: 1.520e-01 | Regularization Loss: 0.000e+00 | Val Loss: 1.936e-01 | Time: 12.82s
2025-08-20 19:06:26,010:INFO:New best model found at epoch 4950 with validation loss 1.936e-01. Saving...
2025-08-20 19:06:34,446:INFO:Epoch: 5000/40000 | Train Loss: 1.585e-01 | Dynamic Loss: 1.585e-01 | Regularization Loss: 0.000e+00 | Val Loss: 1.987e-01 | Time: 8.31s
2025-08-20 19:06:42,810:INFO:Epoch: 5050/40000 | Train Loss: 2.062e-01 | Dynamic Loss: 2.062e-01 | Regularization Loss: 0.000e+00 | Val Loss: 2.277e-01 | Time: 8.24s
2025-08-20 19:06:59,155:INFO:Epoch: 5100/40000 | Train Loss: 1.418e-01 | Dynamic Loss: 1.418e-01 | Regularization Loss: 0.000e+00 | Val Loss: 1.874e-01 | Time: 16.25s
2025-08-20 19:06:59,155:INFO:New best model found at epoch 5100 with validation loss 1.874e-01. Saving...
2025-08-20 19:07:07,427:INFO:Epoch: 5150/40000 | Train Loss: 3.983e-01 | Dynamic Loss: 3.983e-01 | Regularization Loss: 0.000e+00 | Val Loss: 4.479e-01 | Time: 8.15s
2025-08-20 19:07:15,734:INFO:Epoch: 5200/40000 | Train Loss: 1.986e-01 | Dynamic Loss: 1.986e-01 | Regularization Loss: 0.000e+00 | Val Loss: 2.365e-01 | Time: 8.21s
2025-08-20 19:07:25,042:INFO:Epoch: 5250/40000 | Train Loss: 2.354e-01 | Dynamic Loss: 2.354e-01 | Regularization Loss: 0.000e+00 | Val Loss: 2.518e-01 | Time: 9.21s
2025-08-20 19:07:33,371:INFO:Epoch: 5300/40000 | Train Loss: 1.425e-01 | Dynamic Loss: 1.425e-01 | Regularization Loss: 0.000e+00 | Val Loss: 1.847e-01 | Time: 8.23s
2025-08-20 19:07:33,371:INFO:New best model found at epoch 5300 with validation loss 1.847e-01. Saving...
2025-08-20 19:07:41,724:INFO:Epoch: 5350/40000 | Train Loss: 2.178e-01 | Dynamic Loss: 2.178e-01 | Regularization Loss: 0.000e+00 | Val Loss: 2.499e-01 | Time: 8.23s
2025-08-20 19:07:50,188:INFO:Epoch: 5400/40000 | Train Loss: 1.280e-01 | Dynamic Loss: 1.280e-01 | Regularization Loss: 0.000e+00 | Val Loss: 1.717e-01 | Time: 8.36s
2025-08-20 19:07:50,188:INFO:New best model found at epoch 5400 with validation loss 1.717e-01. Saving...
2025-08-20 19:07:58,589:INFO:Epoch: 5450/40000 | Train Loss: 1.291e-01 | Dynamic Loss: 1.291e-01 | Regularization Loss: 0.000e+00 | Val Loss: 1.741e-01 | Time: 8.27s
2025-08-20 19:08:07,011:INFO:Epoch: 5500/40000 | Train Loss: 1.344e-01 | Dynamic Loss: 1.344e-01 | Regularization Loss: 0.000e+00 | Val Loss: 1.820e-01 | Time: 8.32s
2025-08-20 19:08:15,533:INFO:Epoch: 5550/40000 | Train Loss: 1.366e-01 | Dynamic Loss: 1.366e-01 | Regularization Loss: 0.000e+00 | Val Loss: 1.752e-01 | Time: 8.42s
2025-08-20 19:08:23,848:INFO:Epoch: 5600/40000 | Train Loss: 1.338e-01 | Dynamic Loss: 1.338e-01 | Regularization Loss: 0.000e+00 | Val Loss: 1.756e-01 | Time: 8.21s
2025-08-20 19:08:32,124:INFO:Epoch: 5650/40000 | Train Loss: 1.220e-01 | Dynamic Loss: 1.220e-01 | Regularization Loss: 0.000e+00 | Val Loss: 1.677e-01 | Time: 8.18s
2025-08-20 19:08:32,124:INFO:New best model found at epoch 5650 with validation loss 1.677e-01. Saving...
2025-08-20 19:08:40,464:INFO:Epoch: 5700/40000 | Train Loss: 1.606e-01 | Dynamic Loss: 1.606e-01 | Regularization Loss: 0.000e+00 | Val Loss: 2.502e-01 | Time: 8.22s
2025-08-20 19:08:57,350:INFO:Epoch: 5750/40000 | Train Loss: 1.428e-01 | Dynamic Loss: 1.428e-01 | Regularization Loss: 0.000e+00 | Val Loss: 1.826e-01 | Time: 16.78s
2025-08-20 19:09:05,668:INFO:Epoch: 5800/40000 | Train Loss: 2.447e-01 | Dynamic Loss: 2.447e-01 | Regularization Loss: 0.000e+00 | Val Loss: 2.087e-01 | Time: 8.21s
2025-08-20 19:09:14,037:INFO:Epoch: 5850/40000 | Train Loss: 1.295e-01 | Dynamic Loss: 1.295e-01 | Regularization Loss: 0.000e+00 | Val Loss: 1.626e-01 | Time: 8.26s
2025-08-20 19:09:14,037:INFO:New best model found at epoch 5850 with validation loss 1.626e-01. Saving...
2025-08-20 19:09:22,457:INFO:Epoch: 5900/40000 | Train Loss: 1.191e-01 | Dynamic Loss: 1.191e-01 | Regularization Loss: 0.000e+00 | Val Loss: 1.647e-01 | Time: 8.29s
2025-08-20 19:09:30,699:INFO:Epoch: 5950/40000 | Train Loss: 2.444e-01 | Dynamic Loss: 2.444e-01 | Regularization Loss: 0.000e+00 | Val Loss: 3.416e-01 | Time: 8.14s
2025-08-20 19:09:38,932:INFO:Epoch: 6000/40000 | Train Loss: 1.198e-01 | Dynamic Loss: 1.198e-01 | Regularization Loss: 0.000e+00 | Val Loss: 1.674e-01 | Time: 8.13s
2025-08-20 19:09:55,545:INFO:Epoch: 6050/40000 | Train Loss: 1.533e-01 | Dynamic Loss: 1.533e-01 | Regularization Loss: 0.000e+00 | Val Loss: 1.961e-01 | Time: 16.51s
2025-08-20 19:10:03,826:INFO:Epoch: 6100/40000 | Train Loss: 1.928e-01 | Dynamic Loss: 1.928e-01 | Regularization Loss: 0.000e+00 | Val Loss: 3.185e-01 | Time: 8.18s
2025-08-20 19:10:12,083:INFO:Epoch: 6150/40000 | Train Loss: 1.333e-01 | Dynamic Loss: 1.333e-01 | Regularization Loss: 0.000e+00 | Val Loss: 1.703e-01 | Time: 8.15s
2025-08-20 19:10:29,057:INFO:Epoch: 6200/40000 | Train Loss: 1.184e-01 | Dynamic Loss: 1.184e-01 | Regularization Loss: 0.000e+00 | Val Loss: 1.660e-01 | Time: 16.87s
2025-08-20 19:10:37,491:INFO:Epoch: 6250/40000 | Train Loss: 1.160e-01 | Dynamic Loss: 1.160e-01 | Regularization Loss: 0.000e+00 | Val Loss: 1.642e-01 | Time: 8.33s
2025-08-20 19:10:45,736:INFO:Epoch: 6300/40000 | Train Loss: 1.171e-01 | Dynamic Loss: 1.171e-01 | Regularization Loss: 0.000e+00 | Val Loss: 1.647e-01 | Time: 8.14s
2025-08-20 19:10:54,210:INFO:Epoch: 6350/40000 | Train Loss: 5.397e-01 | Dynamic Loss: 5.397e-01 | Regularization Loss: 0.000e+00 | Val Loss: 4.048e-01 | Time: 8.37s
2025-08-20 19:11:02,548:INFO:Epoch: 6400/40000 | Train Loss: 1.127e-01 | Dynamic Loss: 1.127e-01 | Regularization Loss: 0.000e+00 | Val Loss: 1.530e-01 | Time: 8.23s
2025-08-20 19:11:02,548:INFO:New best model found at epoch 6400 with validation loss 1.530e-01. Saving...
2025-08-20 19:11:10,875:INFO:Epoch: 6450/40000 | Train Loss: 1.156e-01 | Dynamic Loss: 1.156e-01 | Regularization Loss: 0.000e+00 | Val Loss: 1.550e-01 | Time: 8.20s
2025-08-20 19:11:19,398:INFO:Epoch: 6500/40000 | Train Loss: 1.311e-01 | Dynamic Loss: 1.311e-01 | Regularization Loss: 0.000e+00 | Val Loss: 1.533e-01 | Time: 8.42s
2025-08-20 19:11:27,762:INFO:Epoch: 6550/40000 | Train Loss: 1.414e-01 | Dynamic Loss: 1.414e-01 | Regularization Loss: 0.000e+00 | Val Loss: 1.627e-01 | Time: 8.25s
2025-08-20 19:11:36,006:INFO:Epoch: 6600/40000 | Train Loss: 1.073e-01 | Dynamic Loss: 1.073e-01 | Regularization Loss: 0.000e+00 | Val Loss: 1.436e-01 | Time: 8.14s
2025-08-20 19:11:36,006:INFO:New best model found at epoch 6600 with validation loss 1.436e-01. Saving...
2025-08-20 19:11:51,982:INFO:Epoch: 6650/40000 | Train Loss: 1.073e-01 | Dynamic Loss: 1.073e-01 | Regularization Loss: 0.000e+00 | Val Loss: 1.428e-01 | Time: 15.85s
2025-08-20 19:11:51,982:INFO:New best model found at epoch 6650 with validation loss 1.428e-01. Saving...
2025-08-20 19:12:00,372:INFO:Epoch: 6700/40000 | Train Loss: 1.536e-01 | Dynamic Loss: 1.536e-01 | Regularization Loss: 0.000e+00 | Val Loss: 1.791e-01 | Time: 8.26s
2025-08-20 19:12:08,663:INFO:Epoch: 6750/40000 | Train Loss: 1.018e-01 | Dynamic Loss: 1.018e-01 | Regularization Loss: 0.000e+00 | Val Loss: 1.427e-01 | Time: 8.19s
2025-08-20 19:12:08,663:INFO:New best model found at epoch 6750 with validation loss 1.427e-01. Saving...
2025-08-20 19:12:17,101:INFO:Epoch: 6800/40000 | Train Loss: 1.074e-01 | Dynamic Loss: 1.074e-01 | Regularization Loss: 0.000e+00 | Val Loss: 1.450e-01 | Time: 8.31s
2025-08-20 19:12:25,405:INFO:Epoch: 6850/40000 | Train Loss: 2.367e-01 | Dynamic Loss: 2.367e-01 | Regularization Loss: 0.000e+00 | Val Loss: 1.840e-01 | Time: 8.20s
2025-08-20 19:12:33,655:INFO:Epoch: 6900/40000 | Train Loss: 1.128e-01 | Dynamic Loss: 1.128e-01 | Regularization Loss: 0.000e+00 | Val Loss: 1.493e-01 | Time: 8.14s
2025-08-20 19:12:42,159:INFO:Epoch: 6950/40000 | Train Loss: 1.149e-01 | Dynamic Loss: 1.149e-01 | Regularization Loss: 0.000e+00 | Val Loss: 1.742e-01 | Time: 8.39s
2025-08-20 19:12:50,516:INFO:Epoch: 7000/40000 | Train Loss: 1.095e-01 | Dynamic Loss: 1.095e-01 | Regularization Loss: 0.000e+00 | Val Loss: 1.515e-01 | Time: 8.25s
2025-08-20 19:12:58,858:INFO:Epoch: 7050/40000 | Train Loss: 1.211e-01 | Dynamic Loss: 1.211e-01 | Regularization Loss: 0.000e+00 | Val Loss: 1.503e-01 | Time: 8.23s
2025-08-20 19:13:07,408:INFO:Epoch: 7100/40000 | Train Loss: 1.322e-01 | Dynamic Loss: 1.322e-01 | Regularization Loss: 0.000e+00 | Val Loss: 1.635e-01 | Time: 8.44s
2025-08-20 19:13:15,690:INFO:Epoch: 7150/40000 | Train Loss: 9.797e-02 | Dynamic Loss: 9.797e-02 | Regularization Loss: 0.000e+00 | Val Loss: 1.383e-01 | Time: 8.17s
2025-08-20 19:13:15,690:INFO:New best model found at epoch 7150 with validation loss 1.383e-01. Saving...
2025-08-20 19:13:24,009:INFO:Epoch: 7200/40000 | Train Loss: 1.057e-01 | Dynamic Loss: 1.057e-01 | Regularization Loss: 0.000e+00 | Val Loss: 1.518e-01 | Time: 8.19s
2025-08-20 19:13:32,604:INFO:Epoch: 7250/40000 | Train Loss: 1.765e-01 | Dynamic Loss: 1.765e-01 | Regularization Loss: 0.000e+00 | Val Loss: 1.770e-01 | Time: 8.49s
2025-08-20 19:13:41,003:INFO:Epoch: 7300/40000 | Train Loss: 1.171e-01 | Dynamic Loss: 1.171e-01 | Regularization Loss: 0.000e+00 | Val Loss: 1.416e-01 | Time: 8.29s
2025-08-20 19:13:49,313:INFO:Epoch: 7350/40000 | Train Loss: 1.019e-01 | Dynamic Loss: 1.019e-01 | Regularization Loss: 0.000e+00 | Val Loss: 1.425e-01 | Time: 8.20s
2025-08-20 19:13:58,787:INFO:Epoch: 7400/40000 | Train Loss: 2.767e-01 | Dynamic Loss: 2.767e-01 | Regularization Loss: 0.000e+00 | Val Loss: 3.025e-01 | Time: 9.37s
2025-08-20 19:14:07,257:INFO:Epoch: 7450/40000 | Train Loss: 9.709e-02 | Dynamic Loss: 9.709e-02 | Regularization Loss: 0.000e+00 | Val Loss: 1.359e-01 | Time: 8.36s
2025-08-20 19:14:07,257:INFO:New best model found at epoch 7450 with validation loss 1.359e-01. Saving...
2025-08-20 19:14:15,591:INFO:Epoch: 7500/40000 | Train Loss: 2.397e-01 | Dynamic Loss: 2.397e-01 | Regularization Loss: 0.000e+00 | Val Loss: 4.127e-01 | Time: 8.20s
2025-08-20 19:14:24,249:INFO:Epoch: 7550/40000 | Train Loss: 9.977e-02 | Dynamic Loss: 9.977e-02 | Regularization Loss: 0.000e+00 | Val Loss: 1.359e-01 | Time: 8.55s
2025-08-20 19:14:32,777:INFO:Epoch: 7600/40000 | Train Loss: 1.081e-01 | Dynamic Loss: 1.081e-01 | Regularization Loss: 0.000e+00 | Val Loss: 1.496e-01 | Time: 8.42s
2025-08-20 19:14:41,312:INFO:Epoch: 7650/40000 | Train Loss: 1.074e-01 | Dynamic Loss: 1.074e-01 | Regularization Loss: 0.000e+00 | Val Loss: 1.540e-01 | Time: 8.43s
2025-08-20 19:14:49,796:INFO:Epoch: 7700/40000 | Train Loss: 1.568e-01 | Dynamic Loss: 1.568e-01 | Regularization Loss: 0.000e+00 | Val Loss: 1.663e-01 | Time: 8.37s
2025-08-20 19:14:58,287:INFO:Epoch: 7750/40000 | Train Loss: 8.787e-02 | Dynamic Loss: 8.787e-02 | Regularization Loss: 0.000e+00 | Val Loss: 1.238e-01 | Time: 8.38s
2025-08-20 19:14:58,287:INFO:New best model found at epoch 7750 with validation loss 1.238e-01. Saving...
2025-08-20 19:15:06,634:INFO:Epoch: 7800/40000 | Train Loss: 1.453e-01 | Dynamic Loss: 1.453e-01 | Regularization Loss: 0.000e+00 | Val Loss: 1.510e-01 | Time: 8.22s
2025-08-20 19:15:15,085:INFO:Epoch: 7850/40000 | Train Loss: 9.855e-02 | Dynamic Loss: 9.855e-02 | Regularization Loss: 0.000e+00 | Val Loss: 1.589e-01 | Time: 8.34s
2025-08-20 19:15:23,428:INFO:Epoch: 7900/40000 | Train Loss: 9.593e-02 | Dynamic Loss: 9.593e-02 | Regularization Loss: 0.000e+00 | Val Loss: 1.438e-01 | Time: 8.23s
2025-08-20 19:15:31,801:INFO:Epoch: 7950/40000 | Train Loss: 1.038e-01 | Dynamic Loss: 1.038e-01 | Regularization Loss: 0.000e+00 | Val Loss: 1.353e-01 | Time: 8.26s
2025-08-20 19:15:40,218:INFO:Epoch: 8000/40000 | Train Loss: 9.249e-02 | Dynamic Loss: 9.249e-02 | Regularization Loss: 0.000e+00 | Val Loss: 1.339e-01 | Time: 8.31s
2025-08-20 19:15:48,479:INFO:Epoch: 8050/40000 | Train Loss: 9.078e-02 | Dynamic Loss: 9.078e-02 | Regularization Loss: 0.000e+00 | Val Loss: 1.376e-01 | Time: 8.15s
2025-08-20 19:15:56,977:INFO:Epoch: 8100/40000 | Train Loss: 9.010e-02 | Dynamic Loss: 9.010e-02 | Regularization Loss: 0.000e+00 | Val Loss: 1.214e-01 | Time: 8.39s
2025-08-20 19:15:56,977:INFO:New best model found at epoch 8100 with validation loss 1.214e-01. Saving...
2025-08-20 19:16:13,422:INFO:Epoch: 8150/40000 | Train Loss: 1.055e-01 | Dynamic Loss: 1.055e-01 | Regularization Loss: 0.000e+00 | Val Loss: 1.377e-01 | Time: 16.31s
2025-08-20 19:16:21,708:INFO:Epoch: 8200/40000 | Train Loss: 9.093e-02 | Dynamic Loss: 9.093e-02 | Regularization Loss: 0.000e+00 | Val Loss: 1.234e-01 | Time: 8.19s
2025-08-20 19:16:30,095:INFO:Epoch: 8250/40000 | Train Loss: 9.416e-02 | Dynamic Loss: 9.416e-02 | Regularization Loss: 0.000e+00 | Val Loss: 1.184e-01 | Time: 8.29s
2025-08-20 19:16:30,095:INFO:New best model found at epoch 8250 with validation loss 1.184e-01. Saving...
2025-08-20 19:16:47,145:INFO:Epoch: 8300/40000 | Train Loss: 9.014e-02 | Dynamic Loss: 9.014e-02 | Regularization Loss: 0.000e+00 | Val Loss: 1.238e-01 | Time: 16.93s
2025-08-20 19:16:55,511:INFO:Epoch: 8350/40000 | Train Loss: 8.895e-02 | Dynamic Loss: 8.895e-02 | Regularization Loss: 0.000e+00 | Val Loss: 1.196e-01 | Time: 8.27s
2025-08-20 19:17:03,817:INFO:Epoch: 8400/40000 | Train Loss: 9.433e-02 | Dynamic Loss: 9.433e-02 | Regularization Loss: 0.000e+00 | Val Loss: 1.228e-01 | Time: 8.21s
2025-08-20 19:17:12,231:INFO:Epoch: 8450/40000 | Train Loss: 1.429e-01 | Dynamic Loss: 1.429e-01 | Regularization Loss: 0.000e+00 | Val Loss: 1.604e-01 | Time: 8.32s
2025-08-20 19:17:20,525:INFO:Epoch: 8500/40000 | Train Loss: 9.661e-02 | Dynamic Loss: 9.661e-02 | Regularization Loss: 0.000e+00 | Val Loss: 1.339e-01 | Time: 8.19s
2025-08-20 19:17:28,830:INFO:Epoch: 8550/40000 | Train Loss: 9.027e-02 | Dynamic Loss: 9.027e-02 | Regularization Loss: 0.000e+00 | Val Loss: 1.310e-01 | Time: 8.21s
2025-08-20 19:17:37,267:INFO:Epoch: 8600/40000 | Train Loss: 8.727e-02 | Dynamic Loss: 8.727e-02 | Regularization Loss: 0.000e+00 | Val Loss: 1.101e-01 | Time: 8.34s
2025-08-20 19:17:37,267:INFO:New best model found at epoch 8600 with validation loss 1.101e-01. Saving...
2025-08-20 19:17:45,588:INFO:Epoch: 8650/40000 | Train Loss: 8.272e-02 | Dynamic Loss: 8.272e-02 | Regularization Loss: 0.000e+00 | Val Loss: 1.115e-01 | Time: 8.20s
2025-08-20 19:17:54,066:INFO:Epoch: 8700/40000 | Train Loss: 9.914e-02 | Dynamic Loss: 9.914e-02 | Regularization Loss: 0.000e+00 | Val Loss: 1.230e-01 | Time: 8.38s
2025-08-20 19:18:02,475:INFO:Epoch: 8750/40000 | Train Loss: 1.051e-01 | Dynamic Loss: 1.051e-01 | Regularization Loss: 0.000e+00 | Val Loss: 1.346e-01 | Time: 8.31s
2025-08-20 19:18:10,877:INFO:Epoch: 8800/40000 | Train Loss: 1.515e-01 | Dynamic Loss: 1.515e-01 | Regularization Loss: 0.000e+00 | Val Loss: 1.977e-01 | Time: 8.30s
2025-08-20 19:18:19,168:INFO:Epoch: 8850/40000 | Train Loss: 8.571e-02 | Dynamic Loss: 8.571e-02 | Regularization Loss: 0.000e+00 | Val Loss: 1.161e-01 | Time: 8.19s
2025-08-20 19:18:28,689:INFO:Epoch: 8900/40000 | Train Loss: 9.127e-02 | Dynamic Loss: 9.127e-02 | Regularization Loss: 0.000e+00 | Val Loss: 1.165e-01 | Time: 9.42s
2025-08-20 19:18:36,999:INFO:Epoch: 8950/40000 | Train Loss: 7.812e-02 | Dynamic Loss: 7.812e-02 | Regularization Loss: 0.000e+00 | Val Loss: 1.079e-01 | Time: 8.21s
2025-08-20 19:18:36,999:INFO:New best model found at epoch 8950 with validation loss 1.079e-01. Saving...
2025-08-20 19:18:45,298:INFO:Epoch: 9000/40000 | Train Loss: 7.579e-02 | Dynamic Loss: 7.579e-02 | Regularization Loss: 0.000e+00 | Val Loss: 1.125e-01 | Time: 8.18s
2025-08-20 19:18:53,950:INFO:Epoch: 9050/40000 | Train Loss: 1.550e-01 | Dynamic Loss: 1.550e-01 | Regularization Loss: 0.000e+00 | Val Loss: 1.933e-01 | Time: 8.55s
2025-08-20 19:19:02,319:INFO:Epoch: 9100/40000 | Train Loss: 9.101e-02 | Dynamic Loss: 9.101e-02 | Regularization Loss: 0.000e+00 | Val Loss: 1.318e-01 | Time: 8.27s
2025-08-20 19:19:10,714:INFO:Epoch: 9150/40000 | Train Loss: 3.442e-01 | Dynamic Loss: 3.442e-01 | Regularization Loss: 0.000e+00 | Val Loss: 1.283e-01 | Time: 8.30s
2025-08-20 19:19:27,305:INFO:Epoch: 9200/40000 | Train Loss: 7.926e-02 | Dynamic Loss: 7.926e-02 | Regularization Loss: 0.000e+00 | Val Loss: 1.085e-01 | Time: 16.49s
2025-08-20 19:19:35,802:INFO:Epoch: 9250/40000 | Train Loss: 7.905e-02 | Dynamic Loss: 7.905e-02 | Regularization Loss: 0.000e+00 | Val Loss: 1.165e-01 | Time: 8.40s
2025-08-20 19:19:44,130:INFO:Epoch: 9300/40000 | Train Loss: 7.566e-02 | Dynamic Loss: 7.566e-02 | Regularization Loss: 0.000e+00 | Val Loss: 1.125e-01 | Time: 8.23s
2025-08-20 19:19:52,596:INFO:Epoch: 9350/40000 | Train Loss: 1.144e-01 | Dynamic Loss: 1.144e-01 | Regularization Loss: 0.000e+00 | Val Loss: 1.327e-01 | Time: 8.37s
2025-08-20 19:20:00,932:INFO:Epoch: 9400/40000 | Train Loss: 9.576e-02 | Dynamic Loss: 9.576e-02 | Regularization Loss: 0.000e+00 | Val Loss: 1.616e-01 | Time: 8.23s
2025-08-20 19:20:09,250:INFO:Epoch: 9450/40000 | Train Loss: 7.194e-02 | Dynamic Loss: 7.194e-02 | Regularization Loss: 0.000e+00 | Val Loss: 1.021e-01 | Time: 8.22s
2025-08-20 19:20:09,250:INFO:New best model found at epoch 9450 with validation loss 1.021e-01. Saving...
2025-08-20 19:20:17,706:INFO:Epoch: 9500/40000 | Train Loss: 7.463e-02 | Dynamic Loss: 7.463e-02 | Regularization Loss: 0.000e+00 | Val Loss: 1.059e-01 | Time: 8.34s
2025-08-20 19:20:25,995:INFO:Epoch: 9550/40000 | Train Loss: 2.834e-01 | Dynamic Loss: 2.834e-01 | Regularization Loss: 0.000e+00 | Val Loss: 1.368e-01 | Time: 8.19s
2025-08-20 19:20:34,445:INFO:Epoch: 9600/40000 | Train Loss: 6.941e-02 | Dynamic Loss: 6.941e-02 | Regularization Loss: 0.000e+00 | Val Loss: 1.000e-01 | Time: 8.33s
2025-08-20 19:20:34,445:INFO:New best model found at epoch 9600 with validation loss 1.000e-01. Saving...
2025-08-20 19:20:51,250:INFO:Epoch: 9650/40000 | Train Loss: 1.109e-01 | Dynamic Loss: 1.109e-01 | Regularization Loss: 0.000e+00 | Val Loss: 1.327e-01 | Time: 16.68s
2025-08-20 19:20:59,686:INFO:Epoch: 9700/40000 | Train Loss: 7.350e-02 | Dynamic Loss: 7.350e-02 | Regularization Loss: 0.000e+00 | Val Loss: 1.016e-01 | Time: 8.33s
2025-08-20 19:21:08,051:INFO:Epoch: 9750/40000 | Train Loss: 8.373e-02 | Dynamic Loss: 8.373e-02 | Regularization Loss: 0.000e+00 | Val Loss: 1.076e-01 | Time: 8.26s
2025-08-20 19:21:16,674:INFO:Epoch: 9800/40000 | Train Loss: 1.014e-01 | Dynamic Loss: 1.014e-01 | Regularization Loss: 0.000e+00 | Val Loss: 2.058e-01 | Time: 8.51s
2025-08-20 19:21:25,019:INFO:Epoch: 9850/40000 | Train Loss: 7.083e-02 | Dynamic Loss: 7.083e-02 | Regularization Loss: 0.000e+00 | Val Loss: 1.027e-01 | Time: 8.24s
2025-08-20 19:21:33,387:INFO:Epoch: 9900/40000 | Train Loss: 1.182e-01 | Dynamic Loss: 1.182e-01 | Regularization Loss: 0.000e+00 | Val Loss: 1.329e-01 | Time: 8.27s
2025-08-20 19:21:41,912:INFO:Epoch: 9950/40000 | Train Loss: 6.817e-02 | Dynamic Loss: 6.817e-02 | Regularization Loss: 0.000e+00 | Val Loss: 9.466e-02 | Time: 8.42s
2025-08-20 19:21:41,912:INFO:New best model found at epoch 9950 with validation loss 9.466e-02. Saving...
2025-08-20 19:21:49,583:INFO:Adding projection layer
2025-08-20 19:21:53,917:INFO:Epoch: 10000/40000 | Train Loss: 2.049e-01 | Dynamic Loss: 1.098e-01 | Regularization Loss: 9.509e-02 | Val Loss: 1.727e-01 | Active Proj %: 0.00 | Time: 11.88s
2025-08-20 19:22:02,782:INFO:Epoch: 10050/40000 | Train Loss: 1.350e-01 | Dynamic Loss: 1.309e-01 | Regularization Loss: 4.073e-03 | Val Loss: 1.190e-01 | Active Proj %: 0.00 | Time: 8.76s
2025-08-20 19:22:18,594:INFO:Epoch: 10100/40000 | Train Loss: 8.295e-02 | Dynamic Loss: 8.134e-02 | Regularization Loss: 1.610e-03 | Val Loss: 9.692e-02 | Active Proj %: 0.00 | Time: 15.71s
2025-08-20 19:22:27,520:INFO:Epoch: 10150/40000 | Train Loss: 6.790e-02 | Dynamic Loss: 6.700e-02 | Regularization Loss: 8.983e-04 | Val Loss: 9.423e-02 | Active Proj %: 0.00 | Time: 8.82s
2025-08-20 19:22:27,520:INFO:New best model found at epoch 10150 with validation loss 9.423e-02. Saving...
2025-08-20 19:22:36,456:INFO:Epoch: 10200/40000 | Train Loss: 7.426e-02 | Dynamic Loss: 7.368e-02 | Regularization Loss: 5.840e-04 | Val Loss: 1.078e-01 | Active Proj %: 0.00 | Time: 8.81s
2025-08-20 19:22:53,794:INFO:Epoch: 10250/40000 | Train Loss: 6.889e-02 | Dynamic Loss: 6.848e-02 | Regularization Loss: 4.139e-04 | Val Loss: 9.712e-02 | Active Proj %: 0.00 | Time: 17.24s
2025-08-20 19:23:02,855:INFO:Epoch: 10300/40000 | Train Loss: 7.292e-02 | Dynamic Loss: 7.261e-02 | Regularization Loss: 3.101e-04 | Val Loss: 9.373e-02 | Active Proj %: 0.00 | Time: 8.96s
2025-08-20 19:23:02,855:INFO:New best model found at epoch 10300 with validation loss 9.373e-02. Saving...
2025-08-20 19:23:11,939:INFO:Epoch: 10350/40000 | Train Loss: 6.545e-02 | Dynamic Loss: 6.521e-02 | Regularization Loss: 2.416e-04 | Val Loss: 9.436e-02 | Active Proj %: 0.00 | Time: 8.96s
2025-08-20 19:23:25,525:INFO:Epoch: 10400/40000 | Train Loss: 8.028e-02 | Dynamic Loss: 8.008e-02 | Regularization Loss: 1.936e-04 | Val Loss: 1.053e-01 | Active Proj %: 0.00 | Time: 13.48s
2025-08-20 19:23:34,682:INFO:Epoch: 10450/40000 | Train Loss: 6.631e-02 | Dynamic Loss: 6.615e-02 | Regularization Loss: 1.586e-04 | Val Loss: 9.387e-02 | Active Proj %: 0.00 | Time: 9.05s
2025-08-20 19:23:43,874:INFO:Epoch: 10500/40000 | Train Loss: 6.787e-02 | Dynamic Loss: 6.774e-02 | Regularization Loss: 1.322e-04 | Val Loss: 9.626e-02 | Active Proj %: 0.00 | Time: 8.95s
2025-08-20 19:23:52,980:INFO:Epoch: 10550/40000 | Train Loss: 1.228e-01 | Dynamic Loss: 1.227e-01 | Regularization Loss: 1.117e-04 | Val Loss: 1.094e-01 | Active Proj %: 0.00 | Time: 9.01s
2025-08-20 19:24:02,103:INFO:Epoch: 10600/40000 | Train Loss: 8.609e-02 | Dynamic Loss: 8.600e-02 | Regularization Loss: 9.552e-05 | Val Loss: 1.137e-01 | Active Proj %: 0.00 | Time: 9.02s
2025-08-20 19:24:11,191:INFO:Epoch: 10650/40000 | Train Loss: 6.073e-02 | Dynamic Loss: 6.064e-02 | Regularization Loss: 8.243e-05 | Val Loss: 9.831e-02 | Active Proj %: 0.00 | Time: 8.99s
2025-08-20 19:24:20,200:INFO:Epoch: 10700/40000 | Train Loss: 7.513e-02 | Dynamic Loss: 7.506e-02 | Regularization Loss: 7.172e-05 | Val Loss: 1.068e-01 | Active Proj %: 0.00 | Time: 8.91s
2025-08-20 19:24:29,401:INFO:Epoch: 10750/40000 | Train Loss: 9.167e-02 | Dynamic Loss: 9.161e-02 | Regularization Loss: 6.283e-05 | Val Loss: 1.228e-01 | Active Proj %: 0.00 | Time: 9.09s
2025-08-20 19:24:38,430:INFO:Epoch: 10800/40000 | Train Loss: 6.516e-02 | Dynamic Loss: 6.510e-02 | Regularization Loss: 5.537e-05 | Val Loss: 9.124e-02 | Active Proj %: 0.00 | Time: 8.93s
2025-08-20 19:24:38,430:INFO:New best model found at epoch 10800 with validation loss 9.124e-02. Saving...
2025-08-20 19:24:47,520:INFO:Epoch: 10850/40000 | Train Loss: 8.023e-02 | Dynamic Loss: 8.018e-02 | Regularization Loss: 4.905e-05 | Val Loss: 1.025e-01 | Active Proj %: 0.00 | Time: 8.97s
2025-08-20 19:25:03,627:INFO:Epoch: 10900/40000 | Train Loss: 6.957e-02 | Dynamic Loss: 6.953e-02 | Regularization Loss: 4.364e-05 | Val Loss: 9.132e-02 | Active Proj %: 0.00 | Time: 16.01s
2025-08-20 19:25:12,739:INFO:Epoch: 10950/40000 | Train Loss: 5.658e-02 | Dynamic Loss: 5.654e-02 | Regularization Loss: 3.899e-05 | Val Loss: 8.639e-02 | Active Proj %: 0.00 | Time: 9.01s
2025-08-20 19:25:12,739:INFO:New best model found at epoch 10950 with validation loss 8.639e-02. Saving...
2025-08-20 19:25:21,882:INFO:Epoch: 11000/40000 | Train Loss: 6.337e-02 | Dynamic Loss: 6.333e-02 | Regularization Loss: 3.495e-05 | Val Loss: 9.896e-02 | Active Proj %: 0.00 | Time: 9.02s
2025-08-20 19:25:30,990:INFO:Epoch: 11050/40000 | Train Loss: 9.103e-02 | Dynamic Loss: 9.100e-02 | Regularization Loss: 3.143e-05 | Val Loss: 1.109e-01 | Active Proj %: 0.02 | Time: 8.99s
2025-08-20 19:25:40,131:INFO:Epoch: 11100/40000 | Train Loss: 1.327e-01 | Dynamic Loss: 1.327e-01 | Regularization Loss: 2.834e-05 | Val Loss: 2.956e-01 | Active Proj %: 0.00 | Time: 8.90s
2025-08-20 19:25:49,263:INFO:Epoch: 11150/40000 | Train Loss: 6.994e-02 | Dynamic Loss: 6.992e-02 | Regularization Loss: 2.561e-05 | Val Loss: 8.721e-02 | Active Proj %: 0.00 | Time: 9.01s
2025-08-20 19:25:58,442:INFO:Epoch: 11200/40000 | Train Loss: 7.519e-02 | Dynamic Loss: 7.517e-02 | Regularization Loss: 2.321e-05 | Val Loss: 1.119e-01 | Active Proj %: 0.00 | Time: 9.06s
2025-08-20 19:26:11,735:INFO:Epoch: 11250/40000 | Train Loss: 6.748e-02 | Dynamic Loss: 6.746e-02 | Regularization Loss: 2.107e-05 | Val Loss: 9.535e-02 | Active Proj %: 0.00 | Time: 13.18s
2025-08-20 19:26:20,854:INFO:Epoch: 11300/40000 | Train Loss: 6.125e-02 | Dynamic Loss: 6.123e-02 | Regularization Loss: 1.916e-05 | Val Loss: 9.210e-02 | Active Proj %: 0.00 | Time: 9.00s
2025-08-20 19:26:30,009:INFO:Epoch: 11350/40000 | Train Loss: 6.538e-02 | Dynamic Loss: 6.536e-02 | Regularization Loss: 1.744e-05 | Val Loss: 8.747e-02 | Active Proj %: 0.00 | Time: 9.04s
2025-08-20 19:26:45,376:INFO:Epoch: 11400/40000 | Train Loss: 5.574e-02 | Dynamic Loss: 5.573e-02 | Regularization Loss: 1.592e-05 | Val Loss: 8.145e-02 | Active Proj %: 0.00 | Time: 15.25s
2025-08-20 19:26:45,376:INFO:New best model found at epoch 11400 with validation loss 8.145e-02. Saving...
2025-08-20 19:26:54,538:INFO:Epoch: 11450/40000 | Train Loss: 1.142e-01 | Dynamic Loss: 1.142e-01 | Regularization Loss: 1.454e-05 | Val Loss: 1.452e-01 | Active Proj %: 0.02 | Time: 9.02s
2025-08-20 19:27:03,800:INFO:Epoch: 11500/40000 | Train Loss: 5.324e-02 | Dynamic Loss: 5.323e-02 | Regularization Loss: 1.330e-05 | Val Loss: 7.919e-02 | Active Proj %: 0.00 | Time: 9.14s
2025-08-20 19:27:03,800:INFO:New best model found at epoch 11500 with validation loss 7.919e-02. Saving...
2025-08-20 19:27:12,942:INFO:Epoch: 11550/40000 | Train Loss: 5.719e-02 | Dynamic Loss: 5.718e-02 | Regularization Loss: 1.218e-05 | Val Loss: 8.165e-02 | Active Proj %: 0.00 | Time: 9.00s
2025-08-20 19:27:22,100:INFO:Epoch: 11600/40000 | Train Loss: 8.931e-02 | Dynamic Loss: 8.930e-02 | Regularization Loss: 1.116e-05 | Val Loss: 9.701e-02 | Active Proj %: 0.02 | Time: 9.04s
2025-08-20 19:27:32,538:INFO:Epoch: 11650/40000 | Train Loss: 6.197e-02 | Dynamic Loss: 6.196e-02 | Regularization Loss: 1.024e-05 | Val Loss: 9.550e-02 | Active Proj %: 0.00 | Time: 10.32s
2025-08-20 19:27:41,770:INFO:Epoch: 11700/40000 | Train Loss: 1.299e-01 | Dynamic Loss: 1.299e-01 | Regularization Loss: 9.403e-06 | Val Loss: 1.398e-01 | Active Proj %: 0.00 | Time: 9.11s
2025-08-20 19:27:50,847:INFO:Epoch: 11750/40000 | Train Loss: 6.147e-02 | Dynamic Loss: 6.146e-02 | Regularization Loss: 8.644e-06 | Val Loss: 9.795e-02 | Active Proj %: 0.00 | Time: 8.96s
2025-08-20 19:28:04,033:INFO:Epoch: 11800/40000 | Train Loss: 7.818e-02 | Dynamic Loss: 7.817e-02 | Regularization Loss: 7.952e-06 | Val Loss: 1.220e-01 | Active Proj %: 0.00 | Time: 13.07s
2025-08-20 19:28:13,159:INFO:Epoch: 11850/40000 | Train Loss: 6.799e-02 | Dynamic Loss: 6.798e-02 | Regularization Loss: 7.320e-06 | Val Loss: 9.793e-02 | Active Proj %: 0.00 | Time: 9.01s
2025-08-20 19:28:22,359:INFO:Epoch: 11900/40000 | Train Loss: 1.024e-01 | Dynamic Loss: 1.024e-01 | Regularization Loss: 6.727e-06 | Val Loss: 1.085e-01 | Active Proj %: 0.00 | Time: 9.08s
2025-08-20 19:28:31,532:INFO:Epoch: 11950/40000 | Train Loss: 1.572e-01 | Dynamic Loss: 1.572e-01 | Regularization Loss: 6.197e-06 | Val Loss: 1.640e-01 | Active Proj %: 0.03 | Time: 9.05s
2025-08-20 19:28:40,720:INFO:Epoch: 12000/40000 | Train Loss: 7.193e-02 | Dynamic Loss: 7.192e-02 | Regularization Loss: 5.712e-06 | Val Loss: 8.243e-02 | Active Proj %: 0.00 | Time: 8.94s
2025-08-20 19:28:49,894:INFO:Epoch: 12050/40000 | Train Loss: 5.082e-02 | Dynamic Loss: 5.082e-02 | Regularization Loss: 5.268e-06 | Val Loss: 7.674e-02 | Active Proj %: 0.00 | Time: 9.06s
2025-08-20 19:28:49,894:INFO:New best model found at epoch 12050 with validation loss 7.674e-02. Saving...
2025-08-20 19:28:59,011:INFO:Epoch: 12100/40000 | Train Loss: 5.174e-02 | Dynamic Loss: 5.173e-02 | Regularization Loss: 4.859e-06 | Val Loss: 7.781e-02 | Active Proj %: 0.00 | Time: 8.98s
2025-08-20 19:29:08,169:INFO:Epoch: 12150/40000 | Train Loss: 6.018e-02 | Dynamic Loss: 6.017e-02 | Regularization Loss: 4.485e-06 | Val Loss: 8.539e-02 | Active Proj %: 0.00 | Time: 9.04s
2025-08-20 19:29:17,324:INFO:Epoch: 12200/40000 | Train Loss: 9.238e-02 | Dynamic Loss: 9.237e-02 | Regularization Loss: 4.141e-06 | Val Loss: 1.239e-01 | Active Proj %: 0.00 | Time: 9.04s
2025-08-20 19:29:26,435:INFO:Epoch: 12250/40000 | Train Loss: 7.155e-02 | Dynamic Loss: 7.154e-02 | Regularization Loss: 3.820e-06 | Val Loss: 9.541e-02 | Active Proj %: 0.00 | Time: 8.99s
2025-08-20 19:29:43,464:INFO:Epoch: 12300/40000 | Train Loss: 5.395e-02 | Dynamic Loss: 5.394e-02 | Regularization Loss: 3.529e-06 | Val Loss: 8.165e-02 | Active Proj %: 0.00 | Time: 16.91s
2025-08-20 19:29:52,678:INFO:Epoch: 12350/40000 | Train Loss: 5.236e-02 | Dynamic Loss: 5.236e-02 | Regularization Loss: 3.260e-06 | Val Loss: 7.452e-02 | Active Proj %: 0.00 | Time: 9.10s
2025-08-20 19:29:52,678:INFO:New best model found at epoch 12350 with validation loss 7.452e-02. Saving...
2025-08-20 19:30:01,859:INFO:Epoch: 12400/40000 | Train Loss: 7.764e-02 | Dynamic Loss: 7.763e-02 | Regularization Loss: 3.016e-06 | Val Loss: 8.648e-02 | Active Proj %: 0.00 | Time: 9.04s
2025-08-20 19:30:15,229:INFO:Epoch: 12450/40000 | Train Loss: 7.394e-02 | Dynamic Loss: 7.394e-02 | Regularization Loss: 2.788e-06 | Val Loss: 9.199e-02 | Active Proj %: 0.02 | Time: 13.25s
2025-08-20 19:30:24,303:INFO:Epoch: 12500/40000 | Train Loss: 5.132e-02 | Dynamic Loss: 5.131e-02 | Regularization Loss: 2.580e-06 | Val Loss: 7.652e-02 | Active Proj %: 0.00 | Time: 8.95s
2025-08-20 19:30:33,553:INFO:Epoch: 12550/40000 | Train Loss: 4.621e-02 | Dynamic Loss: 4.620e-02 | Regularization Loss: 2.386e-06 | Val Loss: 6.994e-02 | Active Proj %: 0.00 | Time: 9.13s
2025-08-20 19:30:33,553:INFO:New best model found at epoch 12550 with validation loss 6.994e-02. Saving...
2025-08-20 19:30:42,704:INFO:Epoch: 12600/40000 | Train Loss: 6.000e-02 | Dynamic Loss: 6.000e-02 | Regularization Loss: 2.210e-06 | Val Loss: 8.254e-02 | Active Proj %: 0.00 | Time: 9.01s
2025-08-20 19:30:51,912:INFO:Epoch: 12650/40000 | Train Loss: 5.170e-02 | Dynamic Loss: 5.170e-02 | Regularization Loss: 2.046e-06 | Val Loss: 7.819e-02 | Active Proj %: 0.00 | Time: 8.97s
2025-08-20 19:31:01,106:INFO:Epoch: 12700/40000 | Train Loss: 5.143e-02 | Dynamic Loss: 5.142e-02 | Regularization Loss: 1.892e-06 | Val Loss: 7.096e-02 | Active Proj %: 0.00 | Time: 9.07s
2025-08-20 19:31:10,274:INFO:Epoch: 12750/40000 | Train Loss: 1.448e-01 | Dynamic Loss: 1.448e-01 | Regularization Loss: 1.752e-06 | Val Loss: 1.113e-01 | Active Proj %: 0.00 | Time: 9.05s
2025-08-20 19:31:19,515:INFO:Epoch: 12800/40000 | Train Loss: 9.373e-02 | Dynamic Loss: 9.373e-02 | Regularization Loss: 1.619e-06 | Val Loss: 1.168e-01 | Active Proj %: 0.00 | Time: 9.12s
2025-08-20 19:31:28,755:INFO:Epoch: 12850/40000 | Train Loss: 5.905e-02 | Dynamic Loss: 5.904e-02 | Regularization Loss: 1.500e-06 | Val Loss: 9.179e-02 | Active Proj %: 0.00 | Time: 9.12s
2025-08-20 19:31:37,915:INFO:Epoch: 12900/40000 | Train Loss: 1.086e-01 | Dynamic Loss: 1.086e-01 | Regularization Loss: 1.389e-06 | Val Loss: 8.910e-02 | Active Proj %: 0.02 | Time: 9.04s
2025-08-20 19:31:55,367:INFO:Epoch: 12950/40000 | Train Loss: 7.891e-02 | Dynamic Loss: 7.891e-02 | Regularization Loss: 1.287e-06 | Val Loss: 8.167e-02 | Active Proj %: 0.02 | Time: 17.33s
2025-08-20 19:32:04,541:INFO:Epoch: 13000/40000 | Train Loss: 4.356e-02 | Dynamic Loss: 4.356e-02 | Regularization Loss: 1.188e-06 | Val Loss: 6.801e-02 | Active Proj %: 0.00 | Time: 9.06s
2025-08-20 19:32:04,541:INFO:New best model found at epoch 13000 with validation loss 6.801e-02. Saving...
2025-08-20 19:32:13,804:INFO:Epoch: 13050/40000 | Train Loss: 5.702e-02 | Dynamic Loss: 5.701e-02 | Regularization Loss: 1.102e-06 | Val Loss: 7.610e-02 | Active Proj %: 0.02 | Time: 9.12s
2025-08-20 19:32:23,048:INFO:Epoch: 13100/40000 | Train Loss: 4.665e-02 | Dynamic Loss: 4.664e-02 | Regularization Loss: 1.017e-06 | Val Loss: 7.576e-02 | Active Proj %: 0.00 | Time: 9.12s
2025-08-20 19:32:32,337:INFO:Epoch: 13150/40000 | Train Loss: 5.125e-02 | Dynamic Loss: 5.125e-02 | Regularization Loss: 9.436e-07 | Val Loss: 7.706e-02 | Active Proj %: 0.00 | Time: 9.17s
2025-08-20 19:32:41,557:INFO:Epoch: 13200/40000 | Train Loss: 6.734e-02 | Dynamic Loss: 6.734e-02 | Regularization Loss: 8.755e-07 | Val Loss: 8.718e-02 | Active Proj %: 0.00 | Time: 9.10s
2025-08-20 19:32:50,726:INFO:Epoch: 13250/40000 | Train Loss: 6.312e-02 | Dynamic Loss: 6.312e-02 | Regularization Loss: 8.091e-07 | Val Loss: 8.085e-02 | Active Proj %: 0.00 | Time: 9.05s
2025-08-20 19:33:06,551:INFO:Epoch: 13300/40000 | Train Loss: 5.991e-02 | Dynamic Loss: 5.991e-02 | Regularization Loss: 7.481e-07 | Val Loss: 7.679e-02 | Active Proj %: 0.00 | Time: 15.71s
2025-08-20 19:33:15,652:INFO:Epoch: 13350/40000 | Train Loss: 7.004e-02 | Dynamic Loss: 7.004e-02 | Regularization Loss: 6.917e-07 | Val Loss: 8.969e-02 | Active Proj %: 0.00 | Time: 8.98s
2025-08-20 19:33:24,865:INFO:Epoch: 13400/40000 | Train Loss: 4.593e-02 | Dynamic Loss: 4.593e-02 | Regularization Loss: 6.409e-07 | Val Loss: 6.861e-02 | Active Proj %: 0.00 | Time: 9.09s
2025-08-20 19:33:34,015:INFO:Epoch: 13450/40000 | Train Loss: 4.883e-02 | Dynamic Loss: 4.883e-02 | Regularization Loss: 5.952e-07 | Val Loss: 7.870e-02 | Active Proj %: 0.00 | Time: 9.03s
2025-08-20 19:33:43,238:INFO:Epoch: 13500/40000 | Train Loss: 2.309e-01 | Dynamic Loss: 2.309e-01 | Regularization Loss: 5.525e-07 | Val Loss: 2.547e-01 | Active Proj %: 0.07 | Time: 9.10s
2025-08-20 19:33:52,432:INFO:Epoch: 13550/40000 | Train Loss: 5.265e-02 | Dynamic Loss: 5.265e-02 | Regularization Loss: 4.988e-07 | Val Loss: 6.720e-02 | Active Proj %: 0.00 | Time: 9.07s
2025-08-20 19:33:52,432:INFO:New best model found at epoch 13550 with validation loss 6.720e-02. Saving...
2025-08-20 19:34:01,716:INFO:Epoch: 13600/40000 | Train Loss: 6.015e-02 | Dynamic Loss: 6.015e-02 | Regularization Loss: 4.641e-07 | Val Loss: 7.310e-02 | Active Proj %: 0.00 | Time: 9.14s
2025-08-20 19:34:19,680:INFO:Epoch: 13650/40000 | Train Loss: 4.446e-02 | Dynamic Loss: 4.446e-02 | Regularization Loss: 4.302e-07 | Val Loss: 6.726e-02 | Active Proj %: 0.00 | Time: 17.84s
2025-08-20 19:34:29,094:INFO:Epoch: 13700/40000 | Train Loss: 4.074e-02 | Dynamic Loss: 4.074e-02 | Regularization Loss: 3.950e-07 | Val Loss: 6.616e-02 | Active Proj %: 0.00 | Time: 9.29s
2025-08-20 19:34:29,094:INFO:New best model found at epoch 13700 with validation loss 6.616e-02. Saving...
2025-08-20 19:34:38,302:INFO:Epoch: 13750/40000 | Train Loss: 4.531e-02 | Dynamic Loss: 4.531e-02 | Regularization Loss: 3.677e-07 | Val Loss: 6.702e-02 | Active Proj %: 0.00 | Time: 9.07s
2025-08-20 19:34:47,661:INFO:Epoch: 13800/40000 | Train Loss: 5.212e-02 | Dynamic Loss: 5.212e-02 | Regularization Loss: 3.422e-07 | Val Loss: 6.474e-02 | Active Proj %: 0.00 | Time: 9.24s
2025-08-20 19:34:47,661:INFO:New best model found at epoch 13800 with validation loss 6.474e-02. Saving...
2025-08-20 19:34:56,860:INFO:Epoch: 13850/40000 | Train Loss: 6.462e-02 | Dynamic Loss: 6.462e-02 | Regularization Loss: 3.185e-07 | Val Loss: 6.893e-02 | Active Proj %: 0.00 | Time: 9.06s
2025-08-20 19:35:06,806:INFO:Epoch: 13900/40000 | Train Loss: 4.683e-02 | Dynamic Loss: 4.683e-02 | Regularization Loss: 2.963e-07 | Val Loss: 6.995e-02 | Active Proj %: 0.00 | Time: 9.83s
2025-08-20 19:35:15,995:INFO:Epoch: 13950/40000 | Train Loss: 4.442e-02 | Dynamic Loss: 4.442e-02 | Regularization Loss: 2.756e-07 | Val Loss: 6.776e-02 | Active Proj %: 0.00 | Time: 9.07s
2025-08-20 19:35:25,221:INFO:Epoch: 14000/40000 | Train Loss: 5.345e-02 | Dynamic Loss: 5.345e-02 | Regularization Loss: 2.532e-07 | Val Loss: 7.276e-02 | Active Proj %: 0.00 | Time: 9.09s
2025-08-20 19:35:34,389:INFO:Epoch: 14050/40000 | Train Loss: 4.247e-02 | Dynamic Loss: 4.247e-02 | Regularization Loss: 2.350e-07 | Val Loss: 6.559e-02 | Active Proj %: 0.00 | Time: 9.05s
2025-08-20 19:35:43,662:INFO:Epoch: 14100/40000 | Train Loss: 4.541e-02 | Dynamic Loss: 4.541e-02 | Regularization Loss: 2.187e-07 | Val Loss: 7.087e-02 | Active Proj %: 0.00 | Time: 9.02s
2025-08-20 19:35:52,883:INFO:Epoch: 14150/40000 | Train Loss: 3.845e-02 | Dynamic Loss: 3.845e-02 | Regularization Loss: 2.035e-07 | Val Loss: 6.033e-02 | Active Proj %: 0.00 | Time: 9.10s
2025-08-20 19:35:52,884:INFO:New best model found at epoch 14150 with validation loss 6.033e-02. Saving...
2025-08-20 19:36:02,079:INFO:Epoch: 14200/40000 | Train Loss: 4.846e-02 | Dynamic Loss: 4.846e-02 | Regularization Loss: 1.850e-07 | Val Loss: 6.521e-02 | Active Proj %: 0.00 | Time: 9.05s
2025-08-20 19:36:15,941:INFO:Epoch: 14250/40000 | Train Loss: 5.997e-02 | Dynamic Loss: 5.997e-02 | Regularization Loss: 1.713e-07 | Val Loss: 7.868e-02 | Active Proj %: 0.00 | Time: 13.74s
2025-08-20 19:36:25,238:INFO:Epoch: 14300/40000 | Train Loss: 7.778e-02 | Dynamic Loss: 7.778e-02 | Regularization Loss: 1.593e-07 | Val Loss: 9.769e-02 | Active Proj %: 0.00 | Time: 9.06s
2025-08-20 19:36:34,464:INFO:Epoch: 14350/40000 | Train Loss: 4.476e-02 | Dynamic Loss: 4.476e-02 | Regularization Loss: 1.460e-07 | Val Loss: 7.493e-02 | Active Proj %: 0.00 | Time: 9.11s
2025-08-20 19:36:43,597:INFO:Epoch: 14400/40000 | Train Loss: 3.860e-02 | Dynamic Loss: 3.860e-02 | Regularization Loss: 1.361e-07 | Val Loss: 5.756e-02 | Active Proj %: 0.00 | Time: 9.01s
2025-08-20 19:36:43,598:INFO:New best model found at epoch 14400 with validation loss 5.756e-02. Saving...
2025-08-20 19:36:57,321:INFO:Epoch: 14450/40000 | Train Loss: 5.039e-02 | Dynamic Loss: 5.039e-02 | Regularization Loss: 1.269e-07 | Val Loss: 6.395e-02 | Active Proj %: 0.00 | Time: 13.58s
2025-08-20 19:37:06,459:INFO:Epoch: 14500/40000 | Train Loss: 7.448e-02 | Dynamic Loss: 7.448e-02 | Regularization Loss: 1.153e-07 | Val Loss: 8.839e-02 | Active Proj %: 0.00 | Time: 9.02s
2025-08-20 19:37:20,084:INFO:Epoch: 14550/40000 | Train Loss: 3.942e-02 | Dynamic Loss: 3.942e-02 | Regularization Loss: 1.076e-07 | Val Loss: 6.246e-02 | Active Proj %: 0.00 | Time: 13.50s
2025-08-20 19:37:29,220:INFO:Epoch: 14600/40000 | Train Loss: 5.085e-02 | Dynamic Loss: 5.085e-02 | Regularization Loss: 1.004e-07 | Val Loss: 8.178e-02 | Active Proj %: 0.00 | Time: 9.02s
2025-08-20 19:37:42,447:INFO:Epoch: 14650/40000 | Train Loss: 8.910e-02 | Dynamic Loss: 8.910e-02 | Regularization Loss: 9.363e-08 | Val Loss: 8.168e-02 | Active Proj %: 0.02 | Time: 13.11s
2025-08-20 19:37:51,701:INFO:Epoch: 14700/40000 | Train Loss: 6.452e-02 | Dynamic Loss: 6.452e-02 | Regularization Loss: 8.732e-08 | Val Loss: 6.820e-02 | Active Proj %: 0.00 | Time: 9.01s
2025-08-20 19:38:00,899:INFO:Epoch: 14750/40000 | Train Loss: 3.937e-02 | Dynamic Loss: 3.937e-02 | Regularization Loss: 8.043e-08 | Val Loss: 5.784e-02 | Active Proj %: 0.00 | Time: 9.08s
2025-08-20 19:38:10,230:INFO:Epoch: 14800/40000 | Train Loss: 1.744e-01 | Dynamic Loss: 1.744e-01 | Regularization Loss: 7.368e-08 | Val Loss: 9.594e-02 | Active Proj %: 0.03 | Time: 9.07s
2025-08-20 19:38:19,421:INFO:Epoch: 14850/40000 | Train Loss: 7.019e-02 | Dynamic Loss: 7.019e-02 | Regularization Loss: 6.757e-08 | Val Loss: 8.809e-02 | Active Proj %: 0.02 | Time: 9.07s
2025-08-20 19:38:28,764:INFO:Epoch: 14900/40000 | Train Loss: 4.104e-02 | Dynamic Loss: 4.103e-02 | Regularization Loss: 6.018e-08 | Val Loss: 6.598e-02 | Active Proj %: 0.00 | Time: 9.08s
2025-08-20 19:38:38,210:INFO:Epoch: 14950/40000 | Train Loss: 4.932e-02 | Dynamic Loss: 4.932e-02 | Regularization Loss: 4.875e-08 | Val Loss: 7.298e-02 | Active Proj %: 0.00 | Time: 9.32s
2025-08-20 19:38:47,535:INFO:Epoch: 15000/40000 | Train Loss: 3.271e-02 | Dynamic Loss: 3.271e-02 | Regularization Loss: 4.241e-08 | Val Loss: 5.455e-02 | Active Proj %: 0.00 | Time: 9.07s
2025-08-20 19:38:47,535:INFO:New best model found at epoch 15000 with validation loss 5.455e-02. Saving...
2025-08-20 19:38:56,872:INFO:Epoch: 15050/40000 | Train Loss: 5.421e-02 | Dynamic Loss: 5.421e-02 | Regularization Loss: 3.892e-08 | Val Loss: 7.594e-02 | Active Proj %: 0.00 | Time: 9.19s
2025-08-20 19:39:06,190:INFO:Epoch: 15100/40000 | Train Loss: 3.504e-02 | Dynamic Loss: 3.504e-02 | Regularization Loss: 3.520e-08 | Val Loss: 5.700e-02 | Active Proj %: 0.00 | Time: 9.06s
2025-08-20 19:39:15,537:INFO:Epoch: 15150/40000 | Train Loss: 4.360e-02 | Dynamic Loss: 4.360e-02 | Regularization Loss: 3.125e-08 | Val Loss: 6.436e-02 | Active Proj %: 0.00 | Time: 9.22s
2025-08-20 19:39:24,773:INFO:Epoch: 15200/40000 | Train Loss: 4.189e-02 | Dynamic Loss: 4.189e-02 | Regularization Loss: 2.969e-08 | Val Loss: 6.185e-02 | Active Proj %: 0.00 | Time: 9.12s
2025-08-20 19:39:38,474:INFO:Epoch: 15250/40000 | Train Loss: 4.405e-02 | Dynamic Loss: 4.405e-02 | Regularization Loss: 2.749e-08 | Val Loss: 6.076e-02 | Active Proj %: 0.00 | Time: 13.58s
2025-08-20 19:39:47,782:INFO:Epoch: 15300/40000 | Train Loss: 3.578e-02 | Dynamic Loss: 3.578e-02 | Regularization Loss: 2.564e-08 | Val Loss: 5.894e-02 | Active Proj %: 0.00 | Time: 9.18s
2025-08-20 19:40:05,115:INFO:Epoch: 15350/40000 | Train Loss: 3.924e-02 | Dynamic Loss: 3.924e-02 | Regularization Loss: 2.285e-08 | Val Loss: 6.340e-02 | Active Proj %: 0.00 | Time: 17.21s
2025-08-20 19:40:14,425:INFO:Epoch: 15400/40000 | Train Loss: 3.338e-02 | Dynamic Loss: 3.338e-02 | Regularization Loss: 2.007e-08 | Val Loss: 5.551e-02 | Active Proj %: 0.00 | Time: 9.18s
2025-08-20 19:40:23,790:INFO:Epoch: 15450/40000 | Train Loss: 3.730e-02 | Dynamic Loss: 3.730e-02 | Regularization Loss: 1.873e-08 | Val Loss: 6.688e-02 | Active Proj %: 0.00 | Time: 9.24s
2025-08-20 19:40:33,027:INFO:Epoch: 15500/40000 | Train Loss: 3.903e-02 | Dynamic Loss: 3.903e-02 | Regularization Loss: 1.625e-08 | Val Loss: 5.818e-02 | Active Proj %: 0.00 | Time: 9.11s
2025-08-20 19:40:42,391:INFO:Epoch: 15550/40000 | Train Loss: 6.890e-02 | Dynamic Loss: 6.890e-02 | Regularization Loss: 1.428e-08 | Val Loss: 8.861e-02 | Active Proj %: 0.00 | Time: 9.24s
2025-08-20 19:40:51,705:INFO:Epoch: 15600/40000 | Train Loss: 3.758e-02 | Dynamic Loss: 3.758e-02 | Regularization Loss: 1.205e-08 | Val Loss: 5.714e-02 | Active Proj %: 0.00 | Time: 9.19s
2025-08-20 19:41:00,947:INFO:Epoch: 15650/40000 | Train Loss: 5.323e-02 | Dynamic Loss: 5.323e-02 | Regularization Loss: 8.599e-09 | Val Loss: 6.957e-02 | Active Proj %: 0.00 | Time: 9.12s
2025-08-20 19:41:11,493:INFO:Epoch: 15700/40000 | Train Loss: 1.146e-01 | Dynamic Loss: 1.146e-01 | Regularization Loss: 7.601e-09 | Val Loss: 8.397e-02 | Active Proj %: 0.02 | Time: 10.42s
2025-08-20 19:41:20,648:INFO:Epoch: 15750/40000 | Train Loss: 3.958e-02 | Dynamic Loss: 3.958e-02 | Regularization Loss: 7.457e-09 | Val Loss: 6.105e-02 | Active Proj %: 0.00 | Time: 9.03s
2025-08-20 19:41:38,336:INFO:Epoch: 15800/40000 | Train Loss: 5.195e-02 | Dynamic Loss: 5.195e-02 | Regularization Loss: 6.577e-09 | Val Loss: 6.956e-02 | Active Proj %: 0.00 | Time: 17.56s
2025-08-20 19:41:47,567:INFO:Epoch: 15850/40000 | Train Loss: 3.973e-02 | Dynamic Loss: 3.973e-02 | Regularization Loss: 6.171e-09 | Val Loss: 5.375e-02 | Active Proj %: 0.00 | Time: 9.11s
2025-08-20 19:41:47,567:INFO:New best model found at epoch 15850 with validation loss 5.375e-02. Saving...
2025-08-20 19:41:59,397:INFO:Epoch: 15900/40000 | Train Loss: 4.883e-02 | Dynamic Loss: 4.883e-02 | Regularization Loss: 5.594e-09 | Val Loss: 7.615e-02 | Active Proj %: 0.00 | Time: 11.68s
2025-08-20 19:42:08,658:INFO:Epoch: 15950/40000 | Train Loss: 3.801e-02 | Dynamic Loss: 3.801e-02 | Regularization Loss: 5.078e-09 | Val Loss: 5.830e-02 | Active Proj %: 0.00 | Time: 9.13s
2025-08-20 19:42:17,995:INFO:Epoch: 16000/40000 | Train Loss: 3.288e-02 | Dynamic Loss: 3.288e-02 | Regularization Loss: 4.812e-09 | Val Loss: 5.514e-02 | Active Proj %: 0.00 | Time: 9.21s
2025-08-20 19:42:27,164:INFO:Epoch: 16050/40000 | Train Loss: 3.548e-02 | Dynamic Loss: 3.548e-02 | Regularization Loss: 4.352e-09 | Val Loss: 5.797e-02 | Active Proj %: 0.00 | Time: 9.04s
2025-08-20 19:42:36,564:INFO:Epoch: 16100/40000 | Train Loss: 3.568e-02 | Dynamic Loss: 3.568e-02 | Regularization Loss: 3.283e-09 | Val Loss: 5.620e-02 | Active Proj %: 0.00 | Time: 9.27s
2025-08-20 19:42:45,915:INFO:Epoch: 16150/40000 | Train Loss: 7.738e-02 | Dynamic Loss: 7.738e-02 | Regularization Loss: 3.227e-09 | Val Loss: 1.056e-01 | Active Proj %: 0.02 | Time: 9.23s
2025-08-20 19:42:55,181:INFO:Epoch: 16200/40000 | Train Loss: 3.641e-02 | Dynamic Loss: 3.641e-02 | Regularization Loss: 3.025e-09 | Val Loss: 6.655e-02 | Active Proj %: 0.00 | Time: 9.14s
2025-08-20 19:43:05,362:INFO:Epoch: 16250/40000 | Train Loss: 3.403e-02 | Dynamic Loss: 3.403e-02 | Regularization Loss: 2.848e-09 | Val Loss: 5.730e-02 | Active Proj %: 0.00 | Time: 10.06s
2025-08-20 19:43:14,596:INFO:Epoch: 16300/40000 | Train Loss: 3.231e-02 | Dynamic Loss: 3.231e-02 | Regularization Loss: 2.525e-09 | Val Loss: 5.434e-02 | Active Proj %: 0.00 | Time: 9.11s
2025-08-20 19:43:28,613:INFO:Epoch: 16350/40000 | Train Loss: 3.696e-02 | Dynamic Loss: 3.696e-02 | Regularization Loss: 1.449e-09 | Val Loss: 6.005e-02 | Active Proj %: 0.00 | Time: 13.89s
2025-08-20 19:43:37,650:INFO:Epoch: 16400/40000 | Train Loss: 3.490e-02 | Dynamic Loss: 3.490e-02 | Regularization Loss: 1.173e-09 | Val Loss: 5.437e-02 | Active Proj %: 0.00 | Time: 8.92s
2025-08-20 19:43:46,682:INFO:Epoch: 16450/40000 | Train Loss: 3.283e-02 | Dynamic Loss: 3.283e-02 | Regularization Loss: 1.100e-09 | Val Loss: 5.642e-02 | Active Proj %: 0.00 | Time: 8.91s
2025-08-20 19:44:02,561:INFO:Epoch: 16500/40000 | Train Loss: 4.662e-02 | Dynamic Loss: 4.662e-02 | Regularization Loss: 9.285e-10 | Val Loss: 7.098e-02 | Active Proj %: 0.00 | Time: 15.76s
2025-08-20 19:44:11,608:INFO:Epoch: 16550/40000 | Train Loss: 5.586e-02 | Dynamic Loss: 5.586e-02 | Regularization Loss: 8.984e-10 | Val Loss: 5.808e-02 | Active Proj %: 0.00 | Time: 8.93s
2025-08-20 19:44:20,742:INFO:Epoch: 16600/40000 | Train Loss: 3.341e-02 | Dynamic Loss: 3.341e-02 | Regularization Loss: 7.890e-10 | Val Loss: 5.230e-02 | Active Proj %: 0.00 | Time: 9.01s
2025-08-20 19:44:20,742:INFO:New best model found at epoch 16600 with validation loss 5.230e-02. Saving...
2025-08-20 19:44:36,612:INFO:Epoch: 16650/40000 | Train Loss: 2.577e-02 | Dynamic Loss: 2.577e-02 | Regularization Loss: 7.791e-10 | Val Loss: 4.836e-02 | Active Proj %: 0.00 | Time: 15.73s
2025-08-20 19:44:36,612:INFO:New best model found at epoch 16650 with validation loss 4.836e-02. Saving...
2025-08-20 19:44:45,798:INFO:Epoch: 16700/40000 | Train Loss: 3.211e-02 | Dynamic Loss: 3.211e-02 | Regularization Loss: 4.437e-10 | Val Loss: 5.419e-02 | Active Proj %: 0.00 | Time: 9.03s
2025-08-20 19:44:54,872:INFO:Epoch: 16750/40000 | Train Loss: 3.451e-02 | Dynamic Loss: 3.451e-02 | Regularization Loss: 3.961e-10 | Val Loss: 5.645e-02 | Active Proj %: 0.00 | Time: 8.95s
2025-08-20 19:45:04,053:INFO:Epoch: 16800/40000 | Train Loss: 5.920e-02 | Dynamic Loss: 5.920e-02 | Regularization Loss: 3.632e-10 | Val Loss: 6.114e-02 | Active Proj %: 0.02 | Time: 9.06s
2025-08-20 19:45:13,122:INFO:Epoch: 16850/40000 | Train Loss: 3.173e-02 | Dynamic Loss: 3.173e-02 | Regularization Loss: 3.295e-10 | Val Loss: 5.171e-02 | Active Proj %: 0.00 | Time: 8.95s
2025-08-20 19:45:22,135:INFO:Epoch: 16900/40000 | Train Loss: 2.996e-02 | Dynamic Loss: 2.996e-02 | Regularization Loss: 3.195e-10 | Val Loss: 5.283e-02 | Active Proj %: 0.00 | Time: 8.89s
2025-08-20 19:45:31,273:INFO:Epoch: 16950/40000 | Train Loss: 4.310e-02 | Dynamic Loss: 4.310e-02 | Regularization Loss: 2.698e-10 | Val Loss: 6.817e-02 | Active Proj %: 0.00 | Time: 9.02s
2025-08-20 19:45:40,337:INFO:Epoch: 17000/40000 | Train Loss: 4.917e-02 | Dynamic Loss: 4.917e-02 | Regularization Loss: 2.292e-10 | Val Loss: 6.250e-02 | Active Proj %: 0.00 | Time: 8.94s
2025-08-20 19:45:49,387:INFO:Epoch: 17050/40000 | Train Loss: 3.107e-02 | Dynamic Loss: 3.107e-02 | Regularization Loss: 1.875e-10 | Val Loss: 5.287e-02 | Active Proj %: 0.00 | Time: 8.93s
2025-08-20 19:45:58,515:INFO:Epoch: 17100/40000 | Train Loss: 4.756e-02 | Dynamic Loss: 4.756e-02 | Regularization Loss: 1.756e-10 | Val Loss: 6.547e-02 | Active Proj %: 0.00 | Time: 9.01s
2025-08-20 19:46:07,532:INFO:Epoch: 17150/40000 | Train Loss: 2.719e-02 | Dynamic Loss: 2.719e-02 | Regularization Loss: 1.606e-10 | Val Loss: 5.161e-02 | Active Proj %: 0.00 | Time: 8.90s
2025-08-20 19:46:16,468:INFO:Epoch: 17200/40000 | Train Loss: 3.065e-02 | Dynamic Loss: 3.065e-02 | Regularization Loss: 1.202e-10 | Val Loss: 5.199e-02 | Active Proj %: 0.00 | Time: 8.81s
2025-08-20 19:46:25,665:INFO:Epoch: 17250/40000 | Train Loss: 5.432e-02 | Dynamic Loss: 5.432e-02 | Regularization Loss: 1.126e-10 | Val Loss: 6.075e-02 | Active Proj %: 0.00 | Time: 9.08s
2025-08-20 19:46:34,701:INFO:Epoch: 17300/40000 | Train Loss: 3.664e-02 | Dynamic Loss: 3.664e-02 | Regularization Loss: 9.704e-11 | Val Loss: 6.255e-02 | Active Proj %: 0.02 | Time: 8.91s
2025-08-20 19:46:43,770:INFO:Epoch: 17350/40000 | Train Loss: 3.094e-02 | Dynamic Loss: 3.094e-02 | Regularization Loss: 9.245e-11 | Val Loss: 6.048e-02 | Active Proj %: 0.00 | Time: 8.95s
2025-08-20 19:46:53,014:INFO:Epoch: 17400/40000 | Train Loss: 2.658e-02 | Dynamic Loss: 2.658e-02 | Regularization Loss: 5.316e-11 | Val Loss: 4.867e-02 | Active Proj %: 0.00 | Time: 9.12s
2025-08-20 19:47:02,048:INFO:Epoch: 17450/40000 | Train Loss: 3.516e-02 | Dynamic Loss: 3.516e-02 | Regularization Loss: 5.256e-11 | Val Loss: 5.779e-02 | Active Proj %: 0.00 | Time: 8.91s
2025-08-20 19:47:11,112:INFO:Epoch: 17500/40000 | Train Loss: 4.710e-02 | Dynamic Loss: 4.710e-02 | Regularization Loss: 5.012e-11 | Val Loss: 5.372e-02 | Active Proj %: 0.02 | Time: 8.94s
2025-08-20 19:47:20,128:INFO:Epoch: 17550/40000 | Train Loss: 5.578e-02 | Dynamic Loss: 5.578e-02 | Regularization Loss: 4.493e-11 | Val Loss: 6.736e-02 | Active Proj %: 0.02 | Time: 8.89s
2025-08-20 19:47:36,743:INFO:Epoch: 17600/40000 | Train Loss: 3.464e-02 | Dynamic Loss: 3.464e-02 | Regularization Loss: 3.927e-11 | Val Loss: 5.405e-02 | Active Proj %: 0.00 | Time: 16.48s
2025-08-20 19:47:45,944:INFO:Epoch: 17650/40000 | Train Loss: 2.965e-02 | Dynamic Loss: 2.965e-02 | Regularization Loss: 3.568e-11 | Val Loss: 4.918e-02 | Active Proj %: 0.00 | Time: 9.08s
2025-08-20 19:47:55,046:INFO:Epoch: 17700/40000 | Train Loss: 3.271e-02 | Dynamic Loss: 3.271e-02 | Regularization Loss: 3.104e-11 | Val Loss: 5.070e-02 | Active Proj %: 0.00 | Time: 8.98s
2025-08-20 19:48:08,693:INFO:Epoch: 17750/40000 | Train Loss: 7.049e-02 | Dynamic Loss: 7.049e-02 | Regularization Loss: 1.838e-11 | Val Loss: 8.752e-02 | Active Proj %: 0.02 | Time: 13.53s
2025-08-20 19:48:17,775:INFO:Epoch: 17800/40000 | Train Loss: 2.531e-02 | Dynamic Loss: 2.531e-02 | Regularization Loss: 1.496e-11 | Val Loss: 4.976e-02 | Active Proj %: 0.00 | Time: 8.96s
2025-08-20 19:48:27,027:INFO:Epoch: 17850/40000 | Train Loss: 2.706e-02 | Dynamic Loss: 2.706e-02 | Regularization Loss: 1.195e-11 | Val Loss: 4.733e-02 | Active Proj %: 0.00 | Time: 9.13s
2025-08-20 19:48:27,028:INFO:New best model found at epoch 17850 with validation loss 4.733e-02. Saving...
2025-08-20 19:48:42,638:INFO:Epoch: 17900/40000 | Train Loss: 2.523e-02 | Dynamic Loss: 2.523e-02 | Regularization Loss: 1.093e-11 | Val Loss: 4.893e-02 | Active Proj %: 0.00 | Time: 15.47s
2025-08-20 19:48:51,778:INFO:Epoch: 17950/40000 | Train Loss: 3.119e-02 | Dynamic Loss: 3.119e-02 | Regularization Loss: 8.881e-12 | Val Loss: 5.368e-02 | Active Proj %: 0.00 | Time: 9.01s
2025-08-20 19:49:00,993:INFO:Epoch: 18000/40000 | Train Loss: 5.106e-02 | Dynamic Loss: 5.106e-02 | Regularization Loss: 8.466e-12 | Val Loss: 8.709e-02 | Active Proj %: 0.00 | Time: 9.09s
2025-08-20 19:49:16,563:INFO:Epoch: 18050/40000 | Train Loss: 3.662e-02 | Dynamic Loss: 3.662e-02 | Regularization Loss: 6.807e-12 | Val Loss: 5.666e-02 | Active Proj %: 0.00 | Time: 15.45s
2025-08-20 19:49:25,560:INFO:Epoch: 18100/40000 | Train Loss: 2.929e-02 | Dynamic Loss: 2.929e-02 | Regularization Loss: 5.216e-12 | Val Loss: 5.286e-02 | Active Proj %: 0.00 | Time: 8.88s
2025-08-20 19:49:34,688:INFO:Epoch: 18150/40000 | Train Loss: 3.043e-02 | Dynamic Loss: 3.043e-02 | Regularization Loss: 4.872e-12 | Val Loss: 5.103e-02 | Active Proj %: 0.00 | Time: 9.01s
2025-08-20 19:49:43,771:INFO:Epoch: 18200/40000 | Train Loss: 7.213e-02 | Dynamic Loss: 7.213e-02 | Regularization Loss: 3.216e-12 | Val Loss: 9.146e-02 | Active Proj %: 0.02 | Time: 8.95s
2025-08-20 19:49:52,981:INFO:Epoch: 18250/40000 | Train Loss: 2.749e-02 | Dynamic Loss: 2.749e-02 | Regularization Loss: 2.088e-12 | Val Loss: 5.251e-02 | Active Proj %: 0.00 | Time: 9.09s
2025-08-20 19:50:02,142:INFO:Epoch: 18300/40000 | Train Loss: 3.061e-02 | Dynamic Loss: 3.061e-02 | Regularization Loss: 1.249e-12 | Val Loss: 5.053e-02 | Active Proj %: 0.00 | Time: 9.04s
2025-08-20 19:50:11,251:INFO:Epoch: 18350/40000 | Train Loss: 3.089e-02 | Dynamic Loss: 3.089e-02 | Regularization Loss: 1.178e-12 | Val Loss: 5.933e-02 | Active Proj %: 0.00 | Time: 8.99s
2025-08-20 19:50:20,287:INFO:Epoch: 18400/40000 | Train Loss: 3.150e-02 | Dynamic Loss: 3.150e-02 | Regularization Loss: 1.138e-12 | Val Loss: 5.045e-02 | Active Proj %: 0.02 | Time: 8.92s
2025-08-20 19:50:29,378:INFO:Epoch: 18450/40000 | Train Loss: 2.329e-02 | Dynamic Loss: 2.329e-02 | Regularization Loss: 5.643e-13 | Val Loss: 4.528e-02 | Active Proj %: 0.00 | Time: 8.97s
2025-08-20 19:50:29,379:INFO:New best model found at epoch 18450 with validation loss 4.528e-02. Saving...
2025-08-20 19:50:46,728:INFO:Epoch: 18500/40000 | Train Loss: 4.079e-02 | Dynamic Loss: 4.079e-02 | Regularization Loss: 3.579e-13 | Val Loss: 5.285e-02 | Active Proj %: 0.00 | Time: 17.21s
2025-08-20 19:50:55,843:INFO:Epoch: 18550/40000 | Train Loss: 2.752e-02 | Dynamic Loss: 2.752e-02 | Regularization Loss: 2.805e-13 | Val Loss: 4.689e-02 | Active Proj %: 0.00 | Time: 8.99s
2025-08-20 19:51:04,928:INFO:Epoch: 18600/40000 | Train Loss: 2.494e-02 | Dynamic Loss: 2.494e-02 | Regularization Loss: 2.288e-13 | Val Loss: 5.476e-02 | Active Proj %: 0.00 | Time: 8.96s
2025-08-20 19:51:19,807:INFO:Epoch: 18650/40000 | Train Loss: 2.482e-02 | Dynamic Loss: 2.482e-02 | Regularization Loss: 1.983e-13 | Val Loss: 4.827e-02 | Active Proj %: 0.00 | Time: 14.76s
2025-08-20 19:51:28,998:INFO:Epoch: 18700/40000 | Train Loss: 2.715e-02 | Dynamic Loss: 2.715e-02 | Regularization Loss: 1.849e-13 | Val Loss: 5.057e-02 | Active Proj %: 0.00 | Time: 9.07s
2025-08-20 19:51:38,072:INFO:Epoch: 18750/40000 | Train Loss: 2.944e-02 | Dynamic Loss: 2.944e-02 | Regularization Loss: 1.152e-13 | Val Loss: 5.426e-02 | Active Proj %: 0.00 | Time: 8.95s
2025-08-20 19:51:52,330:INFO:Epoch: 18800/40000 | Train Loss: 2.405e-02 | Dynamic Loss: 2.405e-02 | Regularization Loss: 1.050e-13 | Val Loss: 4.728e-02 | Active Proj %: 0.00 | Time: 14.14s
2025-08-20 19:52:01,589:INFO:Epoch: 18850/40000 | Train Loss: 4.209e-02 | Dynamic Loss: 4.209e-02 | Regularization Loss: 7.951e-14 | Val Loss: 6.222e-02 | Active Proj %: 0.00 | Time: 9.13s
2025-08-20 19:52:10,850:INFO:Epoch: 18900/40000 | Train Loss: 4.140e-02 | Dynamic Loss: 4.140e-02 | Regularization Loss: 6.455e-14 | Val Loss: 5.964e-02 | Active Proj %: 0.00 | Time: 9.14s
2025-08-20 19:52:20,651:INFO:Epoch: 18950/40000 | Train Loss: 2.130e-02 | Dynamic Loss: 2.130e-02 | Regularization Loss: 4.139e-14 | Val Loss: 4.436e-02 | Active Proj %: 0.00 | Time: 9.68s
2025-08-20 19:52:20,651:INFO:New best model found at epoch 18950 with validation loss 4.436e-02. Saving...
2025-08-20 19:52:29,816:INFO:Epoch: 19000/40000 | Train Loss: 2.690e-02 | Dynamic Loss: 2.690e-02 | Regularization Loss: 3.344e-14 | Val Loss: 5.010e-02 | Active Proj %: 0.00 | Time: 9.02s
2025-08-20 19:52:38,900:INFO:Epoch: 19050/40000 | Train Loss: 2.303e-02 | Dynamic Loss: 2.303e-02 | Regularization Loss: 3.217e-14 | Val Loss: 4.500e-02 | Active Proj %: 0.00 | Time: 8.96s
2025-08-20 19:52:48,007:INFO:Epoch: 19100/40000 | Train Loss: 2.917e-02 | Dynamic Loss: 2.917e-02 | Regularization Loss: 2.545e-14 | Val Loss: 4.642e-02 | Active Proj %: 0.00 | Time: 8.98s
2025-08-20 19:52:57,140:INFO:Epoch: 19150/40000 | Train Loss: 2.446e-02 | Dynamic Loss: 2.446e-02 | Regularization Loss: 2.223e-14 | Val Loss: 4.926e-02 | Active Proj %: 0.00 | Time: 9.01s
2025-08-20 19:53:06,269:INFO:Epoch: 19200/40000 | Train Loss: 2.389e-02 | Dynamic Loss: 2.389e-02 | Regularization Loss: 2.162e-14 | Val Loss: 4.716e-02 | Active Proj %: 0.00 | Time: 9.00s
2025-08-20 19:53:19,107:INFO:Epoch: 19250/40000 | Train Loss: 7.015e-02 | Dynamic Loss: 7.015e-02 | Regularization Loss: 7.938e-15 | Val Loss: 7.805e-02 | Active Proj %: 0.03 | Time: 12.71s
2025-08-20 19:53:28,204:INFO:Epoch: 19300/40000 | Train Loss: 2.141e-02 | Dynamic Loss: 2.141e-02 | Regularization Loss: 7.477e-15 | Val Loss: 4.519e-02 | Active Proj %: 0.00 | Time: 8.97s
2025-08-20 19:53:37,267:INFO:Epoch: 19350/40000 | Train Loss: 4.233e-02 | Dynamic Loss: 4.233e-02 | Regularization Loss: 6.374e-15 | Val Loss: 5.377e-02 | Active Proj %: 0.02 | Time: 8.94s
2025-08-20 19:53:48,104:INFO:Epoch: 19400/40000 | Train Loss: 2.020e-02 | Dynamic Loss: 2.020e-02 | Regularization Loss: 4.211e-15 | Val Loss: 4.124e-02 | Active Proj %: 0.00 | Time: 10.71s
2025-08-20 19:53:48,104:INFO:New best model found at epoch 19400 with validation loss 4.124e-02. Saving...
2025-08-20 19:53:57,297:INFO:Epoch: 19450/40000 | Train Loss: 3.453e-02 | Dynamic Loss: 3.453e-02 | Regularization Loss: 3.869e-15 | Val Loss: 5.767e-02 | Active Proj %: 0.00 | Time: 9.05s
2025-08-20 19:54:06,389:INFO:Epoch: 19500/40000 | Train Loss: 2.634e-02 | Dynamic Loss: 2.634e-02 | Regularization Loss: 3.201e-15 | Val Loss: 4.322e-02 | Active Proj %: 0.00 | Time: 8.97s
2025-08-20 19:54:16,109:INFO:Epoch: 19550/40000 | Train Loss: 2.096e-02 | Dynamic Loss: 2.096e-02 | Regularization Loss: 3.039e-15 | Val Loss: 4.620e-02 | Active Proj %: 0.00 | Time: 9.59s
2025-08-20 19:54:25,317:INFO:Epoch: 19600/40000 | Train Loss: 5.697e-02 | Dynamic Loss: 5.697e-02 | Regularization Loss: 1.852e-15 | Val Loss: 7.268e-02 | Active Proj %: 0.02 | Time: 9.08s
2025-08-20 19:54:34,396:INFO:Epoch: 19650/40000 | Train Loss: 2.550e-02 | Dynamic Loss: 2.550e-02 | Regularization Loss: 1.679e-15 | Val Loss: 4.519e-02 | Active Proj %: 0.00 | Time: 8.95s
2025-08-20 19:54:43,511:INFO:Epoch: 19700/40000 | Train Loss: 3.401e-02 | Dynamic Loss: 3.401e-02 | Regularization Loss: 1.494e-15 | Val Loss: 5.286e-02 | Active Proj %: 0.00 | Time: 8.99s
2025-08-20 19:54:52,618:INFO:Epoch: 19750/40000 | Train Loss: 4.176e-02 | Dynamic Loss: 4.176e-02 | Regularization Loss: 1.227e-15 | Val Loss: 4.463e-02 | Active Proj %: 0.03 | Time: 8.98s
2025-08-20 19:55:01,720:INFO:Epoch: 19800/40000 | Train Loss: 2.796e-02 | Dynamic Loss: 2.796e-02 | Regularization Loss: 9.570e-16 | Val Loss: 5.233e-02 | Active Proj %: 0.00 | Time: 8.98s
2025-08-20 19:55:10,960:INFO:Epoch: 19850/40000 | Train Loss: 4.155e-02 | Dynamic Loss: 4.155e-02 | Regularization Loss: 8.628e-16 | Val Loss: 5.919e-02 | Active Proj %: 0.00 | Time: 9.11s
2025-08-20 19:55:20,571:INFO:Epoch: 19900/40000 | Train Loss: 2.672e-02 | Dynamic Loss: 2.672e-02 | Regularization Loss: 5.943e-16 | Val Loss: 4.913e-02 | Active Proj %: 0.00 | Time: 9.48s
2025-08-20 19:55:30,059:INFO:Epoch: 19950/40000 | Train Loss: 3.008e-02 | Dynamic Loss: 3.008e-02 | Regularization Loss: 5.568e-16 | Val Loss: 6.490e-02 | Active Proj %: 0.02 | Time: 9.36s
2025-08-20 19:55:40,204:INFO:Epoch: 20000/40000 | Train Loss: 4.200e-02 | Dynamic Loss: 4.200e-02 | Regularization Loss: 3.445e-16 | Val Loss: 5.862e-02 | Active Proj %: 0.03 | Time: 10.02s
2025-08-20 19:55:49,307:INFO:Epoch: 20050/40000 | Train Loss: 3.035e-02 | Dynamic Loss: 3.035e-02 | Regularization Loss: 2.215e-16 | Val Loss: 5.380e-02 | Active Proj %: 0.00 | Time: 8.98s
2025-08-20 19:55:58,299:INFO:Epoch: 20100/40000 | Train Loss: 1.201e+01 | Dynamic Loss: 1.201e+01 | Regularization Loss: 2.322e-24 | Val Loss: 1.237e+01 | Active Proj %: 99.92 | Time: 8.88s
2025-08-20 19:56:07,360:INFO:Epoch: 20150/40000 | Train Loss: 1.605e+00 | Dynamic Loss: 1.605e+00 | Regularization Loss: 2.302e-26 | Val Loss: 1.709e+00 | Active Proj %: 0.00 | Time: 8.95s
2025-08-20 19:56:16,338:INFO:Epoch: 20200/40000 | Train Loss: 1.336e+00 | Dynamic Loss: 1.336e+00 | Regularization Loss: 2.302e-26 | Val Loss: 1.463e+00 | Active Proj %: 0.00 | Time: 8.87s
2025-08-20 19:56:25,301:INFO:Epoch: 20250/40000 | Train Loss: 1.110e+00 | Dynamic Loss: 1.110e+00 | Regularization Loss: 2.302e-26 | Val Loss: 1.231e+00 | Active Proj %: 0.00 | Time: 8.85s
2025-08-20 19:56:36,600:INFO:Epoch: 20300/40000 | Train Loss: 9.397e-01 | Dynamic Loss: 9.397e-01 | Regularization Loss: 2.300e-26 | Val Loss: 1.079e+00 | Active Proj %: 0.00 | Time: 11.18s
2025-08-20 19:56:45,740:INFO:Epoch: 20350/40000 | Train Loss: 9.967e-01 | Dynamic Loss: 9.967e-01 | Regularization Loss: 2.291e-26 | Val Loss: 1.176e+00 | Active Proj %: 0.13 | Time: 9.03s
2025-08-20 19:56:54,741:INFO:Epoch: 20400/40000 | Train Loss: 7.380e-01 | Dynamic Loss: 7.380e-01 | Regularization Loss: 2.287e-26 | Val Loss: 8.800e-01 | Active Proj %: 0.00 | Time: 8.88s
2025-08-20 19:57:09,997:INFO:Epoch: 20450/40000 | Train Loss: 6.828e-01 | Dynamic Loss: 6.828e-01 | Regularization Loss: 2.286e-26 | Val Loss: 8.377e-01 | Active Proj %: 0.00 | Time: 15.14s
2025-08-20 19:57:19,227:INFO:Epoch: 20500/40000 | Train Loss: 6.271e-01 | Dynamic Loss: 6.271e-01 | Regularization Loss: 2.281e-26 | Val Loss: 7.655e-01 | Active Proj %: 0.00 | Time: 9.12s
2025-08-20 19:57:28,254:INFO:Epoch: 20550/40000 | Train Loss: 5.806e-01 | Dynamic Loss: 5.806e-01 | Regularization Loss: 2.280e-26 | Val Loss: 7.163e-01 | Active Proj %: 0.00 | Time: 8.92s
2025-08-20 19:57:44,858:INFO:Epoch: 20600/40000 | Train Loss: 5.413e-01 | Dynamic Loss: 5.413e-01 | Regularization Loss: 2.279e-26 | Val Loss: 6.765e-01 | Active Proj %: 0.00 | Time: 16.50s
2025-08-20 19:57:53,900:INFO:Epoch: 20650/40000 | Train Loss: 5.415e-01 | Dynamic Loss: 5.415e-01 | Regularization Loss: 2.274e-26 | Val Loss: 6.779e-01 | Active Proj %: 0.00 | Time: 8.94s
2025-08-20 19:58:02,860:INFO:Epoch: 20700/40000 | Train Loss: 4.943e-01 | Dynamic Loss: 4.943e-01 | Regularization Loss: 2.274e-26 | Val Loss: 6.426e-01 | Active Proj %: 0.00 | Time: 8.85s
2025-08-20 19:58:15,403:INFO:Epoch: 20750/40000 | Train Loss: 4.517e-01 | Dynamic Loss: 4.517e-01 | Regularization Loss: 2.271e-26 | Val Loss: 5.837e-01 | Active Proj %: 0.00 | Time: 12.44s
2025-08-20 19:58:24,427:INFO:Epoch: 20800/40000 | Train Loss: 4.467e-01 | Dynamic Loss: 4.467e-01 | Regularization Loss: 2.270e-26 | Val Loss: 5.962e-01 | Active Proj %: 0.00 | Time: 8.92s
2025-08-20 19:58:33,472:INFO:Epoch: 20850/40000 | Train Loss: 4.238e-01 | Dynamic Loss: 4.238e-01 | Regularization Loss: 2.266e-26 | Val Loss: 5.502e-01 | Active Proj %: 0.00 | Time: 8.94s
2025-08-20 19:58:44,257:INFO:Epoch: 20900/40000 | Train Loss: 3.752e-01 | Dynamic Loss: 3.752e-01 | Regularization Loss: 2.266e-26 | Val Loss: 4.984e-01 | Active Proj %: 0.00 | Time: 10.68s
2025-08-20 19:58:53,518:INFO:Epoch: 20950/40000 | Train Loss: 3.445e-01 | Dynamic Loss: 3.445e-01 | Regularization Loss: 2.263e-26 | Val Loss: 4.651e-01 | Active Proj %: 0.00 | Time: 9.16s
2025-08-20 19:59:02,574:INFO:Epoch: 21000/40000 | Train Loss: 3.264e-01 | Dynamic Loss: 3.264e-01 | Regularization Loss: 2.261e-26 | Val Loss: 4.471e-01 | Active Proj %: 0.00 | Time: 8.95s
2025-08-20 19:59:14,545:INFO:Epoch: 21050/40000 | Train Loss: 3.257e-01 | Dynamic Loss: 3.257e-01 | Regularization Loss: 2.260e-26 | Val Loss: 4.275e-01 | Active Proj %: 0.00 | Time: 11.87s
2025-08-20 19:59:23,623:INFO:Epoch: 21100/40000 | Train Loss: 2.846e-01 | Dynamic Loss: 2.846e-01 | Regularization Loss: 2.257e-26 | Val Loss: 4.008e-01 | Active Proj %: 0.00 | Time: 8.97s
2025-08-20 19:59:32,605:INFO:Epoch: 21150/40000 | Train Loss: 2.765e-01 | Dynamic Loss: 2.765e-01 | Regularization Loss: 2.254e-26 | Val Loss: 3.939e-01 | Active Proj %: 0.00 | Time: 8.88s
2025-08-20 19:59:47,452:INFO:Epoch: 21200/40000 | Train Loss: 2.611e-01 | Dynamic Loss: 2.611e-01 | Regularization Loss: 2.253e-26 | Val Loss: 3.774e-01 | Active Proj %: 0.00 | Time: 14.74s
2025-08-20 19:59:56,595:INFO:Epoch: 21250/40000 | Train Loss: 2.411e-01 | Dynamic Loss: 2.411e-01 | Regularization Loss: 2.252e-26 | Val Loss: 3.578e-01 | Active Proj %: 0.00 | Time: 9.04s
2025-08-20 20:00:05,675:INFO:Epoch: 21300/40000 | Train Loss: 2.284e-01 | Dynamic Loss: 2.284e-01 | Regularization Loss: 2.251e-26 | Val Loss: 3.498e-01 | Active Proj %: 0.00 | Time: 8.98s
2025-08-20 20:00:19,734:INFO:Epoch: 21350/40000 | Train Loss: 2.185e-01 | Dynamic Loss: 2.185e-01 | Regularization Loss: 2.248e-26 | Val Loss: 3.428e-01 | Active Proj %: 0.00 | Time: 13.96s
2025-08-20 20:00:28,782:INFO:Epoch: 21400/40000 | Train Loss: 2.068e-01 | Dynamic Loss: 2.068e-01 | Regularization Loss: 2.246e-26 | Val Loss: 3.335e-01 | Active Proj %: 0.00 | Time: 8.95s
2025-08-20 20:00:37,804:INFO:Epoch: 21450/40000 | Train Loss: 2.064e-01 | Dynamic Loss: 2.064e-01 | Regularization Loss: 2.244e-26 | Val Loss: 3.260e-01 | Active Proj %: 0.00 | Time: 8.92s
2025-08-20 20:00:51,376:INFO:Epoch: 21500/40000 | Train Loss: 2.260e-01 | Dynamic Loss: 2.260e-01 | Regularization Loss: 2.243e-26 | Val Loss: 3.785e-01 | Active Proj %: 0.02 | Time: 13.47s
2025-08-20 20:01:00,497:INFO:Epoch: 21550/40000 | Train Loss: 1.695e-01 | Dynamic Loss: 1.695e-01 | Regularization Loss: 2.241e-26 | Val Loss: 2.953e-01 | Active Proj %: 0.00 | Time: 9.02s
2025-08-20 20:01:09,575:INFO:Epoch: 21600/40000 | Train Loss: 1.624e-01 | Dynamic Loss: 1.624e-01 | Regularization Loss: 2.239e-26 | Val Loss: 2.886e-01 | Active Proj %: 0.00 | Time: 8.97s
2025-08-20 20:01:24,030:INFO:Epoch: 21650/40000 | Train Loss: 1.527e-01 | Dynamic Loss: 1.527e-01 | Regularization Loss: 2.234e-26 | Val Loss: 2.779e-01 | Active Proj %: 0.00 | Time: 14.35s
2025-08-20 20:01:33,084:INFO:Epoch: 21700/40000 | Train Loss: 1.742e-01 | Dynamic Loss: 1.742e-01 | Regularization Loss: 2.234e-26 | Val Loss: 3.384e-01 | Active Proj %: 0.03 | Time: 8.95s
2025-08-20 20:01:42,149:INFO:Epoch: 21750/40000 | Train Loss: 5.220e-01 | Dynamic Loss: 5.220e-01 | Regularization Loss: 2.210e-26 | Val Loss: 4.891e-01 | Active Proj %: 0.23 | Time: 8.96s
2025-08-20 20:01:57,470:INFO:Epoch: 21800/40000 | Train Loss: 2.256e-01 | Dynamic Loss: 2.256e-01 | Regularization Loss: 2.176e-26 | Val Loss: 3.541e-01 | Active Proj %: 0.07 | Time: 15.22s
2025-08-20 20:02:06,476:INFO:Epoch: 21850/40000 | Train Loss: 1.646e-01 | Dynamic Loss: 1.646e-01 | Regularization Loss: 2.175e-26 | Val Loss: 3.466e-01 | Active Proj %: 0.03 | Time: 8.90s
2025-08-20 20:02:15,591:INFO:Epoch: 21900/40000 | Train Loss: 1.231e-01 | Dynamic Loss: 1.231e-01 | Regularization Loss: 2.172e-26 | Val Loss: 2.501e-01 | Active Proj %: 0.02 | Time: 9.00s
2025-08-20 20:02:29,756:INFO:Epoch: 21950/40000 | Train Loss: 1.340e-01 | Dynamic Loss: 1.340e-01 | Regularization Loss: 2.170e-26 | Val Loss: 2.574e-01 | Active Proj %: 0.03 | Time: 14.06s
2025-08-20 20:02:38,901:INFO:Epoch: 22000/40000 | Train Loss: 1.215e-01 | Dynamic Loss: 1.215e-01 | Regularization Loss: 2.166e-26 | Val Loss: 2.440e-01 | Active Proj %: 0.02 | Time: 9.04s
2025-08-20 20:02:48,096:INFO:Epoch: 22050/40000 | Train Loss: 1.175e-01 | Dynamic Loss: 1.175e-01 | Regularization Loss: 2.164e-26 | Val Loss: 2.406e-01 | Active Proj %: 0.02 | Time: 9.09s
2025-08-20 20:03:02,912:INFO:Epoch: 22100/40000 | Train Loss: 1.100e-01 | Dynamic Loss: 1.100e-01 | Regularization Loss: 2.160e-26 | Val Loss: 2.347e-01 | Active Proj %: 0.02 | Time: 14.71s
2025-08-20 20:03:11,943:INFO:Epoch: 22150/40000 | Train Loss: 1.198e-01 | Dynamic Loss: 1.198e-01 | Regularization Loss: 2.152e-26 | Val Loss: 2.351e-01 | Active Proj %: 0.02 | Time: 8.93s
2025-08-20 20:03:20,963:INFO:Epoch: 22200/40000 | Train Loss: 1.232e-01 | Dynamic Loss: 1.232e-01 | Regularization Loss: 2.150e-26 | Val Loss: 2.276e-01 | Active Proj %: 0.02 | Time: 8.91s
2025-08-20 20:03:37,107:INFO:Epoch: 22250/40000 | Train Loss: 1.047e-01 | Dynamic Loss: 1.047e-01 | Regularization Loss: 2.148e-26 | Val Loss: 2.221e-01 | Active Proj %: 0.03 | Time: 16.04s
2025-08-20 20:03:46,188:INFO:Epoch: 22300/40000 | Train Loss: 1.027e-01 | Dynamic Loss: 1.027e-01 | Regularization Loss: 2.144e-26 | Val Loss: 2.197e-01 | Active Proj %: 0.03 | Time: 8.98s
2025-08-20 20:03:55,223:INFO:Epoch: 22350/40000 | Train Loss: 1.060e-01 | Dynamic Loss: 1.060e-01 | Regularization Loss: 2.141e-26 | Val Loss: 2.346e-01 | Active Proj %: 0.02 | Time: 8.93s
2025-08-20 20:04:09,281:INFO:Epoch: 22400/40000 | Train Loss: 9.989e-02 | Dynamic Loss: 9.989e-02 | Regularization Loss: 2.138e-26 | Val Loss: 2.138e-01 | Active Proj %: 0.02 | Time: 13.95s
2025-08-20 20:04:18,392:INFO:Epoch: 22450/40000 | Train Loss: 9.924e-02 | Dynamic Loss: 9.924e-02 | Regularization Loss: 2.135e-26 | Val Loss: 2.068e-01 | Active Proj %: 0.02 | Time: 9.01s
2025-08-20 20:04:27,689:INFO:Epoch: 22500/40000 | Train Loss: 8.826e-02 | Dynamic Loss: 8.826e-02 | Regularization Loss: 2.131e-26 | Val Loss: 2.015e-01 | Active Proj %: 0.02 | Time: 9.19s
2025-08-20 20:04:41,747:INFO:Epoch: 22550/40000 | Train Loss: 9.038e-02 | Dynamic Loss: 9.038e-02 | Regularization Loss: 2.126e-26 | Val Loss: 2.029e-01 | Active Proj %: 0.02 | Time: 13.95s
2025-08-20 20:04:50,947:INFO:Epoch: 22600/40000 | Train Loss: 8.683e-02 | Dynamic Loss: 8.683e-02 | Regularization Loss: 2.122e-26 | Val Loss: 1.985e-01 | Active Proj %: 0.02 | Time: 9.10s
2025-08-20 20:04:59,980:INFO:Epoch: 22650/40000 | Train Loss: 8.986e-02 | Dynamic Loss: 8.986e-02 | Regularization Loss: 2.119e-26 | Val Loss: 2.047e-01 | Active Proj %: 0.02 | Time: 8.93s
2025-08-20 20:05:14,359:INFO:Epoch: 22700/40000 | Train Loss: 8.843e-02 | Dynamic Loss: 8.843e-02 | Regularization Loss: 2.116e-26 | Val Loss: 1.963e-01 | Active Proj %: 0.02 | Time: 14.28s
2025-08-20 20:05:23,711:INFO:Epoch: 22750/40000 | Train Loss: 8.115e-02 | Dynamic Loss: 8.115e-02 | Regularization Loss: 2.109e-26 | Val Loss: 1.890e-01 | Active Proj %: 0.00 | Time: 9.25s
2025-08-20 20:05:32,840:INFO:Epoch: 22800/40000 | Train Loss: 1.221e-01 | Dynamic Loss: 1.221e-01 | Regularization Loss: 2.106e-26 | Val Loss: 2.109e-01 | Active Proj %: 0.00 | Time: 9.03s
2025-08-20 20:05:48,130:INFO:Epoch: 22850/40000 | Train Loss: 7.689e-02 | Dynamic Loss: 7.689e-02 | Regularization Loss: 2.104e-26 | Val Loss: 1.843e-01 | Active Proj %: 0.00 | Time: 15.19s
2025-08-20 20:05:57,329:INFO:Epoch: 22900/40000 | Train Loss: 7.534e-02 | Dynamic Loss: 7.534e-02 | Regularization Loss: 2.102e-26 | Val Loss: 1.830e-01 | Active Proj %: 0.00 | Time: 9.10s
2025-08-20 20:06:06,412:INFO:Epoch: 22950/40000 | Train Loss: 8.351e-02 | Dynamic Loss: 8.351e-02 | Regularization Loss: 2.096e-26 | Val Loss: 1.906e-01 | Active Proj %: 0.02 | Time: 8.98s
2025-08-20 20:06:20,691:INFO:Epoch: 23000/40000 | Train Loss: 8.623e-02 | Dynamic Loss: 8.623e-02 | Regularization Loss: 2.096e-26 | Val Loss: 1.881e-01 | Active Proj %: 0.02 | Time: 14.18s
2025-08-20 20:06:29,863:INFO:Epoch: 23050/40000 | Train Loss: 6.758e-02 | Dynamic Loss: 6.758e-02 | Regularization Loss: 2.092e-26 | Val Loss: 1.721e-01 | Active Proj %: 0.00 | Time: 9.07s
2025-08-20 20:06:38,926:INFO:Epoch: 23100/40000 | Train Loss: 7.328e-02 | Dynamic Loss: 7.328e-02 | Regularization Loss: 2.087e-26 | Val Loss: 1.786e-01 | Active Proj %: 0.00 | Time: 8.96s
2025-08-20 20:06:53,882:INFO:Epoch: 23150/40000 | Train Loss: 6.751e-02 | Dynamic Loss: 6.751e-02 | Regularization Loss: 2.085e-26 | Val Loss: 1.703e-01 | Active Proj %: 0.00 | Time: 14.85s
2025-08-20 20:07:03,004:INFO:Epoch: 23200/40000 | Train Loss: 7.066e-02 | Dynamic Loss: 7.066e-02 | Regularization Loss: 2.082e-26 | Val Loss: 1.711e-01 | Active Proj %: 0.00 | Time: 9.02s
2025-08-20 20:07:12,084:INFO:Epoch: 23250/40000 | Train Loss: 7.020e-02 | Dynamic Loss: 7.020e-02 | Regularization Loss: 2.075e-26 | Val Loss: 1.710e-01 | Active Proj %: 0.00 | Time: 8.98s
2025-08-20 20:07:27,249:INFO:Epoch: 23300/40000 | Train Loss: 6.176e-02 | Dynamic Loss: 6.176e-02 | Regularization Loss: 2.069e-26 | Val Loss: 1.715e-01 | Active Proj %: 0.00 | Time: 15.06s
2025-08-20 20:07:36,384:INFO:Epoch: 23350/40000 | Train Loss: 6.076e-02 | Dynamic Loss: 6.076e-02 | Regularization Loss: 2.058e-26 | Val Loss: 1.638e-01 | Active Proj %: 0.00 | Time: 9.03s
2025-08-20 20:07:45,432:INFO:Epoch: 23400/40000 | Train Loss: 8.650e-02 | Dynamic Loss: 8.650e-02 | Regularization Loss: 2.052e-26 | Val Loss: 1.815e-01 | Active Proj %: 0.05 | Time: 8.94s
2025-08-20 20:07:59,768:INFO:Epoch: 23450/40000 | Train Loss: 6.294e-02 | Dynamic Loss: 6.294e-02 | Regularization Loss: 2.050e-26 | Val Loss: 1.654e-01 | Active Proj %: 0.00 | Time: 14.23s
2025-08-20 20:08:09,079:INFO:Epoch: 23500/40000 | Train Loss: 5.908e-02 | Dynamic Loss: 5.908e-02 | Regularization Loss: 2.041e-26 | Val Loss: 1.616e-01 | Active Proj %: 0.02 | Time: 9.21s
2025-08-20 20:08:18,323:INFO:Epoch: 23550/40000 | Train Loss: 5.951e-02 | Dynamic Loss: 5.951e-02 | Regularization Loss: 2.041e-26 | Val Loss: 1.586e-01 | Active Proj %: 0.02 | Time: 9.14s
2025-08-20 20:08:31,960:INFO:Epoch: 23600/40000 | Train Loss: 5.329e-02 | Dynamic Loss: 5.329e-02 | Regularization Loss: 2.027e-26 | Val Loss: 1.581e-01 | Active Proj %: 0.00 | Time: 13.53s
2025-08-20 20:08:41,034:INFO:Epoch: 23650/40000 | Train Loss: 5.159e-02 | Dynamic Loss: 5.159e-02 | Regularization Loss: 2.027e-26 | Val Loss: 1.549e-01 | Active Proj %: 0.00 | Time: 8.97s
2025-08-20 20:08:50,049:INFO:Epoch: 23700/40000 | Train Loss: 6.269e-02 | Dynamic Loss: 6.269e-02 | Regularization Loss: 2.028e-26 | Val Loss: 1.658e-01 | Active Proj %: 0.00 | Time: 8.91s
2025-08-20 20:09:04,601:INFO:Epoch: 23750/40000 | Train Loss: 5.941e-02 | Dynamic Loss: 5.941e-02 | Regularization Loss: 2.013e-26 | Val Loss: 1.493e-01 | Active Proj %: 0.00 | Time: 14.45s
2025-08-20 20:09:13,769:INFO:Epoch: 23800/40000 | Train Loss: 5.066e-02 | Dynamic Loss: 5.066e-02 | Regularization Loss: 2.014e-26 | Val Loss: 1.482e-01 | Active Proj %: 0.00 | Time: 9.07s
2025-08-20 20:09:22,900:INFO:Epoch: 23850/40000 | Train Loss: 5.343e-02 | Dynamic Loss: 5.343e-02 | Regularization Loss: 2.007e-26 | Val Loss: 1.525e-01 | Active Proj %: 0.00 | Time: 9.02s
2025-08-20 20:09:38,642:INFO:Epoch: 23900/40000 | Train Loss: 4.969e-02 | Dynamic Loss: 4.969e-02 | Regularization Loss: 2.006e-26 | Val Loss: 1.521e-01 | Active Proj %: 0.00 | Time: 15.64s
2025-08-20 20:09:47,727:INFO:Epoch: 23950/40000 | Train Loss: 4.921e-02 | Dynamic Loss: 4.921e-02 | Regularization Loss: 1.997e-26 | Val Loss: 1.547e-01 | Active Proj %: 0.02 | Time: 8.98s
2025-08-20 20:09:56,773:INFO:Epoch: 24000/40000 | Train Loss: 4.911e-02 | Dynamic Loss: 4.911e-02 | Regularization Loss: 1.982e-26 | Val Loss: 1.508e-01 | Active Proj %: 0.00 | Time: 8.94s
2025-08-20 20:10:11,599:INFO:Epoch: 24050/40000 | Train Loss: 5.586e-02 | Dynamic Loss: 5.586e-02 | Regularization Loss: 1.969e-26 | Val Loss: 1.482e-01 | Active Proj %: 0.02 | Time: 14.72s
2025-08-20 20:10:20,905:INFO:Epoch: 24100/40000 | Train Loss: 4.372e-02 | Dynamic Loss: 4.372e-02 | Regularization Loss: 1.957e-26 | Val Loss: 1.429e-01 | Active Proj %: 0.00 | Time: 9.20s
2025-08-20 20:10:30,284:INFO:Epoch: 24150/40000 | Train Loss: 4.899e-02 | Dynamic Loss: 4.899e-02 | Regularization Loss: 1.952e-26 | Val Loss: 1.447e-01 | Active Proj %: 0.02 | Time: 9.27s
2025-08-20 20:10:44,486:INFO:Epoch: 24200/40000 | Train Loss: 5.275e-02 | Dynamic Loss: 5.275e-02 | Regularization Loss: 1.938e-26 | Val Loss: 1.453e-01 | Active Proj %: 0.02 | Time: 14.10s
2025-08-20 20:10:53,647:INFO:Epoch: 24250/40000 | Train Loss: 4.694e-02 | Dynamic Loss: 4.694e-02 | Regularization Loss: 1.934e-26 | Val Loss: 1.564e-01 | Active Proj %: 0.00 | Time: 9.05s
2025-08-20 20:11:02,973:INFO:Epoch: 24300/40000 | Train Loss: 5.062e-02 | Dynamic Loss: 5.062e-02 | Regularization Loss: 1.928e-26 | Val Loss: 1.401e-01 | Active Proj %: 0.02 | Time: 9.22s
2025-08-20 20:11:16,471:INFO:Epoch: 24350/40000 | Train Loss: 4.389e-02 | Dynamic Loss: 4.389e-02 | Regularization Loss: 1.911e-26 | Val Loss: 1.372e-01 | Active Proj %: 0.00 | Time: 13.39s
2025-08-20 20:11:25,656:INFO:Epoch: 24400/40000 | Train Loss: 3.944e-02 | Dynamic Loss: 3.944e-02 | Regularization Loss: 1.889e-26 | Val Loss: 1.366e-01 | Active Proj %: 0.00 | Time: 9.08s
2025-08-20 20:11:35,562:INFO:Epoch: 24450/40000 | Train Loss: 3.780e-02 | Dynamic Loss: 3.780e-02 | Regularization Loss: 1.874e-26 | Val Loss: 1.374e-01 | Active Proj %: 0.00 | Time: 9.79s
2025-08-20 20:11:50,143:INFO:Epoch: 24500/40000 | Train Loss: 4.310e-02 | Dynamic Loss: 4.310e-02 | Regularization Loss: 1.879e-26 | Val Loss: 1.405e-01 | Active Proj %: 0.00 | Time: 14.48s
2025-08-20 20:11:59,359:INFO:Epoch: 24550/40000 | Train Loss: 4.402e-02 | Dynamic Loss: 4.402e-02 | Regularization Loss: 1.870e-26 | Val Loss: 1.364e-01 | Active Proj %: 0.00 | Time: 9.11s
2025-08-20 20:12:08,516:INFO:Epoch: 24600/40000 | Train Loss: 4.933e-02 | Dynamic Loss: 4.933e-02 | Regularization Loss: 1.855e-26 | Val Loss: 1.434e-01 | Active Proj %: 0.00 | Time: 9.05s
2025-08-20 20:12:23,256:INFO:Epoch: 24650/40000 | Train Loss: 4.814e-02 | Dynamic Loss: 4.814e-02 | Regularization Loss: 1.856e-26 | Val Loss: 1.397e-01 | Active Proj %: 0.02 | Time: 14.63s
2025-08-20 20:12:32,463:INFO:Epoch: 24700/40000 | Train Loss: 1.026e-01 | Dynamic Loss: 1.026e-01 | Regularization Loss: 1.849e-26 | Val Loss: 1.478e-01 | Active Proj %: 0.00 | Time: 9.10s
2025-08-20 20:12:41,542:INFO:Epoch: 24750/40000 | Train Loss: 4.181e-02 | Dynamic Loss: 4.181e-02 | Regularization Loss: 1.822e-26 | Val Loss: 1.386e-01 | Active Proj %: 0.00 | Time: 8.97s
2025-08-20 20:12:54,889:INFO:Epoch: 24800/40000 | Train Loss: 3.505e-02 | Dynamic Loss: 3.505e-02 | Regularization Loss: 1.777e-26 | Val Loss: 1.295e-01 | Active Proj %: 0.00 | Time: 13.24s
2025-08-20 20:13:04,003:INFO:Epoch: 24850/40000 | Train Loss: 3.719e-02 | Dynamic Loss: 3.719e-02 | Regularization Loss: 1.765e-26 | Val Loss: 1.332e-01 | Active Proj %: 0.00 | Time: 9.01s
2025-08-20 20:13:13,096:INFO:Epoch: 24900/40000 | Train Loss: 3.452e-02 | Dynamic Loss: 3.452e-02 | Regularization Loss: 1.756e-26 | Val Loss: 1.300e-01 | Active Proj %: 0.00 | Time: 8.98s
2025-08-20 20:13:26,662:INFO:Epoch: 24950/40000 | Train Loss: 3.224e-02 | Dynamic Loss: 3.224e-02 | Regularization Loss: 1.757e-26 | Val Loss: 1.230e-01 | Active Proj %: 0.00 | Time: 13.46s
2025-08-20 20:13:35,740:INFO:Epoch: 25000/40000 | Train Loss: 3.570e-02 | Dynamic Loss: 3.570e-02 | Regularization Loss: 1.709e-26 | Val Loss: 1.267e-01 | Active Proj %: 0.00 | Time: 8.96s
2025-08-20 20:13:44,962:INFO:Epoch: 25050/40000 | Train Loss: 5.252e-02 | Dynamic Loss: 5.252e-02 | Regularization Loss: 1.704e-26 | Val Loss: 1.555e-01 | Active Proj %: 0.00 | Time: 9.11s
2025-08-20 20:13:59,516:INFO:Epoch: 25100/40000 | Train Loss: 4.169e-02 | Dynamic Loss: 4.169e-02 | Regularization Loss: 1.670e-26 | Val Loss: 1.301e-01 | Active Proj %: 0.00 | Time: 14.44s
2025-08-20 20:14:08,683:INFO:Epoch: 25150/40000 | Train Loss: 3.928e-02 | Dynamic Loss: 3.928e-02 | Regularization Loss: 1.687e-26 | Val Loss: 1.350e-01 | Active Proj %: 0.00 | Time: 9.06s
2025-08-20 20:14:17,786:INFO:Epoch: 25200/40000 | Train Loss: 5.070e-02 | Dynamic Loss: 5.070e-02 | Regularization Loss: 1.656e-26 | Val Loss: 1.312e-01 | Active Proj %: 0.00 | Time: 8.95s
2025-08-20 20:14:32,224:INFO:Epoch: 25250/40000 | Train Loss: 3.260e-02 | Dynamic Loss: 3.260e-02 | Regularization Loss: 1.588e-26 | Val Loss: 1.231e-01 | Active Proj %: 0.00 | Time: 14.33s
2025-08-20 20:14:41,590:INFO:Epoch: 25300/40000 | Train Loss: 3.672e-02 | Dynamic Loss: 3.672e-02 | Regularization Loss: 1.441e-26 | Val Loss: 1.278e-01 | Active Proj %: 0.00 | Time: 9.26s
2025-08-20 20:14:50,652:INFO:Epoch: 25350/40000 | Train Loss: 3.185e-02 | Dynamic Loss: 3.185e-02 | Regularization Loss: 1.404e-26 | Val Loss: 1.214e-01 | Active Proj %: 0.00 | Time: 8.96s
2025-08-20 20:15:03,981:INFO:Epoch: 25400/40000 | Train Loss: 3.340e-02 | Dynamic Loss: 3.340e-02 | Regularization Loss: 1.350e-26 | Val Loss: 1.290e-01 | Active Proj %: 0.00 | Time: 13.22s
2025-08-20 20:15:13,508:INFO:Epoch: 25450/40000 | Train Loss: 3.333e-02 | Dynamic Loss: 3.333e-02 | Regularization Loss: 1.333e-26 | Val Loss: 1.241e-01 | Active Proj %: 0.00 | Time: 9.42s
2025-08-20 20:15:22,769:INFO:Epoch: 25500/40000 | Train Loss: 2.876e-02 | Dynamic Loss: 2.876e-02 | Regularization Loss: 1.153e-26 | Val Loss: 1.234e-01 | Active Proj %: 0.00 | Time: 9.15s
2025-08-20 20:15:37,084:INFO:Epoch: 25550/40000 | Train Loss: 3.715e-02 | Dynamic Loss: 3.715e-02 | Regularization Loss: 1.137e-26 | Val Loss: 1.248e-01 | Active Proj %: 0.02 | Time: 14.21s
2025-08-20 20:15:46,216:INFO:Epoch: 25600/40000 | Train Loss: 4.753e-02 | Dynamic Loss: 4.753e-02 | Regularization Loss: 1.083e-26 | Val Loss: 1.177e-01 | Active Proj %: 0.02 | Time: 9.03s
2025-08-20 20:15:55,363:INFO:Epoch: 25650/40000 | Train Loss: 2.974e-02 | Dynamic Loss: 2.974e-02 | Regularization Loss: 9.239e-27 | Val Loss: 1.204e-01 | Active Proj %: 0.00 | Time: 9.04s
2025-08-20 20:16:10,213:INFO:Epoch: 25700/40000 | Train Loss: 3.411e-02 | Dynamic Loss: 3.411e-02 | Regularization Loss: 9.243e-27 | Val Loss: 1.211e-01 | Active Proj %: 0.00 | Time: 14.74s
2025-08-20 20:16:19,236:INFO:Epoch: 25750/40000 | Train Loss: 3.918e-02 | Dynamic Loss: 3.918e-02 | Regularization Loss: 8.916e-27 | Val Loss: 1.333e-01 | Active Proj %: 0.00 | Time: 8.92s
2025-08-20 20:16:28,258:INFO:Epoch: 25800/40000 | Train Loss: 3.288e-02 | Dynamic Loss: 3.288e-02 | Regularization Loss: 8.719e-27 | Val Loss: 1.202e-01 | Active Proj %: 0.00 | Time: 8.91s
2025-08-20 20:16:41,553:INFO:Epoch: 25850/40000 | Train Loss: 3.358e-02 | Dynamic Loss: 3.358e-02 | Regularization Loss: 8.221e-27 | Val Loss: 1.214e-01 | Active Proj %: 0.00 | Time: 13.19s
2025-08-20 20:16:50,653:INFO:Epoch: 25900/40000 | Train Loss: 2.826e-02 | Dynamic Loss: 2.826e-02 | Regularization Loss: 7.428e-27 | Val Loss: 1.186e-01 | Active Proj %: 0.00 | Time: 8.99s
2025-08-20 20:16:59,663:INFO:Epoch: 25950/40000 | Train Loss: 3.015e-02 | Dynamic Loss: 3.015e-02 | Regularization Loss: 7.267e-27 | Val Loss: 1.155e-01 | Active Proj %: 0.00 | Time: 8.90s
2025-08-20 20:17:13,238:INFO:Epoch: 26000/40000 | Train Loss: 4.549e-02 | Dynamic Loss: 4.549e-02 | Regularization Loss: 6.999e-27 | Val Loss: 1.290e-01 | Active Proj %: 0.03 | Time: 13.47s
2025-08-20 20:17:22,284:INFO:Epoch: 26050/40000 | Train Loss: 2.858e-02 | Dynamic Loss: 2.858e-02 | Regularization Loss: 6.780e-27 | Val Loss: 1.151e-01 | Active Proj %: 0.00 | Time: 8.94s
2025-08-20 20:17:31,348:INFO:Epoch: 26100/40000 | Train Loss: 3.424e-02 | Dynamic Loss: 3.424e-02 | Regularization Loss: 6.929e-27 | Val Loss: 1.236e-01 | Active Proj %: 0.00 | Time: 8.96s
2025-08-20 20:17:45,697:INFO:Epoch: 26150/40000 | Train Loss: 3.226e-02 | Dynamic Loss: 3.226e-02 | Regularization Loss: 6.421e-27 | Val Loss: 1.171e-01 | Active Proj %: 0.00 | Time: 14.24s
2025-08-20 20:17:54,745:INFO:Epoch: 26200/40000 | Train Loss: 3.172e-02 | Dynamic Loss: 3.172e-02 | Regularization Loss: 5.868e-27 | Val Loss: 1.161e-01 | Active Proj %: 0.00 | Time: 8.94s
2025-08-20 20:18:03,832:INFO:Epoch: 26250/40000 | Train Loss: 4.171e-02 | Dynamic Loss: 4.171e-02 | Regularization Loss: 5.631e-27 | Val Loss: 1.256e-01 | Active Proj %: 0.00 | Time: 8.98s
2025-08-20 20:18:18,241:INFO:Epoch: 26300/40000 | Train Loss: 3.546e-02 | Dynamic Loss: 3.546e-02 | Regularization Loss: 5.616e-27 | Val Loss: 1.223e-01 | Active Proj %: 0.00 | Time: 14.30s
2025-08-20 20:18:27,274:INFO:Epoch: 26350/40000 | Train Loss: 3.109e-02 | Dynamic Loss: 3.109e-02 | Regularization Loss: 5.166e-27 | Val Loss: 1.163e-01 | Active Proj %: 0.00 | Time: 8.93s
2025-08-20 20:18:36,320:INFO:Epoch: 26400/40000 | Train Loss: 3.690e-02 | Dynamic Loss: 3.690e-02 | Regularization Loss: 5.152e-27 | Val Loss: 1.220e-01 | Active Proj %: 0.02 | Time: 8.94s
2025-08-20 20:18:49,516:INFO:Epoch: 26450/40000 | Train Loss: 2.224e-02 | Dynamic Loss: 2.224e-02 | Regularization Loss: 4.238e-27 | Val Loss: 1.115e-01 | Active Proj %: 0.00 | Time: 13.09s
2025-08-20 20:18:58,596:INFO:Epoch: 26500/40000 | Train Loss: 3.120e-02 | Dynamic Loss: 3.120e-02 | Regularization Loss: 3.786e-27 | Val Loss: 1.180e-01 | Active Proj %: 0.00 | Time: 8.97s
2025-08-20 20:19:07,611:INFO:Epoch: 26550/40000 | Train Loss: 2.348e-02 | Dynamic Loss: 2.348e-02 | Regularization Loss: 3.410e-27 | Val Loss: 1.131e-01 | Active Proj %: 0.00 | Time: 8.91s
2025-08-20 20:19:22,711:INFO:Epoch: 26600/40000 | Train Loss: 2.664e-02 | Dynamic Loss: 2.664e-02 | Regularization Loss: 3.407e-27 | Val Loss: 1.141e-01 | Active Proj %: 0.02 | Time: 14.99s
2025-08-20 20:19:31,753:INFO:Epoch: 26650/40000 | Train Loss: 3.338e-02 | Dynamic Loss: 3.338e-02 | Regularization Loss: 2.670e-27 | Val Loss: 1.275e-01 | Active Proj %: 0.03 | Time: 8.94s
2025-08-20 20:19:40,781:INFO:Epoch: 26700/40000 | Train Loss: 2.627e-02 | Dynamic Loss: 2.627e-02 | Regularization Loss: 2.232e-27 | Val Loss: 1.129e-01 | Active Proj %: 0.00 | Time: 8.91s
2025-08-20 20:19:56,044:INFO:Epoch: 26750/40000 | Train Loss: 2.338e-02 | Dynamic Loss: 2.338e-02 | Regularization Loss: 1.981e-27 | Val Loss: 1.134e-01 | Active Proj %: 0.00 | Time: 15.16s
2025-08-20 20:20:05,223:INFO:Epoch: 26800/40000 | Train Loss: 2.300e-02 | Dynamic Loss: 2.300e-02 | Regularization Loss: 1.886e-27 | Val Loss: 1.092e-01 | Active Proj %: 0.00 | Time: 9.07s
2025-08-20 20:20:14,444:INFO:Epoch: 26850/40000 | Train Loss: 2.600e-02 | Dynamic Loss: 2.600e-02 | Regularization Loss: 1.733e-27 | Val Loss: 1.109e-01 | Active Proj %: 0.00 | Time: 9.11s
2025-08-20 20:20:27,994:INFO:Epoch: 26900/40000 | Train Loss: 3.047e-02 | Dynamic Loss: 3.047e-02 | Regularization Loss: 1.661e-27 | Val Loss: 1.164e-01 | Active Proj %: 0.00 | Time: 13.44s
2025-08-20 20:20:37,099:INFO:Epoch: 26950/40000 | Train Loss: 3.007e-02 | Dynamic Loss: 3.007e-02 | Regularization Loss: 1.346e-27 | Val Loss: 1.193e-01 | Active Proj %: 0.02 | Time: 9.00s
2025-08-20 20:20:46,245:INFO:Epoch: 27000/40000 | Train Loss: 3.091e-02 | Dynamic Loss: 3.091e-02 | Regularization Loss: 1.128e-27 | Val Loss: 1.095e-01 | Active Proj %: 0.00 | Time: 9.04s
2025-08-20 20:20:59,648:INFO:Epoch: 27050/40000 | Train Loss: 1.559e-01 | Dynamic Loss: 1.559e-01 | Regularization Loss: 4.330e-28 | Val Loss: 1.694e-01 | Active Proj %: 0.05 | Time: 13.30s
2025-08-20 20:21:08,714:INFO:Epoch: 27100/40000 | Train Loss: 2.090e-02 | Dynamic Loss: 2.090e-02 | Regularization Loss: 3.648e-28 | Val Loss: 9.939e-02 | Active Proj %: 0.02 | Time: 8.96s
2025-08-20 20:21:17,806:INFO:Epoch: 27150/40000 | Train Loss: 2.612e-02 | Dynamic Loss: 2.612e-02 | Regularization Loss: 3.720e-28 | Val Loss: 1.025e-01 | Active Proj %: 0.00 | Time: 8.99s
2025-08-20 20:21:32,198:INFO:Epoch: 27200/40000 | Train Loss: 2.546e-02 | Dynamic Loss: 2.546e-02 | Regularization Loss: 3.659e-28 | Val Loss: 1.068e-01 | Active Proj %: 0.00 | Time: 14.28s
2025-08-20 20:21:41,303:INFO:Epoch: 27250/40000 | Train Loss: 2.052e-02 | Dynamic Loss: 2.052e-02 | Regularization Loss: 3.468e-28 | Val Loss: 1.004e-01 | Active Proj %: 0.00 | Time: 9.00s
2025-08-20 20:21:50,444:INFO:Epoch: 27300/40000 | Train Loss: 2.113e-02 | Dynamic Loss: 2.113e-02 | Regularization Loss: 3.300e-28 | Val Loss: 1.060e-01 | Active Proj %: 0.00 | Time: 9.04s
2025-08-20 20:22:04,635:INFO:Epoch: 27350/40000 | Train Loss: 2.308e-02 | Dynamic Loss: 2.308e-02 | Regularization Loss: 3.298e-28 | Val Loss: 1.023e-01 | Active Proj %: 0.00 | Time: 14.08s
2025-08-20 20:22:13,672:INFO:Epoch: 27400/40000 | Train Loss: 2.141e-02 | Dynamic Loss: 2.141e-02 | Regularization Loss: 3.232e-28 | Val Loss: 1.031e-01 | Active Proj %: 0.00 | Time: 8.93s
2025-08-20 20:22:22,766:INFO:Epoch: 27450/40000 | Train Loss: 2.179e-02 | Dynamic Loss: 2.179e-02 | Regularization Loss: 3.205e-28 | Val Loss: 1.052e-01 | Active Proj %: 0.00 | Time: 8.99s
2025-08-20 20:22:36,125:INFO:Epoch: 27500/40000 | Train Loss: 2.290e-02 | Dynamic Loss: 2.290e-02 | Regularization Loss: 3.222e-28 | Val Loss: 1.046e-01 | Active Proj %: 0.00 | Time: 13.25s
2025-08-20 20:22:45,245:INFO:Epoch: 27550/40000 | Train Loss: 2.442e-02 | Dynamic Loss: 2.442e-02 | Regularization Loss: 3.185e-28 | Val Loss: 1.031e-01 | Active Proj %: 0.00 | Time: 9.02s
2025-08-20 20:22:54,338:INFO:Epoch: 27600/40000 | Train Loss: 2.767e-02 | Dynamic Loss: 2.767e-02 | Regularization Loss: 3.114e-28 | Val Loss: 1.110e-01 | Active Proj %: 0.00 | Time: 8.99s
2025-08-20 20:23:08,749:INFO:Epoch: 27650/40000 | Train Loss: 2.242e-02 | Dynamic Loss: 2.242e-02 | Regularization Loss: 3.153e-28 | Val Loss: 1.017e-01 | Active Proj %: 0.00 | Time: 14.31s
2025-08-20 20:23:17,803:INFO:Epoch: 27700/40000 | Train Loss: 2.034e-02 | Dynamic Loss: 2.034e-02 | Regularization Loss: 3.172e-28 | Val Loss: 1.011e-01 | Active Proj %: 0.00 | Time: 8.95s
2025-08-20 20:23:26,877:INFO:Epoch: 27750/40000 | Train Loss: 2.333e-02 | Dynamic Loss: 2.333e-02 | Regularization Loss: 3.033e-28 | Val Loss: 1.005e-01 | Active Proj %: 0.00 | Time: 8.97s
2025-08-20 20:23:42,477:INFO:Epoch: 27800/40000 | Train Loss: 2.664e-02 | Dynamic Loss: 2.664e-02 | Regularization Loss: 3.059e-28 | Val Loss: 1.080e-01 | Active Proj %: 0.00 | Time: 15.49s
2025-08-20 20:23:51,549:INFO:Epoch: 27850/40000 | Train Loss: 1.955e-02 | Dynamic Loss: 1.955e-02 | Regularization Loss: 3.059e-28 | Val Loss: 1.008e-01 | Active Proj %: 0.00 | Time: 8.97s
2025-08-20 20:24:00,590:INFO:Epoch: 27900/40000 | Train Loss: 2.088e-02 | Dynamic Loss: 2.088e-02 | Regularization Loss: 3.039e-28 | Val Loss: 1.022e-01 | Active Proj %: 0.00 | Time: 8.93s
2025-08-20 20:24:13,739:INFO:Epoch: 27950/40000 | Train Loss: 2.104e-02 | Dynamic Loss: 2.104e-02 | Regularization Loss: 2.743e-28 | Val Loss: 9.934e-02 | Active Proj %: 0.00 | Time: 13.04s
2025-08-20 20:24:22,801:INFO:Epoch: 28000/40000 | Train Loss: 2.325e-02 | Dynamic Loss: 2.325e-02 | Regularization Loss: 2.726e-28 | Val Loss: 1.034e-01 | Active Proj %: 0.00 | Time: 8.96s
2025-08-20 20:24:31,969:INFO:Epoch: 28050/40000 | Train Loss: 3.617e-02 | Dynamic Loss: 3.617e-02 | Regularization Loss: 2.842e-28 | Val Loss: 1.188e-01 | Active Proj %: 0.00 | Time: 9.06s
2025-08-20 20:24:45,358:INFO:Epoch: 28100/40000 | Train Loss: 2.635e-02 | Dynamic Loss: 2.635e-02 | Regularization Loss: 2.846e-28 | Val Loss: 1.032e-01 | Active Proj %: 0.00 | Time: 13.28s
2025-08-20 20:24:54,431:INFO:Epoch: 28150/40000 | Train Loss: 2.139e-02 | Dynamic Loss: 2.139e-02 | Regularization Loss: 2.873e-28 | Val Loss: 9.879e-02 | Active Proj %: 0.02 | Time: 8.97s
2025-08-20 20:25:03,514:INFO:Epoch: 28200/40000 | Train Loss: 1.838e-02 | Dynamic Loss: 1.838e-02 | Regularization Loss: 2.679e-28 | Val Loss: 9.892e-02 | Active Proj %: 0.00 | Time: 8.98s
2025-08-20 20:25:17,900:INFO:Epoch: 28250/40000 | Train Loss: 2.384e-02 | Dynamic Loss: 2.384e-02 | Regularization Loss: 2.410e-28 | Val Loss: 9.966e-02 | Active Proj %: 0.00 | Time: 14.28s
2025-08-20 20:25:26,913:INFO:Epoch: 28300/40000 | Train Loss: 2.226e-02 | Dynamic Loss: 2.226e-02 | Regularization Loss: 2.309e-28 | Val Loss: 1.000e-01 | Active Proj %: 0.00 | Time: 8.91s
2025-08-20 20:25:35,990:INFO:Epoch: 28350/40000 | Train Loss: 1.635e-02 | Dynamic Loss: 1.635e-02 | Regularization Loss: 2.285e-28 | Val Loss: 9.543e-02 | Active Proj %: 0.00 | Time: 8.97s
2025-08-20 20:25:50,216:INFO:Epoch: 28400/40000 | Train Loss: 2.066e-02 | Dynamic Loss: 2.066e-02 | Regularization Loss: 2.273e-28 | Val Loss: 9.755e-02 | Active Proj %: 0.02 | Time: 14.12s
2025-08-20 20:25:59,284:INFO:Epoch: 28450/40000 | Train Loss: 1.670e-02 | Dynamic Loss: 1.670e-02 | Regularization Loss: 2.036e-28 | Val Loss: 9.618e-02 | Active Proj %: 0.00 | Time: 8.96s
2025-08-20 20:26:08,832:INFO:Epoch: 28500/40000 | Train Loss: 1.649e-02 | Dynamic Loss: 1.649e-02 | Regularization Loss: 1.881e-28 | Val Loss: 9.591e-02 | Active Proj %: 0.00 | Time: 9.44s
2025-08-20 20:26:18,001:INFO:Epoch: 28550/40000 | Train Loss: 3.608e-02 | Dynamic Loss: 3.608e-02 | Regularization Loss: 1.853e-28 | Val Loss: 1.064e-01 | Active Proj %: 0.00 | Time: 9.06s
2025-08-20 20:26:27,164:INFO:Epoch: 28600/40000 | Train Loss: 1.662e-02 | Dynamic Loss: 1.662e-02 | Regularization Loss: 1.608e-28 | Val Loss: 9.565e-02 | Active Proj %: 0.00 | Time: 9.05s
2025-08-20 20:26:36,256:INFO:Epoch: 28650/40000 | Train Loss: 1.871e-02 | Dynamic Loss: 1.871e-02 | Regularization Loss: 1.579e-28 | Val Loss: 9.518e-02 | Active Proj %: 0.00 | Time: 8.98s
2025-08-20 20:26:45,420:INFO:Epoch: 28700/40000 | Train Loss: 1.926e-02 | Dynamic Loss: 1.926e-02 | Regularization Loss: 1.413e-28 | Val Loss: 9.920e-02 | Active Proj %: 0.00 | Time: 9.05s
2025-08-20 20:26:54,533:INFO:Epoch: 28750/40000 | Train Loss: 2.165e-02 | Dynamic Loss: 2.165e-02 | Regularization Loss: 1.433e-28 | Val Loss: 9.968e-02 | Active Proj %: 0.00 | Time: 9.00s
2025-08-20 20:27:03,585:INFO:Epoch: 28800/40000 | Train Loss: 2.294e-02 | Dynamic Loss: 2.294e-02 | Regularization Loss: 1.426e-28 | Val Loss: 9.398e-02 | Active Proj %: 0.02 | Time: 8.94s
2025-08-20 20:27:17,845:INFO:Epoch: 28850/40000 | Train Loss: 2.671e-02 | Dynamic Loss: 2.671e-02 | Regularization Loss: 1.392e-28 | Val Loss: 9.562e-02 | Active Proj %: 0.00 | Time: 14.15s
2025-08-20 20:27:26,924:INFO:Epoch: 28900/40000 | Train Loss: 1.684e-02 | Dynamic Loss: 1.684e-02 | Regularization Loss: 1.244e-28 | Val Loss: 9.689e-02 | Active Proj %: 0.00 | Time: 8.97s
2025-08-20 20:27:36,095:INFO:Epoch: 28950/40000 | Train Loss: 1.654e-02 | Dynamic Loss: 1.654e-02 | Regularization Loss: 1.162e-28 | Val Loss: 9.392e-02 | Active Proj %: 0.00 | Time: 9.06s
2025-08-20 20:27:45,589:INFO:Epoch: 29000/40000 | Train Loss: 1.679e-02 | Dynamic Loss: 1.679e-02 | Regularization Loss: 1.137e-28 | Val Loss: 9.237e-02 | Active Proj %: 0.00 | Time: 9.19s
2025-08-20 20:27:54,856:INFO:Epoch: 29050/40000 | Train Loss: 1.670e-02 | Dynamic Loss: 1.670e-02 | Regularization Loss: 1.075e-28 | Val Loss: 9.319e-02 | Active Proj %: 0.03 | Time: 9.16s
2025-08-20 20:28:03,928:INFO:Epoch: 29100/40000 | Train Loss: 2.205e-02 | Dynamic Loss: 2.205e-02 | Regularization Loss: 1.050e-28 | Val Loss: 9.161e-02 | Active Proj %: 0.00 | Time: 8.96s
2025-08-20 20:28:13,125:INFO:Epoch: 29150/40000 | Train Loss: 1.831e-02 | Dynamic Loss: 1.831e-02 | Regularization Loss: 9.529e-29 | Val Loss: 9.707e-02 | Active Proj %: 0.00 | Time: 9.09s
2025-08-20 20:28:22,201:INFO:Epoch: 29200/40000 | Train Loss: 1.919e-02 | Dynamic Loss: 1.919e-02 | Regularization Loss: 8.803e-29 | Val Loss: 9.127e-02 | Active Proj %: 0.00 | Time: 8.97s
2025-08-20 20:28:32,046:INFO:Epoch: 29250/40000 | Train Loss: 1.482e-02 | Dynamic Loss: 1.482e-02 | Regularization Loss: 7.771e-29 | Val Loss: 8.950e-02 | Active Proj %: 0.00 | Time: 9.74s
2025-08-20 20:28:42,374:INFO:Epoch: 29300/40000 | Train Loss: 1.643e-02 | Dynamic Loss: 1.643e-02 | Regularization Loss: 7.401e-29 | Val Loss: 8.826e-02 | Active Proj %: 0.02 | Time: 10.22s
2025-08-20 20:28:51,422:INFO:Epoch: 29350/40000 | Train Loss: 1.821e-02 | Dynamic Loss: 1.821e-02 | Regularization Loss: 6.579e-29 | Val Loss: 9.037e-02 | Active Proj %: 0.00 | Time: 8.94s
2025-08-20 20:29:00,528:INFO:Epoch: 29400/40000 | Train Loss: 1.735e-02 | Dynamic Loss: 1.735e-02 | Regularization Loss: 6.307e-29 | Val Loss: 8.965e-02 | Active Proj %: 0.00 | Time: 9.00s
2025-08-20 20:29:10,331:INFO:Epoch: 29450/40000 | Train Loss: 2.599e-02 | Dynamic Loss: 2.599e-02 | Regularization Loss: 6.461e-29 | Val Loss: 9.223e-02 | Active Proj %: 0.00 | Time: 9.70s
2025-08-20 20:29:19,446:INFO:Epoch: 29500/40000 | Train Loss: 1.412e-02 | Dynamic Loss: 1.412e-02 | Regularization Loss: 5.965e-29 | Val Loss: 8.916e-02 | Active Proj %: 0.00 | Time: 9.01s
2025-08-20 20:29:28,543:INFO:Epoch: 29550/40000 | Train Loss: 1.544e-02 | Dynamic Loss: 1.544e-02 | Regularization Loss: 5.103e-29 | Val Loss: 9.073e-02 | Active Proj %: 0.00 | Time: 8.99s
2025-08-20 20:29:37,731:INFO:Epoch: 29600/40000 | Train Loss: 1.722e-02 | Dynamic Loss: 1.722e-02 | Regularization Loss: 5.061e-29 | Val Loss: 9.229e-02 | Active Proj %: 0.00 | Time: 9.08s
2025-08-20 20:29:47,494:INFO:Epoch: 29650/40000 | Train Loss: 1.579e-02 | Dynamic Loss: 1.579e-02 | Regularization Loss: 4.522e-29 | Val Loss: 8.890e-02 | Active Proj %: 0.00 | Time: 9.65s
2025-08-20 20:29:56,612:INFO:Epoch: 29700/40000 | Train Loss: 2.146e-02 | Dynamic Loss: 2.146e-02 | Regularization Loss: 4.318e-29 | Val Loss: 9.464e-02 | Active Proj %: 0.00 | Time: 9.01s
2025-08-20 20:30:07,795:INFO:Epoch: 29750/40000 | Train Loss: 1.583e-02 | Dynamic Loss: 1.583e-02 | Regularization Loss: 4.322e-29 | Val Loss: 9.194e-02 | Active Proj %: 0.00 | Time: 11.07s
2025-08-20 20:30:16,944:INFO:Epoch: 29800/40000 | Train Loss: 1.977e-02 | Dynamic Loss: 1.977e-02 | Regularization Loss: 3.714e-29 | Val Loss: 9.042e-02 | Active Proj %: 0.02 | Time: 9.04s
2025-08-20 20:30:25,986:INFO:Epoch: 29850/40000 | Train Loss: 1.457e-02 | Dynamic Loss: 1.457e-02 | Regularization Loss: 3.145e-29 | Val Loss: 8.698e-02 | Active Proj %: 0.00 | Time: 8.93s
2025-08-20 20:30:35,721:INFO:Epoch: 29900/40000 | Train Loss: 1.697e-02 | Dynamic Loss: 1.697e-02 | Regularization Loss: 3.236e-29 | Val Loss: 9.226e-02 | Active Proj %: 0.00 | Time: 9.62s
2025-08-20 20:30:44,836:INFO:Epoch: 29950/40000 | Train Loss: 1.452e-02 | Dynamic Loss: 1.452e-02 | Regularization Loss: 3.556e-29 | Val Loss: 8.957e-02 | Active Proj %: 0.00 | Time: 9.01s
2025-08-20 20:30:53,921:INFO:Epoch: 30000/40000 | Train Loss: 3.107e-02 | Dynamic Loss: 3.107e-02 | Regularization Loss: 3.276e-29 | Val Loss: 9.554e-02 | Active Proj %: 0.03 | Time: 8.98s
2025-08-20 20:31:09,974:INFO:Epoch: 30050/40000 | Train Loss: 1.880e-02 | Dynamic Loss: 1.880e-02 | Regularization Loss: 3.197e-29 | Val Loss: 9.153e-02 | Active Proj %: 0.00 | Time: 15.95s
2025-08-20 20:31:19,167:INFO:Epoch: 30100/40000 | Train Loss: 2.295e-02 | Dynamic Loss: 2.295e-02 | Regularization Loss: 2.601e-29 | Val Loss: 9.166e-02 | Active Proj %: 0.02 | Time: 9.08s
2025-08-20 20:31:28,194:INFO:Epoch: 30150/40000 | Train Loss: 1.713e-02 | Dynamic Loss: 1.713e-02 | Regularization Loss: 2.643e-29 | Val Loss: 8.898e-02 | Active Proj %: 0.02 | Time: 8.92s
2025-08-20 20:31:42,708:INFO:Epoch: 30200/40000 | Train Loss: 2.092e-02 | Dynamic Loss: 2.092e-02 | Regularization Loss: 3.371e-29 | Val Loss: 9.551e-02 | Active Proj %: 0.02 | Time: 14.40s
2025-08-20 20:31:52,045:INFO:Epoch: 30250/40000 | Train Loss: 1.337e-02 | Dynamic Loss: 1.337e-02 | Regularization Loss: 3.390e-29 | Val Loss: 8.632e-02 | Active Proj %: 0.00 | Time: 9.23s
2025-08-20 20:32:01,208:INFO:Epoch: 30300/40000 | Train Loss: 1.846e-02 | Dynamic Loss: 1.846e-02 | Regularization Loss: 2.985e-29 | Val Loss: 9.255e-02 | Active Proj %: 0.02 | Time: 8.92s
2025-08-20 20:32:10,481:INFO:Epoch: 30350/40000 | Train Loss: 2.104e-02 | Dynamic Loss: 2.104e-02 | Regularization Loss: 2.547e-29 | Val Loss: 8.786e-02 | Active Proj %: 0.00 | Time: 9.16s
2025-08-20 20:32:19,721:INFO:Epoch: 30400/40000 | Train Loss: 2.703e-02 | Dynamic Loss: 2.703e-02 | Regularization Loss: 2.338e-29 | Val Loss: 9.283e-02 | Active Proj %: 0.00 | Time: 9.13s
2025-08-20 20:32:28,965:INFO:Epoch: 30450/40000 | Train Loss: 1.671e-02 | Dynamic Loss: 1.671e-02 | Regularization Loss: 2.247e-29 | Val Loss: 8.692e-02 | Active Proj %: 0.02 | Time: 9.14s
2025-08-20 20:32:38,215:INFO:Epoch: 30500/40000 | Train Loss: 1.786e-02 | Dynamic Loss: 1.786e-02 | Regularization Loss: 2.216e-29 | Val Loss: 8.953e-02 | Active Proj %: 0.00 | Time: 9.14s
2025-08-20 20:32:47,255:INFO:Epoch: 30550/40000 | Train Loss: 1.694e-02 | Dynamic Loss: 1.694e-02 | Regularization Loss: 2.144e-29 | Val Loss: 8.701e-02 | Active Proj %: 0.00 | Time: 8.93s
2025-08-20 20:32:56,523:INFO:Epoch: 30600/40000 | Train Loss: 1.364e-02 | Dynamic Loss: 1.364e-02 | Regularization Loss: 2.168e-29 | Val Loss: 8.759e-02 | Active Proj %: 0.00 | Time: 9.16s
2025-08-20 20:33:05,779:INFO:Epoch: 30650/40000 | Train Loss: 2.081e-02 | Dynamic Loss: 2.081e-02 | Regularization Loss: 2.158e-29 | Val Loss: 9.141e-02 | Active Proj %: 0.00 | Time: 9.15s
2025-08-20 20:33:14,878:INFO:Epoch: 30700/40000 | Train Loss: 1.559e-02 | Dynamic Loss: 1.559e-02 | Regularization Loss: 2.166e-29 | Val Loss: 8.667e-02 | Active Proj %: 0.00 | Time: 8.99s
2025-08-20 20:33:29,860:INFO:Epoch: 30750/40000 | Train Loss: 1.922e-02 | Dynamic Loss: 1.922e-02 | Regularization Loss: 2.268e-29 | Val Loss: 8.595e-02 | Active Proj %: 0.00 | Time: 14.87s
2025-08-20 20:33:38,974:INFO:Epoch: 30800/40000 | Train Loss: 2.045e-02 | Dynamic Loss: 2.045e-02 | Regularization Loss: 2.005e-29 | Val Loss: 9.340e-02 | Active Proj %: 0.00 | Time: 9.01s
2025-08-20 20:33:48,178:INFO:Epoch: 30850/40000 | Train Loss: 1.596e-02 | Dynamic Loss: 1.596e-02 | Regularization Loss: 1.795e-29 | Val Loss: 8.615e-02 | Active Proj %: 0.00 | Time: 9.09s
2025-08-20 20:34:02,525:INFO:Epoch: 30900/40000 | Train Loss: 1.628e-02 | Dynamic Loss: 1.628e-02 | Regularization Loss: 1.728e-29 | Val Loss: 8.517e-02 | Active Proj %: 0.02 | Time: 14.24s
2025-08-20 20:34:11,698:INFO:Epoch: 30950/40000 | Train Loss: 2.122e-02 | Dynamic Loss: 2.122e-02 | Regularization Loss: 1.809e-29 | Val Loss: 8.967e-02 | Active Proj %: 0.00 | Time: 9.07s
2025-08-20 20:34:20,806:INFO:Epoch: 31000/40000 | Train Loss: 1.652e-02 | Dynamic Loss: 1.652e-02 | Regularization Loss: 1.586e-29 | Val Loss: 8.701e-02 | Active Proj %: 0.02 | Time: 9.00s
2025-08-20 20:34:35,168:INFO:Epoch: 31050/40000 | Train Loss: 1.853e-02 | Dynamic Loss: 1.853e-02 | Regularization Loss: 1.732e-29 | Val Loss: 9.404e-02 | Active Proj %: 0.00 | Time: 14.25s
2025-08-20 20:34:44,269:INFO:Epoch: 31100/40000 | Train Loss: 1.460e-02 | Dynamic Loss: 1.460e-02 | Regularization Loss: 1.560e-29 | Val Loss: 8.577e-02 | Active Proj %: 0.00 | Time: 8.99s
2025-08-20 20:34:53,846:INFO:Epoch: 31150/40000 | Train Loss: 1.488e-02 | Dynamic Loss: 1.488e-02 | Regularization Loss: 1.403e-29 | Val Loss: 8.484e-02 | Active Proj %: 0.00 | Time: 9.47s
2025-08-20 20:35:10,911:INFO:Epoch: 31200/40000 | Train Loss: 2.001e-02 | Dynamic Loss: 2.001e-02 | Regularization Loss: 1.274e-29 | Val Loss: 9.199e-02 | Active Proj %: 0.00 | Time: 16.96s
2025-08-20 20:35:20,031:INFO:Epoch: 31250/40000 | Train Loss: 2.002e-02 | Dynamic Loss: 2.002e-02 | Regularization Loss: 1.140e-29 | Val Loss: 8.555e-02 | Active Proj %: 0.00 | Time: 9.01s
2025-08-20 20:35:29,145:INFO:Epoch: 31300/40000 | Train Loss: 1.778e-02 | Dynamic Loss: 1.778e-02 | Regularization Loss: 1.019e-29 | Val Loss: 8.605e-02 | Active Proj %: 0.00 | Time: 9.00s
2025-08-20 20:35:43,560:INFO:Epoch: 31350/40000 | Train Loss: 1.714e-02 | Dynamic Loss: 1.714e-02 | Regularization Loss: 9.696e-30 | Val Loss: 8.871e-02 | Active Proj %: 0.00 | Time: 14.31s
2025-08-20 20:35:52,690:INFO:Epoch: 31400/40000 | Train Loss: 1.410e-02 | Dynamic Loss: 1.410e-02 | Regularization Loss: 8.811e-30 | Val Loss: 8.409e-02 | Active Proj %: 0.00 | Time: 9.02s
2025-08-20 20:36:01,899:INFO:Epoch: 31450/40000 | Train Loss: 1.541e-02 | Dynamic Loss: 1.541e-02 | Regularization Loss: 8.637e-30 | Val Loss: 8.446e-02 | Active Proj %: 0.00 | Time: 8.98s
2025-08-20 20:36:11,086:INFO:Epoch: 31500/40000 | Train Loss: 1.627e-02 | Dynamic Loss: 1.627e-02 | Regularization Loss: 7.246e-30 | Val Loss: 8.996e-02 | Active Proj %: 0.00 | Time: 9.08s
2025-08-20 20:36:20,173:INFO:Epoch: 31550/40000 | Train Loss: 1.678e-02 | Dynamic Loss: 1.678e-02 | Regularization Loss: 6.518e-30 | Val Loss: 8.306e-02 | Active Proj %: 0.00 | Time: 8.98s
2025-08-20 20:36:29,506:INFO:Epoch: 31600/40000 | Train Loss: 1.709e-02 | Dynamic Loss: 1.709e-02 | Regularization Loss: 5.727e-30 | Val Loss: 8.569e-02 | Active Proj %: 0.00 | Time: 9.22s
2025-08-20 20:36:38,682:INFO:Epoch: 31650/40000 | Train Loss: 1.506e-02 | Dynamic Loss: 1.506e-02 | Regularization Loss: 4.973e-30 | Val Loss: 8.194e-02 | Active Proj %: 0.00 | Time: 9.05s
2025-08-20 20:36:47,796:INFO:Epoch: 31700/40000 | Train Loss: 1.329e-02 | Dynamic Loss: 1.329e-02 | Regularization Loss: 5.319e-30 | Val Loss: 8.173e-02 | Active Proj %: 0.00 | Time: 9.01s
2025-08-20 20:36:56,928:INFO:Epoch: 31750/40000 | Train Loss: 2.010e-02 | Dynamic Loss: 2.010e-02 | Regularization Loss: 5.146e-30 | Val Loss: 9.105e-02 | Active Proj %: 0.00 | Time: 9.02s
2025-08-20 20:37:06,103:INFO:Epoch: 31800/40000 | Train Loss: 2.461e-02 | Dynamic Loss: 2.461e-02 | Regularization Loss: 5.403e-30 | Val Loss: 8.174e-02 | Active Proj %: 0.02 | Time: 9.07s
2025-08-20 20:37:15,261:INFO:Epoch: 31850/40000 | Train Loss: 1.527e-02 | Dynamic Loss: 1.527e-02 | Regularization Loss: 5.338e-30 | Val Loss: 8.270e-02 | Active Proj %: 0.00 | Time: 9.05s
2025-08-20 20:37:24,444:INFO:Epoch: 31900/40000 | Train Loss: 1.861e-02 | Dynamic Loss: 1.861e-02 | Regularization Loss: 5.379e-30 | Val Loss: 8.337e-02 | Active Proj %: 0.00 | Time: 9.07s
2025-08-20 20:37:33,543:INFO:Epoch: 31950/40000 | Train Loss: 6.047e-01 | Dynamic Loss: 6.047e-01 | Regularization Loss: 4.207e-32 | Val Loss: 6.477e-01 | Active Proj %: 0.07 | Time: 8.99s
2025-08-20 20:37:42,583:INFO:Epoch: 32000/40000 | Train Loss: 1.531e-01 | Dynamic Loss: 1.531e-01 | Regularization Loss: 4.082e-32 | Val Loss: 1.831e-01 | Active Proj %: 0.07 | Time: 8.93s
2025-08-20 20:37:58,328:INFO:Epoch: 32050/40000 | Train Loss: 1.006e-01 | Dynamic Loss: 1.006e-01 | Regularization Loss: 4.088e-32 | Val Loss: 1.311e-01 | Active Proj %: 0.07 | Time: 15.63s
2025-08-20 20:38:07,406:INFO:Epoch: 32100/40000 | Train Loss: 8.308e-02 | Dynamic Loss: 8.308e-02 | Regularization Loss: 4.107e-32 | Val Loss: 1.166e-01 | Active Proj %: 0.05 | Time: 8.97s
2025-08-20 20:38:16,711:INFO:Epoch: 32150/40000 | Train Loss: 6.296e-02 | Dynamic Loss: 6.296e-02 | Regularization Loss: 4.125e-32 | Val Loss: 9.328e-02 | Active Proj %: 0.05 | Time: 9.20s
2025-08-20 20:38:25,747:INFO:Epoch: 32200/40000 | Train Loss: 5.437e-02 | Dynamic Loss: 5.437e-02 | Regularization Loss: 4.139e-32 | Val Loss: 8.443e-02 | Active Proj %: 0.05 | Time: 8.93s
2025-08-20 20:38:34,819:INFO:Epoch: 32250/40000 | Train Loss: 5.233e-02 | Dynamic Loss: 5.233e-02 | Regularization Loss: 4.144e-32 | Val Loss: 8.689e-02 | Active Proj %: 0.05 | Time: 8.96s
2025-08-20 20:38:44,748:INFO:Epoch: 32300/40000 | Train Loss: 4.644e-02 | Dynamic Loss: 4.644e-02 | Regularization Loss: 4.143e-32 | Val Loss: 7.495e-02 | Active Proj %: 0.05 | Time: 9.82s
2025-08-20 20:38:53,924:INFO:Epoch: 32350/40000 | Train Loss: 4.841e-02 | Dynamic Loss: 4.841e-02 | Regularization Loss: 4.143e-32 | Val Loss: 7.288e-02 | Active Proj %: 0.05 | Time: 9.07s
2025-08-20 20:39:02,975:INFO:Epoch: 32400/40000 | Train Loss: 3.818e-02 | Dynamic Loss: 3.818e-02 | Regularization Loss: 4.131e-32 | Val Loss: 6.792e-02 | Active Proj %: 0.05 | Time: 8.94s
2025-08-20 20:39:19,652:INFO:Epoch: 32450/40000 | Train Loss: 4.723e-02 | Dynamic Loss: 4.723e-02 | Regularization Loss: 4.115e-32 | Val Loss: 8.317e-02 | Active Proj %: 0.05 | Time: 16.57s
2025-08-20 20:39:28,808:INFO:Epoch: 32500/40000 | Train Loss: 4.512e-02 | Dynamic Loss: 4.512e-02 | Regularization Loss: 4.095e-32 | Val Loss: 7.269e-02 | Active Proj %: 0.05 | Time: 9.05s
2025-08-20 20:39:37,874:INFO:Epoch: 32550/40000 | Train Loss: 3.504e-02 | Dynamic Loss: 3.504e-02 | Regularization Loss: 4.063e-32 | Val Loss: 6.742e-02 | Active Proj %: 0.05 | Time: 8.96s
2025-08-20 20:39:47,002:INFO:Epoch: 32600/40000 | Train Loss: 3.738e-02 | Dynamic Loss: 3.738e-02 | Regularization Loss: 4.027e-32 | Val Loss: 7.026e-02 | Active Proj %: 0.05 | Time: 9.02s
2025-08-20 20:39:56,060:INFO:Epoch: 32650/40000 | Train Loss: 3.203e-02 | Dynamic Loss: 3.203e-02 | Regularization Loss: 3.992e-32 | Val Loss: 6.278e-02 | Active Proj %: 0.05 | Time: 8.95s
2025-08-20 20:40:05,543:INFO:Epoch: 32700/40000 | Train Loss: 3.639e-02 | Dynamic Loss: 3.639e-02 | Regularization Loss: 3.957e-32 | Val Loss: 6.583e-02 | Active Proj %: 0.05 | Time: 9.37s
2025-08-20 20:40:20,959:INFO:Epoch: 32750/40000 | Train Loss: 3.878e-02 | Dynamic Loss: 3.878e-02 | Regularization Loss: 3.918e-32 | Val Loss: 7.183e-02 | Active Proj %: 0.08 | Time: 15.31s
2025-08-20 20:40:30,124:INFO:Epoch: 32800/40000 | Train Loss: 1.193e-01 | Dynamic Loss: 1.193e-01 | Regularization Loss: 3.890e-32 | Val Loss: 1.125e-01 | Active Proj %: 0.12 | Time: 9.06s
2025-08-20 20:40:39,232:INFO:Epoch: 32850/40000 | Train Loss: 2.940e-02 | Dynamic Loss: 2.940e-02 | Regularization Loss: 3.857e-32 | Val Loss: 6.227e-02 | Active Proj %: 0.05 | Time: 9.00s
2025-08-20 20:40:48,314:INFO:Epoch: 32900/40000 | Train Loss: 2.689e-02 | Dynamic Loss: 2.689e-02 | Regularization Loss: 3.831e-32 | Val Loss: 6.094e-02 | Active Proj %: 0.03 | Time: 8.97s
2025-08-20 20:40:57,562:INFO:Epoch: 32950/40000 | Train Loss: 3.087e-02 | Dynamic Loss: 3.087e-02 | Regularization Loss: 3.803e-32 | Val Loss: 6.471e-02 | Active Proj %: 0.03 | Time: 9.14s
2025-08-20 20:41:06,712:INFO:Epoch: 33000/40000 | Train Loss: 3.510e-02 | Dynamic Loss: 3.510e-02 | Regularization Loss: 3.781e-32 | Val Loss: 7.123e-02 | Active Proj %: 0.05 | Time: 9.04s
2025-08-20 20:41:21,379:INFO:Epoch: 33050/40000 | Train Loss: 3.010e-02 | Dynamic Loss: 3.010e-02 | Regularization Loss: 3.764e-32 | Val Loss: 5.953e-02 | Active Proj %: 0.03 | Time: 14.55s
2025-08-20 20:41:30,486:INFO:Epoch: 33100/40000 | Train Loss: 2.501e-02 | Dynamic Loss: 2.501e-02 | Regularization Loss: 3.749e-32 | Val Loss: 5.903e-02 | Active Proj %: 0.02 | Time: 9.00s
2025-08-20 20:41:39,508:INFO:Epoch: 33150/40000 | Train Loss: 2.301e-02 | Dynamic Loss: 2.301e-02 | Regularization Loss: 3.733e-32 | Val Loss: 5.980e-02 | Active Proj %: 0.02 | Time: 8.91s
2025-08-20 20:41:55,046:INFO:Epoch: 33200/40000 | Train Loss: 5.532e-02 | Dynamic Loss: 5.532e-02 | Regularization Loss: 3.712e-32 | Val Loss: 1.097e-01 | Active Proj %: 0.05 | Time: 15.43s
2025-08-20 20:42:04,286:INFO:Epoch: 33250/40000 | Train Loss: 3.236e-02 | Dynamic Loss: 3.236e-02 | Regularization Loss: 3.714e-32 | Val Loss: 6.904e-02 | Active Proj %: 0.02 | Time: 9.13s
2025-08-20 20:42:13,491:INFO:Epoch: 33300/40000 | Train Loss: 4.701e-02 | Dynamic Loss: 4.701e-02 | Regularization Loss: 3.698e-32 | Val Loss: 7.726e-02 | Active Proj %: 0.03 | Time: 9.10s
2025-08-20 20:42:31,233:INFO:Epoch: 33350/40000 | Train Loss: 3.317e-02 | Dynamic Loss: 3.317e-02 | Regularization Loss: 3.697e-32 | Val Loss: 6.224e-02 | Active Proj %: 0.03 | Time: 17.63s
2025-08-20 20:42:40,704:INFO:Epoch: 33400/40000 | Train Loss: 2.455e-02 | Dynamic Loss: 2.455e-02 | Regularization Loss: 3.682e-32 | Val Loss: 6.031e-02 | Active Proj %: 0.02 | Time: 9.36s
2025-08-20 20:42:50,000:INFO:Epoch: 33450/40000 | Train Loss: 2.389e-02 | Dynamic Loss: 2.389e-02 | Regularization Loss: 3.667e-32 | Val Loss: 6.051e-02 | Active Proj %: 0.02 | Time: 9.18s
2025-08-20 20:42:59,376:INFO:Epoch: 33500/40000 | Train Loss: 5.244e-02 | Dynamic Loss: 5.244e-02 | Regularization Loss: 3.646e-32 | Val Loss: 7.685e-02 | Active Proj %: 0.02 | Time: 9.26s
2025-08-20 20:43:08,668:INFO:Epoch: 33550/40000 | Train Loss: 2.241e-02 | Dynamic Loss: 2.241e-02 | Regularization Loss: 3.634e-32 | Val Loss: 5.585e-02 | Active Proj %: 0.02 | Time: 9.18s
2025-08-20 20:43:17,921:INFO:Epoch: 33600/40000 | Train Loss: 1.923e-02 | Dynamic Loss: 1.923e-02 | Regularization Loss: 3.614e-32 | Val Loss: 5.460e-02 | Active Proj %: 0.02 | Time: 9.14s
2025-08-20 20:43:27,756:INFO:Epoch: 33650/40000 | Train Loss: 2.678e-02 | Dynamic Loss: 2.678e-02 | Regularization Loss: 3.593e-32 | Val Loss: 5.669e-02 | Active Proj %: 0.02 | Time: 9.72s
2025-08-20 20:43:36,883:INFO:Epoch: 33700/40000 | Train Loss: 2.233e-02 | Dynamic Loss: 2.233e-02 | Regularization Loss: 3.566e-32 | Val Loss: 5.646e-02 | Active Proj %: 0.02 | Time: 9.02s
2025-08-20 20:43:46,233:INFO:Epoch: 33750/40000 | Train Loss: 2.159e-02 | Dynamic Loss: 2.159e-02 | Regularization Loss: 3.557e-32 | Val Loss: 5.663e-02 | Active Proj %: 0.03 | Time: 9.24s
2025-08-20 20:43:55,386:INFO:Epoch: 33800/40000 | Train Loss: 1.790e-02 | Dynamic Loss: 1.790e-02 | Regularization Loss: 3.454e-32 | Val Loss: 5.361e-02 | Active Proj %: 0.02 | Time: 9.04s
2025-08-20 20:44:04,483:INFO:Epoch: 33850/40000 | Train Loss: 2.409e-02 | Dynamic Loss: 2.409e-02 | Regularization Loss: 3.438e-32 | Val Loss: 5.744e-02 | Active Proj %: 0.02 | Time: 8.99s
2025-08-20 20:44:18,490:INFO:Epoch: 33900/40000 | Train Loss: 2.273e-02 | Dynamic Loss: 2.273e-02 | Regularization Loss: 3.438e-32 | Val Loss: 5.733e-02 | Active Proj %: 0.02 | Time: 13.89s
2025-08-20 20:44:27,641:INFO:Epoch: 33950/40000 | Train Loss: 1.997e-02 | Dynamic Loss: 1.997e-02 | Regularization Loss: 3.446e-32 | Val Loss: 5.471e-02 | Active Proj %: 0.00 | Time: 9.04s
2025-08-20 20:44:36,770:INFO:Epoch: 34000/40000 | Train Loss: 3.073e-02 | Dynamic Loss: 3.073e-02 | Regularization Loss: 3.465e-32 | Val Loss: 5.962e-02 | Active Proj %: 0.00 | Time: 9.02s
2025-08-20 20:44:54,409:INFO:Epoch: 34050/40000 | Train Loss: 2.604e-02 | Dynamic Loss: 2.604e-02 | Regularization Loss: 3.458e-32 | Val Loss: 6.240e-02 | Active Proj %: 0.00 | Time: 17.53s
2025-08-20 20:45:03,771:INFO:Epoch: 34100/40000 | Train Loss: 1.634e-02 | Dynamic Loss: 1.634e-02 | Regularization Loss: 3.466e-32 | Val Loss: 5.338e-02 | Active Proj %: 0.00 | Time: 9.25s
2025-08-20 20:45:13,222:INFO:Epoch: 34150/40000 | Train Loss: 1.670e-02 | Dynamic Loss: 1.670e-02 | Regularization Loss: 3.471e-32 | Val Loss: 5.320e-02 | Active Proj %: 0.00 | Time: 9.34s
2025-08-20 20:45:22,385:INFO:Epoch: 34200/40000 | Train Loss: 1.755e-02 | Dynamic Loss: 1.755e-02 | Regularization Loss: 3.491e-32 | Val Loss: 5.343e-02 | Active Proj %: 0.00 | Time: 9.05s
2025-08-20 20:45:31,567:INFO:Epoch: 34250/40000 | Train Loss: 2.099e-02 | Dynamic Loss: 2.099e-02 | Regularization Loss: 3.508e-32 | Val Loss: 5.590e-02 | Active Proj %: 0.02 | Time: 9.07s
2025-08-20 20:45:40,698:INFO:Epoch: 34300/40000 | Train Loss: 2.313e-02 | Dynamic Loss: 2.313e-02 | Regularization Loss: 3.523e-32 | Val Loss: 5.782e-02 | Active Proj %: 0.00 | Time: 9.02s
2025-08-20 20:45:50,530:INFO:Epoch: 34350/40000 | Train Loss: 1.772e-02 | Dynamic Loss: 1.772e-02 | Regularization Loss: 3.528e-32 | Val Loss: 5.346e-02 | Active Proj %: 0.00 | Time: 9.72s
2025-08-20 20:45:59,622:INFO:Epoch: 34400/40000 | Train Loss: 1.979e-02 | Dynamic Loss: 1.979e-02 | Regularization Loss: 3.547e-32 | Val Loss: 5.470e-02 | Active Proj %: 0.00 | Time: 8.98s
2025-08-20 20:46:08,848:INFO:Epoch: 34450/40000 | Train Loss: 3.556e-02 | Dynamic Loss: 3.556e-02 | Regularization Loss: 3.579e-32 | Val Loss: 6.681e-02 | Active Proj %: 0.02 | Time: 9.11s
2025-08-20 20:46:17,969:INFO:Epoch: 34500/40000 | Train Loss: 2.370e-02 | Dynamic Loss: 2.370e-02 | Regularization Loss: 3.566e-32 | Val Loss: 5.534e-02 | Active Proj %: 0.00 | Time: 9.01s
2025-08-20 20:46:27,056:INFO:Epoch: 34550/40000 | Train Loss: 2.359e-02 | Dynamic Loss: 2.359e-02 | Regularization Loss: 3.559e-32 | Val Loss: 5.779e-02 | Active Proj %: 0.02 | Time: 8.97s
2025-08-20 20:46:40,916:INFO:Epoch: 34600/40000 | Train Loss: 1.907e-02 | Dynamic Loss: 1.907e-02 | Regularization Loss: 3.528e-32 | Val Loss: 5.523e-02 | Active Proj %: 0.00 | Time: 13.75s
2025-08-20 20:46:50,145:INFO:Epoch: 34650/40000 | Train Loss: 2.466e-02 | Dynamic Loss: 2.466e-02 | Regularization Loss: 3.488e-32 | Val Loss: 5.918e-02 | Active Proj %: 0.00 | Time: 9.12s
2025-08-20 20:46:59,223:INFO:Epoch: 34700/40000 | Train Loss: 1.468e-02 | Dynamic Loss: 1.468e-02 | Regularization Loss: 3.478e-32 | Val Loss: 5.183e-02 | Active Proj %: 0.00 | Time: 8.97s
2025-08-20 20:47:17,016:INFO:Epoch: 34750/40000 | Train Loss: 2.912e-02 | Dynamic Loss: 2.912e-02 | Regularization Loss: 3.521e-32 | Val Loss: 7.038e-02 | Active Proj %: 0.02 | Time: 17.68s
2025-08-20 20:47:26,400:INFO:Epoch: 34800/40000 | Train Loss: 1.745e-02 | Dynamic Loss: 1.745e-02 | Regularization Loss: 3.541e-32 | Val Loss: 5.157e-02 | Active Proj %: 0.02 | Time: 9.27s
2025-08-20 20:47:35,568:INFO:Epoch: 34850/40000 | Train Loss: 2.022e-02 | Dynamic Loss: 2.022e-02 | Regularization Loss: 3.549e-32 | Val Loss: 5.526e-02 | Active Proj %: 0.02 | Time: 9.06s
2025-08-20 20:47:44,646:INFO:Epoch: 34900/40000 | Train Loss: 2.033e-02 | Dynamic Loss: 2.033e-02 | Regularization Loss: 3.587e-32 | Val Loss: 5.734e-02 | Active Proj %: 0.00 | Time: 8.97s
2025-08-20 20:47:53,713:INFO:Epoch: 34950/40000 | Train Loss: 2.209e-02 | Dynamic Loss: 2.209e-02 | Regularization Loss: 3.634e-32 | Val Loss: 5.445e-02 | Active Proj %: 0.00 | Time: 8.96s
2025-08-20 20:48:02,906:INFO:Epoch: 35000/40000 | Train Loss: 1.991e-02 | Dynamic Loss: 1.991e-02 | Regularization Loss: 3.677e-32 | Val Loss: 5.811e-02 | Active Proj %: 0.02 | Time: 9.08s
2025-08-20 20:48:12,763:INFO:Epoch: 35050/40000 | Train Loss: 2.509e-02 | Dynamic Loss: 2.509e-02 | Regularization Loss: 3.661e-32 | Val Loss: 5.390e-02 | Active Proj %: 0.00 | Time: 9.75s
2025-08-20 20:48:21,864:INFO:Epoch: 35100/40000 | Train Loss: 1.805e-02 | Dynamic Loss: 1.805e-02 | Regularization Loss: 3.712e-32 | Val Loss: 5.360e-02 | Active Proj %: 0.02 | Time: 8.99s
2025-08-20 20:48:31,620:INFO:Epoch: 35150/40000 | Train Loss: 2.567e-02 | Dynamic Loss: 2.567e-02 | Regularization Loss: 3.730e-32 | Val Loss: 6.084e-02 | Active Proj %: 0.00 | Time: 9.65s
2025-08-20 20:48:40,825:INFO:Epoch: 35200/40000 | Train Loss: 1.505e-02 | Dynamic Loss: 1.505e-02 | Regularization Loss: 3.758e-32 | Val Loss: 5.108e-02 | Active Proj %: 0.02 | Time: 9.09s
2025-08-20 20:48:49,873:INFO:Epoch: 35250/40000 | Train Loss: 1.686e-02 | Dynamic Loss: 1.686e-02 | Regularization Loss: 3.738e-32 | Val Loss: 5.098e-02 | Active Proj %: 0.00 | Time: 8.94s
2025-08-20 20:48:59,048:INFO:Epoch: 35300/40000 | Train Loss: 1.704e-02 | Dynamic Loss: 1.704e-02 | Regularization Loss: 3.772e-32 | Val Loss: 5.337e-02 | Active Proj %: 0.00 | Time: 9.06s
2025-08-20 20:49:08,177:INFO:Epoch: 35350/40000 | Train Loss: 4.219e-02 | Dynamic Loss: 4.219e-02 | Regularization Loss: 3.748e-32 | Val Loss: 7.065e-02 | Active Proj %: 0.02 | Time: 9.02s
2025-08-20 20:49:17,265:INFO:Epoch: 35400/40000 | Train Loss: 1.474e-02 | Dynamic Loss: 1.474e-02 | Regularization Loss: 3.812e-32 | Val Loss: 5.136e-02 | Active Proj %: 0.00 | Time: 8.98s
2025-08-20 20:49:32,400:INFO:Epoch: 35450/40000 | Train Loss: 1.924e-02 | Dynamic Loss: 1.924e-02 | Regularization Loss: 3.845e-32 | Val Loss: 5.967e-02 | Active Proj %: 0.00 | Time: 15.03s
2025-08-20 20:49:41,544:INFO:Epoch: 35500/40000 | Train Loss: 1.461e-02 | Dynamic Loss: 1.461e-02 | Regularization Loss: 3.814e-32 | Val Loss: 5.063e-02 | Active Proj %: 0.00 | Time: 9.03s
2025-08-20 20:49:50,683:INFO:Epoch: 35550/40000 | Train Loss: 1.588e-02 | Dynamic Loss: 1.588e-02 | Regularization Loss: 3.918e-32 | Val Loss: 5.078e-02 | Active Proj %: 0.00 | Time: 8.91s
2025-08-20 20:49:59,785:INFO:Epoch: 35600/40000 | Train Loss: 1.352e-02 | Dynamic Loss: 1.352e-02 | Regularization Loss: 3.920e-32 | Val Loss: 4.956e-02 | Active Proj %: 0.00 | Time: 8.99s
2025-08-20 20:50:09,001:INFO:Epoch: 35650/40000 | Train Loss: 1.916e-02 | Dynamic Loss: 1.916e-02 | Regularization Loss: 4.210e-32 | Val Loss: 5.774e-02 | Active Proj %: 0.00 | Time: 9.11s
2025-08-20 20:50:18,257:INFO:Epoch: 35700/40000 | Train Loss: 1.346e-02 | Dynamic Loss: 1.346e-02 | Regularization Loss: 4.170e-32 | Val Loss: 4.969e-02 | Active Proj %: 0.00 | Time: 9.14s
2025-08-20 20:50:33,103:INFO:Epoch: 35750/40000 | Train Loss: 1.766e-02 | Dynamic Loss: 1.766e-02 | Regularization Loss: 3.400e-32 | Val Loss: 5.135e-02 | Active Proj %: 0.02 | Time: 14.73s
2025-08-20 20:50:42,220:INFO:Epoch: 35800/40000 | Train Loss: 2.151e-02 | Dynamic Loss: 2.151e-02 | Regularization Loss: 3.358e-32 | Val Loss: 5.629e-02 | Active Proj %: 0.00 | Time: 9.01s
2025-08-20 20:50:51,433:INFO:Epoch: 35850/40000 | Train Loss: 1.571e-02 | Dynamic Loss: 1.571e-02 | Regularization Loss: 3.435e-32 | Val Loss: 5.140e-02 | Active Proj %: 0.00 | Time: 9.10s
2025-08-20 20:51:00,564:INFO:Epoch: 35900/40000 | Train Loss: 4.822e-02 | Dynamic Loss: 4.822e-02 | Regularization Loss: 3.538e-32 | Val Loss: 5.798e-02 | Active Proj %: 0.00 | Time: 9.02s
2025-08-20 20:51:09,653:INFO:Epoch: 35950/40000 | Train Loss: 1.539e-02 | Dynamic Loss: 1.539e-02 | Regularization Loss: 3.440e-32 | Val Loss: 5.254e-02 | Active Proj %: 0.03 | Time: 8.97s
2025-08-20 20:51:18,875:INFO:Epoch: 36000/40000 | Train Loss: 2.405e-02 | Dynamic Loss: 2.405e-02 | Regularization Loss: 3.450e-32 | Val Loss: 5.571e-02 | Active Proj %: 0.00 | Time: 9.11s
2025-08-20 20:51:27,899:INFO:Epoch: 36050/40000 | Train Loss: 1.458e-02 | Dynamic Loss: 1.458e-02 | Regularization Loss: 3.514e-32 | Val Loss: 5.141e-02 | Active Proj %: 0.00 | Time: 8.91s
2025-08-20 20:51:36,990:INFO:Epoch: 36100/40000 | Train Loss: 1.689e-02 | Dynamic Loss: 1.689e-02 | Regularization Loss: 3.729e-32 | Val Loss: 5.212e-02 | Active Proj %: 0.02 | Time: 8.98s
2025-08-20 20:51:52,074:INFO:Epoch: 36150/40000 | Train Loss: 3.998e-02 | Dynamic Loss: 3.998e-02 | Regularization Loss: 3.692e-32 | Val Loss: 7.210e-02 | Active Proj %: 0.02 | Time: 14.97s
2025-08-20 20:52:01,200:INFO:Epoch: 36200/40000 | Train Loss: 1.709e-02 | Dynamic Loss: 1.709e-02 | Regularization Loss: 3.701e-32 | Val Loss: 5.517e-02 | Active Proj %: 0.00 | Time: 9.01s
2025-08-20 20:52:10,253:INFO:Epoch: 36250/40000 | Train Loss: 1.515e-02 | Dynamic Loss: 1.515e-02 | Regularization Loss: 3.794e-32 | Val Loss: 5.291e-02 | Active Proj %: 0.00 | Time: 8.94s
2025-08-20 20:52:27,030:INFO:Epoch: 36300/40000 | Train Loss: 1.400e-02 | Dynamic Loss: 1.400e-02 | Regularization Loss: 3.824e-32 | Val Loss: 5.126e-02 | Active Proj %: 0.00 | Time: 16.66s
2025-08-20 20:52:36,362:INFO:Epoch: 36350/40000 | Train Loss: 1.288e-02 | Dynamic Loss: 1.288e-02 | Regularization Loss: 3.729e-32 | Val Loss: 4.930e-02 | Active Proj %: 0.00 | Time: 9.22s
2025-08-20 20:52:45,495:INFO:Epoch: 36400/40000 | Train Loss: 2.410e-02 | Dynamic Loss: 2.410e-02 | Regularization Loss: 3.983e-32 | Val Loss: 5.583e-02 | Active Proj %: 0.00 | Time: 9.02s
2025-08-20 20:52:59,712:INFO:Epoch: 36450/40000 | Train Loss: 1.576e-02 | Dynamic Loss: 1.576e-02 | Regularization Loss: 3.833e-32 | Val Loss: 5.314e-02 | Active Proj %: 0.00 | Time: 14.11s
2025-08-20 20:53:08,829:INFO:Epoch: 36500/40000 | Train Loss: 1.446e-02 | Dynamic Loss: 1.446e-02 | Regularization Loss: 3.903e-32 | Val Loss: 4.986e-02 | Active Proj %: 0.00 | Time: 9.01s
2025-08-20 20:53:17,985:INFO:Epoch: 36550/40000 | Train Loss: 1.715e-02 | Dynamic Loss: 1.715e-02 | Regularization Loss: 4.256e-32 | Val Loss: 5.221e-02 | Active Proj %: 0.00 | Time: 8.91s
2025-08-20 20:53:27,150:INFO:Epoch: 36600/40000 | Train Loss: 1.326e-02 | Dynamic Loss: 1.326e-02 | Regularization Loss: 4.337e-32 | Val Loss: 5.007e-02 | Active Proj %: 0.00 | Time: 9.05s
2025-08-20 20:53:36,331:INFO:Epoch: 36650/40000 | Train Loss: 1.954e-02 | Dynamic Loss: 1.954e-02 | Regularization Loss: 4.335e-32 | Val Loss: 5.849e-02 | Active Proj %: 0.02 | Time: 9.07s
2025-08-20 20:53:45,362:INFO:Epoch: 36700/40000 | Train Loss: 1.262e-02 | Dynamic Loss: 1.262e-02 | Regularization Loss: 4.456e-32 | Val Loss: 5.042e-02 | Active Proj %: 0.00 | Time: 8.92s
2025-08-20 20:53:59,020:INFO:Epoch: 36750/40000 | Train Loss: 1.504e-02 | Dynamic Loss: 1.504e-02 | Regularization Loss: 4.634e-32 | Val Loss: 5.116e-02 | Active Proj %: 0.02 | Time: 13.54s
2025-08-20 20:54:08,290:INFO:Epoch: 36800/40000 | Train Loss: 1.522e-02 | Dynamic Loss: 1.522e-02 | Regularization Loss: 4.686e-32 | Val Loss: 5.467e-02 | Active Proj %: 0.02 | Time: 9.16s
2025-08-20 20:54:17,571:INFO:Epoch: 36850/40000 | Train Loss: 2.130e-02 | Dynamic Loss: 2.130e-02 | Regularization Loss: 4.718e-32 | Val Loss: 5.580e-02 | Active Proj %: 0.00 | Time: 9.17s
2025-08-20 20:54:26,663:INFO:Epoch: 36900/40000 | Train Loss: 1.883e-02 | Dynamic Loss: 1.883e-02 | Regularization Loss: 4.961e-32 | Val Loss: 5.132e-02 | Active Proj %: 0.00 | Time: 8.98s
2025-08-20 20:54:35,715:INFO:Epoch: 36950/40000 | Train Loss: 2.965e-02 | Dynamic Loss: 2.965e-02 | Regularization Loss: 5.061e-32 | Val Loss: 5.435e-02 | Active Proj %: 0.02 | Time: 8.94s
2025-08-20 20:54:44,904:INFO:Epoch: 37000/40000 | Train Loss: 2.193e-02 | Dynamic Loss: 2.193e-02 | Regularization Loss: 5.350e-32 | Val Loss: 5.738e-02 | Active Proj %: 0.02 | Time: 9.08s
2025-08-20 20:54:53,964:INFO:Epoch: 37050/40000 | Train Loss: 1.467e-02 | Dynamic Loss: 1.467e-02 | Regularization Loss: 5.584e-32 | Val Loss: 5.037e-02 | Active Proj %: 0.00 | Time: 8.95s
2025-08-20 20:55:03,083:INFO:Epoch: 37100/40000 | Train Loss: 1.274e-02 | Dynamic Loss: 1.274e-02 | Regularization Loss: 5.622e-32 | Val Loss: 5.086e-02 | Active Proj %: 0.00 | Time: 9.01s
2025-08-20 20:55:13,624:INFO:Epoch: 37150/40000 | Train Loss: 1.486e-02 | Dynamic Loss: 1.486e-02 | Regularization Loss: 6.427e-32 | Val Loss: 5.019e-02 | Active Proj %: 0.00 | Time: 10.43s
2025-08-20 20:55:22,708:INFO:Epoch: 37200/40000 | Train Loss: 1.590e-02 | Dynamic Loss: 1.590e-02 | Regularization Loss: 6.650e-32 | Val Loss: 4.975e-02 | Active Proj %: 0.02 | Time: 8.97s
2025-08-20 20:55:31,826:INFO:Epoch: 37250/40000 | Train Loss: 1.222e-02 | Dynamic Loss: 1.222e-02 | Regularization Loss: 5.582e-32 | Val Loss: 5.118e-02 | Active Proj %: 0.00 | Time: 9.01s
2025-08-20 20:55:42,887:INFO:Epoch: 37300/40000 | Train Loss: 3.873e-02 | Dynamic Loss: 3.873e-02 | Regularization Loss: 5.583e-32 | Val Loss: 1.098e-01 | Active Proj %: 0.04 | Time: 10.95s
2025-08-20 20:55:52,528:INFO:Epoch: 37350/40000 | Train Loss: 1.309e-02 | Dynamic Loss: 1.309e-02 | Regularization Loss: 4.974e-32 | Val Loss: 4.958e-02 | Active Proj %: 0.00 | Time: 9.53s
2025-08-20 20:56:01,630:INFO:Epoch: 37400/40000 | Train Loss: 1.363e-02 | Dynamic Loss: 1.363e-02 | Regularization Loss: 5.114e-32 | Val Loss: 5.068e-02 | Active Proj %: 0.00 | Time: 8.99s
2025-08-20 20:56:12,945:INFO:Epoch: 37450/40000 | Train Loss: 1.477e-02 | Dynamic Loss: 1.477e-02 | Regularization Loss: 4.297e-32 | Val Loss: 5.489e-02 | Active Proj %: 0.00 | Time: 11.19s
2025-08-20 20:56:22,090:INFO:Epoch: 37500/40000 | Train Loss: 3.143e-01 | Dynamic Loss: 3.143e-01 | Regularization Loss: 1.151e-33 | Val Loss: 3.248e-01 | Active Proj %: 0.18 | Time: 9.03s
2025-08-20 20:56:31,221:INFO:Epoch: 37550/40000 | Train Loss: 5.467e-02 | Dynamic Loss: 5.467e-02 | Regularization Loss: 1.110e-33 | Val Loss: 7.783e-02 | Active Proj %: 0.11 | Time: 9.02s
2025-08-20 20:56:43,144:INFO:Epoch: 37600/40000 | Train Loss: 4.127e-02 | Dynamic Loss: 4.127e-02 | Regularization Loss: 1.099e-33 | Val Loss: 6.622e-02 | Active Proj %: 0.07 | Time: 11.81s
2025-08-20 20:56:52,250:INFO:Epoch: 37650/40000 | Train Loss: 4.277e-02 | Dynamic Loss: 4.277e-02 | Regularization Loss: 1.093e-33 | Val Loss: 6.584e-02 | Active Proj %: 0.08 | Time: 9.00s
2025-08-20 20:57:01,357:INFO:Epoch: 37700/40000 | Train Loss: 2.971e-02 | Dynamic Loss: 2.971e-02 | Regularization Loss: 1.088e-33 | Val Loss: 5.519e-02 | Active Proj %: 0.05 | Time: 9.00s
2025-08-20 20:57:12,185:INFO:Epoch: 37750/40000 | Train Loss: 2.636e-02 | Dynamic Loss: 2.636e-02 | Regularization Loss: 1.085e-33 | Val Loss: 5.243e-02 | Active Proj %: 0.05 | Time: 10.72s
2025-08-20 20:57:21,266:INFO:Epoch: 37800/40000 | Train Loss: 2.441e-02 | Dynamic Loss: 2.441e-02 | Regularization Loss: 1.083e-33 | Val Loss: 5.155e-02 | Active Proj %: 0.03 | Time: 8.97s
2025-08-20 20:57:30,278:INFO:Epoch: 37850/40000 | Train Loss: 4.452e-02 | Dynamic Loss: 4.452e-02 | Regularization Loss: 1.081e-33 | Val Loss: 7.276e-02 | Active Proj %: 0.05 | Time: 8.90s
2025-08-20 20:57:40,402:INFO:Epoch: 37900/40000 | Train Loss: 2.038e-02 | Dynamic Loss: 2.038e-02 | Regularization Loss: 1.080e-33 | Val Loss: 4.935e-02 | Active Proj %: 0.02 | Time: 10.01s
2025-08-20 20:57:49,514:INFO:Epoch: 37950/40000 | Train Loss: 1.769e-02 | Dynamic Loss: 1.769e-02 | Regularization Loss: 1.079e-33 | Val Loss: 4.807e-02 | Active Proj %: 0.02 | Time: 9.00s
2025-08-20 20:57:58,582:INFO:Epoch: 38000/40000 | Train Loss: 2.084e-02 | Dynamic Loss: 2.084e-02 | Regularization Loss: 1.079e-33 | Val Loss: 5.687e-02 | Active Proj %: 0.00 | Time: 8.96s
2025-08-20 20:58:08,217:INFO:Epoch: 38050/40000 | Train Loss: 6.494e-01 | Dynamic Loss: 6.494e-01 | Regularization Loss: 3.144e-39 | Val Loss: 7.796e-01 | Active Proj %: 0.10 | Time: 9.53s
2025-08-20 20:58:17,289:INFO:Epoch: 38100/40000 | Train Loss: 3.394e-01 | Dynamic Loss: 3.394e-01 | Regularization Loss: 3.138e-39 | Val Loss: 4.843e-01 | Active Proj %: 0.12 | Time: 8.96s
2025-08-20 20:58:26,451:INFO:Epoch: 38150/40000 | Train Loss: 2.688e-01 | Dynamic Loss: 2.688e-01 | Regularization Loss: 3.135e-39 | Val Loss: 3.560e-01 | Active Proj %: 0.18 | Time: 9.05s
2025-08-20 20:58:43,138:INFO:Epoch: 38200/40000 | Train Loss: 1.673e-01 | Dynamic Loss: 1.673e-01 | Regularization Loss: 3.132e-39 | Val Loss: 2.579e-01 | Active Proj %: 0.03 | Time: 16.57s
2025-08-20 20:58:52,451:INFO:Epoch: 38250/40000 | Train Loss: 1.486e-01 | Dynamic Loss: 1.486e-01 | Regularization Loss: 3.130e-39 | Val Loss: 2.251e-01 | Active Proj %: 0.07 | Time: 9.20s
2025-08-20 20:59:01,708:INFO:Epoch: 38300/40000 | Train Loss: 1.162e-01 | Dynamic Loss: 1.162e-01 | Regularization Loss: 3.128e-39 | Val Loss: 1.930e-01 | Active Proj %: 0.03 | Time: 9.14s
2025-08-20 20:59:18,243:INFO:Epoch: 38350/40000 | Train Loss: 1.066e-01 | Dynamic Loss: 1.066e-01 | Regularization Loss: 3.127e-39 | Val Loss: 1.764e-01 | Active Proj %: 0.08 | Time: 16.42s
2025-08-20 20:59:27,322:INFO:Epoch: 38400/40000 | Train Loss: 8.530e-02 | Dynamic Loss: 8.530e-02 | Regularization Loss: 3.126e-39 | Val Loss: 1.603e-01 | Active Proj %: 0.03 | Time: 8.96s
2025-08-20 20:59:36,362:INFO:Epoch: 38450/40000 | Train Loss: 8.220e-02 | Dynamic Loss: 8.220e-02 | Regularization Loss: 3.125e-39 | Val Loss: 1.614e-01 | Active Proj %: 0.05 | Time: 8.93s
2025-08-20 20:59:47,283:INFO:Epoch: 38500/40000 | Train Loss: 6.847e-02 | Dynamic Loss: 6.847e-02 | Regularization Loss: 3.124e-39 | Val Loss: 1.399e-01 | Active Proj %: 0.03 | Time: 10.81s
2025-08-20 20:59:56,350:INFO:Epoch: 38550/40000 | Train Loss: 6.223e-02 | Dynamic Loss: 6.223e-02 | Regularization Loss: 3.123e-39 | Val Loss: 1.349e-01 | Active Proj %: 0.03 | Time: 8.95s
2025-08-20 21:00:05,447:INFO:Epoch: 38600/40000 | Train Loss: 5.723e-02 | Dynamic Loss: 5.723e-02 | Regularization Loss: 3.122e-39 | Val Loss: 1.253e-01 | Active Proj %: 0.03 | Time: 8.98s
2025-08-20 21:00:14,491:INFO:Epoch: 38650/40000 | Train Loss: 5.512e-02 | Dynamic Loss: 5.512e-02 | Regularization Loss: 3.121e-39 | Val Loss: 1.205e-01 | Active Proj %: 0.02 | Time: 8.93s
2025-08-20 21:00:23,716:INFO:Epoch: 38700/40000 | Train Loss: 7.895e-02 | Dynamic Loss: 7.895e-02 | Regularization Loss: 3.120e-39 | Val Loss: 1.313e-01 | Active Proj %: 0.07 | Time: 9.11s
2025-08-20 21:00:39,037:INFO:Epoch: 38750/40000 | Train Loss: 4.571e-02 | Dynamic Loss: 4.571e-02 | Regularization Loss: 3.119e-39 | Val Loss: 1.131e-01 | Active Proj %: 0.02 | Time: 15.21s
2025-08-20 21:00:48,168:INFO:Epoch: 38800/40000 | Train Loss: 5.123e-02 | Dynamic Loss: 5.123e-02 | Regularization Loss: 3.118e-39 | Val Loss: 1.211e-01 | Active Proj %: 0.02 | Time: 9.02s
2025-08-20 21:00:57,213:INFO:Epoch: 38850/40000 | Train Loss: 5.819e-02 | Dynamic Loss: 5.819e-02 | Regularization Loss: 3.118e-39 | Val Loss: 1.092e-01 | Active Proj %: 0.03 | Time: 8.93s
2025-08-20 21:01:06,391:INFO:Epoch: 38900/40000 | Train Loss: 4.465e-02 | Dynamic Loss: 4.465e-02 | Regularization Loss: 3.117e-39 | Val Loss: 1.095e-01 | Active Proj %: 0.02 | Time: 9.06s
2025-08-20 21:01:15,492:INFO:Epoch: 38950/40000 | Train Loss: 4.108e-02 | Dynamic Loss: 4.108e-02 | Regularization Loss: 3.116e-39 | Val Loss: 1.055e-01 | Active Proj %: 0.02 | Time: 8.99s
2025-08-20 21:01:24,609:INFO:Epoch: 39000/40000 | Train Loss: 4.187e-02 | Dynamic Loss: 4.187e-02 | Regularization Loss: 3.115e-39 | Val Loss: 1.051e-01 | Active Proj %: 0.02 | Time: 9.00s
2025-08-20 21:01:37,288:INFO:Epoch: 39050/40000 | Train Loss: 4.038e-02 | Dynamic Loss: 4.038e-02 | Regularization Loss: 3.114e-39 | Val Loss: 1.043e-01 | Active Proj %: 0.02 | Time: 12.56s
2025-08-20 21:01:46,449:INFO:Epoch: 39100/40000 | Train Loss: 2.672e-01 | Dynamic Loss: 2.672e-01 | Regularization Loss: 3.059e-39 | Val Loss: 3.224e-01 | Active Proj %: 0.08 | Time: 9.05s
2025-08-20 21:01:55,572:INFO:Epoch: 39150/40000 | Train Loss: 3.613e-02 | Dynamic Loss: 3.613e-02 | Regularization Loss: 3.019e-39 | Val Loss: 9.376e-02 | Active Proj %: 0.02 | Time: 9.01s
2025-08-20 21:02:12,539:INFO:Epoch: 39200/40000 | Train Loss: 3.257e-02 | Dynamic Loss: 3.257e-02 | Regularization Loss: 3.018e-39 | Val Loss: 8.963e-02 | Active Proj %: 0.02 | Time: 16.85s
2025-08-20 21:02:21,862:INFO:Epoch: 39250/40000 | Train Loss: 3.220e-02 | Dynamic Loss: 3.220e-02 | Regularization Loss: 3.016e-39 | Val Loss: 9.020e-02 | Active Proj %: 0.02 | Time: 9.21s
2025-08-20 21:02:31,094:INFO:Epoch: 39300/40000 | Train Loss: 3.073e-02 | Dynamic Loss: 3.073e-02 | Regularization Loss: 3.015e-39 | Val Loss: 8.878e-02 | Active Proj %: 0.02 | Time: 9.12s
2025-08-20 21:02:40,554:INFO:Epoch: 39350/40000 | Train Loss: 3.163e-02 | Dynamic Loss: 3.163e-02 | Regularization Loss: 3.013e-39 | Val Loss: 8.762e-02 | Active Proj %: 0.02 | Time: 9.34s
2025-08-20 21:02:49,708:INFO:Epoch: 39400/40000 | Train Loss: 3.374e-02 | Dynamic Loss: 3.374e-02 | Regularization Loss: 3.012e-39 | Val Loss: 9.261e-02 | Active Proj %: 0.02 | Time: 9.04s
2025-08-20 21:02:59,045:INFO:Epoch: 39450/40000 | Train Loss: 3.127e-02 | Dynamic Loss: 3.127e-02 | Regularization Loss: 3.010e-39 | Val Loss: 9.030e-02 | Active Proj %: 0.03 | Time: 9.22s
2025-08-20 21:03:08,201:INFO:Epoch: 39500/40000 | Train Loss: 3.307e-02 | Dynamic Loss: 3.307e-02 | Regularization Loss: 3.010e-39 | Val Loss: 9.165e-02 | Active Proj %: 0.02 | Time: 9.04s
2025-08-20 21:03:17,303:INFO:Epoch: 39550/40000 | Train Loss: 2.823e-02 | Dynamic Loss: 2.823e-02 | Regularization Loss: 3.010e-39 | Val Loss: 8.553e-02 | Active Proj %: 0.00 | Time: 8.99s
2025-08-20 21:03:26,515:INFO:Epoch: 39600/40000 | Train Loss: 2.784e-02 | Dynamic Loss: 2.784e-02 | Regularization Loss: 3.010e-39 | Val Loss: 8.625e-02 | Active Proj %: 0.00 | Time: 9.10s
2025-08-20 21:03:35,690:INFO:Epoch: 39650/40000 | Train Loss: 2.914e-02 | Dynamic Loss: 2.914e-02 | Regularization Loss: 3.010e-39 | Val Loss: 8.307e-02 | Active Proj %: 0.00 | Time: 9.06s
2025-08-20 21:03:44,826:INFO:Epoch: 39700/40000 | Train Loss: 3.397e-02 | Dynamic Loss: 3.397e-02 | Regularization Loss: 3.010e-39 | Val Loss: 9.169e-02 | Active Proj %: 0.00 | Time: 9.02s
2025-08-20 21:03:57,692:INFO:Epoch: 39750/40000 | Train Loss: 2.533e-02 | Dynamic Loss: 2.533e-02 | Regularization Loss: 3.010e-39 | Val Loss: 8.082e-02 | Active Proj %: 0.00 | Time: 12.75s
2025-08-20 21:04:06,880:INFO:Epoch: 39800/40000 | Train Loss: 2.549e-02 | Dynamic Loss: 2.549e-02 | Regularization Loss: 3.010e-39 | Val Loss: 8.204e-02 | Active Proj %: 0.00 | Time: 9.07s
2025-08-20 21:04:16,005:INFO:Epoch: 39850/40000 | Train Loss: 2.860e-02 | Dynamic Loss: 2.860e-02 | Regularization Loss: 3.009e-39 | Val Loss: 8.414e-02 | Active Proj %: 0.00 | Time: 9.01s
2025-08-20 21:04:31,511:INFO:Epoch: 39900/40000 | Train Loss: 2.623e-02 | Dynamic Loss: 2.623e-02 | Regularization Loss: 3.009e-39 | Val Loss: 8.084e-02 | Active Proj %: 0.00 | Time: 15.39s
2025-08-20 21:04:40,635:INFO:Epoch: 39950/40000 | Train Loss: 2.610e-02 | Dynamic Loss: 2.610e-02 | Regularization Loss: 3.010e-39 | Val Loss: 8.228e-02 | Active Proj %: 0.02 | Time: 9.01s
2025-08-20 21:04:49,720:INFO:Epoch: 40000/40000 | Train Loss: 2.850e-02 | Dynamic Loss: 2.850e-02 | Regularization Loss: 3.010e-39 | Val Loss: 8.524e-02 | Active Proj %: 0.03 | Time: 8.97s
