2025-08-21 02:07:57,350:INFO:Created DataLoaders with 1194 training samples and 398 validation samples.
2025-08-21 02:07:57,956:INFO:model params: 2512001
2025-08-21 02:07:57,956:INFO:removing projection layer after initialization
2025-08-21 02:07:58,919:INFO:Epoch: 0/40000 | Train Loss: 2.898e+00 | Dynamic Loss: 2.898e+00 | Regularization Loss: 0.000e+00 | Val Loss: 2.723e+00 | Time: 0.85s
2025-08-21 02:07:58,919:INFO:New best model found at epoch 0 with validation loss 2.723e+00. Saving...
2025-08-21 02:08:03,662:INFO:Epoch: 50/40000 | Train Loss: 1.881e+00 | Dynamic Loss: 1.881e+00 | Regularization Loss: 0.000e+00 | Val Loss: 1.926e+00 | Time: 4.56s
2025-08-21 02:08:03,662:INFO:New best model found at epoch 50 with validation loss 1.926e+00. Saving...
2025-08-21 02:08:08,453:INFO:Epoch: 100/40000 | Train Loss: 1.823e+00 | Dynamic Loss: 1.823e+00 | Regularization Loss: 0.000e+00 | Val Loss: 1.822e+00 | Time: 4.66s
2025-08-21 02:08:08,454:INFO:New best model found at epoch 100 with validation loss 1.822e+00. Saving...
2025-08-21 02:08:13,295:INFO:Epoch: 150/40000 | Train Loss: 1.764e+00 | Dynamic Loss: 1.764e+00 | Regularization Loss: 0.000e+00 | Val Loss: 1.771e+00 | Time: 4.71s
2025-08-21 02:08:13,295:INFO:New best model found at epoch 150 with validation loss 1.771e+00. Saving...
2025-08-21 02:08:18,101:INFO:Epoch: 200/40000 | Train Loss: 1.711e+00 | Dynamic Loss: 1.711e+00 | Regularization Loss: 0.000e+00 | Val Loss: 1.732e+00 | Time: 4.67s
2025-08-21 02:08:18,101:INFO:New best model found at epoch 200 with validation loss 1.732e+00. Saving...
2025-08-21 02:08:22,995:INFO:Epoch: 250/40000 | Train Loss: 1.656e+00 | Dynamic Loss: 1.656e+00 | Regularization Loss: 0.000e+00 | Val Loss: 1.718e+00 | Time: 4.77s
2025-08-21 02:08:22,996:INFO:New best model found at epoch 250 with validation loss 1.718e+00. Saving...
2025-08-21 02:08:27,832:INFO:Epoch: 300/40000 | Train Loss: 1.645e+00 | Dynamic Loss: 1.645e+00 | Regularization Loss: 0.000e+00 | Val Loss: 1.701e+00 | Time: 4.71s
2025-08-21 02:08:27,832:INFO:New best model found at epoch 300 with validation loss 1.701e+00. Saving...
2025-08-21 02:08:32,787:INFO:Epoch: 350/40000 | Train Loss: 1.636e+00 | Dynamic Loss: 1.636e+00 | Regularization Loss: 0.000e+00 | Val Loss: 1.699e+00 | Time: 4.83s
2025-08-21 02:08:32,787:INFO:New best model found at epoch 350 with validation loss 1.699e+00. Saving...
2025-08-21 02:08:37,729:INFO:Epoch: 400/40000 | Train Loss: 1.616e+00 | Dynamic Loss: 1.616e+00 | Regularization Loss: 0.000e+00 | Val Loss: 1.670e+00 | Time: 4.81s
2025-08-21 02:08:37,729:INFO:New best model found at epoch 400 with validation loss 1.670e+00. Saving...
2025-08-21 02:08:42,622:INFO:Epoch: 450/40000 | Train Loss: 1.604e+00 | Dynamic Loss: 1.604e+00 | Regularization Loss: 0.000e+00 | Val Loss: 1.656e+00 | Time: 4.77s
2025-08-21 02:08:42,622:INFO:New best model found at epoch 450 with validation loss 1.656e+00. Saving...
2025-08-21 02:08:47,509:INFO:Epoch: 500/40000 | Train Loss: 1.597e+00 | Dynamic Loss: 1.597e+00 | Regularization Loss: 0.000e+00 | Val Loss: 1.650e+00 | Time: 4.77s
2025-08-21 02:08:47,509:INFO:New best model found at epoch 500 with validation loss 1.650e+00. Saving...
2025-08-21 02:08:52,681:INFO:Epoch: 550/40000 | Train Loss: 1.582e+00 | Dynamic Loss: 1.582e+00 | Regularization Loss: 0.000e+00 | Val Loss: 1.641e+00 | Time: 4.93s
2025-08-21 02:08:52,681:INFO:New best model found at epoch 550 with validation loss 1.641e+00. Saving...
2025-08-21 02:08:57,682:INFO:Epoch: 600/40000 | Train Loss: 1.573e+00 | Dynamic Loss: 1.573e+00 | Regularization Loss: 0.000e+00 | Val Loss: 1.634e+00 | Time: 4.88s
2025-08-21 02:08:57,683:INFO:New best model found at epoch 600 with validation loss 1.634e+00. Saving...
2025-08-21 02:09:02,716:INFO:Epoch: 650/40000 | Train Loss: 1.591e+00 | Dynamic Loss: 1.591e+00 | Regularization Loss: 0.000e+00 | Val Loss: 1.633e+00 | Time: 4.91s
2025-08-21 02:09:02,716:INFO:New best model found at epoch 650 with validation loss 1.633e+00. Saving...
2025-08-21 02:09:07,746:INFO:Epoch: 700/40000 | Train Loss: 1.551e+00 | Dynamic Loss: 1.551e+00 | Regularization Loss: 0.000e+00 | Val Loss: 1.616e+00 | Time: 4.90s
2025-08-21 02:09:07,746:INFO:New best model found at epoch 700 with validation loss 1.616e+00. Saving...
2025-08-21 02:09:12,716:INFO:Epoch: 750/40000 | Train Loss: 1.534e+00 | Dynamic Loss: 1.534e+00 | Regularization Loss: 0.000e+00 | Val Loss: 1.605e+00 | Time: 4.84s
2025-08-21 02:09:12,716:INFO:New best model found at epoch 750 with validation loss 1.605e+00. Saving...
2025-08-21 02:09:18,678:INFO:Epoch: 800/40000 | Train Loss: 1.523e+00 | Dynamic Loss: 1.523e+00 | Regularization Loss: 0.000e+00 | Val Loss: 1.585e+00 | Time: 5.83s
2025-08-21 02:09:18,678:INFO:New best model found at epoch 800 with validation loss 1.585e+00. Saving...
2025-08-21 02:09:23,766:INFO:Epoch: 850/40000 | Train Loss: 1.537e+00 | Dynamic Loss: 1.537e+00 | Regularization Loss: 0.000e+00 | Val Loss: 1.568e+00 | Time: 4.97s
2025-08-21 02:09:23,766:INFO:New best model found at epoch 850 with validation loss 1.568e+00. Saving...
2025-08-21 02:09:28,799:INFO:Epoch: 900/40000 | Train Loss: 1.490e+00 | Dynamic Loss: 1.490e+00 | Regularization Loss: 0.000e+00 | Val Loss: 1.551e+00 | Time: 4.91s
2025-08-21 02:09:28,799:INFO:New best model found at epoch 900 with validation loss 1.551e+00. Saving...
2025-08-21 02:09:33,738:INFO:Epoch: 950/40000 | Train Loss: 1.481e+00 | Dynamic Loss: 1.481e+00 | Regularization Loss: 0.000e+00 | Val Loss: 1.543e+00 | Time: 4.80s
2025-08-21 02:09:33,739:INFO:New best model found at epoch 950 with validation loss 1.543e+00. Saving...
2025-08-21 02:09:38,979:INFO:Epoch: 1000/40000 | Train Loss: 1.475e+00 | Dynamic Loss: 1.475e+00 | Regularization Loss: 0.000e+00 | Val Loss: 1.546e+00 | Time: 5.11s
2025-08-21 02:09:44,126:INFO:Epoch: 1050/40000 | Train Loss: 1.449e+00 | Dynamic Loss: 1.449e+00 | Regularization Loss: 0.000e+00 | Val Loss: 1.513e+00 | Time: 5.05s
2025-08-21 02:09:44,126:INFO:New best model found at epoch 1050 with validation loss 1.513e+00. Saving...
2025-08-21 02:09:49,150:INFO:Epoch: 1100/40000 | Train Loss: 1.442e+00 | Dynamic Loss: 1.442e+00 | Regularization Loss: 0.000e+00 | Val Loss: 1.507e+00 | Time: 4.89s
2025-08-21 02:09:49,150:INFO:New best model found at epoch 1100 with validation loss 1.507e+00. Saving...
2025-08-21 02:09:54,257:INFO:Epoch: 1150/40000 | Train Loss: 1.418e+00 | Dynamic Loss: 1.418e+00 | Regularization Loss: 0.000e+00 | Val Loss: 1.500e+00 | Time: 4.98s
2025-08-21 02:09:54,258:INFO:New best model found at epoch 1150 with validation loss 1.500e+00. Saving...
2025-08-21 02:09:59,351:INFO:Epoch: 1200/40000 | Train Loss: 1.396e+00 | Dynamic Loss: 1.396e+00 | Regularization Loss: 0.000e+00 | Val Loss: 1.464e+00 | Time: 4.97s
2025-08-21 02:09:59,351:INFO:New best model found at epoch 1200 with validation loss 1.464e+00. Saving...
2025-08-21 02:10:04,452:INFO:Epoch: 1250/40000 | Train Loss: 1.591e+00 | Dynamic Loss: 1.591e+00 | Regularization Loss: 0.000e+00 | Val Loss: 1.582e+00 | Time: 4.97s
2025-08-21 02:10:09,439:INFO:Epoch: 1300/40000 | Train Loss: 1.357e+00 | Dynamic Loss: 1.357e+00 | Regularization Loss: 0.000e+00 | Val Loss: 1.423e+00 | Time: 4.88s
2025-08-21 02:10:09,439:INFO:New best model found at epoch 1300 with validation loss 1.423e+00. Saving...
2025-08-21 02:10:14,464:INFO:Epoch: 1350/40000 | Train Loss: 1.374e+00 | Dynamic Loss: 1.374e+00 | Regularization Loss: 0.000e+00 | Val Loss: 1.447e+00 | Time: 4.90s
2025-08-21 02:10:19,627:INFO:Epoch: 1400/40000 | Train Loss: 1.310e+00 | Dynamic Loss: 1.310e+00 | Regularization Loss: 0.000e+00 | Val Loss: 1.383e+00 | Time: 5.05s
2025-08-21 02:10:19,627:INFO:New best model found at epoch 1400 with validation loss 1.383e+00. Saving...
2025-08-21 02:10:24,632:INFO:Epoch: 1450/40000 | Train Loss: 1.307e+00 | Dynamic Loss: 1.307e+00 | Regularization Loss: 0.000e+00 | Val Loss: 1.383e+00 | Time: 4.88s
2025-08-21 02:10:24,632:INFO:New best model found at epoch 1450 with validation loss 1.383e+00. Saving...
2025-08-21 02:10:29,756:INFO:Epoch: 1500/40000 | Train Loss: 1.302e+00 | Dynamic Loss: 1.302e+00 | Regularization Loss: 0.000e+00 | Val Loss: 1.375e+00 | Time: 4.99s
2025-08-21 02:10:29,757:INFO:New best model found at epoch 1500 with validation loss 1.375e+00. Saving...
2025-08-21 02:10:34,702:INFO:Epoch: 1550/40000 | Train Loss: 1.244e+00 | Dynamic Loss: 1.244e+00 | Regularization Loss: 0.000e+00 | Val Loss: 1.321e+00 | Time: 4.82s
2025-08-21 02:10:34,702:INFO:New best model found at epoch 1550 with validation loss 1.321e+00. Saving...
2025-08-21 02:10:39,894:INFO:Epoch: 1600/40000 | Train Loss: 1.231e+00 | Dynamic Loss: 1.231e+00 | Regularization Loss: 0.000e+00 | Val Loss: 1.310e+00 | Time: 5.06s
2025-08-21 02:10:39,894:INFO:New best model found at epoch 1600 with validation loss 1.310e+00. Saving...
2025-08-21 02:10:44,873:INFO:Epoch: 1650/40000 | Train Loss: 1.282e+00 | Dynamic Loss: 1.282e+00 | Regularization Loss: 0.000e+00 | Val Loss: 1.376e+00 | Time: 4.86s
2025-08-21 02:10:49,951:INFO:Epoch: 1700/40000 | Train Loss: 1.193e+00 | Dynamic Loss: 1.193e+00 | Regularization Loss: 0.000e+00 | Val Loss: 1.276e+00 | Time: 4.97s
2025-08-21 02:10:49,951:INFO:New best model found at epoch 1700 with validation loss 1.276e+00. Saving...
2025-08-21 02:10:54,908:INFO:Epoch: 1750/40000 | Train Loss: 1.217e+00 | Dynamic Loss: 1.217e+00 | Regularization Loss: 0.000e+00 | Val Loss: 1.277e+00 | Time: 4.83s
2025-08-21 02:11:00,017:INFO:Epoch: 1800/40000 | Train Loss: 1.137e+00 | Dynamic Loss: 1.137e+00 | Regularization Loss: 0.000e+00 | Val Loss: 1.223e+00 | Time: 5.00s
2025-08-21 02:11:00,017:INFO:New best model found at epoch 1800 with validation loss 1.223e+00. Saving...
2025-08-21 02:11:05,190:INFO:Epoch: 1850/40000 | Train Loss: 1.114e+00 | Dynamic Loss: 1.114e+00 | Regularization Loss: 0.000e+00 | Val Loss: 1.200e+00 | Time: 5.04s
2025-08-21 02:11:05,190:INFO:New best model found at epoch 1850 with validation loss 1.200e+00. Saving...
2025-08-21 02:11:10,248:INFO:Epoch: 1900/40000 | Train Loss: 1.121e+00 | Dynamic Loss: 1.121e+00 | Regularization Loss: 0.000e+00 | Val Loss: 1.212e+00 | Time: 4.93s
2025-08-21 02:11:15,266:INFO:Epoch: 1950/40000 | Train Loss: 1.127e+00 | Dynamic Loss: 1.127e+00 | Regularization Loss: 0.000e+00 | Val Loss: 1.241e+00 | Time: 4.90s
2025-08-21 02:11:20,430:INFO:Epoch: 2000/40000 | Train Loss: 1.177e+00 | Dynamic Loss: 1.177e+00 | Regularization Loss: 0.000e+00 | Val Loss: 1.172e+00 | Time: 5.05s
2025-08-21 02:11:20,431:INFO:New best model found at epoch 2000 with validation loss 1.172e+00. Saving...
2025-08-21 02:11:25,582:INFO:Epoch: 2050/40000 | Train Loss: 1.140e+00 | Dynamic Loss: 1.140e+00 | Regularization Loss: 0.000e+00 | Val Loss: 1.269e+00 | Time: 5.03s
2025-08-21 02:11:30,632:INFO:Epoch: 2100/40000 | Train Loss: 1.011e+00 | Dynamic Loss: 1.011e+00 | Regularization Loss: 0.000e+00 | Val Loss: 1.112e+00 | Time: 4.95s
2025-08-21 02:11:30,632:INFO:New best model found at epoch 2100 with validation loss 1.112e+00. Saving...
2025-08-21 02:11:35,684:INFO:Epoch: 2150/40000 | Train Loss: 1.083e+00 | Dynamic Loss: 1.083e+00 | Regularization Loss: 0.000e+00 | Val Loss: 1.202e+00 | Time: 4.93s
2025-08-21 02:11:40,706:INFO:Epoch: 2200/40000 | Train Loss: 9.643e-01 | Dynamic Loss: 9.643e-01 | Regularization Loss: 0.000e+00 | Val Loss: 1.074e+00 | Time: 4.92s
2025-08-21 02:11:40,706:INFO:New best model found at epoch 2200 with validation loss 1.074e+00. Saving...
2025-08-21 02:11:53,482:INFO:Epoch: 2250/40000 | Train Loss: 9.699e-01 | Dynamic Loss: 9.699e-01 | Regularization Loss: 0.000e+00 | Val Loss: 1.073e+00 | Time: 12.65s
2025-08-21 02:11:53,482:INFO:New best model found at epoch 2250 with validation loss 1.073e+00. Saving...
2025-08-21 02:11:58,538:INFO:Epoch: 2300/40000 | Train Loss: 9.698e-01 | Dynamic Loss: 9.698e-01 | Regularization Loss: 0.000e+00 | Val Loss: 1.079e+00 | Time: 4.93s
2025-08-21 02:12:03,643:INFO:Epoch: 2350/40000 | Train Loss: 1.023e+00 | Dynamic Loss: 1.023e+00 | Regularization Loss: 0.000e+00 | Val Loss: 1.134e+00 | Time: 5.00s
2025-08-21 02:12:08,680:INFO:Epoch: 2400/40000 | Train Loss: 9.123e-01 | Dynamic Loss: 9.123e-01 | Regularization Loss: 0.000e+00 | Val Loss: 1.025e+00 | Time: 4.93s
2025-08-21 02:12:08,680:INFO:New best model found at epoch 2400 with validation loss 1.025e+00. Saving...
2025-08-21 02:12:13,878:INFO:Epoch: 2450/40000 | Train Loss: 9.473e-01 | Dynamic Loss: 9.473e-01 | Regularization Loss: 0.000e+00 | Val Loss: 1.330e+00 | Time: 5.07s
2025-08-21 02:12:18,955:INFO:Epoch: 2500/40000 | Train Loss: 8.865e-01 | Dynamic Loss: 8.865e-01 | Regularization Loss: 0.000e+00 | Val Loss: 1.001e+00 | Time: 4.97s
2025-08-21 02:12:18,955:INFO:New best model found at epoch 2500 with validation loss 1.001e+00. Saving...
2025-08-21 02:12:24,027:INFO:Epoch: 2550/40000 | Train Loss: 9.358e-01 | Dynamic Loss: 9.358e-01 | Regularization Loss: 0.000e+00 | Val Loss: 1.008e+00 | Time: 4.95s
2025-08-21 02:12:29,067:INFO:Epoch: 2600/40000 | Train Loss: 9.909e-01 | Dynamic Loss: 9.909e-01 | Regularization Loss: 0.000e+00 | Val Loss: 1.064e+00 | Time: 4.93s
2025-08-21 02:12:34,096:INFO:Epoch: 2650/40000 | Train Loss: 8.335e-01 | Dynamic Loss: 8.335e-01 | Regularization Loss: 0.000e+00 | Val Loss: 9.534e-01 | Time: 4.93s
2025-08-21 02:12:34,096:INFO:New best model found at epoch 2650 with validation loss 9.534e-01. Saving...
2025-08-21 02:12:39,249:INFO:Epoch: 2700/40000 | Train Loss: 8.760e-01 | Dynamic Loss: 8.760e-01 | Regularization Loss: 0.000e+00 | Val Loss: 1.020e+00 | Time: 5.03s
2025-08-21 02:12:44,217:INFO:Epoch: 2750/40000 | Train Loss: 8.072e-01 | Dynamic Loss: 8.072e-01 | Regularization Loss: 0.000e+00 | Val Loss: 9.278e-01 | Time: 4.87s
2025-08-21 02:12:44,217:INFO:New best model found at epoch 2750 with validation loss 9.278e-01. Saving...
2025-08-21 02:12:49,755:INFO:Epoch: 2800/40000 | Train Loss: 7.978e-01 | Dynamic Loss: 7.978e-01 | Regularization Loss: 0.000e+00 | Val Loss: 9.171e-01 | Time: 5.42s
2025-08-21 02:12:49,755:INFO:New best model found at epoch 2800 with validation loss 9.171e-01. Saving...
2025-08-21 02:13:00,084:INFO:Epoch: 2850/40000 | Train Loss: 8.054e-01 | Dynamic Loss: 8.054e-01 | Regularization Loss: 0.000e+00 | Val Loss: 9.295e-01 | Time: 10.21s
2025-08-21 02:13:05,134:INFO:Epoch: 2900/40000 | Train Loss: 9.408e-01 | Dynamic Loss: 9.408e-01 | Regularization Loss: 0.000e+00 | Val Loss: 1.209e+00 | Time: 4.95s
2025-08-21 02:13:10,300:INFO:Epoch: 2950/40000 | Train Loss: 1.112e+00 | Dynamic Loss: 1.112e+00 | Regularization Loss: 0.000e+00 | Val Loss: 1.220e+00 | Time: 5.06s
2025-08-21 02:13:15,266:INFO:Epoch: 3000/40000 | Train Loss: 8.319e-01 | Dynamic Loss: 8.319e-01 | Regularization Loss: 0.000e+00 | Val Loss: 9.535e-01 | Time: 4.86s
2025-08-21 02:13:20,438:INFO:Epoch: 3050/40000 | Train Loss: 7.797e-01 | Dynamic Loss: 7.797e-01 | Regularization Loss: 0.000e+00 | Val Loss: 9.069e-01 | Time: 5.07s
2025-08-21 02:13:20,439:INFO:New best model found at epoch 3050 with validation loss 9.069e-01. Saving...
2025-08-21 02:13:25,499:INFO:Epoch: 3100/40000 | Train Loss: 7.540e-01 | Dynamic Loss: 7.540e-01 | Regularization Loss: 0.000e+00 | Val Loss: 8.805e-01 | Time: 4.93s
2025-08-21 02:13:25,499:INFO:New best model found at epoch 3100 with validation loss 8.805e-01. Saving...
2025-08-21 02:13:30,643:INFO:Epoch: 3150/40000 | Train Loss: 8.231e-01 | Dynamic Loss: 8.231e-01 | Regularization Loss: 0.000e+00 | Val Loss: 9.533e-01 | Time: 5.02s
2025-08-21 02:13:35,643:INFO:Epoch: 3200/40000 | Train Loss: 7.340e-01 | Dynamic Loss: 7.340e-01 | Regularization Loss: 0.000e+00 | Val Loss: 8.607e-01 | Time: 4.90s
2025-08-21 02:13:35,643:INFO:New best model found at epoch 3200 with validation loss 8.607e-01. Saving...
2025-08-21 02:13:40,835:INFO:Epoch: 3250/40000 | Train Loss: 7.123e-01 | Dynamic Loss: 7.123e-01 | Regularization Loss: 0.000e+00 | Val Loss: 8.391e-01 | Time: 5.06s
2025-08-21 02:13:40,835:INFO:New best model found at epoch 3250 with validation loss 8.391e-01. Saving...
2025-08-21 02:13:46,074:INFO:Epoch: 3300/40000 | Train Loss: 7.288e-01 | Dynamic Loss: 7.288e-01 | Regularization Loss: 0.000e+00 | Val Loss: 8.677e-01 | Time: 5.11s
2025-08-21 02:13:51,161:INFO:Epoch: 3350/40000 | Train Loss: 6.916e-01 | Dynamic Loss: 6.916e-01 | Regularization Loss: 0.000e+00 | Val Loss: 8.225e-01 | Time: 4.98s
2025-08-21 02:13:51,161:INFO:New best model found at epoch 3350 with validation loss 8.225e-01. Saving...
2025-08-21 02:13:56,355:INFO:Epoch: 3400/40000 | Train Loss: 6.881e-01 | Dynamic Loss: 6.881e-01 | Regularization Loss: 0.000e+00 | Val Loss: 8.169e-01 | Time: 5.06s
2025-08-21 02:13:56,355:INFO:New best model found at epoch 3400 with validation loss 8.169e-01. Saving...
2025-08-21 02:14:01,600:INFO:Epoch: 3450/40000 | Train Loss: 6.781e-01 | Dynamic Loss: 6.781e-01 | Regularization Loss: 0.000e+00 | Val Loss: 8.060e-01 | Time: 5.11s
2025-08-21 02:14:01,601:INFO:New best model found at epoch 3450 with validation loss 8.060e-01. Saving...
2025-08-21 02:14:06,628:INFO:Epoch: 3500/40000 | Train Loss: 6.933e-01 | Dynamic Loss: 6.933e-01 | Regularization Loss: 0.000e+00 | Val Loss: 8.368e-01 | Time: 4.90s
2025-08-21 02:14:11,729:INFO:Epoch: 3550/40000 | Train Loss: 6.845e-01 | Dynamic Loss: 6.845e-01 | Regularization Loss: 0.000e+00 | Val Loss: 8.362e-01 | Time: 4.99s
2025-08-21 02:14:16,738:INFO:Epoch: 3600/40000 | Train Loss: 6.437e-01 | Dynamic Loss: 6.437e-01 | Regularization Loss: 0.000e+00 | Val Loss: 7.756e-01 | Time: 4.90s
2025-08-21 02:14:16,738:INFO:New best model found at epoch 3600 with validation loss 7.756e-01. Saving...
2025-08-21 02:14:21,854:INFO:Epoch: 3650/40000 | Train Loss: 6.613e-01 | Dynamic Loss: 6.613e-01 | Regularization Loss: 0.000e+00 | Val Loss: 7.996e-01 | Time: 4.99s
2025-08-21 02:14:26,809:INFO:Epoch: 3700/40000 | Train Loss: 6.653e-01 | Dynamic Loss: 6.653e-01 | Regularization Loss: 0.000e+00 | Val Loss: 8.057e-01 | Time: 4.85s
2025-08-21 02:14:32,283:INFO:Epoch: 3750/40000 | Train Loss: 1.061e+00 | Dynamic Loss: 1.061e+00 | Regularization Loss: 0.000e+00 | Val Loss: 1.223e+00 | Time: 5.37s
2025-08-21 02:14:37,372:INFO:Epoch: 3800/40000 | Train Loss: 6.127e-01 | Dynamic Loss: 6.127e-01 | Regularization Loss: 0.000e+00 | Val Loss: 7.505e-01 | Time: 4.98s
2025-08-21 02:14:37,372:INFO:New best model found at epoch 3800 with validation loss 7.505e-01. Saving...
2025-08-21 02:14:42,528:INFO:Epoch: 3850/40000 | Train Loss: 6.088e-01 | Dynamic Loss: 6.088e-01 | Regularization Loss: 0.000e+00 | Val Loss: 7.454e-01 | Time: 5.02s
2025-08-21 02:14:42,528:INFO:New best model found at epoch 3850 with validation loss 7.454e-01. Saving...
2025-08-21 02:14:47,690:INFO:Epoch: 3900/40000 | Train Loss: 6.099e-01 | Dynamic Loss: 6.099e-01 | Regularization Loss: 0.000e+00 | Val Loss: 7.450e-01 | Time: 5.03s
2025-08-21 02:14:47,690:INFO:New best model found at epoch 3900 with validation loss 7.450e-01. Saving...
2025-08-21 02:14:52,774:INFO:Epoch: 3950/40000 | Train Loss: 6.881e-01 | Dynamic Loss: 6.881e-01 | Regularization Loss: 0.000e+00 | Val Loss: 8.426e-01 | Time: 4.96s
2025-08-21 02:14:57,999:INFO:Epoch: 4000/40000 | Train Loss: 5.829e-01 | Dynamic Loss: 5.829e-01 | Regularization Loss: 0.000e+00 | Val Loss: 7.206e-01 | Time: 5.11s
2025-08-21 02:14:58,000:INFO:New best model found at epoch 4000 with validation loss 7.206e-01. Saving...
2025-08-21 02:15:03,229:INFO:Epoch: 4050/40000 | Train Loss: 5.778e-01 | Dynamic Loss: 5.778e-01 | Regularization Loss: 0.000e+00 | Val Loss: 7.150e-01 | Time: 5.10s
2025-08-21 02:15:03,229:INFO:New best model found at epoch 4050 with validation loss 7.150e-01. Saving...
2025-08-21 02:15:08,398:INFO:Epoch: 4100/40000 | Train Loss: 5.690e-01 | Dynamic Loss: 5.690e-01 | Regularization Loss: 0.000e+00 | Val Loss: 7.054e-01 | Time: 5.05s
2025-08-21 02:15:08,398:INFO:New best model found at epoch 4100 with validation loss 7.054e-01. Saving...
2025-08-21 02:15:13,447:INFO:Epoch: 4150/40000 | Train Loss: 5.629e-01 | Dynamic Loss: 5.629e-01 | Regularization Loss: 0.000e+00 | Val Loss: 6.930e-01 | Time: 4.93s
2025-08-21 02:15:13,447:INFO:New best model found at epoch 4150 with validation loss 6.930e-01. Saving...
2025-08-21 02:15:18,490:INFO:Epoch: 4200/40000 | Train Loss: 5.545e-01 | Dynamic Loss: 5.545e-01 | Regularization Loss: 0.000e+00 | Val Loss: 6.891e-01 | Time: 4.92s
2025-08-21 02:15:18,490:INFO:New best model found at epoch 4200 with validation loss 6.891e-01. Saving...
2025-08-21 02:15:23,679:INFO:Epoch: 4250/40000 | Train Loss: 6.444e-01 | Dynamic Loss: 6.444e-01 | Regularization Loss: 0.000e+00 | Val Loss: 7.550e-01 | Time: 5.07s
2025-08-21 02:15:28,738:INFO:Epoch: 4300/40000 | Train Loss: 5.384e-01 | Dynamic Loss: 5.384e-01 | Regularization Loss: 0.000e+00 | Val Loss: 6.686e-01 | Time: 4.96s
2025-08-21 02:15:28,739:INFO:New best model found at epoch 4300 with validation loss 6.686e-01. Saving...
2025-08-21 02:15:33,738:INFO:Epoch: 4350/40000 | Train Loss: 5.406e-01 | Dynamic Loss: 5.406e-01 | Regularization Loss: 0.000e+00 | Val Loss: 6.780e-01 | Time: 4.88s
2025-08-21 02:15:38,815:INFO:Epoch: 4400/40000 | Train Loss: 6.422e-01 | Dynamic Loss: 6.422e-01 | Regularization Loss: 0.000e+00 | Val Loss: 7.713e-01 | Time: 4.98s
2025-08-21 02:15:43,987:INFO:Epoch: 4450/40000 | Train Loss: 5.185e-01 | Dynamic Loss: 5.185e-01 | Regularization Loss: 0.000e+00 | Val Loss: 6.504e-01 | Time: 5.07s
2025-08-21 02:15:43,987:INFO:New best model found at epoch 4450 with validation loss 6.504e-01. Saving...
2025-08-21 02:15:49,257:INFO:Epoch: 4500/40000 | Train Loss: 6.595e-01 | Dynamic Loss: 6.595e-01 | Regularization Loss: 0.000e+00 | Val Loss: 7.956e-01 | Time: 5.15s
2025-08-21 02:15:54,394:INFO:Epoch: 4550/40000 | Train Loss: 5.153e-01 | Dynamic Loss: 5.153e-01 | Regularization Loss: 0.000e+00 | Val Loss: 6.487e-01 | Time: 5.03s
2025-08-21 02:15:54,394:INFO:New best model found at epoch 4550 with validation loss 6.487e-01. Saving...
2025-08-21 02:15:59,512:INFO:Epoch: 4600/40000 | Train Loss: 5.849e-01 | Dynamic Loss: 5.849e-01 | Regularization Loss: 0.000e+00 | Val Loss: 8.713e-01 | Time: 4.98s
2025-08-21 02:16:04,647:INFO:Epoch: 4650/40000 | Train Loss: 5.377e-01 | Dynamic Loss: 5.377e-01 | Regularization Loss: 0.000e+00 | Val Loss: 6.688e-01 | Time: 5.03s
2025-08-21 02:16:17,712:INFO:Epoch: 4700/40000 | Train Loss: 4.989e-01 | Dynamic Loss: 4.989e-01 | Regularization Loss: 0.000e+00 | Val Loss: 6.296e-01 | Time: 12.97s
2025-08-21 02:16:17,712:INFO:New best model found at epoch 4700 with validation loss 6.296e-01. Saving...
2025-08-21 02:16:22,889:INFO:Epoch: 4750/40000 | Train Loss: 7.757e-01 | Dynamic Loss: 7.757e-01 | Regularization Loss: 0.000e+00 | Val Loss: 1.158e+00 | Time: 5.05s
2025-08-21 02:16:27,945:INFO:Epoch: 4800/40000 | Train Loss: 4.877e-01 | Dynamic Loss: 4.877e-01 | Regularization Loss: 0.000e+00 | Val Loss: 6.196e-01 | Time: 4.95s
2025-08-21 02:16:27,945:INFO:New best model found at epoch 4800 with validation loss 6.196e-01. Saving...
2025-08-21 02:16:33,064:INFO:Epoch: 4850/40000 | Train Loss: 5.541e-01 | Dynamic Loss: 5.541e-01 | Regularization Loss: 0.000e+00 | Val Loss: 6.674e-01 | Time: 4.99s
2025-08-21 02:16:38,190:INFO:Epoch: 4900/40000 | Train Loss: 1.064e+00 | Dynamic Loss: 1.064e+00 | Regularization Loss: 0.000e+00 | Val Loss: 1.176e+00 | Time: 5.02s
2025-08-21 02:16:43,198:INFO:Epoch: 4950/40000 | Train Loss: 4.747e-01 | Dynamic Loss: 4.747e-01 | Regularization Loss: 0.000e+00 | Val Loss: 5.952e-01 | Time: 4.90s
2025-08-21 02:16:43,198:INFO:New best model found at epoch 4950 with validation loss 5.952e-01. Saving...
2025-08-21 02:16:48,392:INFO:Epoch: 5000/40000 | Train Loss: 6.013e-01 | Dynamic Loss: 6.013e-01 | Regularization Loss: 0.000e+00 | Val Loss: 7.383e-01 | Time: 5.06s
2025-08-21 02:16:53,502:INFO:Epoch: 5050/40000 | Train Loss: 4.673e-01 | Dynamic Loss: 4.673e-01 | Regularization Loss: 0.000e+00 | Val Loss: 5.993e-01 | Time: 5.00s
2025-08-21 02:16:58,596:INFO:Epoch: 5100/40000 | Train Loss: 4.499e-01 | Dynamic Loss: 4.499e-01 | Regularization Loss: 0.000e+00 | Val Loss: 5.779e-01 | Time: 4.99s
2025-08-21 02:16:58,597:INFO:New best model found at epoch 5100 with validation loss 5.779e-01. Saving...
2025-08-21 02:17:03,828:INFO:Epoch: 5150/40000 | Train Loss: 4.572e-01 | Dynamic Loss: 4.572e-01 | Regularization Loss: 0.000e+00 | Val Loss: 5.926e-01 | Time: 5.11s
2025-08-21 02:17:08,964:INFO:Epoch: 5200/40000 | Train Loss: 4.981e-01 | Dynamic Loss: 4.981e-01 | Regularization Loss: 0.000e+00 | Val Loss: 6.292e-01 | Time: 5.03s
2025-08-21 02:17:13,950:INFO:Epoch: 5250/40000 | Train Loss: 4.373e-01 | Dynamic Loss: 4.373e-01 | Regularization Loss: 0.000e+00 | Val Loss: 5.640e-01 | Time: 4.88s
2025-08-21 02:17:13,951:INFO:New best model found at epoch 5250 with validation loss 5.640e-01. Saving...
2025-08-21 02:17:19,243:INFO:Epoch: 5300/40000 | Train Loss: 4.732e-01 | Dynamic Loss: 4.732e-01 | Regularization Loss: 0.000e+00 | Val Loss: 6.133e-01 | Time: 5.17s
2025-08-21 02:17:24,450:INFO:Epoch: 5350/40000 | Train Loss: 4.300e-01 | Dynamic Loss: 4.300e-01 | Regularization Loss: 0.000e+00 | Val Loss: 5.619e-01 | Time: 5.11s
2025-08-21 02:17:24,451:INFO:New best model found at epoch 5350 with validation loss 5.619e-01. Saving...
2025-08-21 02:17:29,617:INFO:Epoch: 5400/40000 | Train Loss: 4.527e-01 | Dynamic Loss: 4.527e-01 | Regularization Loss: 0.000e+00 | Val Loss: 5.837e-01 | Time: 5.05s
2025-08-21 02:17:34,648:INFO:Epoch: 5450/40000 | Train Loss: 4.201e-01 | Dynamic Loss: 4.201e-01 | Regularization Loss: 0.000e+00 | Val Loss: 5.476e-01 | Time: 4.93s
2025-08-21 02:17:34,648:INFO:New best model found at epoch 5450 with validation loss 5.476e-01. Saving...
2025-08-21 02:17:39,717:INFO:Epoch: 5500/40000 | Train Loss: 4.328e-01 | Dynamic Loss: 4.328e-01 | Regularization Loss: 0.000e+00 | Val Loss: 5.615e-01 | Time: 4.95s
2025-08-21 02:17:44,727:INFO:Epoch: 5550/40000 | Train Loss: 5.466e-01 | Dynamic Loss: 5.466e-01 | Regularization Loss: 0.000e+00 | Val Loss: 7.301e-01 | Time: 4.91s
2025-08-21 02:17:49,784:INFO:Epoch: 5600/40000 | Train Loss: 4.152e-01 | Dynamic Loss: 4.152e-01 | Regularization Loss: 0.000e+00 | Val Loss: 5.422e-01 | Time: 4.95s
2025-08-21 02:17:49,784:INFO:New best model found at epoch 5600 with validation loss 5.422e-01. Saving...
2025-08-21 02:17:55,029:INFO:Epoch: 5650/40000 | Train Loss: 4.730e-01 | Dynamic Loss: 4.730e-01 | Regularization Loss: 0.000e+00 | Val Loss: 5.839e-01 | Time: 5.10s
2025-08-21 02:18:00,243:INFO:Epoch: 5700/40000 | Train Loss: 3.962e-01 | Dynamic Loss: 3.962e-01 | Regularization Loss: 0.000e+00 | Val Loss: 5.252e-01 | Time: 5.10s
2025-08-21 02:18:00,243:INFO:New best model found at epoch 5700 with validation loss 5.252e-01. Saving...
2025-08-21 02:18:05,451:INFO:Epoch: 5750/40000 | Train Loss: 4.053e-01 | Dynamic Loss: 4.053e-01 | Regularization Loss: 0.000e+00 | Val Loss: 5.340e-01 | Time: 5.08s
2025-08-21 02:18:10,636:INFO:Epoch: 5800/40000 | Train Loss: 4.648e-01 | Dynamic Loss: 4.648e-01 | Regularization Loss: 0.000e+00 | Val Loss: 5.633e-01 | Time: 5.08s
2025-08-21 02:18:15,610:INFO:Epoch: 5850/40000 | Train Loss: 1.164e+00 | Dynamic Loss: 1.164e+00 | Regularization Loss: 0.000e+00 | Val Loss: 8.285e-01 | Time: 4.86s
2025-08-21 02:18:20,872:INFO:Epoch: 5900/40000 | Train Loss: 3.896e-01 | Dynamic Loss: 3.896e-01 | Regularization Loss: 0.000e+00 | Val Loss: 5.209e-01 | Time: 5.15s
2025-08-21 02:18:20,872:INFO:New best model found at epoch 5900 with validation loss 5.209e-01. Saving...
2025-08-21 02:18:26,149:INFO:Epoch: 5950/40000 | Train Loss: 3.907e-01 | Dynamic Loss: 3.907e-01 | Regularization Loss: 0.000e+00 | Val Loss: 5.231e-01 | Time: 5.15s
2025-08-21 02:18:31,300:INFO:Epoch: 6000/40000 | Train Loss: 4.618e-01 | Dynamic Loss: 4.618e-01 | Regularization Loss: 0.000e+00 | Val Loss: 7.670e-01 | Time: 5.04s
2025-08-21 02:18:36,350:INFO:Epoch: 6050/40000 | Train Loss: 3.703e-01 | Dynamic Loss: 3.703e-01 | Regularization Loss: 0.000e+00 | Val Loss: 5.051e-01 | Time: 4.95s
2025-08-21 02:18:36,350:INFO:New best model found at epoch 6050 with validation loss 5.051e-01. Saving...
2025-08-21 02:18:41,410:INFO:Epoch: 6100/40000 | Train Loss: 3.976e-01 | Dynamic Loss: 3.976e-01 | Regularization Loss: 0.000e+00 | Val Loss: 5.199e-01 | Time: 4.94s
2025-08-21 02:18:46,431:INFO:Epoch: 6150/40000 | Train Loss: 3.644e-01 | Dynamic Loss: 3.644e-01 | Regularization Loss: 0.000e+00 | Val Loss: 4.889e-01 | Time: 4.92s
2025-08-21 02:18:46,431:INFO:New best model found at epoch 6150 with validation loss 4.889e-01. Saving...
2025-08-21 02:18:51,486:INFO:Epoch: 6200/40000 | Train Loss: 3.911e-01 | Dynamic Loss: 3.911e-01 | Regularization Loss: 0.000e+00 | Val Loss: 5.255e-01 | Time: 4.92s
2025-08-21 02:18:56,598:INFO:Epoch: 6250/40000 | Train Loss: 3.553e-01 | Dynamic Loss: 3.553e-01 | Regularization Loss: 0.000e+00 | Val Loss: 4.839e-01 | Time: 5.00s
2025-08-21 02:18:56,599:INFO:New best model found at epoch 6250 with validation loss 4.839e-01. Saving...
2025-08-21 02:19:01,903:INFO:Epoch: 6300/40000 | Train Loss: 3.633e-01 | Dynamic Loss: 3.633e-01 | Regularization Loss: 0.000e+00 | Val Loss: 4.872e-01 | Time: 5.17s
2025-08-21 02:19:06,969:INFO:Epoch: 6350/40000 | Train Loss: 3.601e-01 | Dynamic Loss: 3.601e-01 | Regularization Loss: 0.000e+00 | Val Loss: 5.040e-01 | Time: 4.96s
2025-08-21 02:19:12,082:INFO:Epoch: 6400/40000 | Train Loss: 4.050e-01 | Dynamic Loss: 4.050e-01 | Regularization Loss: 0.000e+00 | Val Loss: 5.603e-01 | Time: 5.00s
2025-08-21 02:19:17,324:INFO:Epoch: 6450/40000 | Train Loss: 3.426e-01 | Dynamic Loss: 3.426e-01 | Regularization Loss: 0.000e+00 | Val Loss: 4.734e-01 | Time: 5.14s
2025-08-21 02:19:17,324:INFO:New best model found at epoch 6450 with validation loss 4.734e-01. Saving...
2025-08-21 02:19:22,566:INFO:Epoch: 6500/40000 | Train Loss: 3.441e-01 | Dynamic Loss: 3.441e-01 | Regularization Loss: 0.000e+00 | Val Loss: 4.724e-01 | Time: 5.12s
2025-08-21 02:19:22,566:INFO:New best model found at epoch 6500 with validation loss 4.724e-01. Saving...
2025-08-21 02:19:27,685:INFO:Epoch: 6550/40000 | Train Loss: 3.656e-01 | Dynamic Loss: 3.656e-01 | Regularization Loss: 0.000e+00 | Val Loss: 5.199e-01 | Time: 4.99s
2025-08-21 02:19:32,860:INFO:Epoch: 6600/40000 | Train Loss: 1.003e+00 | Dynamic Loss: 1.003e+00 | Regularization Loss: 0.000e+00 | Val Loss: 6.100e-01 | Time: 5.07s
2025-08-21 02:19:37,954:INFO:Epoch: 6650/40000 | Train Loss: 3.340e-01 | Dynamic Loss: 3.340e-01 | Regularization Loss: 0.000e+00 | Val Loss: 4.623e-01 | Time: 4.99s
2025-08-21 02:19:37,954:INFO:New best model found at epoch 6650 with validation loss 4.623e-01. Saving...
2025-08-21 02:19:43,174:INFO:Epoch: 6700/40000 | Train Loss: 3.544e-01 | Dynamic Loss: 3.544e-01 | Regularization Loss: 0.000e+00 | Val Loss: 4.885e-01 | Time: 4.96s
2025-08-21 02:19:48,329:INFO:Epoch: 6750/40000 | Train Loss: 3.234e-01 | Dynamic Loss: 3.234e-01 | Regularization Loss: 0.000e+00 | Val Loss: 4.516e-01 | Time: 5.04s
2025-08-21 02:19:48,329:INFO:New best model found at epoch 6750 with validation loss 4.516e-01. Saving...
2025-08-21 02:19:53,495:INFO:Epoch: 6800/40000 | Train Loss: 3.245e-01 | Dynamic Loss: 3.245e-01 | Regularization Loss: 0.000e+00 | Val Loss: 4.552e-01 | Time: 5.04s
2025-08-21 02:19:58,578:INFO:Epoch: 6850/40000 | Train Loss: 3.441e-01 | Dynamic Loss: 3.441e-01 | Regularization Loss: 0.000e+00 | Val Loss: 4.803e-01 | Time: 4.98s
2025-08-21 02:20:03,679:INFO:Epoch: 6900/40000 | Train Loss: 3.624e-01 | Dynamic Loss: 3.624e-01 | Regularization Loss: 0.000e+00 | Val Loss: 5.066e-01 | Time: 4.99s
2025-08-21 02:20:16,933:INFO:Epoch: 6950/40000 | Train Loss: 3.121e-01 | Dynamic Loss: 3.121e-01 | Regularization Loss: 0.000e+00 | Val Loss: 4.427e-01 | Time: 13.15s
2025-08-21 02:20:16,933:INFO:New best model found at epoch 6950 with validation loss 4.427e-01. Saving...
2025-08-21 02:20:22,116:INFO:Epoch: 7000/40000 | Train Loss: 3.233e-01 | Dynamic Loss: 3.233e-01 | Regularization Loss: 0.000e+00 | Val Loss: 4.614e-01 | Time: 5.06s
2025-08-21 02:20:27,315:INFO:Epoch: 7050/40000 | Train Loss: 5.566e-01 | Dynamic Loss: 5.566e-01 | Regularization Loss: 0.000e+00 | Val Loss: 6.281e-01 | Time: 5.09s
2025-08-21 02:20:32,379:INFO:Epoch: 7100/40000 | Train Loss: 3.103e-01 | Dynamic Loss: 3.103e-01 | Regularization Loss: 0.000e+00 | Val Loss: 4.492e-01 | Time: 4.96s
2025-08-21 02:20:40,608:INFO:Epoch: 7150/40000 | Train Loss: 3.141e-01 | Dynamic Loss: 3.141e-01 | Regularization Loss: 0.000e+00 | Val Loss: 4.427e-01 | Time: 8.12s
2025-08-21 02:20:45,771:INFO:Epoch: 7200/40000 | Train Loss: 3.958e-01 | Dynamic Loss: 3.958e-01 | Regularization Loss: 0.000e+00 | Val Loss: 5.486e-01 | Time: 5.06s
2025-08-21 02:20:50,784:INFO:Epoch: 7250/40000 | Train Loss: 3.058e-01 | Dynamic Loss: 3.058e-01 | Regularization Loss: 0.000e+00 | Val Loss: 4.377e-01 | Time: 4.91s
2025-08-21 02:20:50,784:INFO:New best model found at epoch 7250 with validation loss 4.377e-01. Saving...
2025-08-21 02:20:56,108:INFO:Epoch: 7300/40000 | Train Loss: 5.111e-01 | Dynamic Loss: 5.111e-01 | Regularization Loss: 0.000e+00 | Val Loss: 5.215e-01 | Time: 5.19s
2025-08-21 02:21:01,450:INFO:Epoch: 7350/40000 | Train Loss: 2.952e-01 | Dynamic Loss: 2.952e-01 | Regularization Loss: 0.000e+00 | Val Loss: 4.329e-01 | Time: 5.23s
2025-08-21 02:21:01,450:INFO:New best model found at epoch 7350 with validation loss 4.329e-01. Saving...
2025-08-21 02:21:06,586:INFO:Epoch: 7400/40000 | Train Loss: 3.368e-01 | Dynamic Loss: 3.368e-01 | Regularization Loss: 0.000e+00 | Val Loss: 4.872e-01 | Time: 5.01s
2025-08-21 02:21:11,706:INFO:Epoch: 7450/40000 | Train Loss: 7.041e-01 | Dynamic Loss: 7.041e-01 | Regularization Loss: 0.000e+00 | Val Loss: 1.146e+00 | Time: 5.02s
2025-08-21 02:21:16,949:INFO:Epoch: 7500/40000 | Train Loss: 2.953e-01 | Dynamic Loss: 2.953e-01 | Regularization Loss: 0.000e+00 | Val Loss: 4.226e-01 | Time: 5.13s
2025-08-21 02:21:16,949:INFO:New best model found at epoch 7500 with validation loss 4.226e-01. Saving...
2025-08-21 02:21:22,222:INFO:Epoch: 7550/40000 | Train Loss: 3.059e-01 | Dynamic Loss: 3.059e-01 | Regularization Loss: 0.000e+00 | Val Loss: 4.446e-01 | Time: 5.14s
2025-08-21 02:21:27,472:INFO:Epoch: 7600/40000 | Train Loss: 3.121e-01 | Dynamic Loss: 3.121e-01 | Regularization Loss: 0.000e+00 | Val Loss: 4.645e-01 | Time: 5.14s
2025-08-21 02:21:32,594:INFO:Epoch: 7650/40000 | Train Loss: 3.374e-01 | Dynamic Loss: 3.374e-01 | Regularization Loss: 0.000e+00 | Val Loss: 5.054e-01 | Time: 5.01s
2025-08-21 02:21:37,705:INFO:Epoch: 7700/40000 | Train Loss: 3.268e-01 | Dynamic Loss: 3.268e-01 | Regularization Loss: 0.000e+00 | Val Loss: 4.617e-01 | Time: 4.99s
2025-08-21 02:21:43,038:INFO:Epoch: 7750/40000 | Train Loss: 3.582e-01 | Dynamic Loss: 3.582e-01 | Regularization Loss: 0.000e+00 | Val Loss: 5.379e-01 | Time: 5.22s
2025-08-21 02:21:48,170:INFO:Epoch: 7800/40000 | Train Loss: 3.708e-01 | Dynamic Loss: 3.708e-01 | Regularization Loss: 0.000e+00 | Val Loss: 4.940e-01 | Time: 5.02s
2025-08-21 02:21:53,400:INFO:Epoch: 7850/40000 | Train Loss: 2.828e-01 | Dynamic Loss: 2.828e-01 | Regularization Loss: 0.000e+00 | Val Loss: 4.183e-01 | Time: 5.12s
2025-08-21 02:21:53,400:INFO:New best model found at epoch 7850 with validation loss 4.183e-01. Saving...
2025-08-21 02:21:58,531:INFO:Epoch: 7900/40000 | Train Loss: 3.204e-01 | Dynamic Loss: 3.204e-01 | Regularization Loss: 0.000e+00 | Val Loss: 4.363e-01 | Time: 5.00s
2025-08-21 02:22:03,763:INFO:Epoch: 7950/40000 | Train Loss: 2.947e-01 | Dynamic Loss: 2.947e-01 | Regularization Loss: 0.000e+00 | Val Loss: 4.457e-01 | Time: 5.12s
2025-08-21 02:22:09,005:INFO:Epoch: 8000/40000 | Train Loss: 2.946e-01 | Dynamic Loss: 2.946e-01 | Regularization Loss: 0.000e+00 | Val Loss: 4.444e-01 | Time: 5.13s
2025-08-21 02:22:14,176:INFO:Epoch: 8050/40000 | Train Loss: 3.350e-01 | Dynamic Loss: 3.350e-01 | Regularization Loss: 0.000e+00 | Val Loss: 5.433e-01 | Time: 5.06s
2025-08-21 02:22:19,352:INFO:Epoch: 8100/40000 | Train Loss: 2.830e-01 | Dynamic Loss: 2.830e-01 | Regularization Loss: 0.000e+00 | Val Loss: 4.399e-01 | Time: 5.07s
2025-08-21 02:22:24,701:INFO:Epoch: 8150/40000 | Train Loss: 2.668e-01 | Dynamic Loss: 2.668e-01 | Regularization Loss: 0.000e+00 | Val Loss: 4.056e-01 | Time: 5.24s
2025-08-21 02:22:24,701:INFO:New best model found at epoch 8150 with validation loss 4.056e-01. Saving...
2025-08-21 02:22:29,846:INFO:Epoch: 8200/40000 | Train Loss: 2.798e-01 | Dynamic Loss: 2.798e-01 | Regularization Loss: 0.000e+00 | Val Loss: 4.195e-01 | Time: 5.02s
2025-08-21 02:22:35,055:INFO:Epoch: 8250/40000 | Train Loss: 3.385e-01 | Dynamic Loss: 3.385e-01 | Regularization Loss: 0.000e+00 | Val Loss: 5.644e-01 | Time: 5.11s
2025-08-21 02:22:40,275:INFO:Epoch: 8300/40000 | Train Loss: 2.597e-01 | Dynamic Loss: 2.597e-01 | Regularization Loss: 0.000e+00 | Val Loss: 3.952e-01 | Time: 5.12s
2025-08-21 02:22:40,275:INFO:New best model found at epoch 8300 with validation loss 3.952e-01. Saving...
2025-08-21 02:22:45,475:INFO:Epoch: 8350/40000 | Train Loss: 3.053e-01 | Dynamic Loss: 3.053e-01 | Regularization Loss: 0.000e+00 | Val Loss: 4.321e-01 | Time: 4.94s
2025-08-21 02:22:50,543:INFO:Epoch: 8400/40000 | Train Loss: 5.569e-01 | Dynamic Loss: 5.569e-01 | Regularization Loss: 0.000e+00 | Val Loss: 6.648e-01 | Time: 4.97s
2025-08-21 02:22:55,650:INFO:Epoch: 8450/40000 | Train Loss: 4.259e-01 | Dynamic Loss: 4.259e-01 | Regularization Loss: 0.000e+00 | Val Loss: 6.515e-01 | Time: 5.00s
2025-08-21 02:23:00,831:INFO:Epoch: 8500/40000 | Train Loss: 2.508e-01 | Dynamic Loss: 2.508e-01 | Regularization Loss: 0.000e+00 | Val Loss: 3.903e-01 | Time: 5.08s
2025-08-21 02:23:00,831:INFO:New best model found at epoch 8500 with validation loss 3.903e-01. Saving...
2025-08-21 02:23:06,005:INFO:Epoch: 8550/40000 | Train Loss: 2.878e-01 | Dynamic Loss: 2.878e-01 | Regularization Loss: 0.000e+00 | Val Loss: 4.292e-01 | Time: 5.06s
2025-08-21 02:23:11,261:INFO:Epoch: 8600/40000 | Train Loss: 2.476e-01 | Dynamic Loss: 2.476e-01 | Regularization Loss: 0.000e+00 | Val Loss: 3.829e-01 | Time: 5.15s
2025-08-21 02:23:11,261:INFO:New best model found at epoch 8600 with validation loss 3.829e-01. Saving...
2025-08-21 02:23:16,414:INFO:Epoch: 8650/40000 | Train Loss: 2.546e-01 | Dynamic Loss: 2.546e-01 | Regularization Loss: 0.000e+00 | Val Loss: 3.886e-01 | Time: 5.03s
2025-08-21 02:23:21,650:INFO:Epoch: 8700/40000 | Train Loss: 2.502e-01 | Dynamic Loss: 2.502e-01 | Regularization Loss: 0.000e+00 | Val Loss: 3.878e-01 | Time: 5.14s
2025-08-21 02:23:26,818:INFO:Epoch: 8750/40000 | Train Loss: 2.506e-01 | Dynamic Loss: 2.506e-01 | Regularization Loss: 0.000e+00 | Val Loss: 3.945e-01 | Time: 5.07s
2025-08-21 02:23:31,993:INFO:Epoch: 8800/40000 | Train Loss: 3.107e-01 | Dynamic Loss: 3.107e-01 | Regularization Loss: 0.000e+00 | Val Loss: 4.439e-01 | Time: 5.07s
2025-08-21 02:23:37,164:INFO:Epoch: 8850/40000 | Train Loss: 2.403e-01 | Dynamic Loss: 2.403e-01 | Regularization Loss: 0.000e+00 | Val Loss: 3.781e-01 | Time: 5.07s
2025-08-21 02:23:37,165:INFO:New best model found at epoch 8850 with validation loss 3.781e-01. Saving...
2025-08-21 02:23:42,347:INFO:Epoch: 8900/40000 | Train Loss: 2.507e-01 | Dynamic Loss: 2.507e-01 | Regularization Loss: 0.000e+00 | Val Loss: 3.949e-01 | Time: 5.06s
2025-08-21 02:23:47,712:INFO:Epoch: 8950/40000 | Train Loss: 2.359e-01 | Dynamic Loss: 2.359e-01 | Regularization Loss: 0.000e+00 | Val Loss: 3.748e-01 | Time: 5.27s
2025-08-21 02:23:47,713:INFO:New best model found at epoch 8950 with validation loss 3.748e-01. Saving...
2025-08-21 02:23:52,965:INFO:Epoch: 9000/40000 | Train Loss: 2.439e-01 | Dynamic Loss: 2.439e-01 | Regularization Loss: 0.000e+00 | Val Loss: 3.796e-01 | Time: 4.99s
2025-08-21 02:23:58,034:INFO:Epoch: 9050/40000 | Train Loss: 2.796e-01 | Dynamic Loss: 2.796e-01 | Regularization Loss: 0.000e+00 | Val Loss: 3.997e-01 | Time: 4.96s
2025-08-21 02:24:03,296:INFO:Epoch: 9100/40000 | Train Loss: 4.985e-01 | Dynamic Loss: 4.985e-01 | Regularization Loss: 0.000e+00 | Val Loss: 5.149e-01 | Time: 5.16s
2025-08-21 02:24:08,628:INFO:Epoch: 9150/40000 | Train Loss: 2.317e-01 | Dynamic Loss: 2.317e-01 | Regularization Loss: 0.000e+00 | Val Loss: 3.729e-01 | Time: 5.23s
2025-08-21 02:24:08,628:INFO:New best model found at epoch 9150 with validation loss 3.729e-01. Saving...
2025-08-21 02:24:13,889:INFO:Epoch: 9200/40000 | Train Loss: 2.319e-01 | Dynamic Loss: 2.319e-01 | Regularization Loss: 0.000e+00 | Val Loss: 3.821e-01 | Time: 5.14s
2025-08-21 02:24:19,057:INFO:Epoch: 9250/40000 | Train Loss: 2.342e-01 | Dynamic Loss: 2.342e-01 | Regularization Loss: 0.000e+00 | Val Loss: 3.766e-01 | Time: 5.07s
2025-08-21 02:24:24,163:INFO:Epoch: 9300/40000 | Train Loss: 2.708e-01 | Dynamic Loss: 2.708e-01 | Regularization Loss: 0.000e+00 | Val Loss: 4.043e-01 | Time: 5.01s
2025-08-21 02:24:29,287:INFO:Epoch: 9350/40000 | Train Loss: 2.268e-01 | Dynamic Loss: 2.268e-01 | Regularization Loss: 0.000e+00 | Val Loss: 3.681e-01 | Time: 5.02s
2025-08-21 02:24:29,287:INFO:New best model found at epoch 9350 with validation loss 3.681e-01. Saving...
2025-08-21 02:24:34,550:INFO:Epoch: 9400/40000 | Train Loss: 2.343e-01 | Dynamic Loss: 2.343e-01 | Regularization Loss: 0.000e+00 | Val Loss: 3.791e-01 | Time: 5.14s
2025-08-21 02:24:39,797:INFO:Epoch: 9450/40000 | Train Loss: 2.285e-01 | Dynamic Loss: 2.285e-01 | Regularization Loss: 0.000e+00 | Val Loss: 3.727e-01 | Time: 5.14s
2025-08-21 02:24:44,985:INFO:Epoch: 9500/40000 | Train Loss: 2.454e-01 | Dynamic Loss: 2.454e-01 | Regularization Loss: 0.000e+00 | Val Loss: 3.905e-01 | Time: 5.09s
2025-08-21 02:24:50,133:INFO:Epoch: 9550/40000 | Train Loss: 3.467e-01 | Dynamic Loss: 3.467e-01 | Regularization Loss: 0.000e+00 | Val Loss: 5.777e-01 | Time: 5.05s
2025-08-21 02:24:55,387:INFO:Epoch: 9600/40000 | Train Loss: 2.215e-01 | Dynamic Loss: 2.215e-01 | Regularization Loss: 0.000e+00 | Val Loss: 3.660e-01 | Time: 5.11s
2025-08-21 02:24:55,387:INFO:New best model found at epoch 9600 with validation loss 3.660e-01. Saving...
2025-08-21 02:25:00,643:INFO:Epoch: 9650/40000 | Train Loss: 2.232e-01 | Dynamic Loss: 2.232e-01 | Regularization Loss: 0.000e+00 | Val Loss: 3.751e-01 | Time: 5.13s
2025-08-21 02:25:05,824:INFO:Epoch: 9700/40000 | Train Loss: 2.302e-01 | Dynamic Loss: 2.302e-01 | Regularization Loss: 0.000e+00 | Val Loss: 3.697e-01 | Time: 5.07s
2025-08-21 02:25:10,960:INFO:Epoch: 9750/40000 | Train Loss: 2.558e-01 | Dynamic Loss: 2.558e-01 | Regularization Loss: 0.000e+00 | Val Loss: 4.182e-01 | Time: 5.03s
2025-08-21 02:25:16,129:INFO:Epoch: 9800/40000 | Train Loss: 2.168e-01 | Dynamic Loss: 2.168e-01 | Regularization Loss: 0.000e+00 | Val Loss: 3.608e-01 | Time: 5.07s
2025-08-21 02:25:16,129:INFO:New best model found at epoch 9800 with validation loss 3.608e-01. Saving...
2025-08-21 02:25:21,368:INFO:Epoch: 9850/40000 | Train Loss: 2.172e-01 | Dynamic Loss: 2.172e-01 | Regularization Loss: 0.000e+00 | Val Loss: 3.634e-01 | Time: 5.11s
2025-08-21 02:25:26,479:INFO:Epoch: 9900/40000 | Train Loss: 2.736e-01 | Dynamic Loss: 2.736e-01 | Regularization Loss: 0.000e+00 | Val Loss: 4.071e-01 | Time: 5.01s
2025-08-21 02:25:31,666:INFO:Epoch: 9950/40000 | Train Loss: 4.809e-01 | Dynamic Loss: 4.809e-01 | Regularization Loss: 0.000e+00 | Val Loss: 8.177e-01 | Time: 5.08s
2025-08-21 02:25:36,323:INFO:Adding projection layer
2025-08-21 02:25:37,366:INFO:Epoch: 10000/40000 | Train Loss: 3.390e-01 | Dynamic Loss: 2.390e-01 | Regularization Loss: 1.000e-01 | Val Loss: 4.046e-01 | Active Proj %: 1.93 | Time: 5.58s
2025-08-21 02:25:43,078:INFO:Epoch: 10050/40000 | Train Loss: 2.507e-01 | Dynamic Loss: 2.355e-01 | Regularization Loss: 1.513e-02 | Val Loss: 3.963e-01 | Active Proj %: 0.67 | Time: 5.59s
2025-08-21 02:25:48,824:INFO:Epoch: 10100/40000 | Train Loss: 2.280e-01 | Dynamic Loss: 2.212e-01 | Regularization Loss: 6.781e-03 | Val Loss: 3.695e-01 | Active Proj %: 0.42 | Time: 5.63s
2025-08-21 02:25:54,792:INFO:Epoch: 10150/40000 | Train Loss: 2.365e-01 | Dynamic Loss: 2.324e-01 | Regularization Loss: 4.105e-03 | Val Loss: 3.804e-01 | Active Proj %: 0.08 | Time: 5.85s
2025-08-21 02:26:00,636:INFO:Epoch: 10200/40000 | Train Loss: 2.279e-01 | Dynamic Loss: 2.251e-01 | Regularization Loss: 2.818e-03 | Val Loss: 3.715e-01 | Active Proj %: 0.25 | Time: 5.73s
2025-08-21 02:26:06,426:INFO:Epoch: 10250/40000 | Train Loss: 2.171e-01 | Dynamic Loss: 2.151e-01 | Regularization Loss: 2.080e-03 | Val Loss: 3.687e-01 | Active Proj %: 0.00 | Time: 5.67s
2025-08-21 02:26:12,608:INFO:Epoch: 10300/40000 | Train Loss: 2.356e-01 | Dynamic Loss: 2.340e-01 | Regularization Loss: 1.611e-03 | Val Loss: 4.407e-01 | Active Proj %: 0.08 | Time: 6.06s
2025-08-21 02:26:18,707:INFO:Epoch: 10350/40000 | Train Loss: 2.235e-01 | Dynamic Loss: 2.223e-01 | Regularization Loss: 1.280e-03 | Val Loss: 3.714e-01 | Active Proj %: 0.17 | Time: 5.98s
2025-08-21 02:26:24,614:INFO:Epoch: 10400/40000 | Train Loss: 2.326e-01 | Dynamic Loss: 2.316e-01 | Regularization Loss: 1.057e-03 | Val Loss: 3.793e-01 | Active Proj %: 1.26 | Time: 5.78s
2025-08-21 02:26:30,427:INFO:Epoch: 10450/40000 | Train Loss: 2.208e-01 | Dynamic Loss: 2.199e-01 | Regularization Loss: 8.903e-04 | Val Loss: 3.748e-01 | Active Proj %: 2.76 | Time: 5.70s
2025-08-21 02:26:36,301:INFO:Epoch: 10500/40000 | Train Loss: 2.125e-01 | Dynamic Loss: 2.118e-01 | Regularization Loss: 7.612e-04 | Val Loss: 3.654e-01 | Active Proj %: 0.25 | Time: 5.76s
2025-08-21 02:26:42,781:INFO:Epoch: 10550/40000 | Train Loss: 2.086e-01 | Dynamic Loss: 2.080e-01 | Regularization Loss: 6.596e-04 | Val Loss: 3.739e-01 | Active Proj %: 0.50 | Time: 6.37s
2025-08-21 02:26:48,709:INFO:Epoch: 10600/40000 | Train Loss: 2.083e-01 | Dynamic Loss: 2.077e-01 | Regularization Loss: 5.759e-04 | Val Loss: 3.571e-01 | Active Proj %: 0.92 | Time: 5.82s
2025-08-21 02:26:48,709:INFO:New best model found at epoch 10600 with validation loss 3.571e-01. Saving...
2025-08-21 02:26:54,669:INFO:Epoch: 10650/40000 | Train Loss: 2.267e-01 | Dynamic Loss: 2.262e-01 | Regularization Loss: 5.088e-04 | Val Loss: 3.801e-01 | Active Proj %: 0.17 | Time: 5.83s
2025-08-21 02:27:00,526:INFO:Epoch: 10700/40000 | Train Loss: 2.220e-01 | Dynamic Loss: 2.216e-01 | Regularization Loss: 4.529e-04 | Val Loss: 3.862e-01 | Active Proj %: 1.84 | Time: 5.75s
2025-08-21 02:27:13,674:INFO:Epoch: 10750/40000 | Train Loss: 2.307e-01 | Dynamic Loss: 2.303e-01 | Regularization Loss: 4.054e-04 | Val Loss: 3.905e-01 | Active Proj %: 1.01 | Time: 13.04s
2025-08-21 02:27:19,642:INFO:Epoch: 10800/40000 | Train Loss: 2.094e-01 | Dynamic Loss: 2.091e-01 | Regularization Loss: 3.653e-04 | Val Loss: 3.646e-01 | Active Proj %: 1.68 | Time: 5.85s
2025-08-21 02:27:25,549:INFO:Epoch: 10850/40000 | Train Loss: 2.047e-01 | Dynamic Loss: 2.044e-01 | Regularization Loss: 3.300e-04 | Val Loss: 3.604e-01 | Active Proj %: 1.26 | Time: 5.79s
2025-08-21 02:27:31,453:INFO:Epoch: 10900/40000 | Train Loss: 2.539e-01 | Dynamic Loss: 2.536e-01 | Regularization Loss: 2.993e-04 | Val Loss: 3.835e-01 | Active Proj %: 9.38 | Time: 5.80s
2025-08-21 02:27:40,542:INFO:Epoch: 10950/40000 | Train Loss: 2.190e-01 | Dynamic Loss: 2.187e-01 | Regularization Loss: 2.728e-04 | Val Loss: 3.815e-01 | Active Proj %: 1.76 | Time: 8.99s
2025-08-21 02:27:46,717:INFO:Epoch: 11000/40000 | Train Loss: 2.553e-01 | Dynamic Loss: 2.551e-01 | Regularization Loss: 2.504e-04 | Val Loss: 4.051e-01 | Active Proj %: 0.50 | Time: 6.02s
2025-08-21 02:27:52,613:INFO:Epoch: 11050/40000 | Train Loss: 2.048e-01 | Dynamic Loss: 2.045e-01 | Regularization Loss: 2.306e-04 | Val Loss: 3.642e-01 | Active Proj %: 0.08 | Time: 5.79s
2025-08-21 02:27:58,479:INFO:Epoch: 11100/40000 | Train Loss: 2.011e-01 | Dynamic Loss: 2.009e-01 | Regularization Loss: 2.126e-04 | Val Loss: 3.596e-01 | Active Proj %: 3.10 | Time: 5.76s
2025-08-21 02:28:08,542:INFO:Epoch: 11150/40000 | Train Loss: 1.947e-01 | Dynamic Loss: 1.945e-01 | Regularization Loss: 1.963e-04 | Val Loss: 3.563e-01 | Active Proj %: 1.93 | Time: 9.95s
2025-08-21 02:28:08,542:INFO:New best model found at epoch 11150 with validation loss 3.563e-01. Saving...
2025-08-21 02:28:14,467:INFO:Epoch: 11200/40000 | Train Loss: 2.105e-01 | Dynamic Loss: 2.103e-01 | Regularization Loss: 1.820e-04 | Val Loss: 3.780e-01 | Active Proj %: 0.59 | Time: 5.80s
2025-08-21 02:28:20,363:INFO:Epoch: 11250/40000 | Train Loss: 2.235e-01 | Dynamic Loss: 2.234e-01 | Regularization Loss: 1.686e-04 | Val Loss: 4.048e-01 | Active Proj %: 4.19 | Time: 5.79s
2025-08-21 02:28:26,354:INFO:Epoch: 11300/40000 | Train Loss: 2.012e-01 | Dynamic Loss: 2.010e-01 | Regularization Loss: 1.567e-04 | Val Loss: 3.487e-01 | Active Proj %: 4.27 | Time: 5.75s
2025-08-21 02:28:26,354:INFO:New best model found at epoch 11300 with validation loss 3.487e-01. Saving...
2025-08-21 02:28:32,305:INFO:Epoch: 11350/40000 | Train Loss: 2.716e-01 | Dynamic Loss: 2.715e-01 | Regularization Loss: 1.462e-04 | Val Loss: 4.726e-01 | Active Proj %: 0.50 | Time: 5.83s
2025-08-21 02:28:38,190:INFO:Epoch: 11400/40000 | Train Loss: 2.025e-01 | Dynamic Loss: 2.024e-01 | Regularization Loss: 1.362e-04 | Val Loss: 3.660e-01 | Active Proj %: 4.61 | Time: 5.78s
2025-08-21 02:28:44,100:INFO:Epoch: 11450/40000 | Train Loss: 2.085e-01 | Dynamic Loss: 2.084e-01 | Regularization Loss: 1.273e-04 | Val Loss: 3.713e-01 | Active Proj %: 1.68 | Time: 5.80s
2025-08-21 02:28:50,141:INFO:Epoch: 11500/40000 | Train Loss: 2.965e-01 | Dynamic Loss: 2.964e-01 | Regularization Loss: 1.189e-04 | Val Loss: 4.787e-01 | Active Proj %: 6.45 | Time: 5.93s
2025-08-21 02:28:56,055:INFO:Epoch: 11550/40000 | Train Loss: 2.354e-01 | Dynamic Loss: 2.353e-01 | Regularization Loss: 1.114e-04 | Val Loss: 3.887e-01 | Active Proj %: 7.29 | Time: 5.81s
2025-08-21 02:29:02,019:INFO:Epoch: 11600/40000 | Train Loss: 2.444e-01 | Dynamic Loss: 2.443e-01 | Regularization Loss: 1.044e-04 | Val Loss: 3.860e-01 | Active Proj %: 6.03 | Time: 5.86s
2025-08-21 02:29:07,975:INFO:Epoch: 11650/40000 | Train Loss: 2.822e-01 | Dynamic Loss: 2.821e-01 | Regularization Loss: 9.698e-05 | Val Loss: 4.963e-01 | Active Proj %: 12.56 | Time: 5.84s
2025-08-21 02:29:13,968:INFO:Epoch: 11700/40000 | Train Loss: 5.315e-01 | Dynamic Loss: 5.315e-01 | Regularization Loss: 8.973e-05 | Val Loss: 6.865e-01 | Active Proj %: 14.57 | Time: 5.88s
2025-08-21 02:29:19,908:INFO:Epoch: 11750/40000 | Train Loss: 2.287e-01 | Dynamic Loss: 2.286e-01 | Regularization Loss: 7.837e-05 | Val Loss: 3.795e-01 | Active Proj %: 1.76 | Time: 5.82s
2025-08-21 02:29:25,897:INFO:Epoch: 11800/40000 | Train Loss: 1.875e-01 | Dynamic Loss: 1.874e-01 | Regularization Loss: 7.495e-05 | Val Loss: 3.321e-01 | Active Proj %: 0.50 | Time: 5.87s
2025-08-21 02:29:25,898:INFO:New best model found at epoch 11800 with validation loss 3.321e-01. Saving...
2025-08-21 02:29:31,835:INFO:Epoch: 11850/40000 | Train Loss: 1.947e-01 | Dynamic Loss: 1.946e-01 | Regularization Loss: 7.189e-05 | Val Loss: 3.425e-01 | Active Proj %: 7.62 | Time: 5.80s
2025-08-21 02:29:37,862:INFO:Epoch: 11900/40000 | Train Loss: 2.033e-01 | Dynamic Loss: 2.032e-01 | Regularization Loss: 6.849e-05 | Val Loss: 3.422e-01 | Active Proj %: 8.04 | Time: 5.91s
2025-08-21 02:29:43,799:INFO:Epoch: 11950/40000 | Train Loss: 2.304e-01 | Dynamic Loss: 2.303e-01 | Regularization Loss: 6.518e-05 | Val Loss: 3.686e-01 | Active Proj %: 6.62 | Time: 5.82s
2025-08-21 02:29:50,345:INFO:Epoch: 12000/40000 | Train Loss: 2.286e-01 | Dynamic Loss: 2.285e-01 | Regularization Loss: 6.190e-05 | Val Loss: 4.017e-01 | Active Proj %: 6.62 | Time: 6.42s
2025-08-21 02:29:56,291:INFO:Epoch: 12050/40000 | Train Loss: 1.935e-01 | Dynamic Loss: 1.934e-01 | Regularization Loss: 5.885e-05 | Val Loss: 3.576e-01 | Active Proj %: 1.93 | Time: 5.82s
2025-08-21 02:30:03,539:INFO:Epoch: 12100/40000 | Train Loss: 1.780e-01 | Dynamic Loss: 1.779e-01 | Regularization Loss: 5.599e-05 | Val Loss: 3.326e-01 | Active Proj %: 5.86 | Time: 7.13s
2025-08-21 02:30:09,425:INFO:Epoch: 12150/40000 | Train Loss: 1.817e-01 | Dynamic Loss: 1.816e-01 | Regularization Loss: 5.321e-05 | Val Loss: 3.439e-01 | Active Proj %: 3.27 | Time: 5.77s
2025-08-21 02:30:16,231:INFO:Epoch: 12200/40000 | Train Loss: 1.817e-01 | Dynamic Loss: 1.817e-01 | Regularization Loss: 5.068e-05 | Val Loss: 3.402e-01 | Active Proj %: 0.84 | Time: 6.68s
2025-08-21 02:30:22,308:INFO:Epoch: 12250/40000 | Train Loss: 2.029e-01 | Dynamic Loss: 2.029e-01 | Regularization Loss: 4.813e-05 | Val Loss: 3.671e-01 | Active Proj %: 0.34 | Time: 5.80s
2025-08-21 02:30:28,561:INFO:Epoch: 12300/40000 | Train Loss: 1.933e-01 | Dynamic Loss: 1.933e-01 | Regularization Loss: 4.568e-05 | Val Loss: 3.881e-01 | Active Proj %: 4.10 | Time: 6.13s
2025-08-21 02:30:34,489:INFO:Epoch: 12350/40000 | Train Loss: 1.777e-01 | Dynamic Loss: 1.776e-01 | Regularization Loss: 4.342e-05 | Val Loss: 3.279e-01 | Active Proj %: 5.44 | Time: 5.81s
2025-08-21 02:30:34,489:INFO:New best model found at epoch 12350 with validation loss 3.279e-01. Saving...
2025-08-21 02:30:40,494:INFO:Epoch: 12400/40000 | Train Loss: 1.662e-01 | Dynamic Loss: 1.661e-01 | Regularization Loss: 4.167e-05 | Val Loss: 3.314e-01 | Active Proj %: 0.67 | Time: 5.87s
2025-08-21 02:30:46,530:INFO:Epoch: 12450/40000 | Train Loss: 1.735e-01 | Dynamic Loss: 1.735e-01 | Regularization Loss: 3.982e-05 | Val Loss: 3.609e-01 | Active Proj %: 11.56 | Time: 5.92s
2025-08-21 02:30:52,455:INFO:Epoch: 12500/40000 | Train Loss: 2.234e-01 | Dynamic Loss: 2.234e-01 | Regularization Loss: 3.789e-05 | Val Loss: 3.975e-01 | Active Proj %: 6.28 | Time: 5.81s
2025-08-21 02:30:58,434:INFO:Epoch: 12550/40000 | Train Loss: 1.810e-01 | Dynamic Loss: 1.809e-01 | Regularization Loss: 3.617e-05 | Val Loss: 3.390e-01 | Active Proj %: 5.28 | Time: 5.86s
2025-08-21 02:31:04,378:INFO:Epoch: 12600/40000 | Train Loss: 1.868e-01 | Dynamic Loss: 1.868e-01 | Regularization Loss: 3.455e-05 | Val Loss: 3.720e-01 | Active Proj %: 4.36 | Time: 5.82s
2025-08-21 02:31:15,084:INFO:Epoch: 12650/40000 | Train Loss: 1.756e-01 | Dynamic Loss: 1.755e-01 | Regularization Loss: 3.268e-05 | Val Loss: 3.409e-01 | Active Proj %: 10.30 | Time: 10.59s
2025-08-21 02:31:21,019:INFO:Epoch: 12700/40000 | Train Loss: 1.634e-01 | Dynamic Loss: 1.634e-01 | Regularization Loss: 3.105e-05 | Val Loss: 3.243e-01 | Active Proj %: 4.52 | Time: 5.81s
2025-08-21 02:31:21,019:INFO:New best model found at epoch 12700 with validation loss 3.243e-01. Saving...
2025-08-21 02:31:26,967:INFO:Epoch: 12750/40000 | Train Loss: 1.705e-01 | Dynamic Loss: 1.705e-01 | Regularization Loss: 2.966e-05 | Val Loss: 3.313e-01 | Active Proj %: 1.17 | Time: 5.80s
2025-08-21 02:31:32,968:INFO:Epoch: 12800/40000 | Train Loss: 1.858e-01 | Dynamic Loss: 1.857e-01 | Regularization Loss: 2.841e-05 | Val Loss: 3.429e-01 | Active Proj %: 8.96 | Time: 5.89s
2025-08-21 02:31:38,893:INFO:Epoch: 12850/40000 | Train Loss: 1.638e-01 | Dynamic Loss: 1.638e-01 | Regularization Loss: 2.710e-05 | Val Loss: 3.229e-01 | Active Proj %: 4.44 | Time: 5.81s
2025-08-21 02:31:38,893:INFO:New best model found at epoch 12850 with validation loss 3.229e-01. Saving...
2025-08-21 02:31:44,931:INFO:Epoch: 12900/40000 | Train Loss: 1.703e-01 | Dynamic Loss: 1.703e-01 | Regularization Loss: 2.592e-05 | Val Loss: 3.281e-01 | Active Proj %: 3.69 | Time: 5.90s
2025-08-21 02:31:50,895:INFO:Epoch: 12950/40000 | Train Loss: 1.696e-01 | Dynamic Loss: 1.696e-01 | Regularization Loss: 2.487e-05 | Val Loss: 3.375e-01 | Active Proj %: 6.95 | Time: 5.85s
2025-08-21 02:31:57,218:INFO:Epoch: 13000/40000 | Train Loss: 2.046e-01 | Dynamic Loss: 2.046e-01 | Regularization Loss: 2.367e-05 | Val Loss: 3.647e-01 | Active Proj %: 14.49 | Time: 6.20s
2025-08-21 02:32:03,139:INFO:Epoch: 13050/40000 | Train Loss: 2.600e-01 | Dynamic Loss: 2.599e-01 | Regularization Loss: 1.981e-05 | Val Loss: 4.180e-01 | Active Proj %: 11.22 | Time: 5.81s
2025-08-21 02:32:09,146:INFO:Epoch: 13100/40000 | Train Loss: 1.756e-01 | Dynamic Loss: 1.756e-01 | Regularization Loss: 1.902e-05 | Val Loss: 3.232e-01 | Active Proj %: 5.78 | Time: 5.89s
2025-08-21 02:32:15,180:INFO:Epoch: 13150/40000 | Train Loss: 1.768e-01 | Dynamic Loss: 1.768e-01 | Regularization Loss: 1.856e-05 | Val Loss: 3.410e-01 | Active Proj %: 6.45 | Time: 5.91s
2025-08-21 02:32:21,093:INFO:Epoch: 13200/40000 | Train Loss: 2.005e-01 | Dynamic Loss: 2.005e-01 | Regularization Loss: 1.798e-05 | Val Loss: 3.691e-01 | Active Proj %: 8.21 | Time: 5.79s
2025-08-21 02:32:27,035:INFO:Epoch: 13250/40000 | Train Loss: 1.684e-01 | Dynamic Loss: 1.684e-01 | Regularization Loss: 1.738e-05 | Val Loss: 3.217e-01 | Active Proj %: 7.54 | Time: 5.82s
2025-08-21 02:32:27,035:INFO:New best model found at epoch 13250 with validation loss 3.217e-01. Saving...
2025-08-21 02:32:33,066:INFO:Epoch: 13300/40000 | Train Loss: 2.678e-01 | Dynamic Loss: 2.677e-01 | Regularization Loss: 1.675e-05 | Val Loss: 3.798e-01 | Active Proj %: 10.72 | Time: 5.89s
2025-08-21 02:32:39,106:INFO:Epoch: 13350/40000 | Train Loss: 1.649e-01 | Dynamic Loss: 1.649e-01 | Regularization Loss: 1.610e-05 | Val Loss: 3.218e-01 | Active Proj %: 3.02 | Time: 5.91s
2025-08-21 02:32:45,091:INFO:Epoch: 13400/40000 | Train Loss: 1.572e-01 | Dynamic Loss: 1.571e-01 | Regularization Loss: 1.550e-05 | Val Loss: 3.100e-01 | Active Proj %: 4.61 | Time: 5.86s
2025-08-21 02:32:45,091:INFO:New best model found at epoch 13400 with validation loss 3.100e-01. Saving...
2025-08-21 02:32:51,150:INFO:Epoch: 13450/40000 | Train Loss: 1.510e-01 | Dynamic Loss: 1.509e-01 | Regularization Loss: 1.490e-05 | Val Loss: 3.096e-01 | Active Proj %: 3.77 | Time: 5.91s
2025-08-21 02:32:51,150:INFO:New best model found at epoch 13450 with validation loss 3.096e-01. Saving...
2025-08-21 02:32:57,942:INFO:Epoch: 13500/40000 | Train Loss: 1.546e-01 | Dynamic Loss: 1.546e-01 | Regularization Loss: 1.439e-05 | Val Loss: 3.201e-01 | Active Proj %: 6.87 | Time: 6.65s
2025-08-21 02:33:03,987:INFO:Epoch: 13550/40000 | Train Loss: 1.651e-01 | Dynamic Loss: 1.651e-01 | Regularization Loss: 1.387e-05 | Val Loss: 3.329e-01 | Active Proj %: 12.23 | Time: 5.92s
2025-08-21 02:33:09,954:INFO:Epoch: 13600/40000 | Train Loss: 1.539e-01 | Dynamic Loss: 1.539e-01 | Regularization Loss: 1.337e-05 | Val Loss: 3.243e-01 | Active Proj %: 2.35 | Time: 5.85s
2025-08-21 02:33:15,964:INFO:Epoch: 13650/40000 | Train Loss: 1.673e-01 | Dynamic Loss: 1.673e-01 | Regularization Loss: 1.292e-05 | Val Loss: 3.196e-01 | Active Proj %: 6.95 | Time: 5.77s
2025-08-21 02:33:21,945:INFO:Epoch: 13700/40000 | Train Loss: 1.618e-01 | Dynamic Loss: 1.618e-01 | Regularization Loss: 1.242e-05 | Val Loss: 3.448e-01 | Active Proj %: 9.05 | Time: 5.86s
2025-08-21 02:33:27,934:INFO:Epoch: 13750/40000 | Train Loss: 1.503e-01 | Dynamic Loss: 1.503e-01 | Regularization Loss: 1.174e-05 | Val Loss: 3.170e-01 | Active Proj %: 6.53 | Time: 5.86s
2025-08-21 02:33:33,935:INFO:Epoch: 13800/40000 | Train Loss: 1.495e-01 | Dynamic Loss: 1.495e-01 | Regularization Loss: 1.119e-05 | Val Loss: 3.052e-01 | Active Proj %: 7.20 | Time: 5.88s
2025-08-21 02:33:33,935:INFO:New best model found at epoch 13800 with validation loss 3.052e-01. Saving...
2025-08-21 02:33:40,375:INFO:Epoch: 13850/40000 | Train Loss: 2.502e-01 | Dynamic Loss: 2.502e-01 | Regularization Loss: 1.079e-05 | Val Loss: 3.773e-01 | Active Proj %: 13.90 | Time: 6.30s
2025-08-21 02:33:46,408:INFO:Epoch: 13900/40000 | Train Loss: 1.678e-01 | Dynamic Loss: 1.678e-01 | Regularization Loss: 1.043e-05 | Val Loss: 3.106e-01 | Active Proj %: 8.96 | Time: 5.91s
2025-08-21 02:33:52,319:INFO:Epoch: 13950/40000 | Train Loss: 1.776e-01 | Dynamic Loss: 1.775e-01 | Regularization Loss: 1.003e-05 | Val Loss: 3.315e-01 | Active Proj %: 14.32 | Time: 5.79s
2025-08-21 02:33:58,642:INFO:Epoch: 14000/40000 | Train Loss: 1.481e-01 | Dynamic Loss: 1.481e-01 | Regularization Loss: 9.647e-06 | Val Loss: 3.174e-01 | Active Proj %: 8.21 | Time: 6.20s
2025-08-21 02:34:04,645:INFO:Epoch: 14050/40000 | Train Loss: 1.462e-01 | Dynamic Loss: 1.462e-01 | Regularization Loss: 9.115e-06 | Val Loss: 3.072e-01 | Active Proj %: 6.70 | Time: 5.89s
2025-08-21 02:34:10,922:INFO:Epoch: 14100/40000 | Train Loss: 1.672e-01 | Dynamic Loss: 1.672e-01 | Regularization Loss: 8.825e-06 | Val Loss: 3.364e-01 | Active Proj %: 9.88 | Time: 6.16s
2025-08-21 02:34:17,058:INFO:Epoch: 14150/40000 | Train Loss: 1.557e-01 | Dynamic Loss: 1.557e-01 | Regularization Loss: 8.503e-06 | Val Loss: 3.242e-01 | Active Proj %: 7.54 | Time: 6.01s
2025-08-21 02:34:23,146:INFO:Epoch: 14200/40000 | Train Loss: 2.251e-01 | Dynamic Loss: 2.251e-01 | Regularization Loss: 8.198e-06 | Val Loss: 3.833e-01 | Active Proj %: 11.22 | Time: 5.96s
2025-08-21 02:34:29,164:INFO:Epoch: 14250/40000 | Train Loss: 1.674e-01 | Dynamic Loss: 1.674e-01 | Regularization Loss: 7.919e-06 | Val Loss: 3.225e-01 | Active Proj %: 8.04 | Time: 5.89s
2025-08-21 02:34:35,149:INFO:Epoch: 14300/40000 | Train Loss: 1.482e-01 | Dynamic Loss: 1.482e-01 | Regularization Loss: 7.255e-06 | Val Loss: 3.102e-01 | Active Proj %: 8.04 | Time: 5.86s
2025-08-21 02:34:41,311:INFO:Epoch: 14350/40000 | Train Loss: 1.426e-01 | Dynamic Loss: 1.426e-01 | Regularization Loss: 6.987e-06 | Val Loss: 3.077e-01 | Active Proj %: 9.88 | Time: 6.04s
2025-08-21 02:34:47,341:INFO:Epoch: 14400/40000 | Train Loss: 1.777e-01 | Dynamic Loss: 1.776e-01 | Regularization Loss: 6.746e-06 | Val Loss: 3.580e-01 | Active Proj %: 10.22 | Time: 5.90s
2025-08-21 02:34:53,318:INFO:Epoch: 14450/40000 | Train Loss: 1.559e-01 | Dynamic Loss: 1.559e-01 | Regularization Loss: 6.477e-06 | Val Loss: 3.132e-01 | Active Proj %: 5.95 | Time: 5.86s
2025-08-21 02:34:59,419:INFO:Epoch: 14500/40000 | Train Loss: 1.378e-01 | Dynamic Loss: 1.378e-01 | Regularization Loss: 6.252e-06 | Val Loss: 3.032e-01 | Active Proj %: 7.71 | Time: 5.97s
2025-08-21 02:34:59,419:INFO:New best model found at epoch 14500 with validation loss 3.032e-01. Saving...
2025-08-21 02:35:05,467:INFO:Epoch: 14550/40000 | Train Loss: 1.368e-01 | Dynamic Loss: 1.368e-01 | Regularization Loss: 5.991e-06 | Val Loss: 3.028e-01 | Active Proj %: 11.98 | Time: 5.91s
2025-08-21 02:35:05,468:INFO:New best model found at epoch 14550 with validation loss 3.028e-01. Saving...
2025-08-21 02:35:11,437:INFO:Epoch: 14600/40000 | Train Loss: 1.440e-01 | Dynamic Loss: 1.440e-01 | Regularization Loss: 5.769e-06 | Val Loss: 3.074e-01 | Active Proj %: 5.36 | Time: 5.82s
2025-08-21 02:35:17,414:INFO:Epoch: 14650/40000 | Train Loss: 1.389e-01 | Dynamic Loss: 1.389e-01 | Regularization Loss: 5.586e-06 | Val Loss: 3.066e-01 | Active Proj %: 7.04 | Time: 5.86s
2025-08-21 02:35:26,779:INFO:Epoch: 14700/40000 | Train Loss: 1.331e-01 | Dynamic Loss: 1.331e-01 | Regularization Loss: 5.417e-06 | Val Loss: 3.033e-01 | Active Proj %: 7.45 | Time: 9.24s
2025-08-21 02:35:32,753:INFO:Epoch: 14750/40000 | Train Loss: 1.384e-01 | Dynamic Loss: 1.383e-01 | Regularization Loss: 5.224e-06 | Val Loss: 3.005e-01 | Active Proj %: 11.14 | Time: 5.85s
2025-08-21 02:35:32,753:INFO:New best model found at epoch 14750 with validation loss 3.005e-01. Saving...
2025-08-21 02:35:38,730:INFO:Epoch: 14800/40000 | Train Loss: 1.334e-01 | Dynamic Loss: 1.334e-01 | Regularization Loss: 5.053e-06 | Val Loss: 3.014e-01 | Active Proj %: 8.79 | Time: 5.84s
2025-08-21 02:35:45,823:INFO:Epoch: 14850/40000 | Train Loss: 5.906e-01 | Dynamic Loss: 5.906e-01 | Regularization Loss: 4.885e-06 | Val Loss: 4.897e-01 | Active Proj %: 12.31 | Time: 6.97s
2025-08-21 02:35:51,755:INFO:Epoch: 14900/40000 | Train Loss: 1.290e-01 | Dynamic Loss: 1.290e-01 | Regularization Loss: 4.633e-06 | Val Loss: 2.959e-01 | Active Proj %: 6.37 | Time: 5.81s
2025-08-21 02:35:51,755:INFO:New best model found at epoch 14900 with validation loss 2.959e-01. Saving...
2025-08-21 02:35:57,661:INFO:Epoch: 14950/40000 | Train Loss: 1.381e-01 | Dynamic Loss: 1.381e-01 | Regularization Loss: 4.440e-06 | Val Loss: 3.090e-01 | Active Proj %: 11.81 | Time: 5.76s
2025-08-21 02:36:03,764:INFO:Epoch: 15000/40000 | Train Loss: 1.940e-01 | Dynamic Loss: 1.940e-01 | Regularization Loss: 4.029e-06 | Val Loss: 3.621e-01 | Active Proj %: 11.89 | Time: 5.98s
2025-08-21 02:36:09,740:INFO:Epoch: 15050/40000 | Train Loss: 1.882e-01 | Dynamic Loss: 1.882e-01 | Regularization Loss: 3.838e-06 | Val Loss: 3.439e-01 | Active Proj %: 12.56 | Time: 5.85s
2025-08-21 02:36:15,697:INFO:Epoch: 15100/40000 | Train Loss: 1.339e-01 | Dynamic Loss: 1.339e-01 | Regularization Loss: 3.731e-06 | Val Loss: 3.044e-01 | Active Proj %: 8.46 | Time: 5.83s
2025-08-21 02:36:21,774:INFO:Epoch: 15150/40000 | Train Loss: 1.321e-01 | Dynamic Loss: 1.321e-01 | Regularization Loss: 3.621e-06 | Val Loss: 3.005e-01 | Active Proj %: 8.21 | Time: 5.95s
2025-08-21 02:36:27,763:INFO:Epoch: 15200/40000 | Train Loss: 1.292e-01 | Dynamic Loss: 1.292e-01 | Regularization Loss: 3.470e-06 | Val Loss: 3.040e-01 | Active Proj %: 8.46 | Time: 5.87s
2025-08-21 02:36:34,208:INFO:Epoch: 15250/40000 | Train Loss: 1.266e-01 | Dynamic Loss: 1.266e-01 | Regularization Loss: 3.286e-06 | Val Loss: 2.966e-01 | Active Proj %: 9.05 | Time: 6.32s
2025-08-21 02:36:40,270:INFO:Epoch: 15300/40000 | Train Loss: 1.738e-01 | Dynamic Loss: 1.738e-01 | Regularization Loss: 3.181e-06 | Val Loss: 3.591e-01 | Active Proj %: 11.47 | Time: 5.81s
2025-08-21 02:36:46,307:INFO:Epoch: 15350/40000 | Train Loss: 1.293e-01 | Dynamic Loss: 1.293e-01 | Regularization Loss: 3.094e-06 | Val Loss: 3.049e-01 | Active Proj %: 8.29 | Time: 5.91s
2025-08-21 02:36:52,287:INFO:Epoch: 15400/40000 | Train Loss: 2.346e-01 | Dynamic Loss: 2.346e-01 | Regularization Loss: 2.991e-06 | Val Loss: 4.309e-01 | Active Proj %: 15.75 | Time: 5.85s
2025-08-21 02:36:58,271:INFO:Epoch: 15450/40000 | Train Loss: 1.550e-01 | Dynamic Loss: 1.550e-01 | Regularization Loss: 2.855e-06 | Val Loss: 3.191e-01 | Active Proj %: 10.22 | Time: 5.85s
2025-08-21 02:37:04,434:INFO:Epoch: 15500/40000 | Train Loss: 2.214e-01 | Dynamic Loss: 2.214e-01 | Regularization Loss: 2.771e-06 | Val Loss: 3.978e-01 | Active Proj %: 10.05 | Time: 6.04s
2025-08-21 02:37:10,369:INFO:Epoch: 15550/40000 | Train Loss: 1.364e-01 | Dynamic Loss: 1.364e-01 | Regularization Loss: 2.677e-06 | Val Loss: 3.026e-01 | Active Proj %: 11.47 | Time: 5.81s
2025-08-21 02:37:16,350:INFO:Epoch: 15600/40000 | Train Loss: 1.272e-01 | Dynamic Loss: 1.272e-01 | Regularization Loss: 2.588e-06 | Val Loss: 2.977e-01 | Active Proj %: 9.38 | Time: 5.85s
2025-08-21 02:37:22,448:INFO:Epoch: 15650/40000 | Train Loss: 1.431e-01 | Dynamic Loss: 1.431e-01 | Regularization Loss: 2.490e-06 | Val Loss: 3.298e-01 | Active Proj %: 12.81 | Time: 5.96s
2025-08-21 02:37:28,411:INFO:Epoch: 15700/40000 | Train Loss: 1.782e-01 | Dynamic Loss: 1.782e-01 | Regularization Loss: 2.382e-06 | Val Loss: 3.383e-01 | Active Proj %: 10.47 | Time: 5.84s
2025-08-21 02:37:34,882:INFO:Epoch: 15750/40000 | Train Loss: 1.430e-01 | Dynamic Loss: 1.430e-01 | Regularization Loss: 2.293e-06 | Val Loss: 4.450e-01 | Active Proj %: 16.42 | Time: 6.35s
2025-08-21 02:37:41,095:INFO:Epoch: 15800/40000 | Train Loss: 1.254e-01 | Dynamic Loss: 1.254e-01 | Regularization Loss: 2.195e-06 | Val Loss: 2.935e-01 | Active Proj %: 10.30 | Time: 6.09s
2025-08-21 02:37:41,095:INFO:New best model found at epoch 15800 with validation loss 2.935e-01. Saving...
2025-08-21 02:37:47,139:INFO:Epoch: 15850/40000 | Train Loss: 1.526e-01 | Dynamic Loss: 1.526e-01 | Regularization Loss: 2.079e-06 | Val Loss: 3.399e-01 | Active Proj %: 12.81 | Time: 5.89s
2025-08-21 02:37:53,110:INFO:Epoch: 15900/40000 | Train Loss: 2.115e-01 | Dynamic Loss: 2.115e-01 | Regularization Loss: 1.985e-06 | Val Loss: 3.438e-01 | Active Proj %: 10.97 | Time: 5.84s
2025-08-21 02:37:59,164:INFO:Epoch: 15950/40000 | Train Loss: 2.245e-01 | Dynamic Loss: 2.245e-01 | Regularization Loss: 1.869e-06 | Val Loss: 4.036e-01 | Active Proj %: 12.31 | Time: 5.93s
2025-08-21 02:38:05,914:INFO:Epoch: 16000/40000 | Train Loss: 1.171e-01 | Dynamic Loss: 1.171e-01 | Regularization Loss: 1.806e-06 | Val Loss: 2.845e-01 | Active Proj %: 7.29 | Time: 6.63s
2025-08-21 02:38:05,914:INFO:New best model found at epoch 16000 with validation loss 2.845e-01. Saving...
2025-08-21 02:38:11,926:INFO:Epoch: 16050/40000 | Train Loss: 1.517e-01 | Dynamic Loss: 1.517e-01 | Regularization Loss: 1.758e-06 | Val Loss: 3.597e-01 | Active Proj %: 12.31 | Time: 5.86s
2025-08-21 02:38:18,005:INFO:Epoch: 16100/40000 | Train Loss: 2.082e-01 | Dynamic Loss: 2.082e-01 | Regularization Loss: 1.673e-06 | Val Loss: 4.138e-01 | Active Proj %: 8.88 | Time: 5.95s
2025-08-21 02:38:24,122:INFO:Epoch: 16150/40000 | Train Loss: 1.257e-01 | Dynamic Loss: 1.257e-01 | Regularization Loss: 1.476e-06 | Val Loss: 2.885e-01 | Active Proj %: 10.47 | Time: 5.99s
2025-08-21 02:38:30,189:INFO:Epoch: 16200/40000 | Train Loss: 1.241e-01 | Dynamic Loss: 1.241e-01 | Regularization Loss: 1.430e-06 | Val Loss: 3.069e-01 | Active Proj %: 14.15 | Time: 5.94s
2025-08-21 02:38:36,164:INFO:Epoch: 16250/40000 | Train Loss: 1.211e-01 | Dynamic Loss: 1.211e-01 | Regularization Loss: 1.351e-06 | Val Loss: 2.840e-01 | Active Proj %: 10.39 | Time: 5.85s
2025-08-21 02:38:36,164:INFO:New best model found at epoch 16250 with validation loss 2.840e-01. Saving...
2025-08-21 02:38:42,346:INFO:Epoch: 16300/40000 | Train Loss: 1.333e-01 | Dynamic Loss: 1.333e-01 | Regularization Loss: 1.304e-06 | Val Loss: 3.178e-01 | Active Proj %: 12.98 | Time: 6.04s
2025-08-21 02:38:48,377:INFO:Epoch: 16350/40000 | Train Loss: 1.127e-01 | Dynamic Loss: 1.127e-01 | Regularization Loss: 1.257e-06 | Val Loss: 2.797e-01 | Active Proj %: 10.89 | Time: 5.91s
2025-08-21 02:38:48,377:INFO:New best model found at epoch 16350 with validation loss 2.797e-01. Saving...
2025-08-21 02:38:54,415:INFO:Epoch: 16400/40000 | Train Loss: 1.339e-01 | Dynamic Loss: 1.339e-01 | Regularization Loss: 1.221e-06 | Val Loss: 3.032e-01 | Active Proj %: 10.80 | Time: 5.89s
2025-08-21 02:39:00,518:INFO:Epoch: 16450/40000 | Train Loss: 1.106e-01 | Dynamic Loss: 1.106e-01 | Regularization Loss: 1.181e-06 | Val Loss: 2.782e-01 | Active Proj %: 10.39 | Time: 5.98s
2025-08-21 02:39:00,518:INFO:New best model found at epoch 16450 with validation loss 2.782e-01. Saving...
2025-08-21 02:39:06,526:INFO:Epoch: 16500/40000 | Train Loss: 1.165e-01 | Dynamic Loss: 1.165e-01 | Regularization Loss: 1.156e-06 | Val Loss: 2.861e-01 | Active Proj %: 11.47 | Time: 5.87s
2025-08-21 02:39:12,521:INFO:Epoch: 16550/40000 | Train Loss: 1.136e-01 | Dynamic Loss: 1.136e-01 | Regularization Loss: 1.115e-06 | Val Loss: 2.817e-01 | Active Proj %: 7.62 | Time: 5.88s
2025-08-21 02:39:18,603:INFO:Epoch: 16600/40000 | Train Loss: 1.265e-01 | Dynamic Loss: 1.265e-01 | Regularization Loss: 1.049e-06 | Val Loss: 2.872e-01 | Active Proj %: 10.55 | Time: 5.96s
2025-08-21 02:39:24,652:INFO:Epoch: 16650/40000 | Train Loss: 1.206e-01 | Dynamic Loss: 1.206e-01 | Regularization Loss: 1.014e-06 | Val Loss: 2.876e-01 | Active Proj %: 10.97 | Time: 5.93s
2025-08-21 02:39:30,638:INFO:Epoch: 16700/40000 | Train Loss: 1.169e-01 | Dynamic Loss: 1.169e-01 | Regularization Loss: 9.412e-07 | Val Loss: 2.781e-01 | Active Proj %: 10.89 | Time: 5.87s
2025-08-21 02:39:30,638:INFO:New best model found at epoch 16700 with validation loss 2.781e-01. Saving...
2025-08-21 02:39:37,901:INFO:Epoch: 16750/40000 | Train Loss: 1.235e-01 | Dynamic Loss: 1.235e-01 | Regularization Loss: 9.115e-07 | Val Loss: 2.853e-01 | Active Proj %: 10.89 | Time: 7.12s
2025-08-21 02:39:43,913:INFO:Epoch: 16800/40000 | Train Loss: 1.122e-01 | Dynamic Loss: 1.122e-01 | Regularization Loss: 8.777e-07 | Val Loss: 2.774e-01 | Active Proj %: 13.57 | Time: 5.89s
2025-08-21 02:39:43,913:INFO:New best model found at epoch 16800 with validation loss 2.774e-01. Saving...
2025-08-21 02:39:50,029:INFO:Epoch: 16850/40000 | Train Loss: 1.660e-01 | Dynamic Loss: 1.660e-01 | Regularization Loss: 7.359e-07 | Val Loss: 3.218e-01 | Active Proj %: 13.07 | Time: 5.97s
2025-08-21 02:39:56,215:INFO:Epoch: 16900/40000 | Train Loss: 1.149e-01 | Dynamic Loss: 1.149e-01 | Regularization Loss: 6.951e-07 | Val Loss: 2.775e-01 | Active Proj %: 12.06 | Time: 6.07s
2025-08-21 02:40:02,274:INFO:Epoch: 16950/40000 | Train Loss: 1.156e-01 | Dynamic Loss: 1.156e-01 | Regularization Loss: 6.834e-07 | Val Loss: 2.997e-01 | Active Proj %: 8.88 | Time: 5.94s
2025-08-21 02:40:08,415:INFO:Epoch: 17000/40000 | Train Loss: 1.363e-01 | Dynamic Loss: 1.363e-01 | Regularization Loss: 6.653e-07 | Val Loss: 2.899e-01 | Active Proj %: 11.39 | Time: 6.02s
2025-08-21 02:40:14,573:INFO:Epoch: 17050/40000 | Train Loss: 2.653e-01 | Dynamic Loss: 2.653e-01 | Regularization Loss: 3.901e-07 | Val Loss: 4.271e-01 | Active Proj %: 14.74 | Time: 6.03s
2025-08-21 02:40:20,811:INFO:Epoch: 17100/40000 | Train Loss: 1.222e-01 | Dynamic Loss: 1.222e-01 | Regularization Loss: 3.497e-07 | Val Loss: 2.781e-01 | Active Proj %: 11.31 | Time: 6.12s
2025-08-21 02:40:26,795:INFO:Epoch: 17150/40000 | Train Loss: 1.257e-01 | Dynamic Loss: 1.257e-01 | Regularization Loss: 3.070e-07 | Val Loss: 2.840e-01 | Active Proj %: 13.74 | Time: 5.87s
2025-08-21 02:40:32,995:INFO:Epoch: 17200/40000 | Train Loss: 1.083e-01 | Dynamic Loss: 1.083e-01 | Regularization Loss: 3.039e-07 | Val Loss: 2.682e-01 | Active Proj %: 10.55 | Time: 6.07s
2025-08-21 02:40:32,995:INFO:New best model found at epoch 17200 with validation loss 2.682e-01. Saving...
2025-08-21 02:40:39,194:INFO:Epoch: 17250/40000 | Train Loss: 1.037e-01 | Dynamic Loss: 1.037e-01 | Regularization Loss: 3.018e-07 | Val Loss: 2.669e-01 | Active Proj %: 11.56 | Time: 6.06s
2025-08-21 02:40:39,195:INFO:New best model found at epoch 17250 with validation loss 2.669e-01. Saving...
2025-08-21 02:40:45,184:INFO:Epoch: 17300/40000 | Train Loss: 1.047e-01 | Dynamic Loss: 1.047e-01 | Regularization Loss: 2.940e-07 | Val Loss: 2.660e-01 | Active Proj %: 11.39 | Time: 5.85s
2025-08-21 02:40:45,184:INFO:New best model found at epoch 17300 with validation loss 2.660e-01. Saving...
2025-08-21 02:40:51,306:INFO:Epoch: 17350/40000 | Train Loss: 1.065e-01 | Dynamic Loss: 1.065e-01 | Regularization Loss: 2.865e-07 | Val Loss: 2.730e-01 | Active Proj %: 11.98 | Time: 5.98s
2025-08-21 02:40:57,309:INFO:Epoch: 17400/40000 | Train Loss: 1.057e-01 | Dynamic Loss: 1.057e-01 | Regularization Loss: 2.426e-07 | Val Loss: 2.648e-01 | Active Proj %: 11.47 | Time: 5.88s
2025-08-21 02:40:57,309:INFO:New best model found at epoch 17400 with validation loss 2.648e-01. Saving...
2025-08-21 02:41:03,323:INFO:Epoch: 17450/40000 | Train Loss: 1.071e-01 | Dynamic Loss: 1.071e-01 | Regularization Loss: 2.304e-07 | Val Loss: 2.683e-01 | Active Proj %: 12.06 | Time: 5.87s
2025-08-21 02:41:09,341:INFO:Epoch: 17500/40000 | Train Loss: 5.918e-01 | Dynamic Loss: 5.918e-01 | Regularization Loss: 1.918e-07 | Val Loss: 7.170e-01 | Active Proj %: 16.08 | Time: 5.90s
2025-08-21 02:41:16,298:INFO:Epoch: 17550/40000 | Train Loss: 1.219e-01 | Dynamic Loss: 1.219e-01 | Regularization Loss: 1.526e-07 | Val Loss: 2.691e-01 | Active Proj %: 12.81 | Time: 6.84s
2025-08-21 02:41:22,445:INFO:Epoch: 17600/40000 | Train Loss: 1.029e-01 | Dynamic Loss: 1.029e-01 | Regularization Loss: 1.518e-07 | Val Loss: 2.576e-01 | Active Proj %: 11.81 | Time: 6.03s
2025-08-21 02:41:22,445:INFO:New best model found at epoch 17600 with validation loss 2.576e-01. Saving...
2025-08-21 02:41:28,549:INFO:Epoch: 17650/40000 | Train Loss: 2.338e-01 | Dynamic Loss: 2.338e-01 | Regularization Loss: 1.508e-07 | Val Loss: 3.374e-01 | Active Proj %: 12.48 | Time: 5.96s
2025-08-21 02:41:39,722:INFO:Epoch: 17700/40000 | Train Loss: 1.178e-01 | Dynamic Loss: 1.178e-01 | Regularization Loss: 1.439e-07 | Val Loss: 2.759e-01 | Active Proj %: 13.90 | Time: 11.05s
2025-08-21 02:41:45,799:INFO:Epoch: 17750/40000 | Train Loss: 1.362e-01 | Dynamic Loss: 1.362e-01 | Regularization Loss: 1.300e-07 | Val Loss: 2.917e-01 | Active Proj %: 15.41 | Time: 5.95s
2025-08-21 02:41:51,941:INFO:Epoch: 17800/40000 | Train Loss: 9.853e-02 | Dynamic Loss: 9.853e-02 | Regularization Loss: 1.277e-07 | Val Loss: 2.573e-01 | Active Proj %: 11.47 | Time: 6.02s
2025-08-21 02:41:51,941:INFO:New best model found at epoch 17800 with validation loss 2.573e-01. Saving...
2025-08-21 02:41:58,018:INFO:Epoch: 17850/40000 | Train Loss: 9.936e-02 | Dynamic Loss: 9.936e-02 | Regularization Loss: 1.276e-07 | Val Loss: 2.645e-01 | Active Proj %: 11.06 | Time: 5.93s
2025-08-21 02:42:04,152:INFO:Epoch: 17900/40000 | Train Loss: 1.746e-01 | Dynamic Loss: 1.746e-01 | Regularization Loss: 1.265e-07 | Val Loss: 3.110e-01 | Active Proj %: 11.81 | Time: 6.01s
2025-08-21 02:42:10,364:INFO:Epoch: 17950/40000 | Train Loss: 1.322e-01 | Dynamic Loss: 1.322e-01 | Regularization Loss: 9.357e-08 | Val Loss: 2.770e-01 | Active Proj %: 9.46 | Time: 5.96s
2025-08-21 02:42:16,491:INFO:Epoch: 18000/40000 | Train Loss: 9.792e-02 | Dynamic Loss: 9.792e-02 | Regularization Loss: 9.259e-08 | Val Loss: 2.531e-01 | Active Proj %: 12.14 | Time: 6.00s
2025-08-21 02:42:16,491:INFO:New best model found at epoch 18000 with validation loss 2.531e-01. Saving...
2025-08-21 02:42:22,549:INFO:Epoch: 18050/40000 | Train Loss: 1.020e-01 | Dynamic Loss: 1.020e-01 | Regularization Loss: 9.045e-08 | Val Loss: 2.581e-01 | Active Proj %: 13.57 | Time: 5.92s
2025-08-21 02:42:28,677:INFO:Epoch: 18100/40000 | Train Loss: 9.661e-02 | Dynamic Loss: 9.661e-02 | Regularization Loss: 8.864e-08 | Val Loss: 2.570e-01 | Active Proj %: 11.73 | Time: 6.01s
2025-08-21 02:42:34,786:INFO:Epoch: 18150/40000 | Train Loss: 1.141e-01 | Dynamic Loss: 1.141e-01 | Regularization Loss: 8.907e-08 | Val Loss: 2.588e-01 | Active Proj %: 12.23 | Time: 5.98s
2025-08-21 02:42:40,921:INFO:Epoch: 18200/40000 | Train Loss: 1.083e-01 | Dynamic Loss: 1.083e-01 | Regularization Loss: 8.871e-08 | Val Loss: 2.734e-01 | Active Proj %: 10.64 | Time: 6.01s
2025-08-21 02:42:47,143:INFO:Epoch: 18250/40000 | Train Loss: 1.003e-01 | Dynamic Loss: 1.003e-01 | Regularization Loss: 8.579e-08 | Val Loss: 2.635e-01 | Active Proj %: 12.31 | Time: 5.96s
2025-08-21 02:42:53,254:INFO:Epoch: 18300/40000 | Train Loss: 1.197e-01 | Dynamic Loss: 1.197e-01 | Regularization Loss: 7.447e-08 | Val Loss: 2.684e-01 | Active Proj %: 13.57 | Time: 5.99s
2025-08-21 02:42:59,318:INFO:Epoch: 18350/40000 | Train Loss: 1.172e-01 | Dynamic Loss: 1.172e-01 | Regularization Loss: 7.356e-08 | Val Loss: 3.242e-01 | Active Proj %: 9.63 | Time: 5.94s
2025-08-21 02:43:05,371:INFO:Epoch: 18400/40000 | Train Loss: 9.837e-02 | Dynamic Loss: 9.837e-02 | Regularization Loss: 6.719e-08 | Val Loss: 2.574e-01 | Active Proj %: 13.48 | Time: 5.93s
2025-08-21 02:43:14,508:INFO:Epoch: 18450/40000 | Train Loss: 1.772e-01 | Dynamic Loss: 1.772e-01 | Regularization Loss: 6.652e-08 | Val Loss: 3.232e-01 | Active Proj %: 13.74 | Time: 9.01s
2025-08-21 02:43:20,721:INFO:Epoch: 18500/40000 | Train Loss: 1.578e-01 | Dynamic Loss: 1.578e-01 | Regularization Loss: 4.912e-08 | Val Loss: 2.950e-01 | Active Proj %: 14.07 | Time: 6.09s
2025-08-21 02:43:26,814:INFO:Epoch: 18550/40000 | Train Loss: 9.506e-02 | Dynamic Loss: 9.506e-02 | Regularization Loss: 4.713e-08 | Val Loss: 2.488e-01 | Active Proj %: 12.40 | Time: 5.97s
2025-08-21 02:43:26,814:INFO:New best model found at epoch 18550 with validation loss 2.488e-01. Saving...
2025-08-21 02:43:40,316:INFO:Epoch: 18600/40000 | Train Loss: 9.179e-02 | Dynamic Loss: 9.179e-02 | Regularization Loss: 4.984e-08 | Val Loss: 2.531e-01 | Active Proj %: 10.89 | Time: 13.35s
2025-08-21 02:43:46,465:INFO:Epoch: 18650/40000 | Train Loss: 9.539e-02 | Dynamic Loss: 9.539e-02 | Regularization Loss: 4.882e-08 | Val Loss: 2.540e-01 | Active Proj %: 12.90 | Time: 6.02s
2025-08-21 02:43:52,645:INFO:Epoch: 18700/40000 | Train Loss: 1.937e-01 | Dynamic Loss: 1.937e-01 | Regularization Loss: 4.831e-08 | Val Loss: 3.645e-01 | Active Proj %: 12.90 | Time: 6.06s
2025-08-21 02:43:58,765:INFO:Epoch: 18750/40000 | Train Loss: 1.400e-01 | Dynamic Loss: 1.400e-01 | Regularization Loss: 4.469e-08 | Val Loss: 3.252e-01 | Active Proj %: 11.64 | Time: 6.00s
2025-08-21 02:44:04,619:INFO:Epoch: 18800/40000 | Train Loss: 3.532e-01 | Dynamic Loss: 3.532e-01 | Regularization Loss: 2.210e-09 | Val Loss: 4.517e-01 | Active Proj %: 15.58 | Time: 5.73s
2025-08-21 02:44:10,494:INFO:Epoch: 18850/40000 | Train Loss: 1.382e-01 | Dynamic Loss: 1.382e-01 | Regularization Loss: 1.906e-09 | Val Loss: 2.664e-01 | Active Proj %: 11.56 | Time: 5.75s
2025-08-21 02:44:19,976:INFO:Epoch: 18900/40000 | Train Loss: 1.110e-01 | Dynamic Loss: 1.110e-01 | Regularization Loss: 1.929e-09 | Val Loss: 2.434e-01 | Active Proj %: 11.73 | Time: 9.36s
2025-08-21 02:44:19,977:INFO:New best model found at epoch 18900 with validation loss 2.434e-01. Saving...
2025-08-21 02:44:26,068:INFO:Epoch: 18950/40000 | Train Loss: 1.446e-01 | Dynamic Loss: 1.446e-01 | Regularization Loss: 1.947e-09 | Val Loss: 3.234e-01 | Active Proj %: 12.56 | Time: 5.94s
2025-08-21 02:44:32,005:INFO:Epoch: 19000/40000 | Train Loss: 1.003e-01 | Dynamic Loss: 1.003e-01 | Regularization Loss: 1.955e-09 | Val Loss: 2.420e-01 | Active Proj %: 13.40 | Time: 5.82s
2025-08-21 02:44:32,005:INFO:New best model found at epoch 19000 with validation loss 2.420e-01. Saving...
2025-08-21 02:44:37,907:INFO:Epoch: 19050/40000 | Train Loss: 3.193e-01 | Dynamic Loss: 3.193e-01 | Regularization Loss: 1.602e-09 | Val Loss: 4.315e-01 | Active Proj %: 8.88 | Time: 5.75s
2025-08-21 02:44:44,050:INFO:Epoch: 19100/40000 | Train Loss: 1.608e-01 | Dynamic Loss: 1.608e-01 | Regularization Loss: 1.503e-09 | Val Loss: 2.882e-01 | Active Proj %: 13.57 | Time: 6.02s
2025-08-21 02:44:50,215:INFO:Epoch: 19150/40000 | Train Loss: 1.228e-01 | Dynamic Loss: 1.228e-01 | Regularization Loss: 1.419e-09 | Val Loss: 2.519e-01 | Active Proj %: 12.65 | Time: 6.04s
2025-08-21 02:44:56,192:INFO:Epoch: 19200/40000 | Train Loss: 1.460e-01 | Dynamic Loss: 1.460e-01 | Regularization Loss: 1.112e-09 | Val Loss: 2.773e-01 | Active Proj %: 12.56 | Time: 5.85s
2025-08-21 02:45:02,088:INFO:Epoch: 19250/40000 | Train Loss: 9.736e-02 | Dynamic Loss: 9.736e-02 | Regularization Loss: 1.099e-09 | Val Loss: 2.362e-01 | Active Proj %: 13.32 | Time: 5.78s
2025-08-21 02:45:02,088:INFO:New best model found at epoch 19250 with validation loss 2.362e-01. Saving...
2025-08-21 02:45:08,053:INFO:Epoch: 19300/40000 | Train Loss: 4.375e-01 | Dynamic Loss: 4.375e-01 | Regularization Loss: 1.100e-09 | Val Loss: 7.278e-01 | Active Proj %: 11.39 | Time: 5.81s
2025-08-21 02:45:13,986:INFO:Epoch: 19350/40000 | Train Loss: 9.443e-02 | Dynamic Loss: 9.443e-02 | Regularization Loss: 1.034e-09 | Val Loss: 2.361e-01 | Active Proj %: 14.07 | Time: 5.81s
2025-08-21 02:45:13,986:INFO:New best model found at epoch 19350 with validation loss 2.361e-01. Saving...
2025-08-21 02:45:20,770:INFO:Epoch: 19400/40000 | Train Loss: 1.246e-01 | Dynamic Loss: 1.246e-01 | Regularization Loss: 1.026e-09 | Val Loss: 2.582e-01 | Active Proj %: 11.14 | Time: 6.64s
2025-08-21 02:45:26,821:INFO:Epoch: 19450/40000 | Train Loss: 1.014e-01 | Dynamic Loss: 1.014e-01 | Regularization Loss: 1.026e-09 | Val Loss: 2.430e-01 | Active Proj %: 13.07 | Time: 5.92s
2025-08-21 02:45:32,815:INFO:Epoch: 19500/40000 | Train Loss: 1.606e-01 | Dynamic Loss: 1.606e-01 | Regularization Loss: 9.976e-10 | Val Loss: 2.698e-01 | Active Proj %: 12.81 | Time: 5.87s
2025-08-21 02:45:38,726:INFO:Epoch: 19550/40000 | Train Loss: 1.112e-01 | Dynamic Loss: 1.112e-01 | Regularization Loss: 9.662e-10 | Val Loss: 2.670e-01 | Active Proj %: 13.57 | Time: 5.78s
2025-08-21 02:45:44,700:INFO:Epoch: 19600/40000 | Train Loss: 8.783e-02 | Dynamic Loss: 8.783e-02 | Regularization Loss: 9.607e-10 | Val Loss: 2.360e-01 | Active Proj %: 13.65 | Time: 5.85s
2025-08-21 02:45:44,700:INFO:New best model found at epoch 19600 with validation loss 2.360e-01. Saving...
2025-08-21 02:45:50,890:INFO:Epoch: 19650/40000 | Train Loss: 1.458e-01 | Dynamic Loss: 1.458e-01 | Regularization Loss: 9.205e-10 | Val Loss: 2.941e-01 | Active Proj %: 9.30 | Time: 6.03s
2025-08-21 02:45:56,938:INFO:Epoch: 19700/40000 | Train Loss: 8.526e-02 | Dynamic Loss: 8.526e-02 | Regularization Loss: 8.980e-10 | Val Loss: 2.323e-01 | Active Proj %: 14.07 | Time: 5.92s
2025-08-21 02:45:56,938:INFO:New best model found at epoch 19700 with validation loss 2.323e-01. Saving...
2025-08-21 02:46:02,879:INFO:Epoch: 19750/40000 | Train Loss: 1.025e-01 | Dynamic Loss: 1.025e-01 | Regularization Loss: 8.133e-10 | Val Loss: 2.405e-01 | Active Proj %: 13.65 | Time: 5.79s
2025-08-21 02:46:08,803:INFO:Epoch: 19800/40000 | Train Loss: 4.713e-01 | Dynamic Loss: 4.713e-01 | Regularization Loss: 8.062e-10 | Val Loss: 4.726e-01 | Active Proj %: 13.15 | Time: 5.80s
2025-08-21 02:46:14,693:INFO:Epoch: 19850/40000 | Train Loss: 9.875e-02 | Dynamic Loss: 9.875e-02 | Regularization Loss: 7.677e-10 | Val Loss: 2.510e-01 | Active Proj %: 13.74 | Time: 5.76s
2025-08-21 02:46:20,794:INFO:Epoch: 19900/40000 | Train Loss: 1.733e-01 | Dynamic Loss: 1.733e-01 | Regularization Loss: 7.632e-10 | Val Loss: 2.732e-01 | Active Proj %: 14.32 | Time: 5.97s
2025-08-21 02:46:26,800:INFO:Epoch: 19950/40000 | Train Loss: 9.184e-02 | Dynamic Loss: 9.184e-02 | Regularization Loss: 7.476e-10 | Val Loss: 2.474e-01 | Active Proj %: 14.91 | Time: 5.88s
2025-08-21 02:46:32,688:INFO:Epoch: 20000/40000 | Train Loss: 1.158e-01 | Dynamic Loss: 1.158e-01 | Regularization Loss: 7.087e-10 | Val Loss: 2.568e-01 | Active Proj %: 15.49 | Time: 5.76s
2025-08-21 02:46:38,584:INFO:Epoch: 20050/40000 | Train Loss: 8.415e-02 | Dynamic Loss: 8.415e-02 | Regularization Loss: 6.951e-10 | Val Loss: 2.319e-01 | Active Proj %: 15.08 | Time: 5.77s
2025-08-21 02:46:38,584:INFO:New best model found at epoch 20050 with validation loss 2.319e-01. Saving...
2025-08-21 02:46:44,543:INFO:Epoch: 20100/40000 | Train Loss: 8.278e-02 | Dynamic Loss: 8.278e-02 | Regularization Loss: 7.009e-10 | Val Loss: 2.337e-01 | Active Proj %: 13.90 | Time: 5.81s
2025-08-21 02:46:50,421:INFO:Epoch: 20150/40000 | Train Loss: 8.525e-02 | Dynamic Loss: 8.525e-02 | Regularization Loss: 6.698e-10 | Val Loss: 2.343e-01 | Active Proj %: 13.32 | Time: 5.75s
2025-08-21 02:46:57,293:INFO:Epoch: 20200/40000 | Train Loss: 1.258e-01 | Dynamic Loss: 1.258e-01 | Regularization Loss: 5.212e-10 | Val Loss: 2.504e-01 | Active Proj %: 15.49 | Time: 6.74s
2025-08-21 02:47:03,240:INFO:Epoch: 20250/40000 | Train Loss: 8.598e-02 | Dynamic Loss: 8.598e-02 | Regularization Loss: 5.069e-10 | Val Loss: 2.318e-01 | Active Proj %: 14.57 | Time: 5.82s
2025-08-21 02:47:03,240:INFO:New best model found at epoch 20250 with validation loss 2.318e-01. Saving...
2025-08-21 02:47:09,110:INFO:Epoch: 20300/40000 | Train Loss: 3.674e-01 | Dynamic Loss: 3.674e-01 | Regularization Loss: 5.063e-10 | Val Loss: 4.931e-01 | Active Proj %: 10.80 | Time: 5.72s
2025-08-21 02:47:16,043:INFO:Epoch: 20350/40000 | Train Loss: 5.951e-01 | Dynamic Loss: 5.951e-01 | Regularization Loss: 2.020e-10 | Val Loss: 6.233e-01 | Active Proj %: 13.23 | Time: 6.80s
2025-08-21 02:47:21,997:INFO:Epoch: 20400/40000 | Train Loss: 1.143e-01 | Dynamic Loss: 1.143e-01 | Regularization Loss: 1.095e-10 | Val Loss: 2.410e-01 | Active Proj %: 14.66 | Time: 5.83s
2025-08-21 02:47:28,112:INFO:Epoch: 20450/40000 | Train Loss: 3.399e-01 | Dynamic Loss: 3.399e-01 | Regularization Loss: 1.013e-10 | Val Loss: 3.728e-01 | Active Proj %: 14.15 | Time: 5.98s
2025-08-21 02:47:34,051:INFO:Epoch: 20500/40000 | Train Loss: 9.374e-02 | Dynamic Loss: 9.374e-02 | Regularization Loss: 8.912e-11 | Val Loss: 2.285e-01 | Active Proj %: 14.82 | Time: 5.83s
2025-08-21 02:47:34,051:INFO:New best model found at epoch 20500 with validation loss 2.285e-01. Saving...
2025-08-21 02:47:39,975:INFO:Epoch: 20550/40000 | Train Loss: 9.224e-02 | Dynamic Loss: 9.224e-02 | Regularization Loss: 8.832e-11 | Val Loss: 2.315e-01 | Active Proj %: 12.81 | Time: 5.79s
2025-08-21 02:47:45,981:INFO:Epoch: 20600/40000 | Train Loss: 1.413e-01 | Dynamic Loss: 1.413e-01 | Regularization Loss: 8.756e-11 | Val Loss: 2.914e-01 | Active Proj %: 11.64 | Time: 5.90s
2025-08-21 02:47:51,870:INFO:Epoch: 20650/40000 | Train Loss: 8.481e-02 | Dynamic Loss: 8.481e-02 | Regularization Loss: 8.696e-11 | Val Loss: 2.282e-01 | Active Proj %: 13.48 | Time: 5.77s
2025-08-21 02:47:51,870:INFO:New best model found at epoch 20650 with validation loss 2.282e-01. Saving...
2025-08-21 02:47:57,985:INFO:Epoch: 20700/40000 | Train Loss: 8.561e-02 | Dynamic Loss: 8.561e-02 | Regularization Loss: 8.875e-11 | Val Loss: 2.347e-01 | Active Proj %: 12.90 | Time: 5.98s
2025-08-21 02:48:03,966:INFO:Epoch: 20750/40000 | Train Loss: 8.027e-02 | Dynamic Loss: 8.027e-02 | Regularization Loss: 8.638e-11 | Val Loss: 2.225e-01 | Active Proj %: 14.15 | Time: 5.87s
2025-08-21 02:48:03,966:INFO:New best model found at epoch 20750 with validation loss 2.225e-01. Saving...
2025-08-21 02:48:09,959:INFO:Epoch: 20800/40000 | Train Loss: 1.014e-01 | Dynamic Loss: 1.014e-01 | Regularization Loss: 8.667e-11 | Val Loss: 2.642e-01 | Active Proj %: 11.22 | Time: 5.86s
2025-08-21 02:48:15,877:INFO:Epoch: 20850/40000 | Train Loss: 1.620e-01 | Dynamic Loss: 1.620e-01 | Regularization Loss: 8.532e-11 | Val Loss: 2.973e-01 | Active Proj %: 13.99 | Time: 5.80s
2025-08-21 02:48:21,742:INFO:Epoch: 20900/40000 | Train Loss: 8.314e-02 | Dynamic Loss: 8.314e-02 | Regularization Loss: 7.602e-11 | Val Loss: 2.381e-01 | Active Proj %: 13.74 | Time: 5.74s
2025-08-21 02:48:28,645:INFO:Epoch: 20950/40000 | Train Loss: 8.809e-02 | Dynamic Loss: 8.809e-02 | Regularization Loss: 6.203e-11 | Val Loss: 2.267e-01 | Active Proj %: 14.99 | Time: 6.79s
2025-08-21 02:48:34,549:INFO:Epoch: 21000/40000 | Train Loss: 8.370e-02 | Dynamic Loss: 8.370e-02 | Regularization Loss: 6.009e-11 | Val Loss: 2.287e-01 | Active Proj %: 14.57 | Time: 5.79s
2025-08-21 02:48:40,417:INFO:Epoch: 21050/40000 | Train Loss: 9.499e-01 | Dynamic Loss: 9.499e-01 | Regularization Loss: 9.300e-12 | Val Loss: 1.060e+00 | Active Proj %: 11.56 | Time: 5.76s
2025-08-21 02:48:46,281:INFO:Epoch: 21100/40000 | Train Loss: 8.213e-01 | Dynamic Loss: 8.213e-01 | Regularization Loss: 4.101e-12 | Val Loss: 7.010e-01 | Active Proj %: 14.49 | Time: 5.75s
2025-08-21 02:48:52,176:INFO:Epoch: 21150/40000 | Train Loss: 1.343e-01 | Dynamic Loss: 1.343e-01 | Regularization Loss: 3.665e-12 | Val Loss: 3.324e-01 | Active Proj %: 12.98 | Time: 5.79s
2025-08-21 02:48:58,869:INFO:Epoch: 21200/40000 | Train Loss: 1.057e-01 | Dynamic Loss: 1.057e-01 | Regularization Loss: 3.669e-12 | Val Loss: 2.230e-01 | Active Proj %: 14.82 | Time: 6.57s
2025-08-21 02:49:04,696:INFO:Epoch: 21250/40000 | Train Loss: 9.317e-02 | Dynamic Loss: 9.317e-02 | Regularization Loss: 3.670e-12 | Val Loss: 2.150e-01 | Active Proj %: 13.99 | Time: 5.72s
2025-08-21 02:49:04,696:INFO:New best model found at epoch 21250 with validation loss 2.150e-01. Saving...
2025-08-21 02:49:10,875:INFO:Epoch: 21300/40000 | Train Loss: 6.074e-01 | Dynamic Loss: 6.074e-01 | Regularization Loss: 2.115e-12 | Val Loss: 7.704e-01 | Active Proj %: 8.04 | Time: 6.05s
2025-08-21 02:49:16,736:INFO:Epoch: 21350/40000 | Train Loss: 1.282e-01 | Dynamic Loss: 1.282e-01 | Regularization Loss: 1.805e-12 | Val Loss: 2.420e-01 | Active Proj %: 11.22 | Time: 5.74s
2025-08-21 02:49:25,009:INFO:Epoch: 21400/40000 | Train Loss: 4.600e-01 | Dynamic Loss: 4.600e-01 | Regularization Loss: 1.168e-12 | Val Loss: 5.692e-01 | Active Proj %: 9.97 | Time: 8.15s
2025-08-21 02:49:30,948:INFO:Epoch: 21450/40000 | Train Loss: 1.213e-01 | Dynamic Loss: 1.213e-01 | Regularization Loss: 1.021e-12 | Val Loss: 2.328e-01 | Active Proj %: 13.90 | Time: 5.82s
2025-08-21 02:49:36,992:INFO:Epoch: 21500/40000 | Train Loss: 9.665e-02 | Dynamic Loss: 9.665e-02 | Regularization Loss: 1.013e-12 | Val Loss: 2.131e-01 | Active Proj %: 13.48 | Time: 5.93s
2025-08-21 02:49:36,993:INFO:New best model found at epoch 21500 with validation loss 2.131e-01. Saving...
2025-08-21 02:49:42,923:INFO:Epoch: 21550/40000 | Train Loss: 8.853e-02 | Dynamic Loss: 8.853e-02 | Regularization Loss: 1.011e-12 | Val Loss: 2.083e-01 | Active Proj %: 13.57 | Time: 5.79s
2025-08-21 02:49:42,923:INFO:New best model found at epoch 21550 with validation loss 2.083e-01. Saving...
2025-08-21 02:49:48,962:INFO:Epoch: 21600/40000 | Train Loss: 1.366e-01 | Dynamic Loss: 1.366e-01 | Regularization Loss: 9.848e-13 | Val Loss: 3.027e-01 | Active Proj %: 10.97 | Time: 5.78s
2025-08-21 02:49:54,944:INFO:Epoch: 21650/40000 | Train Loss: 8.427e-02 | Dynamic Loss: 8.427e-02 | Regularization Loss: 9.766e-13 | Val Loss: 2.099e-01 | Active Proj %: 14.57 | Time: 5.87s
2025-08-21 02:50:00,914:INFO:Epoch: 21700/40000 | Train Loss: 1.105e-01 | Dynamic Loss: 1.105e-01 | Regularization Loss: 9.315e-13 | Val Loss: 2.212e-01 | Active Proj %: 13.99 | Time: 5.86s
2025-08-21 02:50:06,918:INFO:Epoch: 21750/40000 | Train Loss: 8.054e-02 | Dynamic Loss: 8.054e-02 | Regularization Loss: 9.265e-13 | Val Loss: 2.078e-01 | Active Proj %: 14.99 | Time: 5.89s
2025-08-21 02:50:06,918:INFO:New best model found at epoch 21750 with validation loss 2.078e-01. Saving...
2025-08-21 02:50:12,840:INFO:Epoch: 21800/40000 | Train Loss: 8.179e-02 | Dynamic Loss: 8.179e-02 | Regularization Loss: 9.246e-13 | Val Loss: 2.271e-01 | Active Proj %: 14.32 | Time: 5.78s
2025-08-21 02:50:18,811:INFO:Epoch: 21850/40000 | Train Loss: 1.856e-01 | Dynamic Loss: 1.856e-01 | Regularization Loss: 7.875e-13 | Val Loss: 3.269e-01 | Active Proj %: 9.05 | Time: 5.85s
2025-08-21 02:50:27,507:INFO:Epoch: 21900/40000 | Train Loss: 7.933e-02 | Dynamic Loss: 7.933e-02 | Regularization Loss: 7.360e-13 | Val Loss: 2.103e-01 | Active Proj %: 14.41 | Time: 8.58s
2025-08-21 02:50:33,473:INFO:Epoch: 21950/40000 | Train Loss: 9.313e-02 | Dynamic Loss: 9.313e-02 | Regularization Loss: 6.517e-13 | Val Loss: 4.328e-01 | Active Proj %: 13.65 | Time: 5.85s
2025-08-21 02:50:39,419:INFO:Epoch: 22000/40000 | Train Loss: 1.517e-01 | Dynamic Loss: 1.517e-01 | Regularization Loss: 3.102e-13 | Val Loss: 2.644e-01 | Active Proj %: 13.74 | Time: 5.83s
2025-08-21 02:50:45,315:INFO:Epoch: 22050/40000 | Train Loss: 8.955e-02 | Dynamic Loss: 8.955e-02 | Regularization Loss: 3.032e-13 | Val Loss: 2.164e-01 | Active Proj %: 15.16 | Time: 5.78s
2025-08-21 02:50:51,527:INFO:Epoch: 22100/40000 | Train Loss: 8.028e-02 | Dynamic Loss: 8.028e-02 | Regularization Loss: 3.048e-13 | Val Loss: 2.088e-01 | Active Proj %: 15.49 | Time: 5.97s
2025-08-21 02:50:57,484:INFO:Epoch: 22150/40000 | Train Loss: 3.145e-01 | Dynamic Loss: 3.145e-01 | Regularization Loss: 3.071e-13 | Val Loss: 4.883e-01 | Active Proj %: 11.06 | Time: 5.85s
2025-08-21 02:51:03,885:INFO:Epoch: 22200/40000 | Train Loss: 7.813e-02 | Dynamic Loss: 7.813e-02 | Regularization Loss: 2.902e-13 | Val Loss: 2.078e-01 | Active Proj %: 14.66 | Time: 6.29s
2025-08-21 02:51:03,885:INFO:New best model found at epoch 22200 with validation loss 2.078e-01. Saving...
2025-08-21 02:51:09,941:INFO:Epoch: 22250/40000 | Train Loss: 7.950e-02 | Dynamic Loss: 7.950e-02 | Regularization Loss: 2.939e-13 | Val Loss: 2.116e-01 | Active Proj %: 13.65 | Time: 5.92s
2025-08-21 02:51:16,324:INFO:Epoch: 22300/40000 | Train Loss: 1.134e-01 | Dynamic Loss: 1.134e-01 | Regularization Loss: 2.834e-13 | Val Loss: 2.325e-01 | Active Proj %: 11.31 | Time: 6.27s
2025-08-21 02:51:22,383:INFO:Epoch: 22350/40000 | Train Loss: 7.411e-02 | Dynamic Loss: 7.411e-02 | Regularization Loss: 2.796e-13 | Val Loss: 2.067e-01 | Active Proj %: 15.41 | Time: 5.95s
2025-08-21 02:51:22,383:INFO:New best model found at epoch 22350 with validation loss 2.067e-01. Saving...
2025-08-21 02:51:28,404:INFO:Epoch: 22400/40000 | Train Loss: 2.782e-01 | Dynamic Loss: 2.782e-01 | Regularization Loss: 5.714e-14 | Val Loss: 3.616e-01 | Active Proj %: 12.65 | Time: 5.89s
2025-08-21 02:51:34,325:INFO:Epoch: 22450/40000 | Train Loss: 1.106e-01 | Dynamic Loss: 1.106e-01 | Regularization Loss: 5.328e-14 | Val Loss: 2.224e-01 | Active Proj %: 13.82 | Time: 5.81s
2025-08-21 02:51:40,883:INFO:Epoch: 22500/40000 | Train Loss: 1.877e-01 | Dynamic Loss: 1.877e-01 | Regularization Loss: 2.494e-14 | Val Loss: 2.866e-01 | Active Proj %: 15.24 | Time: 6.44s
2025-08-21 02:51:46,826:INFO:Epoch: 22550/40000 | Train Loss: 9.770e-02 | Dynamic Loss: 9.770e-02 | Regularization Loss: 2.425e-14 | Val Loss: 2.130e-01 | Active Proj %: 15.24 | Time: 5.82s
2025-08-21 02:51:56,084:INFO:Epoch: 22600/40000 | Train Loss: 8.598e-02 | Dynamic Loss: 8.598e-02 | Regularization Loss: 2.431e-14 | Val Loss: 2.051e-01 | Active Proj %: 15.08 | Time: 9.14s
2025-08-21 02:51:56,084:INFO:New best model found at epoch 22600 with validation loss 2.051e-01. Saving...
2025-08-21 02:52:02,090:INFO:Epoch: 22650/40000 | Train Loss: 1.713e-01 | Dynamic Loss: 1.713e-01 | Regularization Loss: 2.430e-14 | Val Loss: 3.079e-01 | Active Proj %: 11.31 | Time: 5.87s
2025-08-21 02:52:07,993:INFO:Epoch: 22700/40000 | Train Loss: 8.766e-02 | Dynamic Loss: 8.766e-02 | Regularization Loss: 2.417e-14 | Val Loss: 2.125e-01 | Active Proj %: 12.90 | Time: 5.79s
2025-08-21 02:52:14,033:INFO:Epoch: 22750/40000 | Train Loss: 1.423e-01 | Dynamic Loss: 1.423e-01 | Regularization Loss: 2.312e-14 | Val Loss: 3.104e-01 | Active Proj %: 12.40 | Time: 5.92s
2025-08-21 02:52:19,874:INFO:Epoch: 22800/40000 | Train Loss: 8.473e-02 | Dynamic Loss: 8.473e-02 | Regularization Loss: 2.222e-14 | Val Loss: 2.063e-01 | Active Proj %: 14.15 | Time: 5.73s
2025-08-21 02:52:31,721:INFO:Epoch: 22850/40000 | Train Loss: 1.618e-01 | Dynamic Loss: 1.618e-01 | Regularization Loss: 2.229e-14 | Val Loss: 3.165e+00 | Active Proj %: 15.16 | Time: 11.73s
2025-08-21 02:52:37,685:INFO:Epoch: 22900/40000 | Train Loss: 1.028e+00 | Dynamic Loss: 1.028e+00 | Regularization Loss: 5.545e-16 | Val Loss: 1.159e+00 | Active Proj %: 7.62 | Time: 5.85s
2025-08-21 02:52:43,682:INFO:Epoch: 22950/40000 | Train Loss: 2.413e-01 | Dynamic Loss: 2.413e-01 | Regularization Loss: 3.277e-16 | Val Loss: 3.502e-01 | Active Proj %: 9.30 | Time: 5.88s
2025-08-21 02:52:49,620:INFO:Epoch: 23000/40000 | Train Loss: 1.428e-01 | Dynamic Loss: 1.428e-01 | Regularization Loss: 3.247e-16 | Val Loss: 2.528e-01 | Active Proj %: 9.30 | Time: 5.82s
2025-08-21 02:52:55,713:INFO:Epoch: 23050/40000 | Train Loss: 1.141e-01 | Dynamic Loss: 1.141e-01 | Regularization Loss: 3.212e-16 | Val Loss: 2.258e-01 | Active Proj %: 9.63 | Time: 5.98s
2025-08-21 02:53:01,603:INFO:Epoch: 23100/40000 | Train Loss: 1.048e-01 | Dynamic Loss: 1.048e-01 | Regularization Loss: 3.199e-16 | Val Loss: 2.166e-01 | Active Proj %: 11.39 | Time: 5.77s
2025-08-21 02:53:07,558:INFO:Epoch: 23150/40000 | Train Loss: 1.209e-01 | Dynamic Loss: 1.209e-01 | Regularization Loss: 3.097e-16 | Val Loss: 2.295e-01 | Active Proj %: 14.57 | Time: 5.84s
2025-08-21 02:53:13,457:INFO:Epoch: 23200/40000 | Train Loss: 9.328e-02 | Dynamic Loss: 9.328e-02 | Regularization Loss: 3.085e-16 | Val Loss: 2.088e-01 | Active Proj %: 13.57 | Time: 5.78s
2025-08-21 02:53:19,510:INFO:Epoch: 23250/40000 | Train Loss: 1.315e-01 | Dynamic Loss: 1.315e-01 | Regularization Loss: 1.343e-16 | Val Loss: 2.472e-01 | Active Proj %: 14.24 | Time: 5.81s
2025-08-21 02:53:25,470:INFO:Epoch: 23300/40000 | Train Loss: 9.379e-02 | Dynamic Loss: 9.379e-02 | Regularization Loss: 1.330e-16 | Val Loss: 2.106e-01 | Active Proj %: 14.66 | Time: 5.84s
2025-08-21 02:53:31,369:INFO:Epoch: 23350/40000 | Train Loss: 1.084e-01 | Dynamic Loss: 1.084e-01 | Regularization Loss: 1.331e-16 | Val Loss: 2.164e-01 | Active Proj %: 10.05 | Time: 5.78s
2025-08-21 02:53:37,535:INFO:Epoch: 23400/40000 | Train Loss: 8.139e-02 | Dynamic Loss: 8.139e-02 | Regularization Loss: 1.330e-16 | Val Loss: 1.997e-01 | Active Proj %: 13.74 | Time: 6.05s
2025-08-21 02:53:37,535:INFO:New best model found at epoch 23400 with validation loss 1.997e-01. Saving...
2025-08-21 02:53:43,525:INFO:Epoch: 23450/40000 | Train Loss: 8.015e-02 | Dynamic Loss: 8.015e-02 | Regularization Loss: 1.323e-16 | Val Loss: 1.976e-01 | Active Proj %: 14.15 | Time: 5.85s
2025-08-21 02:53:43,525:INFO:New best model found at epoch 23450 with validation loss 1.976e-01. Saving...
2025-08-21 02:53:54,018:INFO:Epoch: 23500/40000 | Train Loss: 7.887e-02 | Dynamic Loss: 7.887e-02 | Regularization Loss: 1.324e-16 | Val Loss: 1.992e-01 | Active Proj %: 13.65 | Time: 10.36s
2025-08-21 02:54:00,031:INFO:Epoch: 23550/40000 | Train Loss: 8.422e-02 | Dynamic Loss: 8.422e-02 | Regularization Loss: 1.259e-16 | Val Loss: 2.023e-01 | Active Proj %: 14.24 | Time: 5.90s
2025-08-21 02:54:06,027:INFO:Epoch: 23600/40000 | Train Loss: 7.446e-02 | Dynamic Loss: 7.446e-02 | Regularization Loss: 1.259e-16 | Val Loss: 1.955e-01 | Active Proj %: 14.32 | Time: 5.88s
2025-08-21 02:54:06,027:INFO:New best model found at epoch 23600 with validation loss 1.955e-01. Saving...
2025-08-21 02:54:12,017:INFO:Epoch: 23650/40000 | Train Loss: 7.715e-02 | Dynamic Loss: 7.715e-02 | Regularization Loss: 1.262e-16 | Val Loss: 2.134e-01 | Active Proj %: 13.40 | Time: 5.85s
2025-08-21 02:54:17,994:INFO:Epoch: 23700/40000 | Train Loss: 8.303e-02 | Dynamic Loss: 8.303e-02 | Regularization Loss: 1.203e-16 | Val Loss: 2.040e-01 | Active Proj %: 14.07 | Time: 5.87s
2025-08-21 02:54:28,144:INFO:Epoch: 23750/40000 | Train Loss: 1.467e-01 | Dynamic Loss: 1.467e-01 | Regularization Loss: 1.184e-16 | Val Loss: 2.205e-01 | Active Proj %: 14.49 | Time: 10.03s
2025-08-21 02:54:34,162:INFO:Epoch: 23800/40000 | Train Loss: 7.240e-02 | Dynamic Loss: 7.240e-02 | Regularization Loss: 1.153e-16 | Val Loss: 1.956e-01 | Active Proj %: 14.41 | Time: 5.90s
2025-08-21 02:54:40,150:INFO:Epoch: 23850/40000 | Train Loss: 2.001e-01 | Dynamic Loss: 2.001e-01 | Regularization Loss: 1.040e-16 | Val Loss: 2.765e-01 | Active Proj %: 7.87 | Time: 5.87s
2025-08-21 02:54:46,112:INFO:Epoch: 23900/40000 | Train Loss: 5.376e-01 | Dynamic Loss: 5.376e-01 | Regularization Loss: 1.663e-17 | Val Loss: 5.882e-01 | Active Proj %: 8.88 | Time: 5.84s
2025-08-21 02:54:52,224:INFO:Epoch: 23950/40000 | Train Loss: 1.158e-01 | Dynamic Loss: 1.158e-01 | Regularization Loss: 1.043e-17 | Val Loss: 2.214e-01 | Active Proj %: 14.24 | Time: 5.99s
2025-08-21 02:54:58,219:INFO:Epoch: 24000/40000 | Train Loss: 8.847e-02 | Dynamic Loss: 8.847e-02 | Regularization Loss: 1.051e-17 | Val Loss: 2.011e-01 | Active Proj %: 14.74 | Time: 5.87s
2025-08-21 02:55:04,233:INFO:Epoch: 24050/40000 | Train Loss: 7.922e-02 | Dynamic Loss: 7.922e-02 | Regularization Loss: 1.057e-17 | Val Loss: 1.949e-01 | Active Proj %: 14.57 | Time: 5.90s
2025-08-21 02:55:04,233:INFO:New best model found at epoch 24050 with validation loss 1.949e-01. Saving...
2025-08-21 02:55:10,220:INFO:Epoch: 24100/40000 | Train Loss: 7.584e-02 | Dynamic Loss: 7.584e-02 | Regularization Loss: 1.057e-17 | Val Loss: 1.918e-01 | Active Proj %: 14.41 | Time: 5.84s
2025-08-21 02:55:10,220:INFO:New best model found at epoch 24100 with validation loss 1.918e-01. Saving...
2025-08-21 02:55:16,361:INFO:Epoch: 24150/40000 | Train Loss: 8.274e-02 | Dynamic Loss: 8.274e-02 | Regularization Loss: 1.033e-17 | Val Loss: 2.029e-01 | Active Proj %: 14.57 | Time: 6.00s
2025-08-21 02:55:22,338:INFO:Epoch: 24200/40000 | Train Loss: 9.549e-02 | Dynamic Loss: 9.549e-02 | Regularization Loss: 9.894e-18 | Val Loss: 2.864e-01 | Active Proj %: 12.06 | Time: 5.86s
2025-08-21 02:55:28,256:INFO:Epoch: 24250/40000 | Train Loss: 7.271e-02 | Dynamic Loss: 7.271e-02 | Regularization Loss: 9.663e-18 | Val Loss: 1.927e-01 | Active Proj %: 14.49 | Time: 5.80s
2025-08-21 02:55:34,164:INFO:Epoch: 24300/40000 | Train Loss: 7.442e-02 | Dynamic Loss: 7.442e-02 | Regularization Loss: 9.678e-18 | Val Loss: 2.036e-01 | Active Proj %: 14.82 | Time: 5.79s
2025-08-21 02:55:40,064:INFO:Epoch: 24350/40000 | Train Loss: 7.033e-02 | Dynamic Loss: 7.033e-02 | Regularization Loss: 9.664e-18 | Val Loss: 1.931e-01 | Active Proj %: 14.49 | Time: 5.78s
2025-08-21 02:55:52,202:INFO:Epoch: 24400/40000 | Train Loss: 7.306e-02 | Dynamic Loss: 7.306e-02 | Regularization Loss: 9.600e-18 | Val Loss: 2.040e-01 | Active Proj %: 13.99 | Time: 12.02s
2025-08-21 02:55:59,452:INFO:Epoch: 24450/40000 | Train Loss: 6.882e-02 | Dynamic Loss: 6.882e-02 | Regularization Loss: 9.254e-18 | Val Loss: 1.928e-01 | Active Proj %: 14.57 | Time: 7.14s
2025-08-21 02:56:05,608:INFO:Epoch: 24500/40000 | Train Loss: 8.115e-02 | Dynamic Loss: 8.115e-02 | Regularization Loss: 9.043e-18 | Val Loss: 2.009e-01 | Active Proj %: 15.16 | Time: 6.03s
2025-08-21 02:56:11,592:INFO:Epoch: 24550/40000 | Train Loss: 2.340e-01 | Dynamic Loss: 2.340e-01 | Regularization Loss: 8.881e-18 | Val Loss: 2.854e-01 | Active Proj %: 15.24 | Time: 5.87s
2025-08-21 02:56:17,672:INFO:Epoch: 24600/40000 | Train Loss: 6.812e-02 | Dynamic Loss: 6.812e-02 | Regularization Loss: 8.496e-18 | Val Loss: 1.938e-01 | Active Proj %: 15.33 | Time: 5.96s
2025-08-21 02:56:23,601:INFO:Epoch: 24650/40000 | Train Loss: 8.856e-02 | Dynamic Loss: 8.856e-02 | Regularization Loss: 8.017e-18 | Val Loss: 2.132e-01 | Active Proj %: 13.23 | Time: 5.82s
2025-08-21 02:56:29,667:INFO:Epoch: 24700/40000 | Train Loss: 6.589e-02 | Dynamic Loss: 6.589e-02 | Regularization Loss: 7.907e-18 | Val Loss: 1.911e-01 | Active Proj %: 15.16 | Time: 5.95s
2025-08-21 02:56:29,667:INFO:New best model found at epoch 24700 with validation loss 1.911e-01. Saving...
2025-08-21 02:56:35,659:INFO:Epoch: 24750/40000 | Train Loss: 6.609e-02 | Dynamic Loss: 6.609e-02 | Regularization Loss: 7.949e-18 | Val Loss: 1.966e-01 | Active Proj %: 15.08 | Time: 5.86s
2025-08-21 02:56:41,560:INFO:Epoch: 24800/40000 | Train Loss: 9.269e-02 | Dynamic Loss: 9.269e-02 | Regularization Loss: 4.665e-18 | Val Loss: 2.120e-01 | Active Proj %: 15.58 | Time: 5.78s
2025-08-21 02:56:47,884:INFO:Epoch: 24850/40000 | Train Loss: 6.756e-02 | Dynamic Loss: 6.756e-02 | Regularization Loss: 4.670e-18 | Val Loss: 1.927e-01 | Active Proj %: 14.99 | Time: 6.21s
2025-08-21 02:56:53,823:INFO:Epoch: 24900/40000 | Train Loss: 2.564e-01 | Dynamic Loss: 2.564e-01 | Regularization Loss: 4.624e-18 | Val Loss: 2.330e-01 | Active Proj %: 14.32 | Time: 5.82s
2025-08-21 02:56:59,730:INFO:Epoch: 24950/40000 | Train Loss: 6.759e-02 | Dynamic Loss: 6.759e-02 | Regularization Loss: 4.164e-18 | Val Loss: 1.930e-01 | Active Proj %: 15.33 | Time: 5.79s
2025-08-21 02:57:05,669:INFO:Epoch: 25000/40000 | Train Loss: 7.649e-02 | Dynamic Loss: 7.649e-02 | Regularization Loss: 4.017e-18 | Val Loss: 1.990e-01 | Active Proj %: 15.41 | Time: 5.82s
2025-08-21 02:57:13,026:INFO:Epoch: 25050/40000 | Train Loss: 6.329e-02 | Dynamic Loss: 6.329e-02 | Regularization Loss: 4.036e-18 | Val Loss: 1.893e-01 | Active Proj %: 15.16 | Time: 7.23s
2025-08-21 02:57:13,026:INFO:New best model found at epoch 25050 with validation loss 1.893e-01. Saving...
2025-08-21 02:57:19,021:INFO:Epoch: 25100/40000 | Train Loss: 6.199e-02 | Dynamic Loss: 6.199e-02 | Regularization Loss: 4.070e-18 | Val Loss: 1.907e-01 | Active Proj %: 14.91 | Time: 5.85s
2025-08-21 02:57:24,970:INFO:Epoch: 25150/40000 | Train Loss: 8.505e-02 | Dynamic Loss: 8.505e-02 | Regularization Loss: 2.616e-18 | Val Loss: 2.089e-01 | Active Proj %: 14.32 | Time: 5.83s
2025-08-21 02:57:30,928:INFO:Epoch: 25200/40000 | Train Loss: 6.420e-02 | Dynamic Loss: 6.420e-02 | Regularization Loss: 2.615e-18 | Val Loss: 1.908e-01 | Active Proj %: 15.08 | Time: 5.84s
2025-08-21 02:57:36,802:INFO:Epoch: 25250/40000 | Train Loss: 8.380e-02 | Dynamic Loss: 8.380e-02 | Regularization Loss: 2.471e-18 | Val Loss: 2.354e-01 | Active Proj %: 10.80 | Time: 5.76s
2025-08-21 02:57:50,271:INFO:Epoch: 25300/40000 | Train Loss: 6.251e-02 | Dynamic Loss: 6.251e-02 | Regularization Loss: 2.415e-18 | Val Loss: 1.903e-01 | Active Proj %: 15.08 | Time: 13.35s
2025-08-21 02:57:56,171:INFO:Epoch: 25350/40000 | Train Loss: 8.092e-02 | Dynamic Loss: 8.092e-02 | Regularization Loss: 2.373e-18 | Val Loss: 2.105e-01 | Active Proj %: 14.66 | Time: 5.78s
2025-08-21 02:58:02,103:INFO:Epoch: 25400/40000 | Train Loss: 5.986e-02 | Dynamic Loss: 5.986e-02 | Regularization Loss: 2.381e-18 | Val Loss: 1.901e-01 | Active Proj %: 14.91 | Time: 5.81s
2025-08-21 02:58:08,023:INFO:Epoch: 25450/40000 | Train Loss: 6.564e-02 | Dynamic Loss: 6.564e-02 | Regularization Loss: 2.191e-18 | Val Loss: 1.935e-01 | Active Proj %: 15.41 | Time: 5.80s
2025-08-21 02:58:13,979:INFO:Epoch: 25500/40000 | Train Loss: 9.729e-02 | Dynamic Loss: 9.729e-02 | Regularization Loss: 2.115e-18 | Val Loss: 2.389e-01 | Active Proj %: 13.07 | Time: 5.83s
2025-08-21 02:58:20,209:INFO:Epoch: 25550/40000 | Train Loss: 5.990e-02 | Dynamic Loss: 5.990e-02 | Regularization Loss: 2.084e-18 | Val Loss: 1.895e-01 | Active Proj %: 14.99 | Time: 6.11s
2025-08-21 02:58:26,160:INFO:Epoch: 25600/40000 | Train Loss: 6.394e-02 | Dynamic Loss: 6.394e-02 | Regularization Loss: 2.064e-18 | Val Loss: 1.970e-01 | Active Proj %: 15.08 | Time: 5.84s
2025-08-21 02:58:32,105:INFO:Epoch: 25650/40000 | Train Loss: 2.416e-01 | Dynamic Loss: 2.416e-01 | Regularization Loss: 2.065e-18 | Val Loss: 2.356e-01 | Active Proj %: 12.65 | Time: 5.83s
2025-08-21 02:58:38,054:INFO:Epoch: 25700/40000 | Train Loss: 5.852e-02 | Dynamic Loss: 5.852e-02 | Regularization Loss: 1.992e-18 | Val Loss: 1.901e-01 | Active Proj %: 14.99 | Time: 5.83s
2025-08-21 02:58:44,195:INFO:Epoch: 25750/40000 | Train Loss: 2.801e+00 | Dynamic Loss: 2.801e+00 | Regularization Loss: 8.888e-21 | Val Loss: 2.297e+00 | Active Proj %: 33.84 | Time: 6.02s
2025-08-21 02:58:50,162:INFO:Epoch: 25800/40000 | Train Loss: 7.213e-01 | Dynamic Loss: 7.213e-01 | Regularization Loss: 1.346e-21 | Val Loss: 8.410e-01 | Active Proj %: 4.61 | Time: 5.85s
2025-08-21 02:58:56,146:INFO:Epoch: 25850/40000 | Train Loss: 4.319e-01 | Dynamic Loss: 4.319e-01 | Regularization Loss: 1.363e-21 | Val Loss: 5.160e-01 | Active Proj %: 2.51 | Time: 5.86s
2025-08-21 02:59:02,113:INFO:Epoch: 25900/40000 | Train Loss: 2.545e-01 | Dynamic Loss: 2.545e-01 | Regularization Loss: 1.360e-21 | Val Loss: 3.741e-01 | Active Proj %: 11.56 | Time: 5.85s
2025-08-21 02:59:08,204:INFO:Epoch: 25950/40000 | Train Loss: 2.468e-01 | Dynamic Loss: 2.468e-01 | Regularization Loss: 1.356e-21 | Val Loss: 3.742e-01 | Active Proj %: 13.32 | Time: 5.85s
2025-08-21 02:59:14,189:INFO:Epoch: 26000/40000 | Train Loss: 2.202e-01 | Dynamic Loss: 2.202e-01 | Regularization Loss: 1.312e-21 | Val Loss: 3.464e-01 | Active Proj %: 10.22 | Time: 5.87s
2025-08-21 02:59:20,148:INFO:Epoch: 26050/40000 | Train Loss: 1.579e-01 | Dynamic Loss: 1.579e-01 | Regularization Loss: 1.292e-21 | Val Loss: 2.716e-01 | Active Proj %: 13.40 | Time: 5.84s
2025-08-21 02:59:26,077:INFO:Epoch: 26100/40000 | Train Loss: 1.450e-01 | Dynamic Loss: 1.450e-01 | Regularization Loss: 1.273e-21 | Val Loss: 2.679e-01 | Active Proj %: 15.24 | Time: 5.81s
2025-08-21 02:59:32,089:INFO:Epoch: 26150/40000 | Train Loss: 4.113e-01 | Dynamic Loss: 4.113e-01 | Regularization Loss: 9.377e-22 | Val Loss: 5.428e-01 | Active Proj %: 14.74 | Time: 5.90s
2025-08-21 02:59:40,299:INFO:Epoch: 26200/40000 | Train Loss: 1.481e-01 | Dynamic Loss: 1.481e-01 | Regularization Loss: 8.215e-22 | Val Loss: 2.627e-01 | Active Proj %: 13.82 | Time: 8.09s
2025-08-21 02:59:46,296:INFO:Epoch: 26250/40000 | Train Loss: 1.305e-01 | Dynamic Loss: 1.305e-01 | Regularization Loss: 8.077e-22 | Val Loss: 2.447e-01 | Active Proj %: 13.74 | Time: 5.88s
2025-08-21 02:59:52,278:INFO:Epoch: 26300/40000 | Train Loss: 1.767e-01 | Dynamic Loss: 1.767e-01 | Regularization Loss: 7.985e-22 | Val Loss: 2.806e-01 | Active Proj %: 10.89 | Time: 5.86s
2025-08-21 02:59:58,256:INFO:Epoch: 26350/40000 | Train Loss: 8.213e-01 | Dynamic Loss: 8.213e-01 | Regularization Loss: 2.244e-23 | Val Loss: 9.325e-01 | Active Proj %: 2.35 | Time: 5.86s
2025-08-21 03:00:04,223:INFO:Epoch: 26400/40000 | Train Loss: 2.801e-01 | Dynamic Loss: 2.801e-01 | Regularization Loss: 1.620e-23 | Val Loss: 3.769e-01 | Active Proj %: 5.53 | Time: 5.84s
2025-08-21 03:00:17,448:INFO:Epoch: 26450/40000 | Train Loss: 2.290e-01 | Dynamic Loss: 2.290e-01 | Regularization Loss: 1.594e-23 | Val Loss: 3.578e-01 | Active Proj %: 4.44 | Time: 13.11s
2025-08-21 03:00:23,367:INFO:Epoch: 26500/40000 | Train Loss: 1.835e-01 | Dynamic Loss: 1.835e-01 | Regularization Loss: 1.557e-23 | Val Loss: 2.815e-01 | Active Proj %: 7.71 | Time: 5.80s
2025-08-21 03:00:29,302:INFO:Epoch: 26550/40000 | Train Loss: 1.521e-01 | Dynamic Loss: 1.521e-01 | Regularization Loss: 1.530e-23 | Val Loss: 2.529e-01 | Active Proj %: 11.39 | Time: 5.81s
2025-08-21 03:00:35,228:INFO:Epoch: 26600/40000 | Train Loss: 6.792e-01 | Dynamic Loss: 6.792e-01 | Regularization Loss: 1.362e-23 | Val Loss: 8.697e-01 | Active Proj %: 20.10 | Time: 5.80s
2025-08-21 03:00:43,901:INFO:Epoch: 26650/40000 | Train Loss: 1.523e-01 | Dynamic Loss: 1.523e-01 | Regularization Loss: 1.162e-23 | Val Loss: 2.514e-01 | Active Proj %: 13.57 | Time: 8.56s
2025-08-21 03:00:49,818:INFO:Epoch: 26700/40000 | Train Loss: 2.511e-01 | Dynamic Loss: 2.511e-01 | Regularization Loss: 5.405e-24 | Val Loss: 3.308e-01 | Active Proj %: 9.55 | Time: 5.80s
2025-08-21 03:00:55,804:INFO:Epoch: 26750/40000 | Train Loss: 1.531e-01 | Dynamic Loss: 1.531e-01 | Regularization Loss: 5.151e-24 | Val Loss: 2.491e-01 | Active Proj %: 12.40 | Time: 5.86s
2025-08-21 03:01:01,787:INFO:Epoch: 26800/40000 | Train Loss: 1.513e-01 | Dynamic Loss: 1.513e-01 | Regularization Loss: 4.813e-24 | Val Loss: 2.510e-01 | Active Proj %: 13.40 | Time: 5.86s
2025-08-21 03:01:07,870:INFO:Epoch: 26850/40000 | Train Loss: 1.349e-01 | Dynamic Loss: 1.349e-01 | Regularization Loss: 4.721e-24 | Val Loss: 2.342e-01 | Active Proj %: 13.23 | Time: 5.96s
2025-08-21 03:01:13,886:INFO:Epoch: 26900/40000 | Train Loss: 1.252e-01 | Dynamic Loss: 1.252e-01 | Regularization Loss: 4.652e-24 | Val Loss: 2.267e-01 | Active Proj %: 13.40 | Time: 5.89s
2025-08-21 03:01:19,915:INFO:Epoch: 26950/40000 | Train Loss: 1.198e-01 | Dynamic Loss: 1.198e-01 | Regularization Loss: 4.595e-24 | Val Loss: 2.227e-01 | Active Proj %: 13.23 | Time: 5.91s
2025-08-21 03:01:25,874:INFO:Epoch: 27000/40000 | Train Loss: 1.154e-01 | Dynamic Loss: 1.154e-01 | Regularization Loss: 4.543e-24 | Val Loss: 2.195e-01 | Active Proj %: 13.40 | Time: 5.83s
2025-08-21 03:01:31,787:INFO:Epoch: 27050/40000 | Train Loss: 1.244e-01 | Dynamic Loss: 1.244e-01 | Regularization Loss: 4.394e-24 | Val Loss: 2.282e-01 | Active Proj %: 14.07 | Time: 5.80s
2025-08-21 03:01:39,572:INFO:Epoch: 27100/40000 | Train Loss: 1.142e-01 | Dynamic Loss: 1.142e-01 | Regularization Loss: 4.333e-24 | Val Loss: 2.181e-01 | Active Proj %: 13.90 | Time: 7.67s
2025-08-21 03:01:45,576:INFO:Epoch: 27150/40000 | Train Loss: 1.787e+00 | Dynamic Loss: 1.787e+00 | Regularization Loss: 3.400e-24 | Val Loss: 1.590e+00 | Active Proj %: 46.90 | Time: 5.90s
2025-08-21 03:01:51,517:INFO:Epoch: 27200/40000 | Train Loss: 1.689e-01 | Dynamic Loss: 1.689e-01 | Regularization Loss: 1.096e-24 | Val Loss: 2.804e-01 | Active Proj %: 13.82 | Time: 5.83s
2025-08-21 03:01:57,483:INFO:Epoch: 27250/40000 | Train Loss: 1.263e-01 | Dynamic Loss: 1.263e-01 | Regularization Loss: 1.066e-24 | Val Loss: 2.251e-01 | Active Proj %: 14.82 | Time: 5.86s
2025-08-21 03:02:06,369:INFO:Epoch: 27300/40000 | Train Loss: 1.174e-01 | Dynamic Loss: 1.174e-01 | Regularization Loss: 1.054e-24 | Val Loss: 2.194e-01 | Active Proj %: 14.99 | Time: 8.78s
2025-08-21 03:02:12,352:INFO:Epoch: 27350/40000 | Train Loss: 1.108e-01 | Dynamic Loss: 1.108e-01 | Regularization Loss: 1.042e-24 | Val Loss: 2.134e-01 | Active Proj %: 14.82 | Time: 5.88s
2025-08-21 03:02:18,276:INFO:Epoch: 27400/40000 | Train Loss: 1.066e-01 | Dynamic Loss: 1.066e-01 | Regularization Loss: 1.031e-24 | Val Loss: 2.104e-01 | Active Proj %: 14.74 | Time: 5.82s
2025-08-21 03:02:24,180:INFO:Epoch: 27450/40000 | Train Loss: 1.032e-01 | Dynamic Loss: 1.032e-01 | Regularization Loss: 1.022e-24 | Val Loss: 2.082e-01 | Active Proj %: 14.66 | Time: 5.79s
2025-08-21 03:02:30,118:INFO:Epoch: 27500/40000 | Train Loss: 1.005e-01 | Dynamic Loss: 1.005e-01 | Regularization Loss: 1.013e-24 | Val Loss: 2.064e-01 | Active Proj %: 14.66 | Time: 5.83s
2025-08-21 03:02:37,671:INFO:Epoch: 27550/40000 | Train Loss: 9.812e-02 | Dynamic Loss: 9.812e-02 | Regularization Loss: 1.007e-24 | Val Loss: 2.046e-01 | Active Proj %: 14.41 | Time: 7.44s
2025-08-21 03:02:43,804:INFO:Epoch: 27600/40000 | Train Loss: 9.811e-02 | Dynamic Loss: 9.811e-02 | Regularization Loss: 1.005e-24 | Val Loss: 2.051e-01 | Active Proj %: 14.41 | Time: 6.03s
2025-08-21 03:02:50,121:INFO:Epoch: 27650/40000 | Train Loss: 1.566e-01 | Dynamic Loss: 1.566e-01 | Regularization Loss: 1.001e-24 | Val Loss: 2.629e-01 | Active Proj %: 13.40 | Time: 6.21s
2025-08-21 03:02:56,132:INFO:Epoch: 27700/40000 | Train Loss: 9.335e-02 | Dynamic Loss: 9.335e-02 | Regularization Loss: 9.976e-25 | Val Loss: 2.022e-01 | Active Proj %: 14.49 | Time: 5.91s
2025-08-21 03:03:02,192:INFO:Epoch: 27750/40000 | Train Loss: 9.241e-02 | Dynamic Loss: 9.241e-02 | Regularization Loss: 9.915e-25 | Val Loss: 2.072e-01 | Active Proj %: 14.82 | Time: 5.95s
2025-08-21 03:03:08,181:INFO:Epoch: 27800/40000 | Train Loss: 9.485e-02 | Dynamic Loss: 9.485e-02 | Regularization Loss: 9.941e-25 | Val Loss: 2.059e-01 | Active Proj %: 14.41 | Time: 5.88s
2025-08-21 03:03:14,225:INFO:Epoch: 27850/40000 | Train Loss: 9.638e-02 | Dynamic Loss: 9.638e-02 | Regularization Loss: 9.925e-25 | Val Loss: 2.034e-01 | Active Proj %: 14.91 | Time: 5.93s
2025-08-21 03:03:20,145:INFO:Epoch: 27900/40000 | Train Loss: 1.142e-01 | Dynamic Loss: 1.142e-01 | Regularization Loss: 9.898e-25 | Val Loss: 2.307e-01 | Active Proj %: 12.81 | Time: 5.81s
2025-08-21 03:03:26,048:INFO:Epoch: 27950/40000 | Train Loss: 8.556e-02 | Dynamic Loss: 8.556e-02 | Regularization Loss: 9.918e-25 | Val Loss: 1.983e-01 | Active Proj %: 14.57 | Time: 5.80s
2025-08-21 03:03:34,108:INFO:Epoch: 28000/40000 | Train Loss: 7.377e-01 | Dynamic Loss: 7.377e-01 | Regularization Loss: 2.478e-26 | Val Loss: 7.821e-01 | Active Proj %: 11.06 | Time: 7.95s
2025-08-21 03:03:40,058:INFO:Epoch: 28050/40000 | Train Loss: 3.329e-01 | Dynamic Loss: 3.329e-01 | Regularization Loss: 1.812e-26 | Val Loss: 4.270e-01 | Active Proj %: 13.57 | Time: 5.84s
2025-08-21 03:03:45,991:INFO:Epoch: 28100/40000 | Train Loss: 1.493e-01 | Dynamic Loss: 1.493e-01 | Regularization Loss: 1.744e-26 | Val Loss: 2.426e-01 | Active Proj %: 14.41 | Time: 5.83s
2025-08-21 03:03:51,888:INFO:Epoch: 28150/40000 | Train Loss: 1.198e-01 | Dynamic Loss: 1.198e-01 | Regularization Loss: 1.726e-26 | Val Loss: 2.176e-01 | Active Proj %: 14.91 | Time: 5.79s
2025-08-21 03:03:58,934:INFO:Epoch: 28200/40000 | Train Loss: 1.077e-01 | Dynamic Loss: 1.077e-01 | Regularization Loss: 1.709e-26 | Val Loss: 2.086e-01 | Active Proj %: 14.91 | Time: 6.80s
2025-08-21 03:04:05,006:INFO:Epoch: 28250/40000 | Train Loss: 1.007e-01 | Dynamic Loss: 1.007e-01 | Regularization Loss: 1.694e-26 | Val Loss: 2.032e-01 | Active Proj %: 14.99 | Time: 5.96s
2025-08-21 03:04:11,032:INFO:Epoch: 28300/40000 | Train Loss: 9.591e-02 | Dynamic Loss: 9.591e-02 | Regularization Loss: 1.680e-26 | Val Loss: 2.004e-01 | Active Proj %: 14.99 | Time: 5.92s
2025-08-21 03:04:16,951:INFO:Epoch: 28350/40000 | Train Loss: 9.232e-02 | Dynamic Loss: 9.232e-02 | Regularization Loss: 1.667e-26 | Val Loss: 1.982e-01 | Active Proj %: 14.99 | Time: 5.81s
2025-08-21 03:04:22,798:INFO:Epoch: 28400/40000 | Train Loss: 9.531e-02 | Dynamic Loss: 9.531e-02 | Regularization Loss: 1.665e-26 | Val Loss: 2.019e-01 | Active Proj %: 14.32 | Time: 5.74s
2025-08-21 03:04:31,283:INFO:Epoch: 28450/40000 | Train Loss: 1.982e-01 | Dynamic Loss: 1.982e-01 | Regularization Loss: 1.657e-26 | Val Loss: 2.929e-01 | Active Proj %: 11.81 | Time: 8.38s
2025-08-21 03:04:37,217:INFO:Epoch: 28500/40000 | Train Loss: 8.645e-02 | Dynamic Loss: 8.645e-02 | Regularization Loss: 1.651e-26 | Val Loss: 1.946e-01 | Active Proj %: 14.82 | Time: 5.83s
2025-08-21 03:04:44,189:INFO:Epoch: 28550/40000 | Train Loss: 8.974e-02 | Dynamic Loss: 8.974e-02 | Regularization Loss: 1.636e-26 | Val Loss: 2.089e-01 | Active Proj %: 14.07 | Time: 6.87s
2025-08-21 03:04:51,651:INFO:Epoch: 28600/40000 | Train Loss: 8.351e-02 | Dynamic Loss: 8.351e-02 | Regularization Loss: 1.629e-26 | Val Loss: 1.929e-01 | Active Proj %: 15.08 | Time: 7.36s
2025-08-21 03:04:58,508:INFO:Epoch: 28650/40000 | Train Loss: 8.391e-02 | Dynamic Loss: 8.391e-02 | Regularization Loss: 1.622e-26 | Val Loss: 1.952e-01 | Active Proj %: 14.74 | Time: 6.74s
2025-08-21 03:05:05,006:INFO:Epoch: 28700/40000 | Train Loss: 8.795e-02 | Dynamic Loss: 8.795e-02 | Regularization Loss: 1.620e-26 | Val Loss: 1.964e-01 | Active Proj %: 14.99 | Time: 6.39s
2025-08-21 03:05:10,965:INFO:Epoch: 28750/40000 | Train Loss: 7.988e-02 | Dynamic Loss: 7.988e-02 | Regularization Loss: 1.611e-26 | Val Loss: 1.906e-01 | Active Proj %: 15.24 | Time: 5.85s
2025-08-21 03:05:16,992:INFO:Epoch: 28800/40000 | Train Loss: 8.248e-02 | Dynamic Loss: 8.248e-02 | Regularization Loss: 1.602e-26 | Val Loss: 1.960e-01 | Active Proj %: 14.99 | Time: 5.87s
2025-08-21 03:05:22,964:INFO:Epoch: 28850/40000 | Train Loss: 8.198e-02 | Dynamic Loss: 8.198e-02 | Regularization Loss: 1.593e-26 | Val Loss: 1.950e-01 | Active Proj %: 14.24 | Time: 5.86s
2025-08-21 03:05:28,943:INFO:Epoch: 28900/40000 | Train Loss: 1.228e-01 | Dynamic Loss: 1.228e-01 | Regularization Loss: 1.582e-26 | Val Loss: 2.426e-01 | Active Proj %: 16.08 | Time: 5.86s
2025-08-21 03:05:35,267:INFO:Epoch: 28950/40000 | Train Loss: 8.077e-02 | Dynamic Loss: 8.077e-02 | Regularization Loss: 1.569e-26 | Val Loss: 1.918e-01 | Active Proj %: 15.41 | Time: 6.22s
2025-08-21 03:05:41,203:INFO:Epoch: 29000/40000 | Train Loss: 7.580e-02 | Dynamic Loss: 7.580e-02 | Regularization Loss: 1.561e-26 | Val Loss: 1.886e-01 | Active Proj %: 15.33 | Time: 5.83s
2025-08-21 03:05:41,203:INFO:New best model found at epoch 29000 with validation loss 1.886e-01. Saving...
2025-08-21 03:05:48,011:INFO:Epoch: 29050/40000 | Train Loss: 1.362e-01 | Dynamic Loss: 1.362e-01 | Regularization Loss: 7.726e-27 | Val Loss: 2.374e-01 | Active Proj %: 13.74 | Time: 6.66s
2025-08-21 03:05:54,105:INFO:Epoch: 29100/40000 | Train Loss: 8.462e-02 | Dynamic Loss: 8.462e-02 | Regularization Loss: 7.548e-27 | Val Loss: 1.915e-01 | Active Proj %: 15.49 | Time: 5.98s
2025-08-21 03:06:00,212:INFO:Epoch: 29150/40000 | Train Loss: 7.848e-02 | Dynamic Loss: 7.848e-02 | Regularization Loss: 7.488e-27 | Val Loss: 1.876e-01 | Active Proj %: 15.16 | Time: 5.99s
2025-08-21 03:06:00,212:INFO:New best model found at epoch 29150 with validation loss 1.876e-01. Saving...
2025-08-21 03:06:06,273:INFO:Epoch: 29200/40000 | Train Loss: 7.549e-02 | Dynamic Loss: 7.549e-02 | Regularization Loss: 7.435e-27 | Val Loss: 1.861e-01 | Active Proj %: 15.08 | Time: 5.92s
2025-08-21 03:06:06,273:INFO:New best model found at epoch 29200 with validation loss 1.861e-01. Saving...
2025-08-21 03:06:12,254:INFO:Epoch: 29250/40000 | Train Loss: 8.153e-02 | Dynamic Loss: 8.153e-02 | Regularization Loss: 7.395e-27 | Val Loss: 1.898e-01 | Active Proj %: 14.99 | Time: 5.84s
2025-08-21 03:06:18,181:INFO:Epoch: 29300/40000 | Train Loss: 1.277e-01 | Dynamic Loss: 1.277e-01 | Regularization Loss: 7.377e-27 | Val Loss: 2.743e-01 | Active Proj %: 11.39 | Time: 5.81s
2025-08-21 03:06:24,163:INFO:Epoch: 29350/40000 | Train Loss: 7.300e-02 | Dynamic Loss: 7.300e-02 | Regularization Loss: 7.307e-27 | Val Loss: 1.842e-01 | Active Proj %: 15.33 | Time: 5.87s
2025-08-21 03:06:24,164:INFO:New best model found at epoch 29350 with validation loss 1.842e-01. Saving...
2025-08-21 03:06:33,038:INFO:Epoch: 29400/40000 | Train Loss: 8.116e-02 | Dynamic Loss: 8.116e-02 | Regularization Loss: 6.423e-27 | Val Loss: 1.904e-01 | Active Proj %: 15.58 | Time: 8.74s
2025-08-21 03:06:38,984:INFO:Epoch: 29450/40000 | Train Loss: 7.234e-02 | Dynamic Loss: 7.234e-02 | Regularization Loss: 6.386e-27 | Val Loss: 1.844e-01 | Active Proj %: 15.41 | Time: 5.84s
2025-08-21 03:06:44,940:INFO:Epoch: 29500/40000 | Train Loss: 9.152e-02 | Dynamic Loss: 9.152e-02 | Regularization Loss: 6.274e-27 | Val Loss: 1.867e-01 | Active Proj %: 13.99 | Time: 5.85s
2025-08-21 03:06:50,916:INFO:Epoch: 29550/40000 | Train Loss: 6.990e-02 | Dynamic Loss: 6.990e-02 | Regularization Loss: 6.212e-27 | Val Loss: 1.840e-01 | Active Proj %: 15.41 | Time: 5.86s
2025-08-21 03:06:50,916:INFO:New best model found at epoch 29550 with validation loss 1.840e-01. Saving...
2025-08-21 03:06:57,045:INFO:Epoch: 29600/40000 | Train Loss: 1.420e-01 | Dynamic Loss: 1.420e-01 | Regularization Loss: 6.207e-27 | Val Loss: 2.869e-01 | Active Proj %: 11.14 | Time: 5.87s
2025-08-21 03:07:03,016:INFO:Epoch: 29650/40000 | Train Loss: 6.863e-02 | Dynamic Loss: 6.863e-02 | Regularization Loss: 6.103e-27 | Val Loss: 1.830e-01 | Active Proj %: 15.33 | Time: 5.87s
2025-08-21 03:07:03,016:INFO:New best model found at epoch 29650 with validation loss 1.830e-01. Saving...
2025-08-21 03:07:09,050:INFO:Epoch: 29700/40000 | Train Loss: 7.031e-02 | Dynamic Loss: 7.031e-02 | Regularization Loss: 6.071e-27 | Val Loss: 1.854e-01 | Active Proj %: 15.33 | Time: 5.90s
2025-08-21 03:07:15,003:INFO:Epoch: 29750/40000 | Train Loss: 7.127e-02 | Dynamic Loss: 7.127e-02 | Regularization Loss: 5.950e-27 | Val Loss: 1.851e-01 | Active Proj %: 14.66 | Time: 5.84s
2025-08-21 03:07:20,994:INFO:Epoch: 29800/40000 | Train Loss: 1.016e-01 | Dynamic Loss: 1.016e-01 | Regularization Loss: 5.911e-27 | Val Loss: 1.945e-01 | Active Proj %: 13.48 | Time: 5.88s
2025-08-21 03:07:27,232:INFO:Epoch: 29850/40000 | Train Loss: 1.385e-01 | Dynamic Loss: 1.385e-01 | Regularization Loss: 4.721e-27 | Val Loss: 2.506e-01 | Active Proj %: 10.39 | Time: 6.13s
2025-08-21 03:07:33,175:INFO:Epoch: 29900/40000 | Train Loss: 7.066e-02 | Dynamic Loss: 7.066e-02 | Regularization Loss: 4.514e-27 | Val Loss: 1.844e-01 | Active Proj %: 15.08 | Time: 5.83s
2025-08-21 03:07:39,022:INFO:Epoch: 29950/40000 | Train Loss: 6.619e-02 | Dynamic Loss: 6.619e-02 | Regularization Loss: 4.464e-27 | Val Loss: 1.815e-01 | Active Proj %: 15.16 | Time: 5.74s
2025-08-21 03:07:39,022:INFO:New best model found at epoch 29950 with validation loss 1.815e-01. Saving...
2025-08-21 03:07:45,089:INFO:Epoch: 30000/40000 | Train Loss: 6.663e-02 | Dynamic Loss: 6.663e-02 | Regularization Loss: 4.410e-27 | Val Loss: 1.829e-01 | Active Proj %: 15.58 | Time: 5.93s
2025-08-21 03:07:51,073:INFO:Epoch: 30050/40000 | Train Loss: 6.427e-02 | Dynamic Loss: 6.427e-02 | Regularization Loss: 4.381e-27 | Val Loss: 1.812e-01 | Active Proj %: 14.82 | Time: 5.87s
2025-08-21 03:07:51,073:INFO:New best model found at epoch 30050 with validation loss 1.812e-01. Saving...
2025-08-21 03:07:57,984:INFO:Epoch: 30100/40000 | Train Loss: 6.525e-02 | Dynamic Loss: 6.525e-02 | Regularization Loss: 4.334e-27 | Val Loss: 1.852e-01 | Active Proj %: 15.58 | Time: 6.78s
2025-08-21 03:08:03,990:INFO:Epoch: 30150/40000 | Train Loss: 7.871e-01 | Dynamic Loss: 7.871e-01 | Regularization Loss: 9.129e-28 | Val Loss: 8.621e-01 | Active Proj %: 3.43 | Time: 5.90s
2025-08-21 03:08:09,972:INFO:Epoch: 30200/40000 | Train Loss: 6.606e-01 | Dynamic Loss: 6.606e-01 | Regularization Loss: 3.185e-28 | Val Loss: 6.801e-01 | Active Proj %: 16.92 | Time: 5.86s
2025-08-21 03:08:15,939:INFO:Epoch: 30250/40000 | Train Loss: 1.613e-01 | Dynamic Loss: 1.613e-01 | Regularization Loss: 1.968e-28 | Val Loss: 2.604e-01 | Active Proj %: 11.89 | Time: 5.86s
2025-08-21 03:08:21,977:INFO:Epoch: 30300/40000 | Train Loss: 1.074e-01 | Dynamic Loss: 1.074e-01 | Regularization Loss: 1.951e-28 | Val Loss: 2.108e-01 | Active Proj %: 14.15 | Time: 5.93s
2025-08-21 03:08:27,957:INFO:Epoch: 30350/40000 | Train Loss: 9.029e-02 | Dynamic Loss: 9.029e-02 | Regularization Loss: 1.937e-28 | Val Loss: 1.973e-01 | Active Proj %: 14.24 | Time: 5.87s
2025-08-21 03:08:33,973:INFO:Epoch: 30400/40000 | Train Loss: 8.340e-02 | Dynamic Loss: 8.340e-02 | Regularization Loss: 1.924e-28 | Val Loss: 1.930e-01 | Active Proj %: 14.49 | Time: 5.91s
2025-08-21 03:08:39,961:INFO:Epoch: 30450/40000 | Train Loss: 7.605e-02 | Dynamic Loss: 7.605e-02 | Regularization Loss: 1.911e-28 | Val Loss: 1.870e-01 | Active Proj %: 14.32 | Time: 5.88s
2025-08-21 03:08:45,940:INFO:Epoch: 30500/40000 | Train Loss: 7.239e-02 | Dynamic Loss: 7.239e-02 | Regularization Loss: 1.899e-28 | Val Loss: 1.857e-01 | Active Proj %: 14.91 | Time: 5.87s
2025-08-21 03:08:52,012:INFO:Epoch: 30550/40000 | Train Loss: 5.039e-01 | Dynamic Loss: 5.039e-01 | Regularization Loss: 2.703e-29 | Val Loss: 5.779e-01 | Active Proj %: 9.38 | Time: 5.96s
2025-08-21 03:08:57,947:INFO:Epoch: 30600/40000 | Train Loss: 1.303e-01 | Dynamic Loss: 1.303e-01 | Regularization Loss: 1.719e-29 | Val Loss: 2.272e-01 | Active Proj %: 12.56 | Time: 5.82s
2025-08-21 03:09:03,925:INFO:Epoch: 30650/40000 | Train Loss: 8.843e-02 | Dynamic Loss: 8.843e-02 | Regularization Loss: 1.700e-29 | Val Loss: 1.929e-01 | Active Proj %: 14.49 | Time: 5.86s
2025-08-21 03:09:09,956:INFO:Epoch: 30700/40000 | Train Loss: 5.771e-01 | Dynamic Loss: 5.771e-01 | Regularization Loss: 1.505e-29 | Val Loss: 8.727e-01 | Active Proj %: 27.22 | Time: 5.92s
2025-08-21 03:09:16,113:INFO:Epoch: 30750/40000 | Train Loss: 9.584e-02 | Dynamic Loss: 9.584e-02 | Regularization Loss: 1.050e-29 | Val Loss: 2.032e-01 | Active Proj %: 15.08 | Time: 6.05s
2025-08-21 03:09:22,102:INFO:Epoch: 30800/40000 | Train Loss: 7.880e-02 | Dynamic Loss: 7.880e-02 | Regularization Loss: 1.040e-29 | Val Loss: 1.881e-01 | Active Proj %: 15.08 | Time: 5.87s
2025-08-21 03:09:28,084:INFO:Epoch: 30850/40000 | Train Loss: 7.327e-02 | Dynamic Loss: 7.327e-02 | Regularization Loss: 1.037e-29 | Val Loss: 1.839e-01 | Active Proj %: 15.24 | Time: 5.87s
2025-08-21 03:09:34,041:INFO:Epoch: 30900/40000 | Train Loss: 8.561e-02 | Dynamic Loss: 8.561e-02 | Regularization Loss: 1.033e-29 | Val Loss: 1.877e-01 | Active Proj %: 12.56 | Time: 5.84s
2025-08-21 03:09:40,040:INFO:Epoch: 30950/40000 | Train Loss: 6.851e-02 | Dynamic Loss: 6.851e-02 | Regularization Loss: 1.029e-29 | Val Loss: 1.812e-01 | Active Proj %: 15.41 | Time: 5.89s
2025-08-21 03:09:40,040:INFO:New best model found at epoch 30950 with validation loss 1.812e-01. Saving...
2025-08-21 03:09:46,758:INFO:Epoch: 31000/40000 | Train Loss: 1.244e-01 | Dynamic Loss: 1.244e-01 | Regularization Loss: 1.016e-29 | Val Loss: 2.203e-01 | Active Proj %: 12.23 | Time: 6.58s
2025-08-21 03:09:52,732:INFO:Epoch: 31050/40000 | Train Loss: 6.840e-02 | Dynamic Loss: 6.840e-02 | Regularization Loss: 1.007e-29 | Val Loss: 1.811e-01 | Active Proj %: 14.99 | Time: 5.86s
2025-08-21 03:09:52,733:INFO:New best model found at epoch 31050 with validation loss 1.811e-01. Saving...
2025-08-21 03:09:58,690:INFO:Epoch: 31100/40000 | Train Loss: 6.370e-02 | Dynamic Loss: 6.370e-02 | Regularization Loss: 1.007e-29 | Val Loss: 1.775e-01 | Active Proj %: 15.08 | Time: 5.83s
2025-08-21 03:09:58,690:INFO:New best model found at epoch 31100 with validation loss 1.775e-01. Saving...
2025-08-21 03:10:04,687:INFO:Epoch: 31150/40000 | Train Loss: 7.102e-02 | Dynamic Loss: 7.102e-02 | Regularization Loss: 9.987e-30 | Val Loss: 1.831e-01 | Active Proj %: 14.49 | Time: 5.87s
2025-08-21 03:10:10,670:INFO:Epoch: 31200/40000 | Train Loss: 9.297e-02 | Dynamic Loss: 9.297e-02 | Regularization Loss: 9.969e-30 | Val Loss: 2.192e-01 | Active Proj %: 14.32 | Time: 5.88s
2025-08-21 03:10:18,181:INFO:Epoch: 31250/40000 | Train Loss: 7.984e-02 | Dynamic Loss: 7.984e-02 | Regularization Loss: 9.147e-30 | Val Loss: 1.905e-01 | Active Proj %: 15.91 | Time: 7.40s
2025-08-21 03:10:24,151:INFO:Epoch: 31300/40000 | Train Loss: 6.586e-02 | Dynamic Loss: 6.586e-02 | Regularization Loss: 9.207e-30 | Val Loss: 1.804e-01 | Active Proj %: 15.33 | Time: 5.87s
2025-08-21 03:10:30,526:INFO:Epoch: 31350/40000 | Train Loss: 7.038e-02 | Dynamic Loss: 7.038e-02 | Regularization Loss: 9.143e-30 | Val Loss: 1.782e-01 | Active Proj %: 14.49 | Time: 6.27s
2025-08-21 03:10:36,475:INFO:Epoch: 31400/40000 | Train Loss: 5.954e-02 | Dynamic Loss: 5.954e-02 | Regularization Loss: 9.120e-30 | Val Loss: 1.750e-01 | Active Proj %: 15.33 | Time: 5.84s
2025-08-21 03:10:36,475:INFO:New best model found at epoch 31400 with validation loss 1.750e-01. Saving...
2025-08-21 03:10:42,434:INFO:Epoch: 31450/40000 | Train Loss: 6.091e-02 | Dynamic Loss: 6.091e-02 | Regularization Loss: 9.142e-30 | Val Loss: 1.774e-01 | Active Proj %: 15.49 | Time: 5.83s
2025-08-21 03:10:55,071:INFO:Epoch: 31500/40000 | Train Loss: 1.395e-01 | Dynamic Loss: 1.395e-01 | Regularization Loss: 2.987e-30 | Val Loss: 2.442e-01 | Active Proj %: 14.49 | Time: 12.53s
2025-08-21 03:11:01,012:INFO:Epoch: 31550/40000 | Train Loss: 7.152e-02 | Dynamic Loss: 7.152e-02 | Regularization Loss: 2.830e-30 | Val Loss: 1.806e-01 | Active Proj %: 15.49 | Time: 5.83s
2025-08-21 03:11:07,257:INFO:Epoch: 31600/40000 | Train Loss: 6.521e-02 | Dynamic Loss: 6.521e-02 | Regularization Loss: 2.831e-30 | Val Loss: 1.783e-01 | Active Proj %: 15.49 | Time: 6.14s
2025-08-21 03:11:13,173:INFO:Epoch: 31650/40000 | Train Loss: 6.100e-02 | Dynamic Loss: 6.100e-02 | Regularization Loss: 2.835e-30 | Val Loss: 1.750e-01 | Active Proj %: 15.58 | Time: 5.80s
2025-08-21 03:11:19,261:INFO:Epoch: 31700/40000 | Train Loss: 6.021e-02 | Dynamic Loss: 6.021e-02 | Regularization Loss: 2.840e-30 | Val Loss: 1.757e-01 | Active Proj %: 14.99 | Time: 5.97s
2025-08-21 03:11:25,253:INFO:Epoch: 31750/40000 | Train Loss: 5.868e-02 | Dynamic Loss: 5.868e-02 | Regularization Loss: 2.826e-30 | Val Loss: 1.741e-01 | Active Proj %: 15.49 | Time: 5.88s
2025-08-21 03:11:25,253:INFO:New best model found at epoch 31750 with validation loss 1.741e-01. Saving...
2025-08-21 03:11:31,207:INFO:Epoch: 31800/40000 | Train Loss: 5.741e-02 | Dynamic Loss: 5.741e-02 | Regularization Loss: 2.835e-30 | Val Loss: 1.752e-01 | Active Proj %: 15.49 | Time: 5.83s
2025-08-21 03:11:37,727:INFO:Epoch: 31850/40000 | Train Loss: 7.970e-02 | Dynamic Loss: 7.970e-02 | Regularization Loss: 2.670e-30 | Val Loss: 2.105e-01 | Active Proj %: 14.24 | Time: 6.41s
2025-08-21 03:11:43,634:INFO:Epoch: 31900/40000 | Train Loss: 5.761e-02 | Dynamic Loss: 5.761e-02 | Regularization Loss: 2.618e-30 | Val Loss: 1.751e-01 | Active Proj %: 15.41 | Time: 5.79s
2025-08-21 03:11:54,805:INFO:Epoch: 31950/40000 | Train Loss: 6.003e-02 | Dynamic Loss: 6.003e-02 | Regularization Loss: 2.622e-30 | Val Loss: 1.815e-01 | Active Proj %: 14.24 | Time: 11.06s
2025-08-21 03:12:00,803:INFO:Epoch: 32000/40000 | Train Loss: 3.135e-01 | Dynamic Loss: 3.135e-01 | Regularization Loss: 1.305e-30 | Val Loss: 3.430e-01 | Active Proj %: 8.12 | Time: 5.88s
2025-08-21 03:12:06,789:INFO:Epoch: 32050/40000 | Train Loss: 6.955e-02 | Dynamic Loss: 6.955e-02 | Regularization Loss: 9.882e-31 | Val Loss: 1.797e-01 | Active Proj %: 15.58 | Time: 5.87s
2025-08-21 03:12:12,700:INFO:Epoch: 32100/40000 | Train Loss: 5.902e-02 | Dynamic Loss: 5.902e-02 | Regularization Loss: 9.859e-31 | Val Loss: 1.736e-01 | Active Proj %: 15.49 | Time: 5.80s
2025-08-21 03:12:12,700:INFO:New best model found at epoch 32100 with validation loss 1.736e-01. Saving...
2025-08-21 03:12:18,674:INFO:Epoch: 32150/40000 | Train Loss: 5.552e-02 | Dynamic Loss: 5.552e-02 | Regularization Loss: 9.897e-31 | Val Loss: 1.717e-01 | Active Proj %: 15.24 | Time: 5.84s
2025-08-21 03:12:18,674:INFO:New best model found at epoch 32150 with validation loss 1.717e-01. Saving...
2025-08-21 03:12:27,904:INFO:Epoch: 32200/40000 | Train Loss: 5.353e-02 | Dynamic Loss: 5.353e-02 | Regularization Loss: 9.939e-31 | Val Loss: 1.713e-01 | Active Proj %: 15.16 | Time: 9.10s
2025-08-21 03:12:27,904:INFO:New best model found at epoch 32200 with validation loss 1.713e-01. Saving...
2025-08-21 03:12:33,872:INFO:Epoch: 32250/40000 | Train Loss: 5.435e-02 | Dynamic Loss: 5.435e-02 | Regularization Loss: 9.667e-31 | Val Loss: 1.719e-01 | Active Proj %: 14.99 | Time: 5.84s
2025-08-21 03:12:39,831:INFO:Epoch: 32300/40000 | Train Loss: 5.150e-02 | Dynamic Loss: 5.150e-02 | Regularization Loss: 9.707e-31 | Val Loss: 1.705e-01 | Active Proj %: 14.99 | Time: 5.84s
2025-08-21 03:12:39,831:INFO:New best model found at epoch 32300 with validation loss 1.705e-01. Saving...
2025-08-21 03:12:45,799:INFO:Epoch: 32350/40000 | Train Loss: 6.576e-02 | Dynamic Loss: 6.576e-02 | Regularization Loss: 9.393e-31 | Val Loss: 1.863e-01 | Active Proj %: 13.82 | Time: 5.83s
2025-08-21 03:12:51,832:INFO:Epoch: 32400/40000 | Train Loss: 5.103e-02 | Dynamic Loss: 5.103e-02 | Regularization Loss: 9.346e-31 | Val Loss: 1.700e-01 | Active Proj %: 14.99 | Time: 5.92s
2025-08-21 03:12:51,833:INFO:New best model found at epoch 32400 with validation loss 1.700e-01. Saving...
2025-08-21 03:12:57,962:INFO:Epoch: 32450/40000 | Train Loss: 5.347e-02 | Dynamic Loss: 5.347e-02 | Regularization Loss: 9.365e-31 | Val Loss: 1.722e-01 | Active Proj %: 15.08 | Time: 5.98s
2025-08-21 03:13:04,399:INFO:Epoch: 32500/40000 | Train Loss: 6.638e-02 | Dynamic Loss: 6.638e-02 | Regularization Loss: 9.203e-31 | Val Loss: 1.745e-01 | Active Proj %: 13.32 | Time: 6.32s
2025-08-21 03:13:10,534:INFO:Epoch: 32550/40000 | Train Loss: 1.379e-01 | Dynamic Loss: 1.379e-01 | Regularization Loss: 9.082e-31 | Val Loss: 2.299e-01 | Active Proj %: 14.99 | Time: 6.03s
2025-08-21 03:13:16,457:INFO:Epoch: 32600/40000 | Train Loss: 7.419e-02 | Dynamic Loss: 7.419e-02 | Regularization Loss: 5.068e-31 | Val Loss: 1.878e-01 | Active Proj %: 15.66 | Time: 5.81s
2025-08-21 03:13:26,444:INFO:Epoch: 32650/40000 | Train Loss: 1.225e-01 | Dynamic Loss: 1.225e-01 | Regularization Loss: 5.014e-31 | Val Loss: 2.400e-01 | Active Proj %: 16.67 | Time: 9.88s
2025-08-21 03:13:32,337:INFO:Epoch: 32700/40000 | Train Loss: 9.499e-01 | Dynamic Loss: 9.499e-01 | Regularization Loss: 3.619e-32 | Val Loss: 1.208e+00 | Active Proj %: 30.40 | Time: 5.78s
2025-08-21 03:13:38,292:INFO:Epoch: 32750/40000 | Train Loss: 1.580e-01 | Dynamic Loss: 1.580e-01 | Regularization Loss: 6.981e-33 | Val Loss: 2.487e-01 | Active Proj %: 9.97 | Time: 5.85s
2025-08-21 03:13:44,166:INFO:Epoch: 32800/40000 | Train Loss: 9.091e-02 | Dynamic Loss: 9.091e-02 | Regularization Loss: 6.851e-33 | Val Loss: 1.923e-01 | Active Proj %: 15.49 | Time: 5.76s
2025-08-21 03:13:50,066:INFO:Epoch: 32850/40000 | Train Loss: 7.070e-02 | Dynamic Loss: 7.070e-02 | Regularization Loss: 6.811e-33 | Val Loss: 1.747e-01 | Active Proj %: 14.57 | Time: 5.78s
2025-08-21 03:13:59,777:INFO:Epoch: 32900/40000 | Train Loss: 6.229e-02 | Dynamic Loss: 6.229e-02 | Regularization Loss: 6.781e-33 | Val Loss: 1.691e-01 | Active Proj %: 14.49 | Time: 9.60s
2025-08-21 03:13:59,777:INFO:New best model found at epoch 32900 with validation loss 1.691e-01. Saving...
2025-08-21 03:14:06,626:INFO:Epoch: 32950/40000 | Train Loss: 7.297e-02 | Dynamic Loss: 7.297e-02 | Regularization Loss: 6.445e-33 | Val Loss: 1.813e-01 | Active Proj %: 14.99 | Time: 6.71s
2025-08-21 03:14:12,599:INFO:Epoch: 33000/40000 | Train Loss: 5.683e-02 | Dynamic Loss: 5.683e-02 | Regularization Loss: 6.401e-33 | Val Loss: 1.683e-01 | Active Proj %: 15.24 | Time: 5.86s
2025-08-21 03:14:12,599:INFO:New best model found at epoch 33000 with validation loss 1.683e-01. Saving...
2025-08-21 03:14:18,588:INFO:Epoch: 33050/40000 | Train Loss: 3.922e-01 | Dynamic Loss: 3.922e-01 | Regularization Loss: 5.770e-33 | Val Loss: 6.314e-01 | Active Proj %: 21.19 | Time: 5.85s
2025-08-21 03:14:24,716:INFO:Epoch: 33100/40000 | Train Loss: 6.202e-02 | Dynamic Loss: 6.202e-02 | Regularization Loss: 4.766e-33 | Val Loss: 1.733e-01 | Active Proj %: 14.91 | Time: 6.02s
2025-08-21 03:14:30,686:INFO:Epoch: 33150/40000 | Train Loss: 5.408e-02 | Dynamic Loss: 5.408e-02 | Regularization Loss: 4.767e-33 | Val Loss: 1.676e-01 | Active Proj %: 15.41 | Time: 5.86s
2025-08-21 03:14:30,686:INFO:New best model found at epoch 33150 with validation loss 1.676e-01. Saving...
2025-08-21 03:14:36,659:INFO:Epoch: 33200/40000 | Train Loss: 5.181e-02 | Dynamic Loss: 5.181e-02 | Regularization Loss: 4.773e-33 | Val Loss: 1.660e-01 | Active Proj %: 15.41 | Time: 5.84s
2025-08-21 03:14:36,659:INFO:New best model found at epoch 33200 with validation loss 1.660e-01. Saving...
2025-08-21 03:14:42,664:INFO:Epoch: 33250/40000 | Train Loss: 5.026e-02 | Dynamic Loss: 5.026e-02 | Regularization Loss: 4.780e-33 | Val Loss: 1.652e-01 | Active Proj %: 15.41 | Time: 5.87s
2025-08-21 03:14:42,664:INFO:New best model found at epoch 33250 with validation loss 1.652e-01. Saving...
2025-08-21 03:14:48,768:INFO:Epoch: 33300/40000 | Train Loss: 5.677e-02 | Dynamic Loss: 5.677e-02 | Regularization Loss: 4.786e-33 | Val Loss: 1.718e-01 | Active Proj %: 14.49 | Time: 5.98s
2025-08-21 03:14:54,919:INFO:Epoch: 33350/40000 | Train Loss: 8.580e-02 | Dynamic Loss: 8.580e-02 | Regularization Loss: 4.790e-33 | Val Loss: 2.132e-01 | Active Proj %: 13.40 | Time: 6.03s
2025-08-21 03:15:00,917:INFO:Epoch: 33400/40000 | Train Loss: 6.945e-02 | Dynamic Loss: 6.945e-02 | Regularization Loss: 4.783e-33 | Val Loss: 1.743e-01 | Active Proj %: 13.74 | Time: 5.89s
2025-08-21 03:15:06,917:INFO:Epoch: 33450/40000 | Train Loss: 5.025e-02 | Dynamic Loss: 5.025e-02 | Regularization Loss: 4.785e-33 | Val Loss: 1.658e-01 | Active Proj %: 15.66 | Time: 5.88s
2025-08-21 03:15:12,889:INFO:Epoch: 33500/40000 | Train Loss: 6.410e-02 | Dynamic Loss: 6.410e-02 | Regularization Loss: 4.702e-33 | Val Loss: 1.689e-01 | Active Proj %: 14.07 | Time: 5.86s
2025-08-21 03:15:18,969:INFO:Epoch: 33550/40000 | Train Loss: 4.746e-02 | Dynamic Loss: 4.746e-02 | Regularization Loss: 4.689e-33 | Val Loss: 1.650e-01 | Active Proj %: 15.41 | Time: 5.96s
2025-08-21 03:15:18,969:INFO:New best model found at epoch 33550 with validation loss 1.650e-01. Saving...
2025-08-21 03:15:24,960:INFO:Epoch: 33600/40000 | Train Loss: 5.738e-02 | Dynamic Loss: 5.738e-02 | Regularization Loss: 4.331e-33 | Val Loss: 1.680e-01 | Active Proj %: 15.41 | Time: 5.86s
2025-08-21 03:15:30,980:INFO:Epoch: 33650/40000 | Train Loss: 4.621e-02 | Dynamic Loss: 4.621e-02 | Regularization Loss: 4.320e-33 | Val Loss: 1.634e-01 | Active Proj %: 15.49 | Time: 5.90s
2025-08-21 03:15:30,980:INFO:New best model found at epoch 33650 with validation loss 1.634e-01. Saving...
2025-08-21 03:15:36,957:INFO:Epoch: 33700/40000 | Train Loss: 4.504e-02 | Dynamic Loss: 4.504e-02 | Regularization Loss: 4.325e-33 | Val Loss: 1.630e-01 | Active Proj %: 15.49 | Time: 5.84s
2025-08-21 03:15:36,957:INFO:New best model found at epoch 33700 with validation loss 1.630e-01. Saving...
2025-08-21 03:15:42,938:INFO:Epoch: 33750/40000 | Train Loss: 4.989e-02 | Dynamic Loss: 4.989e-02 | Regularization Loss: 4.324e-33 | Val Loss: 1.697e-01 | Active Proj %: 14.74 | Time: 5.85s
2025-08-21 03:15:53,845:INFO:Epoch: 33800/40000 | Train Loss: 4.478e-02 | Dynamic Loss: 4.478e-02 | Regularization Loss: 4.331e-33 | Val Loss: 1.641e-01 | Active Proj %: 15.33 | Time: 10.79s
2025-08-21 03:15:59,783:INFO:Epoch: 33850/40000 | Train Loss: 1.022e-01 | Dynamic Loss: 1.022e-01 | Regularization Loss: 1.577e-33 | Val Loss: 2.070e-01 | Active Proj %: 14.82 | Time: 5.83s
2025-08-21 03:16:05,788:INFO:Epoch: 33900/40000 | Train Loss: 5.349e-02 | Dynamic Loss: 5.349e-02 | Regularization Loss: 1.538e-33 | Val Loss: 1.657e-01 | Active Proj %: 15.33 | Time: 5.90s
2025-08-21 03:16:11,735:INFO:Epoch: 33950/40000 | Train Loss: 4.830e-02 | Dynamic Loss: 4.830e-02 | Regularization Loss: 1.541e-33 | Val Loss: 1.623e-01 | Active Proj %: 15.41 | Time: 5.84s
2025-08-21 03:16:11,735:INFO:New best model found at epoch 33950 with validation loss 1.623e-01. Saving...
2025-08-21 03:16:17,948:INFO:Epoch: 34000/40000 | Train Loss: 4.611e-02 | Dynamic Loss: 4.611e-02 | Regularization Loss: 1.548e-33 | Val Loss: 1.616e-01 | Active Proj %: 15.41 | Time: 6.07s
2025-08-21 03:16:17,948:INFO:New best model found at epoch 34000 with validation loss 1.616e-01. Saving...
2025-08-21 03:16:23,923:INFO:Epoch: 34050/40000 | Train Loss: 5.309e-02 | Dynamic Loss: 5.309e-02 | Regularization Loss: 1.535e-33 | Val Loss: 1.733e-01 | Active Proj %: 14.74 | Time: 5.84s
2025-08-21 03:16:29,900:INFO:Epoch: 34100/40000 | Train Loss: 4.451e-02 | Dynamic Loss: 4.451e-02 | Regularization Loss: 1.539e-33 | Val Loss: 1.610e-01 | Active Proj %: 15.33 | Time: 5.87s
2025-08-21 03:16:29,900:INFO:New best model found at epoch 34100 with validation loss 1.610e-01. Saving...
2025-08-21 03:16:36,324:INFO:Epoch: 34150/40000 | Train Loss: 4.009e-01 | Dynamic Loss: 4.009e-01 | Regularization Loss: 1.318e-33 | Val Loss: 4.454e-01 | Active Proj %: 19.35 | Time: 6.29s
2025-08-21 03:16:42,398:INFO:Epoch: 34200/40000 | Train Loss: 5.269e-02 | Dynamic Loss: 5.269e-02 | Regularization Loss: 9.897e-34 | Val Loss: 1.648e-01 | Active Proj %: 15.33 | Time: 5.95s
2025-08-21 03:16:48,425:INFO:Epoch: 34250/40000 | Train Loss: 4.541e-02 | Dynamic Loss: 4.541e-02 | Regularization Loss: 9.917e-34 | Val Loss: 1.611e-01 | Active Proj %: 15.33 | Time: 5.91s
2025-08-21 03:16:54,403:INFO:Epoch: 34300/40000 | Train Loss: 4.382e-02 | Dynamic Loss: 4.382e-02 | Regularization Loss: 9.996e-34 | Val Loss: 1.606e-01 | Active Proj %: 15.33 | Time: 5.87s
2025-08-21 03:16:54,403:INFO:New best model found at epoch 34300 with validation loss 1.606e-01. Saving...
2025-08-21 03:17:00,335:INFO:Epoch: 34350/40000 | Train Loss: 5.802e-02 | Dynamic Loss: 5.802e-02 | Regularization Loss: 9.954e-34 | Val Loss: 1.735e-01 | Active Proj %: 13.90 | Time: 5.80s
2025-08-21 03:17:06,316:INFO:Epoch: 34400/40000 | Train Loss: 4.817e-02 | Dynamic Loss: 4.817e-02 | Regularization Loss: 1.003e-33 | Val Loss: 1.710e-01 | Active Proj %: 15.41 | Time: 5.86s
2025-08-21 03:17:13,086:INFO:Epoch: 34450/40000 | Train Loss: 5.791e-02 | Dynamic Loss: 5.791e-02 | Regularization Loss: 1.013e-33 | Val Loss: 1.789e-01 | Active Proj %: 13.65 | Time: 6.65s
2025-08-21 03:17:19,596:INFO:Epoch: 34500/40000 | Train Loss: 4.191e-02 | Dynamic Loss: 4.191e-02 | Regularization Loss: 1.018e-33 | Val Loss: 1.601e-01 | Active Proj %: 15.33 | Time: 6.39s
2025-08-21 03:17:19,596:INFO:New best model found at epoch 34500 with validation loss 1.601e-01. Saving...
2025-08-21 03:17:25,629:INFO:Epoch: 34550/40000 | Train Loss: 4.217e-02 | Dynamic Loss: 4.217e-02 | Regularization Loss: 1.023e-33 | Val Loss: 1.606e-01 | Active Proj %: 15.33 | Time: 5.90s
2025-08-21 03:17:31,554:INFO:Epoch: 34600/40000 | Train Loss: 4.794e-02 | Dynamic Loss: 4.794e-02 | Regularization Loss: 9.980e-34 | Val Loss: 1.626e-01 | Active Proj %: 15.16 | Time: 5.81s
2025-08-21 03:17:39,471:INFO:Epoch: 34650/40000 | Train Loss: 5.014e-02 | Dynamic Loss: 5.014e-02 | Regularization Loss: 1.007e-33 | Val Loss: 1.797e-01 | Active Proj %: 15.58 | Time: 7.80s
2025-08-21 03:17:45,447:INFO:Epoch: 34700/40000 | Train Loss: 4.455e-02 | Dynamic Loss: 4.455e-02 | Regularization Loss: 9.948e-34 | Val Loss: 1.618e-01 | Active Proj %: 15.08 | Time: 5.85s
2025-08-21 03:17:51,423:INFO:Epoch: 34750/40000 | Train Loss: 3.969e-02 | Dynamic Loss: 3.969e-02 | Regularization Loss: 1.003e-33 | Val Loss: 1.594e-01 | Active Proj %: 15.49 | Time: 5.86s
2025-08-21 03:17:51,423:INFO:New best model found at epoch 34750 with validation loss 1.594e-01. Saving...
2025-08-21 03:17:57,349:INFO:Epoch: 34800/40000 | Train Loss: 4.056e-02 | Dynamic Loss: 4.056e-02 | Regularization Loss: 1.014e-33 | Val Loss: 1.613e-01 | Active Proj %: 15.08 | Time: 5.79s
2025-08-21 03:18:04,072:INFO:Epoch: 34850/40000 | Train Loss: 4.801e-02 | Dynamic Loss: 4.801e-02 | Regularization Loss: 1.007e-33 | Val Loss: 1.627e-01 | Active Proj %: 15.08 | Time: 6.61s
2025-08-21 03:18:09,947:INFO:Epoch: 34900/40000 | Train Loss: 7.380e-02 | Dynamic Loss: 7.380e-02 | Regularization Loss: 1.014e-33 | Val Loss: 2.279e-01 | Active Proj %: 12.31 | Time: 5.76s
2025-08-21 03:18:15,927:INFO:Epoch: 34950/40000 | Train Loss: 3.952e-02 | Dynamic Loss: 3.952e-02 | Regularization Loss: 9.914e-34 | Val Loss: 1.590e-01 | Active Proj %: 15.41 | Time: 5.87s
2025-08-21 03:18:15,927:INFO:New best model found at epoch 34950 with validation loss 1.590e-01. Saving...
2025-08-21 03:18:21,939:INFO:Epoch: 35000/40000 | Train Loss: 5.772e-02 | Dynamic Loss: 5.772e-02 | Regularization Loss: 9.903e-34 | Val Loss: 1.927e-01 | Active Proj %: 13.99 | Time: 5.87s
2025-08-21 03:18:27,901:INFO:Epoch: 35050/40000 | Train Loss: 3.829e-02 | Dynamic Loss: 3.829e-02 | Regularization Loss: 9.920e-34 | Val Loss: 1.588e-01 | Active Proj %: 15.33 | Time: 5.84s
2025-08-21 03:18:27,901:INFO:New best model found at epoch 35050 with validation loss 1.588e-01. Saving...
2025-08-21 03:18:38,648:INFO:Epoch: 35100/40000 | Train Loss: 6.486e-02 | Dynamic Loss: 6.486e-02 | Regularization Loss: 9.810e-34 | Val Loss: 1.812e-01 | Active Proj %: 14.15 | Time: 10.61s
2025-08-21 03:18:44,608:INFO:Epoch: 35150/40000 | Train Loss: 3.786e-02 | Dynamic Loss: 3.786e-02 | Regularization Loss: 9.839e-34 | Val Loss: 1.585e-01 | Active Proj %: 15.33 | Time: 5.85s
2025-08-21 03:18:44,609:INFO:New best model found at epoch 35150 with validation loss 1.585e-01. Saving...
2025-08-21 03:18:50,716:INFO:Epoch: 35200/40000 | Train Loss: 3.854e-02 | Dynamic Loss: 3.854e-02 | Regularization Loss: 9.812e-34 | Val Loss: 1.592e-01 | Active Proj %: 15.33 | Time: 5.93s
2025-08-21 03:18:56,629:INFO:Epoch: 35250/40000 | Train Loss: 4.606e-02 | Dynamic Loss: 4.606e-02 | Regularization Loss: 9.618e-34 | Val Loss: 1.640e-01 | Active Proj %: 15.49 | Time: 5.80s
2025-08-21 03:19:07,011:INFO:Epoch: 35300/40000 | Train Loss: 3.682e-02 | Dynamic Loss: 3.682e-02 | Regularization Loss: 9.662e-34 | Val Loss: 1.576e-01 | Active Proj %: 15.24 | Time: 10.26s
2025-08-21 03:19:07,011:INFO:New best model found at epoch 35300 with validation loss 1.576e-01. Saving...
2025-08-21 03:19:12,949:INFO:Epoch: 35350/40000 | Train Loss: 3.727e-02 | Dynamic Loss: 3.727e-02 | Regularization Loss: 9.813e-34 | Val Loss: 1.592e-01 | Active Proj %: 15.33 | Time: 5.80s
2025-08-21 03:19:18,899:INFO:Epoch: 35400/40000 | Train Loss: 5.847e-01 | Dynamic Loss: 5.847e-01 | Regularization Loss: 1.753e-34 | Val Loss: 6.400e-01 | Active Proj %: 16.58 | Time: 5.84s
2025-08-21 03:19:24,821:INFO:Epoch: 35450/40000 | Train Loss: 8.626e-02 | Dynamic Loss: 8.626e-02 | Regularization Loss: 5.755e-35 | Val Loss: 1.817e-01 | Active Proj %: 15.49 | Time: 5.81s
2025-08-21 03:19:30,752:INFO:Epoch: 35500/40000 | Train Loss: 5.475e-02 | Dynamic Loss: 5.475e-02 | Regularization Loss: 5.678e-35 | Val Loss: 1.583e-01 | Active Proj %: 15.33 | Time: 5.82s
2025-08-21 03:19:37,926:INFO:Epoch: 35550/40000 | Train Loss: 4.670e-02 | Dynamic Loss: 4.670e-02 | Regularization Loss: 5.695e-35 | Val Loss: 1.542e-01 | Active Proj %: 15.49 | Time: 7.06s
2025-08-21 03:19:37,926:INFO:New best model found at epoch 35550 with validation loss 1.542e-01. Saving...
2025-08-21 03:19:44,207:INFO:Epoch: 35600/40000 | Train Loss: 5.042e-02 | Dynamic Loss: 5.042e-02 | Regularization Loss: 4.717e-35 | Val Loss: 1.581e-01 | Active Proj %: 14.66 | Time: 6.15s
2025-08-21 03:19:50,084:INFO:Epoch: 35650/40000 | Train Loss: 4.260e-02 | Dynamic Loss: 4.260e-02 | Regularization Loss: 4.732e-35 | Val Loss: 1.537e-01 | Active Proj %: 15.49 | Time: 5.76s
2025-08-21 03:19:50,084:INFO:New best model found at epoch 35650 with validation loss 1.537e-01. Saving...
2025-08-21 03:19:56,026:INFO:Epoch: 35700/40000 | Train Loss: 4.038e-02 | Dynamic Loss: 4.038e-02 | Regularization Loss: 4.777e-35 | Val Loss: 1.530e-01 | Active Proj %: 15.49 | Time: 5.79s
2025-08-21 03:19:56,026:INFO:New best model found at epoch 35700 with validation loss 1.530e-01. Saving...
2025-08-21 03:20:02,087:INFO:Epoch: 35750/40000 | Train Loss: 3.893e-02 | Dynamic Loss: 3.893e-02 | Regularization Loss: 4.823e-35 | Val Loss: 1.526e-01 | Active Proj %: 15.49 | Time: 5.92s
2025-08-21 03:20:02,087:INFO:New best model found at epoch 35750 with validation loss 1.526e-01. Saving...
2025-08-21 03:20:08,046:INFO:Epoch: 35800/40000 | Train Loss: 3.804e-02 | Dynamic Loss: 3.804e-02 | Regularization Loss: 4.868e-35 | Val Loss: 1.525e-01 | Active Proj %: 15.49 | Time: 5.83s
2025-08-21 03:20:08,046:INFO:New best model found at epoch 35800 with validation loss 1.525e-01. Saving...
2025-08-21 03:20:13,996:INFO:Epoch: 35850/40000 | Train Loss: 3.814e-02 | Dynamic Loss: 3.814e-02 | Regularization Loss: 4.870e-35 | Val Loss: 1.527e-01 | Active Proj %: 15.49 | Time: 5.82s
2025-08-21 03:20:19,968:INFO:Epoch: 35900/40000 | Train Loss: 3.711e-02 | Dynamic Loss: 3.711e-02 | Regularization Loss: 4.901e-35 | Val Loss: 1.544e-01 | Active Proj %: 15.33 | Time: 5.86s
2025-08-21 03:20:25,974:INFO:Epoch: 35950/40000 | Train Loss: 4.190e-02 | Dynamic Loss: 4.190e-02 | Regularization Loss: 4.900e-35 | Val Loss: 6.034e-01 | Active Proj %: 15.24 | Time: 5.89s
2025-08-21 03:20:32,854:INFO:Epoch: 36000/40000 | Train Loss: 4.062e-02 | Dynamic Loss: 4.062e-02 | Regularization Loss: 4.058e-35 | Val Loss: 1.553e-01 | Active Proj %: 15.41 | Time: 6.77s
2025-08-21 03:20:38,780:INFO:Epoch: 36050/40000 | Train Loss: 3.633e-02 | Dynamic Loss: 3.633e-02 | Regularization Loss: 4.071e-35 | Val Loss: 1.530e-01 | Active Proj %: 15.49 | Time: 5.81s
2025-08-21 03:20:44,712:INFO:Epoch: 36100/40000 | Train Loss: 1.535e-01 | Dynamic Loss: 1.535e-01 | Regularization Loss: 3.644e-35 | Val Loss: 2.487e-01 | Active Proj %: 10.55 | Time: 5.82s
2025-08-21 03:20:50,763:INFO:Epoch: 36150/40000 | Train Loss: 3.896e-02 | Dynamic Loss: 3.896e-02 | Regularization Loss: 3.414e-35 | Val Loss: 1.540e-01 | Active Proj %: 15.58 | Time: 5.93s
2025-08-21 03:20:57,006:INFO:Epoch: 36200/40000 | Train Loss: 3.604e-02 | Dynamic Loss: 3.604e-02 | Regularization Loss: 3.459e-35 | Val Loss: 1.522e-01 | Active Proj %: 15.58 | Time: 6.13s
2025-08-21 03:20:57,006:INFO:New best model found at epoch 36200 with validation loss 1.522e-01. Saving...
2025-08-21 03:21:02,950:INFO:Epoch: 36250/40000 | Train Loss: 3.616e-02 | Dynamic Loss: 3.616e-02 | Regularization Loss: 3.501e-35 | Val Loss: 1.541e-01 | Active Proj %: 15.66 | Time: 5.81s
2025-08-21 03:21:09,280:INFO:Epoch: 36300/40000 | Train Loss: 3.585e-02 | Dynamic Loss: 3.585e-02 | Regularization Loss: 3.428e-35 | Val Loss: 1.547e-01 | Active Proj %: 15.41 | Time: 6.22s
2025-08-21 03:21:15,197:INFO:Epoch: 36350/40000 | Train Loss: 3.424e-02 | Dynamic Loss: 3.424e-02 | Regularization Loss: 3.463e-35 | Val Loss: 1.524e-01 | Active Proj %: 15.49 | Time: 5.80s
2025-08-21 03:21:21,099:INFO:Epoch: 36400/40000 | Train Loss: 4.032e-02 | Dynamic Loss: 4.032e-02 | Regularization Loss: 3.308e-35 | Val Loss: 1.567e-01 | Active Proj %: 15.33 | Time: 5.79s
2025-08-21 03:21:29,478:INFO:Epoch: 36450/40000 | Train Loss: 3.410e-02 | Dynamic Loss: 3.410e-02 | Regularization Loss: 3.327e-35 | Val Loss: 1.527e-01 | Active Proj %: 15.49 | Time: 8.26s
2025-08-21 03:21:35,444:INFO:Epoch: 36500/40000 | Train Loss: 5.750e-01 | Dynamic Loss: 5.750e-01 | Regularization Loss: 2.262e-35 | Val Loss: 4.492e-01 | Active Proj %: 14.32 | Time: 5.85s
2025-08-21 03:21:41,275:INFO:Epoch: 36550/40000 | Train Loss: 5.390e-02 | Dynamic Loss: 5.390e-02 | Regularization Loss: 1.564e-35 | Val Loss: 1.634e-01 | Active Proj %: 14.99 | Time: 5.72s
2025-08-21 03:21:47,123:INFO:Epoch: 36600/40000 | Train Loss: 1.603e+00 | Dynamic Loss: 1.603e+00 | Regularization Loss: 1.497e-35 | Val Loss: 1.253e+00 | Active Proj %: 33.17 | Time: 5.73s
2025-08-21 03:21:53,104:INFO:Epoch: 36650/40000 | Train Loss: 1.197e-01 | Dynamic Loss: 1.197e-01 | Regularization Loss: 4.828e-36 | Val Loss: 2.299e-01 | Active Proj %: 13.82 | Time: 5.87s
2025-08-21 03:21:59,034:INFO:Epoch: 36700/40000 | Train Loss: 6.844e-02 | Dynamic Loss: 6.844e-02 | Regularization Loss: 4.686e-36 | Val Loss: 1.675e-01 | Active Proj %: 15.33 | Time: 5.82s
2025-08-21 03:22:04,906:INFO:Epoch: 36750/40000 | Train Loss: 5.304e-02 | Dynamic Loss: 5.304e-02 | Regularization Loss: 4.636e-36 | Val Loss: 1.575e-01 | Active Proj %: 15.24 | Time: 5.76s
2025-08-21 03:22:10,920:INFO:Epoch: 36800/40000 | Train Loss: 4.627e-02 | Dynamic Loss: 4.627e-02 | Regularization Loss: 4.620e-36 | Val Loss: 1.531e-01 | Active Proj %: 15.33 | Time: 5.90s
2025-08-21 03:22:16,836:INFO:Epoch: 36850/40000 | Train Loss: 4.047e-02 | Dynamic Loss: 4.047e-02 | Regularization Loss: 4.625e-36 | Val Loss: 1.496e-01 | Active Proj %: 15.24 | Time: 5.80s
2025-08-21 03:22:16,836:INFO:New best model found at epoch 36850 with validation loss 1.496e-01. Saving...
2025-08-21 03:22:25,395:INFO:Epoch: 36900/40000 | Train Loss: 3.917e-02 | Dynamic Loss: 3.917e-02 | Regularization Loss: 4.632e-36 | Val Loss: 1.492e-01 | Active Proj %: 14.91 | Time: 8.42s
2025-08-21 03:22:25,395:INFO:New best model found at epoch 36900 with validation loss 1.492e-01. Saving...
2025-08-21 03:22:31,330:INFO:Epoch: 36950/40000 | Train Loss: 3.755e-02 | Dynamic Loss: 3.755e-02 | Regularization Loss: 4.607e-36 | Val Loss: 1.489e-01 | Active Proj %: 15.08 | Time: 5.80s
2025-08-21 03:22:31,330:INFO:New best model found at epoch 36950 with validation loss 1.489e-01. Saving...
2025-08-21 03:22:37,236:INFO:Epoch: 37000/40000 | Train Loss: 3.627e-02 | Dynamic Loss: 3.627e-02 | Regularization Loss: 4.609e-36 | Val Loss: 1.487e-01 | Active Proj %: 15.24 | Time: 5.76s
2025-08-21 03:22:37,236:INFO:New best model found at epoch 37000 with validation loss 1.487e-01. Saving...
2025-08-21 03:22:43,169:INFO:Epoch: 37050/40000 | Train Loss: 3.628e-02 | Dynamic Loss: 3.628e-02 | Regularization Loss: 4.551e-36 | Val Loss: 1.497e-01 | Active Proj %: 15.16 | Time: 5.79s
2025-08-21 03:22:49,172:INFO:Epoch: 37100/40000 | Train Loss: 5.631e-01 | Dynamic Loss: 5.631e-01 | Regularization Loss: 3.031e-36 | Val Loss: 5.995e-01 | Active Proj %: 29.23 | Time: 5.89s
2025-08-21 03:22:55,177:INFO:Epoch: 37150/40000 | Train Loss: 5.062e-02 | Dynamic Loss: 5.062e-02 | Regularization Loss: 1.396e-36 | Val Loss: 1.594e-01 | Active Proj %: 14.57 | Time: 5.89s
2025-08-21 03:23:01,113:INFO:Epoch: 37200/40000 | Train Loss: 3.821e-02 | Dynamic Loss: 3.821e-02 | Regularization Loss: 1.383e-36 | Val Loss: 1.495e-01 | Active Proj %: 15.41 | Time: 5.82s
2025-08-21 03:23:06,971:INFO:Epoch: 37250/40000 | Train Loss: 3.590e-02 | Dynamic Loss: 3.590e-02 | Regularization Loss: 1.385e-36 | Val Loss: 1.486e-01 | Active Proj %: 15.41 | Time: 5.75s
2025-08-21 03:23:06,971:INFO:New best model found at epoch 37250 with validation loss 1.486e-01. Saving...
2025-08-21 03:23:12,928:INFO:Epoch: 37300/40000 | Train Loss: 3.468e-02 | Dynamic Loss: 3.468e-02 | Regularization Loss: 1.388e-36 | Val Loss: 1.484e-01 | Active Proj %: 15.41 | Time: 5.82s
2025-08-21 03:23:12,929:INFO:New best model found at epoch 37300 with validation loss 1.484e-01. Saving...
2025-08-21 03:23:19,492:INFO:Epoch: 37350/40000 | Train Loss: 7.479e-02 | Dynamic Loss: 7.479e-02 | Regularization Loss: 1.222e-36 | Val Loss: 1.987e-01 | Active Proj %: 11.89 | Time: 6.43s
2025-08-21 03:23:25,951:INFO:Epoch: 37400/40000 | Train Loss: 3.594e-02 | Dynamic Loss: 3.594e-02 | Regularization Loss: 1.177e-36 | Val Loss: 1.507e-01 | Active Proj %: 15.49 | Time: 6.34s
2025-08-21 03:23:31,912:INFO:Epoch: 37450/40000 | Train Loss: 3.407e-02 | Dynamic Loss: 3.407e-02 | Regularization Loss: 1.184e-36 | Val Loss: 1.487e-01 | Active Proj %: 15.41 | Time: 5.85s
2025-08-21 03:23:37,825:INFO:Epoch: 37500/40000 | Train Loss: 3.319e-02 | Dynamic Loss: 3.319e-02 | Regularization Loss: 1.192e-36 | Val Loss: 1.484e-01 | Active Proj %: 15.41 | Time: 5.80s
2025-08-21 03:23:44,019:INFO:Epoch: 37550/40000 | Train Loss: 3.255e-02 | Dynamic Loss: 3.255e-02 | Regularization Loss: 1.200e-36 | Val Loss: 1.482e-01 | Active Proj %: 15.33 | Time: 6.08s
2025-08-21 03:23:44,019:INFO:New best model found at epoch 37550 with validation loss 1.482e-01. Saving...
2025-08-21 03:23:50,026:INFO:Epoch: 37600/40000 | Train Loss: 3.355e-02 | Dynamic Loss: 3.355e-02 | Regularization Loss: 1.165e-36 | Val Loss: 1.508e-01 | Active Proj %: 15.24 | Time: 5.86s
2025-08-21 03:23:55,983:INFO:Epoch: 37650/40000 | Train Loss: 3.200e-02 | Dynamic Loss: 3.200e-02 | Regularization Loss: 1.171e-36 | Val Loss: 1.484e-01 | Active Proj %: 15.33 | Time: 5.85s
2025-08-21 03:24:01,941:INFO:Epoch: 37700/40000 | Train Loss: 8.854e-02 | Dynamic Loss: 8.854e-02 | Regularization Loss: 1.178e-36 | Val Loss: 1.953e-01 | Active Proj %: 12.73 | Time: 5.84s
2025-08-21 03:24:07,914:INFO:Epoch: 37750/40000 | Train Loss: 3.153e-02 | Dynamic Loss: 3.153e-02 | Regularization Loss: 1.167e-36 | Val Loss: 1.483e-01 | Active Proj %: 15.24 | Time: 5.86s
2025-08-21 03:24:16,789:INFO:Epoch: 37800/40000 | Train Loss: 3.293e-02 | Dynamic Loss: 3.293e-02 | Regularization Loss: 1.176e-36 | Val Loss: 1.489e-01 | Active Proj %: 14.91 | Time: 8.76s
2025-08-21 03:24:22,702:INFO:Epoch: 37850/40000 | Train Loss: 3.499e-02 | Dynamic Loss: 3.499e-02 | Regularization Loss: 1.157e-36 | Val Loss: 1.514e-01 | Active Proj %: 14.82 | Time: 5.80s
2025-08-21 03:24:28,613:INFO:Epoch: 37900/40000 | Train Loss: 3.412e-02 | Dynamic Loss: 3.412e-02 | Regularization Loss: 1.162e-36 | Val Loss: 1.548e-01 | Active Proj %: 14.99 | Time: 5.80s
2025-08-21 03:24:34,498:INFO:Epoch: 37950/40000 | Train Loss: 3.105e-02 | Dynamic Loss: 3.105e-02 | Regularization Loss: 1.169e-36 | Val Loss: 1.493e-01 | Active Proj %: 15.33 | Time: 5.77s
2025-08-21 03:24:40,540:INFO:Epoch: 38000/40000 | Train Loss: 3.101e-02 | Dynamic Loss: 3.101e-02 | Regularization Loss: 1.133e-36 | Val Loss: 1.478e-01 | Active Proj %: 15.41 | Time: 5.92s
2025-08-21 03:24:40,540:INFO:New best model found at epoch 38000 with validation loss 1.478e-01. Saving...
2025-08-21 03:24:46,545:INFO:Epoch: 38050/40000 | Train Loss: 7.119e-02 | Dynamic Loss: 7.119e-02 | Regularization Loss: 1.103e-36 | Val Loss: 1.809e-01 | Active Proj %: 15.16 | Time: 5.87s
2025-08-21 03:24:52,502:INFO:Epoch: 38100/40000 | Train Loss: 3.334e-02 | Dynamic Loss: 3.334e-02 | Regularization Loss: 1.028e-36 | Val Loss: 1.512e-01 | Active Proj %: 15.41 | Time: 5.84s
2025-08-21 03:24:58,415:INFO:Epoch: 38150/40000 | Train Loss: 2.975e-02 | Dynamic Loss: 2.975e-02 | Regularization Loss: 1.034e-36 | Val Loss: 1.487e-01 | Active Proj %: 15.49 | Time: 5.80s
2025-08-21 03:25:04,361:INFO:Epoch: 38200/40000 | Train Loss: 2.976e-02 | Dynamic Loss: 2.976e-02 | Regularization Loss: 1.115e-36 | Val Loss: 1.489e-01 | Active Proj %: 15.41 | Time: 5.83s
2025-08-21 03:25:17,248:INFO:Epoch: 38250/40000 | Train Loss: 3.155e-02 | Dynamic Loss: 3.155e-02 | Regularization Loss: 1.130e-36 | Val Loss: 1.515e-01 | Active Proj %: 14.15 | Time: 12.77s
2025-08-21 03:25:23,166:INFO:Epoch: 38300/40000 | Train Loss: 3.381e-02 | Dynamic Loss: 3.381e-02 | Regularization Loss: 1.095e-36 | Val Loss: 1.525e-01 | Active Proj %: 14.24 | Time: 5.80s
2025-08-21 03:25:29,109:INFO:Epoch: 38350/40000 | Train Loss: 4.256e-02 | Dynamic Loss: 4.256e-02 | Regularization Loss: 1.102e-36 | Val Loss: 1.634e-01 | Active Proj %: 14.82 | Time: 5.82s
2025-08-21 03:25:35,061:INFO:Epoch: 38400/40000 | Train Loss: 4.290e-02 | Dynamic Loss: 4.290e-02 | Regularization Loss: 9.968e-37 | Val Loss: 1.577e-01 | Active Proj %: 16.00 | Time: 5.83s
2025-08-21 03:25:41,733:INFO:Epoch: 38450/40000 | Train Loss: 2.892e-02 | Dynamic Loss: 2.892e-02 | Regularization Loss: 9.954e-37 | Val Loss: 1.491e-01 | Active Proj %: 15.33 | Time: 6.55s
2025-08-21 03:25:47,716:INFO:Epoch: 38500/40000 | Train Loss: 3.445e-02 | Dynamic Loss: 3.445e-02 | Regularization Loss: 9.700e-37 | Val Loss: 1.576e-01 | Active Proj %: 15.91 | Time: 5.86s
2025-08-21 03:25:53,670:INFO:Epoch: 38550/40000 | Train Loss: 2.800e-02 | Dynamic Loss: 2.800e-02 | Regularization Loss: 9.741e-37 | Val Loss: 1.487e-01 | Active Proj %: 15.33 | Time: 5.83s
2025-08-21 03:25:59,604:INFO:Epoch: 38600/40000 | Train Loss: 3.061e-02 | Dynamic Loss: 3.061e-02 | Regularization Loss: 9.892e-37 | Val Loss: 1.557e-01 | Active Proj %: 14.91 | Time: 5.82s
2025-08-21 03:26:05,520:INFO:Epoch: 38650/40000 | Train Loss: 1.224e-01 | Dynamic Loss: 1.224e-01 | Regularization Loss: 9.057e-37 | Val Loss: 2.109e-01 | Active Proj %: 15.75 | Time: 5.80s
2025-08-21 03:26:18,646:INFO:Epoch: 38700/40000 | Train Loss: 3.548e-02 | Dynamic Loss: 3.548e-02 | Regularization Loss: 7.677e-37 | Val Loss: 1.539e-01 | Active Proj %: 15.08 | Time: 13.01s
2025-08-21 03:26:24,597:INFO:Epoch: 38750/40000 | Train Loss: 2.792e-02 | Dynamic Loss: 2.792e-02 | Regularization Loss: 7.652e-37 | Val Loss: 1.472e-01 | Active Proj %: 15.33 | Time: 5.84s
2025-08-21 03:26:24,597:INFO:New best model found at epoch 38750 with validation loss 1.472e-01. Saving...
2025-08-21 03:26:30,582:INFO:Epoch: 38800/40000 | Train Loss: 2.705e-02 | Dynamic Loss: 2.705e-02 | Regularization Loss: 7.736e-37 | Val Loss: 1.477e-01 | Active Proj %: 15.24 | Time: 5.85s
2025-08-21 03:26:36,509:INFO:Epoch: 38850/40000 | Train Loss: 2.883e-02 | Dynamic Loss: 2.883e-02 | Regularization Loss: 7.538e-37 | Val Loss: 1.498e-01 | Active Proj %: 14.99 | Time: 5.81s
2025-08-21 03:26:44,956:INFO:Epoch: 38900/40000 | Train Loss: 4.066e-02 | Dynamic Loss: 4.066e-02 | Regularization Loss: 7.333e-37 | Val Loss: 1.655e-01 | Active Proj %: 13.48 | Time: 8.32s
2025-08-21 03:26:50,931:INFO:Epoch: 38950/40000 | Train Loss: 9.211e-02 | Dynamic Loss: 9.211e-02 | Regularization Loss: 7.031e-37 | Val Loss: 1.747e-01 | Active Proj %: 10.05 | Time: 5.86s
2025-08-21 03:26:57,517:INFO:Epoch: 39000/40000 | Train Loss: 2.103e-01 | Dynamic Loss: 2.103e-01 | Regularization Loss: 2.263e-38 | Val Loss: 2.908e-01 | Active Proj %: 17.42 | Time: 6.47s
2025-08-21 03:27:03,450:INFO:Epoch: 39050/40000 | Train Loss: 1.105e-01 | Dynamic Loss: 1.105e-01 | Regularization Loss: 1.616e-38 | Val Loss: 2.212e-01 | Active Proj %: 16.67 | Time: 5.82s
2025-08-21 03:27:10,231:INFO:Epoch: 39100/40000 | Train Loss: 5.313e-02 | Dynamic Loss: 5.313e-02 | Regularization Loss: 1.593e-38 | Val Loss: 1.586e-01 | Active Proj %: 15.33 | Time: 6.66s
2025-08-21 03:27:16,249:INFO:Epoch: 39150/40000 | Train Loss: 4.230e-02 | Dynamic Loss: 4.230e-02 | Regularization Loss: 1.596e-38 | Val Loss: 1.517e-01 | Active Proj %: 15.41 | Time: 5.90s
2025-08-21 03:27:22,245:INFO:Epoch: 39200/40000 | Train Loss: 4.007e-02 | Dynamic Loss: 4.007e-02 | Regularization Loss: 1.511e-38 | Val Loss: 1.508e-01 | Active Proj %: 15.83 | Time: 5.87s
2025-08-21 03:27:28,232:INFO:Epoch: 39250/40000 | Train Loss: 3.473e-02 | Dynamic Loss: 3.473e-02 | Regularization Loss: 1.504e-38 | Val Loss: 1.473e-01 | Active Proj %: 15.66 | Time: 5.87s
2025-08-21 03:27:34,240:INFO:Epoch: 39300/40000 | Train Loss: 3.242e-02 | Dynamic Loss: 3.242e-02 | Regularization Loss: 1.494e-38 | Val Loss: 1.464e-01 | Active Proj %: 15.66 | Time: 5.89s
2025-08-21 03:27:34,240:INFO:New best model found at epoch 39300 with validation loss 1.464e-01. Saving...
2025-08-21 03:27:47,743:INFO:Epoch: 39350/40000 | Train Loss: 3.084e-02 | Dynamic Loss: 3.084e-02 | Regularization Loss: 1.485e-38 | Val Loss: 1.458e-01 | Active Proj %: 15.66 | Time: 13.37s
2025-08-21 03:27:47,743:INFO:New best model found at epoch 39350 with validation loss 1.458e-01. Saving...
2025-08-21 03:27:53,690:INFO:Epoch: 39400/40000 | Train Loss: 2.965e-02 | Dynamic Loss: 2.965e-02 | Regularization Loss: 1.476e-38 | Val Loss: 1.453e-01 | Active Proj %: 15.66 | Time: 5.81s
2025-08-21 03:27:53,691:INFO:New best model found at epoch 39400 with validation loss 1.453e-01. Saving...
2025-08-21 03:27:59,733:INFO:Epoch: 39450/40000 | Train Loss: 3.107e-02 | Dynamic Loss: 3.107e-02 | Regularization Loss: 1.453e-38 | Val Loss: 1.590e-01 | Active Proj %: 16.25 | Time: 5.90s
2025-08-21 03:28:05,727:INFO:Epoch: 39500/40000 | Train Loss: 2.833e-02 | Dynamic Loss: 2.833e-02 | Regularization Loss: 1.416e-38 | Val Loss: 1.451e-01 | Active Proj %: 15.41 | Time: 5.88s
2025-08-21 03:28:05,727:INFO:New best model found at epoch 39500 with validation loss 1.451e-01. Saving...
2025-08-21 03:28:12,186:INFO:Epoch: 39550/40000 | Train Loss: 2.792e-02 | Dynamic Loss: 2.792e-02 | Regularization Loss: 1.408e-38 | Val Loss: 1.456e-01 | Active Proj %: 15.16 | Time: 6.32s
2025-08-21 03:28:18,172:INFO:Epoch: 39600/40000 | Train Loss: 2.833e-02 | Dynamic Loss: 2.833e-02 | Regularization Loss: 1.337e-38 | Val Loss: 1.454e-01 | Active Proj %: 15.16 | Time: 5.87s
2025-08-21 03:28:24,111:INFO:Epoch: 39650/40000 | Train Loss: 2.683e-02 | Dynamic Loss: 2.683e-02 | Regularization Loss: 1.331e-38 | Val Loss: 1.449e-01 | Active Proj %: 15.24 | Time: 5.83s
2025-08-21 03:28:24,111:INFO:New best model found at epoch 39650 with validation loss 1.449e-01. Saving...
2025-08-21 03:28:30,566:INFO:Epoch: 39700/40000 | Train Loss: 3.103e-02 | Dynamic Loss: 3.103e-02 | Regularization Loss: 1.304e-38 | Val Loss: 1.476e-01 | Active Proj %: 15.33 | Time: 6.31s
2025-08-21 03:28:36,635:INFO:Epoch: 39750/40000 | Train Loss: 3.228e-02 | Dynamic Loss: 3.228e-02 | Regularization Loss: 1.296e-38 | Val Loss: 1.544e-01 | Active Proj %: 14.24 | Time: 5.82s
2025-08-21 03:28:42,629:INFO:Epoch: 39800/40000 | Train Loss: 2.611e-02 | Dynamic Loss: 2.611e-02 | Regularization Loss: 1.272e-38 | Val Loss: 1.456e-01 | Active Proj %: 15.24 | Time: 5.88s
2025-08-21 03:28:48,588:INFO:Epoch: 39850/40000 | Train Loss: 3.099e-02 | Dynamic Loss: 3.099e-02 | Regularization Loss: 1.210e-38 | Val Loss: 1.490e-01 | Active Proj %: 15.41 | Time: 5.84s
2025-08-21 03:28:54,520:INFO:Epoch: 39900/40000 | Train Loss: 3.636e-02 | Dynamic Loss: 3.636e-02 | Regularization Loss: 1.199e-38 | Val Loss: 1.589e-01 | Active Proj %: 14.82 | Time: 5.82s
2025-08-21 03:29:00,426:INFO:Epoch: 39950/40000 | Train Loss: 2.989e-02 | Dynamic Loss: 2.989e-02 | Regularization Loss: 1.191e-38 | Val Loss: 1.508e-01 | Active Proj %: 14.57 | Time: 5.79s
2025-08-21 03:29:08,115:INFO:Epoch: 40000/40000 | Train Loss: 3.235e-02 | Dynamic Loss: 3.235e-02 | Regularization Loss: 1.027e-38 | Val Loss: 1.506e-01 | Active Proj %: 15.24 | Time: 7.57s
