2025-08-20 15:43:53,898:INFO:Created DataLoaders with 5994 training samples and 1998 validation samples.
2025-08-20 15:43:54,505:INFO:model params: 2512001
2025-08-20 15:43:54,505:INFO:removing projection layer after initialization
2025-08-20 15:43:55,404:INFO:Epoch: 0/40000 | Train Loss: 2.813e+00 | Dynamic Loss: 2.813e+00 | Regularization Loss: 0.000e+00 | Val Loss: 2.507e+00 | Time: 0.90s
2025-08-20 15:43:55,404:INFO:New best model found at epoch 0 with validation loss 2.507e+00. Saving...
2025-08-20 15:44:03,518:INFO:Epoch: 50/40000 | Train Loss: 1.808e+00 | Dynamic Loss: 1.808e+00 | Regularization Loss: 0.000e+00 | Val Loss: 1.799e+00 | Time: 8.03s
2025-08-20 15:44:03,518:INFO:New best model found at epoch 50 with validation loss 1.799e+00. Saving...
2025-08-20 15:44:11,745:INFO:Epoch: 100/40000 | Train Loss: 1.690e+00 | Dynamic Loss: 1.690e+00 | Regularization Loss: 0.000e+00 | Val Loss: 1.745e+00 | Time: 8.20s
2025-08-20 15:44:11,746:INFO:New best model found at epoch 100 with validation loss 1.745e+00. Saving...
2025-08-20 15:44:19,910:INFO:Epoch: 150/40000 | Train Loss: 1.649e+00 | Dynamic Loss: 1.649e+00 | Regularization Loss: 0.000e+00 | Val Loss: 1.694e+00 | Time: 8.14s
2025-08-20 15:44:19,910:INFO:New best model found at epoch 150 with validation loss 1.694e+00. Saving...
2025-08-20 15:44:28,111:INFO:Epoch: 200/40000 | Train Loss: 1.610e+00 | Dynamic Loss: 1.610e+00 | Regularization Loss: 0.000e+00 | Val Loss: 1.657e+00 | Time: 8.18s
2025-08-20 15:44:28,111:INFO:New best model found at epoch 200 with validation loss 1.657e+00. Saving...
2025-08-20 15:44:36,351:INFO:Epoch: 250/40000 | Train Loss: 1.572e+00 | Dynamic Loss: 1.572e+00 | Regularization Loss: 0.000e+00 | Val Loss: 1.625e+00 | Time: 8.22s
2025-08-20 15:44:36,351:INFO:New best model found at epoch 250 with validation loss 1.625e+00. Saving...
2025-08-20 15:44:52,198:INFO:Epoch: 300/40000 | Train Loss: 1.572e+00 | Dynamic Loss: 1.572e+00 | Regularization Loss: 0.000e+00 | Val Loss: 1.612e+00 | Time: 15.83s
2025-08-20 15:44:52,199:INFO:New best model found at epoch 300 with validation loss 1.612e+00. Saving...
2025-08-20 15:45:00,522:INFO:Epoch: 350/40000 | Train Loss: 1.460e+00 | Dynamic Loss: 1.460e+00 | Regularization Loss: 0.000e+00 | Val Loss: 1.518e+00 | Time: 8.30s
2025-08-20 15:45:00,522:INFO:New best model found at epoch 350 with validation loss 1.518e+00. Saving...
2025-08-20 15:45:08,750:INFO:Epoch: 400/40000 | Train Loss: 1.415e+00 | Dynamic Loss: 1.415e+00 | Regularization Loss: 0.000e+00 | Val Loss: 1.459e+00 | Time: 8.21s
2025-08-20 15:45:08,750:INFO:New best model found at epoch 400 with validation loss 1.459e+00. Saving...
2025-08-20 15:45:17,054:INFO:Epoch: 450/40000 | Train Loss: 1.330e+00 | Dynamic Loss: 1.330e+00 | Regularization Loss: 0.000e+00 | Val Loss: 1.371e+00 | Time: 8.28s
2025-08-20 15:45:17,054:INFO:New best model found at epoch 450 with validation loss 1.371e+00. Saving...
2025-08-20 15:45:25,366:INFO:Epoch: 500/40000 | Train Loss: 1.271e+00 | Dynamic Loss: 1.271e+00 | Regularization Loss: 0.000e+00 | Val Loss: 1.323e+00 | Time: 8.29s
2025-08-20 15:45:25,366:INFO:New best model found at epoch 500 with validation loss 1.323e+00. Saving...
2025-08-20 15:45:33,689:INFO:Epoch: 550/40000 | Train Loss: 1.210e+00 | Dynamic Loss: 1.210e+00 | Regularization Loss: 0.000e+00 | Val Loss: 1.265e+00 | Time: 8.30s
2025-08-20 15:45:33,690:INFO:New best model found at epoch 550 with validation loss 1.265e+00. Saving...
2025-08-20 15:45:41,981:INFO:Epoch: 600/40000 | Train Loss: 1.070e+00 | Dynamic Loss: 1.070e+00 | Regularization Loss: 0.000e+00 | Val Loss: 1.135e+00 | Time: 8.27s
2025-08-20 15:45:41,981:INFO:New best model found at epoch 600 with validation loss 1.135e+00. Saving...
2025-08-20 15:45:50,211:INFO:Epoch: 650/40000 | Train Loss: 1.161e+00 | Dynamic Loss: 1.161e+00 | Regularization Loss: 0.000e+00 | Val Loss: 1.153e+00 | Time: 8.21s
2025-08-20 15:45:58,591:INFO:Epoch: 700/40000 | Train Loss: 1.089e+00 | Dynamic Loss: 1.089e+00 | Regularization Loss: 0.000e+00 | Val Loss: 1.119e+00 | Time: 8.38s
2025-08-20 15:45:58,591:INFO:New best model found at epoch 700 with validation loss 1.119e+00. Saving...
2025-08-20 15:46:06,887:INFO:Epoch: 750/40000 | Train Loss: 9.305e-01 | Dynamic Loss: 9.305e-01 | Regularization Loss: 0.000e+00 | Val Loss: 1.081e+00 | Time: 8.26s
2025-08-20 15:46:06,887:INFO:New best model found at epoch 750 with validation loss 1.081e+00. Saving...
2025-08-20 15:46:23,287:INFO:Epoch: 800/40000 | Train Loss: 8.651e-01 | Dynamic Loss: 8.651e-01 | Regularization Loss: 0.000e+00 | Val Loss: 9.341e-01 | Time: 16.38s
2025-08-20 15:46:23,287:INFO:New best model found at epoch 800 with validation loss 9.341e-01. Saving...
2025-08-20 15:46:31,488:INFO:Epoch: 850/40000 | Train Loss: 8.304e-01 | Dynamic Loss: 8.304e-01 | Regularization Loss: 0.000e+00 | Val Loss: 8.969e-01 | Time: 8.18s
2025-08-20 15:46:31,488:INFO:New best model found at epoch 850 with validation loss 8.969e-01. Saving...
2025-08-20 15:46:39,744:INFO:Epoch: 900/40000 | Train Loss: 8.409e-01 | Dynamic Loss: 8.409e-01 | Regularization Loss: 0.000e+00 | Val Loss: 9.108e-01 | Time: 8.23s
2025-08-20 15:46:55,682:INFO:Epoch: 950/40000 | Train Loss: 8.051e-01 | Dynamic Loss: 8.051e-01 | Regularization Loss: 0.000e+00 | Val Loss: 8.536e-01 | Time: 15.94s
2025-08-20 15:46:55,682:INFO:New best model found at epoch 950 with validation loss 8.536e-01. Saving...
2025-08-20 15:47:04,077:INFO:Epoch: 1000/40000 | Train Loss: 1.124e+00 | Dynamic Loss: 1.124e+00 | Regularization Loss: 0.000e+00 | Val Loss: 1.151e+00 | Time: 8.37s
2025-08-20 15:47:12,372:INFO:Epoch: 1050/40000 | Train Loss: 7.315e-01 | Dynamic Loss: 7.315e-01 | Regularization Loss: 0.000e+00 | Val Loss: 7.923e-01 | Time: 8.30s
2025-08-20 15:47:12,372:INFO:New best model found at epoch 1050 with validation loss 7.923e-01. Saving...
2025-08-20 15:47:20,763:INFO:Epoch: 1100/40000 | Train Loss: 7.018e-01 | Dynamic Loss: 7.018e-01 | Regularization Loss: 0.000e+00 | Val Loss: 7.655e-01 | Time: 8.37s
2025-08-20 15:47:20,763:INFO:New best model found at epoch 1100 with validation loss 7.655e-01. Saving...
2025-08-20 15:47:29,106:INFO:Epoch: 1150/40000 | Train Loss: 6.748e-01 | Dynamic Loss: 6.748e-01 | Regularization Loss: 0.000e+00 | Val Loss: 7.382e-01 | Time: 8.32s
2025-08-20 15:47:29,106:INFO:New best model found at epoch 1150 with validation loss 7.382e-01. Saving...
2025-08-20 15:47:37,400:INFO:Epoch: 1200/40000 | Train Loss: 6.621e-01 | Dynamic Loss: 6.621e-01 | Regularization Loss: 0.000e+00 | Val Loss: 7.209e-01 | Time: 8.27s
2025-08-20 15:47:37,400:INFO:New best model found at epoch 1200 with validation loss 7.209e-01. Saving...
2025-08-20 15:47:45,801:INFO:Epoch: 1250/40000 | Train Loss: 6.302e-01 | Dynamic Loss: 6.302e-01 | Regularization Loss: 0.000e+00 | Val Loss: 6.886e-01 | Time: 8.38s
2025-08-20 15:47:45,801:INFO:New best model found at epoch 1250 with validation loss 6.886e-01. Saving...
2025-08-20 15:47:54,147:INFO:Epoch: 1300/40000 | Train Loss: 6.112e-01 | Dynamic Loss: 6.112e-01 | Regularization Loss: 0.000e+00 | Val Loss: 6.701e-01 | Time: 8.32s
2025-08-20 15:47:54,147:INFO:New best model found at epoch 1300 with validation loss 6.701e-01. Saving...
2025-08-20 15:48:02,495:INFO:Epoch: 1350/40000 | Train Loss: 6.089e-01 | Dynamic Loss: 6.089e-01 | Regularization Loss: 0.000e+00 | Val Loss: 6.729e-01 | Time: 8.33s
2025-08-20 15:48:11,020:INFO:Epoch: 1400/40000 | Train Loss: 5.739e-01 | Dynamic Loss: 5.739e-01 | Regularization Loss: 0.000e+00 | Val Loss: 6.402e-01 | Time: 8.52s
2025-08-20 15:48:11,020:INFO:New best model found at epoch 1400 with validation loss 6.402e-01. Saving...
2025-08-20 15:48:19,387:INFO:Epoch: 1450/40000 | Train Loss: 5.551e-01 | Dynamic Loss: 5.551e-01 | Regularization Loss: 0.000e+00 | Val Loss: 6.176e-01 | Time: 8.35s
2025-08-20 15:48:19,388:INFO:New best model found at epoch 1450 with validation loss 6.176e-01. Saving...
2025-08-20 15:48:27,861:INFO:Epoch: 1500/40000 | Train Loss: 5.582e-01 | Dynamic Loss: 5.582e-01 | Regularization Loss: 0.000e+00 | Val Loss: 6.279e-01 | Time: 8.45s
2025-08-20 15:48:36,279:INFO:Epoch: 1550/40000 | Train Loss: 5.216e-01 | Dynamic Loss: 5.216e-01 | Regularization Loss: 0.000e+00 | Val Loss: 5.855e-01 | Time: 8.42s
2025-08-20 15:48:36,279:INFO:New best model found at epoch 1550 with validation loss 5.855e-01. Saving...
2025-08-20 15:48:44,897:INFO:Epoch: 1600/40000 | Train Loss: 5.162e-01 | Dynamic Loss: 5.162e-01 | Regularization Loss: 0.000e+00 | Val Loss: 5.802e-01 | Time: 8.60s
2025-08-20 15:48:44,897:INFO:New best model found at epoch 1600 with validation loss 5.802e-01. Saving...
2025-08-20 15:48:53,362:INFO:Epoch: 1650/40000 | Train Loss: 5.300e-01 | Dynamic Loss: 5.300e-01 | Regularization Loss: 0.000e+00 | Val Loss: 5.776e-01 | Time: 8.45s
2025-08-20 15:48:53,362:INFO:New best model found at epoch 1650 with validation loss 5.776e-01. Saving...
2025-08-20 15:49:01,885:INFO:Epoch: 1700/40000 | Train Loss: 5.828e-01 | Dynamic Loss: 5.828e-01 | Regularization Loss: 0.000e+00 | Val Loss: 5.948e-01 | Time: 8.50s
2025-08-20 15:49:17,647:INFO:Epoch: 1750/40000 | Train Loss: 6.373e-01 | Dynamic Loss: 6.373e-01 | Regularization Loss: 0.000e+00 | Val Loss: 6.227e-01 | Time: 15.76s
2025-08-20 15:49:26,038:INFO:Epoch: 1800/40000 | Train Loss: 4.679e-01 | Dynamic Loss: 4.679e-01 | Regularization Loss: 0.000e+00 | Val Loss: 5.357e-01 | Time: 8.39s
2025-08-20 15:49:26,039:INFO:New best model found at epoch 1800 with validation loss 5.357e-01. Saving...
2025-08-20 15:49:34,280:INFO:Epoch: 1850/40000 | Train Loss: 6.436e-01 | Dynamic Loss: 6.436e-01 | Regularization Loss: 0.000e+00 | Val Loss: 5.488e-01 | Time: 8.22s
2025-08-20 15:49:42,768:INFO:Epoch: 1900/40000 | Train Loss: 5.610e-01 | Dynamic Loss: 5.610e-01 | Regularization Loss: 0.000e+00 | Val Loss: 5.989e-01 | Time: 8.49s
2025-08-20 15:49:51,158:INFO:Epoch: 1950/40000 | Train Loss: 4.763e-01 | Dynamic Loss: 4.763e-01 | Regularization Loss: 0.000e+00 | Val Loss: 5.339e-01 | Time: 8.39s
2025-08-20 15:49:51,158:INFO:New best model found at epoch 1950 with validation loss 5.339e-01. Saving...
2025-08-20 15:49:59,694:INFO:Epoch: 2000/40000 | Train Loss: 4.372e-01 | Dynamic Loss: 4.372e-01 | Regularization Loss: 0.000e+00 | Val Loss: 4.952e-01 | Time: 8.51s
2025-08-20 15:49:59,694:INFO:New best model found at epoch 2000 with validation loss 4.952e-01. Saving...
2025-08-20 15:50:08,138:INFO:Epoch: 2050/40000 | Train Loss: 4.423e-01 | Dynamic Loss: 4.423e-01 | Regularization Loss: 0.000e+00 | Val Loss: 4.959e-01 | Time: 8.42s
2025-08-20 15:50:24,759:INFO:Epoch: 2100/40000 | Train Loss: 4.489e-01 | Dynamic Loss: 4.489e-01 | Regularization Loss: 0.000e+00 | Val Loss: 5.117e-01 | Time: 16.62s
2025-08-20 15:50:33,256:INFO:Epoch: 2150/40000 | Train Loss: 4.249e-01 | Dynamic Loss: 4.249e-01 | Regularization Loss: 0.000e+00 | Val Loss: 5.447e-01 | Time: 8.50s
2025-08-20 15:50:41,686:INFO:Epoch: 2200/40000 | Train Loss: 4.006e-01 | Dynamic Loss: 4.006e-01 | Regularization Loss: 0.000e+00 | Val Loss: 4.625e-01 | Time: 8.43s
2025-08-20 15:50:41,686:INFO:New best model found at epoch 2200 with validation loss 4.625e-01. Saving...
2025-08-20 15:50:57,424:INFO:Epoch: 2250/40000 | Train Loss: 4.142e-01 | Dynamic Loss: 4.142e-01 | Regularization Loss: 0.000e+00 | Val Loss: 5.400e-01 | Time: 15.72s
2025-08-20 15:51:05,834:INFO:Epoch: 2300/40000 | Train Loss: 6.207e-01 | Dynamic Loss: 6.207e-01 | Regularization Loss: 0.000e+00 | Val Loss: 6.548e-01 | Time: 8.41s
2025-08-20 15:51:14,189:INFO:Epoch: 2350/40000 | Train Loss: 3.815e-01 | Dynamic Loss: 3.815e-01 | Regularization Loss: 0.000e+00 | Val Loss: 4.430e-01 | Time: 8.36s
2025-08-20 15:51:14,189:INFO:New best model found at epoch 2350 with validation loss 4.430e-01. Saving...
2025-08-20 15:51:22,660:INFO:Epoch: 2400/40000 | Train Loss: 4.479e-01 | Dynamic Loss: 4.479e-01 | Regularization Loss: 0.000e+00 | Val Loss: 6.702e-01 | Time: 8.45s
2025-08-20 15:51:30,819:INFO:Epoch: 2450/40000 | Train Loss: 1.879e+00 | Dynamic Loss: 1.879e+00 | Regularization Loss: 0.000e+00 | Val Loss: 1.831e+00 | Time: 8.16s
2025-08-20 15:51:39,124:INFO:Epoch: 2500/40000 | Train Loss: 9.201e-01 | Dynamic Loss: 9.201e-01 | Regularization Loss: 0.000e+00 | Val Loss: 9.801e-01 | Time: 8.30s
2025-08-20 15:51:47,737:INFO:Epoch: 2550/40000 | Train Loss: 6.299e-01 | Dynamic Loss: 6.299e-01 | Regularization Loss: 0.000e+00 | Val Loss: 6.863e-01 | Time: 8.61s
2025-08-20 15:51:56,051:INFO:Epoch: 2600/40000 | Train Loss: 5.575e-01 | Dynamic Loss: 5.575e-01 | Regularization Loss: 0.000e+00 | Val Loss: 6.128e-01 | Time: 8.31s
2025-08-20 15:52:04,432:INFO:Epoch: 2650/40000 | Train Loss: 5.280e-01 | Dynamic Loss: 5.280e-01 | Regularization Loss: 0.000e+00 | Val Loss: 5.890e-01 | Time: 8.38s
2025-08-20 15:52:12,879:INFO:Epoch: 2700/40000 | Train Loss: 4.787e-01 | Dynamic Loss: 4.787e-01 | Regularization Loss: 0.000e+00 | Val Loss: 5.275e-01 | Time: 8.45s
2025-08-20 15:52:21,350:INFO:Epoch: 2750/40000 | Train Loss: 4.659e-01 | Dynamic Loss: 4.659e-01 | Regularization Loss: 0.000e+00 | Val Loss: 5.067e-01 | Time: 8.47s
2025-08-20 15:52:29,720:INFO:Epoch: 2800/40000 | Train Loss: 4.497e-01 | Dynamic Loss: 4.497e-01 | Regularization Loss: 0.000e+00 | Val Loss: 4.919e-01 | Time: 8.37s
2025-08-20 15:52:38,059:INFO:Epoch: 2850/40000 | Train Loss: 5.261e-01 | Dynamic Loss: 5.261e-01 | Regularization Loss: 0.000e+00 | Val Loss: 5.105e-01 | Time: 8.34s
2025-08-20 15:52:54,954:INFO:Epoch: 2900/40000 | Train Loss: 4.316e-01 | Dynamic Loss: 4.316e-01 | Regularization Loss: 0.000e+00 | Val Loss: 4.707e-01 | Time: 16.89s
2025-08-20 15:53:03,517:INFO:Epoch: 2950/40000 | Train Loss: 4.469e-01 | Dynamic Loss: 4.469e-01 | Regularization Loss: 0.000e+00 | Val Loss: 4.850e-01 | Time: 8.56s
2025-08-20 15:53:11,806:INFO:Epoch: 3000/40000 | Train Loss: 7.953e-01 | Dynamic Loss: 7.953e-01 | Regularization Loss: 0.000e+00 | Val Loss: 1.256e+00 | Time: 8.29s
2025-08-20 15:53:20,266:INFO:Epoch: 3050/40000 | Train Loss: 4.101e-01 | Dynamic Loss: 4.101e-01 | Regularization Loss: 0.000e+00 | Val Loss: 4.498e-01 | Time: 8.46s
2025-08-20 15:53:28,739:INFO:Epoch: 3100/40000 | Train Loss: 4.060e-01 | Dynamic Loss: 4.060e-01 | Regularization Loss: 0.000e+00 | Val Loss: 4.774e-01 | Time: 8.47s
2025-08-20 15:53:37,106:INFO:Epoch: 3150/40000 | Train Loss: 4.602e-01 | Dynamic Loss: 4.602e-01 | Regularization Loss: 0.000e+00 | Val Loss: 4.880e-01 | Time: 8.37s
2025-08-20 15:53:53,341:INFO:Epoch: 3200/40000 | Train Loss: 4.090e-01 | Dynamic Loss: 4.090e-01 | Regularization Loss: 0.000e+00 | Val Loss: 4.449e-01 | Time: 16.24s
2025-08-20 15:54:01,935:INFO:Epoch: 3250/40000 | Train Loss: 4.089e-01 | Dynamic Loss: 4.089e-01 | Regularization Loss: 0.000e+00 | Val Loss: 4.300e-01 | Time: 8.59s
2025-08-20 15:54:01,936:INFO:New best model found at epoch 3250 with validation loss 4.300e-01. Saving...
2025-08-20 15:54:10,329:INFO:Epoch: 3300/40000 | Train Loss: 3.748e-01 | Dynamic Loss: 3.748e-01 | Regularization Loss: 0.000e+00 | Val Loss: 4.157e-01 | Time: 8.37s
2025-08-20 15:54:10,329:INFO:New best model found at epoch 3300 with validation loss 4.157e-01. Saving...
2025-08-20 15:54:18,858:INFO:Epoch: 3350/40000 | Train Loss: 3.622e-01 | Dynamic Loss: 3.622e-01 | Regularization Loss: 0.000e+00 | Val Loss: 4.003e-01 | Time: 8.51s
2025-08-20 15:54:18,858:INFO:New best model found at epoch 3350 with validation loss 4.003e-01. Saving...
2025-08-20 15:54:27,319:INFO:Epoch: 3400/40000 | Train Loss: 3.927e-01 | Dynamic Loss: 3.927e-01 | Regularization Loss: 0.000e+00 | Val Loss: 4.333e-01 | Time: 8.44s
2025-08-20 15:54:35,752:INFO:Epoch: 3450/40000 | Train Loss: 6.264e-01 | Dynamic Loss: 6.264e-01 | Regularization Loss: 0.000e+00 | Val Loss: 4.594e-01 | Time: 8.43s
2025-08-20 15:54:52,595:INFO:Epoch: 3500/40000 | Train Loss: 3.543e-01 | Dynamic Loss: 3.543e-01 | Regularization Loss: 0.000e+00 | Val Loss: 3.914e-01 | Time: 16.84s
2025-08-20 15:54:52,595:INFO:New best model found at epoch 3500 with validation loss 3.914e-01. Saving...
2025-08-20 15:55:01,142:INFO:Epoch: 3550/40000 | Train Loss: 3.490e-01 | Dynamic Loss: 3.490e-01 | Regularization Loss: 0.000e+00 | Val Loss: 4.002e-01 | Time: 8.53s
2025-08-20 15:55:09,520:INFO:Epoch: 3600/40000 | Train Loss: 3.414e-01 | Dynamic Loss: 3.414e-01 | Regularization Loss: 0.000e+00 | Val Loss: 3.802e-01 | Time: 8.38s
2025-08-20 15:55:09,520:INFO:New best model found at epoch 3600 with validation loss 3.802e-01. Saving...
2025-08-20 15:55:18,119:INFO:Epoch: 3650/40000 | Train Loss: 3.328e-01 | Dynamic Loss: 3.328e-01 | Regularization Loss: 0.000e+00 | Val Loss: 3.739e-01 | Time: 8.58s
2025-08-20 15:55:18,119:INFO:New best model found at epoch 3650 with validation loss 3.739e-01. Saving...
2025-08-20 15:55:26,609:INFO:Epoch: 3700/40000 | Train Loss: 3.258e-01 | Dynamic Loss: 3.258e-01 | Regularization Loss: 0.000e+00 | Val Loss: 3.676e-01 | Time: 8.47s
2025-08-20 15:55:26,609:INFO:New best model found at epoch 3700 with validation loss 3.676e-01. Saving...
2025-08-20 15:55:35,132:INFO:Epoch: 3750/40000 | Train Loss: 4.060e-01 | Dynamic Loss: 4.060e-01 | Regularization Loss: 0.000e+00 | Val Loss: 4.451e-01 | Time: 8.50s
2025-08-20 15:55:43,731:INFO:Epoch: 3800/40000 | Train Loss: 4.094e-01 | Dynamic Loss: 4.094e-01 | Regularization Loss: 0.000e+00 | Val Loss: 4.400e-01 | Time: 8.60s
2025-08-20 15:55:52,126:INFO:Epoch: 3850/40000 | Train Loss: 3.101e-01 | Dynamic Loss: 3.101e-01 | Regularization Loss: 0.000e+00 | Val Loss: 3.510e-01 | Time: 8.40s
2025-08-20 15:55:52,127:INFO:New best model found at epoch 3850 with validation loss 3.510e-01. Saving...
2025-08-20 15:56:00,583:INFO:Epoch: 3900/40000 | Train Loss: 3.136e-01 | Dynamic Loss: 3.136e-01 | Regularization Loss: 0.000e+00 | Val Loss: 3.550e-01 | Time: 8.43s
2025-08-20 15:56:09,061:INFO:Epoch: 3950/40000 | Train Loss: 3.060e-01 | Dynamic Loss: 3.060e-01 | Regularization Loss: 0.000e+00 | Val Loss: 3.437e-01 | Time: 8.48s
2025-08-20 15:56:09,061:INFO:New best model found at epoch 3950 with validation loss 3.437e-01. Saving...
2025-08-20 15:56:25,885:INFO:Epoch: 4000/40000 | Train Loss: 3.099e-01 | Dynamic Loss: 3.099e-01 | Regularization Loss: 0.000e+00 | Val Loss: 3.424e-01 | Time: 16.80s
2025-08-20 15:56:25,885:INFO:New best model found at epoch 4000 with validation loss 3.424e-01. Saving...
2025-08-20 15:56:34,376:INFO:Epoch: 4050/40000 | Train Loss: 2.940e-01 | Dynamic Loss: 2.940e-01 | Regularization Loss: 0.000e+00 | Val Loss: 3.271e-01 | Time: 8.47s
2025-08-20 15:56:34,376:INFO:New best model found at epoch 4050 with validation loss 3.271e-01. Saving...
2025-08-20 15:56:42,866:INFO:Epoch: 4100/40000 | Train Loss: 2.994e-01 | Dynamic Loss: 2.994e-01 | Regularization Loss: 0.000e+00 | Val Loss: 3.366e-01 | Time: 8.47s
2025-08-20 15:56:51,355:INFO:Epoch: 4150/40000 | Train Loss: 4.364e-01 | Dynamic Loss: 4.364e-01 | Regularization Loss: 0.000e+00 | Val Loss: 3.921e-01 | Time: 8.49s
2025-08-20 15:56:59,790:INFO:Epoch: 4200/40000 | Train Loss: 2.768e-01 | Dynamic Loss: 2.768e-01 | Regularization Loss: 0.000e+00 | Val Loss: 3.196e-01 | Time: 8.43s
2025-08-20 15:56:59,790:INFO:New best model found at epoch 4200 with validation loss 3.196e-01. Saving...
2025-08-20 15:57:08,223:INFO:Epoch: 4250/40000 | Train Loss: 2.940e-01 | Dynamic Loss: 2.940e-01 | Regularization Loss: 0.000e+00 | Val Loss: 3.440e-01 | Time: 8.41s
2025-08-20 15:57:16,804:INFO:Epoch: 4300/40000 | Train Loss: 2.813e-01 | Dynamic Loss: 2.813e-01 | Regularization Loss: 0.000e+00 | Val Loss: 3.221e-01 | Time: 8.58s
2025-08-20 15:57:25,178:INFO:Epoch: 4350/40000 | Train Loss: 2.736e-01 | Dynamic Loss: 2.736e-01 | Regularization Loss: 0.000e+00 | Val Loss: 3.167e-01 | Time: 8.37s
2025-08-20 15:57:25,178:INFO:New best model found at epoch 4350 with validation loss 3.167e-01. Saving...
2025-08-20 15:57:33,591:INFO:Epoch: 4400/40000 | Train Loss: 3.647e-01 | Dynamic Loss: 3.647e-01 | Regularization Loss: 0.000e+00 | Val Loss: 4.150e-01 | Time: 8.39s
2025-08-20 15:57:42,119:INFO:Epoch: 4450/40000 | Train Loss: 3.386e-01 | Dynamic Loss: 3.386e-01 | Regularization Loss: 0.000e+00 | Val Loss: 3.795e-01 | Time: 8.53s
2025-08-20 15:57:50,765:INFO:Epoch: 4500/40000 | Train Loss: 3.037e-01 | Dynamic Loss: 3.037e-01 | Regularization Loss: 0.000e+00 | Val Loss: 4.219e-01 | Time: 8.65s
2025-08-20 15:57:59,197:INFO:Epoch: 4550/40000 | Train Loss: 2.472e-01 | Dynamic Loss: 2.472e-01 | Regularization Loss: 0.000e+00 | Val Loss: 2.873e-01 | Time: 8.43s
2025-08-20 15:57:59,197:INFO:New best model found at epoch 4550 with validation loss 2.873e-01. Saving...
2025-08-20 15:58:07,626:INFO:Epoch: 4600/40000 | Train Loss: 2.934e-01 | Dynamic Loss: 2.934e-01 | Regularization Loss: 0.000e+00 | Val Loss: 3.003e-01 | Time: 8.41s
2025-08-20 15:58:24,182:INFO:Epoch: 4650/40000 | Train Loss: 2.414e-01 | Dynamic Loss: 2.414e-01 | Regularization Loss: 0.000e+00 | Val Loss: 2.776e-01 | Time: 16.56s
2025-08-20 15:58:24,182:INFO:New best model found at epoch 4650 with validation loss 2.776e-01. Saving...
2025-08-20 15:58:32,721:INFO:Epoch: 4700/40000 | Train Loss: 2.348e-01 | Dynamic Loss: 2.348e-01 | Regularization Loss: 0.000e+00 | Val Loss: 2.723e-01 | Time: 8.52s
2025-08-20 15:58:32,721:INFO:New best model found at epoch 4700 with validation loss 2.723e-01. Saving...
2025-08-20 15:58:41,226:INFO:Epoch: 4750/40000 | Train Loss: 2.346e-01 | Dynamic Loss: 2.346e-01 | Regularization Loss: 0.000e+00 | Val Loss: 2.711e-01 | Time: 8.48s
2025-08-20 15:58:41,226:INFO:New best model found at epoch 4750 with validation loss 2.711e-01. Saving...
2025-08-20 15:58:49,854:INFO:Epoch: 4800/40000 | Train Loss: 2.480e-01 | Dynamic Loss: 2.480e-01 | Regularization Loss: 0.000e+00 | Val Loss: 2.893e-01 | Time: 8.61s
2025-08-20 15:58:58,455:INFO:Epoch: 4850/40000 | Train Loss: 3.849e-01 | Dynamic Loss: 3.849e-01 | Regularization Loss: 0.000e+00 | Val Loss: 4.371e-01 | Time: 8.60s
2025-08-20 15:59:06,871:INFO:Epoch: 4900/40000 | Train Loss: 2.229e-01 | Dynamic Loss: 2.229e-01 | Regularization Loss: 0.000e+00 | Val Loss: 2.623e-01 | Time: 8.42s
2025-08-20 15:59:06,871:INFO:New best model found at epoch 4900 with validation loss 2.623e-01. Saving...
2025-08-20 15:59:15,506:INFO:Epoch: 4950/40000 | Train Loss: 2.165e-01 | Dynamic Loss: 2.165e-01 | Regularization Loss: 0.000e+00 | Val Loss: 2.615e-01 | Time: 8.61s
2025-08-20 15:59:15,506:INFO:New best model found at epoch 4950 with validation loss 2.615e-01. Saving...
2025-08-20 15:59:24,055:INFO:Epoch: 5000/40000 | Train Loss: 2.073e-01 | Dynamic Loss: 2.073e-01 | Regularization Loss: 0.000e+00 | Val Loss: 2.510e-01 | Time: 8.53s
2025-08-20 15:59:24,055:INFO:New best model found at epoch 5000 with validation loss 2.510e-01. Saving...
2025-08-20 15:59:32,630:INFO:Epoch: 5050/40000 | Train Loss: 2.246e-01 | Dynamic Loss: 2.246e-01 | Regularization Loss: 0.000e+00 | Val Loss: 2.590e-01 | Time: 8.55s
2025-08-20 15:59:41,229:INFO:Epoch: 5100/40000 | Train Loss: 2.109e-01 | Dynamic Loss: 2.109e-01 | Regularization Loss: 0.000e+00 | Val Loss: 2.528e-01 | Time: 8.60s
2025-08-20 15:59:52,457:INFO:Epoch: 5150/40000 | Train Loss: 2.038e-01 | Dynamic Loss: 2.038e-01 | Regularization Loss: 0.000e+00 | Val Loss: 2.456e-01 | Time: 11.23s
2025-08-20 15:59:52,458:INFO:New best model found at epoch 5150 with validation loss 2.456e-01. Saving...
2025-08-20 16:00:01,053:INFO:Epoch: 5200/40000 | Train Loss: 2.033e-01 | Dynamic Loss: 2.033e-01 | Regularization Loss: 0.000e+00 | Val Loss: 2.403e-01 | Time: 8.58s
2025-08-20 16:00:01,053:INFO:New best model found at epoch 5200 with validation loss 2.403e-01. Saving...
2025-08-20 16:00:09,593:INFO:Epoch: 5250/40000 | Train Loss: 1.992e-01 | Dynamic Loss: 1.992e-01 | Regularization Loss: 0.000e+00 | Val Loss: 2.396e-01 | Time: 8.52s
2025-08-20 16:00:09,593:INFO:New best model found at epoch 5250 with validation loss 2.396e-01. Saving...
2025-08-20 16:00:18,220:INFO:Epoch: 5300/40000 | Train Loss: 1.951e-01 | Dynamic Loss: 1.951e-01 | Regularization Loss: 0.000e+00 | Val Loss: 2.408e-01 | Time: 8.55s
2025-08-20 16:00:26,646:INFO:Epoch: 5350/40000 | Train Loss: 2.056e-01 | Dynamic Loss: 2.056e-01 | Regularization Loss: 0.000e+00 | Val Loss: 2.431e-01 | Time: 8.43s
2025-08-20 16:00:35,044:INFO:Epoch: 5400/40000 | Train Loss: 2.016e-01 | Dynamic Loss: 2.016e-01 | Regularization Loss: 0.000e+00 | Val Loss: 2.383e-01 | Time: 8.40s
2025-08-20 16:00:35,044:INFO:New best model found at epoch 5400 with validation loss 2.383e-01. Saving...
2025-08-20 16:00:43,542:INFO:Epoch: 5450/40000 | Train Loss: 2.324e-01 | Dynamic Loss: 2.324e-01 | Regularization Loss: 0.000e+00 | Val Loss: 2.534e-01 | Time: 8.48s
2025-08-20 16:01:00,324:INFO:Epoch: 5500/40000 | Train Loss: 2.430e-01 | Dynamic Loss: 2.430e-01 | Regularization Loss: 0.000e+00 | Val Loss: 2.761e-01 | Time: 16.78s
2025-08-20 16:01:08,794:INFO:Epoch: 5550/40000 | Train Loss: 1.861e-01 | Dynamic Loss: 1.861e-01 | Regularization Loss: 0.000e+00 | Val Loss: 2.328e-01 | Time: 8.47s
2025-08-20 16:01:08,794:INFO:New best model found at epoch 5550 with validation loss 2.328e-01. Saving...
2025-08-20 16:01:17,118:INFO:Epoch: 5600/40000 | Train Loss: 1.919e-01 | Dynamic Loss: 1.919e-01 | Regularization Loss: 0.000e+00 | Val Loss: 2.308e-01 | Time: 8.29s
2025-08-20 16:01:17,118:INFO:New best model found at epoch 5600 with validation loss 2.308e-01. Saving...
2025-08-20 16:01:25,642:INFO:Epoch: 5650/40000 | Train Loss: 2.401e-01 | Dynamic Loss: 2.401e-01 | Regularization Loss: 0.000e+00 | Val Loss: 2.685e-01 | Time: 8.50s
2025-08-20 16:01:34,022:INFO:Epoch: 5700/40000 | Train Loss: 2.157e-01 | Dynamic Loss: 2.157e-01 | Regularization Loss: 0.000e+00 | Val Loss: 2.431e-01 | Time: 8.38s
2025-08-20 16:01:42,428:INFO:Epoch: 5750/40000 | Train Loss: 1.725e-01 | Dynamic Loss: 1.725e-01 | Regularization Loss: 0.000e+00 | Val Loss: 2.144e-01 | Time: 8.41s
2025-08-20 16:01:42,428:INFO:New best model found at epoch 5750 with validation loss 2.144e-01. Saving...
2025-08-20 16:01:50,821:INFO:Epoch: 5800/40000 | Train Loss: 1.926e-01 | Dynamic Loss: 1.926e-01 | Regularization Loss: 0.000e+00 | Val Loss: 2.294e-01 | Time: 8.37s
2025-08-20 16:02:07,051:INFO:Epoch: 5850/40000 | Train Loss: 1.582e-01 | Dynamic Loss: 1.582e-01 | Regularization Loss: 0.000e+00 | Val Loss: 2.005e-01 | Time: 16.23s
2025-08-20 16:02:07,051:INFO:New best model found at epoch 5850 with validation loss 2.005e-01. Saving...
2025-08-20 16:02:15,519:INFO:Epoch: 5900/40000 | Train Loss: 1.596e-01 | Dynamic Loss: 1.596e-01 | Regularization Loss: 0.000e+00 | Val Loss: 2.013e-01 | Time: 8.45s
2025-08-20 16:02:23,895:INFO:Epoch: 5950/40000 | Train Loss: 1.632e-01 | Dynamic Loss: 1.632e-01 | Regularization Loss: 0.000e+00 | Val Loss: 2.035e-01 | Time: 8.38s
2025-08-20 16:02:40,828:INFO:Epoch: 6000/40000 | Train Loss: 2.721e-01 | Dynamic Loss: 2.721e-01 | Regularization Loss: 0.000e+00 | Val Loss: 5.352e-01 | Time: 16.93s
2025-08-20 16:02:49,346:INFO:Epoch: 6050/40000 | Train Loss: 1.519e-01 | Dynamic Loss: 1.519e-01 | Regularization Loss: 0.000e+00 | Val Loss: 1.962e-01 | Time: 8.52s
2025-08-20 16:02:49,346:INFO:New best model found at epoch 6050 with validation loss 1.962e-01. Saving...
2025-08-20 16:02:57,844:INFO:Epoch: 6100/40000 | Train Loss: 1.538e-01 | Dynamic Loss: 1.538e-01 | Regularization Loss: 0.000e+00 | Val Loss: 2.060e-01 | Time: 8.48s
2025-08-20 16:03:06,406:INFO:Epoch: 6150/40000 | Train Loss: 2.025e-01 | Dynamic Loss: 2.025e-01 | Regularization Loss: 0.000e+00 | Val Loss: 2.317e-01 | Time: 8.56s
2025-08-20 16:03:14,856:INFO:Epoch: 6200/40000 | Train Loss: 1.465e-01 | Dynamic Loss: 1.465e-01 | Regularization Loss: 0.000e+00 | Val Loss: 1.914e-01 | Time: 8.45s
2025-08-20 16:03:14,856:INFO:New best model found at epoch 6200 with validation loss 1.914e-01. Saving...
2025-08-20 16:03:23,417:INFO:Epoch: 6250/40000 | Train Loss: 1.455e-01 | Dynamic Loss: 1.455e-01 | Regularization Loss: 0.000e+00 | Val Loss: 1.891e-01 | Time: 8.54s
2025-08-20 16:03:23,417:INFO:New best model found at epoch 6250 with validation loss 1.891e-01. Saving...
2025-08-20 16:03:31,946:INFO:Epoch: 6300/40000 | Train Loss: 1.564e-01 | Dynamic Loss: 1.564e-01 | Regularization Loss: 0.000e+00 | Val Loss: 1.920e-01 | Time: 8.51s
2025-08-20 16:03:40,374:INFO:Epoch: 6350/40000 | Train Loss: 3.082e-01 | Dynamic Loss: 3.082e-01 | Regularization Loss: 0.000e+00 | Val Loss: 3.553e-01 | Time: 8.43s
2025-08-20 16:03:48,769:INFO:Epoch: 6400/40000 | Train Loss: 5.964e-01 | Dynamic Loss: 5.964e-01 | Regularization Loss: 0.000e+00 | Val Loss: 2.588e-01 | Time: 8.39s
2025-08-20 16:03:57,153:INFO:Epoch: 6450/40000 | Train Loss: 2.917e-01 | Dynamic Loss: 2.917e-01 | Regularization Loss: 0.000e+00 | Val Loss: 8.658e-01 | Time: 8.38s
2025-08-20 16:04:13,792:INFO:Epoch: 6500/40000 | Train Loss: 1.374e-01 | Dynamic Loss: 1.374e-01 | Regularization Loss: 0.000e+00 | Val Loss: 1.759e-01 | Time: 16.64s
2025-08-20 16:04:13,792:INFO:New best model found at epoch 6500 with validation loss 1.759e-01. Saving...
2025-08-20 16:04:22,213:INFO:Epoch: 6550/40000 | Train Loss: 1.358e-01 | Dynamic Loss: 1.358e-01 | Regularization Loss: 0.000e+00 | Val Loss: 1.762e-01 | Time: 8.40s
2025-08-20 16:04:30,627:INFO:Epoch: 6600/40000 | Train Loss: 1.317e-01 | Dynamic Loss: 1.317e-01 | Regularization Loss: 0.000e+00 | Val Loss: 1.814e-01 | Time: 8.41s
2025-08-20 16:04:39,251:INFO:Epoch: 6650/40000 | Train Loss: 1.913e-01 | Dynamic Loss: 1.913e-01 | Regularization Loss: 0.000e+00 | Val Loss: 3.433e-01 | Time: 8.62s
2025-08-20 16:04:47,723:INFO:Epoch: 6700/40000 | Train Loss: 1.698e-01 | Dynamic Loss: 1.698e-01 | Regularization Loss: 0.000e+00 | Val Loss: 3.169e-01 | Time: 8.47s
2025-08-20 16:04:56,190:INFO:Epoch: 6750/40000 | Train Loss: 1.459e-01 | Dynamic Loss: 1.459e-01 | Regularization Loss: 0.000e+00 | Val Loss: 2.220e-01 | Time: 8.47s
2025-08-20 16:05:04,790:INFO:Epoch: 6800/40000 | Train Loss: 4.537e-01 | Dynamic Loss: 4.537e-01 | Regularization Loss: 0.000e+00 | Val Loss: 4.782e-01 | Time: 8.60s
2025-08-20 16:05:13,371:INFO:Epoch: 6850/40000 | Train Loss: 1.847e-01 | Dynamic Loss: 1.847e-01 | Regularization Loss: 0.000e+00 | Val Loss: 1.900e-01 | Time: 8.58s
2025-08-20 16:05:21,931:INFO:Epoch: 6900/40000 | Train Loss: 1.310e-01 | Dynamic Loss: 1.310e-01 | Regularization Loss: 0.000e+00 | Val Loss: 1.680e-01 | Time: 8.56s
2025-08-20 16:05:21,931:INFO:New best model found at epoch 6900 with validation loss 1.680e-01. Saving...
2025-08-20 16:05:30,504:INFO:Epoch: 6950/40000 | Train Loss: 1.293e-01 | Dynamic Loss: 1.293e-01 | Regularization Loss: 0.000e+00 | Val Loss: 1.775e-01 | Time: 8.55s
2025-08-20 16:05:47,663:INFO:Epoch: 7000/40000 | Train Loss: 1.968e-01 | Dynamic Loss: 1.968e-01 | Regularization Loss: 0.000e+00 | Val Loss: 2.220e-01 | Time: 17.16s
2025-08-20 16:05:56,093:INFO:Epoch: 7050/40000 | Train Loss: 1.718e-01 | Dynamic Loss: 1.718e-01 | Regularization Loss: 0.000e+00 | Val Loss: 1.992e-01 | Time: 8.43s
2025-08-20 16:06:04,537:INFO:Epoch: 7100/40000 | Train Loss: 1.402e-01 | Dynamic Loss: 1.402e-01 | Regularization Loss: 0.000e+00 | Val Loss: 1.732e-01 | Time: 8.44s
2025-08-20 16:06:13,122:INFO:Epoch: 7150/40000 | Train Loss: 2.798e-01 | Dynamic Loss: 2.798e-01 | Regularization Loss: 0.000e+00 | Val Loss: 2.204e-01 | Time: 8.58s
2025-08-20 16:06:21,590:INFO:Epoch: 7200/40000 | Train Loss: 1.162e-01 | Dynamic Loss: 1.162e-01 | Regularization Loss: 0.000e+00 | Val Loss: 1.528e-01 | Time: 8.47s
2025-08-20 16:06:21,590:INFO:New best model found at epoch 7200 with validation loss 1.528e-01. Saving...
2025-08-20 16:06:30,184:INFO:Epoch: 7250/40000 | Train Loss: 1.375e-01 | Dynamic Loss: 1.375e-01 | Regularization Loss: 0.000e+00 | Val Loss: 1.732e-01 | Time: 8.57s
2025-08-20 16:06:38,968:INFO:Epoch: 7300/40000 | Train Loss: 1.162e-01 | Dynamic Loss: 1.162e-01 | Regularization Loss: 0.000e+00 | Val Loss: 1.547e-01 | Time: 8.78s
2025-08-20 16:06:47,503:INFO:Epoch: 7350/40000 | Train Loss: 2.080e-01 | Dynamic Loss: 2.080e-01 | Regularization Loss: 0.000e+00 | Val Loss: 2.033e-01 | Time: 8.53s
2025-08-20 16:06:55,919:INFO:Epoch: 7400/40000 | Train Loss: 1.328e-01 | Dynamic Loss: 1.328e-01 | Regularization Loss: 0.000e+00 | Val Loss: 1.688e-01 | Time: 8.42s
2025-08-20 16:07:04,509:INFO:Epoch: 7450/40000 | Train Loss: 1.124e-01 | Dynamic Loss: 1.124e-01 | Regularization Loss: 0.000e+00 | Val Loss: 1.477e-01 | Time: 8.59s
2025-08-20 16:07:04,509:INFO:New best model found at epoch 7450 with validation loss 1.477e-01. Saving...
2025-08-20 16:07:13,025:INFO:Epoch: 7500/40000 | Train Loss: 1.051e-01 | Dynamic Loss: 1.051e-01 | Regularization Loss: 0.000e+00 | Val Loss: 1.450e-01 | Time: 8.50s
2025-08-20 16:07:13,025:INFO:New best model found at epoch 7500 with validation loss 1.450e-01. Saving...
2025-08-20 16:07:21,566:INFO:Epoch: 7550/40000 | Train Loss: 1.091e-01 | Dynamic Loss: 1.091e-01 | Regularization Loss: 0.000e+00 | Val Loss: 1.495e-01 | Time: 8.52s
2025-08-20 16:07:30,129:INFO:Epoch: 7600/40000 | Train Loss: 1.043e-01 | Dynamic Loss: 1.043e-01 | Regularization Loss: 0.000e+00 | Val Loss: 1.399e-01 | Time: 8.56s
2025-08-20 16:07:30,129:INFO:New best model found at epoch 7600 with validation loss 1.399e-01. Saving...
2025-08-20 16:07:38,720:INFO:Epoch: 7650/40000 | Train Loss: 4.081e-01 | Dynamic Loss: 4.081e-01 | Regularization Loss: 0.000e+00 | Val Loss: 3.284e-01 | Time: 8.57s
2025-08-20 16:07:47,173:INFO:Epoch: 7700/40000 | Train Loss: 1.168e-01 | Dynamic Loss: 1.168e-01 | Regularization Loss: 0.000e+00 | Val Loss: 1.543e-01 | Time: 8.45s
2025-08-20 16:07:55,674:INFO:Epoch: 7750/40000 | Train Loss: 1.148e-01 | Dynamic Loss: 1.148e-01 | Regularization Loss: 0.000e+00 | Val Loss: 1.520e-01 | Time: 8.50s
2025-08-20 16:08:04,120:INFO:Epoch: 7800/40000 | Train Loss: 1.137e-01 | Dynamic Loss: 1.137e-01 | Regularization Loss: 0.000e+00 | Val Loss: 1.500e-01 | Time: 8.45s
2025-08-20 16:08:12,657:INFO:Epoch: 7850/40000 | Train Loss: 4.948e-01 | Dynamic Loss: 4.948e-01 | Regularization Loss: 0.000e+00 | Val Loss: 8.051e-01 | Time: 8.54s
2025-08-20 16:08:21,254:INFO:Epoch: 7900/40000 | Train Loss: 9.644e-02 | Dynamic Loss: 9.644e-02 | Regularization Loss: 0.000e+00 | Val Loss: 1.349e-01 | Time: 8.60s
2025-08-20 16:08:21,254:INFO:New best model found at epoch 7900 with validation loss 1.349e-01. Saving...
2025-08-20 16:08:29,874:INFO:Epoch: 7950/40000 | Train Loss: 1.119e-01 | Dynamic Loss: 1.119e-01 | Regularization Loss: 0.000e+00 | Val Loss: 1.428e-01 | Time: 8.60s
2025-08-20 16:08:38,354:INFO:Epoch: 8000/40000 | Train Loss: 1.334e-01 | Dynamic Loss: 1.334e-01 | Regularization Loss: 0.000e+00 | Val Loss: 1.488e-01 | Time: 8.48s
2025-08-20 16:08:46,744:INFO:Epoch: 8050/40000 | Train Loss: 1.078e-01 | Dynamic Loss: 1.078e-01 | Regularization Loss: 0.000e+00 | Val Loss: 1.351e-01 | Time: 8.39s
2025-08-20 16:09:03,349:INFO:Epoch: 8100/40000 | Train Loss: 1.026e-01 | Dynamic Loss: 1.026e-01 | Regularization Loss: 0.000e+00 | Val Loss: 1.416e-01 | Time: 16.60s
2025-08-20 16:09:11,785:INFO:Epoch: 8150/40000 | Train Loss: 1.074e-01 | Dynamic Loss: 1.074e-01 | Regularization Loss: 0.000e+00 | Val Loss: 1.405e-01 | Time: 8.44s
2025-08-20 16:09:20,418:INFO:Epoch: 8200/40000 | Train Loss: 9.752e-02 | Dynamic Loss: 9.752e-02 | Regularization Loss: 0.000e+00 | Val Loss: 1.330e-01 | Time: 8.63s
2025-08-20 16:09:20,418:INFO:New best model found at epoch 8200 with validation loss 1.330e-01. Saving...
2025-08-20 16:09:28,896:INFO:Epoch: 8250/40000 | Train Loss: 1.175e-01 | Dynamic Loss: 1.175e-01 | Regularization Loss: 0.000e+00 | Val Loss: 1.976e-01 | Time: 8.46s
2025-08-20 16:09:37,417:INFO:Epoch: 8300/40000 | Train Loss: 1.222e-01 | Dynamic Loss: 1.222e-01 | Regularization Loss: 0.000e+00 | Val Loss: 1.485e-01 | Time: 8.52s
2025-08-20 16:09:46,027:INFO:Epoch: 8350/40000 | Train Loss: 9.614e-02 | Dynamic Loss: 9.614e-02 | Regularization Loss: 0.000e+00 | Val Loss: 1.259e-01 | Time: 8.61s
2025-08-20 16:09:46,027:INFO:New best model found at epoch 8350 with validation loss 1.259e-01. Saving...
2025-08-20 16:10:03,236:INFO:Epoch: 8400/40000 | Train Loss: 1.704e-01 | Dynamic Loss: 1.704e-01 | Regularization Loss: 0.000e+00 | Val Loss: 1.749e-01 | Time: 17.19s
2025-08-20 16:10:11,843:INFO:Epoch: 8450/40000 | Train Loss: 8.722e-02 | Dynamic Loss: 8.722e-02 | Regularization Loss: 0.000e+00 | Val Loss: 1.206e-01 | Time: 8.61s
2025-08-20 16:10:11,843:INFO:New best model found at epoch 8450 with validation loss 1.206e-01. Saving...
2025-08-20 16:10:20,424:INFO:Epoch: 8500/40000 | Train Loss: 1.073e-01 | Dynamic Loss: 1.073e-01 | Regularization Loss: 0.000e+00 | Val Loss: 1.318e-01 | Time: 8.56s
2025-08-20 16:10:29,041:INFO:Epoch: 8550/40000 | Train Loss: 8.407e-02 | Dynamic Loss: 8.407e-02 | Regularization Loss: 0.000e+00 | Val Loss: 1.189e-01 | Time: 8.62s
2025-08-20 16:10:29,042:INFO:New best model found at epoch 8550 with validation loss 1.189e-01. Saving...
2025-08-20 16:10:37,516:INFO:Epoch: 8600/40000 | Train Loss: 1.520e-01 | Dynamic Loss: 1.520e-01 | Regularization Loss: 0.000e+00 | Val Loss: 1.761e-01 | Time: 8.45s
2025-08-20 16:10:46,036:INFO:Epoch: 8650/40000 | Train Loss: 8.509e-02 | Dynamic Loss: 8.509e-02 | Regularization Loss: 0.000e+00 | Val Loss: 1.168e-01 | Time: 8.52s
2025-08-20 16:10:46,036:INFO:New best model found at epoch 8650 with validation loss 1.168e-01. Saving...
2025-08-20 16:10:54,586:INFO:Epoch: 8700/40000 | Train Loss: 1.525e-01 | Dynamic Loss: 1.525e-01 | Regularization Loss: 0.000e+00 | Val Loss: 1.631e-01 | Time: 8.53s
2025-08-20 16:11:11,620:INFO:Epoch: 8750/40000 | Train Loss: 9.193e-02 | Dynamic Loss: 9.193e-02 | Regularization Loss: 0.000e+00 | Val Loss: 1.253e-01 | Time: 17.03s
2025-08-20 16:11:20,132:INFO:Epoch: 8800/40000 | Train Loss: 8.145e-02 | Dynamic Loss: 8.145e-02 | Regularization Loss: 0.000e+00 | Val Loss: 1.137e-01 | Time: 8.51s
2025-08-20 16:11:20,132:INFO:New best model found at epoch 8800 with validation loss 1.137e-01. Saving...
2025-08-20 16:11:28,586:INFO:Epoch: 8850/40000 | Train Loss: 8.006e-02 | Dynamic Loss: 8.006e-02 | Regularization Loss: 0.000e+00 | Val Loss: 1.108e-01 | Time: 8.43s
2025-08-20 16:11:28,586:INFO:New best model found at epoch 8850 with validation loss 1.108e-01. Saving...
2025-08-20 16:11:37,158:INFO:Epoch: 8900/40000 | Train Loss: 9.513e-02 | Dynamic Loss: 9.513e-02 | Regularization Loss: 0.000e+00 | Val Loss: 1.205e-01 | Time: 8.55s
2025-08-20 16:11:45,832:INFO:Epoch: 8950/40000 | Train Loss: 8.076e-02 | Dynamic Loss: 8.076e-02 | Regularization Loss: 0.000e+00 | Val Loss: 1.142e-01 | Time: 8.67s
2025-08-20 16:11:54,539:INFO:Epoch: 9000/40000 | Train Loss: 7.617e-02 | Dynamic Loss: 7.617e-02 | Regularization Loss: 0.000e+00 | Val Loss: 1.080e-01 | Time: 8.71s
2025-08-20 16:11:54,539:INFO:New best model found at epoch 9000 with validation loss 1.080e-01. Saving...
2025-08-20 16:12:03,078:INFO:Epoch: 9050/40000 | Train Loss: 7.792e-02 | Dynamic Loss: 7.792e-02 | Regularization Loss: 0.000e+00 | Val Loss: 1.122e-01 | Time: 8.52s
2025-08-20 16:12:11,688:INFO:Epoch: 9100/40000 | Train Loss: 8.288e-02 | Dynamic Loss: 8.288e-02 | Regularization Loss: 0.000e+00 | Val Loss: 1.154e-01 | Time: 8.61s
2025-08-20 16:12:20,263:INFO:Epoch: 9150/40000 | Train Loss: 8.338e-02 | Dynamic Loss: 8.338e-02 | Regularization Loss: 0.000e+00 | Val Loss: 1.111e-01 | Time: 8.57s
2025-08-20 16:12:28,850:INFO:Epoch: 9200/40000 | Train Loss: 1.118e-01 | Dynamic Loss: 1.118e-01 | Regularization Loss: 0.000e+00 | Val Loss: 1.268e-01 | Time: 8.59s
2025-08-20 16:12:37,505:INFO:Epoch: 9250/40000 | Train Loss: 8.200e-02 | Dynamic Loss: 8.200e-02 | Regularization Loss: 0.000e+00 | Val Loss: 1.142e-01 | Time: 8.66s
2025-08-20 16:12:45,938:INFO:Epoch: 9300/40000 | Train Loss: 8.057e-02 | Dynamic Loss: 8.057e-02 | Regularization Loss: 0.000e+00 | Val Loss: 1.072e-01 | Time: 8.43s
2025-08-20 16:12:45,938:INFO:New best model found at epoch 9300 with validation loss 1.072e-01. Saving...
2025-08-20 16:12:54,413:INFO:Epoch: 9350/40000 | Train Loss: 7.711e-02 | Dynamic Loss: 7.711e-02 | Regularization Loss: 0.000e+00 | Val Loss: 1.087e-01 | Time: 8.45s
2025-08-20 16:13:02,950:INFO:Epoch: 9400/40000 | Train Loss: 1.133e-01 | Dynamic Loss: 1.133e-01 | Regularization Loss: 0.000e+00 | Val Loss: 1.342e-01 | Time: 8.54s
2025-08-20 16:13:11,436:INFO:Epoch: 9450/40000 | Train Loss: 8.048e-02 | Dynamic Loss: 8.048e-02 | Regularization Loss: 0.000e+00 | Val Loss: 1.141e-01 | Time: 8.49s
2025-08-20 16:13:19,976:INFO:Epoch: 9500/40000 | Train Loss: 1.068e-01 | Dynamic Loss: 1.068e-01 | Regularization Loss: 0.000e+00 | Val Loss: 1.227e-01 | Time: 8.54s
2025-08-20 16:13:28,597:INFO:Epoch: 9550/40000 | Train Loss: 7.622e-02 | Dynamic Loss: 7.622e-02 | Regularization Loss: 0.000e+00 | Val Loss: 1.113e-01 | Time: 8.62s
2025-08-20 16:13:37,090:INFO:Epoch: 9600/40000 | Train Loss: 7.992e-02 | Dynamic Loss: 7.992e-02 | Regularization Loss: 0.000e+00 | Val Loss: 1.047e-01 | Time: 8.49s
2025-08-20 16:13:37,090:INFO:New best model found at epoch 9600 with validation loss 1.047e-01. Saving...
2025-08-20 16:13:45,772:INFO:Epoch: 9650/40000 | Train Loss: 1.129e-01 | Dynamic Loss: 1.129e-01 | Regularization Loss: 0.000e+00 | Val Loss: 1.265e-01 | Time: 8.64s
2025-08-20 16:13:54,372:INFO:Epoch: 9700/40000 | Train Loss: 6.882e-02 | Dynamic Loss: 6.882e-02 | Regularization Loss: 0.000e+00 | Val Loss: 9.830e-02 | Time: 8.60s
2025-08-20 16:13:54,372:INFO:New best model found at epoch 9700 with validation loss 9.830e-02. Saving...
2025-08-20 16:14:02,904:INFO:Epoch: 9750/40000 | Train Loss: 9.453e-02 | Dynamic Loss: 9.453e-02 | Regularization Loss: 0.000e+00 | Val Loss: 1.227e-01 | Time: 8.51s
2025-08-20 16:14:11,424:INFO:Epoch: 9800/40000 | Train Loss: 8.057e-02 | Dynamic Loss: 8.057e-02 | Regularization Loss: 0.000e+00 | Val Loss: 1.033e-01 | Time: 8.52s
2025-08-20 16:14:19,890:INFO:Epoch: 9850/40000 | Train Loss: 7.103e-02 | Dynamic Loss: 7.103e-02 | Regularization Loss: 0.000e+00 | Val Loss: 9.898e-02 | Time: 8.47s
2025-08-20 16:14:36,834:INFO:Epoch: 9900/40000 | Train Loss: 6.550e-02 | Dynamic Loss: 6.550e-02 | Regularization Loss: 0.000e+00 | Val Loss: 9.660e-02 | Time: 16.94s
2025-08-20 16:14:36,834:INFO:New best model found at epoch 9900 with validation loss 9.660e-02. Saving...
2025-08-20 16:14:45,442:INFO:Epoch: 9950/40000 | Train Loss: 9.131e-02 | Dynamic Loss: 9.131e-02 | Regularization Loss: 0.000e+00 | Val Loss: 1.148e-01 | Time: 8.59s
2025-08-20 16:14:53,268:INFO:Adding projection layer
2025-08-20 16:14:55,127:INFO:Epoch: 10000/40000 | Train Loss: 1.639e-01 | Dynamic Loss: 6.883e-02 | Regularization Loss: 9.509e-02 | Val Loss: 9.954e-02 | Time: 9.68s
2025-08-20 16:15:04,346:INFO:Epoch: 10050/40000 | Train Loss: 7.619e-02 | Dynamic Loss: 7.212e-02 | Regularization Loss: 4.074e-03 | Val Loss: 1.053e-01 | Time: 9.22s
2025-08-20 16:15:13,556:INFO:Epoch: 10100/40000 | Train Loss: 8.337e-02 | Dynamic Loss: 8.176e-02 | Regularization Loss: 1.610e-03 | Val Loss: 1.255e-01 | Time: 9.21s
2025-08-20 16:15:22,653:INFO:Epoch: 10150/40000 | Train Loss: 1.216e-01 | Dynamic Loss: 1.207e-01 | Regularization Loss: 8.987e-04 | Val Loss: 1.337e-01 | Time: 9.10s
2025-08-20 16:15:32,064:INFO:Epoch: 10200/40000 | Train Loss: 9.746e-02 | Dynamic Loss: 9.688e-02 | Regularization Loss: 5.843e-04 | Val Loss: 1.179e-01 | Time: 9.41s
2025-08-20 16:15:41,242:INFO:Epoch: 10250/40000 | Train Loss: 9.058e-02 | Dynamic Loss: 9.017e-02 | Regularization Loss: 4.142e-04 | Val Loss: 1.179e-01 | Time: 9.18s
2025-08-20 16:15:50,364:INFO:Epoch: 10300/40000 | Train Loss: 8.547e-02 | Dynamic Loss: 8.516e-02 | Regularization Loss: 3.105e-04 | Val Loss: 9.939e-02 | Time: 9.12s
2025-08-20 16:15:59,350:INFO:Epoch: 10350/40000 | Train Loss: 7.070e-02 | Dynamic Loss: 7.046e-02 | Regularization Loss: 2.420e-04 | Val Loss: 1.048e-01 | Time: 8.99s
2025-08-20 16:16:08,528:INFO:Epoch: 10400/40000 | Train Loss: 7.090e-02 | Dynamic Loss: 7.070e-02 | Regularization Loss: 1.940e-04 | Val Loss: 9.756e-02 | Time: 9.18s
2025-08-20 16:16:17,762:INFO:Epoch: 10450/40000 | Train Loss: 6.487e-02 | Dynamic Loss: 6.471e-02 | Regularization Loss: 1.590e-04 | Val Loss: 9.873e-02 | Time: 9.23s
2025-08-20 16:16:27,087:INFO:Epoch: 10500/40000 | Train Loss: 7.084e-02 | Dynamic Loss: 7.071e-02 | Regularization Loss: 1.326e-04 | Val Loss: 1.097e-01 | Time: 9.33s
2025-08-20 16:16:36,279:INFO:Epoch: 10550/40000 | Train Loss: 6.175e-02 | Dynamic Loss: 6.164e-02 | Regularization Loss: 1.122e-04 | Val Loss: 9.148e-02 | Time: 9.19s
2025-08-20 16:16:36,280:INFO:New best model found at epoch 10550 with validation loss 9.148e-02. Saving...
2025-08-20 16:16:46,129:INFO:Epoch: 10600/40000 | Train Loss: 7.295e-02 | Dynamic Loss: 7.286e-02 | Regularization Loss: 9.594e-05 | Val Loss: 1.247e-01 | Time: 9.83s
2025-08-20 16:16:55,506:INFO:Epoch: 10650/40000 | Train Loss: 6.325e-02 | Dynamic Loss: 6.317e-02 | Regularization Loss: 8.286e-05 | Val Loss: 9.577e-02 | Time: 9.38s
2025-08-20 16:17:04,765:INFO:Epoch: 10700/40000 | Train Loss: 5.966e-02 | Dynamic Loss: 5.959e-02 | Regularization Loss: 7.215e-05 | Val Loss: 9.490e-02 | Time: 9.26s
2025-08-20 16:17:19,757:INFO:Epoch: 10750/40000 | Train Loss: 6.057e-02 | Dynamic Loss: 6.051e-02 | Regularization Loss: 6.325e-05 | Val Loss: 9.390e-02 | Time: 14.99s
2025-08-20 16:17:29,058:INFO:Epoch: 10800/40000 | Train Loss: 6.162e-02 | Dynamic Loss: 6.157e-02 | Regularization Loss: 5.579e-05 | Val Loss: 9.516e-02 | Time: 9.30s
2025-08-20 16:17:38,252:INFO:Epoch: 10850/40000 | Train Loss: 1.061e-01 | Dynamic Loss: 1.060e-01 | Regularization Loss: 4.946e-05 | Val Loss: 2.147e-01 | Time: 9.19s
2025-08-20 16:17:49,097:INFO:Epoch: 10900/40000 | Train Loss: 6.730e-02 | Dynamic Loss: 6.726e-02 | Regularization Loss: 4.402e-05 | Val Loss: 9.044e-02 | Time: 10.84s
2025-08-20 16:17:49,097:INFO:New best model found at epoch 10900 with validation loss 9.044e-02. Saving...
2025-08-20 16:17:58,375:INFO:Epoch: 10950/40000 | Train Loss: 9.945e-02 | Dynamic Loss: 9.941e-02 | Regularization Loss: 3.936e-05 | Val Loss: 1.135e-01 | Time: 9.26s
2025-08-20 16:18:07,750:INFO:Epoch: 11000/40000 | Train Loss: 6.116e-02 | Dynamic Loss: 6.113e-02 | Regularization Loss: 3.531e-05 | Val Loss: 9.321e-02 | Time: 9.38s
2025-08-20 16:18:16,987:INFO:Epoch: 11050/40000 | Train Loss: 6.366e-02 | Dynamic Loss: 6.363e-02 | Regularization Loss: 3.178e-05 | Val Loss: 8.739e-02 | Time: 9.24s
2025-08-20 16:18:16,987:INFO:New best model found at epoch 11050 with validation loss 8.739e-02. Saving...
2025-08-20 16:18:26,347:INFO:Epoch: 11100/40000 | Train Loss: 7.307e-02 | Dynamic Loss: 7.304e-02 | Regularization Loss: 2.870e-05 | Val Loss: 9.367e-02 | Time: 9.34s
2025-08-20 16:18:35,874:INFO:Epoch: 11150/40000 | Train Loss: 6.824e-02 | Dynamic Loss: 6.821e-02 | Regularization Loss: 2.596e-05 | Val Loss: 8.835e-02 | Time: 9.53s
2025-08-20 16:18:45,200:INFO:Epoch: 11200/40000 | Train Loss: 7.021e-02 | Dynamic Loss: 7.019e-02 | Regularization Loss: 2.347e-05 | Val Loss: 9.539e-02 | Time: 9.33s
2025-08-20 16:18:54,404:INFO:Epoch: 11250/40000 | Train Loss: 6.296e-02 | Dynamic Loss: 6.294e-02 | Regularization Loss: 2.132e-05 | Val Loss: 9.693e-02 | Time: 9.20s
2025-08-20 16:19:06,005:INFO:Epoch: 11300/40000 | Train Loss: 6.853e-02 | Dynamic Loss: 6.851e-02 | Regularization Loss: 1.939e-05 | Val Loss: 9.393e-02 | Time: 11.60s
2025-08-20 16:19:15,102:INFO:Epoch: 11350/40000 | Train Loss: 6.693e-02 | Dynamic Loss: 6.691e-02 | Regularization Loss: 1.769e-05 | Val Loss: 8.446e-02 | Time: 9.10s
2025-08-20 16:19:15,103:INFO:New best model found at epoch 11350 with validation loss 8.446e-02. Saving...
2025-08-20 16:19:24,364:INFO:Epoch: 11400/40000 | Train Loss: 6.371e-02 | Dynamic Loss: 6.370e-02 | Regularization Loss: 1.610e-05 | Val Loss: 1.065e-01 | Time: 9.24s
2025-08-20 16:19:34,890:INFO:Epoch: 11450/40000 | Train Loss: 1.001e-01 | Dynamic Loss: 1.001e-01 | Regularization Loss: 1.470e-05 | Val Loss: 1.294e-01 | Time: 10.53s
2025-08-20 16:19:44,179:INFO:Epoch: 11500/40000 | Train Loss: 1.142e-01 | Dynamic Loss: 1.142e-01 | Regularization Loss: 1.344e-05 | Val Loss: 1.485e-01 | Time: 9.29s
2025-08-20 16:19:53,461:INFO:Epoch: 11550/40000 | Train Loss: 7.460e-02 | Dynamic Loss: 7.458e-02 | Regularization Loss: 1.221e-05 | Val Loss: 1.056e-01 | Time: 9.28s
2025-08-20 16:20:02,785:INFO:Epoch: 11600/40000 | Train Loss: 8.087e-02 | Dynamic Loss: 8.086e-02 | Regularization Loss: 1.102e-05 | Val Loss: 1.025e-01 | Time: 9.32s
2025-08-20 16:20:12,034:INFO:Epoch: 11650/40000 | Train Loss: 7.558e-02 | Dynamic Loss: 7.557e-02 | Regularization Loss: 1.010e-05 | Val Loss: 9.760e-02 | Time: 9.25s
2025-08-20 16:20:29,486:INFO:Epoch: 11700/40000 | Train Loss: 6.541e-02 | Dynamic Loss: 6.540e-02 | Regularization Loss: 9.329e-06 | Val Loss: 8.847e-02 | Time: 17.45s
2025-08-20 16:20:38,781:INFO:Epoch: 11750/40000 | Train Loss: 6.690e-02 | Dynamic Loss: 6.689e-02 | Regularization Loss: 8.579e-06 | Val Loss: 9.123e-02 | Time: 9.30s
2025-08-20 16:20:48,198:INFO:Epoch: 11800/40000 | Train Loss: 1.033e-01 | Dynamic Loss: 1.033e-01 | Regularization Loss: 7.601e-06 | Val Loss: 1.209e-01 | Time: 9.42s
2025-08-20 16:20:57,633:INFO:Epoch: 11850/40000 | Train Loss: 1.176e-01 | Dynamic Loss: 1.176e-01 | Regularization Loss: 6.944e-06 | Val Loss: 1.223e-01 | Time: 9.43s
2025-08-20 16:21:06,997:INFO:Epoch: 11900/40000 | Train Loss: 1.567e-01 | Dynamic Loss: 1.567e-01 | Regularization Loss: 6.237e-06 | Val Loss: 1.630e-01 | Time: 9.36s
2025-08-20 16:21:16,326:INFO:Epoch: 11950/40000 | Train Loss: 1.435e-01 | Dynamic Loss: 1.435e-01 | Regularization Loss: 5.553e-06 | Val Loss: 1.621e-01 | Time: 9.33s
2025-08-20 16:21:25,582:INFO:Epoch: 12000/40000 | Train Loss: 1.206e-01 | Dynamic Loss: 1.206e-01 | Regularization Loss: 4.692e-06 | Val Loss: 1.396e-01 | Time: 9.26s
2025-08-20 16:21:34,832:INFO:Epoch: 12050/40000 | Train Loss: 6.297e-02 | Dynamic Loss: 6.297e-02 | Regularization Loss: 4.370e-06 | Val Loss: 8.755e-02 | Time: 9.25s
2025-08-20 16:21:49,677:INFO:Epoch: 12100/40000 | Train Loss: 8.008e-02 | Dynamic Loss: 8.007e-02 | Regularization Loss: 4.209e-06 | Val Loss: 9.589e-02 | Time: 14.85s
2025-08-20 16:21:58,972:INFO:Epoch: 12150/40000 | Train Loss: 7.907e-02 | Dynamic Loss: 7.907e-02 | Regularization Loss: 3.882e-06 | Val Loss: 1.095e-01 | Time: 9.29s
2025-08-20 16:22:08,229:INFO:Epoch: 12200/40000 | Train Loss: 8.427e-02 | Dynamic Loss: 8.427e-02 | Regularization Loss: 3.276e-06 | Val Loss: 1.246e-01 | Time: 9.26s
2025-08-20 16:22:20,593:INFO:Epoch: 12250/40000 | Train Loss: 8.284e-01 | Dynamic Loss: 8.284e-01 | Regularization Loss: 1.701e-06 | Val Loss: 8.838e-01 | Time: 12.36s
2025-08-20 16:22:29,928:INFO:Epoch: 12300/40000 | Train Loss: 1.946e-01 | Dynamic Loss: 1.946e-01 | Regularization Loss: 1.819e-06 | Val Loss: 2.644e-01 | Time: 9.33s
2025-08-20 16:22:39,470:INFO:Epoch: 12350/40000 | Train Loss: 1.536e-01 | Dynamic Loss: 1.536e-01 | Regularization Loss: 1.988e-06 | Val Loss: 2.387e-01 | Time: 9.54s
2025-08-20 16:22:48,907:INFO:Epoch: 12400/40000 | Train Loss: 1.309e-01 | Dynamic Loss: 1.309e-01 | Regularization Loss: 2.177e-06 | Val Loss: 1.740e-01 | Time: 9.44s
2025-08-20 16:22:58,158:INFO:Epoch: 12450/40000 | Train Loss: 8.046e-02 | Dynamic Loss: 8.045e-02 | Regularization Loss: 2.390e-06 | Val Loss: 1.199e-01 | Time: 9.25s
2025-08-20 16:23:10,202:INFO:Epoch: 12500/40000 | Train Loss: 8.903e-02 | Dynamic Loss: 8.903e-02 | Regularization Loss: 2.477e-06 | Val Loss: 1.245e-01 | Time: 12.04s
2025-08-20 16:23:19,388:INFO:Epoch: 12550/40000 | Train Loss: 7.962e-02 | Dynamic Loss: 7.962e-02 | Regularization Loss: 2.421e-06 | Val Loss: 1.099e-01 | Time: 9.19s
2025-08-20 16:23:28,619:INFO:Epoch: 12600/40000 | Train Loss: 2.678e-01 | Dynamic Loss: 2.678e-01 | Regularization Loss: 2.118e-06 | Val Loss: 3.460e-01 | Time: 9.23s
2025-08-20 16:23:44,674:INFO:Epoch: 12650/40000 | Train Loss: 5.114e-01 | Dynamic Loss: 5.114e-01 | Regularization Loss: 1.982e-06 | Val Loss: 5.203e-01 | Time: 16.06s
2025-08-20 16:23:54,033:INFO:Epoch: 12700/40000 | Train Loss: 1.322e-01 | Dynamic Loss: 1.322e-01 | Regularization Loss: 1.765e-06 | Val Loss: 1.584e-01 | Time: 9.36s
2025-08-20 16:24:03,282:INFO:Epoch: 12750/40000 | Train Loss: 8.728e-02 | Dynamic Loss: 8.727e-02 | Regularization Loss: 1.655e-06 | Val Loss: 1.137e-01 | Time: 9.25s
2025-08-20 16:24:18,375:INFO:Epoch: 12800/40000 | Train Loss: 1.665e-01 | Dynamic Loss: 1.665e-01 | Regularization Loss: 1.808e-06 | Val Loss: 1.676e-01 | Time: 15.09s
2025-08-20 16:24:27,678:INFO:Epoch: 12850/40000 | Train Loss: 2.580e-01 | Dynamic Loss: 2.580e-01 | Regularization Loss: 1.877e-06 | Val Loss: 2.623e-01 | Time: 9.30s
2025-08-20 16:24:36,886:INFO:Epoch: 12900/40000 | Train Loss: 8.571e-02 | Dynamic Loss: 8.571e-02 | Regularization Loss: 1.743e-06 | Val Loss: 1.087e-01 | Time: 9.21s
2025-08-20 16:24:46,505:INFO:Epoch: 12950/40000 | Train Loss: 1.122e-01 | Dynamic Loss: 1.121e-01 | Regularization Loss: 1.393e-06 | Val Loss: 1.436e-01 | Time: 9.62s
2025-08-20 16:24:55,785:INFO:Epoch: 13000/40000 | Train Loss: 1.057e-01 | Dynamic Loss: 1.057e-01 | Regularization Loss: 1.275e-06 | Val Loss: 1.333e-01 | Time: 9.28s
2025-08-20 16:25:06,312:INFO:Epoch: 13050/40000 | Train Loss: 9.746e-02 | Dynamic Loss: 9.746e-02 | Regularization Loss: 1.235e-06 | Val Loss: 1.245e-01 | Time: 10.53s
2025-08-20 16:25:15,616:INFO:Epoch: 13100/40000 | Train Loss: 8.075e-02 | Dynamic Loss: 8.075e-02 | Regularization Loss: 1.320e-06 | Val Loss: 1.069e-01 | Time: 9.30s
2025-08-20 16:25:25,003:INFO:Epoch: 13150/40000 | Train Loss: 1.418e-01 | Dynamic Loss: 1.418e-01 | Regularization Loss: 9.592e-07 | Val Loss: 1.828e-01 | Time: 9.39s
2025-08-20 16:25:34,323:INFO:Epoch: 13200/40000 | Train Loss: 1.105e-01 | Dynamic Loss: 1.105e-01 | Regularization Loss: 9.571e-07 | Val Loss: 1.180e-01 | Time: 9.32s
2025-08-20 16:25:43,679:INFO:Epoch: 13250/40000 | Train Loss: 2.311e-01 | Dynamic Loss: 2.311e-01 | Regularization Loss: 8.154e-07 | Val Loss: 2.398e-01 | Time: 9.36s
2025-08-20 16:25:56,787:INFO:Epoch: 13300/40000 | Train Loss: 1.006e-01 | Dynamic Loss: 1.006e-01 | Regularization Loss: 7.359e-07 | Val Loss: 1.221e-01 | Time: 13.11s
2025-08-20 16:26:06,185:INFO:Epoch: 13350/40000 | Train Loss: 1.805e-01 | Dynamic Loss: 1.805e-01 | Regularization Loss: 5.993e-07 | Val Loss: 2.248e-01 | Time: 9.40s
2025-08-20 16:26:15,568:INFO:Epoch: 13400/40000 | Train Loss: 6.428e-01 | Dynamic Loss: 6.428e-01 | Regularization Loss: 4.624e-07 | Val Loss: 5.368e-01 | Time: 9.38s
2025-08-20 16:26:24,926:INFO:Epoch: 13450/40000 | Train Loss: 1.801e-01 | Dynamic Loss: 1.801e-01 | Regularization Loss: 7.504e-07 | Val Loss: 2.046e-01 | Time: 9.36s
2025-08-20 16:26:34,290:INFO:Epoch: 13500/40000 | Train Loss: 1.316e-01 | Dynamic Loss: 1.316e-01 | Regularization Loss: 7.108e-07 | Val Loss: 1.584e-01 | Time: 9.36s
2025-08-20 16:26:43,733:INFO:Epoch: 13550/40000 | Train Loss: 8.334e-02 | Dynamic Loss: 8.334e-02 | Regularization Loss: 7.870e-07 | Val Loss: 1.100e-01 | Time: 9.44s
2025-08-20 16:26:53,175:INFO:Epoch: 13600/40000 | Train Loss: 7.080e-02 | Dynamic Loss: 7.080e-02 | Regularization Loss: 8.992e-07 | Val Loss: 9.473e-02 | Time: 9.44s
2025-08-20 16:27:02,606:INFO:Epoch: 13650/40000 | Train Loss: 7.198e-02 | Dynamic Loss: 7.198e-02 | Regularization Loss: 9.350e-07 | Val Loss: 2.294e-01 | Time: 9.43s
2025-08-20 16:27:11,961:INFO:Epoch: 13700/40000 | Train Loss: 1.657e-01 | Dynamic Loss: 1.657e-01 | Regularization Loss: 8.413e-07 | Val Loss: 1.812e-01 | Time: 9.36s
2025-08-20 16:27:21,210:INFO:Epoch: 13750/40000 | Train Loss: 1.819e-01 | Dynamic Loss: 1.819e-01 | Regularization Loss: 4.472e-07 | Val Loss: 2.168e-01 | Time: 9.25s
2025-08-20 16:27:31,593:INFO:Epoch: 13800/40000 | Train Loss: 1.776e-01 | Dynamic Loss: 1.776e-01 | Regularization Loss: 4.370e-07 | Val Loss: 2.000e-01 | Time: 10.38s
2025-08-20 16:27:40,947:INFO:Epoch: 13850/40000 | Train Loss: 2.448e-01 | Dynamic Loss: 2.448e-01 | Regularization Loss: 3.879e-07 | Val Loss: 2.513e-01 | Time: 9.35s
2025-08-20 16:27:50,234:INFO:Epoch: 13900/40000 | Train Loss: 2.801e-01 | Dynamic Loss: 2.801e-01 | Regularization Loss: 3.497e-07 | Val Loss: 2.574e-01 | Time: 9.29s
2025-08-20 16:28:07,881:INFO:Epoch: 13950/40000 | Train Loss: 4.707e-01 | Dynamic Loss: 4.707e-01 | Regularization Loss: 3.020e-07 | Val Loss: 4.871e-01 | Time: 17.65s
2025-08-20 16:28:17,265:INFO:Epoch: 14000/40000 | Train Loss: 2.038e-01 | Dynamic Loss: 2.038e-01 | Regularization Loss: 2.767e-07 | Val Loss: 2.182e-01 | Time: 9.38s
2025-08-20 16:28:26,654:INFO:Epoch: 14050/40000 | Train Loss: 2.470e+00 | Dynamic Loss: 2.470e+00 | Regularization Loss: 3.557e-07 | Val Loss: 2.720e+00 | Time: 9.39s
2025-08-20 16:28:35,962:INFO:Epoch: 14100/40000 | Train Loss: 2.335e-01 | Dynamic Loss: 2.335e-01 | Regularization Loss: 7.118e-07 | Val Loss: 2.871e-01 | Time: 9.31s
2025-08-20 16:28:45,209:INFO:Epoch: 14150/40000 | Train Loss: 1.413e-01 | Dynamic Loss: 1.412e-01 | Regularization Loss: 8.802e-07 | Val Loss: 1.767e-01 | Time: 9.25s
2025-08-20 16:29:02,806:INFO:Epoch: 14200/40000 | Train Loss: 2.474e-01 | Dynamic Loss: 2.474e-01 | Regularization Loss: 9.816e-07 | Val Loss: 2.820e-01 | Time: 17.60s
2025-08-20 16:29:12,162:INFO:Epoch: 14250/40000 | Train Loss: 1.017e-01 | Dynamic Loss: 1.017e-01 | Regularization Loss: 1.188e-06 | Val Loss: 1.335e-01 | Time: 9.36s
2025-08-20 16:29:21,522:INFO:Epoch: 14300/40000 | Train Loss: 9.737e-02 | Dynamic Loss: 9.737e-02 | Regularization Loss: 1.359e-06 | Val Loss: 1.248e-01 | Time: 9.36s
2025-08-20 16:29:39,286:INFO:Epoch: 14350/40000 | Train Loss: 7.733e-02 | Dynamic Loss: 7.733e-02 | Regularization Loss: 1.476e-06 | Val Loss: 1.047e-01 | Time: 17.76s
2025-08-20 16:29:48,714:INFO:Epoch: 14400/40000 | Train Loss: 6.757e-02 | Dynamic Loss: 6.757e-02 | Regularization Loss: 1.668e-06 | Val Loss: 9.427e-02 | Time: 9.43s
2025-08-20 16:29:58,163:INFO:Epoch: 14450/40000 | Train Loss: 6.282e-02 | Dynamic Loss: 6.281e-02 | Regularization Loss: 1.788e-06 | Val Loss: 8.827e-02 | Time: 9.45s
2025-08-20 16:30:07,473:INFO:Epoch: 14500/40000 | Train Loss: 8.063e-02 | Dynamic Loss: 8.063e-02 | Regularization Loss: 1.807e-06 | Val Loss: 1.003e-01 | Time: 9.31s
2025-08-20 16:30:16,803:INFO:Epoch: 14550/40000 | Train Loss: 2.281e-01 | Dynamic Loss: 2.281e-01 | Regularization Loss: 1.198e-06 | Val Loss: 2.440e-01 | Time: 9.33s
2025-08-20 16:30:32,812:INFO:Epoch: 14600/40000 | Train Loss: 1.656e-01 | Dynamic Loss: 1.656e-01 | Regularization Loss: 9.249e-07 | Val Loss: 1.962e-01 | Time: 16.01s
2025-08-20 16:30:42,235:INFO:Epoch: 14650/40000 | Train Loss: 1.037e-01 | Dynamic Loss: 1.037e-01 | Regularization Loss: 9.645e-07 | Val Loss: 1.357e-01 | Time: 9.42s
2025-08-20 16:30:51,633:INFO:Epoch: 14700/40000 | Train Loss: 1.061e-01 | Dynamic Loss: 1.061e-01 | Regularization Loss: 7.802e-07 | Val Loss: 1.408e-01 | Time: 9.40s
2025-08-20 16:31:02,735:INFO:Epoch: 14750/40000 | Train Loss: 7.884e-02 | Dynamic Loss: 7.884e-02 | Regularization Loss: 8.936e-07 | Val Loss: 1.092e-01 | Time: 11.10s
2025-08-20 16:31:12,078:INFO:Epoch: 14800/40000 | Train Loss: 1.099e-01 | Dynamic Loss: 1.099e-01 | Regularization Loss: 1.015e-06 | Val Loss: 1.270e-01 | Time: 9.34s
2025-08-20 16:31:21,462:INFO:Epoch: 14850/40000 | Train Loss: 7.057e-02 | Dynamic Loss: 7.057e-02 | Regularization Loss: 9.941e-07 | Val Loss: 1.008e-01 | Time: 9.38s
2025-08-20 16:31:30,682:INFO:Epoch: 14900/40000 | Train Loss: 4.064e-01 | Dynamic Loss: 4.064e-01 | Regularization Loss: 1.370e-06 | Val Loss: 4.608e-01 | Time: 9.22s
2025-08-20 16:31:39,955:INFO:Epoch: 14950/40000 | Train Loss: 1.933e-01 | Dynamic Loss: 1.933e-01 | Regularization Loss: 9.232e-07 | Val Loss: 2.450e-01 | Time: 9.27s
2025-08-20 16:31:53,943:INFO:Epoch: 15000/40000 | Train Loss: 1.181e-01 | Dynamic Loss: 1.181e-01 | Regularization Loss: 8.883e-07 | Val Loss: 1.575e-01 | Time: 13.99s
2025-08-20 16:32:03,324:INFO:Epoch: 15050/40000 | Train Loss: 8.876e-02 | Dynamic Loss: 8.876e-02 | Regularization Loss: 9.301e-07 | Val Loss: 1.247e-01 | Time: 9.38s
2025-08-20 16:32:12,650:INFO:Epoch: 15100/40000 | Train Loss: 7.685e-02 | Dynamic Loss: 7.685e-02 | Regularization Loss: 1.031e-06 | Val Loss: 1.091e-01 | Time: 9.33s
2025-08-20 16:32:23,535:INFO:Epoch: 15150/40000 | Train Loss: 7.251e-02 | Dynamic Loss: 7.251e-02 | Regularization Loss: 1.161e-06 | Val Loss: 1.019e-01 | Time: 10.88s
2025-08-20 16:32:32,862:INFO:Epoch: 15200/40000 | Train Loss: 7.936e-02 | Dynamic Loss: 7.936e-02 | Regularization Loss: 1.308e-06 | Val Loss: 1.023e-01 | Time: 9.33s
2025-08-20 16:32:42,286:INFO:Epoch: 15250/40000 | Train Loss: 9.125e-02 | Dynamic Loss: 9.125e-02 | Regularization Loss: 1.383e-06 | Val Loss: 1.119e-01 | Time: 9.42s
2025-08-20 16:32:51,565:INFO:Epoch: 15300/40000 | Train Loss: 5.872e-02 | Dynamic Loss: 5.872e-02 | Regularization Loss: 1.426e-06 | Val Loss: 8.392e-02 | Time: 9.28s
2025-08-20 16:32:51,565:INFO:New best model found at epoch 15300 with validation loss 8.392e-02. Saving...
2025-08-20 16:33:00,969:INFO:Epoch: 15350/40000 | Train Loss: 7.723e-02 | Dynamic Loss: 7.722e-02 | Regularization Loss: 1.431e-06 | Val Loss: 8.583e-02 | Time: 9.37s
2025-08-20 16:33:10,332:INFO:Epoch: 15400/40000 | Train Loss: 5.216e-02 | Dynamic Loss: 5.216e-02 | Regularization Loss: 1.455e-06 | Val Loss: 7.936e-02 | Time: 9.36s
2025-08-20 16:33:10,332:INFO:New best model found at epoch 15400 with validation loss 7.936e-02. Saving...
2025-08-20 16:33:19,709:INFO:Epoch: 15450/40000 | Train Loss: 5.611e-02 | Dynamic Loss: 5.611e-02 | Regularization Loss: 1.280e-06 | Val Loss: 8.017e-02 | Time: 9.35s
2025-08-20 16:33:30,733:INFO:Epoch: 15500/40000 | Train Loss: 4.900e-02 | Dynamic Loss: 4.899e-02 | Regularization Loss: 1.434e-06 | Val Loss: 7.415e-02 | Time: 11.02s
2025-08-20 16:33:30,733:INFO:New best model found at epoch 15500 with validation loss 7.415e-02. Saving...
2025-08-20 16:33:40,022:INFO:Epoch: 15550/40000 | Train Loss: 1.501e+00 | Dynamic Loss: 1.501e+00 | Regularization Loss: 1.010e-06 | Val Loss: 1.575e+00 | Time: 9.27s
2025-08-20 16:33:49,251:INFO:Epoch: 15600/40000 | Train Loss: 7.428e-02 | Dynamic Loss: 7.428e-02 | Regularization Loss: 8.881e-07 | Val Loss: 1.068e-01 | Time: 9.23s
2025-08-20 16:34:04,596:INFO:Epoch: 15650/40000 | Train Loss: 1.776e-01 | Dynamic Loss: 1.776e-01 | Regularization Loss: 1.019e-06 | Val Loss: 2.049e-01 | Time: 15.34s
2025-08-20 16:34:13,902:INFO:Epoch: 15700/40000 | Train Loss: 5.104e-02 | Dynamic Loss: 5.104e-02 | Regularization Loss: 1.083e-06 | Val Loss: 7.808e-02 | Time: 9.31s
2025-08-20 16:34:23,254:INFO:Epoch: 15750/40000 | Train Loss: 4.761e-02 | Dynamic Loss: 4.761e-02 | Regularization Loss: 1.187e-06 | Val Loss: 7.235e-02 | Time: 9.35s
2025-08-20 16:34:23,254:INFO:New best model found at epoch 15750 with validation loss 7.235e-02. Saving...
2025-08-20 16:34:32,509:INFO:Epoch: 15800/40000 | Train Loss: 1.688e-01 | Dynamic Loss: 1.688e-01 | Regularization Loss: 7.269e-07 | Val Loss: 2.066e-01 | Time: 9.23s
2025-08-20 16:34:41,745:INFO:Epoch: 15850/40000 | Train Loss: 9.352e-02 | Dynamic Loss: 9.352e-02 | Regularization Loss: 4.057e-07 | Val Loss: 1.349e-01 | Time: 9.24s
2025-08-20 16:34:52,561:INFO:Epoch: 15900/40000 | Train Loss: 7.298e-02 | Dynamic Loss: 7.298e-02 | Regularization Loss: 3.338e-07 | Val Loss: 1.066e-01 | Time: 10.82s
2025-08-20 16:35:01,992:INFO:Epoch: 15950/40000 | Train Loss: 6.259e-02 | Dynamic Loss: 6.259e-02 | Regularization Loss: 4.002e-07 | Val Loss: 9.103e-02 | Time: 9.43s
2025-08-20 16:35:11,364:INFO:Epoch: 16000/40000 | Train Loss: 5.175e-02 | Dynamic Loss: 5.175e-02 | Regularization Loss: 4.702e-07 | Val Loss: 7.999e-02 | Time: 9.37s
2025-08-20 16:35:27,469:INFO:Epoch: 16050/40000 | Train Loss: 4.795e-02 | Dynamic Loss: 4.795e-02 | Regularization Loss: 5.377e-07 | Val Loss: 7.603e-02 | Time: 16.10s
2025-08-20 16:35:36,832:INFO:Epoch: 16100/40000 | Train Loss: 4.842e-02 | Dynamic Loss: 4.842e-02 | Regularization Loss: 5.006e-07 | Val Loss: 7.384e-02 | Time: 9.36s
2025-08-20 16:35:46,284:INFO:Epoch: 16150/40000 | Train Loss: 4.959e-02 | Dynamic Loss: 4.959e-02 | Regularization Loss: 4.480e-07 | Val Loss: 7.751e-02 | Time: 9.45s
2025-08-20 16:35:55,825:INFO:Epoch: 16200/40000 | Train Loss: 5.850e-02 | Dynamic Loss: 5.850e-02 | Regularization Loss: 4.309e-07 | Val Loss: 8.967e-02 | Time: 9.54s
2025-08-20 16:36:05,034:INFO:Epoch: 16250/40000 | Train Loss: 1.834e-01 | Dynamic Loss: 1.834e-01 | Regularization Loss: 4.333e-07 | Val Loss: 1.811e-01 | Time: 9.21s
2025-08-20 16:36:16,446:INFO:Epoch: 16300/40000 | Train Loss: 4.371e-02 | Dynamic Loss: 4.371e-02 | Regularization Loss: 4.304e-07 | Val Loss: 7.118e-02 | Time: 11.41s
2025-08-20 16:36:16,446:INFO:New best model found at epoch 16300 with validation loss 7.118e-02. Saving...
2025-08-20 16:36:25,755:INFO:Epoch: 16350/40000 | Train Loss: 4.012e-02 | Dynamic Loss: 4.012e-02 | Regularization Loss: 4.515e-07 | Val Loss: 6.693e-02 | Time: 9.29s
2025-08-20 16:36:25,755:INFO:New best model found at epoch 16350 with validation loss 6.693e-02. Saving...
2025-08-20 16:36:35,221:INFO:Epoch: 16400/40000 | Train Loss: 4.039e-02 | Dynamic Loss: 4.039e-02 | Regularization Loss: 5.169e-07 | Val Loss: 6.575e-02 | Time: 9.45s
2025-08-20 16:36:35,221:INFO:New best model found at epoch 16400 with validation loss 6.575e-02. Saving...
2025-08-20 16:36:44,558:INFO:Epoch: 16450/40000 | Train Loss: 8.355e-02 | Dynamic Loss: 8.355e-02 | Regularization Loss: 5.579e-07 | Val Loss: 2.457e-01 | Time: 9.32s
2025-08-20 16:36:53,918:INFO:Epoch: 16500/40000 | Train Loss: 3.700e-02 | Dynamic Loss: 3.700e-02 | Regularization Loss: 5.793e-07 | Val Loss: 6.215e-02 | Time: 9.36s
2025-08-20 16:36:53,918:INFO:New best model found at epoch 16500 with validation loss 6.215e-02. Saving...
2025-08-20 16:37:04,972:INFO:Epoch: 16550/40000 | Train Loss: 5.643e-02 | Dynamic Loss: 5.643e-02 | Regularization Loss: 5.979e-07 | Val Loss: 8.234e-02 | Time: 11.03s
2025-08-20 16:37:14,248:INFO:Epoch: 16600/40000 | Train Loss: 8.610e-02 | Dynamic Loss: 8.610e-02 | Regularization Loss: 3.512e-07 | Val Loss: 1.069e-01 | Time: 9.28s
2025-08-20 16:37:23,710:INFO:Epoch: 16650/40000 | Train Loss: 4.347e-02 | Dynamic Loss: 4.347e-02 | Regularization Loss: 2.783e-07 | Val Loss: 7.103e-02 | Time: 9.46s
2025-08-20 16:37:33,080:INFO:Epoch: 16700/40000 | Train Loss: 4.318e-02 | Dynamic Loss: 4.318e-02 | Regularization Loss: 3.090e-07 | Val Loss: 6.621e-02 | Time: 9.37s
2025-08-20 16:37:42,386:INFO:Epoch: 16750/40000 | Train Loss: 6.145e-02 | Dynamic Loss: 6.145e-02 | Regularization Loss: 1.977e-07 | Val Loss: 8.923e-02 | Time: 9.31s
2025-08-20 16:37:51,777:INFO:Epoch: 16800/40000 | Train Loss: 4.639e-01 | Dynamic Loss: 4.639e-01 | Regularization Loss: 2.273e-07 | Val Loss: 4.295e-01 | Time: 9.39s
2025-08-20 16:38:01,098:INFO:Epoch: 16850/40000 | Train Loss: 5.535e-02 | Dynamic Loss: 5.535e-02 | Regularization Loss: 1.228e-07 | Val Loss: 8.922e-02 | Time: 9.32s
2025-08-20 16:38:10,352:INFO:Epoch: 16900/40000 | Train Loss: 7.768e-02 | Dynamic Loss: 7.768e-02 | Regularization Loss: 1.355e-07 | Val Loss: 1.026e-01 | Time: 9.25s
2025-08-20 16:38:22,230:INFO:Epoch: 16950/40000 | Train Loss: 3.630e-02 | Dynamic Loss: 3.630e-02 | Regularization Loss: 1.517e-07 | Val Loss: 6.509e-02 | Time: 11.88s
2025-08-20 16:38:31,603:INFO:Epoch: 17000/40000 | Train Loss: 3.552e-02 | Dynamic Loss: 3.552e-02 | Regularization Loss: 1.722e-07 | Val Loss: 6.310e-02 | Time: 9.37s
2025-08-20 16:38:41,191:INFO:Epoch: 17050/40000 | Train Loss: 4.703e-02 | Dynamic Loss: 4.703e-02 | Regularization Loss: 1.867e-07 | Val Loss: 6.090e-02 | Time: 9.59s
2025-08-20 16:38:41,191:INFO:New best model found at epoch 17050 with validation loss 6.090e-02. Saving...
2025-08-20 16:38:50,578:INFO:Epoch: 17100/40000 | Train Loss: 3.908e-01 | Dynamic Loss: 3.908e-01 | Regularization Loss: 1.086e-07 | Val Loss: 4.275e-01 | Time: 9.37s
2025-08-20 16:38:59,999:INFO:Epoch: 17150/40000 | Train Loss: 4.552e-01 | Dynamic Loss: 4.552e-01 | Regularization Loss: 8.983e-08 | Val Loss: 4.999e-01 | Time: 9.42s
2025-08-20 16:39:09,295:INFO:Epoch: 17200/40000 | Train Loss: 5.558e-02 | Dynamic Loss: 5.558e-02 | Regularization Loss: 7.406e-08 | Val Loss: 9.264e-02 | Time: 9.30s
2025-08-20 16:39:18,717:INFO:Epoch: 17250/40000 | Train Loss: 1.069e-01 | Dynamic Loss: 1.069e-01 | Regularization Loss: 7.776e-08 | Val Loss: 1.408e-01 | Time: 9.42s
2025-08-20 16:39:31,076:INFO:Epoch: 17300/40000 | Train Loss: 3.736e-02 | Dynamic Loss: 3.736e-02 | Regularization Loss: 7.975e-08 | Val Loss: 7.130e-02 | Time: 12.36s
2025-08-20 16:39:40,390:INFO:Epoch: 17350/40000 | Train Loss: 4.459e-02 | Dynamic Loss: 4.459e-02 | Regularization Loss: 8.359e-08 | Val Loss: 8.741e-02 | Time: 9.31s
2025-08-20 16:39:49,812:INFO:Epoch: 17400/40000 | Train Loss: 3.156e-01 | Dynamic Loss: 3.156e-01 | Regularization Loss: 6.583e-08 | Val Loss: 2.753e-01 | Time: 9.42s
2025-08-20 16:39:59,156:INFO:Epoch: 17450/40000 | Train Loss: 4.465e-02 | Dynamic Loss: 4.465e-02 | Regularization Loss: 5.086e-08 | Val Loss: 7.786e-02 | Time: 9.34s
2025-08-20 16:40:08,460:INFO:Epoch: 17500/40000 | Train Loss: 4.068e-02 | Dynamic Loss: 4.068e-02 | Regularization Loss: 5.022e-08 | Val Loss: 7.242e-02 | Time: 9.30s
2025-08-20 16:40:21,048:INFO:Epoch: 17550/40000 | Train Loss: 3.370e-02 | Dynamic Loss: 3.370e-02 | Regularization Loss: 5.434e-08 | Val Loss: 6.561e-02 | Time: 12.59s
2025-08-20 16:40:30,266:INFO:Epoch: 17600/40000 | Train Loss: 3.283e-02 | Dynamic Loss: 3.283e-02 | Regularization Loss: 5.900e-08 | Val Loss: 6.314e-02 | Time: 9.22s
2025-08-20 16:40:39,593:INFO:Epoch: 17650/40000 | Train Loss: 3.097e-02 | Dynamic Loss: 3.097e-02 | Regularization Loss: 6.285e-08 | Val Loss: 5.998e-02 | Time: 9.33s
2025-08-20 16:40:39,593:INFO:New best model found at epoch 17650 with validation loss 5.998e-02. Saving...
2025-08-20 16:40:48,969:INFO:Epoch: 17700/40000 | Train Loss: 2.207e-01 | Dynamic Loss: 2.207e-01 | Regularization Loss: 3.243e-08 | Val Loss: 2.414e-01 | Time: 9.34s
2025-08-20 16:40:58,439:INFO:Epoch: 17750/40000 | Train Loss: 9.350e-02 | Dynamic Loss: 9.350e-02 | Regularization Loss: 2.946e-08 | Val Loss: 1.096e-01 | Time: 9.47s
2025-08-20 16:41:07,821:INFO:Epoch: 17800/40000 | Train Loss: 4.989e-02 | Dynamic Loss: 4.989e-02 | Regularization Loss: 3.050e-08 | Val Loss: 7.669e-02 | Time: 9.38s
2025-08-20 16:41:17,293:INFO:Epoch: 17850/40000 | Train Loss: 4.236e-02 | Dynamic Loss: 4.236e-02 | Regularization Loss: 3.246e-08 | Val Loss: 6.831e-02 | Time: 9.47s
2025-08-20 16:41:31,592:INFO:Epoch: 17900/40000 | Train Loss: 3.745e-02 | Dynamic Loss: 3.745e-02 | Regularization Loss: 3.235e-08 | Val Loss: 6.324e-02 | Time: 14.30s
2025-08-20 16:41:40,925:INFO:Epoch: 17950/40000 | Train Loss: 3.678e-02 | Dynamic Loss: 3.678e-02 | Regularization Loss: 3.331e-08 | Val Loss: 6.177e-02 | Time: 9.33s
2025-08-20 16:41:50,317:INFO:Epoch: 18000/40000 | Train Loss: 3.870e-02 | Dynamic Loss: 3.870e-02 | Regularization Loss: 2.796e-08 | Val Loss: 6.566e-02 | Time: 9.39s
2025-08-20 16:41:59,661:INFO:Epoch: 18050/40000 | Train Loss: 3.890e-02 | Dynamic Loss: 3.890e-02 | Regularization Loss: 2.812e-08 | Val Loss: 6.476e-02 | Time: 9.34s
2025-08-20 16:42:08,953:INFO:Epoch: 18100/40000 | Train Loss: 4.347e-02 | Dynamic Loss: 4.347e-02 | Regularization Loss: 2.879e-08 | Val Loss: 9.105e-02 | Time: 9.29s
2025-08-20 16:42:23,798:INFO:Epoch: 18150/40000 | Train Loss: 2.190e+00 | Dynamic Loss: 2.190e+00 | Regularization Loss: 1.349e-08 | Val Loss: 2.394e+00 | Time: 14.84s
2025-08-20 16:42:33,002:INFO:Epoch: 18200/40000 | Train Loss: 2.190e+00 | Dynamic Loss: 2.190e+00 | Regularization Loss: 1.175e-08 | Val Loss: 2.682e+00 | Time: 9.20s
2025-08-20 16:42:42,464:INFO:Epoch: 18250/40000 | Train Loss: 7.560e-01 | Dynamic Loss: 7.560e-01 | Regularization Loss: 8.795e-09 | Val Loss: 9.101e-01 | Time: 9.46s
2025-08-20 16:42:51,858:INFO:Epoch: 18300/40000 | Train Loss: 6.097e-01 | Dynamic Loss: 6.097e-01 | Regularization Loss: 9.844e-09 | Val Loss: 7.041e-01 | Time: 9.39s
2025-08-20 16:43:01,293:INFO:Epoch: 18350/40000 | Train Loss: 5.961e-01 | Dynamic Loss: 5.961e-01 | Regularization Loss: 8.788e-09 | Val Loss: 7.083e-01 | Time: 9.43s
2025-08-20 16:43:10,770:INFO:Epoch: 18400/40000 | Train Loss: 5.231e-01 | Dynamic Loss: 5.231e-01 | Regularization Loss: 8.931e-09 | Val Loss: 6.723e-01 | Time: 9.48s
2025-08-20 16:43:20,032:INFO:Epoch: 18450/40000 | Train Loss: 4.410e-01 | Dynamic Loss: 4.410e-01 | Regularization Loss: 9.895e-09 | Val Loss: 5.039e-01 | Time: 9.26s
2025-08-20 16:43:37,836:INFO:Epoch: 18500/40000 | Train Loss: 5.520e-01 | Dynamic Loss: 5.520e-01 | Regularization Loss: 1.319e-08 | Val Loss: 6.327e-01 | Time: 17.80s
2025-08-20 16:43:47,076:INFO:Epoch: 18550/40000 | Train Loss: 3.645e-01 | Dynamic Loss: 3.645e-01 | Regularization Loss: 1.550e-08 | Val Loss: 4.330e-01 | Time: 9.24s
2025-08-20 16:43:56,499:INFO:Epoch: 18600/40000 | Train Loss: 3.949e-01 | Dynamic Loss: 3.949e-01 | Regularization Loss: 1.610e-08 | Val Loss: 4.733e-01 | Time: 9.42s
2025-08-20 16:44:05,874:INFO:Epoch: 18650/40000 | Train Loss: 3.149e-01 | Dynamic Loss: 3.149e-01 | Regularization Loss: 1.859e-08 | Val Loss: 3.743e-01 | Time: 9.38s
2025-08-20 16:44:15,153:INFO:Epoch: 18700/40000 | Train Loss: 2.648e-01 | Dynamic Loss: 2.648e-01 | Regularization Loss: 1.802e-08 | Val Loss: 3.157e-01 | Time: 9.28s
2025-08-20 16:44:32,674:INFO:Epoch: 18750/40000 | Train Loss: 2.447e-01 | Dynamic Loss: 2.447e-01 | Regularization Loss: 1.841e-08 | Val Loss: 2.905e-01 | Time: 17.52s
2025-08-20 16:44:42,058:INFO:Epoch: 18800/40000 | Train Loss: 2.194e-01 | Dynamic Loss: 2.194e-01 | Regularization Loss: 1.831e-08 | Val Loss: 2.556e-01 | Time: 9.38s
2025-08-20 16:44:51,720:INFO:Epoch: 18850/40000 | Train Loss: 3.960e-01 | Dynamic Loss: 3.960e-01 | Regularization Loss: 1.722e-08 | Val Loss: 5.117e-01 | Time: 9.66s
2025-08-20 16:45:01,084:INFO:Epoch: 18900/40000 | Train Loss: 1.809e-01 | Dynamic Loss: 1.809e-01 | Regularization Loss: 1.699e-08 | Val Loss: 2.210e-01 | Time: 9.36s
2025-08-20 16:45:10,533:INFO:Epoch: 18950/40000 | Train Loss: 7.124e-01 | Dynamic Loss: 7.124e-01 | Regularization Loss: 1.529e-08 | Val Loss: 1.003e+00 | Time: 9.45s
2025-08-20 16:45:20,037:INFO:Epoch: 19000/40000 | Train Loss: 1.670e-01 | Dynamic Loss: 1.670e-01 | Regularization Loss: 1.479e-08 | Val Loss: 2.141e-01 | Time: 9.50s
2025-08-20 16:45:29,370:INFO:Epoch: 19050/40000 | Train Loss: 2.822e-01 | Dynamic Loss: 2.822e-01 | Regularization Loss: 1.571e-08 | Val Loss: 2.925e-01 | Time: 9.33s
2025-08-20 16:45:38,680:INFO:Epoch: 19100/40000 | Train Loss: 1.287e-01 | Dynamic Loss: 1.287e-01 | Regularization Loss: 1.579e-08 | Val Loss: 1.675e-01 | Time: 9.31s
2025-08-20 16:45:47,971:INFO:Epoch: 19150/40000 | Train Loss: 1.194e-01 | Dynamic Loss: 1.194e-01 | Regularization Loss: 1.623e-08 | Val Loss: 1.641e-01 | Time: 9.29s
2025-08-20 16:45:57,382:INFO:Epoch: 19200/40000 | Train Loss: 1.647e-01 | Dynamic Loss: 1.647e-01 | Regularization Loss: 1.641e-08 | Val Loss: 1.827e-01 | Time: 9.41s
2025-08-20 16:46:06,772:INFO:Epoch: 19250/40000 | Train Loss: 1.124e-01 | Dynamic Loss: 1.124e-01 | Regularization Loss: 1.561e-08 | Val Loss: 1.408e-01 | Time: 9.39s
2025-08-20 16:46:16,311:INFO:Epoch: 19300/40000 | Train Loss: 1.004e-01 | Dynamic Loss: 1.004e-01 | Regularization Loss: 1.594e-08 | Val Loss: 1.322e-01 | Time: 9.54s
2025-08-20 16:46:25,706:INFO:Epoch: 19350/40000 | Train Loss: 2.846e+00 | Dynamic Loss: 2.846e+00 | Regularization Loss: 1.631e-08 | Val Loss: 3.673e+00 | Time: 9.39s
2025-08-20 16:46:34,983:INFO:Epoch: 19400/40000 | Train Loss: 2.402e+00 | Dynamic Loss: 2.402e+00 | Regularization Loss: 1.803e-08 | Val Loss: 2.628e+00 | Time: 9.28s
2025-08-20 16:46:44,327:INFO:Epoch: 19450/40000 | Train Loss: 2.370e-01 | Dynamic Loss: 2.370e-01 | Regularization Loss: 2.799e-08 | Val Loss: 2.963e-01 | Time: 9.34s
2025-08-20 16:46:53,649:INFO:Epoch: 19500/40000 | Train Loss: 1.742e-01 | Dynamic Loss: 1.742e-01 | Regularization Loss: 3.401e-08 | Val Loss: 2.097e-01 | Time: 9.32s
2025-08-20 16:47:03,104:INFO:Epoch: 19550/40000 | Train Loss: 1.221e-01 | Dynamic Loss: 1.221e-01 | Regularization Loss: 3.560e-08 | Val Loss: 1.772e-01 | Time: 9.46s
2025-08-20 16:47:12,497:INFO:Epoch: 19600/40000 | Train Loss: 1.017e-01 | Dynamic Loss: 1.017e-01 | Regularization Loss: 4.038e-08 | Val Loss: 1.498e-01 | Time: 9.39s
2025-08-20 16:47:21,798:INFO:Epoch: 19650/40000 | Train Loss: 4.480e-01 | Dynamic Loss: 4.480e-01 | Regularization Loss: 4.315e-08 | Val Loss: 8.794e-01 | Time: 9.30s
2025-08-20 16:47:31,501:INFO:Epoch: 19700/40000 | Train Loss: 8.861e-02 | Dynamic Loss: 8.861e-02 | Regularization Loss: 4.637e-08 | Val Loss: 1.334e-01 | Time: 9.70s
2025-08-20 16:47:40,993:INFO:Epoch: 19750/40000 | Train Loss: 8.087e-02 | Dynamic Loss: 8.087e-02 | Regularization Loss: 4.742e-08 | Val Loss: 1.223e-01 | Time: 9.49s
2025-08-20 16:47:50,535:INFO:Epoch: 19800/40000 | Train Loss: 7.695e-02 | Dynamic Loss: 7.695e-02 | Regularization Loss: 4.665e-08 | Val Loss: 1.182e-01 | Time: 9.54s
2025-08-20 16:47:59,906:INFO:Epoch: 19850/40000 | Train Loss: 1.704e-01 | Dynamic Loss: 1.704e-01 | Regularization Loss: 4.960e-08 | Val Loss: 2.024e-01 | Time: 9.37s
2025-08-20 16:48:09,239:INFO:Epoch: 19900/40000 | Train Loss: 8.917e-01 | Dynamic Loss: 8.917e-01 | Regularization Loss: 5.025e-08 | Val Loss: 1.407e+00 | Time: 9.33s
2025-08-20 16:48:21,090:INFO:Epoch: 19950/40000 | Train Loss: 2.785e+00 | Dynamic Loss: 2.785e+00 | Regularization Loss: 4.887e-08 | Val Loss: 3.076e+00 | Time: 11.85s
2025-08-20 16:48:30,436:INFO:Epoch: 20000/40000 | Train Loss: 1.943e+00 | Dynamic Loss: 1.943e+00 | Regularization Loss: 8.050e-08 | Val Loss: 2.440e+00 | Time: 9.35s
2025-08-20 16:48:40,585:INFO:Epoch: 20050/40000 | Train Loss: 1.518e+00 | Dynamic Loss: 1.518e+00 | Regularization Loss: 8.619e-08 | Val Loss: 1.996e+00 | Time: 10.15s
2025-08-20 16:48:49,933:INFO:Epoch: 20100/40000 | Train Loss: 1.179e+00 | Dynamic Loss: 1.179e+00 | Regularization Loss: 1.053e-07 | Val Loss: 1.942e+00 | Time: 9.35s
2025-08-20 16:49:01,563:INFO:Epoch: 20150/40000 | Train Loss: 7.557e-01 | Dynamic Loss: 7.557e-01 | Regularization Loss: 1.469e-07 | Val Loss: 9.428e-01 | Time: 11.63s
2025-08-20 16:49:10,937:INFO:Epoch: 20200/40000 | Train Loss: 1.009e+00 | Dynamic Loss: 1.009e+00 | Regularization Loss: 1.719e-07 | Val Loss: 1.011e+00 | Time: 9.37s
2025-08-20 16:49:20,254:INFO:Epoch: 20250/40000 | Train Loss: 6.007e-01 | Dynamic Loss: 6.007e-01 | Regularization Loss: 1.984e-07 | Val Loss: 7.193e-01 | Time: 9.32s
2025-08-20 16:49:30,559:INFO:Epoch: 20300/40000 | Train Loss: 1.080e+00 | Dynamic Loss: 1.080e+00 | Regularization Loss: 3.381e-07 | Val Loss: 1.637e+00 | Time: 10.30s
2025-08-20 16:49:39,916:INFO:Epoch: 20350/40000 | Train Loss: 5.507e-01 | Dynamic Loss: 5.507e-01 | Regularization Loss: 4.383e-07 | Val Loss: 6.779e-01 | Time: 9.36s
2025-08-20 16:49:49,268:INFO:Epoch: 20400/40000 | Train Loss: 5.140e-01 | Dynamic Loss: 5.140e-01 | Regularization Loss: 5.656e-07 | Val Loss: 6.157e-01 | Time: 9.35s
2025-08-20 16:49:58,547:INFO:Epoch: 20450/40000 | Train Loss: 4.811e-01 | Dynamic Loss: 4.811e-01 | Regularization Loss: 7.154e-07 | Val Loss: 5.924e-01 | Time: 9.28s
2025-08-20 16:50:07,956:INFO:Epoch: 20500/40000 | Train Loss: 4.265e-01 | Dynamic Loss: 4.265e-01 | Regularization Loss: 9.039e-07 | Val Loss: 5.220e-01 | Time: 9.41s
2025-08-20 16:50:17,342:INFO:Epoch: 20550/40000 | Train Loss: 4.114e-01 | Dynamic Loss: 4.114e-01 | Regularization Loss: 1.121e-06 | Val Loss: 5.077e-01 | Time: 9.39s
2025-08-20 16:50:26,694:INFO:Epoch: 20600/40000 | Train Loss: 3.644e-01 | Dynamic Loss: 3.644e-01 | Regularization Loss: 1.492e-06 | Val Loss: 4.484e-01 | Time: 9.35s
2025-08-20 16:50:37,865:INFO:Epoch: 20650/40000 | Train Loss: 1.497e+00 | Dynamic Loss: 1.497e+00 | Regularization Loss: 2.159e-06 | Val Loss: 1.552e+00 | Time: 11.17s
2025-08-20 16:50:47,171:INFO:Epoch: 20700/40000 | Train Loss: 3.329e-01 | Dynamic Loss: 3.329e-01 | Regularization Loss: 2.912e-06 | Val Loss: 4.251e-01 | Time: 9.31s
2025-08-20 16:50:57,416:INFO:Epoch: 20750/40000 | Train Loss: 1.047e+00 | Dynamic Loss: 1.047e+00 | Regularization Loss: 4.549e-06 | Val Loss: 1.351e+00 | Time: 10.24s
2025-08-20 16:51:06,789:INFO:Epoch: 20800/40000 | Train Loss: 2.964e-01 | Dynamic Loss: 2.964e-01 | Regularization Loss: 6.519e-06 | Val Loss: 3.934e-01 | Time: 9.37s
2025-08-20 16:51:16,233:INFO:Epoch: 20850/40000 | Train Loss: 2.677e-01 | Dynamic Loss: 2.677e-01 | Regularization Loss: 6.617e-06 | Val Loss: 3.450e-01 | Time: 9.44s
2025-08-20 16:51:25,610:INFO:Epoch: 20900/40000 | Train Loss: 2.459e-01 | Dynamic Loss: 2.459e-01 | Regularization Loss: 7.055e-06 | Val Loss: 3.215e-01 | Time: 9.38s
2025-08-20 16:51:34,963:INFO:Epoch: 20950/40000 | Train Loss: 2.327e-01 | Dynamic Loss: 2.327e-01 | Regularization Loss: 7.290e-06 | Val Loss: 2.944e-01 | Time: 9.35s
2025-08-20 16:51:44,324:INFO:Epoch: 21000/40000 | Train Loss: 2.407e-01 | Dynamic Loss: 2.407e-01 | Regularization Loss: 7.266e-06 | Val Loss: 3.716e-01 | Time: 9.36s
2025-08-20 16:51:53,783:INFO:Epoch: 21050/40000 | Train Loss: 2.053e-01 | Dynamic Loss: 2.053e-01 | Regularization Loss: 6.746e-06 | Val Loss: 2.694e-01 | Time: 9.46s
2025-08-20 16:52:03,301:INFO:Epoch: 21100/40000 | Train Loss: 2.057e-01 | Dynamic Loss: 2.057e-01 | Regularization Loss: 6.536e-06 | Val Loss: 2.758e-01 | Time: 9.52s
2025-08-20 16:52:12,686:INFO:Epoch: 21150/40000 | Train Loss: 5.821e-01 | Dynamic Loss: 5.821e-01 | Regularization Loss: 1.830e-05 | Val Loss: 7.098e-01 | Time: 9.38s
2025-08-20 16:52:22,053:INFO:Epoch: 21200/40000 | Train Loss: 2.559e-01 | Dynamic Loss: 2.559e-01 | Regularization Loss: 1.622e-05 | Val Loss: 4.218e-01 | Time: 9.37s
2025-08-20 16:52:33,751:INFO:Epoch: 21250/40000 | Train Loss: 2.178e-01 | Dynamic Loss: 2.178e-01 | Regularization Loss: 1.454e-05 | Val Loss: 3.647e-01 | Time: 11.70s
2025-08-20 16:52:43,010:INFO:Epoch: 21300/40000 | Train Loss: 1.942e-01 | Dynamic Loss: 1.942e-01 | Regularization Loss: 1.380e-05 | Val Loss: 3.570e-01 | Time: 9.26s
2025-08-20 16:52:52,372:INFO:Epoch: 21350/40000 | Train Loss: 1.806e-01 | Dynamic Loss: 1.806e-01 | Regularization Loss: 1.315e-05 | Val Loss: 2.903e-01 | Time: 9.36s
2025-08-20 16:53:01,750:INFO:Epoch: 21400/40000 | Train Loss: 1.701e-01 | Dynamic Loss: 1.701e-01 | Regularization Loss: 1.246e-05 | Val Loss: 2.710e-01 | Time: 9.38s
2025-08-20 16:53:11,166:INFO:Epoch: 21450/40000 | Train Loss: 1.526e-01 | Dynamic Loss: 1.526e-01 | Regularization Loss: 1.159e-05 | Val Loss: 2.681e-01 | Time: 9.42s
2025-08-20 16:53:20,502:INFO:Epoch: 21500/40000 | Train Loss: 1.472e-01 | Dynamic Loss: 1.472e-01 | Regularization Loss: 1.075e-05 | Val Loss: 2.631e-01 | Time: 9.34s
2025-08-20 16:53:29,766:INFO:Epoch: 21550/40000 | Train Loss: 1.574e-01 | Dynamic Loss: 1.574e-01 | Regularization Loss: 9.843e-06 | Val Loss: 2.321e-01 | Time: 9.26s
2025-08-20 16:53:44,289:INFO:Epoch: 21600/40000 | Train Loss: 1.337e-01 | Dynamic Loss: 1.337e-01 | Regularization Loss: 9.270e-06 | Val Loss: 2.020e-01 | Time: 14.52s
2025-08-20 16:53:53,652:INFO:Epoch: 21650/40000 | Train Loss: 1.320e-01 | Dynamic Loss: 1.320e-01 | Regularization Loss: 7.986e-06 | Val Loss: 1.985e-01 | Time: 9.36s
2025-08-20 16:54:03,062:INFO:Epoch: 21700/40000 | Train Loss: 1.216e-01 | Dynamic Loss: 1.216e-01 | Regularization Loss: 7.371e-06 | Val Loss: 1.911e-01 | Time: 9.41s
2025-08-20 16:54:12,445:INFO:Epoch: 21750/40000 | Train Loss: 1.156e-01 | Dynamic Loss: 1.156e-01 | Regularization Loss: 6.743e-06 | Val Loss: 1.846e-01 | Time: 9.38s
2025-08-20 16:54:21,909:INFO:Epoch: 21800/40000 | Train Loss: 1.148e-01 | Dynamic Loss: 1.148e-01 | Regularization Loss: 5.932e-06 | Val Loss: 1.802e-01 | Time: 9.46s
2025-08-20 16:54:38,306:INFO:Epoch: 21850/40000 | Train Loss: 1.130e-01 | Dynamic Loss: 1.130e-01 | Regularization Loss: 5.389e-06 | Val Loss: 1.798e-01 | Time: 16.40s
2025-08-20 16:54:47,662:INFO:Epoch: 21900/40000 | Train Loss: 1.043e-01 | Dynamic Loss: 1.043e-01 | Regularization Loss: 4.591e-06 | Val Loss: 1.726e-01 | Time: 9.36s
2025-08-20 16:54:57,144:INFO:Epoch: 21950/40000 | Train Loss: 1.040e-01 | Dynamic Loss: 1.040e-01 | Regularization Loss: 4.250e-06 | Val Loss: 1.723e-01 | Time: 9.48s
2025-08-20 16:55:06,463:INFO:Epoch: 22000/40000 | Train Loss: 1.054e-01 | Dynamic Loss: 1.054e-01 | Regularization Loss: 3.866e-06 | Val Loss: 1.827e-01 | Time: 9.32s
2025-08-20 16:55:15,949:INFO:Epoch: 22050/40000 | Train Loss: 9.615e-02 | Dynamic Loss: 9.615e-02 | Regularization Loss: 3.396e-06 | Val Loss: 1.637e-01 | Time: 9.49s
2025-08-20 16:55:29,038:INFO:Epoch: 22100/40000 | Train Loss: 8.757e-02 | Dynamic Loss: 8.757e-02 | Regularization Loss: 2.972e-06 | Val Loss: 1.538e-01 | Time: 13.09s
2025-08-20 16:55:38,499:INFO:Epoch: 22150/40000 | Train Loss: 1.027e-01 | Dynamic Loss: 1.027e-01 | Regularization Loss: 2.596e-06 | Val Loss: 1.644e-01 | Time: 9.46s
2025-08-20 16:55:47,972:INFO:Epoch: 22200/40000 | Train Loss: 8.958e-02 | Dynamic Loss: 8.958e-02 | Regularization Loss: 2.278e-06 | Val Loss: 1.541e-01 | Time: 9.47s
2025-08-20 16:55:57,322:INFO:Epoch: 22250/40000 | Train Loss: 8.048e-02 | Dynamic Loss: 8.048e-02 | Regularization Loss: 1.987e-06 | Val Loss: 1.499e-01 | Time: 9.35s
2025-08-20 16:56:06,779:INFO:Epoch: 22300/40000 | Train Loss: 7.623e-02 | Dynamic Loss: 7.623e-02 | Regularization Loss: 1.750e-06 | Val Loss: 1.350e-01 | Time: 9.46s
2025-08-20 16:56:24,054:INFO:Epoch: 22350/40000 | Train Loss: 7.158e-02 | Dynamic Loss: 7.158e-02 | Regularization Loss: 1.194e-06 | Val Loss: 1.316e-01 | Time: 17.27s
2025-08-20 16:56:33,457:INFO:Epoch: 22400/40000 | Train Loss: 8.391e-02 | Dynamic Loss: 8.391e-02 | Regularization Loss: 1.140e-06 | Val Loss: 1.446e-01 | Time: 9.40s
2025-08-20 16:56:42,949:INFO:Epoch: 22450/40000 | Train Loss: 6.724e-02 | Dynamic Loss: 6.724e-02 | Regularization Loss: 1.097e-06 | Val Loss: 1.224e-01 | Time: 9.49s
2025-08-20 16:56:52,320:INFO:Epoch: 22500/40000 | Train Loss: 7.209e-02 | Dynamic Loss: 7.209e-02 | Regularization Loss: 7.670e-07 | Val Loss: 1.327e-01 | Time: 9.37s
2025-08-20 16:57:01,613:INFO:Epoch: 22550/40000 | Train Loss: 6.696e-02 | Dynamic Loss: 6.696e-02 | Regularization Loss: 6.795e-07 | Val Loss: 1.221e-01 | Time: 9.29s
2025-08-20 16:57:12,989:INFO:Epoch: 22600/40000 | Train Loss: 6.163e-02 | Dynamic Loss: 6.163e-02 | Regularization Loss: 6.368e-07 | Val Loss: 1.141e-01 | Time: 11.38s
2025-08-20 16:57:22,248:INFO:Epoch: 22650/40000 | Train Loss: 6.566e-02 | Dynamic Loss: 6.566e-02 | Regularization Loss: 6.001e-07 | Val Loss: 1.226e-01 | Time: 9.26s
2025-08-20 16:57:31,860:INFO:Epoch: 22700/40000 | Train Loss: 5.538e-02 | Dynamic Loss: 5.538e-02 | Regularization Loss: 6.097e-07 | Val Loss: 1.078e-01 | Time: 9.61s
2025-08-20 16:57:41,234:INFO:Epoch: 22750/40000 | Train Loss: 5.318e-02 | Dynamic Loss: 5.318e-02 | Regularization Loss: 5.731e-07 | Val Loss: 1.042e-01 | Time: 9.37s
2025-08-20 16:57:50,695:INFO:Epoch: 22800/40000 | Train Loss: 5.274e-02 | Dynamic Loss: 5.274e-02 | Regularization Loss: 5.569e-07 | Val Loss: 1.041e-01 | Time: 9.46s
2025-08-20 16:58:00,146:INFO:Epoch: 22850/40000 | Train Loss: 5.282e-02 | Dynamic Loss: 5.282e-02 | Regularization Loss: 5.010e-07 | Val Loss: 1.015e-01 | Time: 9.45s
2025-08-20 16:58:09,447:INFO:Epoch: 22900/40000 | Train Loss: 5.114e-02 | Dynamic Loss: 5.114e-02 | Regularization Loss: 4.529e-07 | Val Loss: 1.007e-01 | Time: 9.30s
2025-08-20 16:58:25,044:INFO:Epoch: 22950/40000 | Train Loss: 5.123e-02 | Dynamic Loss: 5.123e-02 | Regularization Loss: 4.294e-07 | Val Loss: 1.021e-01 | Time: 15.60s
2025-08-20 16:58:34,414:INFO:Epoch: 23000/40000 | Train Loss: 8.236e-02 | Dynamic Loss: 8.235e-02 | Regularization Loss: 2.752e-07 | Val Loss: 1.195e-01 | Time: 9.37s
2025-08-20 16:58:43,802:INFO:Epoch: 23050/40000 | Train Loss: 5.514e-02 | Dynamic Loss: 5.514e-02 | Regularization Loss: 2.186e-07 | Val Loss: 1.098e-01 | Time: 9.39s
2025-08-20 16:58:53,121:INFO:Epoch: 23100/40000 | Train Loss: 5.446e-02 | Dynamic Loss: 5.446e-02 | Regularization Loss: 2.088e-07 | Val Loss: 1.026e-01 | Time: 9.32s
2025-08-20 16:59:02,510:INFO:Epoch: 23150/40000 | Train Loss: 4.148e-02 | Dynamic Loss: 4.148e-02 | Regularization Loss: 1.998e-07 | Val Loss: 8.965e-02 | Time: 9.39s
2025-08-20 16:59:19,205:INFO:Epoch: 23200/40000 | Train Loss: 4.745e-02 | Dynamic Loss: 4.745e-02 | Regularization Loss: 1.854e-07 | Val Loss: 9.726e-02 | Time: 16.70s
2025-08-20 16:59:28,526:INFO:Epoch: 23250/40000 | Train Loss: 3.891e-02 | Dynamic Loss: 3.891e-02 | Regularization Loss: 1.753e-07 | Val Loss: 8.572e-02 | Time: 9.32s
2025-08-20 16:59:37,838:INFO:Epoch: 23300/40000 | Train Loss: 9.936e-02 | Dynamic Loss: 9.936e-02 | Regularization Loss: 1.660e-07 | Val Loss: 1.146e-01 | Time: 9.31s
2025-08-20 16:59:47,262:INFO:Epoch: 23350/40000 | Train Loss: 4.438e-02 | Dynamic Loss: 4.438e-02 | Regularization Loss: 1.645e-07 | Val Loss: 8.742e-02 | Time: 9.42s
2025-08-20 16:59:56,629:INFO:Epoch: 23400/40000 | Train Loss: 3.684e-02 | Dynamic Loss: 3.684e-02 | Regularization Loss: 1.460e-07 | Val Loss: 8.686e-02 | Time: 9.37s
2025-08-20 17:00:09,747:INFO:Epoch: 23450/40000 | Train Loss: 3.520e-02 | Dynamic Loss: 3.520e-02 | Regularization Loss: 1.065e-07 | Val Loss: 8.695e-02 | Time: 13.12s
2025-08-20 17:00:19,143:INFO:Epoch: 23500/40000 | Train Loss: 4.299e-02 | Dynamic Loss: 4.299e-02 | Regularization Loss: 9.895e-08 | Val Loss: 9.458e-02 | Time: 9.40s
2025-08-20 17:00:28,605:INFO:Epoch: 23550/40000 | Train Loss: 3.647e-02 | Dynamic Loss: 3.647e-02 | Regularization Loss: 8.707e-08 | Val Loss: 7.923e-02 | Time: 9.46s
2025-08-20 17:00:38,049:INFO:Epoch: 23600/40000 | Train Loss: 3.266e-02 | Dynamic Loss: 3.266e-02 | Regularization Loss: 1.544e-07 | Val Loss: 8.027e-02 | Time: 9.44s
2025-08-20 17:00:47,506:INFO:Epoch: 23650/40000 | Train Loss: 3.750e-02 | Dynamic Loss: 3.750e-02 | Regularization Loss: 1.134e-07 | Val Loss: 8.043e-02 | Time: 9.46s
2025-08-20 17:01:03,638:INFO:Epoch: 23700/40000 | Train Loss: 3.716e-02 | Dynamic Loss: 3.716e-02 | Regularization Loss: 7.087e-08 | Val Loss: 8.872e-02 | Time: 16.13s
2025-08-20 17:01:12,919:INFO:Epoch: 23750/40000 | Train Loss: 3.098e-02 | Dynamic Loss: 3.098e-02 | Regularization Loss: 6.187e-08 | Val Loss: 7.611e-02 | Time: 9.28s
2025-08-20 17:01:22,301:INFO:Epoch: 23800/40000 | Train Loss: 3.106e-02 | Dynamic Loss: 3.106e-02 | Regularization Loss: 5.370e-08 | Val Loss: 8.035e-02 | Time: 9.38s
2025-08-20 17:01:31,614:INFO:Epoch: 23850/40000 | Train Loss: 3.529e-02 | Dynamic Loss: 3.529e-02 | Regularization Loss: 4.823e-08 | Val Loss: 8.416e-02 | Time: 9.31s
2025-08-20 17:01:41,068:INFO:Epoch: 23900/40000 | Train Loss: 3.088e-02 | Dynamic Loss: 3.088e-02 | Regularization Loss: 4.634e-08 | Val Loss: 7.838e-02 | Time: 9.45s
2025-08-20 17:01:50,450:INFO:Epoch: 23950/40000 | Train Loss: 3.259e-02 | Dynamic Loss: 3.259e-02 | Regularization Loss: 4.039e-08 | Val Loss: 8.066e-02 | Time: 9.38s
2025-08-20 17:01:59,783:INFO:Epoch: 24000/40000 | Train Loss: 2.740e-02 | Dynamic Loss: 2.740e-02 | Regularization Loss: 2.614e-08 | Val Loss: 7.459e-02 | Time: 9.33s
2025-08-20 17:02:13,376:INFO:Epoch: 24050/40000 | Train Loss: 3.776e-02 | Dynamic Loss: 3.776e-02 | Regularization Loss: 2.503e-08 | Val Loss: 7.819e-02 | Time: 13.59s
2025-08-20 17:02:22,725:INFO:Epoch: 24100/40000 | Train Loss: 3.329e-02 | Dynamic Loss: 3.329e-02 | Regularization Loss: 2.480e-08 | Val Loss: 7.486e-02 | Time: 9.35s
2025-08-20 17:02:32,108:INFO:Epoch: 24150/40000 | Train Loss: 2.760e-02 | Dynamic Loss: 2.760e-02 | Regularization Loss: 2.280e-08 | Val Loss: 8.119e-02 | Time: 9.38s
2025-08-20 17:02:41,436:INFO:Epoch: 24200/40000 | Train Loss: 3.070e-02 | Dynamic Loss: 3.070e-02 | Regularization Loss: 1.865e-08 | Val Loss: 7.480e-02 | Time: 9.33s
2025-08-20 17:02:50,870:INFO:Epoch: 24250/40000 | Train Loss: 2.681e-02 | Dynamic Loss: 2.681e-02 | Regularization Loss: 1.691e-08 | Val Loss: 6.926e-02 | Time: 9.43s
2025-08-20 17:03:00,237:INFO:Epoch: 24300/40000 | Train Loss: 3.006e-02 | Dynamic Loss: 3.006e-02 | Regularization Loss: 1.591e-08 | Val Loss: 7.885e-02 | Time: 9.37s
2025-08-20 17:03:09,440:INFO:Epoch: 24350/40000 | Train Loss: 2.984e-02 | Dynamic Loss: 2.984e-02 | Regularization Loss: 1.776e-08 | Val Loss: 7.667e-02 | Time: 9.20s
2025-08-20 17:03:23,154:INFO:Epoch: 24400/40000 | Train Loss: 2.910e-02 | Dynamic Loss: 2.910e-02 | Regularization Loss: 1.378e-08 | Val Loss: 7.688e-02 | Time: 13.71s
2025-08-20 17:03:32,536:INFO:Epoch: 24450/40000 | Train Loss: 3.015e-02 | Dynamic Loss: 3.015e-02 | Regularization Loss: 1.180e-08 | Val Loss: 7.612e-02 | Time: 9.38s
2025-08-20 17:03:42,050:INFO:Epoch: 24500/40000 | Train Loss: 2.239e-02 | Dynamic Loss: 2.239e-02 | Regularization Loss: 8.696e-09 | Val Loss: 6.663e-02 | Time: 9.51s
2025-08-20 17:03:51,413:INFO:Epoch: 24550/40000 | Train Loss: 3.112e-02 | Dynamic Loss: 3.112e-02 | Regularization Loss: 7.162e-09 | Val Loss: 9.071e-02 | Time: 9.36s
2025-08-20 17:04:00,720:INFO:Epoch: 24600/40000 | Train Loss: 4.446e-02 | Dynamic Loss: 4.446e-02 | Regularization Loss: 5.457e-09 | Val Loss: 8.210e-02 | Time: 9.31s
2025-08-20 17:04:17,533:INFO:Epoch: 24650/40000 | Train Loss: 2.107e-02 | Dynamic Loss: 2.107e-02 | Regularization Loss: 3.882e-09 | Val Loss: 6.249e-02 | Time: 16.81s
2025-08-20 17:04:27,000:INFO:Epoch: 24700/40000 | Train Loss: 2.077e-02 | Dynamic Loss: 2.077e-02 | Regularization Loss: 3.854e-09 | Val Loss: 6.418e-02 | Time: 9.47s
2025-08-20 17:04:36,526:INFO:Epoch: 24750/40000 | Train Loss: 2.023e-02 | Dynamic Loss: 2.023e-02 | Regularization Loss: 3.377e-09 | Val Loss: 6.390e-02 | Time: 9.53s
2025-08-20 17:04:45,918:INFO:Epoch: 24800/40000 | Train Loss: 2.809e-02 | Dynamic Loss: 2.809e-02 | Regularization Loss: 3.047e-09 | Val Loss: 6.872e-02 | Time: 9.39s
2025-08-20 17:04:55,252:INFO:Epoch: 24850/40000 | Train Loss: 3.344e-02 | Dynamic Loss: 3.344e-02 | Regularization Loss: 2.951e-09 | Val Loss: 8.329e-02 | Time: 9.33s
2025-08-20 17:05:04,868:INFO:Epoch: 24900/40000 | Train Loss: 2.819e-02 | Dynamic Loss: 2.819e-02 | Regularization Loss: 2.648e-09 | Val Loss: 7.741e-02 | Time: 9.62s
2025-08-20 17:05:14,249:INFO:Epoch: 24950/40000 | Train Loss: 2.130e-02 | Dynamic Loss: 2.130e-02 | Regularization Loss: 2.418e-09 | Val Loss: 6.933e-02 | Time: 9.38s
2025-08-20 17:05:24,024:INFO:Epoch: 25000/40000 | Train Loss: 2.076e-02 | Dynamic Loss: 2.076e-02 | Regularization Loss: 2.300e-09 | Val Loss: 6.502e-02 | Time: 9.77s
2025-08-20 17:05:33,189:INFO:Epoch: 25050/40000 | Train Loss: 2.013e-02 | Dynamic Loss: 2.013e-02 | Regularization Loss: 2.046e-09 | Val Loss: 6.307e-02 | Time: 9.17s
2025-08-20 17:05:42,351:INFO:Epoch: 25100/40000 | Train Loss: 2.952e-02 | Dynamic Loss: 2.952e-02 | Regularization Loss: 2.021e-09 | Val Loss: 7.933e-02 | Time: 9.16s
2025-08-20 17:05:51,615:INFO:Epoch: 25150/40000 | Train Loss: 3.538e-02 | Dynamic Loss: 3.538e-02 | Regularization Loss: 1.999e-09 | Val Loss: 8.011e-02 | Time: 9.26s
2025-08-20 17:06:03,391:INFO:Epoch: 25200/40000 | Train Loss: 1.936e-02 | Dynamic Loss: 1.936e-02 | Regularization Loss: 1.121e-09 | Val Loss: 6.061e-02 | Time: 11.78s
2025-08-20 17:06:12,556:INFO:Epoch: 25250/40000 | Train Loss: 3.843e-02 | Dynamic Loss: 3.843e-02 | Regularization Loss: 1.207e-09 | Val Loss: 1.065e-01 | Time: 9.16s
2025-08-20 17:06:21,695:INFO:Epoch: 25300/40000 | Train Loss: 1.703e-02 | Dynamic Loss: 1.703e-02 | Regularization Loss: 1.118e-09 | Val Loss: 5.949e-02 | Time: 9.14s
2025-08-20 17:06:21,695:INFO:New best model found at epoch 25300 with validation loss 5.949e-02. Saving...
2025-08-20 17:06:31,025:INFO:Epoch: 25350/40000 | Train Loss: 1.903e-02 | Dynamic Loss: 1.903e-02 | Regularization Loss: 9.669e-10 | Val Loss: 6.189e-02 | Time: 9.29s
2025-08-20 17:06:46,604:INFO:Epoch: 25400/40000 | Train Loss: 1.939e-02 | Dynamic Loss: 1.939e-02 | Regularization Loss: 8.390e-10 | Val Loss: 6.420e-02 | Time: 15.58s
2025-08-20 17:06:55,842:INFO:Epoch: 25450/40000 | Train Loss: 2.297e-02 | Dynamic Loss: 2.297e-02 | Regularization Loss: 7.606e-10 | Val Loss: 6.559e-02 | Time: 9.24s
2025-08-20 17:07:05,075:INFO:Epoch: 25500/40000 | Train Loss: 1.843e-02 | Dynamic Loss: 1.843e-02 | Regularization Loss: 6.562e-10 | Val Loss: 6.099e-02 | Time: 9.23s
2025-08-20 17:07:14,153:INFO:Epoch: 25550/40000 | Train Loss: 1.903e-02 | Dynamic Loss: 1.903e-02 | Regularization Loss: 6.084e-10 | Val Loss: 6.083e-02 | Time: 9.08s
2025-08-20 17:07:30,304:INFO:Epoch: 25600/40000 | Train Loss: 2.238e-02 | Dynamic Loss: 2.238e-02 | Regularization Loss: 5.682e-10 | Val Loss: 6.392e-02 | Time: 16.15s
2025-08-20 17:07:39,488:INFO:Epoch: 25650/40000 | Train Loss: 3.037e-02 | Dynamic Loss: 3.037e-02 | Regularization Loss: 4.856e-10 | Val Loss: 7.667e-02 | Time: 9.18s
2025-08-20 17:07:48,593:INFO:Epoch: 25700/40000 | Train Loss: 2.359e-02 | Dynamic Loss: 2.359e-02 | Regularization Loss: 4.736e-10 | Val Loss: 6.677e-02 | Time: 9.10s
2025-08-20 17:07:57,764:INFO:Epoch: 25750/40000 | Train Loss: 1.740e-02 | Dynamic Loss: 1.740e-02 | Regularization Loss: 3.154e-10 | Val Loss: 5.593e-02 | Time: 9.17s
2025-08-20 17:07:57,764:INFO:New best model found at epoch 25750 with validation loss 5.593e-02. Saving...
2025-08-20 17:08:14,335:INFO:Epoch: 25800/40000 | Train Loss: 1.975e-02 | Dynamic Loss: 1.975e-02 | Regularization Loss: 2.920e-10 | Val Loss: 6.037e-02 | Time: 16.54s
2025-08-20 17:08:23,536:INFO:Epoch: 25850/40000 | Train Loss: 1.828e-02 | Dynamic Loss: 1.828e-02 | Regularization Loss: 2.669e-10 | Val Loss: 5.776e-02 | Time: 9.20s
2025-08-20 17:08:32,702:INFO:Epoch: 25900/40000 | Train Loss: 2.082e-02 | Dynamic Loss: 2.082e-02 | Regularization Loss: 2.549e-10 | Val Loss: 6.073e-02 | Time: 9.17s
2025-08-20 17:08:41,831:INFO:Epoch: 25950/40000 | Train Loss: 2.470e-02 | Dynamic Loss: 2.470e-02 | Regularization Loss: 2.272e-10 | Val Loss: 6.223e-02 | Time: 9.13s
2025-08-20 17:08:58,657:INFO:Epoch: 26000/40000 | Train Loss: 1.543e-02 | Dynamic Loss: 1.543e-02 | Regularization Loss: 2.121e-10 | Val Loss: 5.658e-02 | Time: 16.83s
2025-08-20 17:09:07,838:INFO:Epoch: 26050/40000 | Train Loss: 5.390e-02 | Dynamic Loss: 5.390e-02 | Regularization Loss: 1.507e-10 | Val Loss: 8.157e-02 | Time: 9.18s
2025-08-20 17:09:16,983:INFO:Epoch: 26100/40000 | Train Loss: 1.449e-02 | Dynamic Loss: 1.449e-02 | Regularization Loss: 9.424e-11 | Val Loss: 5.351e-02 | Time: 9.15s
2025-08-20 17:09:16,984:INFO:New best model found at epoch 26100 with validation loss 5.351e-02. Saving...
2025-08-20 17:09:26,147:INFO:Epoch: 26150/40000 | Train Loss: 3.343e-02 | Dynamic Loss: 3.343e-02 | Regularization Loss: 9.144e-11 | Val Loss: 6.559e-02 | Time: 9.14s
2025-08-20 17:09:35,266:INFO:Epoch: 26200/40000 | Train Loss: 1.658e-02 | Dynamic Loss: 1.658e-02 | Regularization Loss: 6.867e-11 | Val Loss: 5.605e-02 | Time: 9.12s
2025-08-20 17:09:44,393:INFO:Epoch: 26250/40000 | Train Loss: 1.851e-02 | Dynamic Loss: 1.851e-02 | Regularization Loss: 6.362e-11 | Val Loss: 5.963e-02 | Time: 9.13s
2025-08-20 17:09:53,532:INFO:Epoch: 26300/40000 | Train Loss: 2.116e-02 | Dynamic Loss: 2.116e-02 | Regularization Loss: 6.074e-11 | Val Loss: 6.197e-02 | Time: 9.14s
2025-08-20 17:10:06,891:INFO:Epoch: 26350/40000 | Train Loss: 1.690e-02 | Dynamic Loss: 1.690e-02 | Regularization Loss: 5.268e-11 | Val Loss: 5.855e-02 | Time: 13.36s
2025-08-20 17:10:16,031:INFO:Epoch: 26400/40000 | Train Loss: 2.008e-02 | Dynamic Loss: 2.008e-02 | Regularization Loss: 4.880e-11 | Val Loss: 5.868e-02 | Time: 9.14s
2025-08-20 17:10:25,209:INFO:Epoch: 26450/40000 | Train Loss: 1.628e-02 | Dynamic Loss: 1.628e-02 | Regularization Loss: 4.186e-11 | Val Loss: 5.599e-02 | Time: 9.18s
2025-08-20 17:10:34,462:INFO:Epoch: 26500/40000 | Train Loss: 1.904e-02 | Dynamic Loss: 1.904e-02 | Regularization Loss: 3.750e-11 | Val Loss: 5.894e-02 | Time: 9.25s
2025-08-20 17:10:43,650:INFO:Epoch: 26550/40000 | Train Loss: 1.374e-02 | Dynamic Loss: 1.374e-02 | Regularization Loss: 3.364e-11 | Val Loss: 5.385e-02 | Time: 9.19s
2025-08-20 17:10:52,820:INFO:Epoch: 26600/40000 | Train Loss: 1.867e-02 | Dynamic Loss: 1.867e-02 | Regularization Loss: 3.207e-11 | Val Loss: 5.870e-02 | Time: 9.17s
2025-08-20 17:11:02,012:INFO:Epoch: 26650/40000 | Train Loss: 2.036e-02 | Dynamic Loss: 2.036e-02 | Regularization Loss: 3.056e-11 | Val Loss: 5.914e-02 | Time: 9.19s
2025-08-20 17:11:15,372:INFO:Epoch: 26700/40000 | Train Loss: 1.781e-02 | Dynamic Loss: 1.781e-02 | Regularization Loss: 2.168e-11 | Val Loss: 6.089e-02 | Time: 13.36s
2025-08-20 17:11:24,666:INFO:Epoch: 26750/40000 | Train Loss: 1.271e-02 | Dynamic Loss: 1.271e-02 | Regularization Loss: 1.486e-11 | Val Loss: 5.299e-02 | Time: 9.29s
2025-08-20 17:11:24,666:INFO:New best model found at epoch 26750 with validation loss 5.299e-02. Saving...
2025-08-20 17:11:33,886:INFO:Epoch: 26800/40000 | Train Loss: 1.732e-02 | Dynamic Loss: 1.732e-02 | Regularization Loss: 1.347e-11 | Val Loss: 5.680e-02 | Time: 9.19s
2025-08-20 17:11:43,153:INFO:Epoch: 26850/40000 | Train Loss: 1.294e-02 | Dynamic Loss: 1.294e-02 | Regularization Loss: 1.221e-11 | Val Loss: 5.333e-02 | Time: 9.27s
2025-08-20 17:11:52,336:INFO:Epoch: 26900/40000 | Train Loss: 1.564e-02 | Dynamic Loss: 1.564e-02 | Regularization Loss: 1.137e-11 | Val Loss: 5.642e-02 | Time: 9.18s
2025-08-20 17:12:01,587:INFO:Epoch: 26950/40000 | Train Loss: 1.660e-02 | Dynamic Loss: 1.660e-02 | Regularization Loss: 1.035e-11 | Val Loss: 5.547e-02 | Time: 9.25s
2025-08-20 17:12:10,781:INFO:Epoch: 27000/40000 | Train Loss: 1.555e-02 | Dynamic Loss: 1.555e-02 | Regularization Loss: 6.644e-12 | Val Loss: 5.525e-02 | Time: 9.19s
2025-08-20 17:12:22,633:INFO:Epoch: 27050/40000 | Train Loss: 1.244e-02 | Dynamic Loss: 1.244e-02 | Regularization Loss: 6.096e-12 | Val Loss: 5.400e-02 | Time: 11.85s
2025-08-20 17:12:31,806:INFO:Epoch: 27100/40000 | Train Loss: 1.335e-02 | Dynamic Loss: 1.335e-02 | Regularization Loss: 5.654e-12 | Val Loss: 5.393e-02 | Time: 9.17s
2025-08-20 17:12:40,948:INFO:Epoch: 27150/40000 | Train Loss: 1.295e-02 | Dynamic Loss: 1.295e-02 | Regularization Loss: 5.452e-12 | Val Loss: 5.434e-02 | Time: 9.14s
2025-08-20 17:12:52,951:INFO:Epoch: 27200/40000 | Train Loss: 1.302e-02 | Dynamic Loss: 1.302e-02 | Regularization Loss: 5.070e-12 | Val Loss: 5.591e-02 | Time: 12.00s
2025-08-20 17:13:02,112:INFO:Epoch: 27250/40000 | Train Loss: 1.672e-02 | Dynamic Loss: 1.672e-02 | Regularization Loss: 4.730e-12 | Val Loss: 5.958e-02 | Time: 9.16s
2025-08-20 17:13:11,315:INFO:Epoch: 27300/40000 | Train Loss: 1.425e-02 | Dynamic Loss: 1.425e-02 | Regularization Loss: 4.224e-12 | Val Loss: 5.628e-02 | Time: 9.20s
2025-08-20 17:13:20,514:INFO:Epoch: 27350/40000 | Train Loss: 1.562e-02 | Dynamic Loss: 1.562e-02 | Regularization Loss: 3.903e-12 | Val Loss: 6.104e-02 | Time: 9.20s
2025-08-20 17:13:29,908:INFO:Epoch: 27400/40000 | Train Loss: 4.068e-02 | Dynamic Loss: 4.068e-02 | Regularization Loss: 5.378e-12 | Val Loss: 8.033e-02 | Time: 9.39s
2025-08-20 17:13:39,092:INFO:Epoch: 27450/40000 | Train Loss: 1.451e-01 | Dynamic Loss: 1.451e-01 | Regularization Loss: 2.841e-12 | Val Loss: 1.515e-01 | Time: 9.18s
2025-08-20 17:13:48,285:INFO:Epoch: 27500/40000 | Train Loss: 1.125e-02 | Dynamic Loss: 1.125e-02 | Regularization Loss: 2.150e-12 | Val Loss: 5.036e-02 | Time: 9.19s
2025-08-20 17:13:48,285:INFO:New best model found at epoch 27500 with validation loss 5.036e-02. Saving...
2025-08-20 17:13:57,631:INFO:Epoch: 27550/40000 | Train Loss: 4.081e-02 | Dynamic Loss: 4.081e-02 | Regularization Loss: 2.487e-12 | Val Loss: 8.808e-02 | Time: 9.32s
2025-08-20 17:14:08,925:INFO:Epoch: 27600/40000 | Train Loss: 1.231e-02 | Dynamic Loss: 1.231e-02 | Regularization Loss: 5.843e-12 | Val Loss: 5.391e-02 | Time: 11.29s
2025-08-20 17:14:18,234:INFO:Epoch: 27650/40000 | Train Loss: 1.090e-02 | Dynamic Loss: 1.090e-02 | Regularization Loss: 4.615e-12 | Val Loss: 5.149e-02 | Time: 9.31s
2025-08-20 17:14:27,491:INFO:Epoch: 27700/40000 | Train Loss: 1.047e-02 | Dynamic Loss: 1.047e-02 | Regularization Loss: 3.960e-12 | Val Loss: 5.094e-02 | Time: 9.26s
2025-08-20 17:14:40,359:INFO:Epoch: 27750/40000 | Train Loss: 1.361e-02 | Dynamic Loss: 1.361e-02 | Regularization Loss: 3.675e-12 | Val Loss: 5.281e-02 | Time: 12.87s
2025-08-20 17:14:49,493:INFO:Epoch: 27800/40000 | Train Loss: 1.135e-02 | Dynamic Loss: 1.135e-02 | Regularization Loss: 3.231e-12 | Val Loss: 5.439e-02 | Time: 9.13s
2025-08-20 17:14:58,725:INFO:Epoch: 27850/40000 | Train Loss: 1.047e-02 | Dynamic Loss: 1.047e-02 | Regularization Loss: 2.991e-12 | Val Loss: 5.097e-02 | Time: 9.23s
2025-08-20 17:15:07,987:INFO:Epoch: 27900/40000 | Train Loss: 1.014e-02 | Dynamic Loss: 1.014e-02 | Regularization Loss: 2.295e-12 | Val Loss: 4.775e-02 | Time: 9.26s
2025-08-20 17:15:07,988:INFO:New best model found at epoch 27900 with validation loss 4.775e-02. Saving...
2025-08-20 17:15:17,185:INFO:Epoch: 27950/40000 | Train Loss: 1.056e-02 | Dynamic Loss: 1.056e-02 | Regularization Loss: 2.104e-12 | Val Loss: 4.863e-02 | Time: 9.17s
2025-08-20 17:15:26,334:INFO:Epoch: 28000/40000 | Train Loss: 1.137e-02 | Dynamic Loss: 1.137e-02 | Regularization Loss: 1.960e-12 | Val Loss: 4.956e-02 | Time: 9.15s
2025-08-20 17:15:35,548:INFO:Epoch: 28050/40000 | Train Loss: 1.259e-02 | Dynamic Loss: 1.259e-02 | Regularization Loss: 1.792e-12 | Val Loss: 5.126e-02 | Time: 9.21s
2025-08-20 17:15:44,755:INFO:Epoch: 28100/40000 | Train Loss: 2.028e-02 | Dynamic Loss: 2.028e-02 | Regularization Loss: 1.638e-12 | Val Loss: 5.359e-02 | Time: 9.21s
2025-08-20 17:15:53,934:INFO:Epoch: 28150/40000 | Train Loss: 1.579e-02 | Dynamic Loss: 1.579e-02 | Regularization Loss: 1.497e-12 | Val Loss: 5.477e-02 | Time: 9.18s
2025-08-20 17:16:03,229:INFO:Epoch: 28200/40000 | Train Loss: 1.761e-02 | Dynamic Loss: 1.761e-02 | Regularization Loss: 1.354e-12 | Val Loss: 5.583e-02 | Time: 9.30s
2025-08-20 17:16:12,472:INFO:Epoch: 28250/40000 | Train Loss: 1.456e-02 | Dynamic Loss: 1.456e-02 | Regularization Loss: 1.261e-12 | Val Loss: 5.498e-02 | Time: 9.24s
2025-08-20 17:16:21,636:INFO:Epoch: 28300/40000 | Train Loss: 1.086e-02 | Dynamic Loss: 1.086e-02 | Regularization Loss: 1.130e-12 | Val Loss: 5.112e-02 | Time: 9.16s
2025-08-20 17:16:30,939:INFO:Epoch: 28350/40000 | Train Loss: 1.804e-02 | Dynamic Loss: 1.804e-02 | Regularization Loss: 1.038e-12 | Val Loss: 6.184e-02 | Time: 9.30s
2025-08-20 17:16:40,067:INFO:Epoch: 28400/40000 | Train Loss: 1.532e-02 | Dynamic Loss: 1.532e-02 | Regularization Loss: 8.548e-13 | Val Loss: 5.195e-02 | Time: 9.13s
2025-08-20 17:16:49,271:INFO:Epoch: 28450/40000 | Train Loss: 1.775e-02 | Dynamic Loss: 1.775e-02 | Regularization Loss: 8.708e-13 | Val Loss: 5.680e-02 | Time: 9.20s
2025-08-20 17:16:58,542:INFO:Epoch: 28500/40000 | Train Loss: 1.171e-02 | Dynamic Loss: 1.171e-02 | Regularization Loss: 7.499e-13 | Val Loss: 5.228e-02 | Time: 9.27s
2025-08-20 17:17:07,741:INFO:Epoch: 28550/40000 | Train Loss: 1.592e-02 | Dynamic Loss: 1.592e-02 | Regularization Loss: 6.418e-13 | Val Loss: 5.251e-02 | Time: 9.20s
2025-08-20 17:17:16,875:INFO:Epoch: 28600/40000 | Train Loss: 1.360e-02 | Dynamic Loss: 1.360e-02 | Regularization Loss: 5.712e-13 | Val Loss: 5.332e-02 | Time: 9.13s
2025-08-20 17:17:26,706:INFO:Epoch: 28650/40000 | Train Loss: 1.123e-02 | Dynamic Loss: 1.123e-02 | Regularization Loss: 5.241e-13 | Val Loss: 5.226e-02 | Time: 9.83s
2025-08-20 17:17:35,829:INFO:Epoch: 28700/40000 | Train Loss: 1.267e-02 | Dynamic Loss: 1.267e-02 | Regularization Loss: 4.919e-13 | Val Loss: 5.137e-02 | Time: 9.12s
2025-08-20 17:17:45,050:INFO:Epoch: 28750/40000 | Train Loss: 1.155e-02 | Dynamic Loss: 1.155e-02 | Regularization Loss: 4.472e-13 | Val Loss: 5.157e-02 | Time: 9.22s
2025-08-20 17:17:54,290:INFO:Epoch: 28800/40000 | Train Loss: 9.760e-03 | Dynamic Loss: 9.760e-03 | Regularization Loss: 2.487e-13 | Val Loss: 4.764e-02 | Time: 9.24s
2025-08-20 17:17:54,291:INFO:New best model found at epoch 28800 with validation loss 4.764e-02. Saving...
2025-08-20 17:18:03,581:INFO:Epoch: 28850/40000 | Train Loss: 1.782e-02 | Dynamic Loss: 1.782e-02 | Regularization Loss: 2.049e-13 | Val Loss: 5.172e-02 | Time: 9.27s
2025-08-20 17:18:12,837:INFO:Epoch: 28900/40000 | Train Loss: 1.156e-02 | Dynamic Loss: 1.156e-02 | Regularization Loss: 1.822e-13 | Val Loss: 5.249e-02 | Time: 9.26s
2025-08-20 17:18:22,148:INFO:Epoch: 28950/40000 | Train Loss: 1.345e-02 | Dynamic Loss: 1.345e-02 | Regularization Loss: 1.709e-13 | Val Loss: 5.103e-02 | Time: 9.31s
2025-08-20 17:18:31,309:INFO:Epoch: 29000/40000 | Train Loss: 1.277e-02 | Dynamic Loss: 1.277e-02 | Regularization Loss: 1.573e-13 | Val Loss: 5.094e-02 | Time: 9.16s
2025-08-20 17:18:40,521:INFO:Epoch: 29050/40000 | Train Loss: 3.425e-02 | Dynamic Loss: 3.425e-02 | Regularization Loss: 1.392e-13 | Val Loss: 9.244e-02 | Time: 9.21s
2025-08-20 17:18:49,736:INFO:Epoch: 29100/40000 | Train Loss: 9.884e-03 | Dynamic Loss: 9.884e-03 | Regularization Loss: 9.809e-14 | Val Loss: 4.986e-02 | Time: 9.22s
2025-08-20 17:19:01,825:INFO:Epoch: 29150/40000 | Train Loss: 1.356e-02 | Dynamic Loss: 1.356e-02 | Regularization Loss: 8.744e-14 | Val Loss: 5.657e-02 | Time: 12.09s
2025-08-20 17:19:11,007:INFO:Epoch: 29200/40000 | Train Loss: 1.133e-02 | Dynamic Loss: 1.133e-02 | Regularization Loss: 7.963e-14 | Val Loss: 5.282e-02 | Time: 9.18s
2025-08-20 17:19:20,179:INFO:Epoch: 29250/40000 | Train Loss: 1.667e-02 | Dynamic Loss: 1.667e-02 | Regularization Loss: 7.362e-14 | Val Loss: 5.611e-02 | Time: 9.17s
2025-08-20 17:19:34,891:INFO:Epoch: 29300/40000 | Train Loss: 1.007e-02 | Dynamic Loss: 1.007e-02 | Regularization Loss: 6.606e-14 | Val Loss: 5.086e-02 | Time: 14.71s
2025-08-20 17:19:44,137:INFO:Epoch: 29350/40000 | Train Loss: 1.072e-02 | Dynamic Loss: 1.072e-02 | Regularization Loss: 5.917e-14 | Val Loss: 4.998e-02 | Time: 9.25s
2025-08-20 17:19:53,476:INFO:Epoch: 29400/40000 | Train Loss: 9.906e-03 | Dynamic Loss: 9.906e-03 | Regularization Loss: 5.198e-14 | Val Loss: 5.166e-02 | Time: 9.34s
2025-08-20 17:20:03,058:INFO:Epoch: 29450/40000 | Train Loss: 1.215e-02 | Dynamic Loss: 1.215e-02 | Regularization Loss: 4.734e-14 | Val Loss: 5.334e-02 | Time: 9.58s
2025-08-20 17:20:12,252:INFO:Epoch: 29500/40000 | Train Loss: 8.530e-03 | Dynamic Loss: 8.530e-03 | Regularization Loss: 5.464e-14 | Val Loss: 5.020e-02 | Time: 9.19s
2025-08-20 17:20:21,419:INFO:Epoch: 29550/40000 | Train Loss: 9.850e-03 | Dynamic Loss: 9.850e-03 | Regularization Loss: 4.737e-14 | Val Loss: 5.058e-02 | Time: 9.17s
2025-08-20 17:20:30,669:INFO:Epoch: 29600/40000 | Train Loss: 8.786e-03 | Dynamic Loss: 8.786e-03 | Regularization Loss: 4.419e-14 | Val Loss: 5.141e-02 | Time: 9.25s
2025-08-20 17:20:43,701:INFO:Epoch: 29650/40000 | Train Loss: 1.041e-02 | Dynamic Loss: 1.041e-02 | Regularization Loss: 4.194e-14 | Val Loss: 5.065e-02 | Time: 13.03s
2025-08-20 17:20:52,842:INFO:Epoch: 29700/40000 | Train Loss: 1.103e-02 | Dynamic Loss: 1.103e-02 | Regularization Loss: 3.945e-14 | Val Loss: 5.326e-02 | Time: 9.14s
2025-08-20 17:21:02,077:INFO:Epoch: 29750/40000 | Train Loss: 9.197e-03 | Dynamic Loss: 9.197e-03 | Regularization Loss: 3.420e-14 | Val Loss: 5.096e-02 | Time: 9.23s
2025-08-20 17:21:11,268:INFO:Epoch: 29800/40000 | Train Loss: 9.944e-03 | Dynamic Loss: 9.944e-03 | Regularization Loss: 3.182e-14 | Val Loss: 5.077e-02 | Time: 9.19s
2025-08-20 17:21:20,439:INFO:Epoch: 29850/40000 | Train Loss: 1.204e-02 | Dynamic Loss: 1.204e-02 | Regularization Loss: 3.032e-14 | Val Loss: 5.253e-02 | Time: 9.17s
2025-08-20 17:21:29,661:INFO:Epoch: 29900/40000 | Train Loss: 1.043e-02 | Dynamic Loss: 1.043e-02 | Regularization Loss: 2.706e-14 | Val Loss: 5.279e-02 | Time: 9.22s
2025-08-20 17:21:38,862:INFO:Epoch: 29950/40000 | Train Loss: 1.383e-02 | Dynamic Loss: 1.383e-02 | Regularization Loss: 2.032e-14 | Val Loss: 5.250e-02 | Time: 9.20s
2025-08-20 17:21:50,097:INFO:Epoch: 30000/40000 | Train Loss: 9.693e-03 | Dynamic Loss: 9.693e-03 | Regularization Loss: 1.753e-14 | Val Loss: 5.232e-02 | Time: 11.24s
2025-08-20 17:21:59,348:INFO:Epoch: 30050/40000 | Train Loss: 1.206e-02 | Dynamic Loss: 1.206e-02 | Regularization Loss: 1.631e-14 | Val Loss: 5.368e-02 | Time: 9.25s
2025-08-20 17:22:08,535:INFO:Epoch: 30100/40000 | Train Loss: 7.804e-03 | Dynamic Loss: 7.804e-03 | Regularization Loss: 1.690e-14 | Val Loss: 4.934e-02 | Time: 9.19s
2025-08-20 17:22:26,241:INFO:Epoch: 30150/40000 | Train Loss: 7.598e-03 | Dynamic Loss: 7.598e-03 | Regularization Loss: 1.548e-14 | Val Loss: 4.948e-02 | Time: 17.71s
2025-08-20 17:22:35,438:INFO:Epoch: 30200/40000 | Train Loss: 8.927e-03 | Dynamic Loss: 8.927e-03 | Regularization Loss: 1.497e-14 | Val Loss: 5.301e-02 | Time: 9.20s
2025-08-20 17:22:44,806:INFO:Epoch: 30250/40000 | Train Loss: 1.174e-02 | Dynamic Loss: 1.174e-02 | Regularization Loss: 1.190e-14 | Val Loss: 4.315e-02 | Time: 9.37s
2025-08-20 17:22:44,806:INFO:New best model found at epoch 30250 with validation loss 4.315e-02. Saving...
2025-08-20 17:22:54,364:INFO:Epoch: 30300/40000 | Train Loss: 8.197e-03 | Dynamic Loss: 8.197e-03 | Regularization Loss: 1.056e-14 | Val Loss: 4.434e-02 | Time: 9.44s
2025-08-20 17:23:03,631:INFO:Epoch: 30350/40000 | Train Loss: 8.777e-03 | Dynamic Loss: 8.777e-03 | Regularization Loss: 1.004e-14 | Val Loss: 4.542e-02 | Time: 9.27s
2025-08-20 17:23:12,815:INFO:Epoch: 30400/40000 | Train Loss: 9.394e-03 | Dynamic Loss: 9.394e-03 | Regularization Loss: 9.595e-15 | Val Loss: 4.699e-02 | Time: 9.18s
2025-08-20 17:23:22,089:INFO:Epoch: 30450/40000 | Train Loss: 9.356e-03 | Dynamic Loss: 9.356e-03 | Regularization Loss: 8.138e-15 | Val Loss: 4.710e-02 | Time: 9.27s
2025-08-20 17:23:34,863:INFO:Epoch: 30500/40000 | Train Loss: 9.976e-03 | Dynamic Loss: 9.976e-03 | Regularization Loss: 7.834e-15 | Val Loss: 5.051e-02 | Time: 12.77s
2025-08-20 17:23:44,069:INFO:Epoch: 30550/40000 | Train Loss: 1.077e-02 | Dynamic Loss: 1.077e-02 | Regularization Loss: 7.649e-15 | Val Loss: 5.168e-02 | Time: 9.21s
2025-08-20 17:23:53,310:INFO:Epoch: 30600/40000 | Train Loss: 1.289e-02 | Dynamic Loss: 1.289e-02 | Regularization Loss: 7.063e-15 | Val Loss: 4.859e-02 | Time: 9.24s
2025-08-20 17:24:06,958:INFO:Epoch: 30650/40000 | Train Loss: 8.407e-03 | Dynamic Loss: 8.407e-03 | Regularization Loss: 6.652e-15 | Val Loss: 5.025e-02 | Time: 13.65s
2025-08-20 17:24:16,048:INFO:Epoch: 30700/40000 | Train Loss: 1.042e-02 | Dynamic Loss: 1.042e-02 | Regularization Loss: 6.286e-15 | Val Loss: 5.189e-02 | Time: 9.09s
2025-08-20 17:24:25,274:INFO:Epoch: 30750/40000 | Train Loss: 1.044e-02 | Dynamic Loss: 1.044e-02 | Regularization Loss: 5.993e-15 | Val Loss: 4.891e-02 | Time: 9.23s
2025-08-20 17:24:34,649:INFO:Epoch: 30800/40000 | Train Loss: 8.950e-03 | Dynamic Loss: 8.950e-03 | Regularization Loss: 5.742e-15 | Val Loss: 4.882e-02 | Time: 9.37s
2025-08-20 17:24:43,889:INFO:Epoch: 30850/40000 | Train Loss: 7.238e-03 | Dynamic Loss: 7.238e-03 | Regularization Loss: 3.830e-15 | Val Loss: 4.750e-02 | Time: 9.24s
2025-08-20 17:24:53,246:INFO:Epoch: 30900/40000 | Train Loss: 8.745e-03 | Dynamic Loss: 8.745e-03 | Regularization Loss: 3.520e-15 | Val Loss: 4.968e-02 | Time: 9.36s
2025-08-20 17:25:02,653:INFO:Epoch: 30950/40000 | Train Loss: 7.737e-03 | Dynamic Loss: 7.737e-03 | Regularization Loss: 2.697e-15 | Val Loss: 4.750e-02 | Time: 9.41s
2025-08-20 17:25:11,924:INFO:Epoch: 31000/40000 | Train Loss: 1.382e-02 | Dynamic Loss: 1.382e-02 | Regularization Loss: 2.463e-15 | Val Loss: 5.533e-02 | Time: 9.27s
2025-08-20 17:25:21,153:INFO:Epoch: 31050/40000 | Train Loss: 8.833e-03 | Dynamic Loss: 8.833e-03 | Regularization Loss: 2.356e-15 | Val Loss: 5.079e-02 | Time: 9.23s
2025-08-20 17:25:30,330:INFO:Epoch: 31100/40000 | Train Loss: 1.195e-02 | Dynamic Loss: 1.195e-02 | Regularization Loss: 2.180e-15 | Val Loss: 5.515e-02 | Time: 9.18s
2025-08-20 17:25:41,511:INFO:Epoch: 31150/40000 | Train Loss: 9.317e-03 | Dynamic Loss: 9.317e-03 | Regularization Loss: 1.734e-15 | Val Loss: 4.996e-02 | Time: 11.18s
2025-08-20 17:25:50,735:INFO:Epoch: 31200/40000 | Train Loss: 1.236e-02 | Dynamic Loss: 1.236e-02 | Regularization Loss: 1.561e-15 | Val Loss: 5.550e-02 | Time: 9.22s
2025-08-20 17:25:59,952:INFO:Epoch: 31250/40000 | Train Loss: 6.948e-03 | Dynamic Loss: 6.948e-03 | Regularization Loss: 1.074e-15 | Val Loss: 4.864e-02 | Time: 9.22s
2025-08-20 17:26:17,339:INFO:Epoch: 31300/40000 | Train Loss: 7.843e-03 | Dynamic Loss: 7.843e-03 | Regularization Loss: 9.604e-16 | Val Loss: 4.946e-02 | Time: 17.39s
2025-08-20 17:26:26,679:INFO:Epoch: 31350/40000 | Train Loss: 1.236e-02 | Dynamic Loss: 1.236e-02 | Regularization Loss: 8.649e-16 | Val Loss: 4.982e-02 | Time: 9.34s
2025-08-20 17:26:35,902:INFO:Epoch: 31400/40000 | Train Loss: 9.858e-03 | Dynamic Loss: 9.858e-03 | Regularization Loss: 7.847e-16 | Val Loss: 4.897e-02 | Time: 9.22s
2025-08-20 17:26:45,233:INFO:Epoch: 31450/40000 | Train Loss: 8.150e-03 | Dynamic Loss: 8.150e-03 | Regularization Loss: 7.075e-16 | Val Loss: 5.045e-02 | Time: 9.33s
2025-08-20 17:26:54,436:INFO:Epoch: 31500/40000 | Train Loss: 8.233e-03 | Dynamic Loss: 8.233e-03 | Regularization Loss: 8.038e-16 | Val Loss: 4.794e-02 | Time: 9.20s
2025-08-20 17:27:03,619:INFO:Epoch: 31550/40000 | Train Loss: 9.761e-03 | Dynamic Loss: 9.761e-03 | Regularization Loss: 7.144e-16 | Val Loss: 5.476e-02 | Time: 9.18s
2025-08-20 17:27:12,797:INFO:Epoch: 31600/40000 | Train Loss: 7.973e-03 | Dynamic Loss: 7.973e-03 | Regularization Loss: 6.428e-16 | Val Loss: 4.902e-02 | Time: 9.18s
2025-08-20 17:27:29,554:INFO:Epoch: 31650/40000 | Train Loss: 1.113e-02 | Dynamic Loss: 1.113e-02 | Regularization Loss: 6.196e-16 | Val Loss: 5.098e-02 | Time: 16.76s
2025-08-20 17:27:38,758:INFO:Epoch: 31700/40000 | Train Loss: 8.629e-03 | Dynamic Loss: 8.629e-03 | Regularization Loss: 5.407e-16 | Val Loss: 5.166e-02 | Time: 9.20s
2025-08-20 17:27:47,973:INFO:Epoch: 31750/40000 | Train Loss: 8.651e-03 | Dynamic Loss: 8.651e-03 | Regularization Loss: 3.835e-16 | Val Loss: 4.659e-02 | Time: 9.21s
2025-08-20 17:28:03,339:INFO:Epoch: 31800/40000 | Train Loss: 8.023e-03 | Dynamic Loss: 8.023e-03 | Regularization Loss: 3.299e-16 | Val Loss: 4.819e-02 | Time: 15.37s
2025-08-20 17:28:12,690:INFO:Epoch: 31850/40000 | Train Loss: 9.407e-03 | Dynamic Loss: 9.407e-03 | Regularization Loss: 3.437e-16 | Val Loss: 4.448e-02 | Time: 9.35s
2025-08-20 17:28:21,984:INFO:Epoch: 31900/40000 | Train Loss: 7.719e-03 | Dynamic Loss: 7.719e-03 | Regularization Loss: 3.040e-16 | Val Loss: 4.581e-02 | Time: 9.29s
2025-08-20 17:28:31,327:INFO:Epoch: 31950/40000 | Train Loss: 8.459e-03 | Dynamic Loss: 8.459e-03 | Regularization Loss: 2.842e-16 | Val Loss: 4.502e-02 | Time: 9.34s
2025-08-20 17:28:40,591:INFO:Epoch: 32000/40000 | Train Loss: 7.195e-03 | Dynamic Loss: 7.195e-03 | Regularization Loss: 2.700e-16 | Val Loss: 4.575e-02 | Time: 9.26s
2025-08-20 17:28:49,829:INFO:Epoch: 32050/40000 | Train Loss: 8.758e-03 | Dynamic Loss: 8.758e-03 | Regularization Loss: 2.456e-16 | Val Loss: 4.692e-02 | Time: 9.24s
2025-08-20 17:28:59,037:INFO:Epoch: 32100/40000 | Train Loss: 8.407e-03 | Dynamic Loss: 8.407e-03 | Regularization Loss: 2.325e-16 | Val Loss: 4.829e-02 | Time: 9.21s
2025-08-20 17:29:14,596:INFO:Epoch: 32150/40000 | Train Loss: 7.867e-03 | Dynamic Loss: 7.867e-03 | Regularization Loss: 2.230e-16 | Val Loss: 4.656e-02 | Time: 15.56s
2025-08-20 17:29:23,810:INFO:Epoch: 32200/40000 | Train Loss: 1.011e-02 | Dynamic Loss: 1.011e-02 | Regularization Loss: 2.067e-16 | Val Loss: 4.768e-02 | Time: 9.21s
2025-08-20 17:29:32,990:INFO:Epoch: 32250/40000 | Train Loss: 8.697e-03 | Dynamic Loss: 8.697e-03 | Regularization Loss: 1.915e-16 | Val Loss: 4.737e-02 | Time: 9.18s
2025-08-20 17:29:42,513:INFO:Epoch: 32300/40000 | Train Loss: 8.285e-03 | Dynamic Loss: 8.285e-03 | Regularization Loss: 1.746e-16 | Val Loss: 4.794e-02 | Time: 9.52s
2025-08-20 17:29:51,812:INFO:Epoch: 32350/40000 | Train Loss: 1.032e-02 | Dynamic Loss: 1.032e-02 | Regularization Loss: 1.585e-16 | Val Loss: 4.756e-02 | Time: 9.30s
2025-08-20 17:30:01,058:INFO:Epoch: 32400/40000 | Train Loss: 8.036e-03 | Dynamic Loss: 8.036e-03 | Regularization Loss: 1.448e-16 | Val Loss: 4.711e-02 | Time: 9.25s
2025-08-20 17:30:10,480:INFO:Epoch: 32450/40000 | Train Loss: 1.633e-02 | Dynamic Loss: 1.633e-02 | Regularization Loss: 1.374e-16 | Val Loss: 5.171e-02 | Time: 9.42s
2025-08-20 17:30:19,755:INFO:Epoch: 32500/40000 | Train Loss: 8.727e-03 | Dynamic Loss: 8.727e-03 | Regularization Loss: 1.195e-16 | Val Loss: 4.868e-02 | Time: 9.27s
2025-08-20 17:30:29,220:INFO:Epoch: 32550/40000 | Train Loss: 6.586e-03 | Dynamic Loss: 6.586e-03 | Regularization Loss: 1.405e-16 | Val Loss: 4.540e-02 | Time: 9.46s
2025-08-20 17:30:38,633:INFO:Epoch: 32600/40000 | Train Loss: 7.544e-03 | Dynamic Loss: 7.544e-03 | Regularization Loss: 1.212e-16 | Val Loss: 4.571e-02 | Time: 9.41s
2025-08-20 17:30:53,959:INFO:Epoch: 32650/40000 | Train Loss: 7.759e-03 | Dynamic Loss: 7.759e-03 | Regularization Loss: 1.130e-16 | Val Loss: 4.696e-02 | Time: 15.33s
2025-08-20 17:31:03,288:INFO:Epoch: 32700/40000 | Train Loss: 7.508e-03 | Dynamic Loss: 7.508e-03 | Regularization Loss: 1.094e-16 | Val Loss: 4.654e-02 | Time: 9.33s
2025-08-20 17:31:12,698:INFO:Epoch: 32750/40000 | Train Loss: 6.361e-03 | Dynamic Loss: 6.361e-03 | Regularization Loss: 1.218e-16 | Val Loss: 4.564e-02 | Time: 9.41s
2025-08-20 17:31:22,004:INFO:Epoch: 32800/40000 | Train Loss: 6.653e-03 | Dynamic Loss: 6.653e-03 | Regularization Loss: 1.080e-16 | Val Loss: 4.707e-02 | Time: 9.31s
2025-08-20 17:31:31,236:INFO:Epoch: 32850/40000 | Train Loss: 7.507e-03 | Dynamic Loss: 7.507e-03 | Regularization Loss: 9.897e-17 | Val Loss: 4.732e-02 | Time: 9.23s
2025-08-20 17:31:40,545:INFO:Epoch: 32900/40000 | Train Loss: 9.989e-03 | Dynamic Loss: 9.989e-03 | Regularization Loss: 9.475e-17 | Val Loss: 5.054e-02 | Time: 9.31s
2025-08-20 17:31:49,963:INFO:Epoch: 32950/40000 | Train Loss: 2.684e-02 | Dynamic Loss: 2.684e-02 | Regularization Loss: 1.004e-16 | Val Loss: 6.590e-02 | Time: 9.42s
2025-08-20 17:31:59,181:INFO:Epoch: 33000/40000 | Train Loss: 7.189e-03 | Dynamic Loss: 7.189e-03 | Regularization Loss: 8.939e-17 | Val Loss: 4.769e-02 | Time: 9.22s
2025-08-20 17:32:08,527:INFO:Epoch: 33050/40000 | Train Loss: 7.916e-03 | Dynamic Loss: 7.916e-03 | Regularization Loss: 8.401e-17 | Val Loss: 4.897e-02 | Time: 9.35s
2025-08-20 17:32:17,676:INFO:Epoch: 33100/40000 | Train Loss: 6.393e-03 | Dynamic Loss: 6.393e-03 | Regularization Loss: 8.065e-17 | Val Loss: 4.866e-02 | Time: 9.15s
2025-08-20 17:32:33,281:INFO:Epoch: 33150/40000 | Train Loss: 1.203e-02 | Dynamic Loss: 1.203e-02 | Regularization Loss: 9.422e-17 | Val Loss: 4.972e-02 | Time: 15.60s
2025-08-20 17:32:42,554:INFO:Epoch: 33200/40000 | Train Loss: 1.249e-02 | Dynamic Loss: 1.249e-02 | Regularization Loss: 8.254e-17 | Val Loss: 5.176e-02 | Time: 9.27s
2025-08-20 17:32:51,801:INFO:Epoch: 33250/40000 | Train Loss: 6.130e-03 | Dynamic Loss: 6.130e-03 | Regularization Loss: 7.624e-17 | Val Loss: 4.715e-02 | Time: 9.25s
2025-08-20 17:33:01,165:INFO:Epoch: 33300/40000 | Train Loss: 1.169e-02 | Dynamic Loss: 1.169e-02 | Regularization Loss: 5.505e-17 | Val Loss: 4.486e-02 | Time: 9.36s
2025-08-20 17:33:10,426:INFO:Epoch: 33350/40000 | Train Loss: 6.434e-03 | Dynamic Loss: 6.434e-03 | Regularization Loss: 4.618e-17 | Val Loss: 4.550e-02 | Time: 9.26s
2025-08-20 17:33:19,688:INFO:Epoch: 33400/40000 | Train Loss: 7.851e-03 | Dynamic Loss: 7.851e-03 | Regularization Loss: 4.205e-17 | Val Loss: 4.919e-02 | Time: 9.26s
2025-08-20 17:33:28,985:INFO:Epoch: 33450/40000 | Train Loss: 7.678e-03 | Dynamic Loss: 7.678e-03 | Regularization Loss: 3.982e-17 | Val Loss: 4.833e-02 | Time: 9.30s
2025-08-20 17:33:38,215:INFO:Epoch: 33500/40000 | Train Loss: 7.029e-03 | Dynamic Loss: 7.029e-03 | Regularization Loss: 3.705e-17 | Val Loss: 4.669e-02 | Time: 9.23s
2025-08-20 17:33:47,450:INFO:Epoch: 33550/40000 | Train Loss: 6.417e-03 | Dynamic Loss: 6.417e-03 | Regularization Loss: 3.405e-17 | Val Loss: 4.648e-02 | Time: 9.24s
2025-08-20 17:33:56,720:INFO:Epoch: 33600/40000 | Train Loss: 7.194e-03 | Dynamic Loss: 7.194e-03 | Regularization Loss: 3.181e-17 | Val Loss: 4.807e-02 | Time: 9.27s
2025-08-20 17:34:12,771:INFO:Epoch: 33650/40000 | Train Loss: 8.026e-03 | Dynamic Loss: 8.026e-03 | Regularization Loss: 2.916e-17 | Val Loss: 4.859e-02 | Time: 16.05s
2025-08-20 17:34:22,063:INFO:Epoch: 33700/40000 | Train Loss: 7.579e-03 | Dynamic Loss: 7.579e-03 | Regularization Loss: 3.034e-17 | Val Loss: 4.754e-02 | Time: 9.29s
2025-08-20 17:34:31,422:INFO:Epoch: 33750/40000 | Train Loss: 9.792e-03 | Dynamic Loss: 9.792e-03 | Regularization Loss: 2.754e-17 | Val Loss: 4.813e-02 | Time: 9.36s
2025-08-20 17:34:48,271:INFO:Epoch: 33800/40000 | Train Loss: 7.474e-03 | Dynamic Loss: 7.474e-03 | Regularization Loss: 2.512e-17 | Val Loss: 4.688e-02 | Time: 16.85s
2025-08-20 17:34:57,478:INFO:Epoch: 33850/40000 | Train Loss: 7.399e-03 | Dynamic Loss: 7.399e-03 | Regularization Loss: 2.345e-17 | Val Loss: 4.698e-02 | Time: 9.21s
2025-08-20 17:35:06,707:INFO:Epoch: 33900/40000 | Train Loss: 1.214e-02 | Dynamic Loss: 1.214e-02 | Regularization Loss: 2.162e-17 | Val Loss: 5.108e-02 | Time: 9.23s
2025-08-20 17:35:19,962:INFO:Epoch: 33950/40000 | Train Loss: 8.407e-03 | Dynamic Loss: 8.407e-03 | Regularization Loss: 1.713e-17 | Val Loss: 4.776e-02 | Time: 13.25s
2025-08-20 17:35:29,105:INFO:Epoch: 34000/40000 | Train Loss: 7.198e-03 | Dynamic Loss: 7.198e-03 | Regularization Loss: 1.319e-17 | Val Loss: 4.766e-02 | Time: 9.14s
2025-08-20 17:35:38,256:INFO:Epoch: 34050/40000 | Train Loss: 7.836e-03 | Dynamic Loss: 7.836e-03 | Regularization Loss: 1.195e-17 | Val Loss: 5.067e-02 | Time: 9.15s
2025-08-20 17:35:47,464:INFO:Epoch: 34100/40000 | Train Loss: 7.051e-03 | Dynamic Loss: 7.051e-03 | Regularization Loss: 9.119e-18 | Val Loss: 4.853e-02 | Time: 9.21s
2025-08-20 17:36:04,639:INFO:Epoch: 34150/40000 | Train Loss: 6.889e-03 | Dynamic Loss: 6.889e-03 | Regularization Loss: 7.917e-18 | Val Loss: 4.766e-02 | Time: 17.17s
2025-08-20 17:36:13,897:INFO:Epoch: 34200/40000 | Train Loss: 5.414e-03 | Dynamic Loss: 5.414e-03 | Regularization Loss: 7.437e-18 | Val Loss: 4.601e-02 | Time: 9.26s
2025-08-20 17:36:23,079:INFO:Epoch: 34250/40000 | Train Loss: 7.946e-03 | Dynamic Loss: 7.946e-03 | Regularization Loss: 6.328e-18 | Val Loss: 5.118e-02 | Time: 9.18s
2025-08-20 17:36:32,222:INFO:Epoch: 34300/40000 | Train Loss: 7.567e-03 | Dynamic Loss: 7.567e-03 | Regularization Loss: 5.929e-18 | Val Loss: 4.995e-02 | Time: 9.14s
2025-08-20 17:36:49,859:INFO:Epoch: 34350/40000 | Train Loss: 2.550e-02 | Dynamic Loss: 2.550e-02 | Regularization Loss: 5.839e-18 | Val Loss: 6.988e-02 | Time: 17.64s
2025-08-20 17:36:59,120:INFO:Epoch: 34400/40000 | Train Loss: 5.338e-03 | Dynamic Loss: 5.338e-03 | Regularization Loss: 5.432e-18 | Val Loss: 4.662e-02 | Time: 9.26s
2025-08-20 17:37:08,251:INFO:Epoch: 34450/40000 | Train Loss: 7.273e-03 | Dynamic Loss: 7.273e-03 | Regularization Loss: 4.690e-18 | Val Loss: 4.685e-02 | Time: 9.13s
2025-08-20 17:37:20,647:INFO:Epoch: 34500/40000 | Train Loss: 7.124e-03 | Dynamic Loss: 7.124e-03 | Regularization Loss: 4.164e-18 | Val Loss: 4.694e-02 | Time: 12.40s
2025-08-20 17:37:29,845:INFO:Epoch: 34550/40000 | Train Loss: 7.447e-03 | Dynamic Loss: 7.447e-03 | Regularization Loss: 3.954e-18 | Val Loss: 4.871e-02 | Time: 9.20s
2025-08-20 17:37:39,087:INFO:Epoch: 34600/40000 | Train Loss: 5.416e-03 | Dynamic Loss: 5.416e-03 | Regularization Loss: 3.937e-18 | Val Loss: 4.552e-02 | Time: 9.24s
2025-08-20 17:37:48,388:INFO:Epoch: 34650/40000 | Train Loss: 6.229e-03 | Dynamic Loss: 6.229e-03 | Regularization Loss: 3.336e-18 | Val Loss: 4.698e-02 | Time: 9.30s
2025-08-20 17:37:57,581:INFO:Epoch: 34700/40000 | Train Loss: 5.649e-03 | Dynamic Loss: 5.649e-03 | Regularization Loss: 2.445e-18 | Val Loss: 4.392e-02 | Time: 9.19s
2025-08-20 17:38:06,836:INFO:Epoch: 34750/40000 | Train Loss: 5.232e-03 | Dynamic Loss: 5.232e-03 | Regularization Loss: 2.456e-18 | Val Loss: 4.406e-02 | Time: 9.25s
2025-08-20 17:38:16,135:INFO:Epoch: 34800/40000 | Train Loss: 5.599e-03 | Dynamic Loss: 5.599e-03 | Regularization Loss: 2.150e-18 | Val Loss: 4.526e-02 | Time: 9.30s
2025-08-20 17:38:25,421:INFO:Epoch: 34850/40000 | Train Loss: 7.550e-03 | Dynamic Loss: 7.550e-03 | Regularization Loss: 1.954e-18 | Val Loss: 4.853e-02 | Time: 9.29s
2025-08-20 17:38:34,705:INFO:Epoch: 34900/40000 | Train Loss: 5.098e-03 | Dynamic Loss: 5.098e-03 | Regularization Loss: 1.488e-18 | Val Loss: 4.458e-02 | Time: 9.28s
2025-08-20 17:38:43,923:INFO:Epoch: 34950/40000 | Train Loss: 1.032e-02 | Dynamic Loss: 1.032e-02 | Regularization Loss: 1.320e-18 | Val Loss: 4.693e-02 | Time: 9.22s
2025-08-20 17:38:59,640:INFO:Epoch: 35000/40000 | Train Loss: 5.487e-03 | Dynamic Loss: 5.487e-03 | Regularization Loss: 1.042e-18 | Val Loss: 4.504e-02 | Time: 15.72s
2025-08-20 17:39:08,951:INFO:Epoch: 35050/40000 | Train Loss: 8.761e-03 | Dynamic Loss: 8.761e-03 | Regularization Loss: 8.998e-19 | Val Loss: 4.773e-02 | Time: 9.31s
2025-08-20 17:39:18,138:INFO:Epoch: 35100/40000 | Train Loss: 5.742e-03 | Dynamic Loss: 5.742e-03 | Regularization Loss: 7.897e-19 | Val Loss: 4.589e-02 | Time: 9.19s
2025-08-20 17:39:27,351:INFO:Epoch: 35150/40000 | Train Loss: 9.676e-03 | Dynamic Loss: 9.676e-03 | Regularization Loss: 6.730e-19 | Val Loss: 4.720e-02 | Time: 9.21s
2025-08-20 17:39:44,566:INFO:Epoch: 35200/40000 | Train Loss: 7.586e-03 | Dynamic Loss: 7.586e-03 | Regularization Loss: 6.025e-19 | Val Loss: 4.979e-02 | Time: 17.22s
2025-08-20 17:39:53,713:INFO:Epoch: 35250/40000 | Train Loss: 8.708e-03 | Dynamic Loss: 8.708e-03 | Regularization Loss: 5.184e-19 | Val Loss: 4.850e-02 | Time: 9.15s
2025-08-20 17:40:02,864:INFO:Epoch: 35300/40000 | Train Loss: 7.709e-03 | Dynamic Loss: 7.709e-03 | Regularization Loss: 4.448e-19 | Val Loss: 4.642e-02 | Time: 9.15s
2025-08-20 17:40:18,396:INFO:Epoch: 35350/40000 | Train Loss: 7.642e-03 | Dynamic Loss: 7.642e-03 | Regularization Loss: 3.837e-19 | Val Loss: 4.919e-02 | Time: 15.53s
2025-08-20 17:40:27,678:INFO:Epoch: 35400/40000 | Train Loss: 8.450e-03 | Dynamic Loss: 8.450e-03 | Regularization Loss: 3.507e-19 | Val Loss: 4.701e-02 | Time: 9.28s
2025-08-20 17:40:36,885:INFO:Epoch: 35450/40000 | Train Loss: 6.360e-03 | Dynamic Loss: 6.360e-03 | Regularization Loss: 2.963e-19 | Val Loss: 4.718e-02 | Time: 9.21s
2025-08-20 17:40:46,162:INFO:Epoch: 35500/40000 | Train Loss: 6.626e-03 | Dynamic Loss: 6.626e-03 | Regularization Loss: 2.517e-19 | Val Loss: 4.697e-02 | Time: 9.28s
2025-08-20 17:40:55,410:INFO:Epoch: 35550/40000 | Train Loss: 1.511e-02 | Dynamic Loss: 1.511e-02 | Regularization Loss: 2.260e-19 | Val Loss: 5.184e-02 | Time: 9.25s
2025-08-20 17:41:04,606:INFO:Epoch: 35600/40000 | Train Loss: 7.927e-03 | Dynamic Loss: 7.927e-03 | Regularization Loss: 1.870e-19 | Val Loss: 4.743e-02 | Time: 9.20s
2025-08-20 17:41:13,831:INFO:Epoch: 35650/40000 | Train Loss: 1.675e-02 | Dynamic Loss: 1.675e-02 | Regularization Loss: 1.773e-19 | Val Loss: 5.423e-02 | Time: 9.22s
2025-08-20 17:41:29,393:INFO:Epoch: 35700/40000 | Train Loss: 5.003e-03 | Dynamic Loss: 5.003e-03 | Regularization Loss: 1.401e-19 | Val Loss: 4.536e-02 | Time: 15.56s
2025-08-20 17:41:38,738:INFO:Epoch: 35750/40000 | Train Loss: 7.306e-03 | Dynamic Loss: 7.306e-03 | Regularization Loss: 1.215e-19 | Val Loss: 4.633e-02 | Time: 9.34s
2025-08-20 17:41:48,006:INFO:Epoch: 35800/40000 | Train Loss: 5.865e-03 | Dynamic Loss: 5.865e-03 | Regularization Loss: 1.063e-19 | Val Loss: 4.565e-02 | Time: 9.27s
2025-08-20 17:41:57,183:INFO:Epoch: 35850/40000 | Train Loss: 7.947e-03 | Dynamic Loss: 7.947e-03 | Regularization Loss: 9.409e-20 | Val Loss: 4.824e-02 | Time: 9.18s
2025-08-20 17:42:14,773:INFO:Epoch: 35900/40000 | Train Loss: 5.664e-03 | Dynamic Loss: 5.664e-03 | Regularization Loss: 9.358e-20 | Val Loss: 4.512e-02 | Time: 17.59s
2025-08-20 17:42:24,120:INFO:Epoch: 35950/40000 | Train Loss: 4.932e-03 | Dynamic Loss: 4.932e-03 | Regularization Loss: 7.652e-20 | Val Loss: 4.584e-02 | Time: 9.35s
2025-08-20 17:42:33,357:INFO:Epoch: 36000/40000 | Train Loss: 5.906e-03 | Dynamic Loss: 5.906e-03 | Regularization Loss: 6.693e-20 | Val Loss: 4.781e-02 | Time: 9.24s
2025-08-20 17:42:47,321:INFO:Epoch: 36050/40000 | Train Loss: 7.547e-03 | Dynamic Loss: 7.547e-03 | Regularization Loss: 6.040e-20 | Val Loss: 4.947e-02 | Time: 13.96s
2025-08-20 17:42:56,541:INFO:Epoch: 36100/40000 | Train Loss: 6.123e-03 | Dynamic Loss: 6.123e-03 | Regularization Loss: 5.371e-20 | Val Loss: 4.642e-02 | Time: 9.22s
2025-08-20 17:43:05,808:INFO:Epoch: 36150/40000 | Train Loss: 1.212e-02 | Dynamic Loss: 1.212e-02 | Regularization Loss: 5.274e-20 | Val Loss: 5.155e-02 | Time: 9.27s
2025-08-20 17:43:15,137:INFO:Epoch: 36200/40000 | Train Loss: 4.862e-03 | Dynamic Loss: 4.862e-03 | Regularization Loss: 4.333e-20 | Val Loss: 4.631e-02 | Time: 9.33s
2025-08-20 17:43:24,392:INFO:Epoch: 36250/40000 | Train Loss: 6.151e-03 | Dynamic Loss: 6.151e-03 | Regularization Loss: 3.905e-20 | Val Loss: 4.688e-02 | Time: 9.25s
2025-08-20 17:43:33,601:INFO:Epoch: 36300/40000 | Train Loss: 8.963e-03 | Dynamic Loss: 8.963e-03 | Regularization Loss: 3.608e-20 | Val Loss: 4.704e-02 | Time: 9.21s
2025-08-20 17:43:42,807:INFO:Epoch: 36350/40000 | Train Loss: 5.210e-03 | Dynamic Loss: 5.210e-03 | Regularization Loss: 3.121e-20 | Val Loss: 4.744e-02 | Time: 9.21s
2025-08-20 17:43:54,054:INFO:Epoch: 36400/40000 | Train Loss: 1.189e-02 | Dynamic Loss: 1.189e-02 | Regularization Loss: 2.873e-20 | Val Loss: 5.142e-02 | Time: 11.25s
2025-08-20 17:44:03,288:INFO:Epoch: 36450/40000 | Train Loss: 6.223e-03 | Dynamic Loss: 6.223e-03 | Regularization Loss: 2.741e-20 | Val Loss: 4.900e-02 | Time: 9.23s
2025-08-20 17:44:12,508:INFO:Epoch: 36500/40000 | Train Loss: 1.881e-02 | Dynamic Loss: 1.881e-02 | Regularization Loss: 2.514e-20 | Val Loss: 6.493e-02 | Time: 9.22s
2025-08-20 17:44:24,350:INFO:Epoch: 36550/40000 | Train Loss: 8.995e-03 | Dynamic Loss: 8.995e-03 | Regularization Loss: 2.214e-20 | Val Loss: 5.093e-02 | Time: 11.84s
2025-08-20 17:44:33,579:INFO:Epoch: 36600/40000 | Train Loss: 6.419e-03 | Dynamic Loss: 6.419e-03 | Regularization Loss: 2.051e-20 | Val Loss: 4.846e-02 | Time: 9.23s
2025-08-20 17:44:42,807:INFO:Epoch: 36650/40000 | Train Loss: 5.413e-03 | Dynamic Loss: 5.413e-03 | Regularization Loss: 1.939e-20 | Val Loss: 4.701e-02 | Time: 9.23s
2025-08-20 17:44:52,107:INFO:Epoch: 36700/40000 | Train Loss: 5.748e-03 | Dynamic Loss: 5.748e-03 | Regularization Loss: 1.807e-20 | Val Loss: 4.946e-02 | Time: 9.30s
2025-08-20 17:45:01,331:INFO:Epoch: 36750/40000 | Train Loss: 5.507e-03 | Dynamic Loss: 5.507e-03 | Regularization Loss: 1.584e-20 | Val Loss: 4.880e-02 | Time: 9.22s
2025-08-20 17:45:10,575:INFO:Epoch: 36800/40000 | Train Loss: 7.563e-03 | Dynamic Loss: 7.563e-03 | Regularization Loss: 1.459e-20 | Val Loss: 4.905e-02 | Time: 9.24s
2025-08-20 17:45:19,741:INFO:Epoch: 36850/40000 | Train Loss: 5.801e-03 | Dynamic Loss: 5.801e-03 | Regularization Loss: 1.367e-20 | Val Loss: 4.623e-02 | Time: 9.17s
2025-08-20 17:45:32,484:INFO:Epoch: 36900/40000 | Train Loss: 7.851e-03 | Dynamic Loss: 7.851e-03 | Regularization Loss: 1.277e-20 | Val Loss: 4.801e-02 | Time: 12.74s
2025-08-20 17:45:41,663:INFO:Epoch: 36950/40000 | Train Loss: 7.527e-03 | Dynamic Loss: 7.527e-03 | Regularization Loss: 1.220e-20 | Val Loss: 5.061e-02 | Time: 9.18s
2025-08-20 17:45:50,826:INFO:Epoch: 37000/40000 | Train Loss: 6.385e-03 | Dynamic Loss: 6.385e-03 | Regularization Loss: 1.103e-20 | Val Loss: 4.689e-02 | Time: 9.16s
2025-08-20 17:46:06,089:INFO:Epoch: 37050/40000 | Train Loss: 4.810e-03 | Dynamic Loss: 4.810e-03 | Regularization Loss: 1.060e-20 | Val Loss: 4.741e-02 | Time: 15.26s
2025-08-20 17:46:15,244:INFO:Epoch: 37100/40000 | Train Loss: 7.601e-03 | Dynamic Loss: 7.601e-03 | Regularization Loss: 9.842e-21 | Val Loss: 4.678e-02 | Time: 9.15s
2025-08-20 17:46:24,444:INFO:Epoch: 37150/40000 | Train Loss: 4.904e-03 | Dynamic Loss: 4.904e-03 | Regularization Loss: 8.844e-21 | Val Loss: 4.688e-02 | Time: 9.20s
2025-08-20 17:46:34,546:INFO:Epoch: 37200/40000 | Train Loss: 7.171e-03 | Dynamic Loss: 7.171e-03 | Regularization Loss: 8.314e-21 | Val Loss: 4.752e-02 | Time: 10.10s
2025-08-20 17:46:43,758:INFO:Epoch: 37250/40000 | Train Loss: 5.667e-03 | Dynamic Loss: 5.667e-03 | Regularization Loss: 7.751e-21 | Val Loss: 5.016e-02 | Time: 9.21s
2025-08-20 17:46:52,941:INFO:Epoch: 37300/40000 | Train Loss: 5.750e-03 | Dynamic Loss: 5.750e-03 | Regularization Loss: 7.401e-21 | Val Loss: 4.929e-02 | Time: 9.18s
2025-08-20 17:47:02,212:INFO:Epoch: 37350/40000 | Train Loss: 5.763e-03 | Dynamic Loss: 5.763e-03 | Regularization Loss: 6.864e-21 | Val Loss: 4.685e-02 | Time: 9.27s
2025-08-20 17:47:11,393:INFO:Epoch: 37400/40000 | Train Loss: 9.814e-03 | Dynamic Loss: 9.814e-03 | Regularization Loss: 6.798e-21 | Val Loss: 4.983e-02 | Time: 9.18s
2025-08-20 17:47:20,603:INFO:Epoch: 37450/40000 | Train Loss: 5.787e-03 | Dynamic Loss: 5.787e-03 | Regularization Loss: 6.135e-21 | Val Loss: 4.703e-02 | Time: 9.21s
2025-08-20 17:47:29,762:INFO:Epoch: 37500/40000 | Train Loss: 6.602e-03 | Dynamic Loss: 6.602e-03 | Regularization Loss: 5.861e-21 | Val Loss: 4.782e-02 | Time: 9.16s
2025-08-20 17:47:42,896:INFO:Epoch: 37550/40000 | Train Loss: 5.178e-03 | Dynamic Loss: 5.178e-03 | Regularization Loss: 5.554e-21 | Val Loss: 4.858e-02 | Time: 13.13s
2025-08-20 17:47:51,985:INFO:Epoch: 37600/40000 | Train Loss: 7.494e-03 | Dynamic Loss: 7.494e-03 | Regularization Loss: 5.233e-21 | Val Loss: 4.735e-02 | Time: 9.09s
2025-08-20 17:48:01,164:INFO:Epoch: 37650/40000 | Train Loss: 9.541e-03 | Dynamic Loss: 9.541e-03 | Regularization Loss: 4.781e-21 | Val Loss: 4.855e-02 | Time: 9.18s
2025-08-20 17:48:10,485:INFO:Epoch: 37700/40000 | Train Loss: 7.103e-03 | Dynamic Loss: 7.103e-03 | Regularization Loss: 4.584e-21 | Val Loss: 5.070e-02 | Time: 9.32s
2025-08-20 17:48:19,700:INFO:Epoch: 37750/40000 | Train Loss: 5.598e-03 | Dynamic Loss: 5.598e-03 | Regularization Loss: 4.240e-21 | Val Loss: 4.909e-02 | Time: 9.22s
2025-08-20 17:48:29,002:INFO:Epoch: 37800/40000 | Train Loss: 5.423e-03 | Dynamic Loss: 5.423e-03 | Regularization Loss: 3.871e-21 | Val Loss: 4.822e-02 | Time: 9.30s
2025-08-20 17:48:38,316:INFO:Epoch: 37850/40000 | Train Loss: 6.565e-03 | Dynamic Loss: 6.565e-03 | Regularization Loss: 3.728e-21 | Val Loss: 4.943e-02 | Time: 9.31s
2025-08-20 17:48:47,535:INFO:Epoch: 37900/40000 | Train Loss: 1.030e-02 | Dynamic Loss: 1.030e-02 | Regularization Loss: 3.695e-21 | Val Loss: 5.003e-02 | Time: 9.22s
2025-08-20 17:48:56,711:INFO:Epoch: 37950/40000 | Train Loss: 5.136e-03 | Dynamic Loss: 5.136e-03 | Regularization Loss: 3.243e-21 | Val Loss: 4.891e-02 | Time: 9.18s
2025-08-20 17:49:05,992:INFO:Epoch: 38000/40000 | Train Loss: 7.443e-03 | Dynamic Loss: 7.443e-03 | Regularization Loss: 3.109e-21 | Val Loss: 5.153e-02 | Time: 9.28s
2025-08-20 17:49:15,216:INFO:Epoch: 38050/40000 | Train Loss: 5.554e-03 | Dynamic Loss: 5.554e-03 | Regularization Loss: 2.930e-21 | Val Loss: 4.810e-02 | Time: 9.22s
2025-08-20 17:49:24,500:INFO:Epoch: 38100/40000 | Train Loss: 5.609e-03 | Dynamic Loss: 5.609e-03 | Regularization Loss: 2.774e-21 | Val Loss: 4.733e-02 | Time: 9.28s
2025-08-20 17:49:33,692:INFO:Epoch: 38150/40000 | Train Loss: 6.179e-03 | Dynamic Loss: 6.179e-03 | Regularization Loss: 2.603e-21 | Val Loss: 4.950e-02 | Time: 9.19s
2025-08-20 17:49:46,776:INFO:Epoch: 38200/40000 | Train Loss: 1.008e-02 | Dynamic Loss: 1.008e-02 | Regularization Loss: 2.478e-21 | Val Loss: 4.928e-02 | Time: 13.08s
2025-08-20 17:49:55,956:INFO:Epoch: 38250/40000 | Train Loss: 4.080e-03 | Dynamic Loss: 4.080e-03 | Regularization Loss: 2.335e-21 | Val Loss: 4.731e-02 | Time: 9.18s
2025-08-20 17:50:05,160:INFO:Epoch: 38300/40000 | Train Loss: 9.939e-03 | Dynamic Loss: 9.939e-03 | Regularization Loss: 2.129e-21 | Val Loss: 5.383e-02 | Time: 9.20s
2025-08-20 17:50:22,209:INFO:Epoch: 38350/40000 | Train Loss: 4.287e-03 | Dynamic Loss: 4.287e-03 | Regularization Loss: 1.998e-21 | Val Loss: 4.795e-02 | Time: 17.05s
2025-08-20 17:50:31,610:INFO:Epoch: 38400/40000 | Train Loss: 5.625e-03 | Dynamic Loss: 5.625e-03 | Regularization Loss: 1.864e-21 | Val Loss: 4.861e-02 | Time: 9.40s
2025-08-20 17:50:40,896:INFO:Epoch: 38450/40000 | Train Loss: 6.420e-03 | Dynamic Loss: 6.420e-03 | Regularization Loss: 1.742e-21 | Val Loss: 4.872e-02 | Time: 9.29s
2025-08-20 17:50:52,648:INFO:Epoch: 38500/40000 | Train Loss: 5.596e-03 | Dynamic Loss: 5.596e-03 | Regularization Loss: 1.627e-21 | Val Loss: 5.308e-02 | Time: 11.75s
2025-08-20 17:51:01,861:INFO:Epoch: 38550/40000 | Train Loss: 4.698e-03 | Dynamic Loss: 4.698e-03 | Regularization Loss: 1.613e-21 | Val Loss: 4.746e-02 | Time: 9.21s
2025-08-20 17:51:11,037:INFO:Epoch: 38600/40000 | Train Loss: 5.796e-03 | Dynamic Loss: 5.796e-03 | Regularization Loss: 1.429e-21 | Val Loss: 4.919e-02 | Time: 9.18s
2025-08-20 17:51:20,391:INFO:Epoch: 38650/40000 | Train Loss: 6.194e-03 | Dynamic Loss: 6.194e-03 | Regularization Loss: 1.476e-21 | Val Loss: 4.985e-02 | Time: 9.35s
2025-08-20 17:51:29,627:INFO:Epoch: 38700/40000 | Train Loss: 5.448e-03 | Dynamic Loss: 5.448e-03 | Regularization Loss: 1.295e-21 | Val Loss: 4.933e-02 | Time: 9.24s
2025-08-20 17:51:38,851:INFO:Epoch: 38750/40000 | Train Loss: 7.206e-03 | Dynamic Loss: 7.206e-03 | Regularization Loss: 1.235e-21 | Val Loss: 5.145e-02 | Time: 9.22s
2025-08-20 17:51:48,194:INFO:Epoch: 38800/40000 | Train Loss: 1.024e-02 | Dynamic Loss: 1.024e-02 | Regularization Loss: 1.173e-21 | Val Loss: 4.956e-02 | Time: 9.34s
2025-08-20 17:51:57,387:INFO:Epoch: 38850/40000 | Train Loss: 6.092e-03 | Dynamic Loss: 6.092e-03 | Regularization Loss: 1.084e-21 | Val Loss: 4.961e-02 | Time: 9.19s
2025-08-20 17:52:06,614:INFO:Epoch: 38900/40000 | Train Loss: 8.819e-03 | Dynamic Loss: 8.819e-03 | Regularization Loss: 9.695e-22 | Val Loss: 5.076e-02 | Time: 9.23s
2025-08-20 17:52:15,914:INFO:Epoch: 38950/40000 | Train Loss: 4.944e-03 | Dynamic Loss: 4.944e-03 | Regularization Loss: 9.250e-22 | Val Loss: 4.945e-02 | Time: 9.30s
2025-08-20 17:52:30,421:INFO:Epoch: 39000/40000 | Train Loss: 5.146e-03 | Dynamic Loss: 5.146e-03 | Regularization Loss: 9.057e-22 | Val Loss: 4.977e-02 | Time: 14.51s
2025-08-20 17:52:39,745:INFO:Epoch: 39050/40000 | Train Loss: 6.923e-03 | Dynamic Loss: 6.923e-03 | Regularization Loss: 8.426e-22 | Val Loss: 5.132e-02 | Time: 9.32s
2025-08-20 17:52:48,982:INFO:Epoch: 39100/40000 | Train Loss: 5.948e-03 | Dynamic Loss: 5.948e-03 | Regularization Loss: 7.874e-22 | Val Loss: 4.985e-02 | Time: 9.24s
2025-08-20 17:52:59,962:INFO:Epoch: 39150/40000 | Train Loss: 4.236e-03 | Dynamic Loss: 4.236e-03 | Regularization Loss: 7.688e-22 | Val Loss: 4.861e-02 | Time: 10.98s
2025-08-20 17:53:09,175:INFO:Epoch: 39200/40000 | Train Loss: 5.965e-03 | Dynamic Loss: 5.965e-03 | Regularization Loss: 7.070e-22 | Val Loss: 4.928e-02 | Time: 9.21s
2025-08-20 17:53:18,325:INFO:Epoch: 39250/40000 | Train Loss: 9.474e-03 | Dynamic Loss: 9.474e-03 | Regularization Loss: 6.873e-22 | Val Loss: 5.206e-02 | Time: 9.15s
2025-08-20 17:53:31,759:INFO:Epoch: 39300/40000 | Train Loss: 4.434e-03 | Dynamic Loss: 4.434e-03 | Regularization Loss: 6.181e-22 | Val Loss: 4.893e-02 | Time: 13.43s
2025-08-20 17:53:40,971:INFO:Epoch: 39350/40000 | Train Loss: 6.824e-03 | Dynamic Loss: 6.824e-03 | Regularization Loss: 5.836e-22 | Val Loss: 4.892e-02 | Time: 9.21s
2025-08-20 17:53:50,138:INFO:Epoch: 39400/40000 | Train Loss: 5.304e-03 | Dynamic Loss: 5.304e-03 | Regularization Loss: 5.556e-22 | Val Loss: 5.002e-02 | Time: 9.17s
2025-08-20 17:53:59,515:INFO:Epoch: 39450/40000 | Train Loss: 5.656e-03 | Dynamic Loss: 5.656e-03 | Regularization Loss: 5.165e-22 | Val Loss: 5.083e-02 | Time: 9.38s
2025-08-20 17:54:09,147:INFO:Epoch: 39500/40000 | Train Loss: 5.881e-03 | Dynamic Loss: 5.881e-03 | Regularization Loss: 4.863e-22 | Val Loss: 5.134e-02 | Time: 9.63s
2025-08-20 17:54:18,388:INFO:Epoch: 39550/40000 | Train Loss: 4.127e-03 | Dynamic Loss: 4.127e-03 | Regularization Loss: 4.617e-22 | Val Loss: 4.962e-02 | Time: 9.24s
2025-08-20 17:54:27,800:INFO:Epoch: 39600/40000 | Train Loss: 8.384e-03 | Dynamic Loss: 8.384e-03 | Regularization Loss: 4.401e-22 | Val Loss: 5.251e-02 | Time: 9.41s
2025-08-20 17:54:37,999:INFO:Epoch: 39650/40000 | Train Loss: 5.882e-03 | Dynamic Loss: 5.882e-03 | Regularization Loss: 4.373e-22 | Val Loss: 5.127e-02 | Time: 10.20s
2025-08-20 17:54:47,211:INFO:Epoch: 39700/40000 | Train Loss: 4.972e-03 | Dynamic Loss: 4.972e-03 | Regularization Loss: 3.953e-22 | Val Loss: 5.198e-02 | Time: 9.21s
2025-08-20 17:54:56,357:INFO:Epoch: 39750/40000 | Train Loss: 5.273e-03 | Dynamic Loss: 5.273e-03 | Regularization Loss: 3.809e-22 | Val Loss: 4.961e-02 | Time: 9.15s
2025-08-20 17:55:13,850:INFO:Epoch: 39800/40000 | Train Loss: 8.069e-03 | Dynamic Loss: 8.069e-03 | Regularization Loss: 3.509e-22 | Val Loss: 5.135e-02 | Time: 17.49s
2025-08-20 17:55:23,138:INFO:Epoch: 39850/40000 | Train Loss: 4.770e-03 | Dynamic Loss: 4.770e-03 | Regularization Loss: 3.264e-22 | Val Loss: 4.989e-02 | Time: 9.29s
2025-08-20 17:55:32,382:INFO:Epoch: 39900/40000 | Train Loss: 4.928e-03 | Dynamic Loss: 4.928e-03 | Regularization Loss: 3.126e-22 | Val Loss: 5.032e-02 | Time: 9.24s
2025-08-20 17:55:41,711:INFO:Epoch: 39950/40000 | Train Loss: 4.417e-03 | Dynamic Loss: 4.417e-03 | Regularization Loss: 2.887e-22 | Val Loss: 4.926e-02 | Time: 9.33s
2025-08-20 17:55:51,059:INFO:Epoch: 40000/40000 | Train Loss: 4.638e-03 | Dynamic Loss: 4.638e-03 | Regularization Loss: 2.728e-22 | Val Loss: 4.991e-02 | Time: 9.35s
