2025-08-21 02:07:57,253:INFO:Created DataLoaders with 1194 training samples and 398 validation samples.
2025-08-21 02:07:57,820:INFO:model params: 2512001
2025-08-21 02:07:57,820:INFO:removing projection layer after initialization
2025-08-21 02:07:58,767:INFO:Epoch: 0/40000 | Train Loss: 2.898e+00 | Dynamic Loss: 2.898e+00 | Regularization Loss: 0.000e+00 | Val Loss: 2.723e+00 | Time: 0.81s
2025-08-21 02:07:58,767:INFO:New best model found at epoch 0 with validation loss 2.723e+00. Saving...
2025-08-21 02:08:03,336:INFO:Epoch: 50/40000 | Train Loss: 1.881e+00 | Dynamic Loss: 1.881e+00 | Regularization Loss: 0.000e+00 | Val Loss: 1.926e+00 | Time: 4.41s
2025-08-21 02:08:03,336:INFO:New best model found at epoch 50 with validation loss 1.926e+00. Saving...
2025-08-21 02:08:08,021:INFO:Epoch: 100/40000 | Train Loss: 1.822e+00 | Dynamic Loss: 1.822e+00 | Regularization Loss: 0.000e+00 | Val Loss: 1.822e+00 | Time: 4.56s
2025-08-21 02:08:08,021:INFO:New best model found at epoch 100 with validation loss 1.822e+00. Saving...
2025-08-21 02:08:12,805:INFO:Epoch: 150/40000 | Train Loss: 1.779e+00 | Dynamic Loss: 1.779e+00 | Regularization Loss: 0.000e+00 | Val Loss: 1.775e+00 | Time: 4.66s
2025-08-21 02:08:12,805:INFO:New best model found at epoch 150 with validation loss 1.775e+00. Saving...
2025-08-21 02:08:17,472:INFO:Epoch: 200/40000 | Train Loss: 1.708e+00 | Dynamic Loss: 1.708e+00 | Regularization Loss: 0.000e+00 | Val Loss: 1.729e+00 | Time: 4.54s
2025-08-21 02:08:17,472:INFO:New best model found at epoch 200 with validation loss 1.729e+00. Saving...
2025-08-21 02:08:22,177:INFO:Epoch: 250/40000 | Train Loss: 1.660e+00 | Dynamic Loss: 1.660e+00 | Regularization Loss: 0.000e+00 | Val Loss: 1.722e+00 | Time: 4.58s
2025-08-21 02:08:22,177:INFO:New best model found at epoch 250 with validation loss 1.722e+00. Saving...
2025-08-21 02:08:26,902:INFO:Epoch: 300/40000 | Train Loss: 1.644e+00 | Dynamic Loss: 1.644e+00 | Regularization Loss: 0.000e+00 | Val Loss: 1.700e+00 | Time: 4.59s
2025-08-21 02:08:26,902:INFO:New best model found at epoch 300 with validation loss 1.700e+00. Saving...
2025-08-21 02:08:31,685:INFO:Epoch: 350/40000 | Train Loss: 1.643e+00 | Dynamic Loss: 1.643e+00 | Regularization Loss: 0.000e+00 | Val Loss: 1.692e+00 | Time: 4.65s
2025-08-21 02:08:31,685:INFO:New best model found at epoch 350 with validation loss 1.692e+00. Saving...
2025-08-21 02:08:36,421:INFO:Epoch: 400/40000 | Train Loss: 1.623e+00 | Dynamic Loss: 1.623e+00 | Regularization Loss: 0.000e+00 | Val Loss: 1.674e+00 | Time: 4.59s
2025-08-21 02:08:36,422:INFO:New best model found at epoch 400 with validation loss 1.674e+00. Saving...
2025-08-21 02:08:41,083:INFO:Epoch: 450/40000 | Train Loss: 1.609e+00 | Dynamic Loss: 1.609e+00 | Regularization Loss: 0.000e+00 | Val Loss: 1.658e+00 | Time: 4.54s
2025-08-21 02:08:41,083:INFO:New best model found at epoch 450 with validation loss 1.658e+00. Saving...
2025-08-21 02:08:45,790:INFO:Epoch: 500/40000 | Train Loss: 1.601e+00 | Dynamic Loss: 1.601e+00 | Regularization Loss: 0.000e+00 | Val Loss: 1.657e+00 | Time: 4.58s
2025-08-21 02:08:45,790:INFO:New best model found at epoch 500 with validation loss 1.657e+00. Saving...
2025-08-21 02:08:50,670:INFO:Epoch: 550/40000 | Train Loss: 1.586e+00 | Dynamic Loss: 1.586e+00 | Regularization Loss: 0.000e+00 | Val Loss: 1.641e+00 | Time: 4.64s
2025-08-21 02:08:50,670:INFO:New best model found at epoch 550 with validation loss 1.641e+00. Saving...
2025-08-21 02:08:55,361:INFO:Epoch: 600/40000 | Train Loss: 1.573e+00 | Dynamic Loss: 1.573e+00 | Regularization Loss: 0.000e+00 | Val Loss: 1.630e+00 | Time: 4.57s
2025-08-21 02:08:55,361:INFO:New best model found at epoch 600 with validation loss 1.630e+00. Saving...
2025-08-21 02:09:00,225:INFO:Epoch: 650/40000 | Train Loss: 1.564e+00 | Dynamic Loss: 1.564e+00 | Regularization Loss: 0.000e+00 | Val Loss: 1.624e+00 | Time: 4.73s
2025-08-21 02:09:00,225:INFO:New best model found at epoch 650 with validation loss 1.624e+00. Saving...
2025-08-21 02:09:05,064:INFO:Epoch: 700/40000 | Train Loss: 1.552e+00 | Dynamic Loss: 1.552e+00 | Regularization Loss: 0.000e+00 | Val Loss: 1.623e+00 | Time: 4.71s
2025-08-21 02:09:05,064:INFO:New best model found at epoch 700 with validation loss 1.623e+00. Saving...
2025-08-21 02:09:09,796:INFO:Epoch: 750/40000 | Train Loss: 1.538e+00 | Dynamic Loss: 1.538e+00 | Regularization Loss: 0.000e+00 | Val Loss: 1.605e+00 | Time: 4.60s
2025-08-21 02:09:09,796:INFO:New best model found at epoch 750 with validation loss 1.605e+00. Saving...
2025-08-21 02:09:15,517:INFO:Epoch: 800/40000 | Train Loss: 1.522e+00 | Dynamic Loss: 1.522e+00 | Regularization Loss: 0.000e+00 | Val Loss: 1.589e+00 | Time: 5.59s
2025-08-21 02:09:15,517:INFO:New best model found at epoch 800 with validation loss 1.589e+00. Saving...
2025-08-21 02:09:20,330:INFO:Epoch: 850/40000 | Train Loss: 1.507e+00 | Dynamic Loss: 1.507e+00 | Regularization Loss: 0.000e+00 | Val Loss: 1.574e+00 | Time: 4.67s
2025-08-21 02:09:20,330:INFO:New best model found at epoch 850 with validation loss 1.574e+00. Saving...
2025-08-21 02:09:25,098:INFO:Epoch: 900/40000 | Train Loss: 1.503e+00 | Dynamic Loss: 1.503e+00 | Regularization Loss: 0.000e+00 | Val Loss: 1.570e+00 | Time: 4.64s
2025-08-21 02:09:25,098:INFO:New best model found at epoch 900 with validation loss 1.570e+00. Saving...
2025-08-21 02:09:29,760:INFO:Epoch: 950/40000 | Train Loss: 1.483e+00 | Dynamic Loss: 1.483e+00 | Regularization Loss: 0.000e+00 | Val Loss: 1.547e+00 | Time: 4.54s
2025-08-21 02:09:29,760:INFO:New best model found at epoch 950 with validation loss 1.547e+00. Saving...
2025-08-21 02:09:34,690:INFO:Epoch: 1000/40000 | Train Loss: 1.493e+00 | Dynamic Loss: 1.493e+00 | Regularization Loss: 0.000e+00 | Val Loss: 1.564e+00 | Time: 4.81s
2025-08-21 02:09:39,550:INFO:Epoch: 1050/40000 | Train Loss: 1.451e+00 | Dynamic Loss: 1.451e+00 | Regularization Loss: 0.000e+00 | Val Loss: 1.519e+00 | Time: 4.76s
2025-08-21 02:09:39,550:INFO:New best model found at epoch 1050 with validation loss 1.519e+00. Saving...
2025-08-21 02:09:44,349:INFO:Epoch: 1100/40000 | Train Loss: 1.436e+00 | Dynamic Loss: 1.436e+00 | Regularization Loss: 0.000e+00 | Val Loss: 1.508e+00 | Time: 4.68s
2025-08-21 02:09:44,349:INFO:New best model found at epoch 1100 with validation loss 1.508e+00. Saving...
2025-08-21 02:09:49,178:INFO:Epoch: 1150/40000 | Train Loss: 1.660e+00 | Dynamic Loss: 1.660e+00 | Regularization Loss: 0.000e+00 | Val Loss: 1.506e+00 | Time: 4.69s
2025-08-21 02:09:49,178:INFO:New best model found at epoch 1150 with validation loss 1.506e+00. Saving...
2025-08-21 02:09:54,068:INFO:Epoch: 1200/40000 | Train Loss: 1.398e+00 | Dynamic Loss: 1.398e+00 | Regularization Loss: 0.000e+00 | Val Loss: 1.469e+00 | Time: 4.76s
2025-08-21 02:09:54,068:INFO:New best model found at epoch 1200 with validation loss 1.469e+00. Saving...
2025-08-21 02:09:58,954:INFO:Epoch: 1250/40000 | Train Loss: 1.399e+00 | Dynamic Loss: 1.399e+00 | Regularization Loss: 0.000e+00 | Val Loss: 1.484e+00 | Time: 4.76s
2025-08-21 02:10:03,690:INFO:Epoch: 1300/40000 | Train Loss: 1.356e+00 | Dynamic Loss: 1.356e+00 | Regularization Loss: 0.000e+00 | Val Loss: 1.430e+00 | Time: 4.63s
2025-08-21 02:10:03,690:INFO:New best model found at epoch 1300 with validation loss 1.430e+00. Saving...
2025-08-21 02:10:08,562:INFO:Epoch: 1350/40000 | Train Loss: 1.416e+00 | Dynamic Loss: 1.416e+00 | Regularization Loss: 0.000e+00 | Val Loss: 1.487e+00 | Time: 4.75s
2025-08-21 02:10:13,358:INFO:Epoch: 1400/40000 | Train Loss: 1.320e+00 | Dynamic Loss: 1.320e+00 | Regularization Loss: 0.000e+00 | Val Loss: 1.397e+00 | Time: 4.69s
2025-08-21 02:10:13,358:INFO:New best model found at epoch 1400 with validation loss 1.397e+00. Saving...
2025-08-21 02:10:18,571:INFO:Epoch: 1450/40000 | Train Loss: 1.281e+00 | Dynamic Loss: 1.281e+00 | Regularization Loss: 0.000e+00 | Val Loss: 1.355e+00 | Time: 5.08s
2025-08-21 02:10:18,571:INFO:New best model found at epoch 1450 with validation loss 1.355e+00. Saving...
2025-08-21 02:10:23,395:INFO:Epoch: 1500/40000 | Train Loss: 1.267e+00 | Dynamic Loss: 1.267e+00 | Regularization Loss: 0.000e+00 | Val Loss: 1.341e+00 | Time: 4.70s
2025-08-21 02:10:23,395:INFO:New best model found at epoch 1500 with validation loss 1.341e+00. Saving...
2025-08-21 02:10:28,234:INFO:Epoch: 1550/40000 | Train Loss: 1.348e+00 | Dynamic Loss: 1.348e+00 | Regularization Loss: 0.000e+00 | Val Loss: 1.412e+00 | Time: 4.71s
2025-08-21 02:10:33,195:INFO:Epoch: 1600/40000 | Train Loss: 1.228e+00 | Dynamic Loss: 1.228e+00 | Regularization Loss: 0.000e+00 | Val Loss: 1.308e+00 | Time: 4.69s
2025-08-21 02:10:33,195:INFO:New best model found at epoch 1600 with validation loss 1.308e+00. Saving...
2025-08-21 02:10:38,020:INFO:Epoch: 1650/40000 | Train Loss: 1.185e+00 | Dynamic Loss: 1.185e+00 | Regularization Loss: 0.000e+00 | Val Loss: 1.262e+00 | Time: 4.69s
2025-08-21 02:10:38,020:INFO:New best model found at epoch 1650 with validation loss 1.262e+00. Saving...
2025-08-21 02:10:42,731:INFO:Epoch: 1700/40000 | Train Loss: 1.166e+00 | Dynamic Loss: 1.166e+00 | Regularization Loss: 0.000e+00 | Val Loss: 1.242e+00 | Time: 4.58s
2025-08-21 02:10:42,731:INFO:New best model found at epoch 1700 with validation loss 1.242e+00. Saving...
2025-08-21 02:10:47,404:INFO:Epoch: 1750/40000 | Train Loss: 1.138e+00 | Dynamic Loss: 1.138e+00 | Regularization Loss: 0.000e+00 | Val Loss: 1.219e+00 | Time: 4.55s
2025-08-21 02:10:47,404:INFO:New best model found at epoch 1750 with validation loss 1.219e+00. Saving...
2025-08-21 02:10:52,110:INFO:Epoch: 1800/40000 | Train Loss: 1.105e+00 | Dynamic Loss: 1.105e+00 | Regularization Loss: 0.000e+00 | Val Loss: 1.206e+00 | Time: 4.57s
2025-08-21 02:10:52,110:INFO:New best model found at epoch 1800 with validation loss 1.206e+00. Saving...
2025-08-21 02:11:04,834:INFO:Epoch: 1850/40000 | Train Loss: 1.098e+00 | Dynamic Loss: 1.098e+00 | Regularization Loss: 0.000e+00 | Val Loss: 1.190e+00 | Time: 12.60s
2025-08-21 02:11:04,834:INFO:New best model found at epoch 1850 with validation loss 1.190e+00. Saving...
2025-08-21 02:11:09,660:INFO:Epoch: 1900/40000 | Train Loss: 1.114e+00 | Dynamic Loss: 1.114e+00 | Regularization Loss: 0.000e+00 | Val Loss: 1.221e+00 | Time: 4.69s
2025-08-21 02:11:14,427:INFO:Epoch: 1950/40000 | Train Loss: 1.038e+00 | Dynamic Loss: 1.038e+00 | Regularization Loss: 0.000e+00 | Val Loss: 1.134e+00 | Time: 4.65s
2025-08-21 02:11:14,427:INFO:New best model found at epoch 1950 with validation loss 1.134e+00. Saving...
2025-08-21 02:11:19,145:INFO:Epoch: 2000/40000 | Train Loss: 1.024e+00 | Dynamic Loss: 1.024e+00 | Regularization Loss: 0.000e+00 | Val Loss: 1.127e+00 | Time: 4.58s
2025-08-21 02:11:19,145:INFO:New best model found at epoch 2000 with validation loss 1.127e+00. Saving...
2025-08-21 02:11:31,279:INFO:Epoch: 2050/40000 | Train Loss: 1.144e+00 | Dynamic Loss: 1.144e+00 | Regularization Loss: 0.000e+00 | Val Loss: 1.242e+00 | Time: 12.01s
2025-08-21 02:11:36,050:INFO:Epoch: 2100/40000 | Train Loss: 1.008e+00 | Dynamic Loss: 1.008e+00 | Regularization Loss: 0.000e+00 | Val Loss: 1.105e+00 | Time: 4.67s
2025-08-21 02:11:36,050:INFO:New best model found at epoch 2100 with validation loss 1.105e+00. Saving...
2025-08-21 02:11:40,944:INFO:Epoch: 2150/40000 | Train Loss: 9.655e-01 | Dynamic Loss: 9.655e-01 | Regularization Loss: 0.000e+00 | Val Loss: 1.071e+00 | Time: 4.78s
2025-08-21 02:11:40,944:INFO:New best model found at epoch 2150 with validation loss 1.071e+00. Saving...
2025-08-21 02:11:45,663:INFO:Epoch: 2200/40000 | Train Loss: 9.738e-01 | Dynamic Loss: 9.738e-01 | Regularization Loss: 0.000e+00 | Val Loss: 1.085e+00 | Time: 4.60s
2025-08-21 02:11:50,618:INFO:Epoch: 2250/40000 | Train Loss: 9.302e-01 | Dynamic Loss: 9.302e-01 | Regularization Loss: 0.000e+00 | Val Loss: 1.043e+00 | Time: 4.85s
2025-08-21 02:11:50,618:INFO:New best model found at epoch 2250 with validation loss 1.043e+00. Saving...
2025-08-21 02:11:55,398:INFO:Epoch: 2300/40000 | Train Loss: 9.291e-01 | Dynamic Loss: 9.291e-01 | Regularization Loss: 0.000e+00 | Val Loss: 1.036e+00 | Time: 4.66s
2025-08-21 02:11:55,399:INFO:New best model found at epoch 2300 with validation loss 1.036e+00. Saving...
2025-08-21 02:12:00,272:INFO:Epoch: 2350/40000 | Train Loss: 9.563e-01 | Dynamic Loss: 9.563e-01 | Regularization Loss: 0.000e+00 | Val Loss: 1.079e+00 | Time: 4.75s
2025-08-21 02:12:04,981:INFO:Epoch: 2400/40000 | Train Loss: 8.864e-01 | Dynamic Loss: 8.864e-01 | Regularization Loss: 0.000e+00 | Val Loss: 1.003e+00 | Time: 4.61s
2025-08-21 02:12:04,982:INFO:New best model found at epoch 2400 with validation loss 1.003e+00. Saving...
2025-08-21 02:12:09,914:INFO:Epoch: 2450/40000 | Train Loss: 8.819e-01 | Dynamic Loss: 8.819e-01 | Regularization Loss: 0.000e+00 | Val Loss: 1.003e+00 | Time: 4.81s
2025-08-21 02:12:09,914:INFO:New best model found at epoch 2450 with validation loss 1.003e+00. Saving...
2025-08-21 02:12:14,785:INFO:Epoch: 2500/40000 | Train Loss: 9.070e-01 | Dynamic Loss: 9.070e-01 | Regularization Loss: 0.000e+00 | Val Loss: 1.026e+00 | Time: 4.75s
2025-08-21 02:12:19,562:INFO:Epoch: 2550/40000 | Train Loss: 1.602e+00 | Dynamic Loss: 1.602e+00 | Regularization Loss: 0.000e+00 | Val Loss: 2.274e+00 | Time: 4.68s
2025-08-21 02:12:24,344:INFO:Epoch: 2600/40000 | Train Loss: 8.722e-01 | Dynamic Loss: 8.722e-01 | Regularization Loss: 0.000e+00 | Val Loss: 9.916e-01 | Time: 4.68s
2025-08-21 02:12:24,345:INFO:New best model found at epoch 2600 with validation loss 9.916e-01. Saving...
2025-08-21 02:12:29,297:INFO:Epoch: 2650/40000 | Train Loss: 8.321e-01 | Dynamic Loss: 8.321e-01 | Regularization Loss: 0.000e+00 | Val Loss: 9.565e-01 | Time: 4.83s
2025-08-21 02:12:29,297:INFO:New best model found at epoch 2650 with validation loss 9.565e-01. Saving...
2025-08-21 02:12:34,263:INFO:Epoch: 2700/40000 | Train Loss: 8.249e-01 | Dynamic Loss: 8.249e-01 | Regularization Loss: 0.000e+00 | Val Loss: 9.433e-01 | Time: 4.84s
2025-08-21 02:12:34,263:INFO:New best model found at epoch 2700 with validation loss 9.433e-01. Saving...
2025-08-21 02:12:39,164:INFO:Epoch: 2750/40000 | Train Loss: 8.771e-01 | Dynamic Loss: 8.771e-01 | Regularization Loss: 0.000e+00 | Val Loss: 9.798e-01 | Time: 4.78s
2025-08-21 02:12:44,046:INFO:Epoch: 2800/40000 | Train Loss: 7.915e-01 | Dynamic Loss: 7.915e-01 | Regularization Loss: 0.000e+00 | Val Loss: 9.157e-01 | Time: 4.78s
2025-08-21 02:12:44,046:INFO:New best model found at epoch 2800 with validation loss 9.157e-01. Saving...
2025-08-21 02:12:48,871:INFO:Epoch: 2850/40000 | Train Loss: 7.950e-01 | Dynamic Loss: 7.950e-01 | Regularization Loss: 0.000e+00 | Val Loss: 9.116e-01 | Time: 4.71s
2025-08-21 02:12:48,872:INFO:New best model found at epoch 2850 with validation loss 9.116e-01. Saving...
2025-08-21 02:12:53,810:INFO:Epoch: 2900/40000 | Train Loss: 8.226e-01 | Dynamic Loss: 8.226e-01 | Regularization Loss: 0.000e+00 | Val Loss: 9.434e-01 | Time: 4.81s
2025-08-21 02:12:58,603:INFO:Epoch: 2950/40000 | Train Loss: 7.620e-01 | Dynamic Loss: 7.620e-01 | Regularization Loss: 0.000e+00 | Val Loss: 8.867e-01 | Time: 4.69s
2025-08-21 02:12:58,603:INFO:New best model found at epoch 2950 with validation loss 8.867e-01. Saving...
2025-08-21 02:13:03,346:INFO:Epoch: 3000/40000 | Train Loss: 8.656e-01 | Dynamic Loss: 8.656e-01 | Regularization Loss: 0.000e+00 | Val Loss: 9.949e-01 | Time: 4.62s
2025-08-21 02:13:08,254:INFO:Epoch: 3050/40000 | Train Loss: 7.518e-01 | Dynamic Loss: 7.518e-01 | Regularization Loss: 0.000e+00 | Val Loss: 8.779e-01 | Time: 4.80s
2025-08-21 02:13:08,254:INFO:New best model found at epoch 3050 with validation loss 8.779e-01. Saving...
2025-08-21 02:13:13,111:INFO:Epoch: 3100/40000 | Train Loss: 1.348e+00 | Dynamic Loss: 1.348e+00 | Regularization Loss: 0.000e+00 | Val Loss: 1.035e+00 | Time: 4.73s
2025-08-21 02:13:18,010:INFO:Epoch: 3150/40000 | Train Loss: 7.269e-01 | Dynamic Loss: 7.269e-01 | Regularization Loss: 0.000e+00 | Val Loss: 8.517e-01 | Time: 4.79s
2025-08-21 02:13:18,010:INFO:New best model found at epoch 3150 with validation loss 8.517e-01. Saving...
2025-08-21 02:13:22,795:INFO:Epoch: 3200/40000 | Train Loss: 7.632e-01 | Dynamic Loss: 7.632e-01 | Regularization Loss: 0.000e+00 | Val Loss: 9.173e-01 | Time: 4.66s
2025-08-21 02:13:27,771:INFO:Epoch: 3250/40000 | Train Loss: 7.020e-01 | Dynamic Loss: 7.020e-01 | Regularization Loss: 0.000e+00 | Val Loss: 8.315e-01 | Time: 4.74s
2025-08-21 02:13:27,771:INFO:New best model found at epoch 3250 with validation loss 8.315e-01. Saving...
2025-08-21 02:13:32,626:INFO:Epoch: 3300/40000 | Train Loss: 6.993e-01 | Dynamic Loss: 6.993e-01 | Regularization Loss: 0.000e+00 | Val Loss: 8.281e-01 | Time: 4.72s
2025-08-21 02:13:32,626:INFO:New best model found at epoch 3300 with validation loss 8.281e-01. Saving...
2025-08-21 02:13:37,471:INFO:Epoch: 3350/40000 | Train Loss: 7.276e-01 | Dynamic Loss: 7.276e-01 | Regularization Loss: 0.000e+00 | Val Loss: 8.606e-01 | Time: 4.71s
2025-08-21 02:13:42,322:INFO:Epoch: 3400/40000 | Train Loss: 6.739e-01 | Dynamic Loss: 6.739e-01 | Regularization Loss: 0.000e+00 | Val Loss: 8.033e-01 | Time: 4.74s
2025-08-21 02:13:42,322:INFO:New best model found at epoch 3400 with validation loss 8.033e-01. Saving...
2025-08-21 02:13:47,068:INFO:Epoch: 3450/40000 | Train Loss: 6.801e-01 | Dynamic Loss: 6.801e-01 | Regularization Loss: 0.000e+00 | Val Loss: 8.011e-01 | Time: 4.62s
2025-08-21 02:13:47,068:INFO:New best model found at epoch 3450 with validation loss 8.011e-01. Saving...
2025-08-21 02:13:59,882:INFO:Epoch: 3500/40000 | Train Loss: 7.765e-01 | Dynamic Loss: 7.765e-01 | Regularization Loss: 0.000e+00 | Val Loss: 8.917e-01 | Time: 12.68s
2025-08-21 02:14:04,796:INFO:Epoch: 3550/40000 | Train Loss: 6.622e-01 | Dynamic Loss: 6.622e-01 | Regularization Loss: 0.000e+00 | Val Loss: 7.888e-01 | Time: 4.81s
2025-08-21 02:14:04,796:INFO:New best model found at epoch 3550 with validation loss 7.888e-01. Saving...
2025-08-21 02:14:09,584:INFO:Epoch: 3600/40000 | Train Loss: 1.036e+00 | Dynamic Loss: 1.036e+00 | Regularization Loss: 0.000e+00 | Val Loss: 1.580e+00 | Time: 4.66s
2025-08-21 02:14:14,447:INFO:Epoch: 3650/40000 | Train Loss: 6.519e-01 | Dynamic Loss: 6.519e-01 | Regularization Loss: 0.000e+00 | Val Loss: 7.839e-01 | Time: 4.76s
2025-08-21 02:14:14,447:INFO:New best model found at epoch 3650 with validation loss 7.839e-01. Saving...
2025-08-21 02:14:27,813:INFO:Epoch: 3700/40000 | Train Loss: 6.245e-01 | Dynamic Loss: 6.245e-01 | Regularization Loss: 0.000e+00 | Val Loss: 7.544e-01 | Time: 13.24s
2025-08-21 02:14:27,813:INFO:New best model found at epoch 3700 with validation loss 7.544e-01. Saving...
2025-08-21 02:14:33,033:INFO:Epoch: 3750/40000 | Train Loss: 6.303e-01 | Dynamic Loss: 6.303e-01 | Regularization Loss: 0.000e+00 | Val Loss: 7.571e-01 | Time: 5.09s
2025-08-21 02:14:38,073:INFO:Epoch: 3800/40000 | Train Loss: 7.022e-01 | Dynamic Loss: 7.022e-01 | Regularization Loss: 0.000e+00 | Val Loss: 7.822e-01 | Time: 4.94s
2025-08-21 02:14:42,886:INFO:Epoch: 3850/40000 | Train Loss: 5.999e-01 | Dynamic Loss: 5.999e-01 | Regularization Loss: 0.000e+00 | Val Loss: 7.303e-01 | Time: 4.70s
2025-08-21 02:14:42,886:INFO:New best model found at epoch 3850 with validation loss 7.303e-01. Saving...
2025-08-21 02:14:47,933:INFO:Epoch: 3900/40000 | Train Loss: 6.183e-01 | Dynamic Loss: 6.183e-01 | Regularization Loss: 0.000e+00 | Val Loss: 7.623e-01 | Time: 4.92s
2025-08-21 02:14:52,908:INFO:Epoch: 3950/40000 | Train Loss: 6.262e-01 | Dynamic Loss: 6.262e-01 | Regularization Loss: 0.000e+00 | Val Loss: 7.911e-01 | Time: 4.86s
2025-08-21 02:14:57,748:INFO:Epoch: 4000/40000 | Train Loss: 5.957e-01 | Dynamic Loss: 5.957e-01 | Regularization Loss: 0.000e+00 | Val Loss: 7.237e-01 | Time: 4.72s
2025-08-21 02:14:57,748:INFO:New best model found at epoch 4000 with validation loss 7.237e-01. Saving...
2025-08-21 02:15:02,596:INFO:Epoch: 4050/40000 | Train Loss: 9.527e-01 | Dynamic Loss: 9.527e-01 | Regularization Loss: 0.000e+00 | Val Loss: 1.217e+00 | Time: 4.72s
2025-08-21 02:15:07,569:INFO:Epoch: 4100/40000 | Train Loss: 6.594e-01 | Dynamic Loss: 6.594e-01 | Regularization Loss: 0.000e+00 | Val Loss: 7.850e-01 | Time: 4.87s
2025-08-21 02:15:12,492:INFO:Epoch: 4150/40000 | Train Loss: 5.840e-01 | Dynamic Loss: 5.840e-01 | Regularization Loss: 0.000e+00 | Val Loss: 7.156e-01 | Time: 4.83s
2025-08-21 02:15:12,492:INFO:New best model found at epoch 4150 with validation loss 7.156e-01. Saving...
2025-08-21 02:15:17,440:INFO:Epoch: 4200/40000 | Train Loss: 5.585e-01 | Dynamic Loss: 5.585e-01 | Regularization Loss: 0.000e+00 | Val Loss: 6.912e-01 | Time: 4.83s
2025-08-21 02:15:17,441:INFO:New best model found at epoch 4200 with validation loss 6.912e-01. Saving...
2025-08-21 02:15:22,273:INFO:Epoch: 4250/40000 | Train Loss: 6.352e-01 | Dynamic Loss: 6.352e-01 | Regularization Loss: 0.000e+00 | Val Loss: 8.137e-01 | Time: 4.71s
2025-08-21 02:15:27,283:INFO:Epoch: 4300/40000 | Train Loss: 5.450e-01 | Dynamic Loss: 5.450e-01 | Regularization Loss: 0.000e+00 | Val Loss: 6.828e-01 | Time: 4.91s
2025-08-21 02:15:27,283:INFO:New best model found at epoch 4300 with validation loss 6.828e-01. Saving...
2025-08-21 02:15:32,168:INFO:Epoch: 4350/40000 | Train Loss: 5.275e-01 | Dynamic Loss: 5.275e-01 | Regularization Loss: 0.000e+00 | Val Loss: 6.662e-01 | Time: 4.77s
2025-08-21 02:15:32,169:INFO:New best model found at epoch 4350 with validation loss 6.662e-01. Saving...
2025-08-21 02:15:37,048:INFO:Epoch: 4400/40000 | Train Loss: 5.312e-01 | Dynamic Loss: 5.312e-01 | Regularization Loss: 0.000e+00 | Val Loss: 6.739e-01 | Time: 4.76s
2025-08-21 02:15:41,922:INFO:Epoch: 4450/40000 | Train Loss: 7.393e-01 | Dynamic Loss: 7.393e-01 | Regularization Loss: 0.000e+00 | Val Loss: 8.788e-01 | Time: 4.78s
2025-08-21 02:15:46,877:INFO:Epoch: 4500/40000 | Train Loss: 5.102e-01 | Dynamic Loss: 5.102e-01 | Regularization Loss: 0.000e+00 | Val Loss: 6.553e-01 | Time: 4.86s
2025-08-21 02:15:46,877:INFO:New best model found at epoch 4500 with validation loss 6.553e-01. Saving...
2025-08-21 02:15:51,758:INFO:Epoch: 4550/40000 | Train Loss: 5.173e-01 | Dynamic Loss: 5.173e-01 | Regularization Loss: 0.000e+00 | Val Loss: 6.468e-01 | Time: 4.76s
2025-08-21 02:15:51,758:INFO:New best model found at epoch 4550 with validation loss 6.468e-01. Saving...
2025-08-21 02:15:56,698:INFO:Epoch: 4600/40000 | Train Loss: 5.552e-01 | Dynamic Loss: 5.552e-01 | Regularization Loss: 0.000e+00 | Val Loss: 6.779e-01 | Time: 4.82s
2025-08-21 02:16:01,526:INFO:Epoch: 4650/40000 | Train Loss: 5.043e-01 | Dynamic Loss: 5.043e-01 | Regularization Loss: 0.000e+00 | Val Loss: 6.623e-01 | Time: 4.72s
2025-08-21 02:16:06,348:INFO:Epoch: 4700/40000 | Train Loss: 4.778e-01 | Dynamic Loss: 4.778e-01 | Regularization Loss: 0.000e+00 | Val Loss: 6.246e-01 | Time: 4.72s
2025-08-21 02:16:06,348:INFO:New best model found at epoch 4700 with validation loss 6.246e-01. Saving...
2025-08-21 02:16:11,328:INFO:Epoch: 4750/40000 | Train Loss: 4.732e-01 | Dynamic Loss: 4.732e-01 | Regularization Loss: 0.000e+00 | Val Loss: 6.191e-01 | Time: 4.86s
2025-08-21 02:16:11,328:INFO:New best model found at epoch 4750 with validation loss 6.191e-01. Saving...
2025-08-21 02:16:16,213:INFO:Epoch: 4800/40000 | Train Loss: 4.698e-01 | Dynamic Loss: 4.698e-01 | Regularization Loss: 0.000e+00 | Val Loss: 6.177e-01 | Time: 4.76s
2025-08-21 02:16:16,213:INFO:New best model found at epoch 4800 with validation loss 6.177e-01. Saving...
2025-08-21 02:16:20,968:INFO:Epoch: 4850/40000 | Train Loss: 5.298e-01 | Dynamic Loss: 5.298e-01 | Regularization Loss: 0.000e+00 | Val Loss: 6.360e-01 | Time: 4.63s
2025-08-21 02:16:25,942:INFO:Epoch: 4900/40000 | Train Loss: 5.389e-01 | Dynamic Loss: 5.389e-01 | Regularization Loss: 0.000e+00 | Val Loss: 6.380e-01 | Time: 4.74s
2025-08-21 02:16:30,830:INFO:Epoch: 4950/40000 | Train Loss: 8.157e-01 | Dynamic Loss: 8.157e-01 | Regularization Loss: 0.000e+00 | Val Loss: 6.468e-01 | Time: 4.78s
2025-08-21 02:16:35,738:INFO:Epoch: 5000/40000 | Train Loss: 4.451e-01 | Dynamic Loss: 4.451e-01 | Regularization Loss: 0.000e+00 | Val Loss: 6.001e-01 | Time: 4.80s
2025-08-21 02:16:35,738:INFO:New best model found at epoch 5000 with validation loss 6.001e-01. Saving...
2025-08-21 02:16:40,560:INFO:Epoch: 5050/40000 | Train Loss: 4.579e-01 | Dynamic Loss: 4.579e-01 | Regularization Loss: 0.000e+00 | Val Loss: 6.013e-01 | Time: 4.70s
2025-08-21 02:16:45,507:INFO:Epoch: 5100/40000 | Train Loss: 5.894e-01 | Dynamic Loss: 5.894e-01 | Regularization Loss: 0.000e+00 | Val Loss: 7.080e-01 | Time: 4.71s
2025-08-21 02:16:50,326:INFO:Epoch: 5150/40000 | Train Loss: 7.133e-01 | Dynamic Loss: 7.133e-01 | Regularization Loss: 0.000e+00 | Val Loss: 1.043e+00 | Time: 4.72s
2025-08-21 02:16:55,323:INFO:Epoch: 5200/40000 | Train Loss: 4.286e-01 | Dynamic Loss: 4.286e-01 | Regularization Loss: 0.000e+00 | Val Loss: 5.756e-01 | Time: 4.89s
2025-08-21 02:16:55,323:INFO:New best model found at epoch 5200 with validation loss 5.756e-01. Saving...
2025-08-21 02:17:00,118:INFO:Epoch: 5250/40000 | Train Loss: 4.923e-01 | Dynamic Loss: 4.923e-01 | Regularization Loss: 0.000e+00 | Val Loss: 6.473e-01 | Time: 4.65s
2025-08-21 02:17:05,289:INFO:Epoch: 5300/40000 | Train Loss: 4.134e-01 | Dynamic Loss: 4.134e-01 | Regularization Loss: 0.000e+00 | Val Loss: 5.711e-01 | Time: 5.07s
2025-08-21 02:17:05,290:INFO:New best model found at epoch 5300 with validation loss 5.711e-01. Saving...
2025-08-21 02:17:19,168:INFO:Epoch: 5350/40000 | Train Loss: 4.124e-01 | Dynamic Loss: 4.124e-01 | Regularization Loss: 0.000e+00 | Val Loss: 5.669e-01 | Time: 13.76s
2025-08-21 02:17:19,168:INFO:New best model found at epoch 5350 with validation loss 5.669e-01. Saving...
2025-08-21 02:17:24,697:INFO:Epoch: 5400/40000 | Train Loss: 4.483e-01 | Dynamic Loss: 4.483e-01 | Regularization Loss: 0.000e+00 | Val Loss: 6.089e-01 | Time: 5.40s
2025-08-21 02:17:29,734:INFO:Epoch: 5450/40000 | Train Loss: 3.936e-01 | Dynamic Loss: 3.936e-01 | Regularization Loss: 0.000e+00 | Val Loss: 5.472e-01 | Time: 4.93s
2025-08-21 02:17:29,734:INFO:New best model found at epoch 5450 with validation loss 5.472e-01. Saving...
2025-08-21 02:17:34,569:INFO:Epoch: 5500/40000 | Train Loss: 4.124e-01 | Dynamic Loss: 4.124e-01 | Regularization Loss: 0.000e+00 | Val Loss: 5.701e-01 | Time: 4.72s
2025-08-21 02:17:39,431:INFO:Epoch: 5550/40000 | Train Loss: 4.411e-01 | Dynamic Loss: 4.411e-01 | Regularization Loss: 0.000e+00 | Val Loss: 5.981e-01 | Time: 4.76s
2025-08-21 02:17:44,307:INFO:Epoch: 5600/40000 | Train Loss: 3.824e-01 | Dynamic Loss: 3.824e-01 | Regularization Loss: 0.000e+00 | Val Loss: 5.366e-01 | Time: 4.77s
2025-08-21 02:17:44,307:INFO:New best model found at epoch 5600 with validation loss 5.366e-01. Saving...
2025-08-21 02:17:49,278:INFO:Epoch: 5650/40000 | Train Loss: 3.898e-01 | Dynamic Loss: 3.898e-01 | Regularization Loss: 0.000e+00 | Val Loss: 5.486e-01 | Time: 4.85s
2025-08-21 02:17:54,158:INFO:Epoch: 5700/40000 | Train Loss: 4.723e-01 | Dynamic Loss: 4.723e-01 | Regularization Loss: 0.000e+00 | Val Loss: 6.136e-01 | Time: 4.78s
2025-08-21 02:17:59,094:INFO:Epoch: 5750/40000 | Train Loss: 3.856e-01 | Dynamic Loss: 3.856e-01 | Regularization Loss: 0.000e+00 | Val Loss: 5.328e-01 | Time: 4.83s
2025-08-21 02:17:59,094:INFO:New best model found at epoch 5750 with validation loss 5.328e-01. Saving...
2025-08-21 02:18:03,946:INFO:Epoch: 5800/40000 | Train Loss: 1.041e+00 | Dynamic Loss: 1.041e+00 | Regularization Loss: 0.000e+00 | Val Loss: 8.973e-01 | Time: 4.73s
2025-08-21 02:18:08,798:INFO:Epoch: 5850/40000 | Train Loss: 4.322e-01 | Dynamic Loss: 4.322e-01 | Regularization Loss: 0.000e+00 | Val Loss: 5.723e-01 | Time: 4.74s
2025-08-21 02:18:13,695:INFO:Epoch: 5900/40000 | Train Loss: 3.814e-01 | Dynamic Loss: 3.814e-01 | Regularization Loss: 0.000e+00 | Val Loss: 5.243e-01 | Time: 4.79s
2025-08-21 02:18:13,695:INFO:New best model found at epoch 5900 with validation loss 5.243e-01. Saving...
2025-08-21 02:18:18,624:INFO:Epoch: 5950/40000 | Train Loss: 3.730e-01 | Dynamic Loss: 3.730e-01 | Regularization Loss: 0.000e+00 | Val Loss: 5.216e-01 | Time: 4.80s
2025-08-21 02:18:18,624:INFO:New best model found at epoch 5950 with validation loss 5.216e-01. Saving...
2025-08-21 02:18:23,599:INFO:Epoch: 6000/40000 | Train Loss: 3.625e-01 | Dynamic Loss: 3.625e-01 | Regularization Loss: 0.000e+00 | Val Loss: 5.103e-01 | Time: 4.84s
2025-08-21 02:18:23,599:INFO:New best model found at epoch 6000 with validation loss 5.103e-01. Saving...
2025-08-21 02:18:28,603:INFO:Epoch: 6050/40000 | Train Loss: 3.973e-01 | Dynamic Loss: 3.973e-01 | Regularization Loss: 0.000e+00 | Val Loss: 6.113e-01 | Time: 4.87s
2025-08-21 02:18:33,384:INFO:Epoch: 6100/40000 | Train Loss: 3.520e-01 | Dynamic Loss: 3.520e-01 | Regularization Loss: 0.000e+00 | Val Loss: 5.108e-01 | Time: 4.67s
2025-08-21 02:18:38,307:INFO:Epoch: 6150/40000 | Train Loss: 3.731e-01 | Dynamic Loss: 3.731e-01 | Regularization Loss: 0.000e+00 | Val Loss: 5.130e-01 | Time: 4.82s
2025-08-21 02:18:43,185:INFO:Epoch: 6200/40000 | Train Loss: 3.388e-01 | Dynamic Loss: 3.388e-01 | Regularization Loss: 0.000e+00 | Val Loss: 4.892e-01 | Time: 4.78s
2025-08-21 02:18:43,186:INFO:New best model found at epoch 6200 with validation loss 4.892e-01. Saving...
2025-08-21 02:18:48,194:INFO:Epoch: 6250/40000 | Train Loss: 3.581e-01 | Dynamic Loss: 3.581e-01 | Regularization Loss: 0.000e+00 | Val Loss: 5.143e-01 | Time: 4.87s
2025-08-21 02:18:53,051:INFO:Epoch: 6300/40000 | Train Loss: 3.306e-01 | Dynamic Loss: 3.306e-01 | Regularization Loss: 0.000e+00 | Val Loss: 4.844e-01 | Time: 4.75s
2025-08-21 02:18:53,051:INFO:New best model found at epoch 6300 with validation loss 4.844e-01. Saving...
2025-08-21 02:18:58,454:INFO:Epoch: 6350/40000 | Train Loss: 3.519e-01 | Dynamic Loss: 3.519e-01 | Regularization Loss: 0.000e+00 | Val Loss: 5.309e-01 | Time: 5.28s
2025-08-21 02:19:03,426:INFO:Epoch: 6400/40000 | Train Loss: 1.163e+00 | Dynamic Loss: 1.163e+00 | Regularization Loss: 0.000e+00 | Val Loss: 5.361e-01 | Time: 4.86s
2025-08-21 02:19:08,269:INFO:Epoch: 6450/40000 | Train Loss: 3.346e-01 | Dynamic Loss: 3.346e-01 | Regularization Loss: 0.000e+00 | Val Loss: 4.796e-01 | Time: 4.74s
2025-08-21 02:19:08,270:INFO:New best model found at epoch 6450 with validation loss 4.796e-01. Saving...
2025-08-21 02:19:13,138:INFO:Epoch: 6500/40000 | Train Loss: 1.289e+00 | Dynamic Loss: 1.289e+00 | Regularization Loss: 0.000e+00 | Val Loss: 1.330e+00 | Time: 4.74s
2025-08-21 02:19:18,105:INFO:Epoch: 6550/40000 | Train Loss: 5.966e-01 | Dynamic Loss: 5.966e-01 | Regularization Loss: 0.000e+00 | Val Loss: 7.507e-01 | Time: 4.86s
2025-08-21 02:19:23,112:INFO:Epoch: 6600/40000 | Train Loss: 4.285e-01 | Dynamic Loss: 4.285e-01 | Regularization Loss: 0.000e+00 | Val Loss: 5.879e-01 | Time: 4.90s
2025-08-21 02:19:28,209:INFO:Epoch: 6650/40000 | Train Loss: 3.774e-01 | Dynamic Loss: 3.774e-01 | Regularization Loss: 0.000e+00 | Val Loss: 5.395e-01 | Time: 4.99s
2025-08-21 02:19:33,089:INFO:Epoch: 6700/40000 | Train Loss: 3.601e-01 | Dynamic Loss: 3.601e-01 | Regularization Loss: 0.000e+00 | Val Loss: 5.383e-01 | Time: 4.77s
2025-08-21 02:19:38,193:INFO:Epoch: 6750/40000 | Train Loss: 3.349e-01 | Dynamic Loss: 3.349e-01 | Regularization Loss: 0.000e+00 | Val Loss: 4.933e-01 | Time: 4.99s
2025-08-21 02:19:43,070:INFO:Epoch: 6800/40000 | Train Loss: 4.694e-01 | Dynamic Loss: 4.694e-01 | Regularization Loss: 0.000e+00 | Val Loss: 6.918e-01 | Time: 4.77s
2025-08-21 02:19:48,073:INFO:Epoch: 6850/40000 | Train Loss: 3.194e-01 | Dynamic Loss: 3.194e-01 | Regularization Loss: 0.000e+00 | Val Loss: 4.782e-01 | Time: 4.90s
2025-08-21 02:19:48,073:INFO:New best model found at epoch 6850 with validation loss 4.782e-01. Saving...
2025-08-21 02:19:52,938:INFO:Epoch: 6900/40000 | Train Loss: 3.818e-01 | Dynamic Loss: 3.818e-01 | Regularization Loss: 0.000e+00 | Val Loss: 5.529e-01 | Time: 4.73s
2025-08-21 02:19:57,950:INFO:Epoch: 6950/40000 | Train Loss: 3.105e-01 | Dynamic Loss: 3.105e-01 | Regularization Loss: 0.000e+00 | Val Loss: 4.719e-01 | Time: 4.91s
2025-08-21 02:19:57,951:INFO:New best model found at epoch 6950 with validation loss 4.719e-01. Saving...
2025-08-21 02:20:02,936:INFO:Epoch: 7000/40000 | Train Loss: 3.043e-01 | Dynamic Loss: 3.043e-01 | Regularization Loss: 0.000e+00 | Val Loss: 4.585e-01 | Time: 4.86s
2025-08-21 02:20:02,936:INFO:New best model found at epoch 7000 with validation loss 4.585e-01. Saving...
2025-08-21 02:20:07,795:INFO:Epoch: 7050/40000 | Train Loss: 3.088e-01 | Dynamic Loss: 3.088e-01 | Regularization Loss: 0.000e+00 | Val Loss: 4.670e-01 | Time: 4.73s
2025-08-21 02:20:12,634:INFO:Epoch: 7100/40000 | Train Loss: 3.203e-01 | Dynamic Loss: 3.203e-01 | Regularization Loss: 0.000e+00 | Val Loss: 4.711e-01 | Time: 4.73s
2025-08-21 02:20:17,691:INFO:Epoch: 7150/40000 | Train Loss: 3.345e-01 | Dynamic Loss: 3.345e-01 | Regularization Loss: 0.000e+00 | Val Loss: 4.777e-01 | Time: 4.95s
2025-08-21 02:20:22,524:INFO:Epoch: 7200/40000 | Train Loss: 7.147e-01 | Dynamic Loss: 7.147e-01 | Regularization Loss: 0.000e+00 | Val Loss: 6.837e-01 | Time: 4.72s
2025-08-21 02:20:27,447:INFO:Epoch: 7250/40000 | Train Loss: 2.848e-01 | Dynamic Loss: 2.848e-01 | Regularization Loss: 0.000e+00 | Val Loss: 4.378e-01 | Time: 4.82s
2025-08-21 02:20:27,447:INFO:New best model found at epoch 7250 with validation loss 4.378e-01. Saving...
2025-08-21 02:20:32,489:INFO:Epoch: 7300/40000 | Train Loss: 3.179e-01 | Dynamic Loss: 3.179e-01 | Regularization Loss: 0.000e+00 | Val Loss: 4.517e-01 | Time: 4.91s
2025-08-21 02:20:37,474:INFO:Epoch: 7350/40000 | Train Loss: 3.521e-01 | Dynamic Loss: 3.521e-01 | Regularization Loss: 0.000e+00 | Val Loss: 6.394e-01 | Time: 4.75s
2025-08-21 02:20:42,408:INFO:Epoch: 7400/40000 | Train Loss: 2.765e-01 | Dynamic Loss: 2.765e-01 | Regularization Loss: 0.000e+00 | Val Loss: 4.333e-01 | Time: 4.82s
2025-08-21 02:20:42,408:INFO:New best model found at epoch 7400 with validation loss 4.333e-01. Saving...
2025-08-21 02:20:47,330:INFO:Epoch: 7450/40000 | Train Loss: 2.919e-01 | Dynamic Loss: 2.919e-01 | Regularization Loss: 0.000e+00 | Val Loss: 4.413e-01 | Time: 4.79s
2025-08-21 02:20:52,228:INFO:Epoch: 7500/40000 | Train Loss: 2.673e-01 | Dynamic Loss: 2.673e-01 | Regularization Loss: 0.000e+00 | Val Loss: 4.171e-01 | Time: 4.79s
2025-08-21 02:20:52,228:INFO:New best model found at epoch 7500 with validation loss 4.171e-01. Saving...
2025-08-21 02:20:57,220:INFO:Epoch: 7550/40000 | Train Loss: 2.868e-01 | Dynamic Loss: 2.868e-01 | Regularization Loss: 0.000e+00 | Val Loss: 4.410e-01 | Time: 4.86s
2025-08-21 02:21:09,246:INFO:Epoch: 7600/40000 | Train Loss: 2.773e-01 | Dynamic Loss: 2.773e-01 | Regularization Loss: 0.000e+00 | Val Loss: 4.478e-01 | Time: 11.91s
2025-08-21 02:21:14,257:INFO:Epoch: 7650/40000 | Train Loss: 2.643e-01 | Dynamic Loss: 2.643e-01 | Regularization Loss: 0.000e+00 | Val Loss: 4.126e-01 | Time: 4.90s
2025-08-21 02:21:14,258:INFO:New best model found at epoch 7650 with validation loss 4.126e-01. Saving...
2025-08-21 02:21:19,319:INFO:Epoch: 7700/40000 | Train Loss: 2.830e-01 | Dynamic Loss: 2.830e-01 | Regularization Loss: 0.000e+00 | Val Loss: 4.508e-01 | Time: 4.92s
2025-08-21 02:21:24,253:INFO:Epoch: 7750/40000 | Train Loss: 2.776e-01 | Dynamic Loss: 2.776e-01 | Regularization Loss: 0.000e+00 | Val Loss: 4.621e-01 | Time: 4.82s
2025-08-21 02:21:38,069:INFO:Epoch: 7800/40000 | Train Loss: 3.280e-01 | Dynamic Loss: 3.280e-01 | Regularization Loss: 0.000e+00 | Val Loss: 5.294e-01 | Time: 13.71s
2025-08-21 02:21:43,332:INFO:Epoch: 7850/40000 | Train Loss: 2.966e-01 | Dynamic Loss: 2.966e-01 | Regularization Loss: 0.000e+00 | Val Loss: 5.293e-01 | Time: 5.15s
2025-08-21 02:21:49,353:INFO:Epoch: 7900/40000 | Train Loss: 2.593e-01 | Dynamic Loss: 2.593e-01 | Regularization Loss: 0.000e+00 | Val Loss: 4.056e-01 | Time: 5.91s
2025-08-21 02:21:49,353:INFO:New best model found at epoch 7900 with validation loss 4.056e-01. Saving...
2025-08-21 02:21:54,295:INFO:Epoch: 7950/40000 | Train Loss: 4.756e-01 | Dynamic Loss: 4.756e-01 | Regularization Loss: 0.000e+00 | Val Loss: 4.868e-01 | Time: 4.81s
2025-08-21 02:21:59,424:INFO:Epoch: 8000/40000 | Train Loss: 2.495e-01 | Dynamic Loss: 2.495e-01 | Regularization Loss: 0.000e+00 | Val Loss: 3.992e-01 | Time: 5.02s
2025-08-21 02:21:59,424:INFO:New best model found at epoch 8000 with validation loss 3.992e-01. Saving...
2025-08-21 02:22:04,381:INFO:Epoch: 8050/40000 | Train Loss: 2.398e-01 | Dynamic Loss: 2.398e-01 | Regularization Loss: 0.000e+00 | Val Loss: 3.928e-01 | Time: 4.83s
2025-08-21 02:22:04,382:INFO:New best model found at epoch 8050 with validation loss 3.928e-01. Saving...
2025-08-21 02:22:09,456:INFO:Epoch: 8100/40000 | Train Loss: 2.385e-01 | Dynamic Loss: 2.385e-01 | Regularization Loss: 0.000e+00 | Val Loss: 3.924e-01 | Time: 4.94s
2025-08-21 02:22:09,457:INFO:New best model found at epoch 8100 with validation loss 3.924e-01. Saving...
2025-08-21 02:22:14,398:INFO:Epoch: 8150/40000 | Train Loss: 2.410e-01 | Dynamic Loss: 2.410e-01 | Regularization Loss: 0.000e+00 | Val Loss: 3.967e-01 | Time: 4.81s
2025-08-21 02:22:27,842:INFO:Epoch: 8200/40000 | Train Loss: 2.430e-01 | Dynamic Loss: 2.430e-01 | Regularization Loss: 0.000e+00 | Val Loss: 3.917e-01 | Time: 13.35s
2025-08-21 02:22:27,842:INFO:New best model found at epoch 8200 with validation loss 3.917e-01. Saving...
2025-08-21 02:22:33,015:INFO:Epoch: 8250/40000 | Train Loss: 4.219e-01 | Dynamic Loss: 4.219e-01 | Regularization Loss: 0.000e+00 | Val Loss: 5.264e-01 | Time: 5.05s
2025-08-21 02:22:38,075:INFO:Epoch: 8300/40000 | Train Loss: 2.328e-01 | Dynamic Loss: 2.328e-01 | Regularization Loss: 0.000e+00 | Val Loss: 3.898e-01 | Time: 4.96s
2025-08-21 02:22:38,075:INFO:New best model found at epoch 8300 with validation loss 3.898e-01. Saving...
2025-08-21 02:22:42,980:INFO:Epoch: 8350/40000 | Train Loss: 3.072e-01 | Dynamic Loss: 3.072e-01 | Regularization Loss: 0.000e+00 | Val Loss: 4.552e-01 | Time: 4.79s
2025-08-21 02:22:48,076:INFO:Epoch: 8400/40000 | Train Loss: 2.264e-01 | Dynamic Loss: 2.264e-01 | Regularization Loss: 0.000e+00 | Val Loss: 3.834e-01 | Time: 5.00s
2025-08-21 02:22:48,076:INFO:New best model found at epoch 8400 with validation loss 3.834e-01. Saving...
2025-08-21 02:22:53,023:INFO:Epoch: 8450/40000 | Train Loss: 2.250e-01 | Dynamic Loss: 2.250e-01 | Regularization Loss: 0.000e+00 | Val Loss: 3.803e-01 | Time: 4.83s
2025-08-21 02:22:53,023:INFO:New best model found at epoch 8450 with validation loss 3.803e-01. Saving...
2025-08-21 02:22:58,061:INFO:Epoch: 8500/40000 | Train Loss: 2.966e-01 | Dynamic Loss: 2.966e-01 | Regularization Loss: 0.000e+00 | Val Loss: 4.219e-01 | Time: 4.92s
2025-08-21 02:23:02,855:INFO:Epoch: 8550/40000 | Train Loss: 2.177e-01 | Dynamic Loss: 2.177e-01 | Regularization Loss: 0.000e+00 | Val Loss: 3.700e-01 | Time: 4.70s
2025-08-21 02:23:02,855:INFO:New best model found at epoch 8550 with validation loss 3.700e-01. Saving...
2025-08-21 02:23:07,903:INFO:Epoch: 8600/40000 | Train Loss: 2.179e-01 | Dynamic Loss: 2.179e-01 | Regularization Loss: 0.000e+00 | Val Loss: 3.758e-01 | Time: 4.77s
2025-08-21 02:23:12,865:INFO:Epoch: 8650/40000 | Train Loss: 2.189e-01 | Dynamic Loss: 2.189e-01 | Regularization Loss: 0.000e+00 | Val Loss: 3.699e-01 | Time: 4.86s
2025-08-21 02:23:12,865:INFO:New best model found at epoch 8650 with validation loss 3.699e-01. Saving...
2025-08-21 02:23:17,980:INFO:Epoch: 8700/40000 | Train Loss: 2.213e-01 | Dynamic Loss: 2.213e-01 | Regularization Loss: 0.000e+00 | Val Loss: 3.799e-01 | Time: 4.98s
2025-08-21 02:23:22,845:INFO:Epoch: 8750/40000 | Train Loss: 2.504e-01 | Dynamic Loss: 2.504e-01 | Regularization Loss: 0.000e+00 | Val Loss: 4.094e-01 | Time: 4.76s
2025-08-21 02:23:27,754:INFO:Epoch: 8800/40000 | Train Loss: 2.131e-01 | Dynamic Loss: 2.131e-01 | Regularization Loss: 0.000e+00 | Val Loss: 3.644e-01 | Time: 4.80s
2025-08-21 02:23:27,754:INFO:New best model found at epoch 8800 with validation loss 3.644e-01. Saving...
2025-08-21 02:23:41,317:INFO:Epoch: 8850/40000 | Train Loss: 2.242e-01 | Dynamic Loss: 2.242e-01 | Regularization Loss: 0.000e+00 | Val Loss: 3.826e-01 | Time: 13.44s
2025-08-21 02:23:46,276:INFO:Epoch: 8900/40000 | Train Loss: 2.068e-01 | Dynamic Loss: 2.068e-01 | Regularization Loss: 0.000e+00 | Val Loss: 3.638e-01 | Time: 4.85s
2025-08-21 02:23:46,276:INFO:New best model found at epoch 8900 with validation loss 3.638e-01. Saving...
2025-08-21 02:23:51,215:INFO:Epoch: 8950/40000 | Train Loss: 2.045e-01 | Dynamic Loss: 2.045e-01 | Regularization Loss: 0.000e+00 | Val Loss: 3.604e-01 | Time: 4.81s
2025-08-21 02:23:51,215:INFO:New best model found at epoch 8950 with validation loss 3.604e-01. Saving...
2025-08-21 02:23:56,054:INFO:Epoch: 9000/40000 | Train Loss: 2.149e-01 | Dynamic Loss: 2.149e-01 | Regularization Loss: 0.000e+00 | Val Loss: 3.718e-01 | Time: 4.72s
2025-08-21 02:24:09,319:INFO:Epoch: 9050/40000 | Train Loss: 2.068e-01 | Dynamic Loss: 2.068e-01 | Regularization Loss: 0.000e+00 | Val Loss: 3.629e-01 | Time: 13.16s
2025-08-21 02:24:14,368:INFO:Epoch: 9100/40000 | Train Loss: 2.057e-01 | Dynamic Loss: 2.057e-01 | Regularization Loss: 0.000e+00 | Val Loss: 3.593e-01 | Time: 4.95s
2025-08-21 02:24:14,368:INFO:New best model found at epoch 9100 with validation loss 3.593e-01. Saving...
2025-08-21 02:24:19,397:INFO:Epoch: 9150/40000 | Train Loss: 3.648e-01 | Dynamic Loss: 3.648e-01 | Regularization Loss: 0.000e+00 | Val Loss: 6.361e-01 | Time: 4.91s
2025-08-21 02:24:24,310:INFO:Epoch: 9200/40000 | Train Loss: 1.959e-01 | Dynamic Loss: 1.959e-01 | Regularization Loss: 0.000e+00 | Val Loss: 3.543e-01 | Time: 4.81s
2025-08-21 02:24:24,310:INFO:New best model found at epoch 9200 with validation loss 3.543e-01. Saving...
2025-08-21 02:24:29,296:INFO:Epoch: 9250/40000 | Train Loss: 2.078e-01 | Dynamic Loss: 2.078e-01 | Regularization Loss: 0.000e+00 | Val Loss: 3.559e-01 | Time: 4.87s
2025-08-21 02:24:34,283:INFO:Epoch: 9300/40000 | Train Loss: 2.350e-01 | Dynamic Loss: 2.350e-01 | Regularization Loss: 0.000e+00 | Val Loss: 3.910e-01 | Time: 4.89s
2025-08-21 02:24:39,365:INFO:Epoch: 9350/40000 | Train Loss: 6.984e-01 | Dynamic Loss: 6.984e-01 | Regularization Loss: 0.000e+00 | Val Loss: 5.988e-01 | Time: 4.98s
2025-08-21 02:24:44,381:INFO:Epoch: 9400/40000 | Train Loss: 1.903e-01 | Dynamic Loss: 1.903e-01 | Regularization Loss: 0.000e+00 | Val Loss: 3.495e-01 | Time: 4.92s
2025-08-21 02:24:44,381:INFO:New best model found at epoch 9400 with validation loss 3.495e-01. Saving...
2025-08-21 02:24:49,296:INFO:Epoch: 9450/40000 | Train Loss: 1.941e-01 | Dynamic Loss: 1.941e-01 | Regularization Loss: 0.000e+00 | Val Loss: 3.570e-01 | Time: 4.79s
2025-08-21 02:24:54,418:INFO:Epoch: 9500/40000 | Train Loss: 2.155e-01 | Dynamic Loss: 2.155e-01 | Regularization Loss: 0.000e+00 | Val Loss: 3.721e-01 | Time: 5.02s
2025-08-21 02:24:59,431:INFO:Epoch: 9550/40000 | Train Loss: 2.710e-01 | Dynamic Loss: 2.710e-01 | Regularization Loss: 0.000e+00 | Val Loss: 4.352e-01 | Time: 4.91s
2025-08-21 02:25:04,454:INFO:Epoch: 9600/40000 | Train Loss: 1.807e-01 | Dynamic Loss: 1.807e-01 | Regularization Loss: 0.000e+00 | Val Loss: 3.408e-01 | Time: 4.92s
2025-08-21 02:25:04,454:INFO:New best model found at epoch 9600 with validation loss 3.408e-01. Saving...
2025-08-21 02:25:09,425:INFO:Epoch: 9650/40000 | Train Loss: 1.886e-01 | Dynamic Loss: 1.886e-01 | Regularization Loss: 0.000e+00 | Val Loss: 3.449e-01 | Time: 4.84s
2025-08-21 02:25:14,378:INFO:Epoch: 9700/40000 | Train Loss: 3.238e-01 | Dynamic Loss: 3.238e-01 | Regularization Loss: 0.000e+00 | Val Loss: 4.452e-01 | Time: 4.85s
2025-08-21 02:25:19,231:INFO:Epoch: 9750/40000 | Train Loss: 1.775e-01 | Dynamic Loss: 1.775e-01 | Regularization Loss: 0.000e+00 | Val Loss: 3.360e-01 | Time: 4.75s
2025-08-21 02:25:19,231:INFO:New best model found at epoch 9750 with validation loss 3.360e-01. Saving...
2025-08-21 02:25:24,346:INFO:Epoch: 9800/40000 | Train Loss: 1.833e-01 | Dynamic Loss: 1.833e-01 | Regularization Loss: 0.000e+00 | Val Loss: 3.527e-01 | Time: 4.99s
2025-08-21 02:25:29,187:INFO:Epoch: 9850/40000 | Train Loss: 1.964e-01 | Dynamic Loss: 1.964e-01 | Regularization Loss: 0.000e+00 | Val Loss: 3.489e-01 | Time: 4.74s
2025-08-21 02:25:34,110:INFO:Epoch: 9900/40000 | Train Loss: 2.425e-01 | Dynamic Loss: 2.425e-01 | Regularization Loss: 0.000e+00 | Val Loss: 3.842e-01 | Time: 4.82s
2025-08-21 02:25:39,000:INFO:Epoch: 9950/40000 | Train Loss: 1.737e-01 | Dynamic Loss: 1.737e-01 | Regularization Loss: 0.000e+00 | Val Loss: 3.328e-01 | Time: 4.79s
2025-08-21 02:25:39,000:INFO:New best model found at epoch 9950 with validation loss 3.328e-01. Saving...
2025-08-21 02:25:43,445:INFO:Adding projection layer
2025-08-21 02:25:44,422:INFO:Epoch: 10000/40000 | Train Loss: 2.718e-01 | Dynamic Loss: 1.718e-01 | Regularization Loss: 1.000e-01 | Val Loss: 3.330e-01 | Active Proj %: 0.00 | Time: 5.30s
2025-08-21 02:25:49,851:INFO:Epoch: 10050/40000 | Train Loss: 1.925e-01 | Dynamic Loss: 1.774e-01 | Regularization Loss: 1.513e-02 | Val Loss: 3.401e-01 | Active Proj %: 0.00 | Time: 5.32s
2025-08-21 02:25:55,471:INFO:Epoch: 10100/40000 | Train Loss: 1.998e-01 | Dynamic Loss: 1.931e-01 | Regularization Loss: 6.783e-03 | Val Loss: 3.370e-01 | Active Proj %: 0.00 | Time: 5.52s
2025-08-21 02:26:00,960:INFO:Epoch: 10150/40000 | Train Loss: 4.368e-01 | Dynamic Loss: 4.327e-01 | Regularization Loss: 4.108e-03 | Val Loss: 8.551e-01 | Active Proj %: 0.00 | Time: 5.38s
2025-08-21 02:26:06,499:INFO:Epoch: 10200/40000 | Train Loss: 1.725e-01 | Dynamic Loss: 1.697e-01 | Regularization Loss: 2.821e-03 | Val Loss: 3.305e-01 | Active Proj %: 0.00 | Time: 5.43s
2025-08-21 02:26:06,499:INFO:New best model found at epoch 10200 with validation loss 3.305e-01. Saving...
2025-08-21 02:26:12,106:INFO:Epoch: 10250/40000 | Train Loss: 1.822e-01 | Dynamic Loss: 1.801e-01 | Regularization Loss: 2.085e-03 | Val Loss: 3.316e-01 | Active Proj %: 0.00 | Time: 5.48s
2025-08-21 02:26:17,743:INFO:Epoch: 10300/40000 | Train Loss: 2.187e-01 | Dynamic Loss: 2.171e-01 | Regularization Loss: 1.617e-03 | Val Loss: 4.379e-01 | Active Proj %: 0.00 | Time: 5.53s
2025-08-21 02:26:23,312:INFO:Epoch: 10350/40000 | Train Loss: 1.819e-01 | Dynamic Loss: 1.806e-01 | Regularization Loss: 1.299e-03 | Val Loss: 3.629e-01 | Active Proj %: 0.00 | Time: 5.47s
2025-08-21 02:26:28,863:INFO:Epoch: 10400/40000 | Train Loss: 1.632e-01 | Dynamic Loss: 1.621e-01 | Regularization Loss: 1.071e-03 | Val Loss: 3.267e-01 | Active Proj %: 0.00 | Time: 5.44s
2025-08-21 02:26:28,863:INFO:New best model found at epoch 10400 with validation loss 3.267e-01. Saving...
2025-08-21 02:26:34,485:INFO:Epoch: 10450/40000 | Train Loss: 1.669e-01 | Dynamic Loss: 1.660e-01 | Regularization Loss: 9.013e-04 | Val Loss: 3.278e-01 | Active Proj %: 0.00 | Time: 5.49s
2025-08-21 02:26:40,079:INFO:Epoch: 10500/40000 | Train Loss: 1.966e-01 | Dynamic Loss: 1.958e-01 | Regularization Loss: 7.708e-04 | Val Loss: 3.433e-01 | Active Proj %: 0.00 | Time: 5.48s
2025-08-21 02:26:47,410:INFO:Epoch: 10550/40000 | Train Loss: 1.569e-01 | Dynamic Loss: 1.562e-01 | Regularization Loss: 6.681e-04 | Val Loss: 3.156e-01 | Active Proj %: 0.00 | Time: 7.22s
2025-08-21 02:26:47,410:INFO:New best model found at epoch 10550 with validation loss 3.156e-01. Saving...
2025-08-21 02:26:53,041:INFO:Epoch: 10600/40000 | Train Loss: 1.666e-01 | Dynamic Loss: 1.660e-01 | Regularization Loss: 5.854e-04 | Val Loss: 3.289e-01 | Active Proj %: 0.00 | Time: 5.50s
2025-08-21 02:26:58,636:INFO:Epoch: 10650/40000 | Train Loss: 2.128e-01 | Dynamic Loss: 2.123e-01 | Regularization Loss: 5.179e-04 | Val Loss: 4.617e-01 | Active Proj %: 0.00 | Time: 5.49s
2025-08-21 02:27:04,305:INFO:Epoch: 10700/40000 | Train Loss: 2.207e-01 | Dynamic Loss: 2.202e-01 | Regularization Loss: 4.618e-04 | Val Loss: 4.357e-01 | Active Proj %: 0.00 | Time: 5.44s
2025-08-21 02:27:09,914:INFO:Epoch: 10750/40000 | Train Loss: 1.537e-01 | Dynamic Loss: 1.533e-01 | Regularization Loss: 4.147e-04 | Val Loss: 3.143e-01 | Active Proj %: 0.00 | Time: 5.50s
2025-08-21 02:27:09,914:INFO:New best model found at epoch 10750 with validation loss 3.143e-01. Saving...
2025-08-21 02:27:15,492:INFO:Epoch: 10800/40000 | Train Loss: 1.587e-01 | Dynamic Loss: 1.583e-01 | Regularization Loss: 3.747e-04 | Val Loss: 3.246e-01 | Active Proj %: 0.00 | Time: 5.45s
2025-08-21 02:27:21,029:INFO:Epoch: 10850/40000 | Train Loss: 3.915e-01 | Dynamic Loss: 3.911e-01 | Regularization Loss: 3.404e-04 | Val Loss: 4.950e-01 | Active Proj %: 0.00 | Time: 5.44s
2025-08-21 02:27:26,813:INFO:Epoch: 10900/40000 | Train Loss: 2.981e-01 | Dynamic Loss: 2.978e-01 | Regularization Loss: 3.107e-04 | Val Loss: 5.761e-01 | Active Proj %: 0.00 | Time: 5.68s
2025-08-21 02:27:32,431:INFO:Epoch: 10950/40000 | Train Loss: 1.496e-01 | Dynamic Loss: 1.493e-01 | Regularization Loss: 2.848e-04 | Val Loss: 3.091e-01 | Active Proj %: 0.00 | Time: 5.51s
2025-08-21 02:27:32,431:INFO:New best model found at epoch 10950 with validation loss 3.091e-01. Saving...
2025-08-21 02:27:38,064:INFO:Epoch: 11000/40000 | Train Loss: 1.573e-01 | Dynamic Loss: 1.570e-01 | Regularization Loss: 2.620e-04 | Val Loss: 3.259e-01 | Active Proj %: 0.00 | Time: 5.50s
2025-08-21 02:27:43,670:INFO:Epoch: 11050/40000 | Train Loss: 1.750e-01 | Dynamic Loss: 1.748e-01 | Regularization Loss: 2.420e-04 | Val Loss: 3.238e-01 | Active Proj %: 0.00 | Time: 5.50s
2025-08-21 02:27:49,384:INFO:Epoch: 11100/40000 | Train Loss: 1.678e-01 | Dynamic Loss: 1.676e-01 | Regularization Loss: 2.241e-04 | Val Loss: 3.507e-01 | Active Proj %: 0.00 | Time: 5.47s
2025-08-21 02:27:54,963:INFO:Epoch: 11150/40000 | Train Loss: 1.442e-01 | Dynamic Loss: 1.440e-01 | Regularization Loss: 2.082e-04 | Val Loss: 3.052e-01 | Active Proj %: 0.00 | Time: 5.47s
2025-08-21 02:27:54,963:INFO:New best model found at epoch 11150 with validation loss 3.052e-01. Saving...
2025-08-21 02:28:00,636:INFO:Epoch: 11200/40000 | Train Loss: 1.452e-01 | Dynamic Loss: 1.450e-01 | Regularization Loss: 1.939e-04 | Val Loss: 3.097e-01 | Active Proj %: 0.00 | Time: 5.55s
2025-08-21 02:28:06,320:INFO:Epoch: 11250/40000 | Train Loss: 1.479e-01 | Dynamic Loss: 1.477e-01 | Regularization Loss: 1.810e-04 | Val Loss: 3.073e-01 | Active Proj %: 0.00 | Time: 5.58s
2025-08-21 02:28:12,064:INFO:Epoch: 11300/40000 | Train Loss: 3.368e-01 | Dynamic Loss: 3.366e-01 | Regularization Loss: 1.694e-04 | Val Loss: 4.459e-01 | Active Proj %: 0.00 | Time: 5.64s
2025-08-21 02:28:17,662:INFO:Epoch: 11350/40000 | Train Loss: 2.678e-01 | Dynamic Loss: 2.676e-01 | Regularization Loss: 1.587e-04 | Val Loss: 4.068e-01 | Active Proj %: 0.00 | Time: 5.50s
2025-08-21 02:28:23,255:INFO:Epoch: 11400/40000 | Train Loss: 1.596e-01 | Dynamic Loss: 1.595e-01 | Regularization Loss: 1.491e-04 | Val Loss: 3.162e-01 | Active Proj %: 0.00 | Time: 5.49s
2025-08-21 02:28:28,864:INFO:Epoch: 11450/40000 | Train Loss: 1.451e-01 | Dynamic Loss: 1.450e-01 | Regularization Loss: 1.403e-04 | Val Loss: 3.022e-01 | Active Proj %: 0.00 | Time: 5.50s
2025-08-21 02:28:28,864:INFO:New best model found at epoch 11450 with validation loss 3.022e-01. Saving...
2025-08-21 02:28:34,641:INFO:Epoch: 11500/40000 | Train Loss: 1.399e-01 | Dynamic Loss: 1.398e-01 | Regularization Loss: 1.323e-04 | Val Loss: 2.995e-01 | Active Proj %: 0.00 | Time: 5.65s
2025-08-21 02:28:34,641:INFO:New best model found at epoch 11500 with validation loss 2.995e-01. Saving...
2025-08-21 02:28:40,293:INFO:Epoch: 11550/40000 | Train Loss: 1.413e-01 | Dynamic Loss: 1.412e-01 | Regularization Loss: 1.249e-04 | Val Loss: 2.956e-01 | Active Proj %: 0.00 | Time: 5.52s
2025-08-21 02:28:40,294:INFO:New best model found at epoch 11550 with validation loss 2.956e-01. Saving...
2025-08-21 02:28:45,905:INFO:Epoch: 11600/40000 | Train Loss: 1.463e-01 | Dynamic Loss: 1.462e-01 | Regularization Loss: 1.181e-04 | Val Loss: 3.018e-01 | Active Proj %: 0.00 | Time: 5.48s
2025-08-21 02:28:51,454:INFO:Epoch: 11650/40000 | Train Loss: 1.631e-01 | Dynamic Loss: 1.630e-01 | Regularization Loss: 1.118e-04 | Val Loss: 3.246e-01 | Active Proj %: 0.00 | Time: 5.44s
2025-08-21 02:29:01,500:INFO:Epoch: 11700/40000 | Train Loss: 1.324e-01 | Dynamic Loss: 1.323e-01 | Regularization Loss: 1.060e-04 | Val Loss: 2.939e-01 | Active Proj %: 0.00 | Time: 9.94s
2025-08-21 02:29:01,500:INFO:New best model found at epoch 11700 with validation loss 2.939e-01. Saving...
2025-08-21 02:29:07,142:INFO:Epoch: 11750/40000 | Train Loss: 1.371e-01 | Dynamic Loss: 1.370e-01 | Regularization Loss: 1.006e-04 | Val Loss: 3.078e-01 | Active Proj %: 0.00 | Time: 5.52s
2025-08-21 02:29:12,687:INFO:Epoch: 11800/40000 | Train Loss: 1.314e-01 | Dynamic Loss: 1.313e-01 | Regularization Loss: 9.559e-05 | Val Loss: 2.911e-01 | Active Proj %: 0.00 | Time: 5.44s
2025-08-21 02:29:12,687:INFO:New best model found at epoch 11800 with validation loss 2.911e-01. Saving...
2025-08-21 02:29:18,394:INFO:Epoch: 11850/40000 | Train Loss: 1.379e-01 | Dynamic Loss: 1.378e-01 | Regularization Loss: 9.092e-05 | Val Loss: 3.049e-01 | Active Proj %: 0.00 | Time: 5.58s
2025-08-21 02:29:24,015:INFO:Epoch: 11900/40000 | Train Loss: 1.606e-01 | Dynamic Loss: 1.605e-01 | Regularization Loss: 8.657e-05 | Val Loss: 3.066e-01 | Active Proj %: 0.00 | Time: 5.52s
2025-08-21 02:29:29,578:INFO:Epoch: 11950/40000 | Train Loss: 1.292e-01 | Dynamic Loss: 1.291e-01 | Regularization Loss: 8.250e-05 | Val Loss: 2.910e-01 | Active Proj %: 0.00 | Time: 5.45s
2025-08-21 02:29:29,578:INFO:New best model found at epoch 11950 with validation loss 2.910e-01. Saving...
2025-08-21 02:29:35,271:INFO:Epoch: 12000/40000 | Train Loss: 1.414e-01 | Dynamic Loss: 1.413e-01 | Regularization Loss: 7.865e-05 | Val Loss: 2.960e-01 | Active Proj %: 0.00 | Time: 5.56s
2025-08-21 02:29:41,086:INFO:Epoch: 12050/40000 | Train Loss: 1.269e-01 | Dynamic Loss: 1.268e-01 | Regularization Loss: 7.509e-05 | Val Loss: 2.863e-01 | Active Proj %: 0.00 | Time: 5.70s
2025-08-21 02:29:41,086:INFO:New best model found at epoch 12050 with validation loss 2.863e-01. Saving...
2025-08-21 02:29:46,718:INFO:Epoch: 12100/40000 | Train Loss: 1.286e-01 | Dynamic Loss: 1.285e-01 | Regularization Loss: 7.174e-05 | Val Loss: 2.900e-01 | Active Proj %: 0.00 | Time: 5.51s
2025-08-21 02:29:52,277:INFO:Epoch: 12150/40000 | Train Loss: 1.271e-01 | Dynamic Loss: 1.271e-01 | Regularization Loss: 6.860e-05 | Val Loss: 2.889e-01 | Active Proj %: 0.00 | Time: 5.46s
2025-08-21 02:29:57,972:INFO:Epoch: 12200/40000 | Train Loss: 1.323e-01 | Dynamic Loss: 1.322e-01 | Regularization Loss: 6.564e-05 | Val Loss: 2.930e-01 | Active Proj %: 0.00 | Time: 5.59s
2025-08-21 02:30:03,627:INFO:Epoch: 12250/40000 | Train Loss: 1.326e-01 | Dynamic Loss: 1.326e-01 | Regularization Loss: 6.285e-05 | Val Loss: 2.959e-01 | Active Proj %: 0.00 | Time: 5.55s
2025-08-21 02:30:09,265:INFO:Epoch: 12300/40000 | Train Loss: 1.790e-01 | Dynamic Loss: 1.789e-01 | Regularization Loss: 6.022e-05 | Val Loss: 3.422e-01 | Active Proj %: 0.00 | Time: 5.53s
2025-08-21 02:30:14,896:INFO:Epoch: 12350/40000 | Train Loss: 1.199e-01 | Dynamic Loss: 1.199e-01 | Regularization Loss: 5.774e-05 | Val Loss: 2.828e-01 | Active Proj %: 0.00 | Time: 5.53s
2025-08-21 02:30:14,896:INFO:New best model found at epoch 12350 with validation loss 2.828e-01. Saving...
2025-08-21 02:30:20,608:INFO:Epoch: 12400/40000 | Train Loss: 1.238e-01 | Dynamic Loss: 1.238e-01 | Regularization Loss: 5.539e-05 | Val Loss: 2.881e-01 | Active Proj %: 0.00 | Time: 5.59s
2025-08-21 02:30:26,315:INFO:Epoch: 12450/40000 | Train Loss: 1.336e-01 | Dynamic Loss: 1.336e-01 | Regularization Loss: 5.317e-05 | Val Loss: 2.933e-01 | Active Proj %: 0.00 | Time: 5.60s
2025-08-21 02:30:32,061:INFO:Epoch: 12500/40000 | Train Loss: 1.618e-01 | Dynamic Loss: 1.618e-01 | Regularization Loss: 5.106e-05 | Val Loss: 3.001e-01 | Active Proj %: 0.00 | Time: 5.63s
2025-08-21 02:30:37,698:INFO:Epoch: 12550/40000 | Train Loss: 1.443e-01 | Dynamic Loss: 1.442e-01 | Regularization Loss: 4.907e-05 | Val Loss: 3.282e-01 | Active Proj %: 0.00 | Time: 5.53s
2025-08-21 02:30:43,432:INFO:Epoch: 12600/40000 | Train Loss: 1.170e-01 | Dynamic Loss: 1.170e-01 | Regularization Loss: 4.717e-05 | Val Loss: 2.816e-01 | Active Proj %: 0.00 | Time: 5.63s
2025-08-21 02:30:43,432:INFO:New best model found at epoch 12600 with validation loss 2.816e-01. Saving...
2025-08-21 02:30:49,078:INFO:Epoch: 12650/40000 | Train Loss: 1.155e-01 | Dynamic Loss: 1.155e-01 | Regularization Loss: 4.537e-05 | Val Loss: 2.781e-01 | Active Proj %: 0.00 | Time: 5.51s
2025-08-21 02:30:49,078:INFO:New best model found at epoch 12650 with validation loss 2.781e-01. Saving...
2025-08-21 02:30:54,752:INFO:Epoch: 12700/40000 | Train Loss: 1.299e-01 | Dynamic Loss: 1.298e-01 | Regularization Loss: 4.366e-05 | Val Loss: 2.929e-01 | Active Proj %: 0.00 | Time: 5.55s
2025-08-21 02:31:00,463:INFO:Epoch: 12750/40000 | Train Loss: 1.405e-01 | Dynamic Loss: 1.404e-01 | Regularization Loss: 4.203e-05 | Val Loss: 3.078e-01 | Active Proj %: 0.00 | Time: 5.49s
2025-08-21 02:31:06,210:INFO:Epoch: 12800/40000 | Train Loss: 3.460e-01 | Dynamic Loss: 3.460e-01 | Regularization Loss: 4.048e-05 | Val Loss: 3.736e-01 | Active Proj %: 0.00 | Time: 5.64s
2025-08-21 02:31:11,948:INFO:Epoch: 12850/40000 | Train Loss: 1.146e-01 | Dynamic Loss: 1.145e-01 | Regularization Loss: 3.901e-05 | Val Loss: 2.753e-01 | Active Proj %: 0.00 | Time: 5.63s
2025-08-21 02:31:11,948:INFO:New best model found at epoch 12850 with validation loss 2.753e-01. Saving...
2025-08-21 02:31:17,584:INFO:Epoch: 12900/40000 | Train Loss: 1.149e-01 | Dynamic Loss: 1.149e-01 | Regularization Loss: 3.760e-05 | Val Loss: 2.822e-01 | Active Proj %: 0.00 | Time: 5.51s
2025-08-21 02:31:24,225:INFO:Epoch: 12950/40000 | Train Loss: 1.170e-01 | Dynamic Loss: 1.170e-01 | Regularization Loss: 3.625e-05 | Val Loss: 2.785e-01 | Active Proj %: 0.00 | Time: 6.54s
2025-08-21 02:31:29,856:INFO:Epoch: 13000/40000 | Train Loss: 1.171e-01 | Dynamic Loss: 1.170e-01 | Regularization Loss: 3.497e-05 | Val Loss: 2.811e-01 | Active Proj %: 0.00 | Time: 5.52s
2025-08-21 02:31:35,514:INFO:Epoch: 13050/40000 | Train Loss: 1.165e-01 | Dynamic Loss: 1.164e-01 | Regularization Loss: 3.374e-05 | Val Loss: 2.798e-01 | Active Proj %: 0.00 | Time: 5.55s
2025-08-21 02:31:41,176:INFO:Epoch: 13100/40000 | Train Loss: 1.556e-01 | Dynamic Loss: 1.555e-01 | Regularization Loss: 3.257e-05 | Val Loss: 2.955e-01 | Active Proj %: 0.00 | Time: 5.56s
2025-08-21 02:31:52,660:INFO:Epoch: 13150/40000 | Train Loss: 1.800e-01 | Dynamic Loss: 1.799e-01 | Regularization Loss: 3.145e-05 | Val Loss: 3.567e-01 | Active Proj %: 0.00 | Time: 11.38s
2025-08-21 02:31:58,423:INFO:Epoch: 13200/40000 | Train Loss: 1.064e-01 | Dynamic Loss: 1.064e-01 | Regularization Loss: 3.037e-05 | Val Loss: 2.687e-01 | Active Proj %: 0.00 | Time: 5.66s
2025-08-21 02:31:58,423:INFO:New best model found at epoch 13200 with validation loss 2.687e-01. Saving...
2025-08-21 02:32:04,096:INFO:Epoch: 13250/40000 | Train Loss: 1.057e-01 | Dynamic Loss: 1.057e-01 | Regularization Loss: 2.934e-05 | Val Loss: 2.718e-01 | Active Proj %: 0.00 | Time: 5.54s
2025-08-21 02:32:09,857:INFO:Epoch: 13300/40000 | Train Loss: 1.098e-01 | Dynamic Loss: 1.097e-01 | Regularization Loss: 2.836e-05 | Val Loss: 2.767e-01 | Active Proj %: 0.00 | Time: 5.66s
2025-08-21 02:32:15,525:INFO:Epoch: 13350/40000 | Train Loss: 1.127e-01 | Dynamic Loss: 1.127e-01 | Regularization Loss: 2.741e-05 | Val Loss: 2.833e-01 | Active Proj %: 0.00 | Time: 5.56s
2025-08-21 02:32:21,224:INFO:Epoch: 13400/40000 | Train Loss: 1.334e-01 | Dynamic Loss: 1.333e-01 | Regularization Loss: 2.651e-05 | Val Loss: 2.885e-01 | Active Proj %: 0.00 | Time: 5.58s
2025-08-21 02:32:27,038:INFO:Epoch: 13450/40000 | Train Loss: 1.906e-01 | Dynamic Loss: 1.906e-01 | Regularization Loss: 2.564e-05 | Val Loss: 3.807e-01 | Active Proj %: 0.00 | Time: 5.70s
2025-08-21 02:32:32,753:INFO:Epoch: 13500/40000 | Train Loss: 1.141e-01 | Dynamic Loss: 1.141e-01 | Regularization Loss: 2.480e-05 | Val Loss: 2.949e-01 | Active Proj %: 0.00 | Time: 5.61s
2025-08-21 02:32:38,333:INFO:Epoch: 13550/40000 | Train Loss: 1.836e-01 | Dynamic Loss: 1.836e-01 | Regularization Loss: 2.400e-05 | Val Loss: 4.296e-01 | Active Proj %: 0.00 | Time: 5.47s
2025-08-21 02:32:44,026:INFO:Epoch: 13600/40000 | Train Loss: 1.003e-01 | Dynamic Loss: 1.003e-01 | Regularization Loss: 2.323e-05 | Val Loss: 2.684e-01 | Active Proj %: 0.00 | Time: 5.58s
2025-08-21 02:32:44,026:INFO:New best model found at epoch 13600 with validation loss 2.684e-01. Saving...
2025-08-21 02:32:49,935:INFO:Epoch: 13650/40000 | Train Loss: 9.956e-02 | Dynamic Loss: 9.954e-02 | Regularization Loss: 2.249e-05 | Val Loss: 2.651e-01 | Active Proj %: 0.00 | Time: 5.77s
2025-08-21 02:32:49,935:INFO:New best model found at epoch 13650 with validation loss 2.651e-01. Saving...
2025-08-21 02:32:55,742:INFO:Epoch: 13700/40000 | Train Loss: 1.024e-01 | Dynamic Loss: 1.024e-01 | Regularization Loss: 2.178e-05 | Val Loss: 2.650e-01 | Active Proj %: 0.00 | Time: 5.67s
2025-08-21 02:32:55,743:INFO:New best model found at epoch 13700 with validation loss 2.650e-01. Saving...
2025-08-21 02:33:01,415:INFO:Epoch: 13750/40000 | Train Loss: 1.055e-01 | Dynamic Loss: 1.055e-01 | Regularization Loss: 2.109e-05 | Val Loss: 2.718e-01 | Active Proj %: 0.00 | Time: 5.55s
2025-08-21 02:33:07,046:INFO:Epoch: 13800/40000 | Train Loss: 1.232e-01 | Dynamic Loss: 1.232e-01 | Regularization Loss: 2.043e-05 | Val Loss: 2.943e-01 | Active Proj %: 0.00 | Time: 5.52s
2025-08-21 02:33:17,493:INFO:Epoch: 13850/40000 | Train Loss: 1.083e-01 | Dynamic Loss: 1.083e-01 | Regularization Loss: 1.979e-05 | Val Loss: 2.838e-01 | Active Proj %: 0.00 | Time: 10.34s
2025-08-21 02:33:23,280:INFO:Epoch: 13900/40000 | Train Loss: 1.392e-01 | Dynamic Loss: 1.391e-01 | Regularization Loss: 1.918e-05 | Val Loss: 3.077e-01 | Active Proj %: 0.00 | Time: 5.68s
2025-08-21 02:33:28,989:INFO:Epoch: 13950/40000 | Train Loss: 2.134e-01 | Dynamic Loss: 2.134e-01 | Regularization Loss: 1.859e-05 | Val Loss: 2.779e-01 | Active Proj %: 0.00 | Time: 5.59s
2025-08-21 02:33:34,752:INFO:Epoch: 14000/40000 | Train Loss: 9.475e-02 | Dynamic Loss: 9.473e-02 | Regularization Loss: 1.802e-05 | Val Loss: 2.582e-01 | Active Proj %: 0.00 | Time: 5.65s
2025-08-21 02:33:34,752:INFO:New best model found at epoch 14000 with validation loss 2.582e-01. Saving...
2025-08-21 02:33:40,533:INFO:Epoch: 14050/40000 | Train Loss: 9.915e-02 | Dynamic Loss: 9.914e-02 | Regularization Loss: 1.748e-05 | Val Loss: 2.667e-01 | Active Proj %: 0.00 | Time: 5.64s
2025-08-21 02:33:46,236:INFO:Epoch: 14100/40000 | Train Loss: 9.861e-02 | Dynamic Loss: 9.860e-02 | Regularization Loss: 1.695e-05 | Val Loss: 2.695e-01 | Active Proj %: 0.00 | Time: 5.59s
2025-08-21 02:33:52,069:INFO:Epoch: 14150/40000 | Train Loss: 1.720e-01 | Dynamic Loss: 1.719e-01 | Regularization Loss: 1.644e-05 | Val Loss: 2.995e-01 | Active Proj %: 0.00 | Time: 5.72s
2025-08-21 02:33:57,745:INFO:Epoch: 14200/40000 | Train Loss: 2.030e-01 | Dynamic Loss: 2.029e-01 | Regularization Loss: 1.594e-05 | Val Loss: 3.430e-01 | Active Proj %: 0.00 | Time: 5.56s
2025-08-21 02:34:03,338:INFO:Epoch: 14250/40000 | Train Loss: 9.227e-02 | Dynamic Loss: 9.225e-02 | Regularization Loss: 1.547e-05 | Val Loss: 2.587e-01 | Active Proj %: 0.00 | Time: 5.48s
2025-08-21 02:34:09,123:INFO:Epoch: 14300/40000 | Train Loss: 2.971e-01 | Dynamic Loss: 2.971e-01 | Regularization Loss: 1.501e-05 | Val Loss: 3.445e-01 | Active Proj %: 0.00 | Time: 5.54s
2025-08-21 02:34:14,843:INFO:Epoch: 14350/40000 | Train Loss: 9.895e-02 | Dynamic Loss: 9.893e-02 | Regularization Loss: 1.457e-05 | Val Loss: 2.687e-01 | Active Proj %: 0.00 | Time: 5.61s
2025-08-21 02:34:20,546:INFO:Epoch: 14400/40000 | Train Loss: 1.452e-01 | Dynamic Loss: 1.452e-01 | Regularization Loss: 1.414e-05 | Val Loss: 2.759e-01 | Active Proj %: 0.00 | Time: 5.59s
2025-08-21 02:34:26,262:INFO:Epoch: 14450/40000 | Train Loss: 1.173e-01 | Dynamic Loss: 1.173e-01 | Regularization Loss: 1.373e-05 | Val Loss: 2.956e-01 | Active Proj %: 0.00 | Time: 5.60s
2025-08-21 02:34:33,884:INFO:Epoch: 14500/40000 | Train Loss: 1.208e-01 | Dynamic Loss: 1.208e-01 | Regularization Loss: 1.333e-05 | Val Loss: 3.171e-01 | Active Proj %: 0.00 | Time: 7.51s
2025-08-21 02:34:39,593:INFO:Epoch: 14550/40000 | Train Loss: 1.114e-01 | Dynamic Loss: 1.114e-01 | Regularization Loss: 1.294e-05 | Val Loss: 2.670e-01 | Active Proj %: 0.00 | Time: 5.60s
2025-08-21 02:34:45,268:INFO:Epoch: 14600/40000 | Train Loss: 1.521e+00 | Dynamic Loss: 1.521e+00 | Regularization Loss: 1.089e-05 | Val Loss: 1.636e+00 | Active Proj %: 0.00 | Time: 5.56s
2025-08-21 02:34:51,009:INFO:Epoch: 14650/40000 | Train Loss: 6.321e-01 | Dynamic Loss: 6.321e-01 | Regularization Loss: 8.396e-06 | Val Loss: 7.901e-01 | Active Proj %: 0.00 | Time: 5.63s
2025-08-21 02:34:56,630:INFO:Epoch: 14700/40000 | Train Loss: 2.558e-01 | Dynamic Loss: 2.558e-01 | Regularization Loss: 8.221e-06 | Val Loss: 4.007e-01 | Active Proj %: 0.00 | Time: 5.51s
2025-08-21 02:35:02,262:INFO:Epoch: 14750/40000 | Train Loss: 1.695e-01 | Dynamic Loss: 1.695e-01 | Regularization Loss: 8.060e-06 | Val Loss: 3.178e-01 | Active Proj %: 0.00 | Time: 5.52s
2025-08-21 02:35:07,973:INFO:Epoch: 14800/40000 | Train Loss: 1.497e-01 | Dynamic Loss: 1.497e-01 | Regularization Loss: 7.901e-06 | Val Loss: 2.975e-01 | Active Proj %: 0.00 | Time: 5.60s
2025-08-21 02:35:15,728:INFO:Epoch: 14850/40000 | Train Loss: 1.231e-01 | Dynamic Loss: 1.231e-01 | Regularization Loss: 7.745e-06 | Val Loss: 2.781e-01 | Active Proj %: 0.00 | Time: 7.64s
2025-08-21 02:35:21,435:INFO:Epoch: 14900/40000 | Train Loss: 1.162e-01 | Dynamic Loss: 1.162e-01 | Regularization Loss: 7.590e-06 | Val Loss: 2.720e-01 | Active Proj %: 0.00 | Time: 5.60s
2025-08-21 02:35:27,065:INFO:Epoch: 14950/40000 | Train Loss: 1.098e-01 | Dynamic Loss: 1.098e-01 | Regularization Loss: 7.438e-06 | Val Loss: 2.680e-01 | Active Proj %: 0.00 | Time: 5.52s
2025-08-21 02:35:32,904:INFO:Epoch: 15000/40000 | Train Loss: 1.090e-01 | Dynamic Loss: 1.090e-01 | Regularization Loss: 7.289e-06 | Val Loss: 2.671e-01 | Active Proj %: 0.00 | Time: 5.73s
2025-08-21 02:35:38,586:INFO:Epoch: 15050/40000 | Train Loss: 1.084e-01 | Dynamic Loss: 1.084e-01 | Regularization Loss: 7.141e-06 | Val Loss: 2.707e-01 | Active Proj %: 0.00 | Time: 5.57s
2025-08-21 02:35:44,188:INFO:Epoch: 15100/40000 | Train Loss: 1.168e-01 | Dynamic Loss: 1.168e-01 | Regularization Loss: 6.996e-06 | Val Loss: 2.708e-01 | Active Proj %: 0.00 | Time: 5.49s
2025-08-21 02:35:49,942:INFO:Epoch: 15150/40000 | Train Loss: 9.582e-02 | Dynamic Loss: 9.581e-02 | Regularization Loss: 6.854e-06 | Val Loss: 2.577e-01 | Active Proj %: 0.00 | Time: 5.65s
2025-08-21 02:35:49,942:INFO:New best model found at epoch 15150 with validation loss 2.577e-01. Saving...
2025-08-21 02:35:55,695:INFO:Epoch: 15200/40000 | Train Loss: 9.772e-02 | Dynamic Loss: 9.771e-02 | Regularization Loss: 6.713e-06 | Val Loss: 2.641e-01 | Active Proj %: 0.00 | Time: 5.62s
2025-08-21 02:36:01,309:INFO:Epoch: 15250/40000 | Train Loss: 1.252e-01 | Dynamic Loss: 1.252e-01 | Regularization Loss: 6.575e-06 | Val Loss: 2.634e-01 | Active Proj %: 0.00 | Time: 5.50s
2025-08-21 02:36:07,027:INFO:Epoch: 15300/40000 | Train Loss: 1.289e-01 | Dynamic Loss: 1.289e-01 | Regularization Loss: 6.439e-06 | Val Loss: 3.265e-01 | Active Proj %: 0.00 | Time: 5.46s
2025-08-21 02:36:12,756:INFO:Epoch: 15350/40000 | Train Loss: 9.260e-02 | Dynamic Loss: 9.259e-02 | Regularization Loss: 6.306e-06 | Val Loss: 2.571e-01 | Active Proj %: 0.00 | Time: 5.61s
2025-08-21 02:36:12,756:INFO:New best model found at epoch 15350 with validation loss 2.571e-01. Saving...
2025-08-21 02:36:18,493:INFO:Epoch: 15400/40000 | Train Loss: 1.686e-01 | Dynamic Loss: 1.686e-01 | Regularization Loss: 6.174e-06 | Val Loss: 2.866e-01 | Active Proj %: 0.00 | Time: 5.60s
2025-08-21 02:36:24,129:INFO:Epoch: 15450/40000 | Train Loss: 9.840e-02 | Dynamic Loss: 9.839e-02 | Regularization Loss: 6.045e-06 | Val Loss: 2.685e-01 | Active Proj %: 0.00 | Time: 5.53s
2025-08-21 02:36:29,904:INFO:Epoch: 15500/40000 | Train Loss: 1.219e-01 | Dynamic Loss: 1.219e-01 | Regularization Loss: 5.918e-06 | Val Loss: 3.017e-01 | Active Proj %: 0.00 | Time: 5.66s
2025-08-21 02:36:35,549:INFO:Epoch: 15550/40000 | Train Loss: 8.544e-02 | Dynamic Loss: 8.544e-02 | Regularization Loss: 5.793e-06 | Val Loss: 2.506e-01 | Active Proj %: 0.00 | Time: 5.53s
2025-08-21 02:36:35,549:INFO:New best model found at epoch 15550 with validation loss 2.506e-01. Saving...
2025-08-21 02:36:41,180:INFO:Epoch: 15600/40000 | Train Loss: 8.876e-02 | Dynamic Loss: 8.875e-02 | Regularization Loss: 5.671e-06 | Val Loss: 2.512e-01 | Active Proj %: 0.00 | Time: 5.50s
2025-08-21 02:36:46,904:INFO:Epoch: 15650/40000 | Train Loss: 9.046e-02 | Dynamic Loss: 9.046e-02 | Regularization Loss: 5.550e-06 | Val Loss: 2.551e-01 | Active Proj %: 0.00 | Time: 5.61s
2025-08-21 02:36:52,622:INFO:Epoch: 15700/40000 | Train Loss: 1.178e-01 | Dynamic Loss: 1.178e-01 | Regularization Loss: 5.432e-06 | Val Loss: 2.781e-01 | Active Proj %: 0.00 | Time: 5.60s
2025-08-21 02:36:58,349:INFO:Epoch: 15750/40000 | Train Loss: 8.244e-02 | Dynamic Loss: 8.243e-02 | Regularization Loss: 5.316e-06 | Val Loss: 2.473e-01 | Active Proj %: 0.00 | Time: 5.61s
2025-08-21 02:36:58,349:INFO:New best model found at epoch 15750 with validation loss 2.473e-01. Saving...
2025-08-21 02:37:04,183:INFO:Epoch: 15800/40000 | Train Loss: 9.176e-02 | Dynamic Loss: 9.176e-02 | Regularization Loss: 5.201e-06 | Val Loss: 2.656e-01 | Active Proj %: 0.00 | Time: 5.70s
2025-08-21 02:37:09,935:INFO:Epoch: 15850/40000 | Train Loss: 9.496e-02 | Dynamic Loss: 9.496e-02 | Regularization Loss: 5.089e-06 | Val Loss: 3.137e-01 | Active Proj %: 0.00 | Time: 5.64s
2025-08-21 02:37:15,667:INFO:Epoch: 15900/40000 | Train Loss: 1.727e-01 | Dynamic Loss: 1.727e-01 | Regularization Loss: 4.980e-06 | Val Loss: 3.986e-01 | Active Proj %: 0.00 | Time: 5.62s
2025-08-21 02:37:21,479:INFO:Epoch: 15950/40000 | Train Loss: 8.120e-02 | Dynamic Loss: 8.120e-02 | Regularization Loss: 4.872e-06 | Val Loss: 2.473e-01 | Active Proj %: 0.00 | Time: 5.57s
2025-08-21 02:37:27,208:INFO:Epoch: 16000/40000 | Train Loss: 8.149e-02 | Dynamic Loss: 8.148e-02 | Regularization Loss: 4.766e-06 | Val Loss: 2.502e-01 | Active Proj %: 0.00 | Time: 5.62s
2025-08-21 02:37:32,882:INFO:Epoch: 16050/40000 | Train Loss: 8.028e-02 | Dynamic Loss: 8.028e-02 | Regularization Loss: 4.662e-06 | Val Loss: 2.478e-01 | Active Proj %: 0.00 | Time: 5.56s
2025-08-21 02:37:38,606:INFO:Epoch: 16100/40000 | Train Loss: 7.914e-02 | Dynamic Loss: 7.913e-02 | Regularization Loss: 4.560e-06 | Val Loss: 2.454e-01 | Active Proj %: 0.00 | Time: 5.61s
2025-08-21 02:37:38,606:INFO:New best model found at epoch 16100 with validation loss 2.454e-01. Saving...
2025-08-21 02:37:45,245:INFO:Epoch: 16150/40000 | Train Loss: 7.921e-02 | Dynamic Loss: 7.921e-02 | Regularization Loss: 4.460e-06 | Val Loss: 2.419e-01 | Active Proj %: 0.00 | Time: 6.50s
2025-08-21 02:37:45,245:INFO:New best model found at epoch 16150 with validation loss 2.419e-01. Saving...
2025-08-21 02:37:50,958:INFO:Epoch: 16200/40000 | Train Loss: 8.242e-02 | Dynamic Loss: 8.242e-02 | Regularization Loss: 4.362e-06 | Val Loss: 2.518e-01 | Active Proj %: 0.00 | Time: 5.58s
2025-08-21 02:37:56,604:INFO:Epoch: 16250/40000 | Train Loss: 1.363e-01 | Dynamic Loss: 1.363e-01 | Regularization Loss: 4.265e-06 | Val Loss: 2.869e-01 | Active Proj %: 0.00 | Time: 5.54s
2025-08-21 02:38:02,378:INFO:Epoch: 16300/40000 | Train Loss: 7.601e-02 | Dynamic Loss: 7.601e-02 | Regularization Loss: 4.171e-06 | Val Loss: 2.429e-01 | Active Proj %: 0.00 | Time: 5.66s
2025-08-21 02:38:08,097:INFO:Epoch: 16350/40000 | Train Loss: 7.765e-02 | Dynamic Loss: 7.765e-02 | Regularization Loss: 4.079e-06 | Val Loss: 2.474e-01 | Active Proj %: 0.00 | Time: 5.61s
2025-08-21 02:38:13,789:INFO:Epoch: 16400/40000 | Train Loss: 9.116e-02 | Dynamic Loss: 9.116e-02 | Regularization Loss: 3.988e-06 | Val Loss: 2.569e-01 | Active Proj %: 0.00 | Time: 5.59s
2025-08-21 02:38:19,410:INFO:Epoch: 16450/40000 | Train Loss: 1.018e-01 | Dynamic Loss: 1.018e-01 | Regularization Loss: 3.899e-06 | Val Loss: 2.640e-01 | Active Proj %: 0.00 | Time: 5.52s
2025-08-21 02:38:27,064:INFO:Epoch: 16500/40000 | Train Loss: 9.346e-02 | Dynamic Loss: 9.345e-02 | Regularization Loss: 3.812e-06 | Val Loss: 2.649e-01 | Active Proj %: 0.00 | Time: 7.54s
2025-08-21 02:38:32,747:INFO:Epoch: 16550/40000 | Train Loss: 8.340e-02 | Dynamic Loss: 8.340e-02 | Regularization Loss: 3.726e-06 | Val Loss: 2.401e-01 | Active Proj %: 0.00 | Time: 5.57s
2025-08-21 02:38:32,747:INFO:New best model found at epoch 16550 with validation loss 2.401e-01. Saving...
2025-08-21 02:38:38,507:INFO:Epoch: 16600/40000 | Train Loss: 1.013e-01 | Dynamic Loss: 1.013e-01 | Regularization Loss: 3.643e-06 | Val Loss: 2.552e-01 | Active Proj %: 0.00 | Time: 5.62s
2025-08-21 02:38:44,302:INFO:Epoch: 16650/40000 | Train Loss: 3.059e-01 | Dynamic Loss: 3.059e-01 | Regularization Loss: 3.561e-06 | Val Loss: 4.067e-01 | Active Proj %: 0.00 | Time: 5.69s
2025-08-21 02:38:50,065:INFO:Epoch: 16700/40000 | Train Loss: 7.851e-02 | Dynamic Loss: 7.851e-02 | Regularization Loss: 3.480e-06 | Val Loss: 2.465e-01 | Active Proj %: 0.00 | Time: 5.65s
2025-08-21 02:38:55,755:INFO:Epoch: 16750/40000 | Train Loss: 7.342e-02 | Dynamic Loss: 7.341e-02 | Regularization Loss: 3.402e-06 | Val Loss: 2.377e-01 | Active Proj %: 0.00 | Time: 5.58s
2025-08-21 02:38:55,755:INFO:New best model found at epoch 16750 with validation loss 2.377e-01. Saving...
2025-08-21 02:39:01,610:INFO:Epoch: 16800/40000 | Train Loss: 8.317e-02 | Dynamic Loss: 8.317e-02 | Regularization Loss: 3.325e-06 | Val Loss: 2.501e-01 | Active Proj %: 0.00 | Time: 5.72s
2025-08-21 02:39:07,339:INFO:Epoch: 16850/40000 | Train Loss: 1.667e-01 | Dynamic Loss: 1.667e-01 | Regularization Loss: 3.249e-06 | Val Loss: 3.436e-01 | Active Proj %: 0.00 | Time: 5.62s
2025-08-21 02:39:13,051:INFO:Epoch: 16900/40000 | Train Loss: 2.290e-01 | Dynamic Loss: 2.290e-01 | Regularization Loss: 3.175e-06 | Val Loss: 5.009e-01 | Active Proj %: 0.00 | Time: 5.60s
2025-08-21 02:39:18,737:INFO:Epoch: 16950/40000 | Train Loss: 7.403e-02 | Dynamic Loss: 7.403e-02 | Regularization Loss: 3.103e-06 | Val Loss: 2.405e-01 | Active Proj %: 0.00 | Time: 5.57s
2025-08-21 02:39:26,398:INFO:Epoch: 17000/40000 | Train Loss: 7.366e-02 | Dynamic Loss: 7.366e-02 | Regularization Loss: 3.032e-06 | Val Loss: 2.379e-01 | Active Proj %: 0.00 | Time: 7.55s
2025-08-21 02:39:32,083:INFO:Epoch: 17050/40000 | Train Loss: 7.628e-02 | Dynamic Loss: 7.628e-02 | Regularization Loss: 2.963e-06 | Val Loss: 2.431e-01 | Active Proj %: 0.00 | Time: 5.58s
2025-08-21 02:39:37,811:INFO:Epoch: 17100/40000 | Train Loss: 8.613e-02 | Dynamic Loss: 8.613e-02 | Regularization Loss: 2.895e-06 | Val Loss: 2.430e-01 | Active Proj %: 0.00 | Time: 5.62s
2025-08-21 02:39:43,587:INFO:Epoch: 17150/40000 | Train Loss: 1.008e-01 | Dynamic Loss: 1.008e-01 | Regularization Loss: 2.828e-06 | Val Loss: 2.505e-01 | Active Proj %: 0.00 | Time: 5.67s
2025-08-21 02:39:49,259:INFO:Epoch: 17200/40000 | Train Loss: 8.976e-02 | Dynamic Loss: 8.976e-02 | Regularization Loss: 2.763e-06 | Val Loss: 2.557e-01 | Active Proj %: 0.00 | Time: 5.56s
2025-08-21 02:39:54,863:INFO:Epoch: 17250/40000 | Train Loss: 1.235e-01 | Dynamic Loss: 1.235e-01 | Regularization Loss: 2.700e-06 | Val Loss: 2.465e-01 | Active Proj %: 0.00 | Time: 5.50s
2025-08-21 02:40:00,614:INFO:Epoch: 17300/40000 | Train Loss: 8.159e-02 | Dynamic Loss: 8.159e-02 | Regularization Loss: 2.637e-06 | Val Loss: 2.455e-01 | Active Proj %: 0.00 | Time: 5.64s
2025-08-21 02:40:06,441:INFO:Epoch: 17350/40000 | Train Loss: 7.270e-02 | Dynamic Loss: 7.270e-02 | Regularization Loss: 2.576e-06 | Val Loss: 2.400e-01 | Active Proj %: 0.00 | Time: 5.72s
2025-08-21 02:40:12,035:INFO:Epoch: 17400/40000 | Train Loss: 7.794e-02 | Dynamic Loss: 7.794e-02 | Regularization Loss: 2.517e-06 | Val Loss: 2.354e-01 | Active Proj %: 0.00 | Time: 5.49s
2025-08-21 02:40:12,036:INFO:New best model found at epoch 17400 with validation loss 2.354e-01. Saving...
2025-08-21 02:40:17,792:INFO:Epoch: 17450/40000 | Train Loss: 6.993e-02 | Dynamic Loss: 6.992e-02 | Regularization Loss: 2.458e-06 | Val Loss: 2.363e-01 | Active Proj %: 0.00 | Time: 5.61s
2025-08-21 02:40:30,427:INFO:Epoch: 17500/40000 | Train Loss: 7.567e-02 | Dynamic Loss: 7.567e-02 | Regularization Loss: 2.401e-06 | Val Loss: 2.487e-01 | Active Proj %: 0.00 | Time: 12.53s
2025-08-21 02:40:36,091:INFO:Epoch: 17550/40000 | Train Loss: 7.126e-02 | Dynamic Loss: 7.126e-02 | Regularization Loss: 2.345e-06 | Val Loss: 2.367e-01 | Active Proj %: 0.00 | Time: 5.56s
2025-08-21 02:40:41,792:INFO:Epoch: 17600/40000 | Train Loss: 8.836e-02 | Dynamic Loss: 8.836e-02 | Regularization Loss: 2.291e-06 | Val Loss: 2.467e-01 | Active Proj %: 0.00 | Time: 5.59s
2025-08-21 02:40:47,591:INFO:Epoch: 17650/40000 | Train Loss: 8.629e-02 | Dynamic Loss: 8.628e-02 | Regularization Loss: 2.237e-06 | Val Loss: 2.333e-01 | Active Proj %: 0.00 | Time: 5.69s
2025-08-21 02:40:47,591:INFO:New best model found at epoch 17650 with validation loss 2.333e-01. Saving...
2025-08-21 02:40:53,389:INFO:Epoch: 17700/40000 | Train Loss: 7.950e-02 | Dynamic Loss: 7.950e-02 | Regularization Loss: 2.185e-06 | Val Loss: 2.465e-01 | Active Proj %: 0.00 | Time: 5.66s
2025-08-21 02:40:59,138:INFO:Epoch: 17750/40000 | Train Loss: 1.077e-01 | Dynamic Loss: 1.077e-01 | Regularization Loss: 2.134e-06 | Val Loss: 2.419e-01 | Active Proj %: 0.00 | Time: 5.63s
2025-08-21 02:41:04,972:INFO:Epoch: 17800/40000 | Train Loss: 1.563e-01 | Dynamic Loss: 1.563e-01 | Regularization Loss: 2.084e-06 | Val Loss: 2.493e-01 | Active Proj %: 0.00 | Time: 5.72s
2025-08-21 02:41:10,705:INFO:Epoch: 17850/40000 | Train Loss: 9.513e-02 | Dynamic Loss: 9.513e-02 | Regularization Loss: 2.035e-06 | Val Loss: 2.712e-01 | Active Proj %: 0.00 | Time: 5.62s
2025-08-21 02:41:16,333:INFO:Epoch: 17900/40000 | Train Loss: 8.184e-02 | Dynamic Loss: 8.184e-02 | Regularization Loss: 1.987e-06 | Val Loss: 2.574e-01 | Active Proj %: 0.00 | Time: 5.52s
2025-08-21 02:41:22,395:INFO:Epoch: 17950/40000 | Train Loss: 6.636e-02 | Dynamic Loss: 6.636e-02 | Regularization Loss: 1.940e-06 | Val Loss: 2.324e-01 | Active Proj %: 0.00 | Time: 5.95s
2025-08-21 02:41:22,395:INFO:New best model found at epoch 17950 with validation loss 2.324e-01. Saving...
2025-08-21 02:41:30,719:INFO:Epoch: 18000/40000 | Train Loss: 6.602e-02 | Dynamic Loss: 6.602e-02 | Regularization Loss: 1.895e-06 | Val Loss: 2.338e-01 | Active Proj %: 0.00 | Time: 8.19s
2025-08-21 02:41:36,366:INFO:Epoch: 18050/40000 | Train Loss: 7.276e-02 | Dynamic Loss: 7.276e-02 | Regularization Loss: 1.850e-06 | Val Loss: 2.363e-01 | Active Proj %: 0.00 | Time: 5.54s
2025-08-21 02:41:41,983:INFO:Epoch: 18100/40000 | Train Loss: 6.759e-02 | Dynamic Loss: 6.759e-02 | Regularization Loss: 1.806e-06 | Val Loss: 2.312e-01 | Active Proj %: 0.00 | Time: 5.50s
2025-08-21 02:41:41,983:INFO:New best model found at epoch 18100 with validation loss 2.312e-01. Saving...
2025-08-21 02:41:47,809:INFO:Epoch: 18150/40000 | Train Loss: 7.984e-02 | Dynamic Loss: 7.984e-02 | Regularization Loss: 1.764e-06 | Val Loss: 2.531e-01 | Active Proj %: 0.00 | Time: 5.70s
2025-08-21 02:41:53,491:INFO:Epoch: 18200/40000 | Train Loss: 8.572e-02 | Dynamic Loss: 8.571e-02 | Regularization Loss: 1.722e-06 | Val Loss: 2.378e-01 | Active Proj %: 0.00 | Time: 5.57s
2025-08-21 02:41:59,224:INFO:Epoch: 18250/40000 | Train Loss: 1.130e-01 | Dynamic Loss: 1.130e-01 | Regularization Loss: 1.681e-06 | Val Loss: 2.767e-01 | Active Proj %: 0.00 | Time: 5.62s
2025-08-21 02:42:05,029:INFO:Epoch: 18300/40000 | Train Loss: 2.470e-01 | Dynamic Loss: 2.470e-01 | Regularization Loss: 1.641e-06 | Val Loss: 3.367e-01 | Active Proj %: 0.00 | Time: 5.70s
2025-08-21 02:42:10,862:INFO:Epoch: 18350/40000 | Train Loss: 8.255e-02 | Dynamic Loss: 8.255e-02 | Regularization Loss: 1.603e-06 | Val Loss: 2.324e-01 | Active Proj %: 0.00 | Time: 5.72s
2025-08-21 02:42:16,652:INFO:Epoch: 18400/40000 | Train Loss: 8.656e-02 | Dynamic Loss: 8.656e-02 | Regularization Loss: 1.564e-06 | Val Loss: 2.564e-01 | Active Proj %: 0.00 | Time: 5.68s
2025-08-21 02:42:22,647:INFO:Epoch: 18450/40000 | Train Loss: 9.002e-02 | Dynamic Loss: 9.001e-02 | Regularization Loss: 1.527e-06 | Val Loss: 3.069e-01 | Active Proj %: 0.00 | Time: 5.89s
2025-08-21 02:42:28,384:INFO:Epoch: 18500/40000 | Train Loss: 6.086e-02 | Dynamic Loss: 6.086e-02 | Regularization Loss: 1.491e-06 | Val Loss: 2.294e-01 | Active Proj %: 0.00 | Time: 5.62s
2025-08-21 02:42:28,384:INFO:New best model found at epoch 18500 with validation loss 2.294e-01. Saving...
2025-08-21 02:42:34,248:INFO:Epoch: 18550/40000 | Train Loss: 6.237e-02 | Dynamic Loss: 6.237e-02 | Regularization Loss: 1.455e-06 | Val Loss: 2.304e-01 | Active Proj %: 0.00 | Time: 5.74s
2025-08-21 02:42:40,067:INFO:Epoch: 18600/40000 | Train Loss: 6.283e-02 | Dynamic Loss: 6.283e-02 | Regularization Loss: 1.421e-06 | Val Loss: 2.329e-01 | Active Proj %: 0.00 | Time: 5.71s
2025-08-21 02:42:45,792:INFO:Epoch: 18650/40000 | Train Loss: 7.568e-02 | Dynamic Loss: 7.568e-02 | Regularization Loss: 1.387e-06 | Val Loss: 2.362e-01 | Active Proj %: 0.00 | Time: 5.61s
2025-08-21 02:42:51,421:INFO:Epoch: 18700/40000 | Train Loss: 7.264e-02 | Dynamic Loss: 7.264e-02 | Regularization Loss: 1.354e-06 | Val Loss: 2.364e-01 | Active Proj %: 0.00 | Time: 5.52s
2025-08-21 02:42:57,161:INFO:Epoch: 18750/40000 | Train Loss: 7.725e-02 | Dynamic Loss: 7.724e-02 | Regularization Loss: 1.321e-06 | Val Loss: 2.409e-01 | Active Proj %: 0.00 | Time: 5.63s
2025-08-21 02:43:02,848:INFO:Epoch: 18800/40000 | Train Loss: 9.672e-02 | Dynamic Loss: 9.672e-02 | Regularization Loss: 1.290e-06 | Val Loss: 2.448e-01 | Active Proj %: 0.00 | Time: 5.57s
2025-08-21 02:43:08,536:INFO:Epoch: 18850/40000 | Train Loss: 6.446e-02 | Dynamic Loss: 6.446e-02 | Regularization Loss: 1.259e-06 | Val Loss: 2.337e-01 | Active Proj %: 0.00 | Time: 5.58s
2025-08-21 02:43:14,203:INFO:Epoch: 18900/40000 | Train Loss: 1.017e-01 | Dynamic Loss: 1.017e-01 | Regularization Loss: 1.229e-06 | Val Loss: 2.578e-01 | Active Proj %: 0.00 | Time: 5.56s
2025-08-21 02:43:26,540:INFO:Epoch: 18950/40000 | Train Loss: 5.829e-02 | Dynamic Loss: 5.829e-02 | Regularization Loss: 1.199e-06 | Val Loss: 2.254e-01 | Active Proj %: 0.00 | Time: 12.23s
2025-08-21 02:43:26,540:INFO:New best model found at epoch 18950 with validation loss 2.254e-01. Saving...
2025-08-21 02:43:32,238:INFO:Epoch: 19000/40000 | Train Loss: 6.207e-02 | Dynamic Loss: 6.207e-02 | Regularization Loss: 1.171e-06 | Val Loss: 2.340e-01 | Active Proj %: 0.00 | Time: 5.57s
2025-08-21 02:43:37,957:INFO:Epoch: 19050/40000 | Train Loss: 7.430e-02 | Dynamic Loss: 7.430e-02 | Regularization Loss: 1.142e-06 | Val Loss: 2.459e-01 | Active Proj %: 0.00 | Time: 5.61s
2025-08-21 02:43:50,481:INFO:Epoch: 19100/40000 | Train Loss: 7.280e-02 | Dynamic Loss: 7.280e-02 | Regularization Loss: 1.115e-06 | Val Loss: 2.399e-01 | Active Proj %: 0.00 | Time: 12.41s
2025-08-21 02:43:56,203:INFO:Epoch: 19150/40000 | Train Loss: 6.348e-02 | Dynamic Loss: 6.348e-02 | Regularization Loss: 1.088e-06 | Val Loss: 2.294e-01 | Active Proj %: 0.00 | Time: 5.61s
2025-08-21 02:44:02,022:INFO:Epoch: 19200/40000 | Train Loss: 6.264e-02 | Dynamic Loss: 6.264e-02 | Regularization Loss: 1.062e-06 | Val Loss: 2.302e-01 | Active Proj %: 0.00 | Time: 5.70s
2025-08-21 02:44:12,520:INFO:Epoch: 19250/40000 | Train Loss: 8.760e-02 | Dynamic Loss: 8.760e-02 | Regularization Loss: 1.036e-06 | Val Loss: 2.294e-01 | Active Proj %: 0.00 | Time: 10.38s
2025-08-21 02:44:18,279:INFO:Epoch: 19300/40000 | Train Loss: 6.383e-02 | Dynamic Loss: 6.383e-02 | Regularization Loss: 1.012e-06 | Val Loss: 2.308e-01 | Active Proj %: 0.00 | Time: 5.64s
2025-08-21 02:44:23,946:INFO:Epoch: 19350/40000 | Train Loss: 6.326e-02 | Dynamic Loss: 6.326e-02 | Regularization Loss: 9.871e-07 | Val Loss: 2.325e-01 | Active Proj %: 0.00 | Time: 5.55s
2025-08-21 02:44:29,798:INFO:Epoch: 19400/40000 | Train Loss: 6.085e-02 | Dynamic Loss: 6.084e-02 | Regularization Loss: 9.633e-07 | Val Loss: 2.306e-01 | Active Proj %: 0.00 | Time: 5.74s
2025-08-21 02:44:35,446:INFO:Epoch: 19450/40000 | Train Loss: 6.101e-02 | Dynamic Loss: 6.101e-02 | Regularization Loss: 9.401e-07 | Val Loss: 2.366e-01 | Active Proj %: 0.00 | Time: 5.54s
2025-08-21 02:44:41,106:INFO:Epoch: 19500/40000 | Train Loss: 7.256e-02 | Dynamic Loss: 7.256e-02 | Regularization Loss: 9.174e-07 | Val Loss: 2.303e-01 | Active Proj %: 0.00 | Time: 5.55s
2025-08-21 02:44:46,923:INFO:Epoch: 19550/40000 | Train Loss: 5.637e-02 | Dynamic Loss: 5.637e-02 | Regularization Loss: 8.952e-07 | Val Loss: 2.274e-01 | Active Proj %: 0.00 | Time: 5.70s
2025-08-21 02:44:52,574:INFO:Epoch: 19600/40000 | Train Loss: 5.634e-02 | Dynamic Loss: 5.634e-02 | Regularization Loss: 8.736e-07 | Val Loss: 2.276e-01 | Active Proj %: 0.00 | Time: 5.54s
2025-08-21 02:44:58,853:INFO:Epoch: 19650/40000 | Train Loss: 5.623e-02 | Dynamic Loss: 5.623e-02 | Regularization Loss: 8.525e-07 | Val Loss: 2.271e-01 | Active Proj %: 0.00 | Time: 6.16s
2025-08-21 02:45:04,758:INFO:Epoch: 19700/40000 | Train Loss: 5.547e-02 | Dynamic Loss: 5.547e-02 | Regularization Loss: 8.318e-07 | Val Loss: 2.263e-01 | Active Proj %: 0.00 | Time: 5.79s
2025-08-21 02:45:10,464:INFO:Epoch: 19750/40000 | Train Loss: 7.803e-02 | Dynamic Loss: 7.803e-02 | Regularization Loss: 8.117e-07 | Val Loss: 2.396e-01 | Active Proj %: 0.00 | Time: 5.59s
2025-08-21 02:45:16,243:INFO:Epoch: 19800/40000 | Train Loss: 5.933e-02 | Dynamic Loss: 5.933e-02 | Regularization Loss: 7.921e-07 | Val Loss: 2.308e-01 | Active Proj %: 0.00 | Time: 5.66s
2025-08-21 02:45:22,081:INFO:Epoch: 19850/40000 | Train Loss: 6.968e-02 | Dynamic Loss: 6.968e-02 | Regularization Loss: 7.729e-07 | Val Loss: 2.373e-01 | Active Proj %: 0.00 | Time: 5.72s
2025-08-21 02:45:27,807:INFO:Epoch: 19900/40000 | Train Loss: 6.113e-02 | Dynamic Loss: 6.113e-02 | Regularization Loss: 7.541e-07 | Val Loss: 2.492e-01 | Active Proj %: 0.00 | Time: 5.61s
2025-08-21 02:45:33,540:INFO:Epoch: 19950/40000 | Train Loss: 6.821e-02 | Dynamic Loss: 6.821e-02 | Regularization Loss: 7.358e-07 | Val Loss: 2.345e-01 | Active Proj %: 0.00 | Time: 5.62s
2025-08-21 02:45:39,268:INFO:Epoch: 20000/40000 | Train Loss: 6.406e-02 | Dynamic Loss: 6.406e-02 | Regularization Loss: 7.180e-07 | Val Loss: 2.296e-01 | Active Proj %: 0.00 | Time: 5.62s
2025-08-21 02:45:44,981:INFO:Epoch: 20050/40000 | Train Loss: 6.938e-02 | Dynamic Loss: 6.938e-02 | Regularization Loss: 7.006e-07 | Val Loss: 2.476e-01 | Active Proj %: 0.00 | Time: 5.60s
2025-08-21 02:45:50,694:INFO:Epoch: 20100/40000 | Train Loss: 6.012e-02 | Dynamic Loss: 6.012e-02 | Regularization Loss: 6.835e-07 | Val Loss: 2.355e-01 | Active Proj %: 0.00 | Time: 5.60s
2025-08-21 02:45:56,577:INFO:Epoch: 20150/40000 | Train Loss: 6.681e-02 | Dynamic Loss: 6.681e-02 | Regularization Loss: 6.669e-07 | Val Loss: 2.375e-01 | Active Proj %: 0.00 | Time: 5.76s
2025-08-21 02:46:02,366:INFO:Epoch: 20200/40000 | Train Loss: 7.280e-02 | Dynamic Loss: 7.280e-02 | Regularization Loss: 6.507e-07 | Val Loss: 2.425e-01 | Active Proj %: 0.00 | Time: 5.68s
2025-08-21 02:46:08,081:INFO:Epoch: 20250/40000 | Train Loss: 6.927e-02 | Dynamic Loss: 6.927e-02 | Regularization Loss: 6.349e-07 | Val Loss: 2.439e-01 | Active Proj %: 0.00 | Time: 5.60s
2025-08-21 02:46:13,772:INFO:Epoch: 20300/40000 | Train Loss: 5.915e-02 | Dynamic Loss: 5.915e-02 | Regularization Loss: 6.195e-07 | Val Loss: 2.395e-01 | Active Proj %: 0.00 | Time: 5.58s
2025-08-21 02:46:22,222:INFO:Epoch: 20350/40000 | Train Loss: 6.057e-02 | Dynamic Loss: 6.057e-02 | Regularization Loss: 6.044e-07 | Val Loss: 2.324e-01 | Active Proj %: 0.00 | Time: 8.34s
2025-08-21 02:46:28,021:INFO:Epoch: 20400/40000 | Train Loss: 1.103e-01 | Dynamic Loss: 1.103e-01 | Regularization Loss: 5.897e-07 | Val Loss: 2.356e-01 | Active Proj %: 0.00 | Time: 5.69s
2025-08-21 02:46:33,693:INFO:Epoch: 20450/40000 | Train Loss: 6.193e-02 | Dynamic Loss: 6.193e-02 | Regularization Loss: 5.753e-07 | Val Loss: 2.327e-01 | Active Proj %: 0.00 | Time: 5.56s
2025-08-21 02:46:39,791:INFO:Epoch: 20500/40000 | Train Loss: 5.444e-02 | Dynamic Loss: 5.444e-02 | Regularization Loss: 5.613e-07 | Val Loss: 2.308e-01 | Active Proj %: 0.00 | Time: 6.00s
2025-08-21 02:46:45,469:INFO:Epoch: 20550/40000 | Train Loss: 5.418e-02 | Dynamic Loss: 5.418e-02 | Regularization Loss: 5.476e-07 | Val Loss: 2.286e-01 | Active Proj %: 0.00 | Time: 5.58s
2025-08-21 02:46:51,259:INFO:Epoch: 20600/40000 | Train Loss: 6.722e-02 | Dynamic Loss: 6.722e-02 | Regularization Loss: 5.343e-07 | Val Loss: 2.368e-01 | Active Proj %: 0.00 | Time: 5.69s
2025-08-21 02:46:57,793:INFO:Epoch: 20650/40000 | Train Loss: 5.745e-02 | Dynamic Loss: 5.745e-02 | Regularization Loss: 5.212e-07 | Val Loss: 2.360e-01 | Active Proj %: 0.00 | Time: 6.43s
2025-08-21 02:47:03,513:INFO:Epoch: 20700/40000 | Train Loss: 5.242e-02 | Dynamic Loss: 5.242e-02 | Regularization Loss: 5.085e-07 | Val Loss: 2.306e-01 | Active Proj %: 0.00 | Time: 5.62s
2025-08-21 02:47:09,327:INFO:Epoch: 20750/40000 | Train Loss: 9.183e-02 | Dynamic Loss: 9.183e-02 | Regularization Loss: 4.961e-07 | Val Loss: 2.810e-01 | Active Proj %: 0.00 | Time: 5.72s
2025-08-21 02:47:15,204:INFO:Epoch: 20800/40000 | Train Loss: 6.061e-02 | Dynamic Loss: 6.061e-02 | Regularization Loss: 4.840e-07 | Val Loss: 2.312e-01 | Active Proj %: 0.00 | Time: 5.77s
2025-08-21 02:47:20,893:INFO:Epoch: 20850/40000 | Train Loss: 7.903e-02 | Dynamic Loss: 7.902e-02 | Regularization Loss: 4.722e-07 | Val Loss: 2.439e-01 | Active Proj %: 0.00 | Time: 5.59s
2025-08-21 02:47:26,510:INFO:Epoch: 20900/40000 | Train Loss: 5.498e-02 | Dynamic Loss: 5.498e-02 | Regularization Loss: 4.607e-07 | Val Loss: 2.282e-01 | Active Proj %: 0.00 | Time: 5.52s
2025-08-21 02:47:32,285:INFO:Epoch: 20950/40000 | Train Loss: 5.194e-02 | Dynamic Loss: 5.194e-02 | Regularization Loss: 4.494e-07 | Val Loss: 2.272e-01 | Active Proj %: 0.00 | Time: 5.67s
2025-08-21 02:47:37,993:INFO:Epoch: 21000/40000 | Train Loss: 6.213e-02 | Dynamic Loss: 6.213e-02 | Regularization Loss: 4.384e-07 | Val Loss: 2.313e-01 | Active Proj %: 0.00 | Time: 5.61s
2025-08-21 02:47:43,911:INFO:Epoch: 21050/40000 | Train Loss: 6.800e-02 | Dynamic Loss: 6.799e-02 | Regularization Loss: 4.277e-07 | Val Loss: 2.270e-01 | Active Proj %: 0.00 | Time: 5.81s
2025-08-21 02:47:49,695:INFO:Epoch: 21100/40000 | Train Loss: 5.355e-02 | Dynamic Loss: 5.355e-02 | Regularization Loss: 4.173e-07 | Val Loss: 2.287e-01 | Active Proj %: 0.00 | Time: 5.68s
2025-08-21 02:47:55,392:INFO:Epoch: 21150/40000 | Train Loss: 5.391e-02 | Dynamic Loss: 5.391e-02 | Regularization Loss: 4.071e-07 | Val Loss: 2.328e-01 | Active Proj %: 0.00 | Time: 5.60s
2025-08-21 02:48:01,165:INFO:Epoch: 21200/40000 | Train Loss: 1.467e-01 | Dynamic Loss: 1.467e-01 | Regularization Loss: 3.971e-07 | Val Loss: 2.484e-01 | Active Proj %: 0.00 | Time: 5.67s
2025-08-21 02:48:06,837:INFO:Epoch: 21250/40000 | Train Loss: 5.388e-02 | Dynamic Loss: 5.388e-02 | Regularization Loss: 3.874e-07 | Val Loss: 2.382e-01 | Active Proj %: 0.00 | Time: 5.57s
2025-08-21 02:48:15,715:INFO:Epoch: 21300/40000 | Train Loss: 5.456e-02 | Dynamic Loss: 5.456e-02 | Regularization Loss: 3.779e-07 | Val Loss: 2.297e-01 | Active Proj %: 0.00 | Time: 8.78s
2025-08-21 02:48:21,422:INFO:Epoch: 21350/40000 | Train Loss: 5.253e-02 | Dynamic Loss: 5.253e-02 | Regularization Loss: 3.687e-07 | Val Loss: 2.281e-01 | Active Proj %: 0.00 | Time: 5.60s
2025-08-21 02:48:27,077:INFO:Epoch: 21400/40000 | Train Loss: 1.531e-01 | Dynamic Loss: 1.531e-01 | Regularization Loss: 3.596e-07 | Val Loss: 3.587e-01 | Active Proj %: 0.00 | Time: 5.55s
2025-08-21 02:48:32,843:INFO:Epoch: 21450/40000 | Train Loss: 1.053e-01 | Dynamic Loss: 1.053e-01 | Regularization Loss: 3.508e-07 | Val Loss: 2.679e-01 | Active Proj %: 0.00 | Time: 5.66s
2025-08-21 02:48:38,651:INFO:Epoch: 21500/40000 | Train Loss: 6.859e-02 | Dynamic Loss: 6.859e-02 | Regularization Loss: 3.422e-07 | Val Loss: 2.386e-01 | Active Proj %: 0.00 | Time: 5.70s
2025-08-21 02:48:44,371:INFO:Epoch: 21550/40000 | Train Loss: 6.236e-02 | Dynamic Loss: 6.236e-02 | Regularization Loss: 3.339e-07 | Val Loss: 2.339e-01 | Active Proj %: 0.00 | Time: 5.62s
2025-08-21 02:48:50,273:INFO:Epoch: 21600/40000 | Train Loss: 8.077e-02 | Dynamic Loss: 8.077e-02 | Regularization Loss: 3.257e-07 | Val Loss: 2.554e-01 | Active Proj %: 0.00 | Time: 5.80s
2025-08-21 02:48:56,077:INFO:Epoch: 21650/40000 | Train Loss: 5.717e-02 | Dynamic Loss: 5.717e-02 | Regularization Loss: 3.177e-07 | Val Loss: 2.297e-01 | Active Proj %: 0.00 | Time: 5.70s
2025-08-21 02:49:02,060:INFO:Epoch: 21700/40000 | Train Loss: 6.056e-02 | Dynamic Loss: 6.056e-02 | Regularization Loss: 3.099e-07 | Val Loss: 2.413e-01 | Active Proj %: 0.00 | Time: 5.88s
2025-08-21 02:49:07,830:INFO:Epoch: 21750/40000 | Train Loss: 6.354e-02 | Dynamic Loss: 6.354e-02 | Regularization Loss: 3.023e-07 | Val Loss: 2.411e-01 | Active Proj %: 0.00 | Time: 5.67s
2025-08-21 02:49:14,975:INFO:Epoch: 21800/40000 | Train Loss: 4.741e-02 | Dynamic Loss: 4.741e-02 | Regularization Loss: 2.949e-07 | Val Loss: 2.251e-01 | Active Proj %: 0.00 | Time: 7.05s
2025-08-21 02:49:14,975:INFO:New best model found at epoch 21800 with validation loss 2.251e-01. Saving...
2025-08-21 02:49:20,632:INFO:Epoch: 21850/40000 | Train Loss: 4.907e-02 | Dynamic Loss: 4.907e-02 | Regularization Loss: 2.877e-07 | Val Loss: 2.275e-01 | Active Proj %: 0.00 | Time: 5.54s
2025-08-21 02:49:26,306:INFO:Epoch: 21900/40000 | Train Loss: 4.607e-02 | Dynamic Loss: 4.607e-02 | Regularization Loss: 2.806e-07 | Val Loss: 2.264e-01 | Active Proj %: 0.00 | Time: 5.58s
2025-08-21 02:49:32,065:INFO:Epoch: 21950/40000 | Train Loss: 5.167e-02 | Dynamic Loss: 5.166e-02 | Regularization Loss: 2.737e-07 | Val Loss: 2.276e-01 | Active Proj %: 0.00 | Time: 5.66s
2025-08-21 02:49:37,896:INFO:Epoch: 22000/40000 | Train Loss: 6.003e-02 | Dynamic Loss: 6.003e-02 | Regularization Loss: 2.670e-07 | Val Loss: 2.329e-01 | Active Proj %: 0.00 | Time: 5.69s
2025-08-21 02:49:43,536:INFO:Epoch: 22050/40000 | Train Loss: 1.218e-01 | Dynamic Loss: 1.218e-01 | Regularization Loss: 2.605e-07 | Val Loss: 3.232e-01 | Active Proj %: 0.00 | Time: 5.54s
2025-08-21 02:49:49,271:INFO:Epoch: 22100/40000 | Train Loss: 4.875e-02 | Dynamic Loss: 4.875e-02 | Regularization Loss: 2.541e-07 | Val Loss: 2.292e-01 | Active Proj %: 0.00 | Time: 5.64s
2025-08-21 02:49:55,054:INFO:Epoch: 22150/40000 | Train Loss: 5.515e-02 | Dynamic Loss: 5.515e-02 | Regularization Loss: 2.478e-07 | Val Loss: 2.270e-01 | Active Proj %: 0.00 | Time: 5.68s
2025-08-21 02:50:00,758:INFO:Epoch: 22200/40000 | Train Loss: 5.247e-02 | Dynamic Loss: 5.247e-02 | Regularization Loss: 2.418e-07 | Val Loss: 2.278e-01 | Active Proj %: 0.00 | Time: 5.60s
2025-08-21 02:50:06,445:INFO:Epoch: 22250/40000 | Train Loss: 5.090e-02 | Dynamic Loss: 5.090e-02 | Regularization Loss: 2.358e-07 | Val Loss: 2.261e-01 | Active Proj %: 0.00 | Time: 5.58s
2025-08-21 02:50:14,853:INFO:Epoch: 22300/40000 | Train Loss: 9.371e-02 | Dynamic Loss: 9.371e-02 | Regularization Loss: 2.300e-07 | Val Loss: 2.378e-01 | Active Proj %: 0.00 | Time: 8.31s
2025-08-21 02:50:20,528:INFO:Epoch: 22350/40000 | Train Loss: 4.814e-02 | Dynamic Loss: 4.814e-02 | Regularization Loss: 2.244e-07 | Val Loss: 2.257e-01 | Active Proj %: 0.00 | Time: 5.58s
2025-08-21 02:50:26,916:INFO:Epoch: 22400/40000 | Train Loss: 5.443e-02 | Dynamic Loss: 5.443e-02 | Regularization Loss: 2.189e-07 | Val Loss: 2.319e-01 | Active Proj %: 0.00 | Time: 6.29s
2025-08-21 02:50:34,475:INFO:Epoch: 22450/40000 | Train Loss: 5.580e-02 | Dynamic Loss: 5.580e-02 | Regularization Loss: 2.135e-07 | Val Loss: 2.314e-01 | Active Proj %: 0.00 | Time: 7.46s
2025-08-21 02:50:40,242:INFO:Epoch: 22500/40000 | Train Loss: 5.501e-02 | Dynamic Loss: 5.501e-02 | Regularization Loss: 2.082e-07 | Val Loss: 2.348e-01 | Active Proj %: 0.00 | Time: 5.66s
2025-08-21 02:50:45,925:INFO:Epoch: 22550/40000 | Train Loss: 6.040e-02 | Dynamic Loss: 6.040e-02 | Regularization Loss: 2.031e-07 | Val Loss: 2.402e-01 | Active Proj %: 0.00 | Time: 5.58s
2025-08-21 02:50:51,804:INFO:Epoch: 22600/40000 | Train Loss: 7.270e-02 | Dynamic Loss: 7.270e-02 | Regularization Loss: 1.981e-07 | Val Loss: 2.514e-01 | Active Proj %: 0.00 | Time: 5.78s
2025-08-21 02:50:57,522:INFO:Epoch: 22650/40000 | Train Loss: 5.072e-02 | Dynamic Loss: 5.072e-02 | Regularization Loss: 1.933e-07 | Val Loss: 2.299e-01 | Active Proj %: 0.00 | Time: 5.62s
2025-08-21 02:51:03,179:INFO:Epoch: 22700/40000 | Train Loss: 4.903e-02 | Dynamic Loss: 4.903e-02 | Regularization Loss: 1.885e-07 | Val Loss: 2.287e-01 | Active Proj %: 0.00 | Time: 5.56s
2025-08-21 02:51:08,959:INFO:Epoch: 22750/40000 | Train Loss: 4.865e-02 | Dynamic Loss: 4.865e-02 | Regularization Loss: 1.839e-07 | Val Loss: 2.335e-01 | Active Proj %: 0.00 | Time: 5.68s
2025-08-21 02:51:14,605:INFO:Epoch: 22800/40000 | Train Loss: 5.010e-02 | Dynamic Loss: 5.010e-02 | Regularization Loss: 1.794e-07 | Val Loss: 2.311e-01 | Active Proj %: 0.00 | Time: 5.55s
2025-08-21 02:51:20,362:INFO:Epoch: 22850/40000 | Train Loss: 6.984e-02 | Dynamic Loss: 6.984e-02 | Regularization Loss: 1.749e-07 | Val Loss: 2.440e-01 | Active Proj %: 0.00 | Time: 5.66s
2025-08-21 02:51:28,832:INFO:Epoch: 22900/40000 | Train Loss: 5.517e-02 | Dynamic Loss: 5.517e-02 | Regularization Loss: 1.706e-07 | Val Loss: 2.369e-01 | Active Proj %: 0.00 | Time: 8.37s
2025-08-21 02:51:34,515:INFO:Epoch: 22950/40000 | Train Loss: 4.810e-02 | Dynamic Loss: 4.810e-02 | Regularization Loss: 1.664e-07 | Val Loss: 2.266e-01 | Active Proj %: 0.00 | Time: 5.58s
2025-08-21 02:51:40,227:INFO:Epoch: 23000/40000 | Train Loss: 4.792e-02 | Dynamic Loss: 4.792e-02 | Regularization Loss: 1.624e-07 | Val Loss: 2.253e-01 | Active Proj %: 0.00 | Time: 5.61s
2025-08-21 02:51:47,027:INFO:Epoch: 23050/40000 | Train Loss: 5.334e-02 | Dynamic Loss: 5.334e-02 | Regularization Loss: 1.584e-07 | Val Loss: 2.368e-01 | Active Proj %: 0.00 | Time: 6.65s
2025-08-21 02:51:53,007:INFO:Epoch: 23100/40000 | Train Loss: 4.362e-02 | Dynamic Loss: 4.362e-02 | Regularization Loss: 1.545e-07 | Val Loss: 2.255e-01 | Active Proj %: 0.00 | Time: 5.88s
2025-08-21 02:51:58,744:INFO:Epoch: 23150/40000 | Train Loss: 4.361e-02 | Dynamic Loss: 4.361e-02 | Regularization Loss: 1.507e-07 | Val Loss: 2.252e-01 | Active Proj %: 0.00 | Time: 5.63s
2025-08-21 02:52:04,540:INFO:Epoch: 23200/40000 | Train Loss: 8.918e-02 | Dynamic Loss: 8.918e-02 | Regularization Loss: 1.470e-07 | Val Loss: 2.564e-01 | Active Proj %: 0.00 | Time: 5.69s
2025-08-21 02:52:10,247:INFO:Epoch: 23250/40000 | Train Loss: 5.138e-02 | Dynamic Loss: 5.138e-02 | Regularization Loss: 1.433e-07 | Val Loss: 2.379e-01 | Active Proj %: 0.00 | Time: 5.61s
2025-08-21 02:52:15,913:INFO:Epoch: 23300/40000 | Train Loss: 5.718e-02 | Dynamic Loss: 5.718e-02 | Regularization Loss: 1.398e-07 | Val Loss: 2.513e-01 | Active Proj %: 0.00 | Time: 5.56s
2025-08-21 02:52:25,344:INFO:Epoch: 23350/40000 | Train Loss: 5.684e-02 | Dynamic Loss: 5.684e-02 | Regularization Loss: 1.364e-07 | Val Loss: 2.288e-01 | Active Proj %: 0.00 | Time: 9.33s
2025-08-21 02:52:31,077:INFO:Epoch: 23400/40000 | Train Loss: 5.450e-02 | Dynamic Loss: 5.450e-02 | Regularization Loss: 1.330e-07 | Val Loss: 2.346e-01 | Active Proj %: 0.00 | Time: 5.64s
2025-08-21 02:52:36,723:INFO:Epoch: 23450/40000 | Train Loss: 4.199e-02 | Dynamic Loss: 4.199e-02 | Regularization Loss: 1.297e-07 | Val Loss: 2.256e-01 | Active Proj %: 0.00 | Time: 5.55s
2025-08-21 02:52:46,593:INFO:Epoch: 23500/40000 | Train Loss: 4.565e-02 | Dynamic Loss: 4.565e-02 | Regularization Loss: 1.266e-07 | Val Loss: 2.283e-01 | Active Proj %: 0.00 | Time: 9.77s
2025-08-21 02:52:52,212:INFO:Epoch: 23550/40000 | Train Loss: 4.891e-02 | Dynamic Loss: 4.891e-02 | Regularization Loss: 1.234e-07 | Val Loss: 2.348e-01 | Active Proj %: 0.00 | Time: 5.52s
2025-08-21 02:52:58,800:INFO:Epoch: 23600/40000 | Train Loss: 1.090e-01 | Dynamic Loss: 1.090e-01 | Regularization Loss: 1.204e-07 | Val Loss: 2.766e-01 | Active Proj %: 0.00 | Time: 6.48s
2025-08-21 02:53:04,711:INFO:Epoch: 23650/40000 | Train Loss: 4.698e-02 | Dynamic Loss: 4.698e-02 | Regularization Loss: 1.174e-07 | Val Loss: 2.327e-01 | Active Proj %: 0.00 | Time: 5.81s
2025-08-21 02:53:10,421:INFO:Epoch: 23700/40000 | Train Loss: 4.753e-02 | Dynamic Loss: 4.753e-02 | Regularization Loss: 1.145e-07 | Val Loss: 2.324e-01 | Active Proj %: 0.00 | Time: 5.61s
2025-08-21 02:53:16,061:INFO:Epoch: 23750/40000 | Train Loss: 7.155e-02 | Dynamic Loss: 7.155e-02 | Regularization Loss: 1.117e-07 | Val Loss: 2.460e-01 | Active Proj %: 0.00 | Time: 5.54s
2025-08-21 02:53:24,732:INFO:Epoch: 23800/40000 | Train Loss: 1.241e-01 | Dynamic Loss: 1.241e-01 | Regularization Loss: 1.090e-07 | Val Loss: 2.703e-01 | Active Proj %: 0.00 | Time: 8.57s
2025-08-21 02:53:30,499:INFO:Epoch: 23850/40000 | Train Loss: 4.892e-02 | Dynamic Loss: 4.892e-02 | Regularization Loss: 1.063e-07 | Val Loss: 2.332e-01 | Active Proj %: 0.00 | Time: 5.66s
2025-08-21 02:53:36,221:INFO:Epoch: 23900/40000 | Train Loss: 3.893e-02 | Dynamic Loss: 3.893e-02 | Regularization Loss: 1.037e-07 | Val Loss: 2.274e-01 | Active Proj %: 0.00 | Time: 5.61s
2025-08-21 02:53:42,042:INFO:Epoch: 23950/40000 | Train Loss: 5.047e-02 | Dynamic Loss: 5.047e-02 | Regularization Loss: 1.011e-07 | Val Loss: 2.355e-01 | Active Proj %: 0.00 | Time: 5.71s
2025-08-21 02:53:47,820:INFO:Epoch: 24000/40000 | Train Loss: 4.627e-02 | Dynamic Loss: 4.627e-02 | Regularization Loss: 9.863e-08 | Val Loss: 2.274e-01 | Active Proj %: 0.00 | Time: 5.67s
2025-08-21 02:53:53,547:INFO:Epoch: 24050/40000 | Train Loss: 4.046e-02 | Dynamic Loss: 4.046e-02 | Regularization Loss: 9.620e-08 | Val Loss: 2.275e-01 | Active Proj %: 0.00 | Time: 5.62s
2025-08-21 02:54:00,882:INFO:Epoch: 24100/40000 | Train Loss: 4.988e-02 | Dynamic Loss: 4.988e-02 | Regularization Loss: 9.383e-08 | Val Loss: 2.370e-01 | Active Proj %: 0.00 | Time: 7.23s
2025-08-21 02:54:06,628:INFO:Epoch: 24150/40000 | Train Loss: 4.672e-02 | Dynamic Loss: 4.672e-02 | Regularization Loss: 9.152e-08 | Val Loss: 2.334e-01 | Active Proj %: 0.00 | Time: 5.64s
2025-08-21 02:54:12,403:INFO:Epoch: 24200/40000 | Train Loss: 3.882e-02 | Dynamic Loss: 3.882e-02 | Regularization Loss: 8.926e-08 | Val Loss: 2.278e-01 | Active Proj %: 0.00 | Time: 5.67s
2025-08-21 02:54:18,200:INFO:Epoch: 24250/40000 | Train Loss: 4.066e-02 | Dynamic Loss: 4.066e-02 | Regularization Loss: 8.706e-08 | Val Loss: 2.286e-01 | Active Proj %: 0.00 | Time: 5.70s
2025-08-21 02:54:23,903:INFO:Epoch: 24300/40000 | Train Loss: 5.389e-02 | Dynamic Loss: 5.389e-02 | Regularization Loss: 8.492e-08 | Val Loss: 2.362e-01 | Active Proj %: 0.00 | Time: 5.60s
2025-08-21 02:54:29,560:INFO:Epoch: 24350/40000 | Train Loss: 3.785e-02 | Dynamic Loss: 3.785e-02 | Regularization Loss: 8.283e-08 | Val Loss: 2.243e-01 | Active Proj %: 0.00 | Time: 5.55s
2025-08-21 02:54:29,560:INFO:New best model found at epoch 24350 with validation loss 2.243e-01. Saving...
2025-08-21 02:54:35,482:INFO:Epoch: 24400/40000 | Train Loss: 5.113e-02 | Dynamic Loss: 5.113e-02 | Regularization Loss: 8.079e-08 | Val Loss: 2.434e-01 | Active Proj %: 0.00 | Time: 5.80s
2025-08-21 02:54:41,251:INFO:Epoch: 24450/40000 | Train Loss: 5.099e-02 | Dynamic Loss: 5.099e-02 | Regularization Loss: 7.879e-08 | Val Loss: 2.296e-01 | Active Proj %: 0.00 | Time: 5.67s
2025-08-21 02:54:46,945:INFO:Epoch: 24500/40000 | Train Loss: 4.165e-02 | Dynamic Loss: 4.165e-02 | Regularization Loss: 7.685e-08 | Val Loss: 2.270e-01 | Active Proj %: 0.00 | Time: 5.59s
2025-08-21 02:54:52,783:INFO:Epoch: 24550/40000 | Train Loss: 4.279e-02 | Dynamic Loss: 4.279e-02 | Regularization Loss: 7.496e-08 | Val Loss: 2.307e-01 | Active Proj %: 0.00 | Time: 5.73s
2025-08-21 02:54:58,582:INFO:Epoch: 24600/40000 | Train Loss: 4.604e-02 | Dynamic Loss: 4.604e-02 | Regularization Loss: 7.311e-08 | Val Loss: 2.372e-01 | Active Proj %: 0.00 | Time: 5.70s
2025-08-21 02:55:04,314:INFO:Epoch: 24650/40000 | Train Loss: 3.597e-02 | Dynamic Loss: 3.597e-02 | Regularization Loss: 7.131e-08 | Val Loss: 2.230e-01 | Active Proj %: 0.00 | Time: 5.63s
2025-08-21 02:55:04,314:INFO:New best model found at epoch 24650 with validation loss 2.230e-01. Saving...
2025-08-21 02:55:10,173:INFO:Epoch: 24700/40000 | Train Loss: 3.587e-02 | Dynamic Loss: 3.587e-02 | Regularization Loss: 6.955e-08 | Val Loss: 2.219e-01 | Active Proj %: 0.00 | Time: 5.73s
2025-08-21 02:55:10,173:INFO:New best model found at epoch 24700 with validation loss 2.219e-01. Saving...
2025-08-21 02:55:15,893:INFO:Epoch: 24750/40000 | Train Loss: 4.938e-02 | Dynamic Loss: 4.938e-02 | Regularization Loss: 6.784e-08 | Val Loss: 2.476e-01 | Active Proj %: 0.00 | Time: 5.59s
2025-08-21 02:55:21,656:INFO:Epoch: 24800/40000 | Train Loss: 6.563e-02 | Dynamic Loss: 6.563e-02 | Regularization Loss: 6.617e-08 | Val Loss: 2.387e-01 | Active Proj %: 0.00 | Time: 5.66s
2025-08-21 02:55:27,526:INFO:Epoch: 24850/40000 | Train Loss: 5.351e-02 | Dynamic Loss: 5.351e-02 | Regularization Loss: 6.454e-08 | Val Loss: 2.444e-01 | Active Proj %: 0.00 | Time: 5.77s
2025-08-21 02:55:33,236:INFO:Epoch: 24900/40000 | Train Loss: 4.145e-02 | Dynamic Loss: 4.145e-02 | Regularization Loss: 6.295e-08 | Val Loss: 2.353e-01 | Active Proj %: 0.00 | Time: 5.61s
2025-08-21 02:55:38,866:INFO:Epoch: 24950/40000 | Train Loss: 6.665e-02 | Dynamic Loss: 6.665e-02 | Regularization Loss: 6.140e-08 | Val Loss: 2.444e-01 | Active Proj %: 0.00 | Time: 5.53s
2025-08-21 02:55:44,636:INFO:Epoch: 25000/40000 | Train Loss: 3.961e-02 | Dynamic Loss: 3.961e-02 | Regularization Loss: 5.988e-08 | Val Loss: 2.292e-01 | Active Proj %: 0.00 | Time: 5.66s
2025-08-21 02:55:50,420:INFO:Epoch: 25050/40000 | Train Loss: 8.562e-02 | Dynamic Loss: 8.562e-02 | Regularization Loss: 5.841e-08 | Val Loss: 2.445e-01 | Active Proj %: 0.00 | Time: 5.68s
2025-08-21 02:55:56,047:INFO:Epoch: 25100/40000 | Train Loss: 4.740e-02 | Dynamic Loss: 4.740e-02 | Regularization Loss: 5.697e-08 | Val Loss: 2.331e-01 | Active Proj %: 0.00 | Time: 5.52s
2025-08-21 02:56:01,784:INFO:Epoch: 25150/40000 | Train Loss: 4.026e-02 | Dynamic Loss: 4.026e-02 | Regularization Loss: 5.556e-08 | Val Loss: 2.304e-01 | Active Proj %: 0.00 | Time: 5.63s
2025-08-21 02:56:07,499:INFO:Epoch: 25200/40000 | Train Loss: 3.942e-02 | Dynamic Loss: 3.942e-02 | Regularization Loss: 5.419e-08 | Val Loss: 2.270e-01 | Active Proj %: 0.00 | Time: 5.61s
2025-08-21 02:56:13,187:INFO:Epoch: 25250/40000 | Train Loss: 3.497e-02 | Dynamic Loss: 3.497e-02 | Regularization Loss: 5.286e-08 | Val Loss: 2.277e-01 | Active Proj %: 0.00 | Time: 5.58s
2025-08-21 02:56:18,972:INFO:Epoch: 25300/40000 | Train Loss: 5.217e-02 | Dynamic Loss: 5.217e-02 | Regularization Loss: 5.156e-08 | Val Loss: 2.413e-01 | Active Proj %: 0.00 | Time: 5.55s
2025-08-21 02:56:24,707:INFO:Epoch: 25350/40000 | Train Loss: 3.865e-02 | Dynamic Loss: 3.865e-02 | Regularization Loss: 5.029e-08 | Val Loss: 2.237e-01 | Active Proj %: 0.00 | Time: 5.62s
2025-08-21 02:56:30,397:INFO:Epoch: 25400/40000 | Train Loss: 3.660e-02 | Dynamic Loss: 3.660e-02 | Regularization Loss: 4.905e-08 | Val Loss: 2.272e-01 | Active Proj %: 0.00 | Time: 5.58s
2025-08-21 02:56:36,113:INFO:Epoch: 25450/40000 | Train Loss: 3.999e-02 | Dynamic Loss: 3.999e-02 | Regularization Loss: 4.784e-08 | Val Loss: 2.334e-01 | Active Proj %: 0.00 | Time: 5.61s
2025-08-21 02:56:48,467:INFO:Epoch: 25500/40000 | Train Loss: 7.050e-02 | Dynamic Loss: 7.050e-02 | Regularization Loss: 4.666e-08 | Val Loss: 2.521e-01 | Active Proj %: 0.00 | Time: 12.25s
2025-08-21 02:56:54,105:INFO:Epoch: 25550/40000 | Train Loss: 3.870e-02 | Dynamic Loss: 3.870e-02 | Regularization Loss: 4.551e-08 | Val Loss: 2.259e-01 | Active Proj %: 0.00 | Time: 5.53s
2025-08-21 02:56:59,846:INFO:Epoch: 25600/40000 | Train Loss: 4.259e-02 | Dynamic Loss: 4.259e-02 | Regularization Loss: 4.439e-08 | Val Loss: 2.313e-01 | Active Proj %: 0.00 | Time: 5.63s
2025-08-21 02:57:05,626:INFO:Epoch: 25650/40000 | Train Loss: 3.357e-02 | Dynamic Loss: 3.357e-02 | Regularization Loss: 4.329e-08 | Val Loss: 2.273e-01 | Active Proj %: 0.00 | Time: 5.68s
2025-08-21 02:57:11,332:INFO:Epoch: 25700/40000 | Train Loss: 3.512e-02 | Dynamic Loss: 3.512e-02 | Regularization Loss: 4.223e-08 | Val Loss: 2.273e-01 | Active Proj %: 0.00 | Time: 5.61s
2025-08-21 02:57:16,991:INFO:Epoch: 25750/40000 | Train Loss: 3.480e-02 | Dynamic Loss: 3.480e-02 | Regularization Loss: 4.119e-08 | Val Loss: 2.240e-01 | Active Proj %: 0.00 | Time: 5.55s
2025-08-21 02:57:26,359:INFO:Epoch: 25800/40000 | Train Loss: 3.401e-02 | Dynamic Loss: 3.401e-02 | Regularization Loss: 4.017e-08 | Val Loss: 2.249e-01 | Active Proj %: 0.00 | Time: 9.27s
2025-08-21 02:57:31,970:INFO:Epoch: 25850/40000 | Train Loss: 4.463e-02 | Dynamic Loss: 4.463e-02 | Regularization Loss: 3.918e-08 | Val Loss: 2.278e-01 | Active Proj %: 0.00 | Time: 5.51s
2025-08-21 02:57:37,723:INFO:Epoch: 25900/40000 | Train Loss: 4.136e-02 | Dynamic Loss: 4.136e-02 | Regularization Loss: 3.821e-08 | Val Loss: 2.275e-01 | Active Proj %: 0.00 | Time: 5.65s
2025-08-21 02:57:43,515:INFO:Epoch: 25950/40000 | Train Loss: 6.335e-02 | Dynamic Loss: 6.335e-02 | Regularization Loss: 3.727e-08 | Val Loss: 2.482e-01 | Active Proj %: 0.00 | Time: 5.69s
2025-08-21 02:57:49,232:INFO:Epoch: 26000/40000 | Train Loss: 4.251e-02 | Dynamic Loss: 4.251e-02 | Regularization Loss: 3.635e-08 | Val Loss: 2.296e-01 | Active Proj %: 0.00 | Time: 5.62s
2025-08-21 02:57:54,808:INFO:Epoch: 26050/40000 | Train Loss: 7.342e-02 | Dynamic Loss: 7.342e-02 | Regularization Loss: 3.546e-08 | Val Loss: 2.785e-01 | Active Proj %: 0.00 | Time: 5.48s
2025-08-21 02:58:00,884:INFO:Epoch: 26100/40000 | Train Loss: 6.563e-02 | Dynamic Loss: 6.563e-02 | Regularization Loss: 3.458e-08 | Val Loss: 2.426e-01 | Active Proj %: 0.00 | Time: 5.97s
2025-08-21 02:58:06,664:INFO:Epoch: 26150/40000 | Train Loss: 3.298e-02 | Dynamic Loss: 3.298e-02 | Regularization Loss: 3.373e-08 | Val Loss: 2.241e-01 | Active Proj %: 0.00 | Time: 5.67s
2025-08-21 02:58:12,342:INFO:Epoch: 26200/40000 | Train Loss: 4.180e-02 | Dynamic Loss: 4.180e-02 | Regularization Loss: 3.290e-08 | Val Loss: 2.398e-01 | Active Proj %: 0.00 | Time: 5.57s
2025-08-21 02:58:18,164:INFO:Epoch: 26250/40000 | Train Loss: 3.334e-02 | Dynamic Loss: 3.334e-02 | Regularization Loss: 3.209e-08 | Val Loss: 2.279e-01 | Active Proj %: 0.00 | Time: 5.72s
2025-08-21 02:58:23,838:INFO:Epoch: 26300/40000 | Train Loss: 4.609e-02 | Dynamic Loss: 4.609e-02 | Regularization Loss: 3.130e-08 | Val Loss: 2.320e-01 | Active Proj %: 0.00 | Time: 5.57s
2025-08-21 02:58:29,565:INFO:Epoch: 26350/40000 | Train Loss: 3.237e-02 | Dynamic Loss: 3.237e-02 | Regularization Loss: 3.053e-08 | Val Loss: 2.240e-01 | Active Proj %: 0.00 | Time: 5.62s
2025-08-21 02:58:35,313:INFO:Epoch: 26400/40000 | Train Loss: 5.723e-02 | Dynamic Loss: 5.723e-02 | Regularization Loss: 2.978e-08 | Val Loss: 2.607e-01 | Active Proj %: 0.00 | Time: 5.65s
2025-08-21 02:58:40,998:INFO:Epoch: 26450/40000 | Train Loss: 4.471e-02 | Dynamic Loss: 4.471e-02 | Regularization Loss: 2.904e-08 | Val Loss: 2.311e-01 | Active Proj %: 0.00 | Time: 5.58s
2025-08-21 02:58:46,676:INFO:Epoch: 26500/40000 | Train Loss: 3.407e-02 | Dynamic Loss: 3.407e-02 | Regularization Loss: 2.833e-08 | Val Loss: 2.263e-01 | Active Proj %: 0.00 | Time: 5.58s
2025-08-21 02:58:52,514:INFO:Epoch: 26550/40000 | Train Loss: 3.639e-02 | Dynamic Loss: 3.639e-02 | Regularization Loss: 2.763e-08 | Val Loss: 2.321e-01 | Active Proj %: 0.00 | Time: 5.73s
2025-08-21 02:58:58,214:INFO:Epoch: 26600/40000 | Train Loss: 4.558e-02 | Dynamic Loss: 4.558e-02 | Regularization Loss: 2.695e-08 | Val Loss: 2.412e-01 | Active Proj %: 0.00 | Time: 5.60s
2025-08-21 02:59:03,860:INFO:Epoch: 26650/40000 | Train Loss: 4.553e-02 | Dynamic Loss: 4.553e-02 | Regularization Loss: 2.628e-08 | Val Loss: 2.365e-01 | Active Proj %: 0.00 | Time: 5.54s
2025-08-21 02:59:09,636:INFO:Epoch: 26700/40000 | Train Loss: 4.538e-02 | Dynamic Loss: 4.538e-02 | Regularization Loss: 2.564e-08 | Val Loss: 2.405e-01 | Active Proj %: 0.00 | Time: 5.67s
2025-08-21 02:59:15,372:INFO:Epoch: 26750/40000 | Train Loss: 4.461e-02 | Dynamic Loss: 4.461e-02 | Regularization Loss: 2.500e-08 | Val Loss: 2.268e-01 | Active Proj %: 0.00 | Time: 5.64s
2025-08-21 02:59:21,091:INFO:Epoch: 26800/40000 | Train Loss: 3.430e-02 | Dynamic Loss: 3.430e-02 | Regularization Loss: 2.439e-08 | Val Loss: 2.273e-01 | Active Proj %: 0.00 | Time: 5.61s
2025-08-21 02:59:26,723:INFO:Epoch: 26850/40000 | Train Loss: 3.776e-02 | Dynamic Loss: 3.776e-02 | Regularization Loss: 2.379e-08 | Val Loss: 2.271e-01 | Active Proj %: 0.00 | Time: 5.53s
2025-08-21 02:59:33,484:INFO:Epoch: 26900/40000 | Train Loss: 7.055e-02 | Dynamic Loss: 7.055e-02 | Regularization Loss: 2.320e-08 | Val Loss: 2.657e-01 | Active Proj %: 0.00 | Time: 6.66s
2025-08-21 02:59:39,168:INFO:Epoch: 26950/40000 | Train Loss: 4.393e-02 | Dynamic Loss: 4.393e-02 | Regularization Loss: 2.263e-08 | Val Loss: 2.298e-01 | Active Proj %: 0.00 | Time: 5.58s
2025-08-21 02:59:44,889:INFO:Epoch: 27000/40000 | Train Loss: 6.105e-02 | Dynamic Loss: 6.105e-02 | Regularization Loss: 2.207e-08 | Val Loss: 2.407e-01 | Active Proj %: 0.00 | Time: 5.61s
2025-08-21 02:59:53,789:INFO:Epoch: 27050/40000 | Train Loss: 5.865e-02 | Dynamic Loss: 5.865e-02 | Regularization Loss: 2.153e-08 | Val Loss: 2.553e-01 | Active Proj %: 0.00 | Time: 8.79s
2025-08-21 02:59:59,507:INFO:Epoch: 27100/40000 | Train Loss: 4.937e-02 | Dynamic Loss: 4.937e-02 | Regularization Loss: 2.100e-08 | Val Loss: 2.387e-01 | Active Proj %: 0.00 | Time: 5.62s
2025-08-21 03:00:05,276:INFO:Epoch: 27150/40000 | Train Loss: 3.310e-02 | Dynamic Loss: 3.310e-02 | Regularization Loss: 2.048e-08 | Val Loss: 2.262e-01 | Active Proj %: 0.00 | Time: 5.66s
2025-08-21 03:00:14,327:INFO:Epoch: 27200/40000 | Train Loss: 4.367e-02 | Dynamic Loss: 4.367e-02 | Regularization Loss: 1.998e-08 | Val Loss: 2.352e-01 | Active Proj %: 0.00 | Time: 8.94s
2025-08-21 03:00:20,081:INFO:Epoch: 27250/40000 | Train Loss: 4.615e-02 | Dynamic Loss: 4.615e-02 | Regularization Loss: 1.948e-08 | Val Loss: 2.434e-01 | Active Proj %: 0.00 | Time: 5.65s
2025-08-21 03:00:25,760:INFO:Epoch: 27300/40000 | Train Loss: 5.062e-02 | Dynamic Loss: 5.062e-02 | Regularization Loss: 1.900e-08 | Val Loss: 2.258e-01 | Active Proj %: 0.00 | Time: 5.58s
2025-08-21 03:00:32,009:INFO:Epoch: 27350/40000 | Train Loss: 2.996e-02 | Dynamic Loss: 2.996e-02 | Regularization Loss: 1.854e-08 | Val Loss: 2.261e-01 | Active Proj %: 0.00 | Time: 6.15s
2025-08-21 03:00:37,702:INFO:Epoch: 27400/40000 | Train Loss: 3.090e-02 | Dynamic Loss: 3.090e-02 | Regularization Loss: 1.808e-08 | Val Loss: 2.265e-01 | Active Proj %: 0.00 | Time: 5.59s
2025-08-21 03:00:43,365:INFO:Epoch: 27450/40000 | Train Loss: 3.307e-02 | Dynamic Loss: 3.307e-02 | Regularization Loss: 1.764e-08 | Val Loss: 2.292e-01 | Active Proj %: 0.00 | Time: 5.56s
2025-08-21 03:00:49,147:INFO:Epoch: 27500/40000 | Train Loss: 5.504e-02 | Dynamic Loss: 5.504e-02 | Regularization Loss: 1.720e-08 | Val Loss: 2.512e-01 | Active Proj %: 0.00 | Time: 5.68s
2025-08-21 03:00:54,824:INFO:Epoch: 27550/40000 | Train Loss: 3.876e-02 | Dynamic Loss: 3.876e-02 | Regularization Loss: 1.678e-08 | Val Loss: 2.336e-01 | Active Proj %: 0.00 | Time: 5.57s
2025-08-21 03:01:00,522:INFO:Epoch: 27600/40000 | Train Loss: 4.680e-02 | Dynamic Loss: 4.680e-02 | Regularization Loss: 1.636e-08 | Val Loss: 2.422e-01 | Active Proj %: 0.00 | Time: 5.60s
2025-08-21 03:01:08,383:INFO:Epoch: 27650/40000 | Train Loss: 3.095e-02 | Dynamic Loss: 3.095e-02 | Regularization Loss: 1.596e-08 | Val Loss: 2.233e-01 | Active Proj %: 0.00 | Time: 7.76s
2025-08-21 03:01:14,090:INFO:Epoch: 27700/40000 | Train Loss: 3.791e-02 | Dynamic Loss: 3.791e-02 | Regularization Loss: 1.557e-08 | Val Loss: 2.376e-01 | Active Proj %: 0.00 | Time: 5.60s
2025-08-21 03:01:19,848:INFO:Epoch: 27750/40000 | Train Loss: 6.017e-02 | Dynamic Loss: 6.017e-02 | Regularization Loss: 1.519e-08 | Val Loss: 2.720e-01 | Active Proj %: 0.00 | Time: 5.53s
2025-08-21 03:01:25,543:INFO:Epoch: 27800/40000 | Train Loss: 3.607e-02 | Dynamic Loss: 3.607e-02 | Regularization Loss: 1.481e-08 | Val Loss: 2.351e-01 | Active Proj %: 0.00 | Time: 5.59s
2025-08-21 03:01:31,278:INFO:Epoch: 27850/40000 | Train Loss: 3.056e-02 | Dynamic Loss: 3.056e-02 | Regularization Loss: 1.445e-08 | Val Loss: 2.250e-01 | Active Proj %: 0.00 | Time: 5.63s
2025-08-21 03:01:36,953:INFO:Epoch: 27900/40000 | Train Loss: 2.780e-02 | Dynamic Loss: 2.780e-02 | Regularization Loss: 1.409e-08 | Val Loss: 2.244e-01 | Active Proj %: 0.00 | Time: 5.57s
2025-08-21 03:01:44,562:INFO:Epoch: 27950/40000 | Train Loss: 2.854e-02 | Dynamic Loss: 2.854e-02 | Regularization Loss: 1.374e-08 | Val Loss: 2.266e-01 | Active Proj %: 0.00 | Time: 7.51s
2025-08-21 03:01:50,264:INFO:Epoch: 28000/40000 | Train Loss: 3.018e-02 | Dynamic Loss: 3.018e-02 | Regularization Loss: 1.341e-08 | Val Loss: 2.251e-01 | Active Proj %: 0.00 | Time: 5.60s
2025-08-21 03:01:56,018:INFO:Epoch: 28050/40000 | Train Loss: 8.136e-02 | Dynamic Loss: 8.136e-02 | Regularization Loss: 1.308e-08 | Val Loss: 2.353e-01 | Active Proj %: 0.00 | Time: 5.65s
2025-08-21 03:02:01,827:INFO:Epoch: 28100/40000 | Train Loss: 3.953e-02 | Dynamic Loss: 3.953e-02 | Regularization Loss: 1.276e-08 | Val Loss: 2.343e-01 | Active Proj %: 0.00 | Time: 5.70s
2025-08-21 03:02:07,508:INFO:Epoch: 28150/40000 | Train Loss: 4.008e-02 | Dynamic Loss: 4.008e-02 | Regularization Loss: 1.244e-08 | Val Loss: 2.363e-01 | Active Proj %: 0.00 | Time: 5.57s
2025-08-21 03:02:13,168:INFO:Epoch: 28200/40000 | Train Loss: 2.939e-02 | Dynamic Loss: 2.939e-02 | Regularization Loss: 1.214e-08 | Val Loss: 2.255e-01 | Active Proj %: 0.00 | Time: 5.56s
2025-08-21 03:02:24,115:INFO:Epoch: 28250/40000 | Train Loss: 3.317e-02 | Dynamic Loss: 3.317e-02 | Regularization Loss: 1.184e-08 | Val Loss: 2.295e-01 | Active Proj %: 0.00 | Time: 10.84s
2025-08-21 03:02:29,858:INFO:Epoch: 28300/40000 | Train Loss: 2.985e-02 | Dynamic Loss: 2.985e-02 | Regularization Loss: 1.155e-08 | Val Loss: 2.290e-01 | Active Proj %: 0.00 | Time: 5.64s
2025-08-21 03:02:35,705:INFO:Epoch: 28350/40000 | Train Loss: 6.519e-02 | Dynamic Loss: 6.519e-02 | Regularization Loss: 1.126e-08 | Val Loss: 2.387e-01 | Active Proj %: 0.00 | Time: 5.61s
2025-08-21 03:02:41,549:INFO:Epoch: 28400/40000 | Train Loss: 3.000e-02 | Dynamic Loss: 3.000e-02 | Regularization Loss: 1.099e-08 | Val Loss: 2.245e-01 | Active Proj %: 0.00 | Time: 5.74s
2025-08-21 03:02:47,656:INFO:Epoch: 28450/40000 | Train Loss: 3.231e-02 | Dynamic Loss: 3.231e-02 | Regularization Loss: 1.071e-08 | Val Loss: 2.290e-01 | Active Proj %: 0.00 | Time: 6.01s
2025-08-21 03:02:53,482:INFO:Epoch: 28500/40000 | Train Loss: 4.292e-02 | Dynamic Loss: 4.292e-02 | Regularization Loss: 1.045e-08 | Val Loss: 2.305e-01 | Active Proj %: 0.00 | Time: 5.72s
2025-08-21 03:03:03,763:INFO:Epoch: 28550/40000 | Train Loss: 3.822e-02 | Dynamic Loss: 3.822e-02 | Regularization Loss: 1.019e-08 | Val Loss: 2.326e-01 | Active Proj %: 0.00 | Time: 10.18s
2025-08-21 03:03:09,474:INFO:Epoch: 28600/40000 | Train Loss: 3.041e-02 | Dynamic Loss: 3.041e-02 | Regularization Loss: 9.944e-09 | Val Loss: 2.258e-01 | Active Proj %: 0.00 | Time: 5.61s
2025-08-21 03:03:15,135:INFO:Epoch: 28650/40000 | Train Loss: 3.789e-02 | Dynamic Loss: 3.789e-02 | Regularization Loss: 9.700e-09 | Val Loss: 2.315e-01 | Active Proj %: 0.00 | Time: 5.56s
2025-08-21 03:03:23,552:INFO:Epoch: 28700/40000 | Train Loss: 2.815e-02 | Dynamic Loss: 2.815e-02 | Regularization Loss: 9.461e-09 | Val Loss: 2.273e-01 | Active Proj %: 0.00 | Time: 8.30s
2025-08-21 03:03:29,276:INFO:Epoch: 28750/40000 | Train Loss: 6.198e-02 | Dynamic Loss: 6.198e-02 | Regularization Loss: 9.229e-09 | Val Loss: 2.333e-01 | Active Proj %: 0.00 | Time: 5.61s
2025-08-21 03:03:35,102:INFO:Epoch: 28800/40000 | Train Loss: 2.756e-02 | Dynamic Loss: 2.756e-02 | Regularization Loss: 9.002e-09 | Val Loss: 2.269e-01 | Active Proj %: 0.00 | Time: 5.59s
2025-08-21 03:03:40,883:INFO:Epoch: 28850/40000 | Train Loss: 4.515e-02 | Dynamic Loss: 4.515e-02 | Regularization Loss: 8.781e-09 | Val Loss: 2.363e-01 | Active Proj %: 0.00 | Time: 5.68s
2025-08-21 03:03:46,585:INFO:Epoch: 28900/40000 | Train Loss: 4.448e-02 | Dynamic Loss: 4.448e-02 | Regularization Loss: 8.566e-09 | Val Loss: 2.272e-01 | Active Proj %: 0.00 | Time: 5.60s
2025-08-21 03:03:52,437:INFO:Epoch: 28950/40000 | Train Loss: 6.397e-02 | Dynamic Loss: 6.397e-02 | Regularization Loss: 8.355e-09 | Val Loss: 2.777e-01 | Active Proj %: 0.00 | Time: 5.74s
2025-08-21 03:03:58,271:INFO:Epoch: 29000/40000 | Train Loss: 4.451e-02 | Dynamic Loss: 4.451e-02 | Regularization Loss: 8.150e-09 | Val Loss: 2.255e-01 | Active Proj %: 0.00 | Time: 5.72s
2025-08-21 03:04:04,016:INFO:Epoch: 29050/40000 | Train Loss: 3.187e-02 | Dynamic Loss: 3.187e-02 | Regularization Loss: 7.950e-09 | Val Loss: 2.344e-01 | Active Proj %: 0.00 | Time: 5.64s
2025-08-21 03:04:09,863:INFO:Epoch: 29100/40000 | Train Loss: 3.942e-02 | Dynamic Loss: 3.942e-02 | Regularization Loss: 7.755e-09 | Val Loss: 2.454e-01 | Active Proj %: 0.00 | Time: 5.74s
2025-08-21 03:04:15,686:INFO:Epoch: 29150/40000 | Train Loss: 3.005e-02 | Dynamic Loss: 3.005e-02 | Regularization Loss: 7.565e-09 | Val Loss: 2.267e-01 | Active Proj %: 0.00 | Time: 5.72s
2025-08-21 03:04:21,389:INFO:Epoch: 29200/40000 | Train Loss: 3.990e-02 | Dynamic Loss: 3.990e-02 | Regularization Loss: 7.379e-09 | Val Loss: 2.266e-01 | Active Proj %: 0.00 | Time: 5.60s
2025-08-21 03:04:27,055:INFO:Epoch: 29250/40000 | Train Loss: 2.773e-02 | Dynamic Loss: 2.773e-02 | Regularization Loss: 7.198e-09 | Val Loss: 2.286e-01 | Active Proj %: 0.00 | Time: 5.56s
2025-08-21 03:04:33,067:INFO:Epoch: 29300/40000 | Train Loss: 6.238e-02 | Dynamic Loss: 6.238e-02 | Regularization Loss: 7.021e-09 | Val Loss: 2.557e-01 | Active Proj %: 0.00 | Time: 5.90s
2025-08-21 03:04:38,776:INFO:Epoch: 29350/40000 | Train Loss: 3.371e-02 | Dynamic Loss: 3.371e-02 | Regularization Loss: 6.849e-09 | Val Loss: 2.328e-01 | Active Proj %: 0.00 | Time: 5.60s
2025-08-21 03:04:44,602:INFO:Epoch: 29400/40000 | Train Loss: 4.405e-02 | Dynamic Loss: 4.405e-02 | Regularization Loss: 6.681e-09 | Val Loss: 2.324e-01 | Active Proj %: 0.00 | Time: 5.72s
2025-08-21 03:04:50,402:INFO:Epoch: 29450/40000 | Train Loss: 2.732e-02 | Dynamic Loss: 2.732e-02 | Regularization Loss: 6.517e-09 | Val Loss: 2.292e-01 | Active Proj %: 0.00 | Time: 5.69s
2025-08-21 03:04:56,110:INFO:Epoch: 29500/40000 | Train Loss: 7.664e-02 | Dynamic Loss: 7.664e-02 | Regularization Loss: 6.358e-09 | Val Loss: 2.663e-01 | Active Proj %: 0.00 | Time: 5.60s
2025-08-21 03:05:02,013:INFO:Epoch: 29550/40000 | Train Loss: 3.230e-02 | Dynamic Loss: 3.230e-02 | Regularization Loss: 6.202e-09 | Val Loss: 2.328e-01 | Active Proj %: 0.00 | Time: 5.80s
2025-08-21 03:05:07,735:INFO:Epoch: 29600/40000 | Train Loss: 2.564e-02 | Dynamic Loss: 2.564e-02 | Regularization Loss: 6.050e-09 | Val Loss: 2.281e-01 | Active Proj %: 0.00 | Time: 5.62s
2025-08-21 03:05:13,394:INFO:Epoch: 29650/40000 | Train Loss: 2.802e-02 | Dynamic Loss: 2.802e-02 | Regularization Loss: 5.902e-09 | Val Loss: 2.260e-01 | Active Proj %: 0.00 | Time: 5.55s
2025-08-21 03:05:19,208:INFO:Epoch: 29700/40000 | Train Loss: 4.443e-02 | Dynamic Loss: 4.443e-02 | Regularization Loss: 5.757e-09 | Val Loss: 2.470e-01 | Active Proj %: 0.00 | Time: 5.70s
2025-08-21 03:05:24,892:INFO:Epoch: 29750/40000 | Train Loss: 2.881e-02 | Dynamic Loss: 2.881e-02 | Regularization Loss: 5.616e-09 | Val Loss: 2.251e-01 | Active Proj %: 0.00 | Time: 5.57s
2025-08-21 03:05:30,551:INFO:Epoch: 29800/40000 | Train Loss: 8.757e-02 | Dynamic Loss: 8.757e-02 | Regularization Loss: 5.479e-09 | Val Loss: 2.612e-01 | Active Proj %: 0.00 | Time: 5.55s
2025-08-21 03:05:36,346:INFO:Epoch: 29850/40000 | Train Loss: 2.791e-02 | Dynamic Loss: 2.791e-02 | Regularization Loss: 5.345e-09 | Val Loss: 2.289e-01 | Active Proj %: 0.00 | Time: 5.69s
2025-08-21 03:05:42,060:INFO:Epoch: 29900/40000 | Train Loss: 2.523e-02 | Dynamic Loss: 2.523e-02 | Regularization Loss: 5.214e-09 | Val Loss: 2.261e-01 | Active Proj %: 0.00 | Time: 5.61s
2025-08-21 03:05:47,751:INFO:Epoch: 29950/40000 | Train Loss: 3.332e-02 | Dynamic Loss: 3.332e-02 | Regularization Loss: 5.086e-09 | Val Loss: 2.370e-01 | Active Proj %: 0.00 | Time: 5.59s
2025-08-21 03:05:58,784:INFO:Epoch: 30000/40000 | Train Loss: 4.485e-02 | Dynamic Loss: 4.485e-02 | Regularization Loss: 4.962e-09 | Val Loss: 2.446e-01 | Active Proj %: 0.00 | Time: 10.93s
2025-08-21 03:06:04,517:INFO:Epoch: 30050/40000 | Train Loss: 3.762e-02 | Dynamic Loss: 3.762e-02 | Regularization Loss: 4.840e-09 | Val Loss: 2.353e-01 | Active Proj %: 0.00 | Time: 5.63s
2025-08-21 03:06:10,221:INFO:Epoch: 30100/40000 | Train Loss: 3.441e-02 | Dynamic Loss: 3.441e-02 | Regularization Loss: 4.722e-09 | Val Loss: 2.406e-01 | Active Proj %: 0.00 | Time: 5.60s
2025-08-21 03:06:16,944:INFO:Epoch: 30150/40000 | Train Loss: 2.711e-02 | Dynamic Loss: 2.711e-02 | Regularization Loss: 4.607e-09 | Val Loss: 2.273e-01 | Active Proj %: 0.00 | Time: 6.61s
2025-08-21 03:06:22,662:INFO:Epoch: 30200/40000 | Train Loss: 2.848e-02 | Dynamic Loss: 2.848e-02 | Regularization Loss: 4.494e-09 | Val Loss: 2.349e-01 | Active Proj %: 0.00 | Time: 5.61s
2025-08-21 03:06:28,339:INFO:Epoch: 30250/40000 | Train Loss: 2.447e-02 | Dynamic Loss: 2.447e-02 | Regularization Loss: 4.384e-09 | Val Loss: 2.294e-01 | Active Proj %: 0.00 | Time: 5.57s
2025-08-21 03:06:38,514:INFO:Epoch: 30300/40000 | Train Loss: 4.715e-02 | Dynamic Loss: 4.715e-02 | Regularization Loss: 4.277e-09 | Val Loss: 2.646e-01 | Active Proj %: 0.00 | Time: 10.07s
2025-08-21 03:06:44,175:INFO:Epoch: 30350/40000 | Train Loss: 5.241e-02 | Dynamic Loss: 5.241e-02 | Regularization Loss: 4.173e-09 | Val Loss: 2.557e-01 | Active Proj %: 0.00 | Time: 5.56s
2025-08-21 03:06:50,304:INFO:Epoch: 30400/40000 | Train Loss: 3.431e-02 | Dynamic Loss: 3.431e-02 | Regularization Loss: 4.071e-09 | Val Loss: 2.417e-01 | Active Proj %: 0.00 | Time: 5.89s
2025-08-21 03:06:56,076:INFO:Epoch: 30450/40000 | Train Loss: 2.460e-02 | Dynamic Loss: 2.460e-02 | Regularization Loss: 3.971e-09 | Val Loss: 2.255e-01 | Active Proj %: 0.00 | Time: 5.67s
2025-08-21 03:07:01,938:INFO:Epoch: 30500/40000 | Train Loss: 3.943e-02 | Dynamic Loss: 3.943e-02 | Regularization Loss: 3.875e-09 | Val Loss: 2.450e-01 | Active Proj %: 0.00 | Time: 5.75s
2025-08-21 03:07:07,735:INFO:Epoch: 30550/40000 | Train Loss: 2.747e-02 | Dynamic Loss: 2.747e-02 | Regularization Loss: 3.780e-09 | Val Loss: 2.284e-01 | Active Proj %: 0.00 | Time: 5.69s
2025-08-21 03:07:13,487:INFO:Epoch: 30600/40000 | Train Loss: 3.630e-02 | Dynamic Loss: 3.630e-02 | Regularization Loss: 3.688e-09 | Val Loss: 2.387e-01 | Active Proj %: 0.00 | Time: 5.65s
2025-08-21 03:07:19,187:INFO:Epoch: 30650/40000 | Train Loss: 3.352e-02 | Dynamic Loss: 3.352e-02 | Regularization Loss: 3.598e-09 | Val Loss: 2.304e-01 | Active Proj %: 0.00 | Time: 5.59s
2025-08-21 03:07:24,879:INFO:Epoch: 30700/40000 | Train Loss: 2.378e-02 | Dynamic Loss: 2.378e-02 | Regularization Loss: 3.510e-09 | Val Loss: 2.252e-01 | Active Proj %: 0.00 | Time: 5.58s
2025-08-21 03:07:32,075:INFO:Epoch: 30750/40000 | Train Loss: 3.512e-02 | Dynamic Loss: 3.512e-02 | Regularization Loss: 3.425e-09 | Val Loss: 2.313e-01 | Active Proj %: 0.00 | Time: 7.09s
2025-08-21 03:07:37,742:INFO:Epoch: 30800/40000 | Train Loss: 2.851e-02 | Dynamic Loss: 2.851e-02 | Regularization Loss: 3.341e-09 | Val Loss: 2.300e-01 | Active Proj %: 0.00 | Time: 5.56s
2025-08-21 03:07:43,352:INFO:Epoch: 30850/40000 | Train Loss: 2.817e-02 | Dynamic Loss: 2.817e-02 | Regularization Loss: 3.260e-09 | Val Loss: 2.300e-01 | Active Proj %: 0.00 | Time: 5.50s
2025-08-21 03:07:49,326:INFO:Epoch: 30900/40000 | Train Loss: 3.513e-02 | Dynamic Loss: 3.513e-02 | Regularization Loss: 3.181e-09 | Val Loss: 2.306e-01 | Active Proj %: 0.00 | Time: 5.87s
2025-08-21 03:07:55,121:INFO:Epoch: 30950/40000 | Train Loss: 2.314e-02 | Dynamic Loss: 2.314e-02 | Regularization Loss: 3.103e-09 | Val Loss: 2.279e-01 | Active Proj %: 0.00 | Time: 5.68s
2025-08-21 03:08:00,932:INFO:Epoch: 31000/40000 | Train Loss: 2.972e-02 | Dynamic Loss: 2.972e-02 | Regularization Loss: 3.028e-09 | Val Loss: 2.338e-01 | Active Proj %: 0.00 | Time: 5.71s
2025-08-21 03:08:06,696:INFO:Epoch: 31050/40000 | Train Loss: 2.387e-02 | Dynamic Loss: 2.387e-02 | Regularization Loss: 2.954e-09 | Val Loss: 2.282e-01 | Active Proj %: 0.00 | Time: 5.66s
2025-08-21 03:08:12,424:INFO:Epoch: 31100/40000 | Train Loss: 3.744e-02 | Dynamic Loss: 3.744e-02 | Regularization Loss: 2.883e-09 | Val Loss: 2.334e-01 | Active Proj %: 0.00 | Time: 5.62s
2025-08-21 03:08:18,234:INFO:Epoch: 31150/40000 | Train Loss: 3.096e-02 | Dynamic Loss: 3.096e-02 | Regularization Loss: 2.813e-09 | Val Loss: 2.326e-01 | Active Proj %: 0.00 | Time: 5.70s
2025-08-21 03:08:23,986:INFO:Epoch: 31200/40000 | Train Loss: 2.680e-02 | Dynamic Loss: 2.680e-02 | Regularization Loss: 2.744e-09 | Val Loss: 2.312e-01 | Active Proj %: 0.00 | Time: 5.65s
2025-08-21 03:08:29,992:INFO:Epoch: 31250/40000 | Train Loss: 2.671e-02 | Dynamic Loss: 2.671e-02 | Regularization Loss: 2.678e-09 | Val Loss: 2.289e-01 | Active Proj %: 0.00 | Time: 5.90s
2025-08-21 03:08:35,770:INFO:Epoch: 31300/40000 | Train Loss: 2.723e-02 | Dynamic Loss: 2.723e-02 | Regularization Loss: 2.613e-09 | Val Loss: 2.351e-01 | Active Proj %: 0.00 | Time: 5.67s
2025-08-21 03:08:41,415:INFO:Epoch: 31350/40000 | Train Loss: 5.255e-02 | Dynamic Loss: 5.255e-02 | Regularization Loss: 2.549e-09 | Val Loss: 2.622e-01 | Active Proj %: 0.00 | Time: 5.54s
2025-08-21 03:08:47,172:INFO:Epoch: 31400/40000 | Train Loss: 2.584e-02 | Dynamic Loss: 2.584e-02 | Regularization Loss: 2.488e-09 | Val Loss: 2.286e-01 | Active Proj %: 0.00 | Time: 5.65s
2025-08-21 03:08:52,957:INFO:Epoch: 31450/40000 | Train Loss: 3.868e-02 | Dynamic Loss: 3.868e-02 | Regularization Loss: 2.427e-09 | Val Loss: 2.338e-01 | Active Proj %: 0.00 | Time: 5.68s
2025-08-21 03:08:58,500:INFO:Epoch: 31500/40000 | Train Loss: 3.225e-02 | Dynamic Loss: 3.225e-02 | Regularization Loss: 2.369e-09 | Val Loss: 2.349e-01 | Active Proj %: 0.00 | Time: 5.44s
2025-08-21 03:09:04,052:INFO:Epoch: 31550/40000 | Train Loss: 2.372e-02 | Dynamic Loss: 2.372e-02 | Regularization Loss: 2.311e-09 | Val Loss: 2.283e-01 | Active Proj %: 0.00 | Time: 5.45s
2025-08-21 03:09:09,947:INFO:Epoch: 31600/40000 | Train Loss: 2.771e-02 | Dynamic Loss: 2.771e-02 | Regularization Loss: 2.255e-09 | Val Loss: 2.328e-01 | Active Proj %: 0.00 | Time: 5.79s
2025-08-21 03:09:15,546:INFO:Epoch: 31650/40000 | Train Loss: 5.373e-02 | Dynamic Loss: 5.373e-02 | Regularization Loss: 2.201e-09 | Val Loss: 2.508e-01 | Active Proj %: 0.00 | Time: 5.50s
2025-08-21 03:09:21,224:INFO:Epoch: 31700/40000 | Train Loss: 2.338e-02 | Dynamic Loss: 2.338e-02 | Regularization Loss: 2.148e-09 | Val Loss: 2.271e-01 | Active Proj %: 0.00 | Time: 5.58s
2025-08-21 03:09:26,858:INFO:Epoch: 31750/40000 | Train Loss: 2.778e-02 | Dynamic Loss: 2.778e-02 | Regularization Loss: 2.096e-09 | Val Loss: 2.292e-01 | Active Proj %: 0.00 | Time: 5.53s
2025-08-21 03:09:32,359:INFO:Epoch: 31800/40000 | Train Loss: 2.458e-02 | Dynamic Loss: 2.458e-02 | Regularization Loss: 2.045e-09 | Val Loss: 2.264e-01 | Active Proj %: 0.00 | Time: 5.39s
2025-08-21 03:09:37,953:INFO:Epoch: 31850/40000 | Train Loss: 2.533e-02 | Dynamic Loss: 2.533e-02 | Regularization Loss: 1.996e-09 | Val Loss: 2.299e-01 | Active Proj %: 0.00 | Time: 5.49s
2025-08-21 03:09:43,626:INFO:Epoch: 31900/40000 | Train Loss: 2.417e-02 | Dynamic Loss: 2.417e-02 | Regularization Loss: 1.948e-09 | Val Loss: 2.327e-01 | Active Proj %: 0.00 | Time: 5.57s
2025-08-21 03:09:49,237:INFO:Epoch: 31950/40000 | Train Loss: 2.598e-02 | Dynamic Loss: 2.598e-02 | Regularization Loss: 1.901e-09 | Val Loss: 2.282e-01 | Active Proj %: 0.00 | Time: 5.51s
2025-08-21 03:09:54,822:INFO:Epoch: 32000/40000 | Train Loss: 2.778e-02 | Dynamic Loss: 2.778e-02 | Regularization Loss: 1.855e-09 | Val Loss: 2.371e-01 | Active Proj %: 0.00 | Time: 5.48s
2025-08-21 03:10:00,374:INFO:Epoch: 32050/40000 | Train Loss: 2.110e-02 | Dynamic Loss: 2.110e-02 | Regularization Loss: 1.811e-09 | Val Loss: 2.255e-01 | Active Proj %: 0.00 | Time: 5.45s
2025-08-21 03:10:06,217:INFO:Epoch: 32100/40000 | Train Loss: 3.302e-02 | Dynamic Loss: 3.302e-02 | Regularization Loss: 1.767e-09 | Val Loss: 2.420e-01 | Active Proj %: 0.00 | Time: 5.74s
2025-08-21 03:10:11,855:INFO:Epoch: 32150/40000 | Train Loss: 2.743e-02 | Dynamic Loss: 2.743e-02 | Regularization Loss: 1.725e-09 | Val Loss: 2.280e-01 | Active Proj %: 0.00 | Time: 5.53s
2025-08-21 03:10:17,384:INFO:Epoch: 32200/40000 | Train Loss: 5.248e-02 | Dynamic Loss: 5.248e-02 | Regularization Loss: 1.683e-09 | Val Loss: 2.524e-01 | Active Proj %: 0.00 | Time: 5.42s
2025-08-21 03:10:22,888:INFO:Epoch: 32250/40000 | Train Loss: 3.601e-02 | Dynamic Loss: 3.601e-02 | Regularization Loss: 1.643e-09 | Val Loss: 2.373e-01 | Active Proj %: 0.00 | Time: 5.40s
2025-08-21 03:10:29,136:INFO:Epoch: 32300/40000 | Train Loss: 2.336e-02 | Dynamic Loss: 2.336e-02 | Regularization Loss: 1.603e-09 | Val Loss: 2.243e-01 | Active Proj %: 0.00 | Time: 6.14s
2025-08-21 03:10:34,743:INFO:Epoch: 32350/40000 | Train Loss: 2.185e-02 | Dynamic Loss: 2.185e-02 | Regularization Loss: 1.565e-09 | Val Loss: 2.267e-01 | Active Proj %: 0.00 | Time: 5.50s
2025-08-21 03:10:40,867:INFO:Epoch: 32400/40000 | Train Loss: 2.883e-02 | Dynamic Loss: 2.883e-02 | Regularization Loss: 1.527e-09 | Val Loss: 2.306e-01 | Active Proj %: 0.00 | Time: 6.02s
2025-08-21 03:10:46,389:INFO:Epoch: 32450/40000 | Train Loss: 2.028e-02 | Dynamic Loss: 2.028e-02 | Regularization Loss: 1.491e-09 | Val Loss: 2.266e-01 | Active Proj %: 0.00 | Time: 5.42s
2025-08-21 03:10:51,890:INFO:Epoch: 32500/40000 | Train Loss: 2.226e-02 | Dynamic Loss: 2.226e-02 | Regularization Loss: 1.455e-09 | Val Loss: 2.238e-01 | Active Proj %: 0.00 | Time: 5.40s
2025-08-21 03:10:57,357:INFO:Epoch: 32550/40000 | Train Loss: 3.983e-02 | Dynamic Loss: 3.983e-02 | Regularization Loss: 1.420e-09 | Val Loss: 2.273e-01 | Active Proj %: 0.00 | Time: 5.36s
2025-08-21 03:11:02,982:INFO:Epoch: 32600/40000 | Train Loss: 2.482e-02 | Dynamic Loss: 2.482e-02 | Regularization Loss: 1.387e-09 | Val Loss: 2.305e-01 | Active Proj %: 0.00 | Time: 5.52s
2025-08-21 03:11:08,602:INFO:Epoch: 32650/40000 | Train Loss: 2.065e-02 | Dynamic Loss: 2.065e-02 | Regularization Loss: 1.354e-09 | Val Loss: 2.280e-01 | Active Proj %: 0.00 | Time: 5.52s
2025-08-21 03:11:14,175:INFO:Epoch: 32700/40000 | Train Loss: 3.340e-02 | Dynamic Loss: 3.340e-02 | Regularization Loss: 1.321e-09 | Val Loss: 2.395e-01 | Active Proj %: 0.00 | Time: 5.46s
2025-08-21 03:11:19,731:INFO:Epoch: 32750/40000 | Train Loss: 2.902e-02 | Dynamic Loss: 2.902e-02 | Regularization Loss: 1.290e-09 | Val Loss: 2.304e-01 | Active Proj %: 0.00 | Time: 5.45s
2025-08-21 03:11:25,297:INFO:Epoch: 32800/40000 | Train Loss: 2.486e-02 | Dynamic Loss: 2.486e-02 | Regularization Loss: 1.259e-09 | Val Loss: 2.275e-01 | Active Proj %: 0.00 | Time: 5.46s
2025-08-21 03:11:30,892:INFO:Epoch: 32850/40000 | Train Loss: 8.077e-02 | Dynamic Loss: 8.077e-02 | Regularization Loss: 1.229e-09 | Val Loss: 2.515e-01 | Active Proj %: 0.00 | Time: 5.49s
2025-08-21 03:11:43,183:INFO:Epoch: 32900/40000 | Train Loss: 2.179e-02 | Dynamic Loss: 2.179e-02 | Regularization Loss: 1.200e-09 | Val Loss: 2.264e-01 | Active Proj %: 0.00 | Time: 12.18s
2025-08-21 03:11:48,702:INFO:Epoch: 32950/40000 | Train Loss: 3.035e-02 | Dynamic Loss: 3.035e-02 | Regularization Loss: 1.172e-09 | Val Loss: 2.388e-01 | Active Proj %: 0.00 | Time: 5.41s
2025-08-21 03:11:54,187:INFO:Epoch: 33000/40000 | Train Loss: 2.487e-02 | Dynamic Loss: 2.487e-02 | Regularization Loss: 1.144e-09 | Val Loss: 2.312e-01 | Active Proj %: 0.00 | Time: 5.38s
2025-08-21 03:11:59,742:INFO:Epoch: 33050/40000 | Train Loss: 2.070e-02 | Dynamic Loss: 2.070e-02 | Regularization Loss: 1.117e-09 | Val Loss: 2.277e-01 | Active Proj %: 0.00 | Time: 5.44s
2025-08-21 03:12:09,385:INFO:Epoch: 33100/40000 | Train Loss: 2.214e-02 | Dynamic Loss: 2.214e-02 | Regularization Loss: 1.090e-09 | Val Loss: 2.241e-01 | Active Proj %: 0.00 | Time: 9.53s
2025-08-21 03:12:14,907:INFO:Epoch: 33150/40000 | Train Loss: 4.046e-02 | Dynamic Loss: 4.046e-02 | Regularization Loss: 1.065e-09 | Val Loss: 2.381e-01 | Active Proj %: 0.00 | Time: 5.42s
2025-08-21 03:12:20,446:INFO:Epoch: 33200/40000 | Train Loss: 2.594e-02 | Dynamic Loss: 2.594e-02 | Regularization Loss: 1.039e-09 | Val Loss: 2.276e-01 | Active Proj %: 0.00 | Time: 5.43s
2025-08-21 03:12:25,980:INFO:Epoch: 33250/40000 | Train Loss: 1.025e-01 | Dynamic Loss: 1.025e-01 | Regularization Loss: 1.015e-09 | Val Loss: 3.207e-01 | Active Proj %: 0.00 | Time: 5.43s
2025-08-21 03:12:31,576:INFO:Epoch: 33300/40000 | Train Loss: 2.665e-02 | Dynamic Loss: 2.665e-02 | Regularization Loss: 9.910e-10 | Val Loss: 2.302e-01 | Active Proj %: 0.00 | Time: 5.49s
2025-08-21 03:12:37,214:INFO:Epoch: 33350/40000 | Train Loss: 3.686e-02 | Dynamic Loss: 3.686e-02 | Regularization Loss: 9.677e-10 | Val Loss: 2.451e-01 | Active Proj %: 0.00 | Time: 5.52s
2025-08-21 03:12:42,816:INFO:Epoch: 33400/40000 | Train Loss: 2.669e-02 | Dynamic Loss: 2.669e-02 | Regularization Loss: 9.449e-10 | Val Loss: 2.300e-01 | Active Proj %: 0.00 | Time: 5.49s
2025-08-21 03:12:48,342:INFO:Epoch: 33450/40000 | Train Loss: 2.018e-02 | Dynamic Loss: 2.018e-02 | Regularization Loss: 9.228e-10 | Val Loss: 2.267e-01 | Active Proj %: 0.00 | Time: 5.41s
2025-08-21 03:12:53,916:INFO:Epoch: 33500/40000 | Train Loss: 7.341e-02 | Dynamic Loss: 7.341e-02 | Regularization Loss: 9.011e-10 | Val Loss: 2.393e-01 | Active Proj %: 0.00 | Time: 5.47s
2025-08-21 03:12:59,905:INFO:Epoch: 33550/40000 | Train Loss: 2.842e-02 | Dynamic Loss: 2.842e-02 | Regularization Loss: 8.800e-10 | Val Loss: 2.319e-01 | Active Proj %: 0.00 | Time: 5.87s
2025-08-21 03:13:05,597:INFO:Epoch: 33600/40000 | Train Loss: 2.408e-02 | Dynamic Loss: 2.408e-02 | Regularization Loss: 8.595e-10 | Val Loss: 2.334e-01 | Active Proj %: 0.00 | Time: 5.58s
2025-08-21 03:13:11,151:INFO:Epoch: 33650/40000 | Train Loss: 3.594e-02 | Dynamic Loss: 3.594e-02 | Regularization Loss: 8.394e-10 | Val Loss: 2.353e-01 | Active Proj %: 0.00 | Time: 5.45s
2025-08-21 03:13:16,647:INFO:Epoch: 33700/40000 | Train Loss: 2.189e-02 | Dynamic Loss: 2.189e-02 | Regularization Loss: 8.198e-10 | Val Loss: 2.282e-01 | Active Proj %: 0.00 | Time: 5.39s
2025-08-21 03:13:22,077:INFO:Epoch: 33750/40000 | Train Loss: 2.174e-02 | Dynamic Loss: 2.174e-02 | Regularization Loss: 8.007e-10 | Val Loss: 2.272e-01 | Active Proj %: 0.00 | Time: 5.32s
2025-08-21 03:13:28,968:INFO:Epoch: 33800/40000 | Train Loss: 2.481e-02 | Dynamic Loss: 2.481e-02 | Regularization Loss: 7.821e-10 | Val Loss: 2.271e-01 | Active Proj %: 0.00 | Time: 6.78s
2025-08-21 03:13:34,479:INFO:Epoch: 33850/40000 | Train Loss: 2.115e-02 | Dynamic Loss: 2.115e-02 | Regularization Loss: 7.639e-10 | Val Loss: 2.272e-01 | Active Proj %: 0.00 | Time: 5.40s
2025-08-21 03:13:40,248:INFO:Epoch: 33900/40000 | Train Loss: 2.112e-02 | Dynamic Loss: 2.112e-02 | Regularization Loss: 7.462e-10 | Val Loss: 2.278e-01 | Active Proj %: 0.00 | Time: 5.66s
2025-08-21 03:13:45,759:INFO:Epoch: 33950/40000 | Train Loss: 2.468e-02 | Dynamic Loss: 2.468e-02 | Regularization Loss: 7.289e-10 | Val Loss: 2.313e-01 | Active Proj %: 0.00 | Time: 5.40s
2025-08-21 03:13:51,274:INFO:Epoch: 34000/40000 | Train Loss: 2.795e-02 | Dynamic Loss: 2.795e-02 | Regularization Loss: 7.121e-10 | Val Loss: 2.375e-01 | Active Proj %: 0.00 | Time: 5.40s
2025-08-21 03:13:56,901:INFO:Epoch: 34050/40000 | Train Loss: 3.076e-02 | Dynamic Loss: 3.076e-02 | Regularization Loss: 6.957e-10 | Val Loss: 2.431e-01 | Active Proj %: 0.00 | Time: 5.52s
2025-08-21 03:14:02,520:INFO:Epoch: 34100/40000 | Train Loss: 2.280e-02 | Dynamic Loss: 2.280e-02 | Regularization Loss: 6.796e-10 | Val Loss: 2.308e-01 | Active Proj %: 0.00 | Time: 5.51s
2025-08-21 03:14:08,126:INFO:Epoch: 34150/40000 | Train Loss: 4.684e-02 | Dynamic Loss: 4.684e-02 | Regularization Loss: 6.640e-10 | Val Loss: 2.525e-01 | Active Proj %: 0.00 | Time: 5.50s
2025-08-21 03:14:13,727:INFO:Epoch: 34200/40000 | Train Loss: 2.139e-02 | Dynamic Loss: 2.139e-02 | Regularization Loss: 6.487e-10 | Val Loss: 2.307e-01 | Active Proj %: 0.00 | Time: 5.49s
2025-08-21 03:14:19,331:INFO:Epoch: 34250/40000 | Train Loss: 2.255e-02 | Dynamic Loss: 2.255e-02 | Regularization Loss: 6.339e-10 | Val Loss: 2.312e-01 | Active Proj %: 0.00 | Time: 5.49s
2025-08-21 03:14:24,977:INFO:Epoch: 34300/40000 | Train Loss: 2.119e-02 | Dynamic Loss: 2.119e-02 | Regularization Loss: 6.193e-10 | Val Loss: 2.292e-01 | Active Proj %: 0.00 | Time: 5.54s
2025-08-21 03:14:34,882:INFO:Epoch: 34350/40000 | Train Loss: 1.796e-02 | Dynamic Loss: 1.796e-02 | Regularization Loss: 6.052e-10 | Val Loss: 2.281e-01 | Active Proj %: 0.00 | Time: 9.80s
2025-08-21 03:14:40,514:INFO:Epoch: 34400/40000 | Train Loss: 2.451e-02 | Dynamic Loss: 2.451e-02 | Regularization Loss: 5.914e-10 | Val Loss: 2.270e-01 | Active Proj %: 0.00 | Time: 5.53s
2025-08-21 03:14:46,114:INFO:Epoch: 34450/40000 | Train Loss: 3.607e-02 | Dynamic Loss: 3.607e-02 | Regularization Loss: 5.779e-10 | Val Loss: 2.399e-01 | Active Proj %: 0.00 | Time: 5.49s
2025-08-21 03:14:51,707:INFO:Epoch: 34500/40000 | Train Loss: 1.889e-02 | Dynamic Loss: 1.889e-02 | Regularization Loss: 5.648e-10 | Val Loss: 2.271e-01 | Active Proj %: 0.00 | Time: 5.49s
2025-08-21 03:14:57,316:INFO:Epoch: 34550/40000 | Train Loss: 3.659e-02 | Dynamic Loss: 3.659e-02 | Regularization Loss: 5.520e-10 | Val Loss: 2.446e-01 | Active Proj %: 0.00 | Time: 5.50s
2025-08-21 03:15:03,889:INFO:Epoch: 34600/40000 | Train Loss: 1.863e-02 | Dynamic Loss: 1.863e-02 | Regularization Loss: 5.395e-10 | Val Loss: 2.272e-01 | Active Proj %: 0.00 | Time: 6.47s
2025-08-21 03:15:09,448:INFO:Epoch: 34650/40000 | Train Loss: 3.514e-02 | Dynamic Loss: 3.514e-02 | Regularization Loss: 5.273e-10 | Val Loss: 2.341e-01 | Active Proj %: 0.00 | Time: 5.45s
2025-08-21 03:15:15,626:INFO:Epoch: 34700/40000 | Train Loss: 1.942e-02 | Dynamic Loss: 1.942e-02 | Regularization Loss: 5.154e-10 | Val Loss: 2.261e-01 | Active Proj %: 0.00 | Time: 6.07s
2025-08-21 03:15:21,182:INFO:Epoch: 34750/40000 | Train Loss: 1.957e-02 | Dynamic Loss: 1.957e-02 | Regularization Loss: 5.038e-10 | Val Loss: 2.290e-01 | Active Proj %: 0.00 | Time: 5.45s
2025-08-21 03:15:26,798:INFO:Epoch: 34800/40000 | Train Loss: 3.362e-02 | Dynamic Loss: 3.362e-02 | Regularization Loss: 4.925e-10 | Val Loss: 2.423e-01 | Active Proj %: 0.00 | Time: 5.51s
2025-08-21 03:15:32,503:INFO:Epoch: 34850/40000 | Train Loss: 2.476e-02 | Dynamic Loss: 2.476e-02 | Regularization Loss: 4.814e-10 | Val Loss: 2.305e-01 | Active Proj %: 0.00 | Time: 5.60s
2025-08-21 03:15:38,102:INFO:Epoch: 34900/40000 | Train Loss: 5.465e-02 | Dynamic Loss: 5.465e-02 | Regularization Loss: 4.707e-10 | Val Loss: 2.686e-01 | Active Proj %: 0.00 | Time: 5.49s
2025-08-21 03:15:43,688:INFO:Epoch: 34950/40000 | Train Loss: 2.412e-02 | Dynamic Loss: 2.412e-02 | Regularization Loss: 4.602e-10 | Val Loss: 2.378e-01 | Active Proj %: 0.00 | Time: 5.47s
2025-08-21 03:15:49,277:INFO:Epoch: 35000/40000 | Train Loss: 2.132e-02 | Dynamic Loss: 2.132e-02 | Regularization Loss: 4.499e-10 | Val Loss: 2.300e-01 | Active Proj %: 0.00 | Time: 5.48s
2025-08-21 03:15:54,877:INFO:Epoch: 35050/40000 | Train Loss: 9.894e-02 | Dynamic Loss: 9.894e-02 | Regularization Loss: 4.399e-10 | Val Loss: 2.644e-01 | Active Proj %: 0.00 | Time: 5.49s
2025-08-21 03:16:00,415:INFO:Epoch: 35100/40000 | Train Loss: 3.017e-02 | Dynamic Loss: 3.017e-02 | Regularization Loss: 4.302e-10 | Val Loss: 2.486e-01 | Active Proj %: 0.00 | Time: 5.43s
2025-08-21 03:16:11,684:INFO:Epoch: 35150/40000 | Train Loss: 1.943e-02 | Dynamic Loss: 1.943e-02 | Regularization Loss: 4.207e-10 | Val Loss: 2.304e-01 | Active Proj %: 0.00 | Time: 11.16s
2025-08-21 03:16:17,554:INFO:Epoch: 35200/40000 | Train Loss: 2.054e-02 | Dynamic Loss: 2.054e-02 | Regularization Loss: 4.114e-10 | Val Loss: 2.293e-01 | Active Proj %: 0.00 | Time: 5.76s
2025-08-21 03:16:23,161:INFO:Epoch: 35250/40000 | Train Loss: 2.356e-02 | Dynamic Loss: 2.356e-02 | Regularization Loss: 4.024e-10 | Val Loss: 2.326e-01 | Active Proj %: 0.00 | Time: 5.50s
2025-08-21 03:16:28,697:INFO:Epoch: 35300/40000 | Train Loss: 3.612e-02 | Dynamic Loss: 3.612e-02 | Regularization Loss: 3.935e-10 | Val Loss: 2.539e-01 | Active Proj %: 0.00 | Time: 5.43s
2025-08-21 03:16:34,272:INFO:Epoch: 35350/40000 | Train Loss: 1.942e-02 | Dynamic Loss: 1.942e-02 | Regularization Loss: 3.849e-10 | Val Loss: 2.298e-01 | Active Proj %: 0.00 | Time: 5.46s
2025-08-21 03:16:44,596:INFO:Epoch: 35400/40000 | Train Loss: 2.542e-02 | Dynamic Loss: 2.542e-02 | Regularization Loss: 3.765e-10 | Val Loss: 2.367e-01 | Active Proj %: 0.00 | Time: 10.21s
2025-08-21 03:16:50,167:INFO:Epoch: 35450/40000 | Train Loss: 2.223e-02 | Dynamic Loss: 2.223e-02 | Regularization Loss: 3.683e-10 | Val Loss: 2.302e-01 | Active Proj %: 0.00 | Time: 5.46s
2025-08-21 03:16:56,147:INFO:Epoch: 35500/40000 | Train Loss: 1.898e-02 | Dynamic Loss: 1.898e-02 | Regularization Loss: 3.603e-10 | Val Loss: 2.267e-01 | Active Proj %: 0.00 | Time: 5.87s
2025-08-21 03:17:01,809:INFO:Epoch: 35550/40000 | Train Loss: 4.255e-02 | Dynamic Loss: 4.255e-02 | Regularization Loss: 3.525e-10 | Val Loss: 2.513e-01 | Active Proj %: 0.00 | Time: 5.55s
2025-08-21 03:17:07,502:INFO:Epoch: 35600/40000 | Train Loss: 2.004e-02 | Dynamic Loss: 2.004e-02 | Regularization Loss: 3.449e-10 | Val Loss: 2.306e-01 | Active Proj %: 0.00 | Time: 5.58s
2025-08-21 03:17:13,482:INFO:Epoch: 35650/40000 | Train Loss: 2.475e-02 | Dynamic Loss: 2.475e-02 | Regularization Loss: 3.375e-10 | Val Loss: 2.408e-01 | Active Proj %: 0.00 | Time: 5.87s
2025-08-21 03:17:19,015:INFO:Epoch: 35700/40000 | Train Loss: 2.288e-02 | Dynamic Loss: 2.288e-02 | Regularization Loss: 3.303e-10 | Val Loss: 2.342e-01 | Active Proj %: 0.00 | Time: 5.42s
2025-08-21 03:17:24,542:INFO:Epoch: 35750/40000 | Train Loss: 2.193e-02 | Dynamic Loss: 2.193e-02 | Regularization Loss: 3.232e-10 | Val Loss: 2.337e-01 | Active Proj %: 0.00 | Time: 5.42s
2025-08-21 03:17:30,115:INFO:Epoch: 35800/40000 | Train Loss: 2.023e-02 | Dynamic Loss: 2.023e-02 | Regularization Loss: 3.163e-10 | Val Loss: 2.328e-01 | Active Proj %: 0.00 | Time: 5.47s
2025-08-21 03:17:35,646:INFO:Epoch: 35850/40000 | Train Loss: 1.024e-01 | Dynamic Loss: 1.024e-01 | Regularization Loss: 3.096e-10 | Val Loss: 2.710e-01 | Active Proj %: 0.00 | Time: 5.42s
2025-08-21 03:17:43,140:INFO:Epoch: 35900/40000 | Train Loss: 4.096e-02 | Dynamic Loss: 4.096e-02 | Regularization Loss: 3.030e-10 | Val Loss: 2.402e-01 | Active Proj %: 0.00 | Time: 7.38s
2025-08-21 03:17:48,710:INFO:Epoch: 35950/40000 | Train Loss: 1.843e-02 | Dynamic Loss: 1.843e-02 | Regularization Loss: 2.966e-10 | Val Loss: 2.306e-01 | Active Proj %: 0.00 | Time: 5.46s
2025-08-21 03:17:54,260:INFO:Epoch: 36000/40000 | Train Loss: 2.577e-02 | Dynamic Loss: 2.577e-02 | Regularization Loss: 2.904e-10 | Val Loss: 2.409e-01 | Active Proj %: 0.00 | Time: 5.44s
2025-08-21 03:18:00,551:INFO:Epoch: 36050/40000 | Train Loss: 2.789e-02 | Dynamic Loss: 2.789e-02 | Regularization Loss: 2.843e-10 | Val Loss: 2.310e-01 | Active Proj %: 0.00 | Time: 6.18s
2025-08-21 03:18:06,110:INFO:Epoch: 36100/40000 | Train Loss: 1.864e-02 | Dynamic Loss: 1.864e-02 | Regularization Loss: 2.783e-10 | Val Loss: 2.297e-01 | Active Proj %: 0.00 | Time: 5.45s
2025-08-21 03:18:17,003:INFO:Epoch: 36150/40000 | Train Loss: 2.103e-02 | Dynamic Loss: 2.103e-02 | Regularization Loss: 2.725e-10 | Val Loss: 2.360e-01 | Active Proj %: 0.00 | Time: 10.78s
2025-08-21 03:18:22,576:INFO:Epoch: 36200/40000 | Train Loss: 2.012e-02 | Dynamic Loss: 2.012e-02 | Regularization Loss: 2.669e-10 | Val Loss: 2.317e-01 | Active Proj %: 0.00 | Time: 5.46s
2025-08-21 03:18:28,075:INFO:Epoch: 36250/40000 | Train Loss: 3.274e-02 | Dynamic Loss: 3.274e-02 | Regularization Loss: 2.613e-10 | Val Loss: 2.361e-01 | Active Proj %: 0.00 | Time: 5.39s
2025-08-21 03:18:33,544:INFO:Epoch: 36300/40000 | Train Loss: 2.250e-02 | Dynamic Loss: 2.250e-02 | Regularization Loss: 2.560e-10 | Val Loss: 2.297e-01 | Active Proj %: 0.00 | Time: 5.36s
2025-08-21 03:18:39,142:INFO:Epoch: 36350/40000 | Train Loss: 1.857e-02 | Dynamic Loss: 1.857e-02 | Regularization Loss: 2.507e-10 | Val Loss: 2.335e-01 | Active Proj %: 0.00 | Time: 5.48s
2025-08-21 03:18:44,727:INFO:Epoch: 36400/40000 | Train Loss: 3.938e-02 | Dynamic Loss: 3.938e-02 | Regularization Loss: 2.456e-10 | Val Loss: 2.502e-01 | Active Proj %: 0.00 | Time: 5.48s
2025-08-21 03:18:50,245:INFO:Epoch: 36450/40000 | Train Loss: 1.697e-02 | Dynamic Loss: 1.697e-02 | Regularization Loss: 2.406e-10 | Val Loss: 2.288e-01 | Active Proj %: 0.00 | Time: 5.41s
2025-08-21 03:18:55,723:INFO:Epoch: 36500/40000 | Train Loss: 6.712e-02 | Dynamic Loss: 6.712e-02 | Regularization Loss: 2.357e-10 | Val Loss: 2.534e-01 | Active Proj %: 0.00 | Time: 5.36s
2025-08-21 03:19:01,346:INFO:Epoch: 36550/40000 | Train Loss: 1.985e-02 | Dynamic Loss: 1.985e-02 | Regularization Loss: 2.309e-10 | Val Loss: 2.341e-01 | Active Proj %: 0.00 | Time: 5.39s
2025-08-21 03:19:06,883:INFO:Epoch: 36600/40000 | Train Loss: 2.488e-02 | Dynamic Loss: 2.488e-02 | Regularization Loss: 2.263e-10 | Val Loss: 2.372e-01 | Active Proj %: 0.00 | Time: 5.43s
2025-08-21 03:19:12,449:INFO:Epoch: 36650/40000 | Train Loss: 2.398e-02 | Dynamic Loss: 2.398e-02 | Regularization Loss: 2.217e-10 | Val Loss: 2.358e-01 | Active Proj %: 0.00 | Time: 5.45s
2025-08-21 03:19:18,005:INFO:Epoch: 36700/40000 | Train Loss: 1.615e-02 | Dynamic Loss: 1.615e-02 | Regularization Loss: 2.173e-10 | Val Loss: 2.311e-01 | Active Proj %: 0.00 | Time: 5.45s
2025-08-21 03:19:23,500:INFO:Epoch: 36750/40000 | Train Loss: 1.881e-02 | Dynamic Loss: 1.881e-02 | Regularization Loss: 2.130e-10 | Val Loss: 2.288e-01 | Active Proj %: 0.00 | Time: 5.38s
2025-08-21 03:19:32,206:INFO:Epoch: 36800/40000 | Train Loss: 7.069e-02 | Dynamic Loss: 7.069e-02 | Regularization Loss: 2.087e-10 | Val Loss: 2.347e-01 | Active Proj %: 0.00 | Time: 8.60s
2025-08-21 03:19:37,690:INFO:Epoch: 36850/40000 | Train Loss: 2.328e-02 | Dynamic Loss: 2.328e-02 | Regularization Loss: 2.046e-10 | Val Loss: 2.308e-01 | Active Proj %: 0.00 | Time: 5.37s
2025-08-21 03:19:43,224:INFO:Epoch: 36900/40000 | Train Loss: 1.767e-02 | Dynamic Loss: 1.767e-02 | Regularization Loss: 2.006e-10 | Val Loss: 2.315e-01 | Active Proj %: 0.00 | Time: 5.42s
2025-08-21 03:19:48,791:INFO:Epoch: 36950/40000 | Train Loss: 2.353e-02 | Dynamic Loss: 2.353e-02 | Regularization Loss: 1.967e-10 | Val Loss: 2.392e-01 | Active Proj %: 0.00 | Time: 5.45s
2025-08-21 03:19:54,491:INFO:Epoch: 37000/40000 | Train Loss: 2.519e-02 | Dynamic Loss: 2.519e-02 | Regularization Loss: 1.928e-10 | Val Loss: 2.377e-01 | Active Proj %: 0.00 | Time: 5.47s
2025-08-21 03:19:59,993:INFO:Epoch: 37050/40000 | Train Loss: 1.712e-02 | Dynamic Loss: 1.712e-02 | Regularization Loss: 1.891e-10 | Val Loss: 2.294e-01 | Active Proj %: 0.00 | Time: 5.38s
2025-08-21 03:20:05,573:INFO:Epoch: 37100/40000 | Train Loss: 1.800e-02 | Dynamic Loss: 1.800e-02 | Regularization Loss: 1.854e-10 | Val Loss: 2.260e-01 | Active Proj %: 0.00 | Time: 5.46s
2025-08-21 03:20:11,161:INFO:Epoch: 37150/40000 | Train Loss: 2.173e-02 | Dynamic Loss: 2.173e-02 | Regularization Loss: 1.819e-10 | Val Loss: 2.348e-01 | Active Proj %: 0.00 | Time: 5.47s
2025-08-21 03:20:16,735:INFO:Epoch: 37200/40000 | Train Loss: 3.283e-02 | Dynamic Loss: 3.283e-02 | Regularization Loss: 1.784e-10 | Val Loss: 2.459e-01 | Active Proj %: 0.00 | Time: 5.46s
2025-08-21 03:20:27,242:INFO:Epoch: 37250/40000 | Train Loss: 1.780e-02 | Dynamic Loss: 1.780e-02 | Regularization Loss: 1.750e-10 | Val Loss: 2.331e-01 | Active Proj %: 0.00 | Time: 10.40s
2025-08-21 03:20:32,809:INFO:Epoch: 37300/40000 | Train Loss: 1.775e-02 | Dynamic Loss: 1.775e-02 | Regularization Loss: 1.717e-10 | Val Loss: 2.344e-01 | Active Proj %: 0.00 | Time: 5.46s
2025-08-21 03:20:38,398:INFO:Epoch: 37350/40000 | Train Loss: 2.000e-02 | Dynamic Loss: 2.000e-02 | Regularization Loss: 1.685e-10 | Val Loss: 2.319e-01 | Active Proj %: 0.00 | Time: 5.48s
2025-08-21 03:20:43,955:INFO:Epoch: 37400/40000 | Train Loss: 1.724e-02 | Dynamic Loss: 1.724e-02 | Regularization Loss: 1.653e-10 | Val Loss: 2.324e-01 | Active Proj %: 0.00 | Time: 5.44s
2025-08-21 03:20:49,739:INFO:Epoch: 37450/40000 | Train Loss: 3.390e-02 | Dynamic Loss: 3.390e-02 | Regularization Loss: 1.622e-10 | Val Loss: 2.498e-01 | Active Proj %: 0.00 | Time: 5.67s
2025-08-21 03:20:55,330:INFO:Epoch: 37500/40000 | Train Loss: 1.504e-02 | Dynamic Loss: 1.504e-02 | Regularization Loss: 1.592e-10 | Val Loss: 2.318e-01 | Active Proj %: 0.00 | Time: 5.48s
2025-08-21 03:21:00,921:INFO:Epoch: 37550/40000 | Train Loss: 3.878e-02 | Dynamic Loss: 3.878e-02 | Regularization Loss: 1.563e-10 | Val Loss: 2.343e-01 | Active Proj %: 0.00 | Time: 5.48s
2025-08-21 03:21:06,495:INFO:Epoch: 37600/40000 | Train Loss: 1.597e-02 | Dynamic Loss: 1.597e-02 | Regularization Loss: 1.534e-10 | Val Loss: 2.323e-01 | Active Proj %: 0.00 | Time: 5.46s
2025-08-21 03:21:12,147:INFO:Epoch: 37650/40000 | Train Loss: 2.197e-02 | Dynamic Loss: 2.197e-02 | Regularization Loss: 1.506e-10 | Val Loss: 2.426e-01 | Active Proj %: 0.00 | Time: 5.54s
2025-08-21 03:21:17,741:INFO:Epoch: 37700/40000 | Train Loss: 1.658e-02 | Dynamic Loss: 1.658e-02 | Regularization Loss: 1.478e-10 | Val Loss: 2.331e-01 | Active Proj %: 0.00 | Time: 5.48s
2025-08-21 03:21:23,308:INFO:Epoch: 37750/40000 | Train Loss: 3.637e-02 | Dynamic Loss: 3.637e-02 | Regularization Loss: 1.452e-10 | Val Loss: 2.471e-01 | Active Proj %: 0.00 | Time: 5.45s
2025-08-21 03:21:28,853:INFO:Epoch: 37800/40000 | Train Loss: 1.734e-02 | Dynamic Loss: 1.734e-02 | Regularization Loss: 1.425e-10 | Val Loss: 2.341e-01 | Active Proj %: 0.00 | Time: 5.43s
2025-08-21 03:21:34,342:INFO:Epoch: 37850/40000 | Train Loss: 1.474e-02 | Dynamic Loss: 1.474e-02 | Regularization Loss: 1.400e-10 | Val Loss: 2.291e-01 | Active Proj %: 0.00 | Time: 5.37s
2025-08-21 03:21:45,819:INFO:Epoch: 37900/40000 | Train Loss: 1.733e-02 | Dynamic Loss: 1.733e-02 | Regularization Loss: 1.375e-10 | Val Loss: 2.316e-01 | Active Proj %: 0.00 | Time: 11.36s
2025-08-21 03:21:51,405:INFO:Epoch: 37950/40000 | Train Loss: 1.662e-02 | Dynamic Loss: 1.662e-02 | Regularization Loss: 1.351e-10 | Val Loss: 2.327e-01 | Active Proj %: 0.00 | Time: 5.47s
2025-08-21 03:21:56,978:INFO:Epoch: 38000/40000 | Train Loss: 1.790e-02 | Dynamic Loss: 1.790e-02 | Regularization Loss: 1.327e-10 | Val Loss: 2.343e-01 | Active Proj %: 0.00 | Time: 5.46s
2025-08-21 03:22:02,493:INFO:Epoch: 38050/40000 | Train Loss: 1.637e-02 | Dynamic Loss: 1.637e-02 | Regularization Loss: 1.304e-10 | Val Loss: 2.333e-01 | Active Proj %: 0.00 | Time: 5.40s
2025-08-21 03:22:08,694:INFO:Epoch: 38100/40000 | Train Loss: 2.528e-02 | Dynamic Loss: 2.528e-02 | Regularization Loss: 1.281e-10 | Val Loss: 2.550e-01 | Active Proj %: 0.00 | Time: 6.09s
2025-08-21 03:22:14,197:INFO:Epoch: 38150/40000 | Train Loss: 3.507e-02 | Dynamic Loss: 3.507e-02 | Regularization Loss: 1.259e-10 | Val Loss: 2.429e-01 | Active Proj %: 0.00 | Time: 5.38s
2025-08-21 03:22:19,792:INFO:Epoch: 38200/40000 | Train Loss: 1.810e-02 | Dynamic Loss: 1.810e-02 | Regularization Loss: 1.237e-10 | Val Loss: 2.308e-01 | Active Proj %: 0.00 | Time: 5.48s
2025-08-21 03:22:25,327:INFO:Epoch: 38250/40000 | Train Loss: 1.431e-02 | Dynamic Loss: 1.431e-02 | Regularization Loss: 1.216e-10 | Val Loss: 2.316e-01 | Active Proj %: 0.00 | Time: 5.42s
2025-08-21 03:22:30,992:INFO:Epoch: 38300/40000 | Train Loss: 2.621e-02 | Dynamic Loss: 2.621e-02 | Regularization Loss: 1.195e-10 | Val Loss: 2.440e-01 | Active Proj %: 0.00 | Time: 5.55s
2025-08-21 03:22:36,576:INFO:Epoch: 38350/40000 | Train Loss: 1.917e-02 | Dynamic Loss: 1.917e-02 | Regularization Loss: 1.175e-10 | Val Loss: 2.316e-01 | Active Proj %: 0.00 | Time: 5.47s
2025-08-21 03:22:42,173:INFO:Epoch: 38400/40000 | Train Loss: 2.080e-02 | Dynamic Loss: 2.080e-02 | Regularization Loss: 1.155e-10 | Val Loss: 2.343e-01 | Active Proj %: 0.00 | Time: 5.48s
2025-08-21 03:22:47,781:INFO:Epoch: 38450/40000 | Train Loss: 2.064e-02 | Dynamic Loss: 2.064e-02 | Regularization Loss: 1.136e-10 | Val Loss: 2.415e-01 | Active Proj %: 0.00 | Time: 5.50s
2025-08-21 03:22:53,489:INFO:Epoch: 38500/40000 | Train Loss: 1.466e-02 | Dynamic Loss: 1.466e-02 | Regularization Loss: 1.117e-10 | Val Loss: 2.311e-01 | Active Proj %: 0.00 | Time: 5.60s
2025-08-21 03:22:59,204:INFO:Epoch: 38550/40000 | Train Loss: 3.017e-02 | Dynamic Loss: 3.017e-02 | Regularization Loss: 1.099e-10 | Val Loss: 2.436e-01 | Active Proj %: 0.00 | Time: 5.60s
2025-08-21 03:23:04,852:INFO:Epoch: 38600/40000 | Train Loss: 2.243e-02 | Dynamic Loss: 2.243e-02 | Regularization Loss: 1.081e-10 | Val Loss: 2.422e-01 | Active Proj %: 0.00 | Time: 5.54s
2025-08-21 03:23:10,499:INFO:Epoch: 38650/40000 | Train Loss: 2.079e-02 | Dynamic Loss: 2.079e-02 | Regularization Loss: 1.063e-10 | Val Loss: 2.327e-01 | Active Proj %: 0.00 | Time: 5.53s
2025-08-21 03:23:16,109:INFO:Epoch: 38700/40000 | Train Loss: 4.437e-02 | Dynamic Loss: 4.437e-02 | Regularization Loss: 1.046e-10 | Val Loss: 2.618e-01 | Active Proj %: 0.00 | Time: 5.49s
2025-08-21 03:23:21,714:INFO:Epoch: 38750/40000 | Train Loss: 1.748e-02 | Dynamic Loss: 1.748e-02 | Regularization Loss: 1.029e-10 | Val Loss: 2.343e-01 | Active Proj %: 0.00 | Time: 5.49s
2025-08-21 03:23:27,446:INFO:Epoch: 38800/40000 | Train Loss: 5.503e-02 | Dynamic Loss: 5.503e-02 | Regularization Loss: 1.013e-10 | Val Loss: 2.529e-01 | Active Proj %: 0.00 | Time: 5.61s
2025-08-21 03:23:33,032:INFO:Epoch: 38850/40000 | Train Loss: 1.979e-02 | Dynamic Loss: 1.979e-02 | Regularization Loss: 9.966e-11 | Val Loss: 2.385e-01 | Active Proj %: 0.00 | Time: 5.48s
2025-08-21 03:23:38,658:INFO:Epoch: 38900/40000 | Train Loss: 1.692e-02 | Dynamic Loss: 1.692e-02 | Regularization Loss: 9.809e-11 | Val Loss: 2.336e-01 | Active Proj %: 0.00 | Time: 5.51s
2025-08-21 03:23:44,197:INFO:Epoch: 38950/40000 | Train Loss: 3.182e-02 | Dynamic Loss: 3.182e-02 | Regularization Loss: 9.655e-11 | Val Loss: 2.487e-01 | Active Proj %: 0.00 | Time: 5.43s
2025-08-21 03:23:49,738:INFO:Epoch: 39000/40000 | Train Loss: 1.904e-02 | Dynamic Loss: 1.904e-02 | Regularization Loss: 9.505e-11 | Val Loss: 2.355e-01 | Active Proj %: 0.00 | Time: 5.42s
2025-08-21 03:23:55,424:INFO:Epoch: 39050/40000 | Train Loss: 1.583e-02 | Dynamic Loss: 1.583e-02 | Regularization Loss: 9.358e-11 | Val Loss: 2.333e-01 | Active Proj %: 0.00 | Time: 5.57s
2025-08-21 03:24:01,012:INFO:Epoch: 39100/40000 | Train Loss: 2.112e-02 | Dynamic Loss: 2.112e-02 | Regularization Loss: 9.214e-11 | Val Loss: 2.361e-01 | Active Proj %: 0.00 | Time: 5.48s
2025-08-21 03:24:06,627:INFO:Epoch: 39150/40000 | Train Loss: 2.323e-02 | Dynamic Loss: 2.323e-02 | Regularization Loss: 9.074e-11 | Val Loss: 2.461e-01 | Active Proj %: 0.00 | Time: 5.50s
2025-08-21 03:24:12,232:INFO:Epoch: 39200/40000 | Train Loss: 1.545e-02 | Dynamic Loss: 1.545e-02 | Regularization Loss: 8.936e-11 | Val Loss: 2.368e-01 | Active Proj %: 0.00 | Time: 5.50s
2025-08-21 03:24:17,812:INFO:Epoch: 39250/40000 | Train Loss: 3.363e-02 | Dynamic Loss: 3.363e-02 | Regularization Loss: 8.802e-11 | Val Loss: 2.540e-01 | Active Proj %: 0.00 | Time: 5.46s
2025-08-21 03:24:23,360:INFO:Epoch: 39300/40000 | Train Loss: 1.683e-02 | Dynamic Loss: 1.683e-02 | Regularization Loss: 8.670e-11 | Val Loss: 2.354e-01 | Active Proj %: 0.00 | Time: 5.44s
2025-08-21 03:24:30,945:INFO:Epoch: 39350/40000 | Train Loss: 5.495e-02 | Dynamic Loss: 5.495e-02 | Regularization Loss: 8.541e-11 | Val Loss: 2.615e-01 | Active Proj %: 0.00 | Time: 7.48s
2025-08-21 03:24:36,535:INFO:Epoch: 39400/40000 | Train Loss: 1.563e-02 | Dynamic Loss: 1.563e-02 | Regularization Loss: 8.415e-11 | Val Loss: 2.343e-01 | Active Proj %: 0.00 | Time: 5.47s
2025-08-21 03:24:42,091:INFO:Epoch: 39450/40000 | Train Loss: 3.502e-02 | Dynamic Loss: 3.502e-02 | Regularization Loss: 8.292e-11 | Val Loss: 2.509e-01 | Active Proj %: 0.00 | Time: 5.44s
2025-08-21 03:24:48,082:INFO:Epoch: 39500/40000 | Train Loss: 2.850e-02 | Dynamic Loss: 2.850e-02 | Regularization Loss: 8.171e-11 | Val Loss: 2.573e-01 | Active Proj %: 0.00 | Time: 5.88s
2025-08-21 03:24:55,222:INFO:Epoch: 39550/40000 | Train Loss: 1.772e-02 | Dynamic Loss: 1.772e-02 | Regularization Loss: 8.053e-11 | Val Loss: 2.362e-01 | Active Proj %: 0.00 | Time: 7.02s
2025-08-21 03:25:00,799:INFO:Epoch: 39600/40000 | Train Loss: 1.479e-02 | Dynamic Loss: 1.479e-02 | Regularization Loss: 7.938e-11 | Val Loss: 2.359e-01 | Active Proj %: 0.00 | Time: 5.46s
2025-08-21 03:25:06,342:INFO:Epoch: 39650/40000 | Train Loss: 1.815e-02 | Dynamic Loss: 1.815e-02 | Regularization Loss: 7.825e-11 | Val Loss: 2.376e-01 | Active Proj %: 0.00 | Time: 5.43s
2025-08-21 03:25:12,182:INFO:Epoch: 39700/40000 | Train Loss: 1.778e-02 | Dynamic Loss: 1.778e-02 | Regularization Loss: 7.714e-11 | Val Loss: 2.346e-01 | Active Proj %: 0.00 | Time: 5.73s
2025-08-21 03:25:17,688:INFO:Epoch: 39750/40000 | Train Loss: 1.488e-02 | Dynamic Loss: 1.488e-02 | Regularization Loss: 7.606e-11 | Val Loss: 2.348e-01 | Active Proj %: 0.00 | Time: 5.40s
2025-08-21 03:25:23,718:INFO:Epoch: 39800/40000 | Train Loss: 2.387e-02 | Dynamic Loss: 2.387e-02 | Regularization Loss: 7.500e-11 | Val Loss: 2.452e-01 | Active Proj %: 0.00 | Time: 5.92s
2025-08-21 03:25:29,274:INFO:Epoch: 39850/40000 | Train Loss: 2.117e-02 | Dynamic Loss: 2.117e-02 | Regularization Loss: 7.396e-11 | Val Loss: 2.402e-01 | Active Proj %: 0.00 | Time: 5.44s
2025-08-21 03:25:34,846:INFO:Epoch: 39900/40000 | Train Loss: 1.384e-02 | Dynamic Loss: 1.384e-02 | Regularization Loss: 7.294e-11 | Val Loss: 2.331e-01 | Active Proj %: 0.00 | Time: 5.46s
2025-08-21 03:25:40,383:INFO:Epoch: 39950/40000 | Train Loss: 1.315e-02 | Dynamic Loss: 1.315e-02 | Regularization Loss: 7.195e-11 | Val Loss: 2.346e-01 | Active Proj %: 0.00 | Time: 5.42s
2025-08-21 03:25:49,052:INFO:Epoch: 40000/40000 | Train Loss: 1.816e-02 | Dynamic Loss: 1.816e-02 | Regularization Loss: 7.097e-11 | Val Loss: 2.328e-01 | Active Proj %: 0.00 | Time: 8.56s
