2025-08-21 03:25:14,064:INFO:USING LONGER TRAJ DATA
2025-08-21 03:25:14,166:INFO:Created DataLoaders with 2994 training samples and 998 validation samples.
2025-08-21 03:25:15,530:INFO:model params: 2512001
2025-08-21 03:25:15,530:INFO:removing projection layer after initialization
2025-08-21 03:25:18,480:INFO:Epoch: 0/40000 | Train Loss: 1.801e+00 | Dynamic Loss: 1.801e+00 | Regularization Loss: 0.000e+00 | Val Loss: 1.811e+00 | Time: 2.84s
2025-08-21 03:25:18,480:INFO:New best model found at epoch 0 with validation loss 1.811e+00. Saving...
2025-08-21 03:25:24,390:INFO:Epoch: 50/40000 | Train Loss: 1.686e+00 | Dynamic Loss: 1.686e+00 | Regularization Loss: 0.000e+00 | Val Loss: 1.704e+00 | Time: 5.76s
2025-08-21 03:25:24,390:INFO:New best model found at epoch 50 with validation loss 1.704e+00. Saving...
2025-08-21 03:25:30,326:INFO:Epoch: 100/40000 | Train Loss: 1.655e+00 | Dynamic Loss: 1.655e+00 | Regularization Loss: 0.000e+00 | Val Loss: 1.668e+00 | Time: 5.81s
2025-08-21 03:25:30,326:INFO:New best model found at epoch 100 with validation loss 1.668e+00. Saving...
2025-08-21 03:25:43,115:INFO:Epoch: 150/40000 | Train Loss: 1.607e+00 | Dynamic Loss: 1.607e+00 | Regularization Loss: 0.000e+00 | Val Loss: 1.619e+00 | Time: 12.66s
2025-08-21 03:25:43,115:INFO:New best model found at epoch 150 with validation loss 1.619e+00. Saving...
2025-08-21 03:25:49,200:INFO:Epoch: 200/40000 | Train Loss: 1.564e+00 | Dynamic Loss: 1.564e+00 | Regularization Loss: 0.000e+00 | Val Loss: 1.565e+00 | Time: 5.95s
2025-08-21 03:25:49,201:INFO:New best model found at epoch 200 with validation loss 1.565e+00. Saving...
2025-08-21 03:25:55,282:INFO:Epoch: 250/40000 | Train Loss: 1.509e+00 | Dynamic Loss: 1.509e+00 | Regularization Loss: 0.000e+00 | Val Loss: 1.490e+00 | Time: 5.96s
2025-08-21 03:25:55,282:INFO:New best model found at epoch 250 with validation loss 1.490e+00. Saving...
2025-08-21 03:26:01,585:INFO:Epoch: 300/40000 | Train Loss: 1.405e+00 | Dynamic Loss: 1.405e+00 | Regularization Loss: 0.000e+00 | Val Loss: 1.420e+00 | Time: 6.18s
2025-08-21 03:26:01,585:INFO:New best model found at epoch 300 with validation loss 1.420e+00. Saving...
2025-08-21 03:26:07,731:INFO:Epoch: 350/40000 | Train Loss: 1.404e+00 | Dynamic Loss: 1.404e+00 | Regularization Loss: 0.000e+00 | Val Loss: 1.401e+00 | Time: 6.01s
2025-08-21 03:26:07,731:INFO:New best model found at epoch 350 with validation loss 1.401e+00. Saving...
2025-08-21 03:26:13,824:INFO:Epoch: 400/40000 | Train Loss: 1.329e+00 | Dynamic Loss: 1.329e+00 | Regularization Loss: 0.000e+00 | Val Loss: 1.350e+00 | Time: 5.96s
2025-08-21 03:26:13,824:INFO:New best model found at epoch 400 with validation loss 1.350e+00. Saving...
2025-08-21 03:26:20,002:INFO:Epoch: 450/40000 | Train Loss: 1.319e+00 | Dynamic Loss: 1.319e+00 | Regularization Loss: 0.000e+00 | Val Loss: 1.341e+00 | Time: 5.95s
2025-08-21 03:26:20,002:INFO:New best model found at epoch 450 with validation loss 1.341e+00. Saving...
2025-08-21 03:26:26,114:INFO:Epoch: 500/40000 | Train Loss: 1.481e+00 | Dynamic Loss: 1.481e+00 | Regularization Loss: 0.000e+00 | Val Loss: 1.375e+00 | Time: 5.99s
2025-08-21 03:26:32,270:INFO:Epoch: 550/40000 | Train Loss: 1.279e+00 | Dynamic Loss: 1.279e+00 | Regularization Loss: 0.000e+00 | Val Loss: 1.300e+00 | Time: 6.05s
2025-08-21 03:26:32,270:INFO:New best model found at epoch 550 with validation loss 1.300e+00. Saving...
2025-08-21 03:26:38,447:INFO:Epoch: 600/40000 | Train Loss: 1.236e+00 | Dynamic Loss: 1.236e+00 | Regularization Loss: 0.000e+00 | Val Loss: 1.266e+00 | Time: 6.05s
2025-08-21 03:26:38,447:INFO:New best model found at epoch 600 with validation loss 1.266e+00. Saving...
2025-08-21 03:26:44,719:INFO:Epoch: 650/40000 | Train Loss: 1.199e+00 | Dynamic Loss: 1.199e+00 | Regularization Loss: 0.000e+00 | Val Loss: 1.232e+00 | Time: 6.15s
2025-08-21 03:26:44,719:INFO:New best model found at epoch 650 with validation loss 1.232e+00. Saving...
2025-08-21 03:26:50,941:INFO:Epoch: 700/40000 | Train Loss: 1.211e+00 | Dynamic Loss: 1.211e+00 | Regularization Loss: 0.000e+00 | Val Loss: 1.241e+00 | Time: 6.09s
2025-08-21 03:26:57,030:INFO:Epoch: 750/40000 | Train Loss: 1.160e+00 | Dynamic Loss: 1.160e+00 | Regularization Loss: 0.000e+00 | Val Loss: 1.196e+00 | Time: 5.98s
2025-08-21 03:26:57,030:INFO:New best model found at epoch 750 with validation loss 1.196e+00. Saving...
2025-08-21 03:27:03,273:INFO:Epoch: 800/40000 | Train Loss: 1.127e+00 | Dynamic Loss: 1.127e+00 | Regularization Loss: 0.000e+00 | Val Loss: 1.168e+00 | Time: 6.11s
2025-08-21 03:27:03,273:INFO:New best model found at epoch 800 with validation loss 1.168e+00. Saving...
2025-08-21 03:27:09,450:INFO:Epoch: 850/40000 | Train Loss: 1.114e+00 | Dynamic Loss: 1.114e+00 | Regularization Loss: 0.000e+00 | Val Loss: 1.157e+00 | Time: 6.06s
2025-08-21 03:27:09,450:INFO:New best model found at epoch 850 with validation loss 1.157e+00. Saving...
2025-08-21 03:27:22,724:INFO:Epoch: 900/40000 | Train Loss: 1.083e+00 | Dynamic Loss: 1.083e+00 | Regularization Loss: 0.000e+00 | Val Loss: 1.130e+00 | Time: 13.16s
2025-08-21 03:27:22,724:INFO:New best model found at epoch 900 with validation loss 1.130e+00. Saving...
2025-08-21 03:27:28,973:INFO:Epoch: 950/40000 | Train Loss: 1.162e+00 | Dynamic Loss: 1.162e+00 | Regularization Loss: 0.000e+00 | Val Loss: 1.221e+00 | Time: 6.13s
2025-08-21 03:27:35,112:INFO:Epoch: 1000/40000 | Train Loss: 1.230e+00 | Dynamic Loss: 1.230e+00 | Regularization Loss: 0.000e+00 | Val Loss: 1.274e+00 | Time: 6.04s
2025-08-21 03:27:41,340:INFO:Epoch: 1050/40000 | Train Loss: 1.345e+00 | Dynamic Loss: 1.345e+00 | Regularization Loss: 0.000e+00 | Val Loss: 1.421e+00 | Time: 6.13s
2025-08-21 03:27:54,674:INFO:Epoch: 1100/40000 | Train Loss: 1.065e+00 | Dynamic Loss: 1.065e+00 | Regularization Loss: 0.000e+00 | Val Loss: 1.099e+00 | Time: 13.23s
2025-08-21 03:27:54,675:INFO:New best model found at epoch 1100 with validation loss 1.099e+00. Saving...
2025-08-21 03:28:00,846:INFO:Epoch: 1150/40000 | Train Loss: 9.974e-01 | Dynamic Loss: 9.974e-01 | Regularization Loss: 0.000e+00 | Val Loss: 1.039e+00 | Time: 6.05s
2025-08-21 03:28:00,846:INFO:New best model found at epoch 1150 with validation loss 1.039e+00. Saving...
2025-08-21 03:28:07,037:INFO:Epoch: 1200/40000 | Train Loss: 1.337e+00 | Dynamic Loss: 1.337e+00 | Regularization Loss: 0.000e+00 | Val Loss: 1.672e+00 | Time: 6.07s
2025-08-21 03:28:13,226:INFO:Epoch: 1250/40000 | Train Loss: 9.598e-01 | Dynamic Loss: 9.598e-01 | Regularization Loss: 0.000e+00 | Val Loss: 1.001e+00 | Time: 5.97s
2025-08-21 03:28:13,226:INFO:New best model found at epoch 1250 with validation loss 1.001e+00. Saving...
2025-08-21 03:28:19,383:INFO:Epoch: 1300/40000 | Train Loss: 9.402e-01 | Dynamic Loss: 9.402e-01 | Regularization Loss: 0.000e+00 | Val Loss: 9.818e-01 | Time: 6.03s
2025-08-21 03:28:19,383:INFO:New best model found at epoch 1300 with validation loss 9.818e-01. Saving...
2025-08-21 03:28:25,581:INFO:Epoch: 1350/40000 | Train Loss: 9.380e-01 | Dynamic Loss: 9.380e-01 | Regularization Loss: 0.000e+00 | Val Loss: 9.790e-01 | Time: 6.07s
2025-08-21 03:28:25,581:INFO:New best model found at epoch 1350 with validation loss 9.790e-01. Saving...
2025-08-21 03:28:31,625:INFO:Epoch: 1400/40000 | Train Loss: 9.146e-01 | Dynamic Loss: 9.146e-01 | Regularization Loss: 0.000e+00 | Val Loss: 9.532e-01 | Time: 5.91s
2025-08-21 03:28:31,625:INFO:New best model found at epoch 1400 with validation loss 9.532e-01. Saving...
2025-08-21 03:28:37,854:INFO:Epoch: 1450/40000 | Train Loss: 8.617e-01 | Dynamic Loss: 8.617e-01 | Regularization Loss: 0.000e+00 | Val Loss: 9.032e-01 | Time: 6.10s
2025-08-21 03:28:37,854:INFO:New best model found at epoch 1450 with validation loss 9.032e-01. Saving...
2025-08-21 03:28:51,477:INFO:Epoch: 1500/40000 | Train Loss: 1.034e+00 | Dynamic Loss: 1.034e+00 | Regularization Loss: 0.000e+00 | Val Loss: 1.041e+00 | Time: 13.50s
2025-08-21 03:28:57,655:INFO:Epoch: 1550/40000 | Train Loss: 9.837e-01 | Dynamic Loss: 9.837e-01 | Regularization Loss: 0.000e+00 | Val Loss: 9.981e-01 | Time: 6.07s
2025-08-21 03:29:03,812:INFO:Epoch: 1600/40000 | Train Loss: 9.055e-01 | Dynamic Loss: 9.055e-01 | Regularization Loss: 0.000e+00 | Val Loss: 9.355e-01 | Time: 6.05s
2025-08-21 03:29:09,980:INFO:Epoch: 1650/40000 | Train Loss: 8.204e-01 | Dynamic Loss: 8.204e-01 | Regularization Loss: 0.000e+00 | Val Loss: 8.593e-01 | Time: 6.06s
2025-08-21 03:29:09,980:INFO:New best model found at epoch 1650 with validation loss 8.593e-01. Saving...
2025-08-21 03:29:23,931:INFO:Epoch: 1700/40000 | Train Loss: 7.716e-01 | Dynamic Loss: 7.716e-01 | Regularization Loss: 0.000e+00 | Val Loss: 8.108e-01 | Time: 13.82s
2025-08-21 03:29:23,931:INFO:New best model found at epoch 1700 with validation loss 8.108e-01. Saving...
2025-08-21 03:29:30,216:INFO:Epoch: 1750/40000 | Train Loss: 8.108e-01 | Dynamic Loss: 8.108e-01 | Regularization Loss: 0.000e+00 | Val Loss: 1.058e+00 | Time: 6.16s
2025-08-21 03:29:36,451:INFO:Epoch: 1800/40000 | Train Loss: 7.740e-01 | Dynamic Loss: 7.740e-01 | Regularization Loss: 0.000e+00 | Val Loss: 8.191e-01 | Time: 6.12s
2025-08-21 03:29:42,732:INFO:Epoch: 1850/40000 | Train Loss: 7.141e-01 | Dynamic Loss: 7.141e-01 | Regularization Loss: 0.000e+00 | Val Loss: 7.585e-01 | Time: 6.17s
2025-08-21 03:29:42,732:INFO:New best model found at epoch 1850 with validation loss 7.585e-01. Saving...
2025-08-21 03:29:49,034:INFO:Epoch: 1900/40000 | Train Loss: 6.905e-01 | Dynamic Loss: 6.905e-01 | Regularization Loss: 0.000e+00 | Val Loss: 7.376e-01 | Time: 6.17s
2025-08-21 03:29:49,034:INFO:New best model found at epoch 1900 with validation loss 7.376e-01. Saving...
2025-08-21 03:29:55,304:INFO:Epoch: 1950/40000 | Train Loss: 7.816e-01 | Dynamic Loss: 7.816e-01 | Regularization Loss: 0.000e+00 | Val Loss: 8.138e-01 | Time: 6.14s
2025-08-21 03:30:01,486:INFO:Epoch: 2000/40000 | Train Loss: 7.411e-01 | Dynamic Loss: 7.411e-01 | Regularization Loss: 0.000e+00 | Val Loss: 7.841e-01 | Time: 6.07s
2025-08-21 03:30:07,908:INFO:Epoch: 2050/40000 | Train Loss: 6.645e-01 | Dynamic Loss: 6.645e-01 | Regularization Loss: 0.000e+00 | Val Loss: 7.029e-01 | Time: 6.19s
2025-08-21 03:30:07,908:INFO:New best model found at epoch 2050 with validation loss 7.029e-01. Saving...
2025-08-21 03:30:14,098:INFO:Epoch: 2100/40000 | Train Loss: 9.206e-01 | Dynamic Loss: 9.206e-01 | Regularization Loss: 0.000e+00 | Val Loss: 9.595e-01 | Time: 6.07s
2025-08-21 03:30:20,223:INFO:Epoch: 2150/40000 | Train Loss: 6.460e-01 | Dynamic Loss: 6.460e-01 | Regularization Loss: 0.000e+00 | Val Loss: 6.882e-01 | Time: 6.02s
2025-08-21 03:30:20,223:INFO:New best model found at epoch 2150 with validation loss 6.882e-01. Saving...
2025-08-21 03:30:26,548:INFO:Epoch: 2200/40000 | Train Loss: 6.299e-01 | Dynamic Loss: 6.299e-01 | Regularization Loss: 0.000e+00 | Val Loss: 6.707e-01 | Time: 6.20s
2025-08-21 03:30:26,549:INFO:New best model found at epoch 2200 with validation loss 6.707e-01. Saving...
2025-08-21 03:30:32,862:INFO:Epoch: 2250/40000 | Train Loss: 5.930e-01 | Dynamic Loss: 5.930e-01 | Regularization Loss: 0.000e+00 | Val Loss: 6.343e-01 | Time: 6.19s
2025-08-21 03:30:32,862:INFO:New best model found at epoch 2250 with validation loss 6.343e-01. Saving...
2025-08-21 03:30:39,108:INFO:Epoch: 2300/40000 | Train Loss: 7.922e-01 | Dynamic Loss: 7.922e-01 | Regularization Loss: 0.000e+00 | Val Loss: 7.436e-01 | Time: 6.13s
2025-08-21 03:30:45,439:INFO:Epoch: 2350/40000 | Train Loss: 6.422e-01 | Dynamic Loss: 6.422e-01 | Regularization Loss: 0.000e+00 | Val Loss: 7.197e-01 | Time: 6.23s
2025-08-21 03:30:51,681:INFO:Epoch: 2400/40000 | Train Loss: 5.793e-01 | Dynamic Loss: 5.793e-01 | Regularization Loss: 0.000e+00 | Val Loss: 6.241e-01 | Time: 6.14s
2025-08-21 03:30:51,681:INFO:New best model found at epoch 2400 with validation loss 6.241e-01. Saving...
2025-08-21 03:30:57,897:INFO:Epoch: 2450/40000 | Train Loss: 5.526e-01 | Dynamic Loss: 5.526e-01 | Regularization Loss: 0.000e+00 | Val Loss: 5.890e-01 | Time: 6.10s
2025-08-21 03:30:57,898:INFO:New best model found at epoch 2450 with validation loss 5.890e-01. Saving...
2025-08-21 03:31:04,163:INFO:Epoch: 2500/40000 | Train Loss: 6.079e-01 | Dynamic Loss: 6.079e-01 | Regularization Loss: 0.000e+00 | Val Loss: 6.402e-01 | Time: 6.14s
2025-08-21 03:31:10,407:INFO:Epoch: 2550/40000 | Train Loss: 1.563e+00 | Dynamic Loss: 1.563e+00 | Regularization Loss: 0.000e+00 | Val Loss: 1.576e+00 | Time: 6.14s
2025-08-21 03:31:16,524:INFO:Epoch: 2600/40000 | Train Loss: 8.279e-01 | Dynamic Loss: 8.279e-01 | Regularization Loss: 0.000e+00 | Val Loss: 8.702e-01 | Time: 6.01s
2025-08-21 03:31:29,701:INFO:Epoch: 2650/40000 | Train Loss: 6.712e-01 | Dynamic Loss: 6.712e-01 | Regularization Loss: 0.000e+00 | Val Loss: 7.458e-01 | Time: 13.08s
2025-08-21 03:31:35,951:INFO:Epoch: 2700/40000 | Train Loss: 6.411e-01 | Dynamic Loss: 6.411e-01 | Regularization Loss: 0.000e+00 | Val Loss: 6.797e-01 | Time: 6.15s
2025-08-21 03:31:42,274:INFO:Epoch: 2750/40000 | Train Loss: 5.965e-01 | Dynamic Loss: 5.965e-01 | Regularization Loss: 0.000e+00 | Val Loss: 6.216e-01 | Time: 6.22s
2025-08-21 03:31:48,477:INFO:Epoch: 2800/40000 | Train Loss: 5.519e-01 | Dynamic Loss: 5.519e-01 | Regularization Loss: 0.000e+00 | Val Loss: 5.893e-01 | Time: 6.10s
2025-08-21 03:32:01,952:INFO:Epoch: 2850/40000 | Train Loss: 5.424e-01 | Dynamic Loss: 5.424e-01 | Regularization Loss: 0.000e+00 | Val Loss: 5.757e-01 | Time: 13.37s
2025-08-21 03:32:01,952:INFO:New best model found at epoch 2850 with validation loss 5.757e-01. Saving...
2025-08-21 03:32:08,325:INFO:Epoch: 2900/40000 | Train Loss: 6.769e-01 | Dynamic Loss: 6.769e-01 | Regularization Loss: 0.000e+00 | Val Loss: 6.769e-01 | Time: 6.25s
2025-08-21 03:32:14,629:INFO:Epoch: 2950/40000 | Train Loss: 5.463e-01 | Dynamic Loss: 5.463e-01 | Regularization Loss: 0.000e+00 | Val Loss: 5.812e-01 | Time: 6.20s
2025-08-21 03:32:20,779:INFO:Epoch: 3000/40000 | Train Loss: 5.350e-01 | Dynamic Loss: 5.350e-01 | Regularization Loss: 0.000e+00 | Val Loss: 5.605e-01 | Time: 6.05s
2025-08-21 03:32:20,779:INFO:New best model found at epoch 3000 with validation loss 5.605e-01. Saving...
2025-08-21 03:32:34,545:INFO:Epoch: 3050/40000 | Train Loss: 5.204e-01 | Dynamic Loss: 5.204e-01 | Regularization Loss: 0.000e+00 | Val Loss: 5.542e-01 | Time: 13.63s
2025-08-21 03:32:34,545:INFO:New best model found at epoch 3050 with validation loss 5.542e-01. Saving...
2025-08-21 03:32:40,851:INFO:Epoch: 3100/40000 | Train Loss: 4.992e-01 | Dynamic Loss: 4.992e-01 | Regularization Loss: 0.000e+00 | Val Loss: 5.337e-01 | Time: 6.17s
2025-08-21 03:32:40,851:INFO:New best model found at epoch 3100 with validation loss 5.337e-01. Saving...
2025-08-21 03:32:47,051:INFO:Epoch: 3150/40000 | Train Loss: 4.885e-01 | Dynamic Loss: 4.885e-01 | Regularization Loss: 0.000e+00 | Val Loss: 5.193e-01 | Time: 6.08s
2025-08-21 03:32:47,051:INFO:New best model found at epoch 3150 with validation loss 5.193e-01. Saving...
2025-08-21 03:32:53,418:INFO:Epoch: 3200/40000 | Train Loss: 6.132e-01 | Dynamic Loss: 6.132e-01 | Regularization Loss: 0.000e+00 | Val Loss: 5.875e-01 | Time: 6.24s
2025-08-21 03:33:07,788:INFO:Epoch: 3250/40000 | Train Loss: 5.544e-01 | Dynamic Loss: 5.544e-01 | Regularization Loss: 0.000e+00 | Val Loss: 5.901e-01 | Time: 14.26s
2025-08-21 03:33:14,038:INFO:Epoch: 3300/40000 | Train Loss: 5.614e-01 | Dynamic Loss: 5.614e-01 | Regularization Loss: 0.000e+00 | Val Loss: 5.863e-01 | Time: 6.14s
2025-08-21 03:33:20,263:INFO:Epoch: 3350/40000 | Train Loss: 4.902e-01 | Dynamic Loss: 4.902e-01 | Regularization Loss: 0.000e+00 | Val Loss: 5.218e-01 | Time: 6.12s
2025-08-21 03:33:26,598:INFO:Epoch: 3400/40000 | Train Loss: 4.646e-01 | Dynamic Loss: 4.646e-01 | Regularization Loss: 0.000e+00 | Val Loss: 4.983e-01 | Time: 6.23s
2025-08-21 03:33:26,599:INFO:New best model found at epoch 3400 with validation loss 4.983e-01. Saving...
2025-08-21 03:33:32,979:INFO:Epoch: 3450/40000 | Train Loss: 4.514e-01 | Dynamic Loss: 4.514e-01 | Regularization Loss: 0.000e+00 | Val Loss: 4.835e-01 | Time: 6.25s
2025-08-21 03:33:32,979:INFO:New best model found at epoch 3450 with validation loss 4.835e-01. Saving...
2025-08-21 03:33:39,332:INFO:Epoch: 3500/40000 | Train Loss: 1.204e+00 | Dynamic Loss: 1.204e+00 | Regularization Loss: 0.000e+00 | Val Loss: 1.031e+00 | Time: 6.23s
2025-08-21 03:33:45,616:INFO:Epoch: 3550/40000 | Train Loss: 4.416e-01 | Dynamic Loss: 4.416e-01 | Regularization Loss: 0.000e+00 | Val Loss: 4.825e-01 | Time: 6.18s
2025-08-21 03:33:45,616:INFO:New best model found at epoch 3550 with validation loss 4.825e-01. Saving...
2025-08-21 03:33:59,586:INFO:Epoch: 3600/40000 | Train Loss: 5.143e-01 | Dynamic Loss: 5.143e-01 | Regularization Loss: 0.000e+00 | Val Loss: 5.691e-01 | Time: 13.84s
2025-08-21 03:34:05,791:INFO:Epoch: 3650/40000 | Train Loss: 4.748e-01 | Dynamic Loss: 4.748e-01 | Regularization Loss: 0.000e+00 | Val Loss: 5.072e-01 | Time: 6.10s
2025-08-21 03:34:11,989:INFO:Epoch: 3700/40000 | Train Loss: 4.580e-01 | Dynamic Loss: 4.580e-01 | Regularization Loss: 0.000e+00 | Val Loss: 4.891e-01 | Time: 6.09s
2025-08-21 03:34:18,220:INFO:Epoch: 3750/40000 | Train Loss: 4.891e-01 | Dynamic Loss: 4.891e-01 | Regularization Loss: 0.000e+00 | Val Loss: 5.328e-01 | Time: 6.12s
2025-08-21 03:34:24,635:INFO:Epoch: 3800/40000 | Train Loss: 4.162e-01 | Dynamic Loss: 4.162e-01 | Regularization Loss: 0.000e+00 | Val Loss: 4.526e-01 | Time: 6.31s
2025-08-21 03:34:24,635:INFO:New best model found at epoch 3800 with validation loss 4.526e-01. Saving...
2025-08-21 03:34:31,059:INFO:Epoch: 3850/40000 | Train Loss: 9.174e-01 | Dynamic Loss: 9.174e-01 | Regularization Loss: 0.000e+00 | Val Loss: 9.515e-01 | Time: 6.29s
2025-08-21 03:34:37,295:INFO:Epoch: 3900/40000 | Train Loss: 5.148e-01 | Dynamic Loss: 5.148e-01 | Regularization Loss: 0.000e+00 | Val Loss: 5.504e-01 | Time: 6.13s
2025-08-21 03:34:43,622:INFO:Epoch: 3950/40000 | Train Loss: 4.453e-01 | Dynamic Loss: 4.453e-01 | Regularization Loss: 0.000e+00 | Val Loss: 4.796e-01 | Time: 6.22s
2025-08-21 03:34:56,548:INFO:Epoch: 4000/40000 | Train Loss: 4.266e-01 | Dynamic Loss: 4.266e-01 | Regularization Loss: 0.000e+00 | Val Loss: 4.578e-01 | Time: 12.82s
2025-08-21 03:35:02,973:INFO:Epoch: 4050/40000 | Train Loss: 4.132e-01 | Dynamic Loss: 4.132e-01 | Regularization Loss: 0.000e+00 | Val Loss: 4.476e-01 | Time: 6.31s
2025-08-21 03:35:02,973:INFO:New best model found at epoch 4050 with validation loss 4.476e-01. Saving...
2025-08-21 03:35:09,208:INFO:Epoch: 4100/40000 | Train Loss: 4.052e-01 | Dynamic Loss: 4.052e-01 | Regularization Loss: 0.000e+00 | Val Loss: 4.389e-01 | Time: 6.11s
2025-08-21 03:35:09,209:INFO:New best model found at epoch 4100 with validation loss 4.389e-01. Saving...
2025-08-21 03:35:15,506:INFO:Epoch: 4150/40000 | Train Loss: 3.963e-01 | Dynamic Loss: 3.963e-01 | Regularization Loss: 0.000e+00 | Val Loss: 4.312e-01 | Time: 6.18s
2025-08-21 03:35:15,506:INFO:New best model found at epoch 4150 with validation loss 4.312e-01. Saving...
2025-08-21 03:35:21,899:INFO:Epoch: 4200/40000 | Train Loss: 3.938e-01 | Dynamic Loss: 3.938e-01 | Regularization Loss: 0.000e+00 | Val Loss: 4.284e-01 | Time: 6.27s
2025-08-21 03:35:21,899:INFO:New best model found at epoch 4200 with validation loss 4.284e-01. Saving...
2025-08-21 03:35:28,282:INFO:Epoch: 4250/40000 | Train Loss: 5.238e-01 | Dynamic Loss: 5.238e-01 | Regularization Loss: 0.000e+00 | Val Loss: 5.922e-01 | Time: 6.26s
2025-08-21 03:35:34,591:INFO:Epoch: 4300/40000 | Train Loss: 3.942e-01 | Dynamic Loss: 3.942e-01 | Regularization Loss: 0.000e+00 | Val Loss: 4.389e-01 | Time: 6.21s
2025-08-21 03:35:40,801:INFO:Epoch: 4350/40000 | Train Loss: 3.855e-01 | Dynamic Loss: 3.855e-01 | Regularization Loss: 0.000e+00 | Val Loss: 4.201e-01 | Time: 6.11s
2025-08-21 03:35:40,801:INFO:New best model found at epoch 4350 with validation loss 4.201e-01. Saving...
2025-08-21 03:35:54,759:INFO:Epoch: 4400/40000 | Train Loss: 4.455e-01 | Dynamic Loss: 4.455e-01 | Regularization Loss: 0.000e+00 | Val Loss: 5.511e-01 | Time: 13.84s
2025-08-21 03:36:01,057:INFO:Epoch: 4450/40000 | Train Loss: 3.788e-01 | Dynamic Loss: 3.788e-01 | Regularization Loss: 0.000e+00 | Val Loss: 4.184e-01 | Time: 6.20s
2025-08-21 03:36:01,058:INFO:New best model found at epoch 4450 with validation loss 4.184e-01. Saving...
2025-08-21 03:36:07,329:INFO:Epoch: 4500/40000 | Train Loss: 4.112e-01 | Dynamic Loss: 4.112e-01 | Regularization Loss: 0.000e+00 | Val Loss: 4.461e-01 | Time: 6.15s
2025-08-21 03:36:13,525:INFO:Epoch: 4550/40000 | Train Loss: 4.065e-01 | Dynamic Loss: 4.065e-01 | Regularization Loss: 0.000e+00 | Val Loss: 5.221e-01 | Time: 6.10s
2025-08-21 03:36:21,638:INFO:Epoch: 4600/40000 | Train Loss: 4.145e-01 | Dynamic Loss: 4.145e-01 | Regularization Loss: 0.000e+00 | Val Loss: 4.181e-01 | Time: 8.01s
2025-08-21 03:36:21,638:INFO:New best model found at epoch 4600 with validation loss 4.181e-01. Saving...
2025-08-21 03:36:28,021:INFO:Epoch: 4650/40000 | Train Loss: 3.638e-01 | Dynamic Loss: 3.638e-01 | Regularization Loss: 0.000e+00 | Val Loss: 3.981e-01 | Time: 6.26s
2025-08-21 03:36:28,021:INFO:New best model found at epoch 4650 with validation loss 3.981e-01. Saving...
2025-08-21 03:36:34,344:INFO:Epoch: 4700/40000 | Train Loss: 3.874e-01 | Dynamic Loss: 3.874e-01 | Regularization Loss: 0.000e+00 | Val Loss: 4.279e-01 | Time: 6.21s
2025-08-21 03:36:40,591:INFO:Epoch: 4750/40000 | Train Loss: 3.554e-01 | Dynamic Loss: 3.554e-01 | Regularization Loss: 0.000e+00 | Val Loss: 3.995e-01 | Time: 6.15s
2025-08-21 03:36:54,697:INFO:Epoch: 4800/40000 | Train Loss: 3.700e-01 | Dynamic Loss: 3.700e-01 | Regularization Loss: 0.000e+00 | Val Loss: 4.077e-01 | Time: 14.00s
2025-08-21 03:37:01,050:INFO:Epoch: 4850/40000 | Train Loss: 3.496e-01 | Dynamic Loss: 3.496e-01 | Regularization Loss: 0.000e+00 | Val Loss: 3.854e-01 | Time: 6.25s
2025-08-21 03:37:01,051:INFO:New best model found at epoch 4850 with validation loss 3.854e-01. Saving...
2025-08-21 03:37:07,316:INFO:Epoch: 4900/40000 | Train Loss: 3.812e-01 | Dynamic Loss: 3.812e-01 | Regularization Loss: 0.000e+00 | Val Loss: 4.132e-01 | Time: 6.14s
2025-08-21 03:37:13,577:INFO:Epoch: 4950/40000 | Train Loss: 3.509e-01 | Dynamic Loss: 3.509e-01 | Regularization Loss: 0.000e+00 | Val Loss: 3.888e-01 | Time: 6.16s
2025-08-21 03:37:27,329:INFO:Epoch: 5000/40000 | Train Loss: 3.488e-01 | Dynamic Loss: 3.488e-01 | Regularization Loss: 0.000e+00 | Val Loss: 3.839e-01 | Time: 13.65s
2025-08-21 03:37:27,329:INFO:New best model found at epoch 5000 with validation loss 3.839e-01. Saving...
2025-08-21 03:37:33,729:INFO:Epoch: 5050/40000 | Train Loss: 3.435e-01 | Dynamic Loss: 3.435e-01 | Regularization Loss: 0.000e+00 | Val Loss: 3.827e-01 | Time: 6.28s
2025-08-21 03:37:33,729:INFO:New best model found at epoch 5050 with validation loss 3.827e-01. Saving...
2025-08-21 03:37:40,100:INFO:Epoch: 5100/40000 | Train Loss: 3.360e-01 | Dynamic Loss: 3.360e-01 | Regularization Loss: 0.000e+00 | Val Loss: 3.737e-01 | Time: 6.25s
2025-08-21 03:37:40,100:INFO:New best model found at epoch 5100 with validation loss 3.737e-01. Saving...
2025-08-21 03:37:46,402:INFO:Epoch: 5150/40000 | Train Loss: 3.624e-01 | Dynamic Loss: 3.624e-01 | Regularization Loss: 0.000e+00 | Val Loss: 3.870e-01 | Time: 6.18s
2025-08-21 03:37:52,771:INFO:Epoch: 5200/40000 | Train Loss: 3.359e-01 | Dynamic Loss: 3.359e-01 | Regularization Loss: 0.000e+00 | Val Loss: 3.703e-01 | Time: 6.27s
2025-08-21 03:37:52,772:INFO:New best model found at epoch 5200 with validation loss 3.703e-01. Saving...
2025-08-21 03:37:59,136:INFO:Epoch: 5250/40000 | Train Loss: 3.294e-01 | Dynamic Loss: 3.294e-01 | Regularization Loss: 0.000e+00 | Val Loss: 3.643e-01 | Time: 6.24s
2025-08-21 03:37:59,136:INFO:New best model found at epoch 5250 with validation loss 3.643e-01. Saving...
2025-08-21 03:38:05,435:INFO:Epoch: 5300/40000 | Train Loss: 4.903e-01 | Dynamic Loss: 4.903e-01 | Regularization Loss: 0.000e+00 | Val Loss: 4.287e-01 | Time: 6.18s
2025-08-21 03:38:11,639:INFO:Epoch: 5350/40000 | Train Loss: 3.359e-01 | Dynamic Loss: 3.359e-01 | Regularization Loss: 0.000e+00 | Val Loss: 3.706e-01 | Time: 6.10s
2025-08-21 03:38:25,567:INFO:Epoch: 5400/40000 | Train Loss: 3.360e-01 | Dynamic Loss: 3.360e-01 | Regularization Loss: 0.000e+00 | Val Loss: 3.759e-01 | Time: 13.83s
2025-08-21 03:38:31,818:INFO:Epoch: 5450/40000 | Train Loss: 3.271e-01 | Dynamic Loss: 3.271e-01 | Regularization Loss: 0.000e+00 | Val Loss: 3.606e-01 | Time: 6.15s
2025-08-21 03:38:31,818:INFO:New best model found at epoch 5450 with validation loss 3.606e-01. Saving...
2025-08-21 03:38:38,069:INFO:Epoch: 5500/40000 | Train Loss: 3.230e-01 | Dynamic Loss: 3.230e-01 | Regularization Loss: 0.000e+00 | Val Loss: 3.575e-01 | Time: 6.13s
2025-08-21 03:38:38,069:INFO:New best model found at epoch 5500 with validation loss 3.575e-01. Saving...
2025-08-21 03:38:44,314:INFO:Epoch: 5550/40000 | Train Loss: 5.191e-01 | Dynamic Loss: 5.191e-01 | Regularization Loss: 0.000e+00 | Val Loss: 4.752e-01 | Time: 6.12s
2025-08-21 03:38:58,768:INFO:Epoch: 5600/40000 | Train Loss: 3.259e-01 | Dynamic Loss: 3.259e-01 | Regularization Loss: 0.000e+00 | Val Loss: 3.585e-01 | Time: 14.35s
2025-08-21 03:39:05,122:INFO:Epoch: 5650/40000 | Train Loss: 4.710e-01 | Dynamic Loss: 4.710e-01 | Regularization Loss: 0.000e+00 | Val Loss: 4.821e-01 | Time: 6.25s
2025-08-21 03:39:11,425:INFO:Epoch: 5700/40000 | Train Loss: 3.364e-01 | Dynamic Loss: 3.364e-01 | Regularization Loss: 0.000e+00 | Val Loss: 3.618e-01 | Time: 6.20s
2025-08-21 03:39:17,863:INFO:Epoch: 5750/40000 | Train Loss: 3.408e-01 | Dynamic Loss: 3.408e-01 | Regularization Loss: 0.000e+00 | Val Loss: 3.789e-01 | Time: 6.34s
2025-08-21 03:39:24,224:INFO:Epoch: 5800/40000 | Train Loss: 3.391e-01 | Dynamic Loss: 3.391e-01 | Regularization Loss: 0.000e+00 | Val Loss: 3.771e-01 | Time: 6.26s
2025-08-21 03:39:30,552:INFO:Epoch: 5850/40000 | Train Loss: 4.493e-01 | Dynamic Loss: 4.493e-01 | Regularization Loss: 0.000e+00 | Val Loss: 4.823e-01 | Time: 6.22s
2025-08-21 03:39:36,824:INFO:Epoch: 5900/40000 | Train Loss: 3.282e-01 | Dynamic Loss: 3.282e-01 | Regularization Loss: 0.000e+00 | Val Loss: 3.672e-01 | Time: 6.17s
2025-08-21 03:39:43,171:INFO:Epoch: 5950/40000 | Train Loss: 3.170e-01 | Dynamic Loss: 3.170e-01 | Regularization Loss: 0.000e+00 | Val Loss: 3.536e-01 | Time: 6.24s
2025-08-21 03:39:43,171:INFO:New best model found at epoch 5950 with validation loss 3.536e-01. Saving...
2025-08-21 03:39:49,452:INFO:Epoch: 6000/40000 | Train Loss: 3.080e-01 | Dynamic Loss: 3.080e-01 | Regularization Loss: 0.000e+00 | Val Loss: 3.417e-01 | Time: 6.15s
2025-08-21 03:39:49,452:INFO:New best model found at epoch 6000 with validation loss 3.417e-01. Saving...
2025-08-21 03:39:55,764:INFO:Epoch: 6050/40000 | Train Loss: 2.998e-01 | Dynamic Loss: 2.998e-01 | Regularization Loss: 0.000e+00 | Val Loss: 3.357e-01 | Time: 6.19s
2025-08-21 03:39:55,764:INFO:New best model found at epoch 6050 with validation loss 3.357e-01. Saving...
2025-08-21 03:40:02,099:INFO:Epoch: 6100/40000 | Train Loss: 2.967e-01 | Dynamic Loss: 2.967e-01 | Regularization Loss: 0.000e+00 | Val Loss: 3.319e-01 | Time: 6.21s
2025-08-21 03:40:02,099:INFO:New best model found at epoch 6100 with validation loss 3.319e-01. Saving...
2025-08-21 03:40:16,788:INFO:Epoch: 6150/40000 | Train Loss: 2.947e-01 | Dynamic Loss: 2.947e-01 | Regularization Loss: 0.000e+00 | Val Loss: 3.299e-01 | Time: 14.56s
2025-08-21 03:40:16,788:INFO:New best model found at epoch 6150 with validation loss 3.299e-01. Saving...
2025-08-21 03:40:23,285:INFO:Epoch: 6200/40000 | Train Loss: 2.959e-01 | Dynamic Loss: 2.959e-01 | Regularization Loss: 0.000e+00 | Val Loss: 3.281e-01 | Time: 6.37s
2025-08-21 03:40:23,285:INFO:New best model found at epoch 6200 with validation loss 3.281e-01. Saving...
2025-08-21 03:40:29,759:INFO:Epoch: 6250/40000 | Train Loss: 3.471e-01 | Dynamic Loss: 3.471e-01 | Regularization Loss: 0.000e+00 | Val Loss: 4.655e-01 | Time: 6.35s
2025-08-21 03:40:36,152:INFO:Epoch: 6300/40000 | Train Loss: 2.940e-01 | Dynamic Loss: 2.940e-01 | Regularization Loss: 0.000e+00 | Val Loss: 3.297e-01 | Time: 6.29s
2025-08-21 03:40:51,013:INFO:Epoch: 6350/40000 | Train Loss: 2.966e-01 | Dynamic Loss: 2.966e-01 | Regularization Loss: 0.000e+00 | Val Loss: 3.259e-01 | Time: 14.76s
2025-08-21 03:40:51,013:INFO:New best model found at epoch 6350 with validation loss 3.259e-01. Saving...
2025-08-21 03:40:57,483:INFO:Epoch: 6400/40000 | Train Loss: 3.118e-01 | Dynamic Loss: 3.118e-01 | Regularization Loss: 0.000e+00 | Val Loss: 3.496e-01 | Time: 6.34s
2025-08-21 03:41:03,793:INFO:Epoch: 6450/40000 | Train Loss: 2.900e-01 | Dynamic Loss: 2.900e-01 | Regularization Loss: 0.000e+00 | Val Loss: 3.589e-01 | Time: 6.21s
2025-08-21 03:41:10,175:INFO:Epoch: 6500/40000 | Train Loss: 2.794e-01 | Dynamic Loss: 2.794e-01 | Regularization Loss: 0.000e+00 | Val Loss: 3.142e-01 | Time: 6.28s
2025-08-21 03:41:10,175:INFO:New best model found at epoch 6500 with validation loss 3.142e-01. Saving...
2025-08-21 03:41:24,290:INFO:Epoch: 6550/40000 | Train Loss: 3.162e-01 | Dynamic Loss: 3.162e-01 | Regularization Loss: 0.000e+00 | Val Loss: 3.644e-01 | Time: 13.99s
2025-08-21 03:41:30,677:INFO:Epoch: 6600/40000 | Train Loss: 3.114e-01 | Dynamic Loss: 3.114e-01 | Regularization Loss: 0.000e+00 | Val Loss: 3.201e-01 | Time: 6.28s
2025-08-21 03:41:36,959:INFO:Epoch: 6650/40000 | Train Loss: 2.709e-01 | Dynamic Loss: 2.709e-01 | Regularization Loss: 0.000e+00 | Val Loss: 3.042e-01 | Time: 6.18s
2025-08-21 03:41:36,959:INFO:New best model found at epoch 6650 with validation loss 3.042e-01. Saving...
2025-08-21 03:41:43,256:INFO:Epoch: 6700/40000 | Train Loss: 3.565e-01 | Dynamic Loss: 3.565e-01 | Regularization Loss: 0.000e+00 | Val Loss: 3.660e-01 | Time: 6.17s
2025-08-21 03:41:56,805:INFO:Epoch: 6750/40000 | Train Loss: 3.384e-01 | Dynamic Loss: 3.384e-01 | Regularization Loss: 0.000e+00 | Val Loss: 3.697e-01 | Time: 13.44s
2025-08-21 03:42:03,187:INFO:Epoch: 6800/40000 | Train Loss: 3.517e-01 | Dynamic Loss: 3.517e-01 | Regularization Loss: 0.000e+00 | Val Loss: 3.454e-01 | Time: 6.27s
2025-08-21 03:42:09,618:INFO:Epoch: 6850/40000 | Train Loss: 2.639e-01 | Dynamic Loss: 2.639e-01 | Regularization Loss: 0.000e+00 | Val Loss: 2.949e-01 | Time: 6.32s
2025-08-21 03:42:09,619:INFO:New best model found at epoch 6850 with validation loss 2.949e-01. Saving...
2025-08-21 03:42:16,059:INFO:Epoch: 6900/40000 | Train Loss: 3.302e-01 | Dynamic Loss: 3.302e-01 | Regularization Loss: 0.000e+00 | Val Loss: 3.481e-01 | Time: 6.31s
2025-08-21 03:42:30,261:INFO:Epoch: 6950/40000 | Train Loss: 2.670e-01 | Dynamic Loss: 2.670e-01 | Regularization Loss: 0.000e+00 | Val Loss: 2.937e-01 | Time: 14.09s
2025-08-21 03:42:30,261:INFO:New best model found at epoch 6950 with validation loss 2.937e-01. Saving...
2025-08-21 03:42:36,611:INFO:Epoch: 7000/40000 | Train Loss: 6.295e-01 | Dynamic Loss: 6.295e-01 | Regularization Loss: 0.000e+00 | Val Loss: 5.819e-01 | Time: 6.22s
2025-08-21 03:42:42,955:INFO:Epoch: 7050/40000 | Train Loss: 4.085e-01 | Dynamic Loss: 4.085e-01 | Regularization Loss: 0.000e+00 | Val Loss: 4.405e-01 | Time: 6.24s
2025-08-21 03:42:49,411:INFO:Epoch: 7100/40000 | Train Loss: 3.056e-01 | Dynamic Loss: 3.056e-01 | Regularization Loss: 0.000e+00 | Val Loss: 3.374e-01 | Time: 6.35s
2025-08-21 03:42:55,842:INFO:Epoch: 7150/40000 | Train Loss: 2.779e-01 | Dynamic Loss: 2.779e-01 | Regularization Loss: 0.000e+00 | Val Loss: 3.085e-01 | Time: 6.32s
2025-08-21 03:43:02,148:INFO:Epoch: 7200/40000 | Train Loss: 2.714e-01 | Dynamic Loss: 2.714e-01 | Regularization Loss: 0.000e+00 | Val Loss: 3.021e-01 | Time: 6.20s
2025-08-21 03:43:08,383:INFO:Epoch: 7250/40000 | Train Loss: 3.155e-01 | Dynamic Loss: 3.155e-01 | Regularization Loss: 0.000e+00 | Val Loss: 3.613e-01 | Time: 6.13s
2025-08-21 03:43:22,300:INFO:Epoch: 7300/40000 | Train Loss: 2.595e-01 | Dynamic Loss: 2.595e-01 | Regularization Loss: 0.000e+00 | Val Loss: 2.894e-01 | Time: 13.81s
2025-08-21 03:43:22,300:INFO:New best model found at epoch 7300 with validation loss 2.894e-01. Saving...
2025-08-21 03:43:28,625:INFO:Epoch: 7350/40000 | Train Loss: 2.622e-01 | Dynamic Loss: 2.622e-01 | Regularization Loss: 0.000e+00 | Val Loss: 2.886e-01 | Time: 6.20s
2025-08-21 03:43:28,626:INFO:New best model found at epoch 7350 with validation loss 2.886e-01. Saving...
2025-08-21 03:43:35,029:INFO:Epoch: 7400/40000 | Train Loss: 2.508e-01 | Dynamic Loss: 2.508e-01 | Regularization Loss: 0.000e+00 | Val Loss: 2.826e-01 | Time: 6.28s
2025-08-21 03:43:35,029:INFO:New best model found at epoch 7400 with validation loss 2.826e-01. Saving...
2025-08-21 03:43:41,399:INFO:Epoch: 7450/40000 | Train Loss: 2.833e-01 | Dynamic Loss: 2.833e-01 | Regularization Loss: 0.000e+00 | Val Loss: 3.222e-01 | Time: 6.11s
2025-08-21 03:43:47,740:INFO:Epoch: 7500/40000 | Train Loss: 2.481e-01 | Dynamic Loss: 2.481e-01 | Regularization Loss: 0.000e+00 | Val Loss: 2.764e-01 | Time: 6.23s
2025-08-21 03:43:47,740:INFO:New best model found at epoch 7500 with validation loss 2.764e-01. Saving...
2025-08-21 03:43:54,194:INFO:Epoch: 7550/40000 | Train Loss: 3.322e-01 | Dynamic Loss: 3.322e-01 | Regularization Loss: 0.000e+00 | Val Loss: 3.280e-01 | Time: 6.32s
2025-08-21 03:44:00,589:INFO:Epoch: 7600/40000 | Train Loss: 2.501e-01 | Dynamic Loss: 2.501e-01 | Regularization Loss: 0.000e+00 | Val Loss: 2.763e-01 | Time: 6.29s
2025-08-21 03:44:00,589:INFO:New best model found at epoch 7600 with validation loss 2.763e-01. Saving...
2025-08-21 03:44:06,961:INFO:Epoch: 7650/40000 | Train Loss: 3.068e-01 | Dynamic Loss: 3.068e-01 | Regularization Loss: 0.000e+00 | Val Loss: 3.101e-01 | Time: 6.10s
2025-08-21 03:44:13,267:INFO:Epoch: 7700/40000 | Train Loss: 2.389e-01 | Dynamic Loss: 2.389e-01 | Regularization Loss: 0.000e+00 | Val Loss: 2.648e-01 | Time: 6.20s
2025-08-21 03:44:13,268:INFO:New best model found at epoch 7700 with validation loss 2.648e-01. Saving...
2025-08-21 03:44:19,598:INFO:Epoch: 7750/40000 | Train Loss: 2.456e-01 | Dynamic Loss: 2.456e-01 | Regularization Loss: 0.000e+00 | Val Loss: 2.642e-01 | Time: 6.20s
2025-08-21 03:44:19,598:INFO:New best model found at epoch 7750 with validation loss 2.642e-01. Saving...
2025-08-21 03:44:25,925:INFO:Epoch: 7800/40000 | Train Loss: 2.390e-01 | Dynamic Loss: 2.390e-01 | Regularization Loss: 0.000e+00 | Val Loss: 2.647e-01 | Time: 6.20s
2025-08-21 03:44:32,396:INFO:Epoch: 7850/40000 | Train Loss: 2.275e-01 | Dynamic Loss: 2.275e-01 | Regularization Loss: 0.000e+00 | Val Loss: 2.582e-01 | Time: 6.36s
2025-08-21 03:44:32,396:INFO:New best model found at epoch 7850 with validation loss 2.582e-01. Saving...
2025-08-21 03:44:38,705:INFO:Epoch: 7900/40000 | Train Loss: 2.335e-01 | Dynamic Loss: 2.335e-01 | Regularization Loss: 0.000e+00 | Val Loss: 2.576e-01 | Time: 6.18s
2025-08-21 03:44:38,706:INFO:New best model found at epoch 7900 with validation loss 2.576e-01. Saving...
2025-08-21 03:44:44,972:INFO:Epoch: 7950/40000 | Train Loss: 2.230e-01 | Dynamic Loss: 2.230e-01 | Regularization Loss: 0.000e+00 | Val Loss: 2.503e-01 | Time: 6.13s
2025-08-21 03:44:44,972:INFO:New best model found at epoch 7950 with validation loss 2.503e-01. Saving...
2025-08-21 03:44:51,336:INFO:Epoch: 8000/40000 | Train Loss: 2.470e-01 | Dynamic Loss: 2.470e-01 | Regularization Loss: 0.000e+00 | Val Loss: 3.201e-01 | Time: 6.23s
2025-08-21 03:44:57,797:INFO:Epoch: 8050/40000 | Train Loss: 2.287e-01 | Dynamic Loss: 2.287e-01 | Regularization Loss: 0.000e+00 | Val Loss: 2.528e-01 | Time: 6.35s
2025-08-21 03:45:04,126:INFO:Epoch: 8100/40000 | Train Loss: 2.196e-01 | Dynamic Loss: 2.196e-01 | Regularization Loss: 0.000e+00 | Val Loss: 2.424e-01 | Time: 6.22s
2025-08-21 03:45:04,126:INFO:New best model found at epoch 8100 with validation loss 2.424e-01. Saving...
2025-08-21 03:45:10,436:INFO:Epoch: 8150/40000 | Train Loss: 3.718e-01 | Dynamic Loss: 3.718e-01 | Regularization Loss: 0.000e+00 | Val Loss: 6.318e-01 | Time: 6.18s
2025-08-21 03:45:17,221:INFO:Epoch: 8200/40000 | Train Loss: 2.454e-01 | Dynamic Loss: 2.454e-01 | Regularization Loss: 0.000e+00 | Val Loss: 2.689e-01 | Time: 6.69s
2025-08-21 03:45:23,518:INFO:Epoch: 8250/40000 | Train Loss: 2.172e-01 | Dynamic Loss: 2.172e-01 | Regularization Loss: 0.000e+00 | Val Loss: 2.435e-01 | Time: 6.20s
2025-08-21 03:45:29,841:INFO:Epoch: 8300/40000 | Train Loss: 2.042e-01 | Dynamic Loss: 2.042e-01 | Regularization Loss: 0.000e+00 | Val Loss: 2.282e-01 | Time: 6.22s
2025-08-21 03:45:29,841:INFO:New best model found at epoch 8300 with validation loss 2.282e-01. Saving...
2025-08-21 03:45:36,210:INFO:Epoch: 8350/40000 | Train Loss: 2.171e-01 | Dynamic Loss: 2.171e-01 | Regularization Loss: 0.000e+00 | Val Loss: 2.478e-01 | Time: 6.25s
2025-08-21 03:45:50,206:INFO:Epoch: 8400/40000 | Train Loss: 2.286e-01 | Dynamic Loss: 2.286e-01 | Regularization Loss: 0.000e+00 | Val Loss: 2.533e-01 | Time: 13.90s
2025-08-21 03:45:56,502:INFO:Epoch: 8450/40000 | Train Loss: 1.995e-01 | Dynamic Loss: 1.995e-01 | Regularization Loss: 0.000e+00 | Val Loss: 2.219e-01 | Time: 6.20s
2025-08-21 03:45:56,502:INFO:New best model found at epoch 8450 with validation loss 2.219e-01. Saving...
2025-08-21 03:46:02,929:INFO:Epoch: 8500/40000 | Train Loss: 2.442e-01 | Dynamic Loss: 2.442e-01 | Regularization Loss: 0.000e+00 | Val Loss: 2.533e-01 | Time: 6.31s
2025-08-21 03:46:09,185:INFO:Epoch: 8550/40000 | Train Loss: 2.121e-01 | Dynamic Loss: 2.121e-01 | Regularization Loss: 0.000e+00 | Val Loss: 2.374e-01 | Time: 6.16s
2025-08-21 03:46:15,736:INFO:Epoch: 8600/40000 | Train Loss: 1.887e-01 | Dynamic Loss: 1.887e-01 | Regularization Loss: 0.000e+00 | Val Loss: 2.090e-01 | Time: 6.45s
2025-08-21 03:46:15,736:INFO:New best model found at epoch 8600 with validation loss 2.090e-01. Saving...
2025-08-21 03:46:22,064:INFO:Epoch: 8650/40000 | Train Loss: 2.393e-01 | Dynamic Loss: 2.393e-01 | Regularization Loss: 0.000e+00 | Val Loss: 3.068e-01 | Time: 6.21s
2025-08-21 03:46:28,362:INFO:Epoch: 8700/40000 | Train Loss: 2.790e-01 | Dynamic Loss: 2.790e-01 | Regularization Loss: 0.000e+00 | Val Loss: 2.756e-01 | Time: 6.20s
2025-08-21 03:46:34,694:INFO:Epoch: 8750/40000 | Train Loss: 2.255e-01 | Dynamic Loss: 2.255e-01 | Regularization Loss: 0.000e+00 | Val Loss: 2.312e-01 | Time: 6.23s
2025-08-21 03:46:48,775:INFO:Epoch: 8800/40000 | Train Loss: 1.798e-01 | Dynamic Loss: 1.798e-01 | Regularization Loss: 0.000e+00 | Val Loss: 1.992e-01 | Time: 13.98s
2025-08-21 03:46:48,775:INFO:New best model found at epoch 8800 with validation loss 1.992e-01. Saving...
2025-08-21 03:46:55,140:INFO:Epoch: 8850/40000 | Train Loss: 2.934e-01 | Dynamic Loss: 2.934e-01 | Regularization Loss: 0.000e+00 | Val Loss: 2.813e-01 | Time: 6.25s
2025-08-21 03:47:01,529:INFO:Epoch: 8900/40000 | Train Loss: 1.805e-01 | Dynamic Loss: 1.805e-01 | Regularization Loss: 0.000e+00 | Val Loss: 1.981e-01 | Time: 6.29s
2025-08-21 03:47:01,530:INFO:New best model found at epoch 8900 with validation loss 1.981e-01. Saving...
2025-08-21 03:47:07,849:INFO:Epoch: 8950/40000 | Train Loss: 1.803e-01 | Dynamic Loss: 1.803e-01 | Regularization Loss: 0.000e+00 | Val Loss: 1.939e-01 | Time: 6.20s
2025-08-21 03:47:07,849:INFO:New best model found at epoch 8950 with validation loss 1.939e-01. Saving...
2025-08-21 03:47:14,296:INFO:Epoch: 9000/40000 | Train Loss: 2.241e-01 | Dynamic Loss: 2.241e-01 | Regularization Loss: 0.000e+00 | Val Loss: 2.314e-01 | Time: 6.33s
2025-08-21 03:47:20,706:INFO:Epoch: 9050/40000 | Train Loss: 2.184e-01 | Dynamic Loss: 2.184e-01 | Regularization Loss: 0.000e+00 | Val Loss: 2.425e-01 | Time: 6.31s
2025-08-21 03:47:27,114:INFO:Epoch: 9100/40000 | Train Loss: 1.651e-01 | Dynamic Loss: 1.651e-01 | Regularization Loss: 0.000e+00 | Val Loss: 1.847e-01 | Time: 6.31s
2025-08-21 03:47:27,114:INFO:New best model found at epoch 9100 with validation loss 1.847e-01. Saving...
2025-08-21 03:47:33,415:INFO:Epoch: 9150/40000 | Train Loss: 1.716e-01 | Dynamic Loss: 1.716e-01 | Regularization Loss: 0.000e+00 | Val Loss: 2.062e-01 | Time: 6.18s
2025-08-21 03:47:39,903:INFO:Epoch: 9200/40000 | Train Loss: 1.655e-01 | Dynamic Loss: 1.655e-01 | Regularization Loss: 0.000e+00 | Val Loss: 1.849e-01 | Time: 6.27s
2025-08-21 03:47:46,171:INFO:Epoch: 9250/40000 | Train Loss: 1.636e-01 | Dynamic Loss: 1.636e-01 | Regularization Loss: 0.000e+00 | Val Loss: 1.786e-01 | Time: 6.17s
2025-08-21 03:47:46,171:INFO:New best model found at epoch 9250 with validation loss 1.786e-01. Saving...
2025-08-21 03:47:52,479:INFO:Epoch: 9300/40000 | Train Loss: 1.756e-01 | Dynamic Loss: 1.756e-01 | Regularization Loss: 0.000e+00 | Val Loss: 1.883e-01 | Time: 6.19s
2025-08-21 03:47:58,831:INFO:Epoch: 9350/40000 | Train Loss: 1.509e-01 | Dynamic Loss: 1.509e-01 | Regularization Loss: 0.000e+00 | Val Loss: 1.666e-01 | Time: 6.25s
2025-08-21 03:47:58,831:INFO:New best model found at epoch 9350 with validation loss 1.666e-01. Saving...
2025-08-21 03:48:05,270:INFO:Epoch: 9400/40000 | Train Loss: 2.780e-01 | Dynamic Loss: 2.780e-01 | Regularization Loss: 0.000e+00 | Val Loss: 2.244e-01 | Time: 6.19s
2025-08-21 03:48:11,565:INFO:Epoch: 9450/40000 | Train Loss: 1.440e-01 | Dynamic Loss: 1.440e-01 | Regularization Loss: 0.000e+00 | Val Loss: 1.590e-01 | Time: 6.20s
2025-08-21 03:48:11,565:INFO:New best model found at epoch 9450 with validation loss 1.590e-01. Saving...
2025-08-21 03:48:17,837:INFO:Epoch: 9500/40000 | Train Loss: 1.580e-01 | Dynamic Loss: 1.580e-01 | Regularization Loss: 0.000e+00 | Val Loss: 1.733e-01 | Time: 6.15s
2025-08-21 03:48:24,213:INFO:Epoch: 9550/40000 | Train Loss: 1.439e-01 | Dynamic Loss: 1.439e-01 | Regularization Loss: 0.000e+00 | Val Loss: 1.591e-01 | Time: 6.27s
2025-08-21 03:48:30,612:INFO:Epoch: 9600/40000 | Train Loss: 1.573e-01 | Dynamic Loss: 1.573e-01 | Regularization Loss: 0.000e+00 | Val Loss: 1.812e-01 | Time: 6.30s
2025-08-21 03:48:36,952:INFO:Epoch: 9650/40000 | Train Loss: 3.137e-01 | Dynamic Loss: 3.137e-01 | Regularization Loss: 0.000e+00 | Val Loss: 5.395e-01 | Time: 6.24s
2025-08-21 03:48:43,339:INFO:Epoch: 9700/40000 | Train Loss: 1.539e-01 | Dynamic Loss: 1.539e-01 | Regularization Loss: 0.000e+00 | Val Loss: 1.619e-01 | Time: 6.29s
2025-08-21 03:48:49,621:INFO:Epoch: 9750/40000 | Train Loss: 1.399e-01 | Dynamic Loss: 1.399e-01 | Regularization Loss: 0.000e+00 | Val Loss: 1.539e-01 | Time: 6.18s
2025-08-21 03:48:49,621:INFO:New best model found at epoch 9750 with validation loss 1.539e-01. Saving...
2025-08-21 03:48:56,209:INFO:Epoch: 9800/40000 | Train Loss: 1.358e-01 | Dynamic Loss: 1.358e-01 | Regularization Loss: 0.000e+00 | Val Loss: 1.489e-01 | Time: 6.34s
2025-08-21 03:48:56,209:INFO:New best model found at epoch 9800 with validation loss 1.489e-01. Saving...
2025-08-21 03:49:02,546:INFO:Epoch: 9850/40000 | Train Loss: 1.639e-01 | Dynamic Loss: 1.639e-01 | Regularization Loss: 0.000e+00 | Val Loss: 1.741e-01 | Time: 6.21s
2025-08-21 03:49:08,806:INFO:Epoch: 9900/40000 | Train Loss: 1.578e-01 | Dynamic Loss: 1.578e-01 | Regularization Loss: 0.000e+00 | Val Loss: 1.916e-01 | Time: 6.16s
2025-08-21 03:49:15,175:INFO:Epoch: 9950/40000 | Train Loss: 1.415e-01 | Dynamic Loss: 1.415e-01 | Regularization Loss: 0.000e+00 | Val Loss: 1.538e-01 | Time: 6.27s
2025-08-21 03:49:20,865:INFO:Adding projection layer
2025-08-21 03:49:22,031:INFO:Epoch: 10000/40000 | Train Loss: 2.295e-01 | Dynamic Loss: 1.320e-01 | Regularization Loss: 9.750e-02 | Val Loss: 1.453e-01 | Active Proj %: 0.00 | Time: 6.75s
2025-08-21 03:49:22,031:INFO:New best model found at epoch 10000 with validation loss 1.453e-01. Saving...
2025-08-21 03:49:28,920:INFO:Epoch: 10050/40000 | Train Loss: 1.354e-01 | Dynamic Loss: 1.287e-01 | Regularization Loss: 6.742e-03 | Val Loss: 1.402e-01 | Active Proj %: 0.05 | Time: 6.76s
2025-08-21 03:49:28,920:INFO:New best model found at epoch 10050 with validation loss 1.402e-01. Saving...
2025-08-21 03:49:35,820:INFO:Epoch: 10100/40000 | Train Loss: 1.334e-01 | Dynamic Loss: 1.306e-01 | Regularization Loss: 2.809e-03 | Val Loss: 1.501e-01 | Active Proj %: 0.00 | Time: 6.77s
2025-08-21 03:49:42,696:INFO:Epoch: 10150/40000 | Train Loss: 1.511e-01 | Dynamic Loss: 1.495e-01 | Regularization Loss: 1.611e-03 | Val Loss: 1.510e-01 | Active Proj %: 0.00 | Time: 6.77s
2025-08-21 03:49:49,624:INFO:Epoch: 10200/40000 | Train Loss: 1.466e-01 | Dynamic Loss: 1.456e-01 | Regularization Loss: 1.067e-03 | Val Loss: 1.651e-01 | Active Proj %: 0.02 | Time: 6.82s
2025-08-21 03:49:59,103:INFO:Epoch: 10250/40000 | Train Loss: 1.268e-01 | Dynamic Loss: 1.260e-01 | Regularization Loss: 7.667e-04 | Val Loss: 1.370e-01 | Active Proj %: 0.00 | Time: 9.37s
2025-08-21 03:49:59,103:INFO:New best model found at epoch 10250 with validation loss 1.370e-01. Saving...
2025-08-21 03:50:06,051:INFO:Epoch: 10300/40000 | Train Loss: 1.455e-01 | Dynamic Loss: 1.449e-01 | Regularization Loss: 5.825e-04 | Val Loss: 1.537e-01 | Active Proj %: 0.02 | Time: 6.82s
2025-08-21 03:50:12,996:INFO:Epoch: 10350/40000 | Train Loss: 1.669e-01 | Dynamic Loss: 1.664e-01 | Regularization Loss: 4.586e-04 | Val Loss: 1.704e-01 | Active Proj %: 0.12 | Time: 6.83s
2025-08-21 03:50:26,717:INFO:Epoch: 10400/40000 | Train Loss: 2.235e-01 | Dynamic Loss: 2.232e-01 | Regularization Loss: 3.718e-04 | Val Loss: 1.813e-01 | Active Proj %: 0.42 | Time: 13.62s
2025-08-21 03:50:33,662:INFO:Epoch: 10450/40000 | Train Loss: 1.832e-01 | Dynamic Loss: 1.829e-01 | Regularization Loss: 3.080e-04 | Val Loss: 3.308e-01 | Active Proj %: 0.36 | Time: 6.84s
2025-08-21 03:50:40,615:INFO:Epoch: 10500/40000 | Train Loss: 1.117e-01 | Dynamic Loss: 1.115e-01 | Regularization Loss: 2.591e-04 | Val Loss: 1.249e-01 | Active Proj %: 0.02 | Time: 6.85s
2025-08-21 03:50:40,615:INFO:New best model found at epoch 10500 with validation loss 1.249e-01. Saving...
2025-08-21 03:50:47,762:INFO:Epoch: 10550/40000 | Train Loss: 1.199e-01 | Dynamic Loss: 1.197e-01 | Regularization Loss: 2.207e-04 | Val Loss: 1.331e-01 | Active Proj %: 0.00 | Time: 6.89s
2025-08-21 03:50:54,686:INFO:Epoch: 10600/40000 | Train Loss: 1.153e-01 | Dynamic Loss: 1.151e-01 | Regularization Loss: 1.909e-04 | Val Loss: 1.228e-01 | Active Proj %: 0.00 | Time: 6.82s
2025-08-21 03:50:54,686:INFO:New best model found at epoch 10600 with validation loss 1.228e-01. Saving...
2025-08-21 03:51:01,586:INFO:Epoch: 10650/40000 | Train Loss: 1.572e-01 | Dynamic Loss: 1.570e-01 | Regularization Loss: 1.667e-04 | Val Loss: 1.782e-01 | Active Proj %: 0.05 | Time: 6.78s
2025-08-21 03:51:08,495:INFO:Epoch: 10700/40000 | Train Loss: 1.184e-01 | Dynamic Loss: 1.182e-01 | Regularization Loss: 1.465e-04 | Val Loss: 1.269e-01 | Active Proj %: 0.00 | Time: 6.81s
2025-08-21 03:51:18,127:INFO:Epoch: 10750/40000 | Train Loss: 1.077e-01 | Dynamic Loss: 1.076e-01 | Regularization Loss: 1.299e-04 | Val Loss: 1.210e-01 | Active Proj %: 0.02 | Time: 9.53s
2025-08-21 03:51:18,127:INFO:New best model found at epoch 10750 with validation loss 1.210e-01. Saving...
2025-08-21 03:51:25,139:INFO:Epoch: 10800/40000 | Train Loss: 1.150e-01 | Dynamic Loss: 1.149e-01 | Regularization Loss: 1.156e-04 | Val Loss: 1.231e-01 | Active Proj %: 0.00 | Time: 6.89s
2025-08-21 03:51:32,234:INFO:Epoch: 10850/40000 | Train Loss: 1.678e-01 | Dynamic Loss: 1.677e-01 | Regularization Loss: 1.037e-04 | Val Loss: 2.294e-01 | Active Proj %: 0.18 | Time: 6.99s
2025-08-21 03:51:40,952:INFO:Epoch: 10900/40000 | Train Loss: 2.838e-01 | Dynamic Loss: 2.837e-01 | Regularization Loss: 9.352e-05 | Val Loss: 2.213e-01 | Active Proj %: 1.42 | Time: 8.60s
2025-08-21 03:51:47,878:INFO:Epoch: 10950/40000 | Train Loss: 1.164e-01 | Dynamic Loss: 1.163e-01 | Regularization Loss: 8.420e-05 | Val Loss: 1.345e-01 | Active Proj %: 0.05 | Time: 6.81s
2025-08-21 03:51:54,804:INFO:Epoch: 11000/40000 | Train Loss: 1.633e-01 | Dynamic Loss: 1.632e-01 | Regularization Loss: 7.657e-05 | Val Loss: 1.925e-01 | Active Proj %: 0.87 | Time: 6.81s
2025-08-21 03:52:05,140:INFO:Epoch: 11050/40000 | Train Loss: 2.289e-01 | Dynamic Loss: 2.288e-01 | Regularization Loss: 6.978e-05 | Val Loss: 1.642e-01 | Active Proj %: 1.94 | Time: 10.22s
2025-08-21 03:52:12,140:INFO:Epoch: 11100/40000 | Train Loss: 1.039e-01 | Dynamic Loss: 1.039e-01 | Regularization Loss: 6.376e-05 | Val Loss: 1.189e-01 | Active Proj %: 0.00 | Time: 6.88s
2025-08-21 03:52:12,140:INFO:New best model found at epoch 11100 with validation loss 1.189e-01. Saving...
2025-08-21 03:52:19,178:INFO:Epoch: 11150/40000 | Train Loss: 1.148e-01 | Dynamic Loss: 1.147e-01 | Regularization Loss: 5.819e-05 | Val Loss: 1.358e-01 | Active Proj %: 0.10 | Time: 6.90s
2025-08-21 03:52:26,285:INFO:Epoch: 11200/40000 | Train Loss: 1.268e-01 | Dynamic Loss: 1.268e-01 | Regularization Loss: 5.351e-05 | Val Loss: 1.394e-01 | Active Proj %: 0.13 | Time: 6.99s
2025-08-21 03:52:33,295:INFO:Epoch: 11250/40000 | Train Loss: 1.275e-01 | Dynamic Loss: 1.274e-01 | Regularization Loss: 4.934e-05 | Val Loss: 1.241e-01 | Active Proj %: 0.16 | Time: 6.89s
2025-08-21 03:52:40,308:INFO:Epoch: 11300/40000 | Train Loss: 2.792e-01 | Dynamic Loss: 2.792e-01 | Regularization Loss: 4.552e-05 | Val Loss: 3.032e-01 | Active Proj %: 3.02 | Time: 6.90s
2025-08-21 03:52:47,397:INFO:Epoch: 11350/40000 | Train Loss: 1.135e-01 | Dynamic Loss: 1.134e-01 | Regularization Loss: 4.195e-05 | Val Loss: 1.189e-01 | Active Proj %: 0.08 | Time: 6.98s
2025-08-21 03:52:47,397:INFO:New best model found at epoch 11350 with validation loss 1.189e-01. Saving...
2025-08-21 03:52:54,416:INFO:Epoch: 11400/40000 | Train Loss: 1.053e-01 | Dynamic Loss: 1.053e-01 | Regularization Loss: 3.875e-05 | Val Loss: 1.191e-01 | Active Proj %: 0.05 | Time: 6.88s
2025-08-21 03:53:01,442:INFO:Epoch: 11450/40000 | Train Loss: 1.472e-01 | Dynamic Loss: 1.472e-01 | Regularization Loss: 3.592e-05 | Val Loss: 1.249e-01 | Active Proj %: 0.10 | Time: 6.91s
2025-08-21 03:53:08,476:INFO:Epoch: 11500/40000 | Train Loss: 1.281e-01 | Dynamic Loss: 1.280e-01 | Regularization Loss: 3.336e-05 | Val Loss: 1.843e-01 | Active Proj %: 0.26 | Time: 6.88s
2025-08-21 03:53:23,262:INFO:Epoch: 11550/40000 | Train Loss: 9.186e-02 | Dynamic Loss: 9.183e-02 | Regularization Loss: 3.093e-05 | Val Loss: 1.038e-01 | Active Proj %: 0.05 | Time: 14.67s
2025-08-21 03:53:23,262:INFO:New best model found at epoch 11550 with validation loss 1.038e-01. Saving...
2025-08-21 03:53:30,310:INFO:Epoch: 11600/40000 | Train Loss: 9.887e-02 | Dynamic Loss: 9.884e-02 | Regularization Loss: 2.845e-05 | Val Loss: 1.122e-01 | Active Proj %: 0.00 | Time: 6.91s
2025-08-21 03:53:37,320:INFO:Epoch: 11650/40000 | Train Loss: 8.709e-02 | Dynamic Loss: 8.706e-02 | Regularization Loss: 2.653e-05 | Val Loss: 1.060e-01 | Active Proj %: 0.05 | Time: 6.90s
2025-08-21 03:53:46,944:INFO:Epoch: 11700/40000 | Train Loss: 9.095e-02 | Dynamic Loss: 9.092e-02 | Regularization Loss: 2.462e-05 | Val Loss: 1.042e-01 | Active Proj %: 0.08 | Time: 9.51s
2025-08-21 03:53:53,889:INFO:Epoch: 11750/40000 | Train Loss: 1.302e-01 | Dynamic Loss: 1.302e-01 | Regularization Loss: 2.286e-05 | Val Loss: 1.166e-01 | Active Proj %: 0.42 | Time: 6.83s
2025-08-21 03:54:00,838:INFO:Epoch: 11800/40000 | Train Loss: 9.137e-02 | Dynamic Loss: 9.135e-02 | Regularization Loss: 2.142e-05 | Val Loss: 1.026e-01 | Active Proj %: 0.02 | Time: 6.84s
2025-08-21 03:54:00,838:INFO:New best model found at epoch 11800 with validation loss 1.026e-01. Saving...
2025-08-21 03:54:13,088:INFO:Epoch: 11850/40000 | Train Loss: 8.843e-02 | Dynamic Loss: 8.841e-02 | Regularization Loss: 1.992e-05 | Val Loss: 9.774e-02 | Active Proj %: 0.05 | Time: 12.12s
2025-08-21 03:54:13,088:INFO:New best model found at epoch 11850 with validation loss 9.774e-02. Saving...
2025-08-21 03:54:20,124:INFO:Epoch: 11900/40000 | Train Loss: 1.618e-01 | Dynamic Loss: 1.618e-01 | Regularization Loss: 1.838e-05 | Val Loss: 1.179e-01 | Active Proj %: 0.98 | Time: 6.90s
2025-08-21 03:54:27,152:INFO:Epoch: 11950/40000 | Train Loss: 9.181e-02 | Dynamic Loss: 9.180e-02 | Regularization Loss: 1.725e-05 | Val Loss: 1.062e-01 | Active Proj %: 0.05 | Time: 6.91s
2025-08-21 03:54:34,294:INFO:Epoch: 12000/40000 | Train Loss: 1.234e-01 | Dynamic Loss: 1.233e-01 | Regularization Loss: 1.620e-05 | Val Loss: 1.188e-01 | Active Proj %: 0.00 | Time: 7.03s
2025-08-21 03:54:41,318:INFO:Epoch: 12050/40000 | Train Loss: 1.065e-01 | Dynamic Loss: 1.065e-01 | Regularization Loss: 1.510e-05 | Val Loss: 1.035e-01 | Active Proj %: 0.25 | Time: 6.91s
2025-08-21 03:54:48,320:INFO:Epoch: 12100/40000 | Train Loss: 1.022e-01 | Dynamic Loss: 1.021e-01 | Regularization Loss: 1.416e-05 | Val Loss: 9.748e-02 | Active Proj %: 0.10 | Time: 6.89s
2025-08-21 03:54:48,320:INFO:New best model found at epoch 12100 with validation loss 9.748e-02. Saving...
2025-08-21 03:54:55,426:INFO:Epoch: 12150/40000 | Train Loss: 8.061e-02 | Dynamic Loss: 8.059e-02 | Regularization Loss: 1.322e-05 | Val Loss: 8.898e-02 | Active Proj %: 0.05 | Time: 6.97s
2025-08-21 03:54:55,426:INFO:New best model found at epoch 12150 with validation loss 8.898e-02. Saving...
2025-08-21 03:55:06,205:INFO:Epoch: 12200/40000 | Train Loss: 8.535e-02 | Dynamic Loss: 8.534e-02 | Regularization Loss: 1.222e-05 | Val Loss: 9.340e-02 | Active Proj %: 0.05 | Time: 10.64s
2025-08-21 03:55:13,235:INFO:Epoch: 12250/40000 | Train Loss: 2.079e-01 | Dynamic Loss: 2.079e-01 | Regularization Loss: 1.144e-05 | Val Loss: 1.494e-01 | Active Proj %: 1.65 | Time: 6.92s
2025-08-21 03:55:20,315:INFO:Epoch: 12300/40000 | Train Loss: 1.317e-01 | Dynamic Loss: 1.317e-01 | Regularization Loss: 1.080e-05 | Val Loss: 1.416e-01 | Active Proj %: 1.37 | Time: 6.97s
2025-08-21 03:55:30,767:INFO:Epoch: 12350/40000 | Train Loss: 8.461e-02 | Dynamic Loss: 8.460e-02 | Regularization Loss: 1.012e-05 | Val Loss: 9.049e-02 | Active Proj %: 0.02 | Time: 10.34s
2025-08-21 03:55:37,817:INFO:Epoch: 12400/40000 | Train Loss: 7.615e-02 | Dynamic Loss: 7.614e-02 | Regularization Loss: 9.510e-06 | Val Loss: 8.839e-02 | Active Proj %: 0.08 | Time: 6.94s
2025-08-21 03:55:37,817:INFO:New best model found at epoch 12400 with validation loss 8.839e-02. Saving...
2025-08-21 03:55:44,861:INFO:Epoch: 12450/40000 | Train Loss: 9.109e-02 | Dynamic Loss: 9.108e-02 | Regularization Loss: 8.858e-06 | Val Loss: 1.279e-01 | Active Proj %: 0.02 | Time: 6.91s
2025-08-21 03:55:56,415:INFO:Epoch: 12500/40000 | Train Loss: 8.371e-02 | Dynamic Loss: 8.371e-02 | Regularization Loss: 8.189e-06 | Val Loss: 9.189e-02 | Active Proj %: 0.05 | Time: 11.44s
2025-08-21 03:56:03,518:INFO:Epoch: 12550/40000 | Train Loss: 7.730e-02 | Dynamic Loss: 7.729e-02 | Regularization Loss: 7.737e-06 | Val Loss: 9.071e-02 | Active Proj %: 0.20 | Time: 6.99s
2025-08-21 03:56:10,601:INFO:Epoch: 12600/40000 | Train Loss: 8.706e-02 | Dynamic Loss: 8.706e-02 | Regularization Loss: 7.297e-06 | Val Loss: 1.138e-01 | Active Proj %: 0.34 | Time: 6.97s
2025-08-21 03:56:21,182:INFO:Epoch: 12650/40000 | Train Loss: 7.130e-02 | Dynamic Loss: 7.129e-02 | Regularization Loss: 6.808e-06 | Val Loss: 8.500e-02 | Active Proj %: 0.11 | Time: 10.47s
2025-08-21 03:56:21,182:INFO:New best model found at epoch 12650 with validation loss 8.500e-02. Saving...
2025-08-21 03:56:28,277:INFO:Epoch: 12700/40000 | Train Loss: 7.603e-02 | Dynamic Loss: 7.602e-02 | Regularization Loss: 6.334e-06 | Val Loss: 9.124e-02 | Active Proj %: 0.11 | Time: 6.96s
2025-08-21 03:56:35,384:INFO:Epoch: 12750/40000 | Train Loss: 1.682e-01 | Dynamic Loss: 1.682e-01 | Regularization Loss: 5.910e-06 | Val Loss: 1.036e-01 | Active Proj %: 0.95 | Time: 6.99s
2025-08-21 03:56:47,609:INFO:Epoch: 12800/40000 | Train Loss: 2.190e-01 | Dynamic Loss: 2.190e-01 | Regularization Loss: 5.489e-06 | Val Loss: 2.835e-01 | Active Proj %: 1.54 | Time: 12.11s
2025-08-21 03:56:54,674:INFO:Epoch: 12850/40000 | Train Loss: 7.533e-02 | Dynamic Loss: 7.533e-02 | Regularization Loss: 5.167e-06 | Val Loss: 9.522e-02 | Active Proj %: 0.20 | Time: 6.95s
2025-08-21 03:57:01,800:INFO:Epoch: 12900/40000 | Train Loss: 8.127e-02 | Dynamic Loss: 8.126e-02 | Regularization Loss: 4.840e-06 | Val Loss: 9.308e-02 | Active Proj %: 0.68 | Time: 7.01s
2025-08-21 03:57:09,768:INFO:Epoch: 12950/40000 | Train Loss: 7.474e-02 | Dynamic Loss: 7.473e-02 | Regularization Loss: 4.552e-06 | Val Loss: 9.237e-02 | Active Proj %: 0.39 | Time: 7.85s
2025-08-21 03:57:16,833:INFO:Epoch: 13000/40000 | Train Loss: 7.088e-02 | Dynamic Loss: 7.088e-02 | Regularization Loss: 4.240e-06 | Val Loss: 8.637e-02 | Active Proj %: 0.07 | Time: 6.95s
2025-08-21 03:57:23,883:INFO:Epoch: 13050/40000 | Train Loss: 8.097e-02 | Dynamic Loss: 8.096e-02 | Regularization Loss: 3.974e-06 | Val Loss: 8.361e-02 | Active Proj %: 0.42 | Time: 6.93s
2025-08-21 03:57:23,883:INFO:New best model found at epoch 13050 with validation loss 8.361e-02. Saving...
2025-08-21 03:57:31,013:INFO:Epoch: 13100/40000 | Train Loss: 7.721e-02 | Dynamic Loss: 7.720e-02 | Regularization Loss: 3.634e-06 | Val Loss: 8.058e-02 | Active Proj %: 0.31 | Time: 6.99s
2025-08-21 03:57:31,013:INFO:New best model found at epoch 13100 with validation loss 8.058e-02. Saving...
2025-08-21 03:57:38,088:INFO:Epoch: 13150/40000 | Train Loss: 7.239e-02 | Dynamic Loss: 7.239e-02 | Regularization Loss: 3.433e-06 | Val Loss: 9.094e-02 | Active Proj %: 0.45 | Time: 6.94s
2025-08-21 03:57:45,167:INFO:Epoch: 13200/40000 | Train Loss: 9.417e-02 | Dynamic Loss: 9.416e-02 | Regularization Loss: 3.216e-06 | Val Loss: 8.626e-02 | Active Proj %: 0.00 | Time: 6.96s
2025-08-21 03:57:58,138:INFO:Epoch: 13250/40000 | Train Loss: 8.807e-02 | Dynamic Loss: 8.807e-02 | Regularization Loss: 3.029e-06 | Val Loss: 9.685e-02 | Active Proj %: 0.59 | Time: 12.86s
2025-08-21 03:58:05,312:INFO:Epoch: 13300/40000 | Train Loss: 8.028e-02 | Dynamic Loss: 8.028e-02 | Regularization Loss: 2.735e-06 | Val Loss: 8.523e-02 | Active Proj %: 0.85 | Time: 7.06s
2025-08-21 03:58:12,428:INFO:Epoch: 13350/40000 | Train Loss: 8.409e-02 | Dynamic Loss: 8.408e-02 | Regularization Loss: 2.544e-06 | Val Loss: 9.390e-02 | Active Proj %: 0.85 | Time: 7.00s
2025-08-21 03:58:21,951:INFO:Epoch: 13400/40000 | Train Loss: 6.706e-02 | Dynamic Loss: 6.706e-02 | Regularization Loss: 2.378e-06 | Val Loss: 7.655e-02 | Active Proj %: 0.24 | Time: 9.40s
2025-08-21 03:58:21,952:INFO:New best model found at epoch 13400 with validation loss 7.655e-02. Saving...
2025-08-21 03:58:29,055:INFO:Epoch: 13450/40000 | Train Loss: 1.034e-01 | Dynamic Loss: 1.034e-01 | Regularization Loss: 2.154e-06 | Val Loss: 1.044e-01 | Active Proj %: 1.66 | Time: 6.96s
2025-08-21 03:58:36,142:INFO:Epoch: 13500/40000 | Train Loss: 7.388e-02 | Dynamic Loss: 7.388e-02 | Regularization Loss: 1.888e-06 | Val Loss: 7.747e-02 | Active Proj %: 0.31 | Time: 6.97s
2025-08-21 03:58:43,371:INFO:Epoch: 13550/40000 | Train Loss: 6.922e-02 | Dynamic Loss: 6.922e-02 | Regularization Loss: 1.677e-06 | Val Loss: 7.862e-02 | Active Proj %: 0.31 | Time: 7.11s
2025-08-21 03:58:50,447:INFO:Epoch: 13600/40000 | Train Loss: 8.850e-02 | Dynamic Loss: 8.850e-02 | Regularization Loss: 1.547e-06 | Val Loss: 1.155e-01 | Active Proj %: 1.09 | Time: 6.96s
2025-08-21 03:58:57,532:INFO:Epoch: 13650/40000 | Train Loss: 1.030e-01 | Dynamic Loss: 1.030e-01 | Regularization Loss: 1.365e-06 | Val Loss: 9.396e-02 | Active Proj %: 1.07 | Time: 6.97s
2025-08-21 03:59:04,722:INFO:Epoch: 13700/40000 | Train Loss: 6.764e-02 | Dynamic Loss: 6.764e-02 | Regularization Loss: 1.256e-06 | Val Loss: 8.475e-02 | Active Proj %: 0.40 | Time: 7.07s
2025-08-21 03:59:11,838:INFO:Epoch: 13750/40000 | Train Loss: 6.621e-02 | Dynamic Loss: 6.621e-02 | Regularization Loss: 1.151e-06 | Val Loss: 9.102e-02 | Active Proj %: 0.65 | Time: 7.00s
2025-08-21 03:59:18,926:INFO:Epoch: 13800/40000 | Train Loss: 6.823e-02 | Dynamic Loss: 6.823e-02 | Regularization Loss: 1.052e-06 | Val Loss: 8.450e-02 | Active Proj %: 0.65 | Time: 6.97s
2025-08-21 03:59:26,152:INFO:Epoch: 13850/40000 | Train Loss: 7.784e-02 | Dynamic Loss: 7.784e-02 | Regularization Loss: 9.979e-07 | Val Loss: 1.142e-01 | Active Proj %: 1.72 | Time: 7.11s
2025-08-21 03:59:33,266:INFO:Epoch: 13900/40000 | Train Loss: 6.742e-02 | Dynamic Loss: 6.742e-02 | Regularization Loss: 8.910e-07 | Val Loss: 9.121e-02 | Active Proj %: 1.12 | Time: 7.00s
2025-08-21 03:59:40,341:INFO:Epoch: 13950/40000 | Train Loss: 7.671e-02 | Dynamic Loss: 7.671e-02 | Regularization Loss: 8.236e-07 | Val Loss: 8.376e-02 | Active Proj %: 1.32 | Time: 6.96s
2025-08-21 03:59:52,652:INFO:Epoch: 14000/40000 | Train Loss: 6.919e-02 | Dynamic Loss: 6.918e-02 | Regularization Loss: 7.415e-07 | Val Loss: 6.878e-02 | Active Proj %: 0.98 | Time: 12.19s
2025-08-21 03:59:52,652:INFO:New best model found at epoch 14000 with validation loss 6.878e-02. Saving...
2025-08-21 03:59:59,737:INFO:Epoch: 14050/40000 | Train Loss: 7.340e-02 | Dynamic Loss: 7.340e-02 | Regularization Loss: 6.573e-07 | Val Loss: 7.041e-02 | Active Proj %: 1.33 | Time: 6.95s
2025-08-21 04:00:06,828:INFO:Epoch: 14100/40000 | Train Loss: 8.950e-02 | Dynamic Loss: 8.950e-02 | Regularization Loss: 5.867e-07 | Val Loss: 8.506e-02 | Active Proj %: 1.76 | Time: 6.97s
2025-08-21 04:00:14,182:INFO:Epoch: 14150/40000 | Train Loss: 8.302e-02 | Dynamic Loss: 8.302e-02 | Regularization Loss: 5.158e-07 | Val Loss: 1.014e-01 | Active Proj %: 1.62 | Time: 7.24s
2025-08-21 04:00:21,229:INFO:Epoch: 14200/40000 | Train Loss: 6.380e-02 | Dynamic Loss: 6.380e-02 | Regularization Loss: 4.400e-07 | Val Loss: 7.512e-02 | Active Proj %: 1.30 | Time: 6.93s
2025-08-21 04:00:28,279:INFO:Epoch: 14250/40000 | Train Loss: 8.782e-02 | Dynamic Loss: 8.782e-02 | Regularization Loss: 3.698e-07 | Val Loss: 1.071e-01 | Active Proj %: 0.89 | Time: 6.93s
2025-08-21 04:00:35,645:INFO:Epoch: 14300/40000 | Train Loss: 7.546e-02 | Dynamic Loss: 7.546e-02 | Regularization Loss: 3.119e-07 | Val Loss: 7.999e-02 | Active Proj %: 1.92 | Time: 7.25s
2025-08-21 04:00:42,736:INFO:Epoch: 14350/40000 | Train Loss: 7.443e-02 | Dynamic Loss: 7.442e-02 | Regularization Loss: 3.011e-07 | Val Loss: 7.940e-02 | Active Proj %: 0.65 | Time: 6.97s
2025-08-21 04:00:49,824:INFO:Epoch: 14400/40000 | Train Loss: 6.235e-02 | Dynamic Loss: 6.235e-02 | Regularization Loss: 2.630e-07 | Val Loss: 6.244e-02 | Active Proj %: 0.82 | Time: 6.97s
2025-08-21 04:00:49,824:INFO:New best model found at epoch 14400 with validation loss 6.244e-02. Saving...
2025-08-21 04:00:57,239:INFO:Epoch: 14450/40000 | Train Loss: 1.151e-01 | Dynamic Loss: 1.151e-01 | Regularization Loss: 2.014e-07 | Val Loss: 7.431e-02 | Active Proj %: 2.35 | Time: 7.28s
2025-08-21 04:01:04,312:INFO:Epoch: 14500/40000 | Train Loss: 5.721e-02 | Dynamic Loss: 5.721e-02 | Regularization Loss: 1.698e-07 | Val Loss: 7.369e-02 | Active Proj %: 1.35 | Time: 6.96s
2025-08-21 04:01:11,468:INFO:Epoch: 14550/40000 | Train Loss: 8.270e-02 | Dynamic Loss: 8.270e-02 | Regularization Loss: 1.166e-07 | Val Loss: 7.730e-02 | Active Proj %: 2.36 | Time: 7.04s
2025-08-21 04:01:18,597:INFO:Epoch: 14600/40000 | Train Loss: 5.862e-02 | Dynamic Loss: 5.862e-02 | Regularization Loss: 9.831e-08 | Val Loss: 6.291e-02 | Active Proj %: 1.76 | Time: 7.01s
2025-08-21 04:01:25,821:INFO:Epoch: 14650/40000 | Train Loss: 5.172e-02 | Dynamic Loss: 5.172e-02 | Regularization Loss: 5.625e-08 | Val Loss: 6.207e-02 | Active Proj %: 1.17 | Time: 7.10s
2025-08-21 04:01:25,821:INFO:New best model found at epoch 14650 with validation loss 6.207e-02. Saving...
2025-08-21 04:01:33,154:INFO:Epoch: 14700/40000 | Train Loss: 1.029e-01 | Dynamic Loss: 1.029e-01 | Regularization Loss: 3.649e-08 | Val Loss: 8.923e-02 | Active Proj %: 2.07 | Time: 7.19s
2025-08-21 04:01:40,315:INFO:Epoch: 14750/40000 | Train Loss: 5.252e-02 | Dynamic Loss: 5.252e-02 | Regularization Loss: 2.375e-08 | Val Loss: 6.178e-02 | Active Proj %: 1.91 | Time: 7.04s
2025-08-21 04:01:40,316:INFO:New best model found at epoch 14750 with validation loss 6.178e-02. Saving...
2025-08-21 04:01:47,477:INFO:Epoch: 14800/40000 | Train Loss: 5.980e-02 | Dynamic Loss: 5.980e-02 | Regularization Loss: 1.858e-08 | Val Loss: 7.852e-02 | Active Proj %: 0.85 | Time: 7.02s
2025-08-21 04:01:54,795:INFO:Epoch: 14850/40000 | Train Loss: 5.158e-02 | Dynamic Loss: 5.158e-02 | Regularization Loss: 1.507e-08 | Val Loss: 7.656e-02 | Active Proj %: 0.97 | Time: 7.20s
2025-08-21 04:02:01,990:INFO:Epoch: 14900/40000 | Train Loss: 6.046e-02 | Dynamic Loss: 6.046e-02 | Regularization Loss: 1.288e-08 | Val Loss: 7.608e-02 | Active Proj %: 1.89 | Time: 7.08s
2025-08-21 04:02:09,183:INFO:Epoch: 14950/40000 | Train Loss: 8.672e-02 | Dynamic Loss: 8.672e-02 | Regularization Loss: 9.137e-09 | Val Loss: 1.142e-01 | Active Proj %: 3.88 | Time: 7.07s
2025-08-21 04:02:16,516:INFO:Epoch: 15000/40000 | Train Loss: 6.750e-02 | Dynamic Loss: 6.750e-02 | Regularization Loss: 7.189e-09 | Val Loss: 7.655e-02 | Active Proj %: 2.47 | Time: 7.21s
2025-08-21 04:02:23,715:INFO:Epoch: 15050/40000 | Train Loss: 5.872e-02 | Dynamic Loss: 5.872e-02 | Regularization Loss: 4.366e-09 | Val Loss: 6.632e-02 | Active Proj %: 3.21 | Time: 7.08s
2025-08-21 04:02:30,925:INFO:Epoch: 15100/40000 | Train Loss: 5.115e-02 | Dynamic Loss: 5.115e-02 | Regularization Loss: 2.839e-09 | Val Loss: 6.481e-02 | Active Proj %: 2.14 | Time: 7.09s
2025-08-21 04:02:38,042:INFO:Epoch: 15150/40000 | Train Loss: 6.697e-02 | Dynamic Loss: 6.697e-02 | Regularization Loss: 2.398e-09 | Val Loss: 7.637e-02 | Active Proj %: 3.38 | Time: 6.87s
2025-08-21 04:02:45,017:INFO:Epoch: 15200/40000 | Train Loss: 4.874e-02 | Dynamic Loss: 4.874e-02 | Regularization Loss: 1.191e-09 | Val Loss: 6.223e-02 | Active Proj %: 3.00 | Time: 6.85s
2025-08-21 04:02:51,986:INFO:Epoch: 15250/40000 | Train Loss: 1.239e-01 | Dynamic Loss: 1.239e-01 | Regularization Loss: 6.553e-10 | Val Loss: 1.510e-01 | Active Proj %: 4.27 | Time: 6.85s
2025-08-21 04:02:58,991:INFO:Epoch: 15300/40000 | Train Loss: 7.367e-02 | Dynamic Loss: 7.367e-02 | Regularization Loss: 3.021e-10 | Val Loss: 1.026e-01 | Active Proj %: 4.53 | Time: 6.89s
2025-08-21 04:03:11,191:INFO:Epoch: 15350/40000 | Train Loss: 7.763e-02 | Dynamic Loss: 7.763e-02 | Regularization Loss: 2.041e-10 | Val Loss: 1.062e-01 | Active Proj %: 2.68 | Time: 12.09s
2025-08-21 04:03:18,177:INFO:Epoch: 15400/40000 | Train Loss: 5.781e-02 | Dynamic Loss: 5.781e-02 | Regularization Loss: 1.218e-10 | Val Loss: 6.627e-02 | Active Proj %: 3.72 | Time: 6.87s
2025-08-21 04:03:25,158:INFO:Epoch: 15450/40000 | Train Loss: 5.215e-02 | Dynamic Loss: 5.215e-02 | Regularization Loss: 1.353e-11 | Val Loss: 6.837e-02 | Active Proj %: 3.14 | Time: 6.87s
2025-08-21 04:03:32,136:INFO:Epoch: 15500/40000 | Train Loss: 5.829e-02 | Dynamic Loss: 5.829e-02 | Regularization Loss: 1.158e-11 | Val Loss: 5.793e-02 | Active Proj %: 3.58 | Time: 6.87s
2025-08-21 04:03:32,136:INFO:New best model found at epoch 15500 with validation loss 5.793e-02. Saving...
2025-08-21 04:03:39,101:INFO:Epoch: 15550/40000 | Train Loss: 1.056e-01 | Dynamic Loss: 1.056e-01 | Regularization Loss: 5.397e-13 | Val Loss: 1.578e-01 | Active Proj %: 5.70 | Time: 6.83s
2025-08-21 04:03:48,965:INFO:Epoch: 15600/40000 | Train Loss: 4.700e-02 | Dynamic Loss: 4.700e-02 | Regularization Loss: 4.202e-13 | Val Loss: 5.666e-02 | Active Proj %: 3.91 | Time: 9.75s
2025-08-21 04:03:48,965:INFO:New best model found at epoch 15600 with validation loss 5.666e-02. Saving...
2025-08-21 04:03:55,981:INFO:Epoch: 15650/40000 | Train Loss: 6.822e-02 | Dynamic Loss: 6.822e-02 | Regularization Loss: 2.481e-13 | Val Loss: 7.212e-02 | Active Proj %: 5.58 | Time: 6.88s
2025-08-21 04:04:02,963:INFO:Epoch: 15700/40000 | Train Loss: 4.932e-02 | Dynamic Loss: 4.932e-02 | Regularization Loss: 1.930e-13 | Val Loss: 6.557e-02 | Active Proj %: 4.67 | Time: 6.86s
2025-08-21 04:04:09,943:INFO:Epoch: 15750/40000 | Train Loss: 8.010e-02 | Dynamic Loss: 8.010e-02 | Regularization Loss: 1.200e-13 | Val Loss: 7.271e-02 | Active Proj %: 5.49 | Time: 6.86s
2025-08-21 04:04:16,982:INFO:Epoch: 15800/40000 | Train Loss: 4.306e-02 | Dynamic Loss: 4.306e-02 | Regularization Loss: 8.294e-14 | Val Loss: 5.429e-02 | Active Proj %: 5.15 | Time: 6.92s
2025-08-21 04:04:16,982:INFO:New best model found at epoch 15800 with validation loss 5.429e-02. Saving...
2025-08-21 04:04:23,937:INFO:Epoch: 15850/40000 | Train Loss: 5.236e-02 | Dynamic Loss: 5.236e-02 | Regularization Loss: 5.910e-14 | Val Loss: 5.650e-02 | Active Proj %: 6.53 | Time: 6.82s
2025-08-21 04:04:30,846:INFO:Epoch: 15900/40000 | Train Loss: 4.229e-02 | Dynamic Loss: 4.229e-02 | Regularization Loss: 5.245e-14 | Val Loss: 1.063e-01 | Active Proj %: 5.90 | Time: 6.79s
2025-08-21 04:04:37,735:INFO:Epoch: 15950/40000 | Train Loss: 4.304e-02 | Dynamic Loss: 4.304e-02 | Regularization Loss: 2.833e-14 | Val Loss: 5.798e-02 | Active Proj %: 5.45 | Time: 6.77s
2025-08-21 04:04:44,793:INFO:Epoch: 16000/40000 | Train Loss: 7.497e-02 | Dynamic Loss: 7.497e-02 | Regularization Loss: 1.905e-14 | Val Loss: 7.763e-02 | Active Proj %: 6.02 | Time: 6.94s
2025-08-21 04:04:51,709:INFO:Epoch: 16050/40000 | Train Loss: 5.955e-02 | Dynamic Loss: 5.955e-02 | Regularization Loss: 1.481e-14 | Val Loss: 6.270e-02 | Active Proj %: 2.76 | Time: 6.80s
2025-08-21 04:04:58,643:INFO:Epoch: 16100/40000 | Train Loss: 4.437e-02 | Dynamic Loss: 4.437e-02 | Regularization Loss: 3.866e-15 | Val Loss: 5.346e-02 | Active Proj %: 5.02 | Time: 6.81s
2025-08-21 04:04:58,643:INFO:New best model found at epoch 16100 with validation loss 5.346e-02. Saving...
2025-08-21 04:05:05,630:INFO:Epoch: 16150/40000 | Train Loss: 4.859e-02 | Dynamic Loss: 4.859e-02 | Regularization Loss: 3.848e-15 | Val Loss: 5.362e-02 | Active Proj %: 6.72 | Time: 6.84s
2025-08-21 04:05:12,705:INFO:Epoch: 16200/40000 | Train Loss: 6.786e-02 | Dynamic Loss: 6.786e-02 | Regularization Loss: 1.676e-15 | Val Loss: 6.657e-02 | Active Proj %: 10.58 | Time: 6.96s
2025-08-21 04:05:19,747:INFO:Epoch: 16250/40000 | Train Loss: 4.074e-02 | Dynamic Loss: 4.074e-02 | Regularization Loss: 8.034e-16 | Val Loss: 5.269e-02 | Active Proj %: 5.03 | Time: 6.92s
2025-08-21 04:05:19,747:INFO:New best model found at epoch 16250 with validation loss 5.269e-02. Saving...
2025-08-21 04:05:26,799:INFO:Epoch: 16300/40000 | Train Loss: 9.617e-02 | Dynamic Loss: 9.617e-02 | Regularization Loss: 6.920e-16 | Val Loss: 2.382e-01 | Active Proj %: 13.07 | Time: 6.91s
2025-08-21 04:05:33,814:INFO:Epoch: 16350/40000 | Train Loss: 9.862e-02 | Dynamic Loss: 9.862e-02 | Regularization Loss: 2.663e-16 | Val Loss: 1.023e-01 | Active Proj %: 8.09 | Time: 6.90s
2025-08-21 04:05:43,158:INFO:Epoch: 16400/40000 | Train Loss: 5.708e-02 | Dynamic Loss: 5.708e-02 | Regularization Loss: 1.724e-16 | Val Loss: 6.843e-02 | Active Proj %: 5.54 | Time: 9.23s
2025-08-21 04:05:50,094:INFO:Epoch: 16450/40000 | Train Loss: 1.351e-01 | Dynamic Loss: 1.351e-01 | Regularization Loss: 1.513e-16 | Val Loss: 1.263e-01 | Active Proj %: 11.63 | Time: 6.82s
2025-08-21 04:05:57,055:INFO:Epoch: 16500/40000 | Train Loss: 4.002e-02 | Dynamic Loss: 4.002e-02 | Regularization Loss: 1.181e-16 | Val Loss: 5.164e-02 | Active Proj %: 7.33 | Time: 6.85s
2025-08-21 04:05:57,055:INFO:New best model found at epoch 16500 with validation loss 5.164e-02. Saving...
2025-08-21 04:06:04,086:INFO:Epoch: 16550/40000 | Train Loss: 3.914e-02 | Dynamic Loss: 3.914e-02 | Regularization Loss: 5.438e-17 | Val Loss: 4.783e-02 | Active Proj %: 7.98 | Time: 6.89s
2025-08-21 04:06:04,086:INFO:New best model found at epoch 16550 with validation loss 4.783e-02. Saving...
2025-08-21 04:06:11,204:INFO:Epoch: 16600/40000 | Train Loss: 4.822e-02 | Dynamic Loss: 4.822e-02 | Regularization Loss: 3.468e-17 | Val Loss: 5.937e-02 | Active Proj %: 9.59 | Time: 6.98s
2025-08-21 04:06:18,137:INFO:Epoch: 16650/40000 | Train Loss: 2.232e-01 | Dynamic Loss: 2.232e-01 | Regularization Loss: 2.209e-17 | Val Loss: 2.191e-01 | Active Proj %: 21.22 | Time: 6.83s
2025-08-21 04:06:25,106:INFO:Epoch: 16700/40000 | Train Loss: 4.160e-02 | Dynamic Loss: 4.160e-02 | Regularization Loss: 8.385e-18 | Val Loss: 4.909e-02 | Active Proj %: 8.92 | Time: 6.86s
2025-08-21 04:06:32,068:INFO:Epoch: 16750/40000 | Train Loss: 9.289e-02 | Dynamic Loss: 9.289e-02 | Regularization Loss: 3.967e-18 | Val Loss: 1.061e-01 | Active Proj %: 9.18 | Time: 6.85s
2025-08-21 04:06:39,129:INFO:Epoch: 16800/40000 | Train Loss: 6.006e-02 | Dynamic Loss: 6.006e-02 | Regularization Loss: 7.825e-19 | Val Loss: 7.396e-02 | Active Proj %: 12.98 | Time: 6.82s
2025-08-21 04:06:46,064:INFO:Epoch: 16850/40000 | Train Loss: 4.290e-02 | Dynamic Loss: 4.290e-02 | Regularization Loss: 6.908e-19 | Val Loss: 5.333e-02 | Active Proj %: 12.40 | Time: 6.82s
2025-08-21 04:06:53,062:INFO:Epoch: 16900/40000 | Train Loss: 4.571e-02 | Dynamic Loss: 4.571e-02 | Regularization Loss: 6.149e-19 | Val Loss: 5.344e-02 | Active Proj %: 10.71 | Time: 6.89s
2025-08-21 04:07:00,109:INFO:Epoch: 16950/40000 | Train Loss: 6.632e-02 | Dynamic Loss: 6.632e-02 | Regularization Loss: 4.167e-19 | Val Loss: 1.843e-01 | Active Proj %: 14.80 | Time: 6.94s
2025-08-21 04:07:07,048:INFO:Epoch: 17000/40000 | Train Loss: 8.126e-02 | Dynamic Loss: 8.126e-02 | Regularization Loss: 3.151e-19 | Val Loss: 9.547e-02 | Active Proj %: 6.95 | Time: 6.83s
2025-08-21 04:07:20,395:INFO:Epoch: 17050/40000 | Train Loss: 4.785e-02 | Dynamic Loss: 4.785e-02 | Regularization Loss: 3.388e-19 | Val Loss: 5.584e-02 | Active Proj %: 9.77 | Time: 13.24s
2025-08-21 04:07:27,351:INFO:Epoch: 17100/40000 | Train Loss: 3.354e-02 | Dynamic Loss: 3.354e-02 | Regularization Loss: 3.349e-19 | Val Loss: 4.134e-02 | Active Proj %: 11.21 | Time: 6.85s
2025-08-21 04:07:27,351:INFO:New best model found at epoch 17100 with validation loss 4.134e-02. Saving...
2025-08-21 04:07:34,334:INFO:Epoch: 17150/40000 | Train Loss: 7.178e-02 | Dynamic Loss: 7.178e-02 | Regularization Loss: 2.286e-19 | Val Loss: 8.119e-02 | Active Proj %: 8.22 | Time: 6.85s
2025-08-21 04:07:41,336:INFO:Epoch: 17200/40000 | Train Loss: 4.583e-02 | Dynamic Loss: 4.583e-02 | Regularization Loss: 1.277e-19 | Val Loss: 5.997e-02 | Active Proj %: 10.49 | Time: 6.89s
2025-08-21 04:07:54,965:INFO:Epoch: 17250/40000 | Train Loss: 5.670e-02 | Dynamic Loss: 5.670e-02 | Regularization Loss: 8.795e-21 | Val Loss: 6.310e-02 | Active Proj %: 12.99 | Time: 13.52s
2025-08-21 04:08:01,949:INFO:Epoch: 17300/40000 | Train Loss: 7.224e-02 | Dynamic Loss: 7.224e-02 | Regularization Loss: 7.704e-21 | Val Loss: 1.251e-01 | Active Proj %: 18.90 | Time: 6.87s
2025-08-21 04:08:08,933:INFO:Epoch: 17350/40000 | Train Loss: 5.852e-02 | Dynamic Loss: 5.852e-02 | Regularization Loss: 8.079e-21 | Val Loss: 5.568e-02 | Active Proj %: 8.57 | Time: 6.87s
2025-08-21 04:08:15,847:INFO:Epoch: 17400/40000 | Train Loss: 6.108e-02 | Dynamic Loss: 6.108e-02 | Regularization Loss: 1.030e-20 | Val Loss: 6.875e-02 | Active Proj %: 9.55 | Time: 6.80s
2025-08-21 04:08:26,069:INFO:Epoch: 17450/40000 | Train Loss: 7.542e-02 | Dynamic Loss: 7.542e-02 | Regularization Loss: 1.089e-20 | Val Loss: 8.058e-02 | Active Proj %: 9.86 | Time: 10.11s
2025-08-21 04:08:33,041:INFO:Epoch: 17500/40000 | Train Loss: 4.211e-02 | Dynamic Loss: 4.211e-02 | Regularization Loss: 9.040e-21 | Val Loss: 4.981e-02 | Active Proj %: 23.02 | Time: 6.86s
2025-08-21 04:08:40,066:INFO:Epoch: 17550/40000 | Train Loss: 4.778e-02 | Dynamic Loss: 4.778e-02 | Regularization Loss: 8.644e-21 | Val Loss: 5.147e-02 | Active Proj %: 18.68 | Time: 6.91s
2025-08-21 04:08:47,062:INFO:Epoch: 17600/40000 | Train Loss: 5.770e-02 | Dynamic Loss: 5.770e-02 | Regularization Loss: 1.838e-21 | Val Loss: 6.436e-02 | Active Proj %: 10.67 | Time: 6.89s
2025-08-21 04:08:54,182:INFO:Epoch: 17650/40000 | Train Loss: 5.346e-02 | Dynamic Loss: 5.346e-02 | Regularization Loss: 9.959e-22 | Val Loss: 6.055e-02 | Active Proj %: 12.11 | Time: 6.89s
2025-08-21 04:09:01,188:INFO:Epoch: 17700/40000 | Train Loss: 5.154e-02 | Dynamic Loss: 5.154e-02 | Regularization Loss: 5.239e-22 | Val Loss: 6.168e-02 | Active Proj %: 15.37 | Time: 6.90s
2025-08-21 04:09:08,165:INFO:Epoch: 17750/40000 | Train Loss: 7.524e-02 | Dynamic Loss: 7.524e-02 | Regularization Loss: 3.708e-22 | Val Loss: 6.265e-02 | Active Proj %: 20.41 | Time: 6.87s
2025-08-21 04:09:15,078:INFO:Epoch: 17800/40000 | Train Loss: 7.065e-02 | Dynamic Loss: 7.065e-02 | Regularization Loss: 2.682e-22 | Val Loss: 6.573e-02 | Active Proj %: 13.50 | Time: 6.80s
2025-08-21 04:09:21,979:INFO:Epoch: 17850/40000 | Train Loss: 2.147e-01 | Dynamic Loss: 2.147e-01 | Regularization Loss: 1.940e-22 | Val Loss: 2.542e-01 | Active Proj %: 25.43 | Time: 6.79s
2025-08-21 04:09:33,665:INFO:Epoch: 17900/40000 | Train Loss: 1.189e-01 | Dynamic Loss: 1.189e-01 | Regularization Loss: 1.098e-22 | Val Loss: 1.332e-01 | Active Proj %: 20.06 | Time: 11.57s
2025-08-21 04:09:40,598:INFO:Epoch: 17950/40000 | Train Loss: 4.351e-02 | Dynamic Loss: 4.351e-02 | Regularization Loss: 1.140e-22 | Val Loss: 4.856e-02 | Active Proj %: 25.10 | Time: 6.82s
2025-08-21 04:09:47,545:INFO:Epoch: 18000/40000 | Train Loss: 5.354e-02 | Dynamic Loss: 5.354e-02 | Regularization Loss: 5.931e-23 | Val Loss: 6.582e-02 | Active Proj %: 14.60 | Time: 6.83s
2025-08-21 04:09:54,593:INFO:Epoch: 18050/40000 | Train Loss: 5.424e-02 | Dynamic Loss: 5.424e-02 | Regularization Loss: 6.337e-23 | Val Loss: 5.743e-02 | Active Proj %: 13.33 | Time: 6.94s
2025-08-21 04:10:01,560:INFO:Epoch: 18100/40000 | Train Loss: 5.973e-02 | Dynamic Loss: 5.973e-02 | Regularization Loss: 3.864e-23 | Val Loss: 6.844e-02 | Active Proj %: 22.81 | Time: 6.85s
2025-08-21 04:10:08,493:INFO:Epoch: 18150/40000 | Train Loss: 7.485e-02 | Dynamic Loss: 7.485e-02 | Regularization Loss: 3.471e-23 | Val Loss: 5.855e-02 | Active Proj %: 10.33 | Time: 6.82s
2025-08-21 04:10:15,434:INFO:Epoch: 18200/40000 | Train Loss: 7.326e-02 | Dynamic Loss: 7.326e-02 | Regularization Loss: 1.437e-23 | Val Loss: 9.028e-02 | Active Proj %: 15.38 | Time: 6.83s
2025-08-21 04:10:22,344:INFO:Epoch: 18250/40000 | Train Loss: 3.781e-02 | Dynamic Loss: 3.781e-02 | Regularization Loss: 1.160e-23 | Val Loss: 4.697e-02 | Active Proj %: 17.91 | Time: 6.80s
2025-08-21 04:10:30,245:INFO:Epoch: 18300/40000 | Train Loss: 4.713e-02 | Dynamic Loss: 4.713e-02 | Regularization Loss: 4.091e-24 | Val Loss: 5.256e-02 | Active Proj %: 14.43 | Time: 7.79s
2025-08-21 04:10:37,205:INFO:Epoch: 18350/40000 | Train Loss: 7.765e-02 | Dynamic Loss: 7.765e-02 | Regularization Loss: 5.005e-24 | Val Loss: 8.667e-02 | Active Proj %: 18.35 | Time: 6.85s
2025-08-21 04:10:44,154:INFO:Epoch: 18400/40000 | Train Loss: 3.276e-02 | Dynamic Loss: 3.276e-02 | Regularization Loss: 4.970e-24 | Val Loss: 4.627e-02 | Active Proj %: 22.58 | Time: 6.83s
2025-08-21 04:10:51,251:INFO:Epoch: 18450/40000 | Train Loss: 5.777e-02 | Dynamic Loss: 5.777e-02 | Regularization Loss: 3.302e-24 | Val Loss: 7.167e-02 | Active Proj %: 20.38 | Time: 6.85s
2025-08-21 04:10:58,188:INFO:Epoch: 18500/40000 | Train Loss: 7.461e-02 | Dynamic Loss: 7.461e-02 | Regularization Loss: 2.203e-24 | Val Loss: 9.104e-02 | Active Proj %: 31.85 | Time: 6.82s
2025-08-21 04:11:05,180:INFO:Epoch: 18550/40000 | Train Loss: 4.370e-02 | Dynamic Loss: 4.370e-02 | Regularization Loss: 2.117e-24 | Val Loss: 5.844e-02 | Active Proj %: 35.59 | Time: 6.87s
2025-08-21 04:11:12,162:INFO:Epoch: 18600/40000 | Train Loss: 3.521e-02 | Dynamic Loss: 3.521e-02 | Regularization Loss: 1.105e-24 | Val Loss: 4.107e-02 | Active Proj %: 24.95 | Time: 6.86s
2025-08-21 04:11:12,162:INFO:New best model found at epoch 18600 with validation loss 4.107e-02. Saving...
2025-08-21 04:11:19,261:INFO:Epoch: 18650/40000 | Train Loss: 4.485e-02 | Dynamic Loss: 4.485e-02 | Regularization Loss: 6.974e-25 | Val Loss: 5.392e-02 | Active Proj %: 20.91 | Time: 6.96s
2025-08-21 04:11:26,219:INFO:Epoch: 18700/40000 | Train Loss: 5.231e-02 | Dynamic Loss: 5.231e-02 | Regularization Loss: 3.903e-25 | Val Loss: 6.101e-02 | Active Proj %: 29.86 | Time: 6.83s
2025-08-21 04:11:33,224:INFO:Epoch: 18750/40000 | Train Loss: 3.998e-02 | Dynamic Loss: 3.998e-02 | Regularization Loss: 3.886e-25 | Val Loss: 4.872e-02 | Active Proj %: 23.99 | Time: 6.88s
2025-08-21 04:11:40,262:INFO:Epoch: 18800/40000 | Train Loss: 3.059e-02 | Dynamic Loss: 3.059e-02 | Regularization Loss: 3.570e-25 | Val Loss: 4.356e-02 | Active Proj %: 27.99 | Time: 6.92s
2025-08-21 04:11:49,428:INFO:Epoch: 18850/40000 | Train Loss: 9.623e-02 | Dynamic Loss: 9.623e-02 | Regularization Loss: 1.776e-25 | Val Loss: 1.043e-01 | Active Proj %: 25.32 | Time: 9.04s
2025-08-21 04:11:56,371:INFO:Epoch: 18900/40000 | Train Loss: 1.316e-01 | Dynamic Loss: 1.316e-01 | Regularization Loss: 1.444e-25 | Val Loss: 9.010e-02 | Active Proj %: 39.83 | Time: 6.82s
2025-08-21 04:12:03,385:INFO:Epoch: 18950/40000 | Train Loss: 6.410e-02 | Dynamic Loss: 6.410e-02 | Regularization Loss: 1.159e-25 | Val Loss: 7.260e-02 | Active Proj %: 27.17 | Time: 6.89s
2025-08-21 04:12:10,439:INFO:Epoch: 19000/40000 | Train Loss: 3.581e-02 | Dynamic Loss: 3.581e-02 | Regularization Loss: 7.204e-26 | Val Loss: 4.405e-02 | Active Proj %: 30.61 | Time: 6.93s
2025-08-21 04:12:17,567:INFO:Epoch: 19050/40000 | Train Loss: 2.964e-02 | Dynamic Loss: 2.964e-02 | Regularization Loss: 5.979e-26 | Val Loss: 3.766e-02 | Active Proj %: 31.59 | Time: 7.00s
2025-08-21 04:12:17,568:INFO:New best model found at epoch 19050 with validation loss 3.766e-02. Saving...
2025-08-21 04:12:24,568:INFO:Epoch: 19100/40000 | Train Loss: 4.105e-02 | Dynamic Loss: 4.105e-02 | Regularization Loss: 3.475e-26 | Val Loss: 4.422e-02 | Active Proj %: 28.77 | Time: 6.85s
2025-08-21 04:12:31,550:INFO:Epoch: 19150/40000 | Train Loss: 3.288e-02 | Dynamic Loss: 3.288e-02 | Regularization Loss: 1.204e-26 | Val Loss: 4.037e-02 | Active Proj %: 27.65 | Time: 6.86s
2025-08-21 04:12:38,574:INFO:Epoch: 19200/40000 | Train Loss: 2.906e-02 | Dynamic Loss: 2.906e-02 | Regularization Loss: 9.900e-27 | Val Loss: 3.745e-02 | Active Proj %: 28.00 | Time: 6.89s
2025-08-21 04:12:38,574:INFO:New best model found at epoch 19200 with validation loss 3.745e-02. Saving...
2025-08-21 04:12:45,684:INFO:Epoch: 19250/40000 | Train Loss: 5.136e-02 | Dynamic Loss: 5.136e-02 | Regularization Loss: 3.383e-27 | Val Loss: 5.721e-02 | Active Proj %: 56.46 | Time: 6.97s
2025-08-21 04:12:52,685:INFO:Epoch: 19300/40000 | Train Loss: 3.221e-02 | Dynamic Loss: 3.221e-02 | Regularization Loss: 3.272e-27 | Val Loss: 4.532e-02 | Active Proj %: 23.70 | Time: 6.89s
2025-08-21 04:12:59,683:INFO:Epoch: 19350/40000 | Train Loss: 4.874e-02 | Dynamic Loss: 4.874e-02 | Regularization Loss: 2.567e-27 | Val Loss: 5.552e-02 | Active Proj %: 33.03 | Time: 6.88s
2025-08-21 04:13:06,731:INFO:Epoch: 19400/40000 | Train Loss: 3.351e-02 | Dynamic Loss: 3.351e-02 | Regularization Loss: 2.495e-27 | Val Loss: 4.335e-02 | Active Proj %: 29.56 | Time: 6.93s
2025-08-21 04:13:13,754:INFO:Epoch: 19450/40000 | Train Loss: 3.175e-02 | Dynamic Loss: 3.175e-02 | Regularization Loss: 3.069e-27 | Val Loss: 5.479e-02 | Active Proj %: 34.93 | Time: 6.91s
2025-08-21 04:13:22,076:INFO:Epoch: 19500/40000 | Train Loss: 3.066e-02 | Dynamic Loss: 3.066e-02 | Regularization Loss: 3.193e-27 | Val Loss: 3.946e-02 | Active Proj %: 42.78 | Time: 8.20s
2025-08-21 04:13:29,122:INFO:Epoch: 19550/40000 | Train Loss: 1.180e-01 | Dynamic Loss: 1.180e-01 | Regularization Loss: 2.072e-27 | Val Loss: 9.292e-02 | Active Proj %: 60.76 | Time: 6.92s
2025-08-21 04:13:36,123:INFO:Epoch: 19600/40000 | Train Loss: 3.323e-02 | Dynamic Loss: 3.323e-02 | Regularization Loss: 1.525e-27 | Val Loss: 3.046e-01 | Active Proj %: 31.21 | Time: 6.88s
2025-08-21 04:13:43,307:INFO:Epoch: 19650/40000 | Train Loss: 3.502e-02 | Dynamic Loss: 3.502e-02 | Regularization Loss: 6.420e-28 | Val Loss: 4.262e-02 | Active Proj %: 54.13 | Time: 7.06s
2025-08-21 04:13:50,350:INFO:Epoch: 19700/40000 | Train Loss: 5.842e-02 | Dynamic Loss: 5.842e-02 | Regularization Loss: 4.154e-28 | Val Loss: 5.990e-02 | Active Proj %: 40.74 | Time: 6.92s
2025-08-21 04:13:57,335:INFO:Epoch: 19750/40000 | Train Loss: 4.544e-02 | Dynamic Loss: 4.544e-02 | Regularization Loss: 2.764e-28 | Val Loss: 4.962e-02 | Active Proj %: 16.87 | Time: 6.86s
2025-08-21 04:14:04,332:INFO:Epoch: 19800/40000 | Train Loss: 6.652e-02 | Dynamic Loss: 6.652e-02 | Regularization Loss: 3.075e-28 | Val Loss: 6.375e-02 | Active Proj %: 14.06 | Time: 6.88s
2025-08-21 04:14:14,361:INFO:Epoch: 19850/40000 | Train Loss: 4.900e-02 | Dynamic Loss: 4.900e-02 | Regularization Loss: 4.839e-28 | Val Loss: 5.592e-02 | Active Proj %: 42.53 | Time: 9.91s
2025-08-21 04:14:21,370:INFO:Epoch: 19900/40000 | Train Loss: 9.494e-02 | Dynamic Loss: 9.494e-02 | Regularization Loss: 3.859e-28 | Val Loss: 9.626e-02 | Active Proj %: 71.14 | Time: 6.89s
2025-08-21 04:14:28,364:INFO:Epoch: 19950/40000 | Train Loss: 4.230e-02 | Dynamic Loss: 4.230e-02 | Regularization Loss: 3.549e-28 | Val Loss: 5.790e-02 | Active Proj %: 30.89 | Time: 6.87s
2025-08-21 04:14:35,302:INFO:Epoch: 20000/40000 | Train Loss: 3.994e-02 | Dynamic Loss: 3.994e-02 | Regularization Loss: 2.746e-28 | Val Loss: 5.149e-02 | Active Proj %: 41.83 | Time: 6.81s
2025-08-21 04:14:48,335:INFO:Epoch: 20050/40000 | Train Loss: 3.244e-02 | Dynamic Loss: 3.244e-02 | Regularization Loss: 1.801e-28 | Val Loss: 3.955e-02 | Active Proj %: 54.59 | Time: 12.91s
2025-08-21 04:14:55,383:INFO:Epoch: 20100/40000 | Train Loss: 4.232e-02 | Dynamic Loss: 4.232e-02 | Regularization Loss: 1.726e-28 | Val Loss: 5.509e-02 | Active Proj %: 15.78 | Time: 6.92s
2025-08-21 04:15:02,363:INFO:Epoch: 20150/40000 | Train Loss: 2.657e-02 | Dynamic Loss: 2.657e-02 | Regularization Loss: 2.024e-28 | Val Loss: 3.623e-02 | Active Proj %: 36.73 | Time: 6.86s
2025-08-21 04:15:02,363:INFO:New best model found at epoch 20150 with validation loss 3.623e-02. Saving...
2025-08-21 04:15:09,478:INFO:Epoch: 20200/40000 | Train Loss: 4.539e-02 | Dynamic Loss: 4.539e-02 | Regularization Loss: 1.574e-28 | Val Loss: 4.264e-02 | Active Proj %: 30.86 | Time: 6.85s
2025-08-21 04:15:16,474:INFO:Epoch: 20250/40000 | Train Loss: 4.208e-02 | Dynamic Loss: 4.208e-02 | Regularization Loss: 1.593e-28 | Val Loss: 9.865e-02 | Active Proj %: 29.85 | Time: 6.87s
2025-08-21 04:15:23,450:INFO:Epoch: 20300/40000 | Train Loss: 3.991e-02 | Dynamic Loss: 3.991e-02 | Regularization Loss: 6.130e-29 | Val Loss: 4.726e-02 | Active Proj %: 39.59 | Time: 6.85s
2025-08-21 04:15:30,428:INFO:Epoch: 20350/40000 | Train Loss: 3.049e-02 | Dynamic Loss: 3.049e-02 | Regularization Loss: 5.899e-29 | Val Loss: 3.810e-02 | Active Proj %: 34.06 | Time: 6.85s
2025-08-21 04:15:37,534:INFO:Epoch: 20400/40000 | Train Loss: 3.563e-02 | Dynamic Loss: 3.563e-02 | Regularization Loss: 4.736e-29 | Val Loss: 4.091e-02 | Active Proj %: 33.14 | Time: 6.98s
2025-08-21 04:15:44,557:INFO:Epoch: 20450/40000 | Train Loss: 2.943e-02 | Dynamic Loss: 2.943e-02 | Regularization Loss: 2.873e-29 | Val Loss: 3.892e-02 | Active Proj %: 28.24 | Time: 6.90s
2025-08-21 04:15:51,540:INFO:Epoch: 20500/40000 | Train Loss: 4.947e-02 | Dynamic Loss: 4.947e-02 | Regularization Loss: 2.836e-29 | Val Loss: 4.593e-02 | Active Proj %: 36.67 | Time: 6.87s
2025-08-21 04:15:58,504:INFO:Epoch: 20550/40000 | Train Loss: 2.599e-02 | Dynamic Loss: 2.599e-02 | Regularization Loss: 1.368e-29 | Val Loss: 3.485e-02 | Active Proj %: 44.50 | Time: 6.85s
2025-08-21 04:15:58,504:INFO:New best model found at epoch 20550 with validation loss 3.485e-02. Saving...
2025-08-21 04:16:06,390:INFO:Epoch: 20600/40000 | Train Loss: 6.166e-02 | Dynamic Loss: 6.166e-02 | Regularization Loss: 8.117e-30 | Val Loss: 7.194e-02 | Active Proj %: 17.95 | Time: 7.75s
2025-08-21 04:16:13,402:INFO:Epoch: 20650/40000 | Train Loss: 4.907e-02 | Dynamic Loss: 4.907e-02 | Regularization Loss: 5.135e-30 | Val Loss: 6.392e-02 | Active Proj %: 33.16 | Time: 6.90s
2025-08-21 04:16:20,325:INFO:Epoch: 20700/40000 | Train Loss: 4.973e-02 | Dynamic Loss: 4.973e-02 | Regularization Loss: 2.512e-30 | Val Loss: 7.175e-02 | Active Proj %: 56.58 | Time: 6.81s
2025-08-21 04:16:27,503:INFO:Epoch: 20750/40000 | Train Loss: 4.011e-02 | Dynamic Loss: 4.011e-02 | Regularization Loss: 2.312e-30 | Val Loss: 4.584e-02 | Active Proj %: 31.09 | Time: 7.06s
2025-08-21 04:16:35,066:INFO:Epoch: 20800/40000 | Train Loss: 6.142e-02 | Dynamic Loss: 6.142e-02 | Regularization Loss: 1.666e-30 | Val Loss: 7.004e-02 | Active Proj %: 32.82 | Time: 7.45s
2025-08-21 04:16:42,076:INFO:Epoch: 20850/40000 | Train Loss: 4.284e-02 | Dynamic Loss: 4.284e-02 | Regularization Loss: 8.139e-31 | Val Loss: 4.999e-02 | Active Proj %: 64.76 | Time: 6.89s
2025-08-21 04:16:49,105:INFO:Epoch: 20900/40000 | Train Loss: 6.119e-02 | Dynamic Loss: 6.119e-02 | Regularization Loss: 5.360e-31 | Val Loss: 6.120e-02 | Active Proj %: 25.56 | Time: 6.92s
2025-08-21 04:16:56,117:INFO:Epoch: 20950/40000 | Train Loss: 3.524e-02 | Dynamic Loss: 3.524e-02 | Regularization Loss: 3.949e-31 | Val Loss: 3.938e-02 | Active Proj %: 46.35 | Time: 6.90s
2025-08-21 04:17:09,674:INFO:Epoch: 21000/40000 | Train Loss: 2.952e-02 | Dynamic Loss: 2.952e-02 | Regularization Loss: 3.400e-31 | Val Loss: 3.696e-02 | Active Proj %: 57.82 | Time: 13.45s
2025-08-21 04:17:16,703:INFO:Epoch: 21050/40000 | Train Loss: 5.792e-02 | Dynamic Loss: 5.792e-02 | Regularization Loss: 3.255e-31 | Val Loss: 8.724e-02 | Active Proj %: 61.30 | Time: 6.92s
2025-08-21 04:17:23,703:INFO:Epoch: 21100/40000 | Train Loss: 2.502e-02 | Dynamic Loss: 2.502e-02 | Regularization Loss: 2.844e-31 | Val Loss: 3.401e-02 | Active Proj %: 41.56 | Time: 6.89s
2025-08-21 04:17:23,703:INFO:New best model found at epoch 21100 with validation loss 3.401e-02. Saving...
2025-08-21 04:17:30,676:INFO:Epoch: 21150/40000 | Train Loss: 3.549e-02 | Dynamic Loss: 3.549e-02 | Regularization Loss: 2.019e-31 | Val Loss: 4.085e-02 | Active Proj %: 52.08 | Time: 6.84s
2025-08-21 04:17:45,799:INFO:Epoch: 21200/40000 | Train Loss: 4.735e-02 | Dynamic Loss: 4.735e-02 | Regularization Loss: 1.486e-31 | Val Loss: 5.099e-02 | Active Proj %: 20.44 | Time: 15.01s
2025-08-21 04:17:52,826:INFO:Epoch: 21250/40000 | Train Loss: 2.974e-02 | Dynamic Loss: 2.974e-02 | Regularization Loss: 8.440e-32 | Val Loss: 4.016e-02 | Active Proj %: 46.85 | Time: 6.91s
2025-08-21 04:17:59,840:INFO:Epoch: 21300/40000 | Train Loss: 2.378e-02 | Dynamic Loss: 2.378e-02 | Regularization Loss: 8.574e-32 | Val Loss: 3.177e-02 | Active Proj %: 51.48 | Time: 6.90s
2025-08-21 04:17:59,840:INFO:New best model found at epoch 21300 with validation loss 3.177e-02. Saving...
2025-08-21 04:18:06,850:INFO:Epoch: 21350/40000 | Train Loss: 9.923e-02 | Dynamic Loss: 9.923e-02 | Regularization Loss: 7.426e-32 | Val Loss: 1.133e-01 | Active Proj %: 81.91 | Time: 6.89s
2025-08-21 04:18:19,353:INFO:Epoch: 21400/40000 | Train Loss: 3.171e-02 | Dynamic Loss: 3.171e-02 | Regularization Loss: 4.718e-32 | Val Loss: 4.140e-02 | Active Proj %: 53.78 | Time: 12.40s
2025-08-21 04:18:26,329:INFO:Epoch: 21450/40000 | Train Loss: 6.331e-02 | Dynamic Loss: 6.331e-02 | Regularization Loss: 4.234e-32 | Val Loss: 6.570e-02 | Active Proj %: 57.64 | Time: 6.87s
2025-08-21 04:18:33,306:INFO:Epoch: 21500/40000 | Train Loss: 3.606e-02 | Dynamic Loss: 3.606e-02 | Regularization Loss: 4.090e-32 | Val Loss: 3.541e-02 | Active Proj %: 28.95 | Time: 6.87s
2025-08-21 04:18:40,264:INFO:Epoch: 21550/40000 | Train Loss: 2.160e-01 | Dynamic Loss: 2.160e-01 | Regularization Loss: 2.240e-32 | Val Loss: 2.301e-01 | Active Proj %: 33.20 | Time: 6.86s
2025-08-21 04:18:47,379:INFO:Epoch: 21600/40000 | Train Loss: 5.484e-02 | Dynamic Loss: 5.484e-02 | Regularization Loss: 1.572e-32 | Val Loss: 8.141e-02 | Active Proj %: 60.65 | Time: 7.01s
2025-08-21 04:18:54,349:INFO:Epoch: 21650/40000 | Train Loss: 3.779e-02 | Dynamic Loss: 3.779e-02 | Regularization Loss: 1.403e-32 | Val Loss: 4.173e-02 | Active Proj %: 48.62 | Time: 6.86s
2025-08-21 04:19:01,417:INFO:Epoch: 21700/40000 | Train Loss: 6.537e-02 | Dynamic Loss: 6.537e-02 | Regularization Loss: 1.234e-32 | Val Loss: 6.866e-02 | Active Proj %: 65.13 | Time: 6.97s
2025-08-21 04:19:08,454:INFO:Epoch: 21750/40000 | Train Loss: 5.757e-02 | Dynamic Loss: 5.757e-02 | Regularization Loss: 7.181e-33 | Val Loss: 6.158e-02 | Active Proj %: 58.50 | Time: 6.93s
2025-08-21 04:19:15,607:INFO:Epoch: 21800/40000 | Train Loss: 3.584e-02 | Dynamic Loss: 3.584e-02 | Regularization Loss: 7.445e-33 | Val Loss: 4.606e-02 | Active Proj %: 69.03 | Time: 7.05s
2025-08-21 04:19:22,612:INFO:Epoch: 21850/40000 | Train Loss: 3.911e-02 | Dynamic Loss: 3.911e-02 | Regularization Loss: 7.261e-33 | Val Loss: 5.325e-02 | Active Proj %: 42.75 | Time: 6.90s
2025-08-21 04:19:29,608:INFO:Epoch: 21900/40000 | Train Loss: 2.616e-02 | Dynamic Loss: 2.616e-02 | Regularization Loss: 6.511e-33 | Val Loss: 3.299e-02 | Active Proj %: 59.52 | Time: 6.89s
2025-08-21 04:19:36,622:INFO:Epoch: 21950/40000 | Train Loss: 1.089e-01 | Dynamic Loss: 1.089e-01 | Regularization Loss: 5.892e-33 | Val Loss: 1.548e-01 | Active Proj %: 78.72 | Time: 6.91s
2025-08-21 04:19:43,630:INFO:Epoch: 22000/40000 | Train Loss: 2.847e-02 | Dynamic Loss: 2.847e-02 | Regularization Loss: 4.851e-33 | Val Loss: 3.679e-02 | Active Proj %: 42.11 | Time: 6.91s
2025-08-21 04:19:57,788:INFO:Epoch: 22050/40000 | Train Loss: 2.415e-02 | Dynamic Loss: 2.415e-02 | Regularization Loss: 5.025e-33 | Val Loss: 3.168e-02 | Active Proj %: 65.15 | Time: 14.05s
2025-08-21 04:19:57,788:INFO:New best model found at epoch 22050 with validation loss 3.168e-02. Saving...
2025-08-21 04:20:04,780:INFO:Epoch: 22100/40000 | Train Loss: 5.526e-02 | Dynamic Loss: 5.526e-02 | Regularization Loss: 5.153e-33 | Val Loss: 4.983e-02 | Active Proj %: 64.39 | Time: 6.87s
2025-08-21 04:20:11,749:INFO:Epoch: 22150/40000 | Train Loss: 3.943e-02 | Dynamic Loss: 3.943e-02 | Regularization Loss: 4.804e-33 | Val Loss: 4.334e-02 | Active Proj %: 40.61 | Time: 6.87s
2025-08-21 04:20:18,733:INFO:Epoch: 22200/40000 | Train Loss: 3.861e-02 | Dynamic Loss: 3.861e-02 | Regularization Loss: 4.127e-33 | Val Loss: 3.785e-02 | Active Proj %: 59.95 | Time: 6.88s
2025-08-21 04:20:27,561:INFO:Epoch: 22250/40000 | Train Loss: 2.706e-02 | Dynamic Loss: 2.706e-02 | Regularization Loss: 3.908e-33 | Val Loss: 3.465e-02 | Active Proj %: 48.81 | Time: 8.72s
2025-08-21 04:20:34,589:INFO:Epoch: 22300/40000 | Train Loss: 7.046e-02 | Dynamic Loss: 7.046e-02 | Regularization Loss: 3.915e-33 | Val Loss: 5.142e-02 | Active Proj %: 78.37 | Time: 6.92s
2025-08-21 04:20:41,629:INFO:Epoch: 22350/40000 | Train Loss: 5.479e-02 | Dynamic Loss: 5.479e-02 | Regularization Loss: 3.531e-33 | Val Loss: 6.161e-02 | Active Proj %: 17.90 | Time: 6.94s
2025-08-21 04:20:48,596:INFO:Epoch: 22400/40000 | Train Loss: 7.774e-02 | Dynamic Loss: 7.774e-02 | Regularization Loss: 3.417e-33 | Val Loss: 7.779e-02 | Active Proj %: 19.55 | Time: 6.86s
2025-08-21 04:20:55,719:INFO:Epoch: 22450/40000 | Train Loss: 2.972e-02 | Dynamic Loss: 2.972e-02 | Regularization Loss: 3.364e-33 | Val Loss: 3.915e-02 | Active Proj %: 42.24 | Time: 7.02s
2025-08-21 04:21:02,742:INFO:Epoch: 22500/40000 | Train Loss: 3.043e-02 | Dynamic Loss: 3.043e-02 | Regularization Loss: 2.194e-33 | Val Loss: 3.515e-02 | Active Proj %: 54.74 | Time: 6.92s
2025-08-21 04:21:09,742:INFO:Epoch: 22550/40000 | Train Loss: 2.768e-02 | Dynamic Loss: 2.768e-02 | Regularization Loss: 1.734e-33 | Val Loss: 3.621e-02 | Active Proj %: 51.59 | Time: 6.90s
2025-08-21 04:21:16,786:INFO:Epoch: 22600/40000 | Train Loss: 4.686e-02 | Dynamic Loss: 4.686e-02 | Regularization Loss: 1.449e-33 | Val Loss: 4.732e-02 | Active Proj %: 55.56 | Time: 6.94s
2025-08-21 04:21:23,899:INFO:Epoch: 22650/40000 | Train Loss: 2.510e-02 | Dynamic Loss: 2.510e-02 | Regularization Loss: 9.891e-34 | Val Loss: 3.118e-02 | Active Proj %: 66.29 | Time: 6.87s
2025-08-21 04:21:23,900:INFO:New best model found at epoch 22650 with validation loss 3.118e-02. Saving...
2025-08-21 04:21:30,895:INFO:Epoch: 22700/40000 | Train Loss: 5.896e-02 | Dynamic Loss: 5.896e-02 | Regularization Loss: 8.463e-34 | Val Loss: 6.631e-02 | Active Proj %: 73.65 | Time: 6.87s
2025-08-21 04:21:37,854:INFO:Epoch: 22750/40000 | Train Loss: 2.307e-02 | Dynamic Loss: 2.307e-02 | Regularization Loss: 6.330e-34 | Val Loss: 3.039e-02 | Active Proj %: 58.25 | Time: 6.86s
2025-08-21 04:21:37,854:INFO:New best model found at epoch 22750 with validation loss 3.039e-02. Saving...
2025-08-21 04:21:44,841:INFO:Epoch: 22800/40000 | Train Loss: 2.958e-02 | Dynamic Loss: 2.958e-02 | Regularization Loss: 6.089e-34 | Val Loss: 3.916e-02 | Active Proj %: 44.23 | Time: 6.86s
2025-08-21 04:21:52,007:INFO:Epoch: 22850/40000 | Train Loss: 3.137e-02 | Dynamic Loss: 3.137e-02 | Regularization Loss: 5.790e-34 | Val Loss: 3.913e-02 | Active Proj %: 80.93 | Time: 7.06s
2025-08-21 04:21:58,966:INFO:Epoch: 22900/40000 | Train Loss: 3.452e-02 | Dynamic Loss: 3.452e-02 | Regularization Loss: 4.056e-34 | Val Loss: 3.884e-02 | Active Proj %: 44.16 | Time: 6.86s
2025-08-21 04:22:05,935:INFO:Epoch: 22950/40000 | Train Loss: 1.726e-01 | Dynamic Loss: 1.726e-01 | Regularization Loss: 2.842e-34 | Val Loss: 1.501e-01 | Active Proj %: 7.79 | Time: 6.86s
2025-08-21 04:22:12,929:INFO:Epoch: 23000/40000 | Train Loss: 2.155e-02 | Dynamic Loss: 2.155e-02 | Regularization Loss: 1.809e-34 | Val Loss: 2.963e-02 | Active Proj %: 61.10 | Time: 6.89s
2025-08-21 04:22:12,929:INFO:New best model found at epoch 23000 with validation loss 2.963e-02. Saving...
2025-08-21 04:22:19,916:INFO:Epoch: 23050/40000 | Train Loss: 2.400e-02 | Dynamic Loss: 2.400e-02 | Regularization Loss: 1.750e-34 | Val Loss: 3.234e-02 | Active Proj %: 64.37 | Time: 6.86s
2025-08-21 04:22:33,591:INFO:Epoch: 23100/40000 | Train Loss: 2.454e-02 | Dynamic Loss: 2.454e-02 | Regularization Loss: 1.739e-34 | Val Loss: 3.199e-02 | Active Proj %: 68.67 | Time: 13.57s
2025-08-21 04:22:40,529:INFO:Epoch: 23150/40000 | Train Loss: 1.507e-01 | Dynamic Loss: 1.507e-01 | Regularization Loss: 1.175e-34 | Val Loss: 1.461e-01 | Active Proj %: 20.63 | Time: 6.83s
2025-08-21 04:22:47,531:INFO:Epoch: 23200/40000 | Train Loss: 4.246e-02 | Dynamic Loss: 4.246e-02 | Regularization Loss: 1.023e-34 | Val Loss: 5.061e-02 | Active Proj %: 65.35 | Time: 6.90s
2025-08-21 04:22:54,637:INFO:Epoch: 23250/40000 | Train Loss: 3.659e-02 | Dynamic Loss: 3.659e-02 | Regularization Loss: 1.101e-34 | Val Loss: 3.878e-02 | Active Proj %: 60.71 | Time: 7.00s
2025-08-21 04:23:01,659:INFO:Epoch: 23300/40000 | Train Loss: 4.046e-02 | Dynamic Loss: 4.046e-02 | Regularization Loss: 1.153e-34 | Val Loss: 5.948e-02 | Active Proj %: 74.26 | Time: 6.92s
2025-08-21 04:23:08,756:INFO:Epoch: 23350/40000 | Train Loss: 1.926e-02 | Dynamic Loss: 1.926e-02 | Regularization Loss: 1.154e-34 | Val Loss: 2.745e-02 | Active Proj %: 63.80 | Time: 6.99s
2025-08-21 04:23:08,757:INFO:New best model found at epoch 23350 with validation loss 2.745e-02. Saving...
2025-08-21 04:23:15,794:INFO:Epoch: 23400/40000 | Train Loss: 2.498e-02 | Dynamic Loss: 2.498e-02 | Regularization Loss: 1.316e-34 | Val Loss: 3.532e-02 | Active Proj %: 71.08 | Time: 6.91s
2025-08-21 04:23:22,737:INFO:Epoch: 23450/40000 | Train Loss: 4.219e-02 | Dynamic Loss: 4.219e-02 | Regularization Loss: 1.163e-34 | Val Loss: 4.479e-02 | Active Proj %: 54.00 | Time: 6.84s
2025-08-21 04:23:34,651:INFO:Epoch: 23500/40000 | Train Loss: 3.615e-02 | Dynamic Loss: 3.615e-02 | Regularization Loss: 9.454e-35 | Val Loss: 4.290e-02 | Active Proj %: 52.78 | Time: 11.81s
2025-08-21 04:23:41,634:INFO:Epoch: 23550/40000 | Train Loss: 1.257e-01 | Dynamic Loss: 1.257e-01 | Regularization Loss: 9.970e-35 | Val Loss: 8.432e-02 | Active Proj %: 80.03 | Time: 6.88s
2025-08-21 04:23:48,644:INFO:Epoch: 23600/40000 | Train Loss: 7.092e-02 | Dynamic Loss: 7.092e-02 | Regularization Loss: 9.142e-35 | Val Loss: 6.660e-02 | Active Proj %: 80.81 | Time: 6.91s
2025-08-21 04:23:55,628:INFO:Epoch: 23650/40000 | Train Loss: 2.274e-02 | Dynamic Loss: 2.274e-02 | Regularization Loss: 9.721e-35 | Val Loss: 3.071e-02 | Active Proj %: 75.36 | Time: 6.88s
2025-08-21 04:24:02,629:INFO:Epoch: 23700/40000 | Train Loss: 1.990e-01 | Dynamic Loss: 1.990e-01 | Regularization Loss: 9.775e-35 | Val Loss: 3.045e-01 | Active Proj %: 81.37 | Time: 6.90s
2025-08-21 04:24:15,391:INFO:Epoch: 23750/40000 | Train Loss: 2.134e-02 | Dynamic Loss: 2.134e-02 | Regularization Loss: 6.983e-35 | Val Loss: 2.982e-02 | Active Proj %: 55.55 | Time: 12.66s
2025-08-21 04:24:22,424:INFO:Epoch: 23800/40000 | Train Loss: 4.612e-02 | Dynamic Loss: 4.612e-02 | Regularization Loss: 7.976e-35 | Val Loss: 5.590e-02 | Active Proj %: 58.87 | Time: 6.93s
2025-08-21 04:24:29,355:INFO:Epoch: 23850/40000 | Train Loss: 3.901e-02 | Dynamic Loss: 3.901e-02 | Regularization Loss: 6.107e-35 | Val Loss: 4.732e-02 | Active Proj %: 68.86 | Time: 6.83s
2025-08-21 04:24:36,323:INFO:Epoch: 23900/40000 | Train Loss: 2.439e-02 | Dynamic Loss: 2.439e-02 | Regularization Loss: 6.085e-35 | Val Loss: 3.606e-02 | Active Proj %: 72.48 | Time: 6.86s
2025-08-21 04:24:43,429:INFO:Epoch: 23950/40000 | Train Loss: 4.167e-02 | Dynamic Loss: 4.167e-02 | Regularization Loss: 4.421e-35 | Val Loss: 4.800e-02 | Active Proj %: 52.83 | Time: 7.00s
2025-08-21 04:24:50,385:INFO:Epoch: 24000/40000 | Train Loss: 2.228e-02 | Dynamic Loss: 2.228e-02 | Regularization Loss: 4.392e-35 | Val Loss: 3.089e-02 | Active Proj %: 66.69 | Time: 6.85s
2025-08-21 04:24:57,457:INFO:Epoch: 24050/40000 | Train Loss: 2.118e-02 | Dynamic Loss: 2.118e-02 | Regularization Loss: 4.520e-35 | Val Loss: 2.930e-02 | Active Proj %: 52.78 | Time: 6.97s
2025-08-21 04:25:04,437:INFO:Epoch: 24100/40000 | Train Loss: 2.799e-02 | Dynamic Loss: 2.799e-02 | Regularization Loss: 4.350e-35 | Val Loss: 3.858e-02 | Active Proj %: 45.80 | Time: 6.87s
2025-08-21 04:25:11,557:INFO:Epoch: 24150/40000 | Train Loss: 8.466e-02 | Dynamic Loss: 8.466e-02 | Regularization Loss: 4.044e-35 | Val Loss: 8.762e-02 | Active Proj %: 64.55 | Time: 6.87s
2025-08-21 04:25:18,562:INFO:Epoch: 24200/40000 | Train Loss: 3.389e-02 | Dynamic Loss: 3.389e-02 | Regularization Loss: 4.100e-35 | Val Loss: 4.399e-02 | Active Proj %: 39.51 | Time: 6.90s
2025-08-21 04:25:25,566:INFO:Epoch: 24250/40000 | Train Loss: 3.287e-02 | Dynamic Loss: 3.287e-02 | Regularization Loss: 4.461e-35 | Val Loss: 3.926e-02 | Active Proj %: 37.41 | Time: 6.90s
2025-08-21 04:25:32,562:INFO:Epoch: 24300/40000 | Train Loss: 2.953e-02 | Dynamic Loss: 2.953e-02 | Regularization Loss: 3.959e-35 | Val Loss: 4.131e-02 | Active Proj %: 60.31 | Time: 6.89s
2025-08-21 04:25:39,635:INFO:Epoch: 24350/40000 | Train Loss: 3.769e-02 | Dynamic Loss: 3.769e-02 | Regularization Loss: 4.063e-35 | Val Loss: 4.759e-02 | Active Proj %: 56.30 | Time: 6.97s
2025-08-21 04:25:52,921:INFO:Epoch: 24400/40000 | Train Loss: 5.869e-02 | Dynamic Loss: 5.869e-02 | Regularization Loss: 3.427e-35 | Val Loss: 6.522e-02 | Active Proj %: 78.61 | Time: 13.18s
2025-08-21 04:25:59,912:INFO:Epoch: 24450/40000 | Train Loss: 2.683e-02 | Dynamic Loss: 2.683e-02 | Regularization Loss: 2.486e-35 | Val Loss: 3.508e-02 | Active Proj %: 49.52 | Time: 6.88s
2025-08-21 04:26:06,871:INFO:Epoch: 24500/40000 | Train Loss: 2.696e-02 | Dynamic Loss: 2.696e-02 | Regularization Loss: 1.995e-35 | Val Loss: 3.477e-02 | Active Proj %: 62.15 | Time: 6.85s
2025-08-21 04:26:13,847:INFO:Epoch: 24550/40000 | Train Loss: 3.276e-02 | Dynamic Loss: 3.276e-02 | Regularization Loss: 1.811e-35 | Val Loss: 3.681e-02 | Active Proj %: 48.97 | Time: 6.87s
2025-08-21 04:26:25,754:INFO:Epoch: 24600/40000 | Train Loss: 1.169e-01 | Dynamic Loss: 1.169e-01 | Regularization Loss: 1.131e-35 | Val Loss: 1.069e-01 | Active Proj %: 7.61 | Time: 11.80s
2025-08-21 04:26:32,752:INFO:Epoch: 24650/40000 | Train Loss: 2.315e-02 | Dynamic Loss: 2.315e-02 | Regularization Loss: 9.494e-36 | Val Loss: 3.100e-02 | Active Proj %: 45.05 | Time: 6.89s
2025-08-21 04:26:39,779:INFO:Epoch: 24700/40000 | Train Loss: 3.535e-02 | Dynamic Loss: 3.535e-02 | Regularization Loss: 1.165e-35 | Val Loss: 3.567e-02 | Active Proj %: 82.99 | Time: 6.92s
2025-08-21 04:26:46,803:INFO:Epoch: 24750/40000 | Train Loss: 2.227e-01 | Dynamic Loss: 2.227e-01 | Regularization Loss: 1.040e-35 | Val Loss: 2.135e-01 | Active Proj %: 28.31 | Time: 6.92s
2025-08-21 04:26:57,972:INFO:Epoch: 24800/40000 | Train Loss: 9.996e-02 | Dynamic Loss: 9.996e-02 | Regularization Loss: 6.529e-36 | Val Loss: 9.285e-02 | Active Proj %: 78.13 | Time: 11.06s
2025-08-21 04:27:05,042:INFO:Epoch: 24850/40000 | Train Loss: 2.259e-02 | Dynamic Loss: 2.259e-02 | Regularization Loss: 6.890e-36 | Val Loss: 3.098e-02 | Active Proj %: 58.93 | Time: 6.96s
2025-08-21 04:27:12,036:INFO:Epoch: 24900/40000 | Train Loss: 3.254e-02 | Dynamic Loss: 3.254e-02 | Regularization Loss: 6.964e-36 | Val Loss: 3.755e-02 | Active Proj %: 53.79 | Time: 6.89s
2025-08-21 04:27:19,005:INFO:Epoch: 24950/40000 | Train Loss: 1.715e-02 | Dynamic Loss: 1.715e-02 | Regularization Loss: 7.817e-36 | Val Loss: 2.405e-02 | Active Proj %: 61.63 | Time: 6.86s
2025-08-21 04:27:19,005:INFO:New best model found at epoch 24950 with validation loss 2.405e-02. Saving...
2025-08-21 04:27:26,222:INFO:Epoch: 25000/40000 | Train Loss: 2.655e-02 | Dynamic Loss: 2.655e-02 | Regularization Loss: 6.976e-36 | Val Loss: 3.951e-02 | Active Proj %: 72.18 | Time: 7.09s
2025-08-21 04:27:33,248:INFO:Epoch: 25050/40000 | Train Loss: 3.794e-02 | Dynamic Loss: 3.794e-02 | Regularization Loss: 7.365e-36 | Val Loss: 4.894e-02 | Active Proj %: 55.19 | Time: 6.92s
2025-08-21 04:27:40,257:INFO:Epoch: 25100/40000 | Train Loss: 1.851e-02 | Dynamic Loss: 1.851e-02 | Regularization Loss: 5.844e-36 | Val Loss: 2.550e-02 | Active Proj %: 52.82 | Time: 6.90s
2025-08-21 04:27:47,253:INFO:Epoch: 25150/40000 | Train Loss: 7.738e-02 | Dynamic Loss: 7.738e-02 | Regularization Loss: 5.328e-36 | Val Loss: 6.915e-02 | Active Proj %: 82.99 | Time: 6.89s
2025-08-21 04:27:54,393:INFO:Epoch: 25200/40000 | Train Loss: 2.050e-02 | Dynamic Loss: 2.050e-02 | Regularization Loss: 3.772e-36 | Val Loss: 3.096e-02 | Active Proj %: 59.22 | Time: 7.03s
2025-08-21 04:28:01,377:INFO:Epoch: 25250/40000 | Train Loss: 1.912e-02 | Dynamic Loss: 1.912e-02 | Regularization Loss: 3.533e-36 | Val Loss: 2.724e-02 | Active Proj %: 48.45 | Time: 6.88s
2025-08-21 04:28:08,372:INFO:Epoch: 25300/40000 | Train Loss: 4.596e-02 | Dynamic Loss: 4.596e-02 | Regularization Loss: 3.916e-36 | Val Loss: 6.925e-02 | Active Proj %: 71.71 | Time: 6.89s
2025-08-21 04:28:15,340:INFO:Epoch: 25350/40000 | Train Loss: 3.360e-02 | Dynamic Loss: 3.360e-02 | Regularization Loss: 4.244e-36 | Val Loss: 5.598e-02 | Active Proj %: 73.31 | Time: 6.86s
2025-08-21 04:28:26,191:INFO:Epoch: 25400/40000 | Train Loss: 4.705e-02 | Dynamic Loss: 4.705e-02 | Regularization Loss: 3.946e-36 | Val Loss: 4.335e-02 | Active Proj %: 56.05 | Time: 10.75s
2025-08-21 04:28:33,144:INFO:Epoch: 25450/40000 | Train Loss: 1.728e-02 | Dynamic Loss: 1.728e-02 | Regularization Loss: 3.122e-36 | Val Loss: 2.470e-02 | Active Proj %: 60.80 | Time: 6.85s
2025-08-21 04:28:40,091:INFO:Epoch: 25500/40000 | Train Loss: 2.541e-02 | Dynamic Loss: 2.541e-02 | Regularization Loss: 2.952e-36 | Val Loss: 3.066e-02 | Active Proj %: 59.26 | Time: 6.84s
2025-08-21 04:28:47,150:INFO:Epoch: 25550/40000 | Train Loss: 2.471e-02 | Dynamic Loss: 2.471e-02 | Regularization Loss: 3.040e-36 | Val Loss: 2.769e-02 | Active Proj %: 78.01 | Time: 6.95s
2025-08-21 04:28:55,590:INFO:Epoch: 25600/40000 | Train Loss: 2.455e-02 | Dynamic Loss: 2.455e-02 | Regularization Loss: 3.227e-36 | Val Loss: 2.646e-02 | Active Proj %: 62.81 | Time: 8.33s
2025-08-21 04:29:02,598:INFO:Epoch: 25650/40000 | Train Loss: 3.677e-02 | Dynamic Loss: 3.677e-02 | Regularization Loss: 4.233e-36 | Val Loss: 3.750e-02 | Active Proj %: 57.90 | Time: 6.90s
2025-08-21 04:29:09,582:INFO:Epoch: 25700/40000 | Train Loss: 4.819e-02 | Dynamic Loss: 4.819e-02 | Regularization Loss: 3.714e-36 | Val Loss: 4.709e-02 | Active Proj %: 71.62 | Time: 6.88s
2025-08-21 04:29:16,572:INFO:Epoch: 25750/40000 | Train Loss: 1.659e-02 | Dynamic Loss: 1.659e-02 | Regularization Loss: 4.229e-36 | Val Loss: 2.419e-02 | Active Proj %: 54.84 | Time: 6.88s
2025-08-21 04:29:23,697:INFO:Epoch: 25800/40000 | Train Loss: 8.348e-02 | Dynamic Loss: 8.348e-02 | Regularization Loss: 3.528e-36 | Val Loss: 8.159e-02 | Active Proj %: 16.79 | Time: 7.02s
2025-08-21 04:29:30,639:INFO:Epoch: 25850/40000 | Train Loss: 1.545e-02 | Dynamic Loss: 1.545e-02 | Regularization Loss: 2.974e-36 | Val Loss: 2.325e-02 | Active Proj %: 58.32 | Time: 6.83s
2025-08-21 04:29:30,639:INFO:New best model found at epoch 25850 with validation loss 2.325e-02. Saving...
2025-08-21 04:29:37,651:INFO:Epoch: 25900/40000 | Train Loss: 2.956e-02 | Dynamic Loss: 2.956e-02 | Regularization Loss: 2.924e-36 | Val Loss: 3.353e-02 | Active Proj %: 69.52 | Time: 6.88s
2025-08-21 04:29:44,635:INFO:Epoch: 25950/40000 | Train Loss: 3.333e-02 | Dynamic Loss: 3.333e-02 | Regularization Loss: 2.788e-36 | Val Loss: 3.995e-02 | Active Proj %: 71.97 | Time: 6.88s
2025-08-21 04:29:51,748:INFO:Epoch: 26000/40000 | Train Loss: 1.836e-02 | Dynamic Loss: 1.836e-02 | Regularization Loss: 3.162e-36 | Val Loss: 2.526e-02 | Active Proj %: 59.11 | Time: 7.01s
2025-08-21 04:29:58,704:INFO:Epoch: 26050/40000 | Train Loss: 2.692e-02 | Dynamic Loss: 2.692e-02 | Regularization Loss: 2.896e-36 | Val Loss: 3.135e-02 | Active Proj %: 59.35 | Time: 6.85s
2025-08-21 04:30:05,676:INFO:Epoch: 26100/40000 | Train Loss: 1.631e-02 | Dynamic Loss: 1.631e-02 | Regularization Loss: 2.584e-36 | Val Loss: 2.315e-02 | Active Proj %: 66.92 | Time: 6.86s
2025-08-21 04:30:05,676:INFO:New best model found at epoch 26100 with validation loss 2.315e-02. Saving...
2025-08-21 04:30:12,726:INFO:Epoch: 26150/40000 | Train Loss: 1.789e-02 | Dynamic Loss: 1.789e-02 | Regularization Loss: 2.685e-36 | Val Loss: 2.499e-02 | Active Proj %: 74.56 | Time: 6.92s
2025-08-21 04:30:20,094:INFO:Epoch: 26200/40000 | Train Loss: 2.857e-02 | Dynamic Loss: 2.857e-02 | Regularization Loss: 2.709e-36 | Val Loss: 3.435e-02 | Active Proj %: 83.90 | Time: 7.22s
2025-08-21 04:30:27,266:INFO:Epoch: 26250/40000 | Train Loss: 3.439e-02 | Dynamic Loss: 3.439e-02 | Regularization Loss: 1.839e-36 | Val Loss: 3.899e-02 | Active Proj %: 69.79 | Time: 7.06s
2025-08-21 04:30:34,251:INFO:Epoch: 26300/40000 | Train Loss: 4.669e-02 | Dynamic Loss: 4.669e-02 | Regularization Loss: 1.700e-36 | Val Loss: 4.544e-02 | Active Proj %: 61.67 | Time: 6.88s
2025-08-21 04:30:41,248:INFO:Epoch: 26350/40000 | Train Loss: 1.841e-02 | Dynamic Loss: 1.841e-02 | Regularization Loss: 1.759e-36 | Val Loss: 2.460e-02 | Active Proj %: 56.57 | Time: 6.89s
2025-08-21 04:30:48,388:INFO:Epoch: 26400/40000 | Train Loss: 2.686e-02 | Dynamic Loss: 2.686e-02 | Regularization Loss: 2.027e-36 | Val Loss: 2.980e-02 | Active Proj %: 34.57 | Time: 7.03s
2025-08-21 04:30:55,412:INFO:Epoch: 26450/40000 | Train Loss: 5.885e-02 | Dynamic Loss: 5.885e-02 | Regularization Loss: 1.819e-36 | Val Loss: 4.841e-02 | Active Proj %: 41.72 | Time: 6.92s
2025-08-21 04:31:02,434:INFO:Epoch: 26500/40000 | Train Loss: 1.048e-01 | Dynamic Loss: 1.048e-01 | Regularization Loss: 1.150e-36 | Val Loss: 9.927e-02 | Active Proj %: 31.97 | Time: 6.92s
2025-08-21 04:31:09,397:INFO:Epoch: 26550/40000 | Train Loss: 1.603e-02 | Dynamic Loss: 1.603e-02 | Regularization Loss: 1.102e-36 | Val Loss: 2.384e-02 | Active Proj %: 61.43 | Time: 6.86s
2025-08-21 04:31:16,472:INFO:Epoch: 26600/40000 | Train Loss: 1.938e-02 | Dynamic Loss: 1.938e-02 | Regularization Loss: 1.277e-36 | Val Loss: 2.543e-02 | Active Proj %: 51.97 | Time: 6.84s
2025-08-21 04:31:23,446:INFO:Epoch: 26650/40000 | Train Loss: 3.421e-02 | Dynamic Loss: 3.421e-02 | Regularization Loss: 1.403e-36 | Val Loss: 2.937e-02 | Active Proj %: 72.69 | Time: 6.87s
2025-08-21 04:31:30,404:INFO:Epoch: 26700/40000 | Train Loss: 1.754e-02 | Dynamic Loss: 1.754e-02 | Regularization Loss: 1.620e-36 | Val Loss: 2.396e-02 | Active Proj %: 66.35 | Time: 6.85s
2025-08-21 04:31:37,371:INFO:Epoch: 26750/40000 | Train Loss: 2.339e-02 | Dynamic Loss: 2.339e-02 | Regularization Loss: 1.977e-36 | Val Loss: 3.052e-02 | Active Proj %: 64.81 | Time: 6.86s
2025-08-21 04:31:44,438:INFO:Epoch: 26800/40000 | Train Loss: 3.048e-02 | Dynamic Loss: 3.048e-02 | Regularization Loss: 1.890e-36 | Val Loss: 4.554e-02 | Active Proj %: 56.43 | Time: 6.96s
2025-08-21 04:31:51,420:INFO:Epoch: 26850/40000 | Train Loss: 2.226e-02 | Dynamic Loss: 2.226e-02 | Regularization Loss: 2.020e-36 | Val Loss: 4.050e-02 | Active Proj %: 69.37 | Time: 6.87s
2025-08-21 04:31:58,387:INFO:Epoch: 26900/40000 | Train Loss: 2.409e-02 | Dynamic Loss: 2.409e-02 | Regularization Loss: 2.032e-36 | Val Loss: 3.155e-02 | Active Proj %: 75.12 | Time: 6.86s
2025-08-21 04:32:05,477:INFO:Epoch: 26950/40000 | Train Loss: 2.316e-02 | Dynamic Loss: 2.316e-02 | Regularization Loss: 1.505e-36 | Val Loss: 3.020e-02 | Active Proj %: 78.66 | Time: 6.98s
2025-08-21 04:32:12,635:INFO:Epoch: 27000/40000 | Train Loss: 2.204e-02 | Dynamic Loss: 2.204e-02 | Regularization Loss: 1.189e-36 | Val Loss: 2.941e-02 | Active Proj %: 69.72 | Time: 7.05s
2025-08-21 04:32:19,680:INFO:Epoch: 27050/40000 | Train Loss: 2.359e-02 | Dynamic Loss: 2.359e-02 | Regularization Loss: 1.294e-36 | Val Loss: 3.155e-02 | Active Proj %: 77.65 | Time: 6.94s
2025-08-21 04:32:26,705:INFO:Epoch: 27100/40000 | Train Loss: 2.623e-02 | Dynamic Loss: 2.623e-02 | Regularization Loss: 1.141e-36 | Val Loss: 3.416e-02 | Active Proj %: 83.43 | Time: 6.92s
2025-08-21 04:32:33,676:INFO:Epoch: 27150/40000 | Train Loss: 6.466e-02 | Dynamic Loss: 6.466e-02 | Regularization Loss: 1.108e-36 | Val Loss: 9.996e-02 | Active Proj %: 67.76 | Time: 6.86s
2025-08-21 04:32:40,690:INFO:Epoch: 27200/40000 | Train Loss: 4.420e-02 | Dynamic Loss: 4.420e-02 | Regularization Loss: 8.791e-37 | Val Loss: 4.971e-02 | Active Proj %: 41.58 | Time: 6.91s
2025-08-21 04:32:56,154:INFO:Epoch: 27250/40000 | Train Loss: 3.165e-02 | Dynamic Loss: 3.165e-02 | Regularization Loss: 6.962e-37 | Val Loss: 3.943e-02 | Active Proj %: 39.54 | Time: 15.36s
2025-08-21 04:33:03,194:INFO:Epoch: 27300/40000 | Train Loss: 2.725e-02 | Dynamic Loss: 2.725e-02 | Regularization Loss: 6.764e-37 | Val Loss: 3.344e-02 | Active Proj %: 48.07 | Time: 6.93s
2025-08-21 04:33:10,227:INFO:Epoch: 27350/40000 | Train Loss: 3.821e-02 | Dynamic Loss: 3.821e-02 | Regularization Loss: 8.109e-37 | Val Loss: 4.545e-02 | Active Proj %: 75.34 | Time: 6.92s
2025-08-21 04:33:17,272:INFO:Epoch: 27400/40000 | Train Loss: 9.061e-02 | Dynamic Loss: 9.061e-02 | Regularization Loss: 7.192e-37 | Val Loss: 7.376e-02 | Active Proj %: 82.80 | Time: 6.94s
2025-08-21 04:33:29,655:INFO:Epoch: 27450/40000 | Train Loss: 2.061e-02 | Dynamic Loss: 2.061e-02 | Regularization Loss: 6.491e-37 | Val Loss: 2.567e-02 | Active Proj %: 73.26 | Time: 12.28s
2025-08-21 04:33:36,673:INFO:Epoch: 27500/40000 | Train Loss: 7.140e-02 | Dynamic Loss: 7.140e-02 | Regularization Loss: 7.112e-37 | Val Loss: 1.183e-01 | Active Proj %: 65.11 | Time: 6.91s
2025-08-21 04:33:43,621:INFO:Epoch: 27550/40000 | Train Loss: 3.162e-02 | Dynamic Loss: 3.162e-02 | Regularization Loss: 6.641e-37 | Val Loss: 3.525e-02 | Active Proj %: 62.04 | Time: 6.84s
2025-08-21 04:33:50,589:INFO:Epoch: 27600/40000 | Train Loss: 1.587e-02 | Dynamic Loss: 1.587e-02 | Regularization Loss: 6.990e-37 | Val Loss: 2.249e-02 | Active Proj %: 49.48 | Time: 6.86s
2025-08-21 04:33:50,589:INFO:New best model found at epoch 27600 with validation loss 2.249e-02. Saving...
2025-08-21 04:33:57,746:INFO:Epoch: 27650/40000 | Train Loss: 4.735e-02 | Dynamic Loss: 4.735e-02 | Regularization Loss: 5.901e-37 | Val Loss: 5.764e-02 | Active Proj %: 66.24 | Time: 7.02s
2025-08-21 04:34:04,689:INFO:Epoch: 27700/40000 | Train Loss: 1.067e-01 | Dynamic Loss: 1.067e-01 | Regularization Loss: 2.814e-37 | Val Loss: 1.105e-01 | Active Proj %: 18.54 | Time: 6.84s
2025-08-21 04:34:11,623:INFO:Epoch: 27750/40000 | Train Loss: 2.693e-02 | Dynamic Loss: 2.693e-02 | Regularization Loss: 2.750e-37 | Val Loss: 3.387e-02 | Active Proj %: 52.70 | Time: 6.83s
2025-08-21 04:34:18,591:INFO:Epoch: 27800/40000 | Train Loss: 2.169e-02 | Dynamic Loss: 2.169e-02 | Regularization Loss: 2.741e-37 | Val Loss: 2.989e-02 | Active Proj %: 65.54 | Time: 6.86s
2025-08-21 04:34:29,285:INFO:Epoch: 27850/40000 | Train Loss: 1.496e-02 | Dynamic Loss: 1.496e-02 | Regularization Loss: 3.449e-37 | Val Loss: 2.239e-02 | Active Proj %: 65.49 | Time: 10.59s
2025-08-21 04:34:29,285:INFO:New best model found at epoch 27850 with validation loss 2.239e-02. Saving...
2025-08-21 04:34:36,348:INFO:Epoch: 27900/40000 | Train Loss: 4.350e-02 | Dynamic Loss: 4.350e-02 | Regularization Loss: 3.995e-37 | Val Loss: 4.722e-02 | Active Proj %: 82.86 | Time: 6.93s
2025-08-21 04:34:43,342:INFO:Epoch: 27950/40000 | Train Loss: 1.685e-02 | Dynamic Loss: 1.685e-02 | Regularization Loss: 4.556e-37 | Val Loss: 2.322e-02 | Active Proj %: 73.16 | Time: 6.89s
2025-08-21 04:34:50,395:INFO:Epoch: 28000/40000 | Train Loss: 1.422e-02 | Dynamic Loss: 1.422e-02 | Regularization Loss: 5.071e-37 | Val Loss: 2.050e-02 | Active Proj %: 68.10 | Time: 6.95s
2025-08-21 04:34:50,395:INFO:New best model found at epoch 28000 with validation loss 2.050e-02. Saving...
2025-08-21 04:35:00,966:INFO:Epoch: 28050/40000 | Train Loss: 4.130e-02 | Dynamic Loss: 4.130e-02 | Regularization Loss: 4.511e-37 | Val Loss: 4.326e-02 | Active Proj %: 80.49 | Time: 10.44s
2025-08-21 04:35:07,921:INFO:Epoch: 28100/40000 | Train Loss: 8.909e-02 | Dynamic Loss: 8.909e-02 | Regularization Loss: 3.961e-37 | Val Loss: 8.843e-02 | Active Proj %: 35.68 | Time: 6.85s
2025-08-21 04:35:14,904:INFO:Epoch: 28150/40000 | Train Loss: 1.478e-02 | Dynamic Loss: 1.478e-02 | Regularization Loss: 3.768e-37 | Val Loss: 2.257e-02 | Active Proj %: 59.90 | Time: 6.87s
2025-08-21 04:35:21,904:INFO:Epoch: 28200/40000 | Train Loss: 4.293e-02 | Dynamic Loss: 4.293e-02 | Regularization Loss: 3.334e-37 | Val Loss: 6.264e-02 | Active Proj %: 66.75 | Time: 6.89s
2025-08-21 04:35:33,401:INFO:Epoch: 28250/40000 | Train Loss: 2.135e-02 | Dynamic Loss: 2.135e-02 | Regularization Loss: 3.009e-37 | Val Loss: 2.486e-02 | Active Proj %: 59.04 | Time: 11.39s
2025-08-21 04:35:40,391:INFO:Epoch: 28300/40000 | Train Loss: 2.473e-02 | Dynamic Loss: 2.473e-02 | Regularization Loss: 3.069e-37 | Val Loss: 3.110e-02 | Active Proj %: 40.37 | Time: 6.88s
2025-08-21 04:35:47,408:INFO:Epoch: 28350/40000 | Train Loss: 5.182e-02 | Dynamic Loss: 5.182e-02 | Regularization Loss: 3.015e-37 | Val Loss: 4.479e-02 | Active Proj %: 69.79 | Time: 6.91s
2025-08-21 04:35:54,448:INFO:Epoch: 28400/40000 | Train Loss: 9.403e-02 | Dynamic Loss: 9.403e-02 | Regularization Loss: 3.223e-37 | Val Loss: 7.486e-02 | Active Proj %: 69.66 | Time: 6.93s
2025-08-21 04:36:04,787:INFO:Epoch: 28450/40000 | Train Loss: 3.115e-02 | Dynamic Loss: 3.115e-02 | Regularization Loss: 2.798e-37 | Val Loss: 3.920e-02 | Active Proj %: 48.92 | Time: 10.23s
2025-08-21 04:36:11,823:INFO:Epoch: 28500/40000 | Train Loss: 3.174e-02 | Dynamic Loss: 3.174e-02 | Regularization Loss: 2.923e-37 | Val Loss: 3.655e-02 | Active Proj %: 73.24 | Time: 6.93s
2025-08-21 04:36:18,789:INFO:Epoch: 28550/40000 | Train Loss: 2.795e-02 | Dynamic Loss: 2.795e-02 | Regularization Loss: 2.887e-37 | Val Loss: 3.461e-02 | Active Proj %: 46.92 | Time: 6.86s
2025-08-21 04:36:25,831:INFO:Epoch: 28600/40000 | Train Loss: 2.113e-02 | Dynamic Loss: 2.113e-02 | Regularization Loss: 3.250e-37 | Val Loss: 2.845e-02 | Active Proj %: 74.23 | Time: 6.93s
2025-08-21 04:36:37,562:INFO:Epoch: 28650/40000 | Train Loss: 3.617e-02 | Dynamic Loss: 3.617e-02 | Regularization Loss: 2.787e-37 | Val Loss: 4.349e-02 | Active Proj %: 80.68 | Time: 11.62s
2025-08-21 04:36:44,542:INFO:Epoch: 28700/40000 | Train Loss: 4.026e-02 | Dynamic Loss: 4.026e-02 | Regularization Loss: 2.646e-37 | Val Loss: 4.511e-02 | Active Proj %: 66.01 | Time: 6.87s
2025-08-21 04:36:51,517:INFO:Epoch: 28750/40000 | Train Loss: 4.145e-02 | Dynamic Loss: 4.145e-02 | Regularization Loss: 2.605e-37 | Val Loss: 4.500e-02 | Active Proj %: 56.56 | Time: 6.86s
2025-08-21 04:36:58,518:INFO:Epoch: 28800/40000 | Train Loss: 2.338e-02 | Dynamic Loss: 2.338e-02 | Regularization Loss: 3.142e-37 | Val Loss: 2.944e-02 | Active Proj %: 32.01 | Time: 6.89s
2025-08-21 04:37:08,149:INFO:Epoch: 28850/40000 | Train Loss: 2.114e-02 | Dynamic Loss: 2.114e-02 | Regularization Loss: 3.191e-37 | Val Loss: 2.265e-02 | Active Proj %: 65.85 | Time: 9.52s
2025-08-21 04:37:15,102:INFO:Epoch: 28900/40000 | Train Loss: 2.916e-02 | Dynamic Loss: 2.916e-02 | Regularization Loss: 3.157e-37 | Val Loss: 3.803e-02 | Active Proj %: 51.60 | Time: 6.84s
2025-08-21 04:37:22,078:INFO:Epoch: 28950/40000 | Train Loss: 1.878e-02 | Dynamic Loss: 1.878e-02 | Regularization Loss: 2.942e-37 | Val Loss: 2.485e-02 | Active Proj %: 65.15 | Time: 6.87s
2025-08-21 04:37:29,120:INFO:Epoch: 29000/40000 | Train Loss: 2.464e-02 | Dynamic Loss: 2.464e-02 | Regularization Loss: 3.543e-37 | Val Loss: 4.316e-02 | Active Proj %: 67.14 | Time: 6.93s
2025-08-21 04:37:36,265:INFO:Epoch: 29050/40000 | Train Loss: 1.592e-02 | Dynamic Loss: 1.592e-02 | Regularization Loss: 4.404e-37 | Val Loss: 2.708e-02 | Active Proj %: 66.38 | Time: 7.03s
2025-08-21 04:37:43,239:INFO:Epoch: 29100/40000 | Train Loss: 1.423e-02 | Dynamic Loss: 1.423e-02 | Regularization Loss: 3.356e-37 | Val Loss: 2.156e-02 | Active Proj %: 59.53 | Time: 6.86s
2025-08-21 04:37:50,211:INFO:Epoch: 29150/40000 | Train Loss: 6.942e-02 | Dynamic Loss: 6.942e-02 | Regularization Loss: 3.289e-37 | Val Loss: 5.740e-02 | Active Proj %: 70.61 | Time: 6.86s
2025-08-21 04:37:57,189:INFO:Epoch: 29200/40000 | Train Loss: 9.693e-02 | Dynamic Loss: 9.693e-02 | Regularization Loss: 3.467e-37 | Val Loss: 1.201e-01 | Active Proj %: 88.24 | Time: 6.87s
2025-08-21 04:38:04,234:INFO:Epoch: 29250/40000 | Train Loss: 1.583e-02 | Dynamic Loss: 1.583e-02 | Regularization Loss: 2.393e-37 | Val Loss: 2.301e-02 | Active Proj %: 69.06 | Time: 6.94s
2025-08-21 04:38:11,209:INFO:Epoch: 29300/40000 | Train Loss: 1.567e-02 | Dynamic Loss: 1.567e-02 | Regularization Loss: 2.259e-37 | Val Loss: 2.160e-02 | Active Proj %: 73.65 | Time: 6.86s
2025-08-21 04:38:18,176:INFO:Epoch: 29350/40000 | Train Loss: 2.011e-02 | Dynamic Loss: 2.011e-02 | Regularization Loss: 2.389e-37 | Val Loss: 2.509e-02 | Active Proj %: 43.15 | Time: 6.86s
2025-08-21 04:38:25,159:INFO:Epoch: 29400/40000 | Train Loss: 1.368e-02 | Dynamic Loss: 1.368e-02 | Regularization Loss: 2.085e-37 | Val Loss: 1.989e-02 | Active Proj %: 80.63 | Time: 6.87s
2025-08-21 04:38:25,159:INFO:New best model found at epoch 29400 with validation loss 1.989e-02. Saving...
2025-08-21 04:38:32,239:INFO:Epoch: 29450/40000 | Train Loss: 1.465e-02 | Dynamic Loss: 1.465e-02 | Regularization Loss: 2.079e-37 | Val Loss: 1.998e-02 | Active Proj %: 48.23 | Time: 6.95s
2025-08-21 04:38:39,201:INFO:Epoch: 29500/40000 | Train Loss: 3.449e-02 | Dynamic Loss: 3.449e-02 | Regularization Loss: 1.444e-37 | Val Loss: 5.722e-02 | Active Proj %: 75.35 | Time: 6.85s
2025-08-21 04:38:46,162:INFO:Epoch: 29550/40000 | Train Loss: 3.687e-02 | Dynamic Loss: 3.687e-02 | Regularization Loss: 1.298e-37 | Val Loss: 4.139e-02 | Active Proj %: 45.13 | Time: 6.85s
2025-08-21 04:38:53,162:INFO:Epoch: 29600/40000 | Train Loss: 1.270e-02 | Dynamic Loss: 1.270e-02 | Regularization Loss: 1.417e-37 | Val Loss: 2.034e-02 | Active Proj %: 72.46 | Time: 6.89s
2025-08-21 04:39:06,243:INFO:Epoch: 29650/40000 | Train Loss: 1.554e-02 | Dynamic Loss: 1.554e-02 | Regularization Loss: 1.372e-37 | Val Loss: 2.300e-02 | Active Proj %: 55.28 | Time: 12.97s
2025-08-21 04:39:13,227:INFO:Epoch: 29700/40000 | Train Loss: 3.819e-01 | Dynamic Loss: 3.819e-01 | Regularization Loss: 1.215e-37 | Val Loss: 2.829e-01 | Active Proj %: 87.31 | Time: 6.87s
2025-08-21 04:39:20,171:INFO:Epoch: 29750/40000 | Train Loss: 7.377e-02 | Dynamic Loss: 7.377e-02 | Regularization Loss: 1.131e-37 | Val Loss: 6.685e-02 | Active Proj %: 36.64 | Time: 6.83s
2025-08-21 04:39:27,159:INFO:Epoch: 29800/40000 | Train Loss: 1.044e-01 | Dynamic Loss: 1.044e-01 | Regularization Loss: 9.173e-38 | Val Loss: 1.120e-01 | Active Proj %: 93.37 | Time: 6.88s
2025-08-21 04:39:34,419:INFO:Epoch: 29850/40000 | Train Loss: 2.722e-02 | Dynamic Loss: 2.722e-02 | Regularization Loss: 8.708e-38 | Val Loss: 2.926e-02 | Active Proj %: 71.84 | Time: 7.15s
2025-08-21 04:39:41,428:INFO:Epoch: 29900/40000 | Train Loss: 1.305e-02 | Dynamic Loss: 1.305e-02 | Regularization Loss: 9.759e-38 | Val Loss: 2.025e-02 | Active Proj %: 67.43 | Time: 6.90s
2025-08-21 04:39:48,448:INFO:Epoch: 29950/40000 | Train Loss: 1.793e-02 | Dynamic Loss: 1.793e-02 | Regularization Loss: 1.121e-37 | Val Loss: 2.450e-02 | Active Proj %: 70.22 | Time: 6.91s
2025-08-21 04:39:55,425:INFO:Epoch: 30000/40000 | Train Loss: 1.833e-02 | Dynamic Loss: 1.833e-02 | Regularization Loss: 1.171e-37 | Val Loss: 2.625e-02 | Active Proj %: 78.66 | Time: 6.87s
2025-08-21 04:40:03,614:INFO:Epoch: 30050/40000 | Train Loss: 1.761e-02 | Dynamic Loss: 1.761e-02 | Regularization Loss: 1.229e-37 | Val Loss: 2.465e-02 | Active Proj %: 59.30 | Time: 8.08s
2025-08-21 04:40:10,587:INFO:Epoch: 30100/40000 | Train Loss: 4.241e-02 | Dynamic Loss: 4.241e-02 | Regularization Loss: 1.251e-37 | Val Loss: 5.218e-02 | Active Proj %: 63.66 | Time: 6.86s
2025-08-21 04:40:17,632:INFO:Epoch: 30150/40000 | Train Loss: 1.680e-02 | Dynamic Loss: 1.680e-02 | Regularization Loss: 1.330e-37 | Val Loss: 2.383e-02 | Active Proj %: 69.38 | Time: 6.93s
2025-08-21 04:40:24,638:INFO:Epoch: 30200/40000 | Train Loss: 1.298e-02 | Dynamic Loss: 1.298e-02 | Regularization Loss: 1.384e-37 | Val Loss: 1.900e-02 | Active Proj %: 65.84 | Time: 6.89s
2025-08-21 04:40:24,638:INFO:New best model found at epoch 30200 with validation loss 1.900e-02. Saving...
2025-08-21 04:40:35,882:INFO:Epoch: 30250/40000 | Train Loss: 1.620e-02 | Dynamic Loss: 1.620e-02 | Regularization Loss: 1.363e-37 | Val Loss: 2.241e-02 | Active Proj %: 60.53 | Time: 11.11s
2025-08-21 04:40:42,896:INFO:Epoch: 30300/40000 | Train Loss: 1.669e-02 | Dynamic Loss: 1.669e-02 | Regularization Loss: 1.273e-37 | Val Loss: 2.301e-02 | Active Proj %: 70.98 | Time: 6.90s
2025-08-21 04:40:49,916:INFO:Epoch: 30350/40000 | Train Loss: 2.755e-02 | Dynamic Loss: 2.755e-02 | Regularization Loss: 1.257e-37 | Val Loss: 3.391e-02 | Active Proj %: 64.69 | Time: 6.91s
2025-08-21 04:40:56,877:INFO:Epoch: 30400/40000 | Train Loss: 1.294e-02 | Dynamic Loss: 1.294e-02 | Regularization Loss: 1.380e-37 | Val Loss: 1.989e-02 | Active Proj %: 68.39 | Time: 6.85s
2025-08-21 04:41:06,216:INFO:Epoch: 30450/40000 | Train Loss: 1.869e-02 | Dynamic Loss: 1.869e-02 | Regularization Loss: 1.509e-37 | Val Loss: 3.704e-02 | Active Proj %: 63.67 | Time: 9.23s
2025-08-21 04:41:13,158:INFO:Epoch: 30500/40000 | Train Loss: 1.764e-02 | Dynamic Loss: 1.764e-02 | Regularization Loss: 1.112e-37 | Val Loss: 2.640e-02 | Active Proj %: 48.49 | Time: 6.83s
2025-08-21 04:41:20,230:INFO:Epoch: 30550/40000 | Train Loss: 1.368e-02 | Dynamic Loss: 1.368e-02 | Regularization Loss: 1.003e-37 | Val Loss: 2.321e-02 | Active Proj %: 70.30 | Time: 6.96s
2025-08-21 04:41:27,211:INFO:Epoch: 30600/40000 | Train Loss: 1.618e-02 | Dynamic Loss: 1.618e-02 | Regularization Loss: 1.072e-37 | Val Loss: 2.405e-02 | Active Proj %: 58.63 | Time: 6.87s
2025-08-21 04:41:37,949:INFO:Epoch: 30650/40000 | Train Loss: 1.332e-02 | Dynamic Loss: 1.332e-02 | Regularization Loss: 1.142e-37 | Val Loss: 1.982e-02 | Active Proj %: 62.54 | Time: 10.63s
2025-08-21 04:41:44,941:INFO:Epoch: 30700/40000 | Train Loss: 2.118e-02 | Dynamic Loss: 2.118e-02 | Regularization Loss: 1.103e-37 | Val Loss: 2.408e-02 | Active Proj %: 64.51 | Time: 6.88s
2025-08-21 04:41:51,953:INFO:Epoch: 30750/40000 | Train Loss: 5.425e-02 | Dynamic Loss: 5.425e-02 | Regularization Loss: 7.909e-38 | Val Loss: 6.035e-02 | Active Proj %: 68.35 | Time: 6.90s
2025-08-21 04:41:59,026:INFO:Epoch: 30800/40000 | Train Loss: 1.072e-02 | Dynamic Loss: 1.072e-02 | Regularization Loss: 7.764e-38 | Val Loss: 1.782e-02 | Active Proj %: 66.94 | Time: 6.96s
2025-08-21 04:41:59,027:INFO:New best model found at epoch 30800 with validation loss 1.782e-02. Saving...
2025-08-21 04:42:10,890:INFO:Epoch: 30850/40000 | Train Loss: 4.697e-02 | Dynamic Loss: 4.697e-02 | Regularization Loss: 5.534e-38 | Val Loss: 7.093e-02 | Active Proj %: 53.04 | Time: 11.73s
2025-08-21 04:42:17,923:INFO:Epoch: 30900/40000 | Train Loss: 1.793e-02 | Dynamic Loss: 1.793e-02 | Regularization Loss: 5.355e-38 | Val Loss: 2.578e-02 | Active Proj %: 80.27 | Time: 6.92s
2025-08-21 04:42:24,989:INFO:Epoch: 30950/40000 | Train Loss: 3.757e-02 | Dynamic Loss: 3.757e-02 | Regularization Loss: 4.956e-38 | Val Loss: 4.194e-02 | Active Proj %: 63.75 | Time: 6.96s
2025-08-21 04:42:32,047:INFO:Epoch: 31000/40000 | Train Loss: 3.379e-02 | Dynamic Loss: 3.379e-02 | Regularization Loss: 4.902e-38 | Val Loss: 4.060e-02 | Active Proj %: 89.86 | Time: 6.95s
2025-08-21 04:42:43,032:INFO:Epoch: 31050/40000 | Train Loss: 1.723e-02 | Dynamic Loss: 1.723e-02 | Regularization Loss: 5.422e-38 | Val Loss: 4.112e-02 | Active Proj %: 82.57 | Time: 10.87s
2025-08-21 04:42:50,055:INFO:Epoch: 31100/40000 | Train Loss: 1.508e-02 | Dynamic Loss: 1.508e-02 | Regularization Loss: 5.073e-38 | Val Loss: 2.149e-02 | Active Proj %: 67.73 | Time: 6.91s
2025-08-21 04:42:57,103:INFO:Epoch: 31150/40000 | Train Loss: 3.035e-02 | Dynamic Loss: 3.035e-02 | Regularization Loss: 5.793e-38 | Val Loss: 3.144e-02 | Active Proj %: 90.55 | Time: 6.94s
2025-08-21 04:43:04,115:INFO:Epoch: 31200/40000 | Train Loss: 1.512e-02 | Dynamic Loss: 1.512e-02 | Regularization Loss: 4.961e-38 | Val Loss: 2.184e-02 | Active Proj %: 68.86 | Time: 6.90s
2025-08-21 04:43:18,334:INFO:Epoch: 31250/40000 | Train Loss: 2.126e-02 | Dynamic Loss: 2.126e-02 | Regularization Loss: 4.803e-38 | Val Loss: 2.430e-02 | Active Proj %: 61.61 | Time: 14.11s
2025-08-21 04:43:25,326:INFO:Epoch: 31300/40000 | Train Loss: 1.589e-02 | Dynamic Loss: 1.589e-02 | Regularization Loss: 4.555e-38 | Val Loss: 2.176e-02 | Active Proj %: 68.66 | Time: 6.88s
2025-08-21 04:43:32,323:INFO:Epoch: 31350/40000 | Train Loss: 3.229e-02 | Dynamic Loss: 3.229e-02 | Regularization Loss: 4.538e-38 | Val Loss: 4.988e-02 | Active Proj %: 75.61 | Time: 6.89s
2025-08-21 04:43:39,345:INFO:Epoch: 31400/40000 | Train Loss: 3.418e-02 | Dynamic Loss: 3.418e-02 | Regularization Loss: 3.795e-38 | Val Loss: 4.255e-02 | Active Proj %: 43.43 | Time: 6.91s
2025-08-21 04:43:51,478:INFO:Epoch: 31450/40000 | Train Loss: 1.927e-01 | Dynamic Loss: 1.927e-01 | Regularization Loss: 3.225e-38 | Val Loss: 1.691e-01 | Active Proj %: 8.86 | Time: 12.02s
2025-08-21 04:43:58,518:INFO:Epoch: 31500/40000 | Train Loss: 1.899e-02 | Dynamic Loss: 1.899e-02 | Regularization Loss: 2.531e-38 | Val Loss: 2.552e-02 | Active Proj %: 68.94 | Time: 6.93s
2025-08-21 04:44:05,541:INFO:Epoch: 31550/40000 | Train Loss: 4.238e-02 | Dynamic Loss: 4.238e-02 | Regularization Loss: 1.950e-38 | Val Loss: 4.670e-02 | Active Proj %: 43.21 | Time: 6.91s
2025-08-21 04:44:12,743:INFO:Epoch: 31600/40000 | Train Loss: 2.558e-02 | Dynamic Loss: 2.558e-02 | Regularization Loss: 2.008e-38 | Val Loss: 2.842e-02 | Active Proj %: 51.30 | Time: 7.09s
2025-08-21 04:44:19,785:INFO:Epoch: 31650/40000 | Train Loss: 1.665e-02 | Dynamic Loss: 1.665e-02 | Regularization Loss: 2.232e-38 | Val Loss: 2.351e-02 | Active Proj %: 71.30 | Time: 6.93s
2025-08-21 04:44:26,816:INFO:Epoch: 31700/40000 | Train Loss: 1.433e-02 | Dynamic Loss: 1.433e-02 | Regularization Loss: 2.361e-38 | Val Loss: 2.071e-02 | Active Proj %: 71.26 | Time: 6.92s
2025-08-21 04:44:33,862:INFO:Epoch: 31750/40000 | Train Loss: 1.213e-02 | Dynamic Loss: 1.213e-02 | Regularization Loss: 2.750e-38 | Val Loss: 1.886e-02 | Active Proj %: 63.47 | Time: 6.94s
2025-08-21 04:44:41,001:INFO:Epoch: 31800/40000 | Train Loss: 1.102e-02 | Dynamic Loss: 1.102e-02 | Regularization Loss: 2.820e-38 | Val Loss: 1.776e-02 | Active Proj %: 74.77 | Time: 7.03s
2025-08-21 04:44:41,001:INFO:New best model found at epoch 31800 with validation loss 1.776e-02. Saving...
2025-08-21 04:44:48,038:INFO:Epoch: 31850/40000 | Train Loss: 1.910e-02 | Dynamic Loss: 1.910e-02 | Regularization Loss: 3.128e-38 | Val Loss: 2.470e-02 | Active Proj %: 74.60 | Time: 6.91s
2025-08-21 04:44:55,036:INFO:Epoch: 31900/40000 | Train Loss: 7.520e-02 | Dynamic Loss: 7.520e-02 | Regularization Loss: 3.013e-38 | Val Loss: 7.844e-02 | Active Proj %: 54.41 | Time: 6.88s
2025-08-21 04:45:02,082:INFO:Epoch: 31950/40000 | Train Loss: 2.784e-02 | Dynamic Loss: 2.784e-02 | Regularization Loss: 2.651e-38 | Val Loss: 3.598e-02 | Active Proj %: 58.45 | Time: 6.94s
2025-08-21 04:45:11,451:INFO:Epoch: 32000/40000 | Train Loss: 2.696e-02 | Dynamic Loss: 2.696e-02 | Regularization Loss: 2.660e-38 | Val Loss: 3.345e-02 | Active Proj %: 62.06 | Time: 9.26s
2025-08-21 04:45:18,523:INFO:Epoch: 32050/40000 | Train Loss: 3.280e-02 | Dynamic Loss: 3.280e-02 | Regularization Loss: 2.389e-38 | Val Loss: 3.642e-02 | Active Proj %: 69.43 | Time: 6.96s
2025-08-21 04:45:25,499:INFO:Epoch: 32100/40000 | Train Loss: 1.215e-02 | Dynamic Loss: 1.215e-02 | Regularization Loss: 2.468e-38 | Val Loss: 1.844e-02 | Active Proj %: 78.33 | Time: 6.87s
2025-08-21 04:45:32,526:INFO:Epoch: 32150/40000 | Train Loss: 1.214e-02 | Dynamic Loss: 1.214e-02 | Regularization Loss: 1.545e-38 | Val Loss: 1.868e-02 | Active Proj %: 71.00 | Time: 6.91s
2025-08-21 04:45:46,824:INFO:Epoch: 32200/40000 | Train Loss: 2.416e-02 | Dynamic Loss: 2.416e-02 | Regularization Loss: 1.875e-38 | Val Loss: 3.024e-02 | Active Proj %: 77.30 | Time: 14.19s
2025-08-21 04:45:53,890:INFO:Epoch: 32250/40000 | Train Loss: 3.356e-02 | Dynamic Loss: 3.356e-02 | Regularization Loss: 1.471e-38 | Val Loss: 4.691e-02 | Active Proj %: 43.61 | Time: 6.95s
2025-08-21 04:46:00,963:INFO:Epoch: 32300/40000 | Train Loss: 1.072e-02 | Dynamic Loss: 1.072e-02 | Regularization Loss: 1.563e-38 | Val Loss: 1.758e-02 | Active Proj %: 67.73 | Time: 6.96s
2025-08-21 04:46:00,963:INFO:New best model found at epoch 32300 with validation loss 1.758e-02. Saving...
2025-08-21 04:46:08,006:INFO:Epoch: 32350/40000 | Train Loss: 1.002e-02 | Dynamic Loss: 1.002e-02 | Regularization Loss: 1.723e-38 | Val Loss: 1.684e-02 | Active Proj %: 71.19 | Time: 6.91s
2025-08-21 04:46:08,006:INFO:New best model found at epoch 32350 with validation loss 1.684e-02. Saving...
2025-08-21 04:46:19,478:INFO:Epoch: 32400/40000 | Train Loss: 2.419e-02 | Dynamic Loss: 2.419e-02 | Regularization Loss: 1.471e-38 | Val Loss: 3.163e-02 | Active Proj %: 64.85 | Time: 11.34s
2025-08-21 04:46:26,500:INFO:Epoch: 32450/40000 | Train Loss: 1.431e-02 | Dynamic Loss: 1.431e-02 | Regularization Loss: 1.513e-38 | Val Loss: 2.137e-02 | Active Proj %: 58.12 | Time: 6.91s
2025-08-21 04:46:33,484:INFO:Epoch: 32500/40000 | Train Loss: 1.653e-02 | Dynamic Loss: 1.653e-02 | Regularization Loss: 1.581e-38 | Val Loss: 2.409e-02 | Active Proj %: 79.17 | Time: 6.87s
2025-08-21 04:46:40,659:INFO:Epoch: 32550/40000 | Train Loss: 1.585e-02 | Dynamic Loss: 1.585e-02 | Regularization Loss: 1.520e-38 | Val Loss: 7.814e-02 | Active Proj %: 54.52 | Time: 7.06s
2025-08-21 04:46:47,699:INFO:Epoch: 32600/40000 | Train Loss: 1.347e-02 | Dynamic Loss: 1.347e-02 | Regularization Loss: 1.492e-38 | Val Loss: 1.888e-02 | Active Proj %: 74.51 | Time: 6.93s
2025-08-21 04:46:54,770:INFO:Epoch: 32650/40000 | Train Loss: 1.241e-02 | Dynamic Loss: 1.241e-02 | Regularization Loss: 1.542e-38 | Val Loss: 1.781e-02 | Active Proj %: 74.00 | Time: 6.96s
2025-08-21 04:47:01,811:INFO:Epoch: 32700/40000 | Train Loss: 2.450e-02 | Dynamic Loss: 2.450e-02 | Regularization Loss: 1.613e-38 | Val Loss: 3.330e-02 | Active Proj %: 53.62 | Time: 6.93s
2025-08-21 04:47:08,999:INFO:Epoch: 32750/40000 | Train Loss: 1.793e-02 | Dynamic Loss: 1.793e-02 | Regularization Loss: 1.384e-38 | Val Loss: 2.321e-02 | Active Proj %: 63.85 | Time: 7.07s
2025-08-21 04:47:16,018:INFO:Epoch: 32800/40000 | Train Loss: 1.252e-02 | Dynamic Loss: 1.252e-02 | Regularization Loss: 1.159e-38 | Val Loss: 1.937e-02 | Active Proj %: 69.12 | Time: 6.91s
2025-08-21 04:47:23,050:INFO:Epoch: 32850/40000 | Train Loss: 4.292e-02 | Dynamic Loss: 4.292e-02 | Regularization Loss: 1.031e-38 | Val Loss: 4.924e-02 | Active Proj %: 95.05 | Time: 6.92s
2025-08-21 04:47:30,108:INFO:Epoch: 32900/40000 | Train Loss: 1.677e-02 | Dynamic Loss: 1.677e-02 | Regularization Loss: 6.283e-39 | Val Loss: 2.366e-02 | Active Proj %: 62.80 | Time: 6.95s
2025-08-21 04:47:39,450:INFO:Epoch: 32950/40000 | Train Loss: 2.731e-02 | Dynamic Loss: 2.731e-02 | Regularization Loss: 7.544e-39 | Val Loss: 3.146e-02 | Active Proj %: 87.31 | Time: 9.23s
2025-08-21 04:47:46,496:INFO:Epoch: 33000/40000 | Train Loss: 1.453e-02 | Dynamic Loss: 1.453e-02 | Regularization Loss: 8.002e-39 | Val Loss: 2.028e-02 | Active Proj %: 71.97 | Time: 6.93s
2025-08-21 04:47:53,513:INFO:Epoch: 33050/40000 | Train Loss: 1.319e-02 | Dynamic Loss: 1.319e-02 | Regularization Loss: 7.251e-39 | Val Loss: 2.029e-02 | Active Proj %: 68.79 | Time: 6.90s
2025-08-21 04:48:00,585:INFO:Epoch: 33100/40000 | Train Loss: 5.770e-02 | Dynamic Loss: 5.770e-02 | Regularization Loss: 6.330e-39 | Val Loss: 5.550e-02 | Active Proj %: 58.14 | Time: 6.96s
2025-08-21 04:48:14,298:INFO:Epoch: 33150/40000 | Train Loss: 2.418e-02 | Dynamic Loss: 2.418e-02 | Regularization Loss: 5.984e-39 | Val Loss: 2.939e-02 | Active Proj %: 40.06 | Time: 13.60s
2025-08-21 04:48:21,286:INFO:Epoch: 33200/40000 | Train Loss: 3.363e-02 | Dynamic Loss: 3.363e-02 | Regularization Loss: 5.422e-39 | Val Loss: 6.205e-02 | Active Proj %: 62.04 | Time: 6.88s
2025-08-21 04:48:28,303:INFO:Epoch: 33250/40000 | Train Loss: 3.721e-02 | Dynamic Loss: 3.721e-02 | Regularization Loss: 6.087e-39 | Val Loss: 4.224e-02 | Active Proj %: 73.42 | Time: 6.91s
2025-08-21 04:48:35,312:INFO:Epoch: 33300/40000 | Train Loss: 1.884e-02 | Dynamic Loss: 1.884e-02 | Regularization Loss: 6.757e-39 | Val Loss: 2.573e-02 | Active Proj %: 74.05 | Time: 6.90s
2025-08-21 04:48:46,254:INFO:Epoch: 33350/40000 | Train Loss: 2.458e-02 | Dynamic Loss: 2.458e-02 | Regularization Loss: 7.311e-39 | Val Loss: 2.291e-02 | Active Proj %: 71.73 | Time: 10.83s
2025-08-21 04:48:53,284:INFO:Epoch: 33400/40000 | Train Loss: 1.031e-02 | Dynamic Loss: 1.031e-02 | Regularization Loss: 6.475e-39 | Val Loss: 1.686e-02 | Active Proj %: 68.05 | Time: 6.92s
2025-08-21 04:49:00,333:INFO:Epoch: 33450/40000 | Train Loss: 3.791e-02 | Dynamic Loss: 3.791e-02 | Regularization Loss: 4.446e-39 | Val Loss: 4.441e-02 | Active Proj %: 75.02 | Time: 6.94s
2025-08-21 04:49:07,348:INFO:Epoch: 33500/40000 | Train Loss: 1.029e-02 | Dynamic Loss: 1.029e-02 | Regularization Loss: 5.123e-39 | Val Loss: 1.721e-02 | Active Proj %: 66.28 | Time: 6.90s
2025-08-21 04:49:21,589:INFO:Epoch: 33550/40000 | Train Loss: 1.843e-02 | Dynamic Loss: 1.843e-02 | Regularization Loss: 5.738e-39 | Val Loss: 2.375e-02 | Active Proj %: 77.83 | Time: 14.13s
2025-08-21 04:49:28,689:INFO:Epoch: 33600/40000 | Train Loss: 2.302e-02 | Dynamic Loss: 2.302e-02 | Regularization Loss: 6.104e-39 | Val Loss: 2.515e-02 | Active Proj %: 80.25 | Time: 6.98s
2025-08-21 04:49:35,736:INFO:Epoch: 33650/40000 | Train Loss: 1.415e-02 | Dynamic Loss: 1.415e-02 | Regularization Loss: 5.372e-39 | Val Loss: 2.040e-02 | Active Proj %: 63.00 | Time: 6.93s
2025-08-21 04:49:42,760:INFO:Epoch: 33700/40000 | Train Loss: 1.099e-02 | Dynamic Loss: 1.099e-02 | Regularization Loss: 5.830e-39 | Val Loss: 1.744e-02 | Active Proj %: 63.44 | Time: 6.91s
2025-08-21 04:49:54,731:INFO:Epoch: 33750/40000 | Train Loss: 3.295e-02 | Dynamic Loss: 3.295e-02 | Regularization Loss: 5.377e-39 | Val Loss: 3.715e-02 | Active Proj %: 84.11 | Time: 11.85s
2025-08-21 04:50:01,815:INFO:Epoch: 33800/40000 | Train Loss: 9.225e-03 | Dynamic Loss: 9.225e-03 | Regularization Loss: 5.785e-39 | Val Loss: 1.580e-02 | Active Proj %: 71.55 | Time: 6.97s
2025-08-21 04:50:01,815:INFO:New best model found at epoch 33800 with validation loss 1.580e-02. Saving...
2025-08-21 04:50:08,852:INFO:Epoch: 33850/40000 | Train Loss: 9.472e-02 | Dynamic Loss: 9.472e-02 | Regularization Loss: 6.753e-39 | Val Loss: 7.256e-02 | Active Proj %: 67.73 | Time: 6.90s
2025-08-21 04:50:16,044:INFO:Epoch: 33900/40000 | Train Loss: 4.539e-02 | Dynamic Loss: 4.539e-02 | Regularization Loss: 3.095e-39 | Val Loss: 5.481e-02 | Active Proj %: 57.16 | Time: 7.08s
2025-08-21 04:50:23,084:INFO:Epoch: 33950/40000 | Train Loss: 1.752e-02 | Dynamic Loss: 1.752e-02 | Regularization Loss: 3.326e-39 | Val Loss: 2.420e-02 | Active Proj %: 84.34 | Time: 6.92s
2025-08-21 04:50:30,101:INFO:Epoch: 34000/40000 | Train Loss: 2.228e-02 | Dynamic Loss: 2.228e-02 | Regularization Loss: 2.842e-39 | Val Loss: 2.690e-02 | Active Proj %: 83.82 | Time: 6.90s
2025-08-21 04:50:37,095:INFO:Epoch: 34050/40000 | Train Loss: 1.152e-02 | Dynamic Loss: 1.152e-02 | Regularization Loss: 3.216e-39 | Val Loss: 1.810e-02 | Active Proj %: 79.66 | Time: 6.88s
2025-08-21 04:50:51,209:INFO:Epoch: 34100/40000 | Train Loss: 2.639e-02 | Dynamic Loss: 2.639e-02 | Regularization Loss: 3.612e-39 | Val Loss: 2.978e-02 | Active Proj %: 72.77 | Time: 14.00s
2025-08-21 04:50:58,314:INFO:Epoch: 34150/40000 | Train Loss: 1.990e-02 | Dynamic Loss: 1.990e-02 | Regularization Loss: 3.502e-39 | Val Loss: 2.406e-02 | Active Proj %: 45.16 | Time: 6.99s
2025-08-21 04:51:05,357:INFO:Epoch: 34200/40000 | Train Loss: 1.681e-02 | Dynamic Loss: 1.681e-02 | Regularization Loss: 3.798e-39 | Val Loss: 2.408e-02 | Active Proj %: 52.18 | Time: 6.93s
2025-08-21 04:51:12,367:INFO:Epoch: 34250/40000 | Train Loss: 1.901e-02 | Dynamic Loss: 1.901e-02 | Regularization Loss: 3.502e-39 | Val Loss: 2.574e-02 | Active Proj %: 59.06 | Time: 6.90s
2025-08-21 04:51:27,097:INFO:Epoch: 34300/40000 | Train Loss: 1.256e-02 | Dynamic Loss: 1.256e-02 | Regularization Loss: 3.351e-39 | Val Loss: 2.140e-02 | Active Proj %: 70.82 | Time: 14.61s
2025-08-21 04:51:34,179:INFO:Epoch: 34350/40000 | Train Loss: 1.509e-02 | Dynamic Loss: 1.509e-02 | Regularization Loss: 3.170e-39 | Val Loss: 2.098e-02 | Active Proj %: 85.51 | Time: 6.97s
2025-08-21 04:51:41,239:INFO:Epoch: 34400/40000 | Train Loss: 1.531e-02 | Dynamic Loss: 1.531e-02 | Regularization Loss: 3.027e-39 | Val Loss: 2.190e-02 | Active Proj %: 57.56 | Time: 6.94s
2025-08-21 04:51:48,315:INFO:Epoch: 34450/40000 | Train Loss: 1.254e-02 | Dynamic Loss: 1.254e-02 | Regularization Loss: 3.374e-39 | Val Loss: 1.934e-02 | Active Proj %: 65.51 | Time: 6.96s
2025-08-21 04:52:01,584:INFO:Epoch: 34500/40000 | Train Loss: 1.058e-02 | Dynamic Loss: 1.058e-02 | Regularization Loss: 3.605e-39 | Val Loss: 1.836e-02 | Active Proj %: 78.04 | Time: 13.16s
2025-08-21 04:52:08,613:INFO:Epoch: 34550/40000 | Train Loss: 1.305e-02 | Dynamic Loss: 1.305e-02 | Regularization Loss: 3.405e-39 | Val Loss: 1.927e-02 | Active Proj %: 69.81 | Time: 6.91s
2025-08-21 04:52:15,663:INFO:Epoch: 34600/40000 | Train Loss: 1.709e-02 | Dynamic Loss: 1.709e-02 | Regularization Loss: 2.544e-39 | Val Loss: 2.354e-02 | Active Proj %: 70.38 | Time: 6.94s
2025-08-21 04:52:22,776:INFO:Epoch: 34650/40000 | Train Loss: 9.774e-03 | Dynamic Loss: 9.774e-03 | Regularization Loss: 3.073e-39 | Val Loss: 1.621e-02 | Active Proj %: 64.85 | Time: 7.00s
2025-08-21 04:52:34,690:INFO:Epoch: 34700/40000 | Train Loss: 1.035e-02 | Dynamic Loss: 1.035e-02 | Regularization Loss: 3.438e-39 | Val Loss: 1.647e-02 | Active Proj %: 75.70 | Time: 11.80s
2025-08-21 04:52:41,703:INFO:Epoch: 34750/40000 | Train Loss: 2.327e-02 | Dynamic Loss: 2.327e-02 | Regularization Loss: 3.377e-39 | Val Loss: 2.931e-02 | Active Proj %: 79.33 | Time: 6.90s
2025-08-21 04:52:48,758:INFO:Epoch: 34800/40000 | Train Loss: 2.102e-02 | Dynamic Loss: 2.102e-02 | Regularization Loss: 3.466e-39 | Val Loss: 2.497e-02 | Active Proj %: 72.30 | Time: 6.94s
2025-08-21 04:52:55,912:INFO:Epoch: 34850/40000 | Train Loss: 1.225e-02 | Dynamic Loss: 1.225e-02 | Regularization Loss: 3.123e-39 | Val Loss: 1.990e-02 | Active Proj %: 52.62 | Time: 7.04s
2025-08-21 04:53:02,929:INFO:Epoch: 34900/40000 | Train Loss: 9.648e-03 | Dynamic Loss: 9.648e-03 | Regularization Loss: 3.227e-39 | Val Loss: 1.618e-02 | Active Proj %: 56.18 | Time: 6.90s
2025-08-21 04:53:09,963:INFO:Epoch: 34950/40000 | Train Loss: 1.174e-02 | Dynamic Loss: 1.174e-02 | Regularization Loss: 2.748e-39 | Val Loss: 1.789e-02 | Active Proj %: 76.78 | Time: 6.92s
2025-08-21 04:53:16,956:INFO:Epoch: 35000/40000 | Train Loss: 4.260e-02 | Dynamic Loss: 4.260e-02 | Regularization Loss: 3.166e-39 | Val Loss: 3.975e-02 | Active Proj %: 67.50 | Time: 6.88s
2025-08-21 04:53:31,055:INFO:Epoch: 35050/40000 | Train Loss: 1.143e-02 | Dynamic Loss: 1.143e-02 | Regularization Loss: 3.560e-39 | Val Loss: 1.769e-02 | Active Proj %: 63.62 | Time: 13.98s
2025-08-21 04:53:38,110:INFO:Epoch: 35100/40000 | Train Loss: 9.402e-03 | Dynamic Loss: 9.402e-03 | Regularization Loss: 3.669e-39 | Val Loss: 1.581e-02 | Active Proj %: 75.92 | Time: 6.94s
2025-08-21 04:53:45,149:INFO:Epoch: 35150/40000 | Train Loss: 3.540e-02 | Dynamic Loss: 3.540e-02 | Regularization Loss: 3.215e-39 | Val Loss: 3.091e-02 | Active Proj %: 66.46 | Time: 6.92s
2025-08-21 04:53:52,221:INFO:Epoch: 35200/40000 | Train Loss: 1.200e-02 | Dynamic Loss: 1.200e-02 | Regularization Loss: 2.945e-39 | Val Loss: 1.678e-02 | Active Proj %: 69.52 | Time: 6.95s
2025-08-21 04:54:03,908:INFO:Epoch: 35250/40000 | Train Loss: 1.239e-02 | Dynamic Loss: 1.239e-02 | Regularization Loss: 3.023e-39 | Val Loss: 1.649e-02 | Active Proj %: 75.01 | Time: 11.57s
2025-08-21 04:54:10,946:INFO:Epoch: 35300/40000 | Train Loss: 3.273e-02 | Dynamic Loss: 3.273e-02 | Regularization Loss: 2.901e-39 | Val Loss: 3.802e-02 | Active Proj %: 39.88 | Time: 6.92s
2025-08-21 04:54:18,032:INFO:Epoch: 35350/40000 | Train Loss: 1.004e-02 | Dynamic Loss: 1.004e-02 | Regularization Loss: 3.156e-39 | Val Loss: 1.577e-02 | Active Proj %: 77.65 | Time: 6.97s
2025-08-21 04:54:18,032:INFO:New best model found at epoch 35350 with validation loss 1.577e-02. Saving...
2025-08-21 04:54:25,234:INFO:Epoch: 35400/40000 | Train Loss: 1.066e-02 | Dynamic Loss: 1.066e-02 | Regularization Loss: 3.219e-39 | Val Loss: 4.028e-02 | Active Proj %: 54.01 | Time: 7.07s
2025-08-21 04:54:32,260:INFO:Epoch: 35450/40000 | Train Loss: 1.582e-02 | Dynamic Loss: 1.582e-02 | Regularization Loss: 3.563e-39 | Val Loss: 2.783e-02 | Active Proj %: 70.43 | Time: 6.91s
2025-08-21 04:54:39,334:INFO:Epoch: 35500/40000 | Train Loss: 4.929e-02 | Dynamic Loss: 4.929e-02 | Regularization Loss: 3.494e-39 | Val Loss: 4.607e-02 | Active Proj %: 66.70 | Time: 6.96s
2025-08-21 04:54:46,394:INFO:Epoch: 35550/40000 | Train Loss: 1.255e-02 | Dynamic Loss: 1.255e-02 | Regularization Loss: 2.907e-39 | Val Loss: 1.916e-02 | Active Proj %: 67.59 | Time: 6.95s
2025-08-21 04:55:00,589:INFO:Epoch: 35600/40000 | Train Loss: 7.880e-02 | Dynamic Loss: 7.880e-02 | Regularization Loss: 2.310e-39 | Val Loss: 7.902e-02 | Active Proj %: 77.69 | Time: 14.08s
2025-08-21 04:55:07,676:INFO:Epoch: 35650/40000 | Train Loss: 1.460e-02 | Dynamic Loss: 1.460e-02 | Regularization Loss: 2.159e-39 | Val Loss: 2.110e-02 | Active Proj %: 45.01 | Time: 6.97s
2025-08-21 04:55:14,704:INFO:Epoch: 35700/40000 | Train Loss: 2.570e-02 | Dynamic Loss: 2.570e-02 | Regularization Loss: 2.425e-39 | Val Loss: 3.588e-02 | Active Proj %: 51.40 | Time: 6.91s
2025-08-21 04:55:21,739:INFO:Epoch: 35750/40000 | Train Loss: 2.257e-02 | Dynamic Loss: 2.257e-02 | Regularization Loss: 2.151e-39 | Val Loss: 2.635e-02 | Active Proj %: 92.59 | Time: 6.92s
2025-08-21 04:55:32,809:INFO:Epoch: 35800/40000 | Train Loss: 3.020e-02 | Dynamic Loss: 3.020e-02 | Regularization Loss: 2.214e-39 | Val Loss: 3.389e-02 | Active Proj %: 71.33 | Time: 10.95s
2025-08-21 04:55:39,938:INFO:Epoch: 35850/40000 | Train Loss: 1.318e-02 | Dynamic Loss: 1.318e-02 | Regularization Loss: 1.830e-39 | Val Loss: 1.976e-02 | Active Proj %: 67.10 | Time: 7.01s
2025-08-21 04:55:47,014:INFO:Epoch: 35900/40000 | Train Loss: 8.257e-03 | Dynamic Loss: 8.257e-03 | Regularization Loss: 1.902e-39 | Val Loss: 1.476e-02 | Active Proj %: 69.78 | Time: 6.96s
2025-08-21 04:55:47,015:INFO:New best model found at epoch 35900 with validation loss 1.476e-02. Saving...
2025-08-21 04:55:54,229:INFO:Epoch: 35950/40000 | Train Loss: 1.362e-02 | Dynamic Loss: 1.362e-02 | Regularization Loss: 1.627e-39 | Val Loss: 1.939e-02 | Active Proj %: 77.11 | Time: 7.08s
2025-08-21 04:56:01,263:INFO:Epoch: 36000/40000 | Train Loss: 1.237e-02 | Dynamic Loss: 1.237e-02 | Regularization Loss: 1.906e-39 | Val Loss: 1.797e-02 | Active Proj %: 70.11 | Time: 6.92s
2025-08-21 04:56:08,300:INFO:Epoch: 36050/40000 | Train Loss: 1.354e-02 | Dynamic Loss: 1.354e-02 | Regularization Loss: 2.371e-39 | Val Loss: 1.978e-02 | Active Proj %: 81.21 | Time: 6.92s
2025-08-21 04:56:15,387:INFO:Epoch: 36100/40000 | Train Loss: 1.143e-02 | Dynamic Loss: 1.143e-02 | Regularization Loss: 2.462e-39 | Val Loss: 1.626e-02 | Active Proj %: 72.85 | Time: 6.97s
2025-08-21 04:56:23,709:INFO:Epoch: 36150/40000 | Train Loss: 1.006e-02 | Dynamic Loss: 1.006e-02 | Regularization Loss: 2.427e-39 | Val Loss: 1.667e-02 | Active Proj %: 43.36 | Time: 8.21s
2025-08-21 04:56:30,815:INFO:Epoch: 36200/40000 | Train Loss: 1.712e-02 | Dynamic Loss: 1.712e-02 | Regularization Loss: 2.615e-39 | Val Loss: 2.471e-02 | Active Proj %: 68.86 | Time: 6.99s
2025-08-21 04:56:37,845:INFO:Epoch: 36250/40000 | Train Loss: 1.294e-02 | Dynamic Loss: 1.294e-02 | Regularization Loss: 2.984e-39 | Val Loss: 1.738e-02 | Active Proj %: 74.60 | Time: 6.92s
2025-08-21 04:56:44,869:INFO:Epoch: 36300/40000 | Train Loss: 1.678e-02 | Dynamic Loss: 1.678e-02 | Regularization Loss: 2.832e-39 | Val Loss: 2.013e-02 | Active Proj %: 75.40 | Time: 6.91s
2025-08-21 04:56:52,917:INFO:Epoch: 36350/40000 | Train Loss: 9.098e-03 | Dynamic Loss: 9.098e-03 | Regularization Loss: 2.235e-39 | Val Loss: 1.479e-02 | Active Proj %: 83.11 | Time: 7.93s
2025-08-21 04:56:59,897:INFO:Epoch: 36400/40000 | Train Loss: 8.863e-02 | Dynamic Loss: 8.863e-02 | Regularization Loss: 1.886e-39 | Val Loss: 8.418e-02 | Active Proj %: 66.04 | Time: 6.86s
2025-08-21 04:57:06,923:INFO:Epoch: 36450/40000 | Train Loss: 4.686e-02 | Dynamic Loss: 4.686e-02 | Regularization Loss: 9.642e-40 | Val Loss: 5.365e-02 | Active Proj %: 38.50 | Time: 6.91s
2025-08-21 04:57:13,965:INFO:Epoch: 36500/40000 | Train Loss: 1.949e-02 | Dynamic Loss: 1.949e-02 | Regularization Loss: 1.123e-39 | Val Loss: 2.482e-02 | Active Proj %: 77.77 | Time: 6.93s
2025-08-21 04:57:28,974:INFO:Epoch: 36550/40000 | Train Loss: 9.827e-02 | Dynamic Loss: 9.827e-02 | Regularization Loss: 7.351e-40 | Val Loss: 9.194e-02 | Active Proj %: 74.13 | Time: 14.89s
2025-08-21 04:57:36,077:INFO:Epoch: 36600/40000 | Train Loss: 6.684e-02 | Dynamic Loss: 6.684e-02 | Regularization Loss: 6.039e-40 | Val Loss: 6.966e-02 | Active Proj %: 21.71 | Time: 6.99s
2025-08-21 04:57:43,345:INFO:Epoch: 36650/40000 | Train Loss: 1.946e-02 | Dynamic Loss: 1.946e-02 | Regularization Loss: 5.531e-40 | Val Loss: 2.646e-02 | Active Proj %: 70.52 | Time: 7.15s
2025-08-21 04:57:50,347:INFO:Epoch: 36700/40000 | Train Loss: 1.501e-02 | Dynamic Loss: 1.501e-02 | Regularization Loss: 6.560e-40 | Val Loss: 2.239e-02 | Active Proj %: 75.08 | Time: 6.89s
2025-08-21 04:58:05,703:INFO:Epoch: 36750/40000 | Train Loss: 1.754e-02 | Dynamic Loss: 1.754e-02 | Regularization Loss: 7.975e-40 | Val Loss: 2.331e-02 | Active Proj %: 80.66 | Time: 15.24s
2025-08-21 04:58:12,730:INFO:Epoch: 36800/40000 | Train Loss: 2.086e-02 | Dynamic Loss: 2.086e-02 | Regularization Loss: 9.153e-40 | Val Loss: 2.821e-02 | Active Proj %: 85.31 | Time: 6.91s
2025-08-21 04:58:19,726:INFO:Epoch: 36850/40000 | Train Loss: 1.594e-02 | Dynamic Loss: 1.594e-02 | Regularization Loss: 9.203e-40 | Val Loss: 2.114e-02 | Active Proj %: 49.98 | Time: 6.88s
2025-08-21 04:58:26,839:INFO:Epoch: 36900/40000 | Train Loss: 7.721e-02 | Dynamic Loss: 7.721e-02 | Regularization Loss: 9.884e-40 | Val Loss: 8.198e-02 | Active Proj %: 44.85 | Time: 7.00s
2025-08-21 04:58:33,843:INFO:Epoch: 36950/40000 | Train Loss: 7.403e-01 | Dynamic Loss: 7.403e-01 | Regularization Loss: 1.065e-39 | Val Loss: 7.706e-01 | Active Proj %: 87.97 | Time: 6.89s
2025-08-21 04:58:40,940:INFO:Epoch: 37000/40000 | Train Loss: 1.627e-02 | Dynamic Loss: 1.627e-02 | Regularization Loss: 7.973e-40 | Val Loss: 2.326e-02 | Active Proj %: 63.66 | Time: 6.98s
2025-08-21 04:58:48,013:INFO:Epoch: 37050/40000 | Train Loss: 1.544e-02 | Dynamic Loss: 1.544e-02 | Regularization Loss: 8.346e-40 | Val Loss: 2.106e-02 | Active Proj %: 60.73 | Time: 6.96s
2025-08-21 04:58:55,082:INFO:Epoch: 37100/40000 | Train Loss: 9.179e-03 | Dynamic Loss: 9.179e-03 | Regularization Loss: 9.125e-40 | Val Loss: 1.573e-02 | Active Proj %: 67.90 | Time: 6.95s
2025-08-21 04:59:10,455:INFO:Epoch: 37150/40000 | Train Loss: 2.173e-02 | Dynamic Loss: 2.173e-02 | Regularization Loss: 1.006e-39 | Val Loss: 2.515e-02 | Active Proj %: 59.40 | Time: 15.26s
2025-08-21 04:59:17,461:INFO:Epoch: 37200/40000 | Train Loss: 1.115e-02 | Dynamic Loss: 1.115e-02 | Regularization Loss: 9.394e-40 | Val Loss: 1.746e-02 | Active Proj %: 75.47 | Time: 6.89s
2025-08-21 04:59:24,514:INFO:Epoch: 37250/40000 | Train Loss: 8.494e-03 | Dynamic Loss: 8.494e-03 | Regularization Loss: 9.588e-40 | Val Loss: 1.450e-02 | Active Proj %: 73.58 | Time: 6.94s
2025-08-21 04:59:24,514:INFO:New best model found at epoch 37250 with validation loss 1.450e-02. Saving...
2025-08-21 04:59:31,523:INFO:Epoch: 37300/40000 | Train Loss: 1.570e-01 | Dynamic Loss: 1.570e-01 | Regularization Loss: 7.942e-40 | Val Loss: 1.317e-01 | Active Proj %: 73.87 | Time: 6.87s
2025-08-21 04:59:45,074:INFO:Epoch: 37350/40000 | Train Loss: 1.038e-02 | Dynamic Loss: 1.038e-02 | Regularization Loss: 7.401e-40 | Val Loss: 1.695e-02 | Active Proj %: 65.84 | Time: 13.44s
2025-08-21 04:59:52,142:INFO:Epoch: 37400/40000 | Train Loss: 1.264e-02 | Dynamic Loss: 1.264e-02 | Regularization Loss: 7.238e-40 | Val Loss: 1.856e-02 | Active Proj %: 68.99 | Time: 6.95s
2025-08-21 04:59:59,196:INFO:Epoch: 37450/40000 | Train Loss: 4.708e-02 | Dynamic Loss: 4.708e-02 | Regularization Loss: 7.247e-40 | Val Loss: 4.812e-02 | Active Proj %: 32.92 | Time: 6.94s
2025-08-21 05:00:06,265:INFO:Epoch: 37500/40000 | Train Loss: 1.604e-02 | Dynamic Loss: 1.604e-02 | Regularization Loss: 5.565e-40 | Val Loss: 2.032e-02 | Active Proj %: 72.88 | Time: 6.95s
2025-08-21 05:00:19,877:INFO:Epoch: 37550/40000 | Train Loss: 1.042e-02 | Dynamic Loss: 1.042e-02 | Regularization Loss: 6.395e-40 | Val Loss: 1.604e-02 | Active Proj %: 84.95 | Time: 13.49s
2025-08-21 05:00:26,884:INFO:Epoch: 37600/40000 | Train Loss: 1.054e-02 | Dynamic Loss: 1.054e-02 | Regularization Loss: 5.787e-40 | Val Loss: 1.619e-02 | Active Proj %: 83.41 | Time: 6.89s
2025-08-21 05:00:33,880:INFO:Epoch: 37650/40000 | Train Loss: 1.391e-02 | Dynamic Loss: 1.391e-02 | Regularization Loss: 6.050e-40 | Val Loss: 1.970e-02 | Active Proj %: 75.60 | Time: 6.88s
2025-08-21 05:00:40,882:INFO:Epoch: 37700/40000 | Train Loss: 9.756e-03 | Dynamic Loss: 9.756e-03 | Regularization Loss: 6.435e-40 | Val Loss: 1.590e-02 | Active Proj %: 75.59 | Time: 6.89s
2025-08-21 05:00:54,300:INFO:Epoch: 37750/40000 | Train Loss: 3.448e-02 | Dynamic Loss: 3.448e-02 | Regularization Loss: 6.378e-40 | Val Loss: 3.625e-02 | Active Proj %: 50.11 | Time: 13.30s
2025-08-21 05:01:01,349:INFO:Epoch: 37800/40000 | Train Loss: 8.723e-03 | Dynamic Loss: 8.723e-03 | Regularization Loss: 6.914e-40 | Val Loss: 1.478e-02 | Active Proj %: 65.30 | Time: 6.93s
2025-08-21 05:01:08,385:INFO:Epoch: 37850/40000 | Train Loss: 1.624e-02 | Dynamic Loss: 1.624e-02 | Regularization Loss: 6.136e-40 | Val Loss: 6.956e-02 | Active Proj %: 64.30 | Time: 6.92s
2025-08-21 05:01:15,486:INFO:Epoch: 37900/40000 | Train Loss: 1.521e-02 | Dynamic Loss: 1.521e-02 | Regularization Loss: 5.090e-40 | Val Loss: 2.138e-02 | Active Proj %: 80.07 | Time: 6.98s
2025-08-21 05:01:27,647:INFO:Epoch: 37950/40000 | Train Loss: 7.994e-03 | Dynamic Loss: 7.994e-03 | Regularization Loss: 5.216e-40 | Val Loss: 1.420e-02 | Active Proj %: 71.80 | Time: 12.04s
2025-08-21 05:01:27,647:INFO:New best model found at epoch 37950 with validation loss 1.420e-02. Saving...
2025-08-21 05:01:34,710:INFO:Epoch: 38000/40000 | Train Loss: 1.984e-02 | Dynamic Loss: 1.984e-02 | Regularization Loss: 5.673e-40 | Val Loss: 3.028e-02 | Active Proj %: 68.28 | Time: 6.93s
2025-08-21 05:01:41,735:INFO:Epoch: 38050/40000 | Train Loss: 1.321e-02 | Dynamic Loss: 1.321e-02 | Regularization Loss: 5.098e-40 | Val Loss: 1.822e-02 | Active Proj %: 64.69 | Time: 6.91s
2025-08-21 05:01:48,819:INFO:Epoch: 38100/40000 | Train Loss: 1.503e-02 | Dynamic Loss: 1.503e-02 | Regularization Loss: 5.771e-40 | Val Loss: 1.973e-02 | Active Proj %: 76.60 | Time: 6.97s
2025-08-21 05:01:55,812:INFO:Epoch: 38150/40000 | Train Loss: 1.062e-02 | Dynamic Loss: 1.062e-02 | Regularization Loss: 5.666e-40 | Val Loss: 1.617e-02 | Active Proj %: 69.32 | Time: 6.88s
2025-08-21 05:02:02,791:INFO:Epoch: 38200/40000 | Train Loss: 1.310e-02 | Dynamic Loss: 1.310e-02 | Regularization Loss: 5.013e-40 | Val Loss: 2.038e-02 | Active Proj %: 40.19 | Time: 6.86s
2025-08-21 05:02:09,783:INFO:Epoch: 38250/40000 | Train Loss: 9.227e-03 | Dynamic Loss: 9.227e-03 | Regularization Loss: 4.571e-40 | Val Loss: 1.575e-02 | Active Proj %: 71.15 | Time: 6.87s
2025-08-21 05:02:23,681:INFO:Epoch: 38300/40000 | Train Loss: 3.007e-02 | Dynamic Loss: 3.007e-02 | Regularization Loss: 4.975e-40 | Val Loss: 3.503e-02 | Active Proj %: 77.15 | Time: 13.78s
2025-08-21 05:02:30,718:INFO:Epoch: 38350/40000 | Train Loss: 1.677e-02 | Dynamic Loss: 1.677e-02 | Regularization Loss: 4.185e-40 | Val Loss: 2.222e-02 | Active Proj %: 78.65 | Time: 6.91s
2025-08-21 05:02:37,845:INFO:Epoch: 38400/40000 | Train Loss: 7.951e-03 | Dynamic Loss: 7.951e-03 | Regularization Loss: 4.528e-40 | Val Loss: 1.390e-02 | Active Proj %: 72.64 | Time: 7.01s
2025-08-21 05:02:37,845:INFO:New best model found at epoch 38400 with validation loss 1.390e-02. Saving...
2025-08-21 05:02:44,880:INFO:Epoch: 38450/40000 | Train Loss: 1.481e-02 | Dynamic Loss: 1.481e-02 | Regularization Loss: 5.055e-40 | Val Loss: 1.796e-02 | Active Proj %: 79.87 | Time: 6.90s
2025-08-21 05:02:59,683:INFO:Epoch: 38500/40000 | Train Loss: 1.425e-02 | Dynamic Loss: 1.425e-02 | Regularization Loss: 5.422e-40 | Val Loss: 2.118e-02 | Active Proj %: 73.78 | Time: 14.68s
2025-08-21 05:03:06,816:INFO:Epoch: 38550/40000 | Train Loss: 1.366e-02 | Dynamic Loss: 1.366e-02 | Regularization Loss: 4.471e-40 | Val Loss: 1.896e-02 | Active Proj %: 48.36 | Time: 7.01s
2025-08-21 05:03:13,906:INFO:Epoch: 38600/40000 | Train Loss: 1.768e-02 | Dynamic Loss: 1.768e-02 | Regularization Loss: 4.024e-40 | Val Loss: 2.141e-02 | Active Proj %: 48.84 | Time: 6.97s
2025-08-21 05:03:20,979:INFO:Epoch: 38650/40000 | Train Loss: 1.391e-02 | Dynamic Loss: 1.391e-02 | Regularization Loss: 4.405e-40 | Val Loss: 1.973e-02 | Active Proj %: 84.74 | Time: 6.96s
2025-08-21 05:03:33,590:INFO:Epoch: 38700/40000 | Train Loss: 8.420e-03 | Dynamic Loss: 8.420e-03 | Regularization Loss: 3.079e-40 | Val Loss: 1.414e-02 | Active Proj %: 73.95 | Time: 12.49s
2025-08-21 05:03:40,581:INFO:Epoch: 38750/40000 | Train Loss: 2.662e-02 | Dynamic Loss: 2.662e-02 | Regularization Loss: 3.318e-40 | Val Loss: 3.358e-02 | Active Proj %: 87.46 | Time: 6.87s
2025-08-21 05:03:47,564:INFO:Epoch: 38800/40000 | Train Loss: 1.104e-02 | Dynamic Loss: 1.104e-02 | Regularization Loss: 3.499e-40 | Val Loss: 1.582e-02 | Active Proj %: 71.84 | Time: 6.87s
2025-08-21 05:03:54,639:INFO:Epoch: 38850/40000 | Train Loss: 9.108e-03 | Dynamic Loss: 9.108e-03 | Regularization Loss: 3.414e-40 | Val Loss: 1.494e-02 | Active Proj %: 64.05 | Time: 6.96s
2025-08-21 05:04:01,594:INFO:Epoch: 38900/40000 | Train Loss: 8.164e-03 | Dynamic Loss: 8.164e-03 | Regularization Loss: 3.088e-40 | Val Loss: 1.424e-02 | Active Proj %: 66.41 | Time: 6.84s
2025-08-21 05:04:08,573:INFO:Epoch: 38950/40000 | Train Loss: 5.986e-03 | Dynamic Loss: 5.986e-03 | Regularization Loss: 3.549e-40 | Val Loss: 1.195e-02 | Active Proj %: 75.57 | Time: 6.86s
2025-08-21 05:04:08,573:INFO:New best model found at epoch 38950 with validation loss 1.195e-02. Saving...
2025-08-21 05:04:15,623:INFO:Epoch: 39000/40000 | Train Loss: 8.261e-03 | Dynamic Loss: 8.261e-03 | Regularization Loss: 3.600e-40 | Val Loss: 1.376e-02 | Active Proj %: 76.19 | Time: 6.91s
2025-08-21 05:04:23,004:INFO:Epoch: 39050/40000 | Train Loss: 2.254e-02 | Dynamic Loss: 2.254e-02 | Regularization Loss: 3.230e-40 | Val Loss: 2.726e-02 | Active Proj %: 83.17 | Time: 7.26s
2025-08-21 05:04:30,101:INFO:Epoch: 39100/40000 | Train Loss: 3.372e-02 | Dynamic Loss: 3.372e-02 | Regularization Loss: 2.730e-40 | Val Loss: 3.826e-02 | Active Proj %: 56.86 | Time: 6.98s
2025-08-21 05:04:37,160:INFO:Epoch: 39150/40000 | Train Loss: 1.852e-02 | Dynamic Loss: 1.852e-02 | Regularization Loss: 2.249e-40 | Val Loss: 2.355e-02 | Active Proj %: 62.31 | Time: 6.94s
2025-08-21 05:04:44,277:INFO:Epoch: 39200/40000 | Train Loss: 7.977e-03 | Dynamic Loss: 7.977e-03 | Regularization Loss: 2.514e-40 | Val Loss: 1.471e-02 | Active Proj %: 73.26 | Time: 6.87s
2025-08-21 05:04:51,288:INFO:Epoch: 39250/40000 | Train Loss: 6.813e-03 | Dynamic Loss: 6.813e-03 | Regularization Loss: 2.776e-40 | Val Loss: 1.261e-02 | Active Proj %: 65.69 | Time: 6.89s
2025-08-21 05:04:58,340:INFO:Epoch: 39300/40000 | Train Loss: 1.039e-02 | Dynamic Loss: 1.039e-02 | Regularization Loss: 2.922e-40 | Val Loss: 1.949e-02 | Active Proj %: 66.73 | Time: 6.93s
2025-08-21 05:05:05,455:INFO:Epoch: 39350/40000 | Train Loss: 8.300e-03 | Dynamic Loss: 8.300e-03 | Regularization Loss: 2.449e-40 | Val Loss: 1.384e-02 | Active Proj %: 76.02 | Time: 7.00s
2025-08-21 05:05:17,492:INFO:Epoch: 39400/40000 | Train Loss: 6.010e-03 | Dynamic Loss: 6.010e-03 | Regularization Loss: 2.496e-40 | Val Loss: 1.228e-02 | Active Proj %: 72.21 | Time: 11.92s
2025-08-21 05:05:24,614:INFO:Epoch: 39450/40000 | Train Loss: 2.247e-02 | Dynamic Loss: 2.247e-02 | Regularization Loss: 2.797e-40 | Val Loss: 2.655e-02 | Active Proj %: 86.99 | Time: 7.00s
2025-08-21 05:05:31,654:INFO:Epoch: 39500/40000 | Train Loss: 3.300e-02 | Dynamic Loss: 3.300e-02 | Regularization Loss: 3.091e-40 | Val Loss: 3.717e-02 | Active Proj %: 88.75 | Time: 6.92s
2025-08-21 05:05:38,745:INFO:Epoch: 39550/40000 | Train Loss: 2.377e-02 | Dynamic Loss: 2.377e-02 | Regularization Loss: 2.661e-40 | Val Loss: 5.978e-02 | Active Proj %: 34.59 | Time: 6.97s
2025-08-21 05:05:53,038:INFO:Epoch: 39600/40000 | Train Loss: 2.584e-02 | Dynamic Loss: 2.584e-02 | Regularization Loss: 2.480e-40 | Val Loss: 2.980e-02 | Active Proj %: 60.25 | Time: 14.18s
2025-08-21 05:06:00,064:INFO:Epoch: 39650/40000 | Train Loss: 5.904e-03 | Dynamic Loss: 5.904e-03 | Regularization Loss: 2.849e-40 | Val Loss: 1.205e-02 | Active Proj %: 70.66 | Time: 6.90s
2025-08-21 05:06:07,106:INFO:Epoch: 39700/40000 | Train Loss: 1.490e-02 | Dynamic Loss: 1.490e-02 | Regularization Loss: 2.213e-40 | Val Loss: 2.027e-02 | Active Proj %: 63.77 | Time: 6.92s
2025-08-21 05:06:14,186:INFO:Epoch: 39750/40000 | Train Loss: 1.099e-02 | Dynamic Loss: 1.099e-02 | Regularization Loss: 2.330e-40 | Val Loss: 1.716e-02 | Active Proj %: 59.35 | Time: 6.95s
2025-08-21 05:06:22,214:INFO:Epoch: 39800/40000 | Train Loss: 1.473e-02 | Dynamic Loss: 1.473e-02 | Regularization Loss: 2.652e-40 | Val Loss: 1.935e-02 | Active Proj %: 85.49 | Time: 7.91s
2025-08-21 05:06:30,225:INFO:Epoch: 39850/40000 | Train Loss: 1.060e-02 | Dynamic Loss: 1.060e-02 | Regularization Loss: 2.693e-40 | Val Loss: 1.679e-02 | Active Proj %: 68.97 | Time: 7.89s
2025-08-21 05:06:37,295:INFO:Epoch: 39900/40000 | Train Loss: 1.682e-02 | Dynamic Loss: 1.682e-02 | Regularization Loss: 2.572e-40 | Val Loss: 2.577e-02 | Active Proj %: 65.11 | Time: 6.95s
2025-08-21 05:06:44,355:INFO:Epoch: 39950/40000 | Train Loss: 1.183e-02 | Dynamic Loss: 1.183e-02 | Regularization Loss: 2.553e-40 | Val Loss: 1.698e-02 | Active Proj %: 67.61 | Time: 6.94s
2025-08-21 05:06:54,579:INFO:Epoch: 40000/40000 | Train Loss: 6.746e-03 | Dynamic Loss: 6.746e-03 | Regularization Loss: 2.510e-40 | Val Loss: 1.280e-02 | Active Proj %: 70.30 | Time: 10.10s
