2025-08-20 15:43:53,878:INFO:Created DataLoaders with 5994 training samples and 1998 validation samples.
2025-08-20 15:43:54,496:INFO:model params: 2512001
2025-08-20 15:43:54,496:INFO:removing projection layer after initialization
2025-08-20 15:43:55,425:INFO:Epoch: 0/40000 | Train Loss: 2.813e+00 | Dynamic Loss: 2.813e+00 | Regularization Loss: 0.000e+00 | Val Loss: 2.507e+00 | Time: 0.93s
2025-08-20 15:43:55,425:INFO:New best model found at epoch 0 with validation loss 2.507e+00. Saving...
2025-08-20 15:44:03,804:INFO:Epoch: 50/40000 | Train Loss: 1.807e+00 | Dynamic Loss: 1.807e+00 | Regularization Loss: 0.000e+00 | Val Loss: 1.800e+00 | Time: 8.34s
2025-08-20 15:44:03,804:INFO:New best model found at epoch 50 with validation loss 1.800e+00. Saving...
2025-08-20 15:44:12,327:INFO:Epoch: 100/40000 | Train Loss: 1.730e+00 | Dynamic Loss: 1.730e+00 | Regularization Loss: 0.000e+00 | Val Loss: 1.775e+00 | Time: 8.50s
2025-08-20 15:44:12,327:INFO:New best model found at epoch 100 with validation loss 1.775e+00. Saving...
2025-08-20 15:44:20,806:INFO:Epoch: 150/40000 | Train Loss: 1.650e+00 | Dynamic Loss: 1.650e+00 | Regularization Loss: 0.000e+00 | Val Loss: 1.692e+00 | Time: 8.46s
2025-08-20 15:44:20,806:INFO:New best model found at epoch 150 with validation loss 1.692e+00. Saving...
2025-08-20 15:44:29,251:INFO:Epoch: 200/40000 | Train Loss: 1.611e+00 | Dynamic Loss: 1.611e+00 | Regularization Loss: 0.000e+00 | Val Loss: 1.660e+00 | Time: 8.42s
2025-08-20 15:44:29,251:INFO:New best model found at epoch 200 with validation loss 1.660e+00. Saving...
2025-08-20 15:44:37,751:INFO:Epoch: 250/40000 | Train Loss: 1.578e+00 | Dynamic Loss: 1.578e+00 | Regularization Loss: 0.000e+00 | Val Loss: 1.631e+00 | Time: 8.48s
2025-08-20 15:44:37,751:INFO:New best model found at epoch 250 with validation loss 1.631e+00. Saving...
2025-08-20 15:44:54,050:INFO:Epoch: 300/40000 | Train Loss: 1.536e+00 | Dynamic Loss: 1.536e+00 | Regularization Loss: 0.000e+00 | Val Loss: 1.590e+00 | Time: 16.28s
2025-08-20 15:44:54,050:INFO:New best model found at epoch 300 with validation loss 1.590e+00. Saving...
2025-08-20 15:45:02,606:INFO:Epoch: 350/40000 | Train Loss: 1.495e+00 | Dynamic Loss: 1.495e+00 | Regularization Loss: 0.000e+00 | Val Loss: 1.549e+00 | Time: 8.54s
2025-08-20 15:45:02,606:INFO:New best model found at epoch 350 with validation loss 1.549e+00. Saving...
2025-08-20 15:45:11,247:INFO:Epoch: 400/40000 | Train Loss: 1.417e+00 | Dynamic Loss: 1.417e+00 | Regularization Loss: 0.000e+00 | Val Loss: 1.464e+00 | Time: 8.62s
2025-08-20 15:45:11,247:INFO:New best model found at epoch 400 with validation loss 1.464e+00. Saving...
2025-08-20 15:45:19,789:INFO:Epoch: 450/40000 | Train Loss: 1.368e+00 | Dynamic Loss: 1.368e+00 | Regularization Loss: 0.000e+00 | Val Loss: 1.422e+00 | Time: 8.52s
2025-08-20 15:45:19,789:INFO:New best model found at epoch 450 with validation loss 1.422e+00. Saving...
2025-08-20 15:45:28,468:INFO:Epoch: 500/40000 | Train Loss: 1.382e+00 | Dynamic Loss: 1.382e+00 | Regularization Loss: 0.000e+00 | Val Loss: 1.294e+00 | Time: 8.66s
2025-08-20 15:45:28,468:INFO:New best model found at epoch 500 with validation loss 1.294e+00. Saving...
2025-08-20 15:45:37,105:INFO:Epoch: 550/40000 | Train Loss: 1.185e+00 | Dynamic Loss: 1.185e+00 | Regularization Loss: 0.000e+00 | Val Loss: 1.237e+00 | Time: 8.62s
2025-08-20 15:45:37,106:INFO:New best model found at epoch 550 with validation loss 1.237e+00. Saving...
2025-08-20 15:45:45,698:INFO:Epoch: 600/40000 | Train Loss: 1.309e+00 | Dynamic Loss: 1.309e+00 | Regularization Loss: 0.000e+00 | Val Loss: 1.234e+00 | Time: 8.57s
2025-08-20 15:45:45,698:INFO:New best model found at epoch 600 with validation loss 1.234e+00. Saving...
2025-08-20 15:46:01,848:INFO:Epoch: 650/40000 | Train Loss: 1.481e+00 | Dynamic Loss: 1.481e+00 | Regularization Loss: 0.000e+00 | Val Loss: 3.191e+00 | Time: 16.13s
2025-08-20 15:46:10,346:INFO:Epoch: 700/40000 | Train Loss: 9.752e-01 | Dynamic Loss: 9.752e-01 | Regularization Loss: 0.000e+00 | Val Loss: 1.047e+00 | Time: 8.50s
2025-08-20 15:46:10,346:INFO:New best model found at epoch 700 with validation loss 1.047e+00. Saving...
2025-08-20 15:46:18,830:INFO:Epoch: 750/40000 | Train Loss: 9.745e-01 | Dynamic Loss: 9.745e-01 | Regularization Loss: 0.000e+00 | Val Loss: 1.054e+00 | Time: 8.46s
2025-08-20 15:46:35,230:INFO:Epoch: 800/40000 | Train Loss: 9.761e-01 | Dynamic Loss: 9.761e-01 | Regularization Loss: 0.000e+00 | Val Loss: 1.054e+00 | Time: 16.40s
2025-08-20 15:46:43,780:INFO:Epoch: 850/40000 | Train Loss: 8.837e-01 | Dynamic Loss: 8.837e-01 | Regularization Loss: 0.000e+00 | Val Loss: 9.638e-01 | Time: 8.55s
2025-08-20 15:46:43,780:INFO:New best model found at epoch 850 with validation loss 9.638e-01. Saving...
2025-08-20 15:46:52,429:INFO:Epoch: 900/40000 | Train Loss: 8.118e-01 | Dynamic Loss: 8.118e-01 | Regularization Loss: 0.000e+00 | Val Loss: 8.927e-01 | Time: 8.62s
2025-08-20 15:46:52,429:INFO:New best model found at epoch 900 with validation loss 8.927e-01. Saving...
2025-08-20 15:47:01,067:INFO:Epoch: 950/40000 | Train Loss: 8.104e-01 | Dynamic Loss: 8.104e-01 | Regularization Loss: 0.000e+00 | Val Loss: 8.961e-01 | Time: 8.62s
2025-08-20 15:47:09,548:INFO:Epoch: 1000/40000 | Train Loss: 7.885e-01 | Dynamic Loss: 7.885e-01 | Regularization Loss: 0.000e+00 | Val Loss: 8.766e-01 | Time: 8.48s
2025-08-20 15:47:09,548:INFO:New best model found at epoch 1000 with validation loss 8.766e-01. Saving...
2025-08-20 15:47:18,210:INFO:Epoch: 1050/40000 | Train Loss: 6.938e-01 | Dynamic Loss: 6.938e-01 | Regularization Loss: 0.000e+00 | Val Loss: 7.729e-01 | Time: 8.64s
2025-08-20 15:47:18,211:INFO:New best model found at epoch 1050 with validation loss 7.729e-01. Saving...
2025-08-20 15:47:26,878:INFO:Epoch: 1100/40000 | Train Loss: 8.033e-01 | Dynamic Loss: 8.033e-01 | Regularization Loss: 0.000e+00 | Val Loss: 8.572e-01 | Time: 8.65s
2025-08-20 15:47:35,392:INFO:Epoch: 1150/40000 | Train Loss: 6.862e-01 | Dynamic Loss: 6.862e-01 | Regularization Loss: 0.000e+00 | Val Loss: 7.555e-01 | Time: 8.51s
2025-08-20 15:47:35,392:INFO:New best model found at epoch 1150 with validation loss 7.555e-01. Saving...
2025-08-20 15:47:43,957:INFO:Epoch: 1200/40000 | Train Loss: 6.202e-01 | Dynamic Loss: 6.202e-01 | Regularization Loss: 0.000e+00 | Val Loss: 6.927e-01 | Time: 8.54s
2025-08-20 15:47:43,957:INFO:New best model found at epoch 1200 with validation loss 6.927e-01. Saving...
2025-08-20 15:47:52,707:INFO:Epoch: 1250/40000 | Train Loss: 5.967e-01 | Dynamic Loss: 5.967e-01 | Regularization Loss: 0.000e+00 | Val Loss: 6.743e-01 | Time: 8.73s
2025-08-20 15:47:52,707:INFO:New best model found at epoch 1250 with validation loss 6.743e-01. Saving...
2025-08-20 15:48:01,292:INFO:Epoch: 1300/40000 | Train Loss: 5.902e-01 | Dynamic Loss: 5.902e-01 | Regularization Loss: 0.000e+00 | Val Loss: 6.674e-01 | Time: 8.56s
2025-08-20 15:48:01,293:INFO:New best model found at epoch 1300 with validation loss 6.674e-01. Saving...
2025-08-20 15:48:09,943:INFO:Epoch: 1350/40000 | Train Loss: 5.653e-01 | Dynamic Loss: 5.653e-01 | Regularization Loss: 0.000e+00 | Val Loss: 6.374e-01 | Time: 8.63s
2025-08-20 15:48:09,943:INFO:New best model found at epoch 1350 with validation loss 6.374e-01. Saving...
2025-08-20 15:48:18,602:INFO:Epoch: 1400/40000 | Train Loss: 5.798e-01 | Dynamic Loss: 5.798e-01 | Regularization Loss: 0.000e+00 | Val Loss: 6.520e-01 | Time: 8.64s
2025-08-20 15:48:34,856:INFO:Epoch: 1450/40000 | Train Loss: 5.214e-01 | Dynamic Loss: 5.214e-01 | Regularization Loss: 0.000e+00 | Val Loss: 5.948e-01 | Time: 16.25s
2025-08-20 15:48:34,856:INFO:New best model found at epoch 1450 with validation loss 5.948e-01. Saving...
2025-08-20 15:48:43,453:INFO:Epoch: 1500/40000 | Train Loss: 5.400e-01 | Dynamic Loss: 5.400e-01 | Regularization Loss: 0.000e+00 | Val Loss: 6.111e-01 | Time: 8.58s
2025-08-20 15:48:51,979:INFO:Epoch: 1550/40000 | Train Loss: 5.634e-01 | Dynamic Loss: 5.634e-01 | Regularization Loss: 0.000e+00 | Val Loss: 6.334e-01 | Time: 8.53s
2025-08-20 15:49:02,179:INFO:Epoch: 1600/40000 | Train Loss: 4.860e-01 | Dynamic Loss: 4.860e-01 | Regularization Loss: 0.000e+00 | Val Loss: 5.502e-01 | Time: 10.20s
2025-08-20 15:49:02,179:INFO:New best model found at epoch 1600 with validation loss 5.502e-01. Saving...
2025-08-20 15:49:10,845:INFO:Epoch: 1650/40000 | Train Loss: 4.749e-01 | Dynamic Loss: 4.749e-01 | Regularization Loss: 0.000e+00 | Val Loss: 5.439e-01 | Time: 8.65s
2025-08-20 15:49:10,845:INFO:New best model found at epoch 1650 with validation loss 5.439e-01. Saving...
2025-08-20 15:49:19,581:INFO:Epoch: 1700/40000 | Train Loss: 4.505e-01 | Dynamic Loss: 4.505e-01 | Regularization Loss: 0.000e+00 | Val Loss: 5.172e-01 | Time: 8.72s
2025-08-20 15:49:19,581:INFO:New best model found at epoch 1700 with validation loss 5.172e-01. Saving...
2025-08-20 15:49:28,290:INFO:Epoch: 1750/40000 | Train Loss: 5.392e-01 | Dynamic Loss: 5.392e-01 | Regularization Loss: 0.000e+00 | Val Loss: 6.863e-01 | Time: 8.69s
2025-08-20 15:49:36,894:INFO:Epoch: 1800/40000 | Train Loss: 4.700e-01 | Dynamic Loss: 4.700e-01 | Regularization Loss: 0.000e+00 | Val Loss: 5.348e-01 | Time: 8.60s
2025-08-20 15:49:45,582:INFO:Epoch: 1850/40000 | Train Loss: 7.089e-01 | Dynamic Loss: 7.089e-01 | Regularization Loss: 0.000e+00 | Val Loss: 8.218e-01 | Time: 8.69s
2025-08-20 15:49:54,145:INFO:Epoch: 1900/40000 | Train Loss: 4.032e-01 | Dynamic Loss: 4.032e-01 | Regularization Loss: 0.000e+00 | Val Loss: 4.717e-01 | Time: 8.56s
2025-08-20 15:49:54,145:INFO:New best model found at epoch 1900 with validation loss 4.717e-01. Saving...
2025-08-20 15:50:10,539:INFO:Epoch: 1950/40000 | Train Loss: 5.899e-01 | Dynamic Loss: 5.899e-01 | Regularization Loss: 0.000e+00 | Val Loss: 6.009e-01 | Time: 16.36s
2025-08-20 15:50:19,244:INFO:Epoch: 2000/40000 | Train Loss: 4.201e-01 | Dynamic Loss: 4.201e-01 | Regularization Loss: 0.000e+00 | Val Loss: 4.785e-01 | Time: 8.70s
2025-08-20 15:50:27,844:INFO:Epoch: 2050/40000 | Train Loss: 4.248e-01 | Dynamic Loss: 4.248e-01 | Regularization Loss: 0.000e+00 | Val Loss: 4.791e-01 | Time: 8.60s
2025-08-20 15:50:36,406:INFO:Epoch: 2100/40000 | Train Loss: 3.663e-01 | Dynamic Loss: 3.663e-01 | Regularization Loss: 0.000e+00 | Val Loss: 4.289e-01 | Time: 8.56s
2025-08-20 15:50:36,406:INFO:New best model found at epoch 2100 with validation loss 4.289e-01. Saving...
2025-08-20 15:50:44,972:INFO:Epoch: 2150/40000 | Train Loss: 3.698e-01 | Dynamic Loss: 3.698e-01 | Regularization Loss: 0.000e+00 | Val Loss: 4.244e-01 | Time: 8.55s
2025-08-20 15:50:44,972:INFO:New best model found at epoch 2150 with validation loss 4.244e-01. Saving...
2025-08-20 15:50:53,604:INFO:Epoch: 2200/40000 | Train Loss: 3.786e-01 | Dynamic Loss: 3.786e-01 | Regularization Loss: 0.000e+00 | Val Loss: 4.237e-01 | Time: 8.61s
2025-08-20 15:50:53,604:INFO:New best model found at epoch 2200 with validation loss 4.237e-01. Saving...
2025-08-20 15:51:10,050:INFO:Epoch: 2250/40000 | Train Loss: 3.902e-01 | Dynamic Loss: 3.902e-01 | Regularization Loss: 0.000e+00 | Val Loss: 4.357e-01 | Time: 16.43s
2025-08-20 15:51:18,736:INFO:Epoch: 2300/40000 | Train Loss: 5.223e-01 | Dynamic Loss: 5.223e-01 | Regularization Loss: 0.000e+00 | Val Loss: 6.044e-01 | Time: 8.69s
2025-08-20 15:51:27,282:INFO:Epoch: 2350/40000 | Train Loss: 3.468e-01 | Dynamic Loss: 3.468e-01 | Regularization Loss: 0.000e+00 | Val Loss: 4.078e-01 | Time: 8.55s
2025-08-20 15:51:27,282:INFO:New best model found at epoch 2350 with validation loss 4.078e-01. Saving...
2025-08-20 15:51:35,987:INFO:Epoch: 2400/40000 | Train Loss: 4.366e-01 | Dynamic Loss: 4.366e-01 | Regularization Loss: 0.000e+00 | Val Loss: 3.956e-01 | Time: 8.69s
2025-08-20 15:51:35,987:INFO:New best model found at epoch 2400 with validation loss 3.956e-01. Saving...
2025-08-20 15:51:44,624:INFO:Epoch: 2450/40000 | Train Loss: 3.099e-01 | Dynamic Loss: 3.099e-01 | Regularization Loss: 0.000e+00 | Val Loss: 3.689e-01 | Time: 8.62s
2025-08-20 15:51:44,624:INFO:New best model found at epoch 2450 with validation loss 3.689e-01. Saving...
2025-08-20 15:51:53,397:INFO:Epoch: 2500/40000 | Train Loss: 5.029e-01 | Dynamic Loss: 5.029e-01 | Regularization Loss: 0.000e+00 | Val Loss: 4.463e-01 | Time: 8.75s
2025-08-20 15:52:02,039:INFO:Epoch: 2550/40000 | Train Loss: 3.000e-01 | Dynamic Loss: 3.000e-01 | Regularization Loss: 0.000e+00 | Val Loss: 3.615e-01 | Time: 8.64s
2025-08-20 15:52:02,039:INFO:New best model found at epoch 2550 with validation loss 3.615e-01. Saving...
2025-08-20 15:52:18,677:INFO:Epoch: 2600/40000 | Train Loss: 5.375e-01 | Dynamic Loss: 5.375e-01 | Regularization Loss: 0.000e+00 | Val Loss: 5.601e-01 | Time: 16.62s
2025-08-20 15:52:27,287:INFO:Epoch: 2650/40000 | Train Loss: 2.912e-01 | Dynamic Loss: 2.912e-01 | Regularization Loss: 0.000e+00 | Val Loss: 3.381e-01 | Time: 8.61s
2025-08-20 15:52:27,287:INFO:New best model found at epoch 2650 with validation loss 3.381e-01. Saving...
2025-08-20 15:52:35,993:INFO:Epoch: 2700/40000 | Train Loss: 2.640e-01 | Dynamic Loss: 2.640e-01 | Regularization Loss: 0.000e+00 | Val Loss: 3.253e-01 | Time: 8.69s
2025-08-20 15:52:35,993:INFO:New best model found at epoch 2700 with validation loss 3.253e-01. Saving...
2025-08-20 15:52:52,534:INFO:Epoch: 2750/40000 | Train Loss: 2.689e-01 | Dynamic Loss: 2.689e-01 | Regularization Loss: 0.000e+00 | Val Loss: 3.246e-01 | Time: 16.52s
2025-08-20 15:52:52,534:INFO:New best model found at epoch 2750 with validation loss 3.246e-01. Saving...
2025-08-20 15:53:01,105:INFO:Epoch: 2800/40000 | Train Loss: 3.440e-01 | Dynamic Loss: 3.440e-01 | Regularization Loss: 0.000e+00 | Val Loss: 4.048e-01 | Time: 8.55s
2025-08-20 15:53:09,842:INFO:Epoch: 2850/40000 | Train Loss: 2.506e-01 | Dynamic Loss: 2.506e-01 | Regularization Loss: 0.000e+00 | Val Loss: 3.281e-01 | Time: 8.74s
2025-08-20 15:53:18,518:INFO:Epoch: 2900/40000 | Train Loss: 2.419e-01 | Dynamic Loss: 2.419e-01 | Regularization Loss: 0.000e+00 | Val Loss: 3.002e-01 | Time: 8.68s
2025-08-20 15:53:18,518:INFO:New best model found at epoch 2900 with validation loss 3.002e-01. Saving...
2025-08-20 15:53:27,068:INFO:Epoch: 2950/40000 | Train Loss: 3.383e-01 | Dynamic Loss: 3.383e-01 | Regularization Loss: 0.000e+00 | Val Loss: 3.455e-01 | Time: 8.53s
2025-08-20 15:53:35,624:INFO:Epoch: 3000/40000 | Train Loss: 7.405e-01 | Dynamic Loss: 7.405e-01 | Regularization Loss: 0.000e+00 | Val Loss: 6.303e-01 | Time: 8.56s
2025-08-20 15:53:44,361:INFO:Epoch: 3050/40000 | Train Loss: 2.174e-01 | Dynamic Loss: 2.174e-01 | Regularization Loss: 0.000e+00 | Val Loss: 2.745e-01 | Time: 8.74s
2025-08-20 15:53:44,361:INFO:New best model found at epoch 3050 with validation loss 2.745e-01. Saving...
2025-08-20 15:53:52,999:INFO:Epoch: 3100/40000 | Train Loss: 2.616e-01 | Dynamic Loss: 2.616e-01 | Regularization Loss: 0.000e+00 | Val Loss: 3.215e-01 | Time: 8.62s
2025-08-20 15:54:01,580:INFO:Epoch: 3150/40000 | Train Loss: 2.175e-01 | Dynamic Loss: 2.175e-01 | Regularization Loss: 0.000e+00 | Val Loss: 2.694e-01 | Time: 8.58s
2025-08-20 15:54:01,580:INFO:New best model found at epoch 3150 with validation loss 2.694e-01. Saving...
2025-08-20 15:54:10,309:INFO:Epoch: 3200/40000 | Train Loss: 2.505e-01 | Dynamic Loss: 2.505e-01 | Regularization Loss: 0.000e+00 | Val Loss: 3.172e-01 | Time: 8.71s
2025-08-20 15:54:18,828:INFO:Epoch: 3250/40000 | Train Loss: 2.452e-01 | Dynamic Loss: 2.452e-01 | Regularization Loss: 0.000e+00 | Val Loss: 2.996e-01 | Time: 8.52s
2025-08-20 15:54:27,363:INFO:Epoch: 3300/40000 | Train Loss: 2.415e-01 | Dynamic Loss: 2.415e-01 | Regularization Loss: 0.000e+00 | Val Loss: 2.690e-01 | Time: 8.53s
2025-08-20 15:54:27,363:INFO:New best model found at epoch 3300 with validation loss 2.690e-01. Saving...
2025-08-20 15:54:36,125:INFO:Epoch: 3350/40000 | Train Loss: 2.227e-01 | Dynamic Loss: 2.227e-01 | Regularization Loss: 0.000e+00 | Val Loss: 2.828e-01 | Time: 8.74s
2025-08-20 15:54:52,441:INFO:Epoch: 3400/40000 | Train Loss: 2.195e-01 | Dynamic Loss: 2.195e-01 | Regularization Loss: 0.000e+00 | Val Loss: 3.282e-01 | Time: 16.32s
2025-08-20 15:55:01,067:INFO:Epoch: 3450/40000 | Train Loss: 1.844e-01 | Dynamic Loss: 1.844e-01 | Regularization Loss: 0.000e+00 | Val Loss: 2.353e-01 | Time: 8.63s
2025-08-20 15:55:01,068:INFO:New best model found at epoch 3450 with validation loss 2.353e-01. Saving...
2025-08-20 15:55:09,750:INFO:Epoch: 3500/40000 | Train Loss: 1.884e-01 | Dynamic Loss: 1.884e-01 | Regularization Loss: 0.000e+00 | Val Loss: 2.340e-01 | Time: 8.66s
2025-08-20 15:55:09,750:INFO:New best model found at epoch 3500 with validation loss 2.340e-01. Saving...
2025-08-20 15:55:18,447:INFO:Epoch: 3550/40000 | Train Loss: 1.924e-01 | Dynamic Loss: 1.924e-01 | Regularization Loss: 0.000e+00 | Val Loss: 2.505e-01 | Time: 8.68s
2025-08-20 15:55:26,984:INFO:Epoch: 3600/40000 | Train Loss: 4.014e-01 | Dynamic Loss: 4.014e-01 | Regularization Loss: 0.000e+00 | Val Loss: 3.856e-01 | Time: 8.54s
2025-08-20 15:55:35,630:INFO:Epoch: 3650/40000 | Train Loss: 1.631e-01 | Dynamic Loss: 1.631e-01 | Regularization Loss: 0.000e+00 | Val Loss: 2.128e-01 | Time: 8.65s
2025-08-20 15:55:35,630:INFO:New best model found at epoch 3650 with validation loss 2.128e-01. Saving...
2025-08-20 15:55:44,510:INFO:Epoch: 3700/40000 | Train Loss: 2.590e-01 | Dynamic Loss: 2.590e-01 | Regularization Loss: 0.000e+00 | Val Loss: 2.691e-01 | Time: 8.86s
2025-08-20 15:55:52,987:INFO:Epoch: 3750/40000 | Train Loss: 1.645e-01 | Dynamic Loss: 1.645e-01 | Regularization Loss: 0.000e+00 | Val Loss: 2.101e-01 | Time: 8.48s
2025-08-20 15:55:52,987:INFO:New best model found at epoch 3750 with validation loss 2.101e-01. Saving...
2025-08-20 15:56:01,669:INFO:Epoch: 3800/40000 | Train Loss: 1.767e-01 | Dynamic Loss: 1.767e-01 | Regularization Loss: 0.000e+00 | Val Loss: 2.481e-01 | Time: 8.66s
2025-08-20 15:56:10,370:INFO:Epoch: 3850/40000 | Train Loss: 1.534e-01 | Dynamic Loss: 1.534e-01 | Regularization Loss: 0.000e+00 | Val Loss: 2.000e-01 | Time: 8.70s
2025-08-20 15:56:10,370:INFO:New best model found at epoch 3850 with validation loss 2.000e-01. Saving...
2025-08-20 15:56:18,902:INFO:Epoch: 3900/40000 | Train Loss: 2.001e-01 | Dynamic Loss: 2.001e-01 | Regularization Loss: 0.000e+00 | Val Loss: 2.113e-01 | Time: 8.51s
2025-08-20 15:56:27,582:INFO:Epoch: 3950/40000 | Train Loss: 1.558e-01 | Dynamic Loss: 1.558e-01 | Regularization Loss: 0.000e+00 | Val Loss: 2.041e-01 | Time: 8.68s
2025-08-20 15:56:36,135:INFO:Epoch: 4000/40000 | Train Loss: 1.457e-01 | Dynamic Loss: 1.457e-01 | Regularization Loss: 0.000e+00 | Val Loss: 1.950e-01 | Time: 8.55s
2025-08-20 15:56:36,135:INFO:New best model found at epoch 4000 with validation loss 1.950e-01. Saving...
2025-08-20 15:56:52,839:INFO:Epoch: 4050/40000 | Train Loss: 1.450e-01 | Dynamic Loss: 1.450e-01 | Regularization Loss: 0.000e+00 | Val Loss: 1.872e-01 | Time: 16.68s
2025-08-20 15:56:52,839:INFO:New best model found at epoch 4050 with validation loss 1.872e-01. Saving...
2025-08-20 15:57:01,524:INFO:Epoch: 4100/40000 | Train Loss: 1.430e-01 | Dynamic Loss: 1.430e-01 | Regularization Loss: 0.000e+00 | Val Loss: 1.855e-01 | Time: 8.67s
2025-08-20 15:57:01,525:INFO:New best model found at epoch 4100 with validation loss 1.855e-01. Saving...
2025-08-20 15:57:10,390:INFO:Epoch: 4150/40000 | Train Loss: 1.485e-01 | Dynamic Loss: 1.485e-01 | Regularization Loss: 0.000e+00 | Val Loss: 1.867e-01 | Time: 8.84s
2025-08-20 15:57:19,235:INFO:Epoch: 4200/40000 | Train Loss: 2.144e-01 | Dynamic Loss: 2.144e-01 | Regularization Loss: 0.000e+00 | Val Loss: 2.046e-01 | Time: 8.84s
2025-08-20 15:57:27,859:INFO:Epoch: 4250/40000 | Train Loss: 9.639e-01 | Dynamic Loss: 9.639e-01 | Regularization Loss: 0.000e+00 | Val Loss: 9.623e-01 | Time: 8.62s
2025-08-20 15:57:36,461:INFO:Epoch: 4300/40000 | Train Loss: 1.769e-01 | Dynamic Loss: 1.769e-01 | Regularization Loss: 0.000e+00 | Val Loss: 2.276e-01 | Time: 8.60s
2025-08-20 15:57:45,066:INFO:Epoch: 4350/40000 | Train Loss: 1.427e-01 | Dynamic Loss: 1.427e-01 | Regularization Loss: 0.000e+00 | Val Loss: 1.893e-01 | Time: 8.60s
2025-08-20 15:58:01,491:INFO:Epoch: 4400/40000 | Train Loss: 1.398e-01 | Dynamic Loss: 1.398e-01 | Regularization Loss: 0.000e+00 | Val Loss: 1.837e-01 | Time: 16.43s
2025-08-20 15:58:01,491:INFO:New best model found at epoch 4400 with validation loss 1.837e-01. Saving...
2025-08-20 15:58:10,084:INFO:Epoch: 4450/40000 | Train Loss: 1.998e-01 | Dynamic Loss: 1.998e-01 | Regularization Loss: 0.000e+00 | Val Loss: 2.767e-01 | Time: 8.57s
2025-08-20 15:58:18,663:INFO:Epoch: 4500/40000 | Train Loss: 1.378e-01 | Dynamic Loss: 1.378e-01 | Regularization Loss: 0.000e+00 | Val Loss: 1.786e-01 | Time: 8.58s
2025-08-20 15:58:18,663:INFO:New best model found at epoch 4500 with validation loss 1.786e-01. Saving...
2025-08-20 15:58:27,318:INFO:Epoch: 4550/40000 | Train Loss: 1.308e-01 | Dynamic Loss: 1.308e-01 | Regularization Loss: 0.000e+00 | Val Loss: 1.724e-01 | Time: 8.63s
2025-08-20 15:58:27,318:INFO:New best model found at epoch 4550 with validation loss 1.724e-01. Saving...
2025-08-20 15:58:36,064:INFO:Epoch: 4600/40000 | Train Loss: 1.221e-01 | Dynamic Loss: 1.221e-01 | Regularization Loss: 0.000e+00 | Val Loss: 1.637e-01 | Time: 8.73s
2025-08-20 15:58:36,064:INFO:New best model found at epoch 4600 with validation loss 1.637e-01. Saving...
2025-08-20 15:58:44,663:INFO:Epoch: 4650/40000 | Train Loss: 1.240e-01 | Dynamic Loss: 1.240e-01 | Regularization Loss: 0.000e+00 | Val Loss: 1.656e-01 | Time: 8.58s
2025-08-20 15:58:53,372:INFO:Epoch: 4700/40000 | Train Loss: 1.219e-01 | Dynamic Loss: 1.219e-01 | Regularization Loss: 0.000e+00 | Val Loss: 1.649e-01 | Time: 8.71s
2025-08-20 15:59:09,994:INFO:Epoch: 4750/40000 | Train Loss: 6.364e-01 | Dynamic Loss: 6.364e-01 | Regularization Loss: 0.000e+00 | Val Loss: 2.235e-01 | Time: 16.62s
2025-08-20 15:59:18,760:INFO:Epoch: 4800/40000 | Train Loss: 1.173e-01 | Dynamic Loss: 1.173e-01 | Regularization Loss: 0.000e+00 | Val Loss: 1.605e-01 | Time: 8.77s
2025-08-20 15:59:18,760:INFO:New best model found at epoch 4800 with validation loss 1.605e-01. Saving...
2025-08-20 15:59:27,468:INFO:Epoch: 4850/40000 | Train Loss: 1.288e-01 | Dynamic Loss: 1.288e-01 | Regularization Loss: 0.000e+00 | Val Loss: 1.706e-01 | Time: 8.69s
2025-08-20 15:59:36,055:INFO:Epoch: 4900/40000 | Train Loss: 1.156e-01 | Dynamic Loss: 1.156e-01 | Regularization Loss: 0.000e+00 | Val Loss: 1.576e-01 | Time: 8.59s
2025-08-20 15:59:36,055:INFO:New best model found at epoch 4900 with validation loss 1.576e-01. Saving...
2025-08-20 15:59:53,340:INFO:Epoch: 4950/40000 | Train Loss: 1.405e-01 | Dynamic Loss: 1.405e-01 | Regularization Loss: 0.000e+00 | Val Loss: 1.869e-01 | Time: 17.27s
2025-08-20 16:00:01,982:INFO:Epoch: 5000/40000 | Train Loss: 2.245e-01 | Dynamic Loss: 2.245e-01 | Regularization Loss: 0.000e+00 | Val Loss: 2.312e-01 | Time: 8.64s
2025-08-20 16:00:10,638:INFO:Epoch: 5050/40000 | Train Loss: 1.338e-01 | Dynamic Loss: 1.338e-01 | Regularization Loss: 0.000e+00 | Val Loss: 1.666e-01 | Time: 8.65s
2025-08-20 16:00:21,250:INFO:Epoch: 5100/40000 | Train Loss: 1.176e-01 | Dynamic Loss: 1.176e-01 | Regularization Loss: 0.000e+00 | Val Loss: 1.632e-01 | Time: 10.61s
2025-08-20 16:00:29,866:INFO:Epoch: 5150/40000 | Train Loss: 1.688e-01 | Dynamic Loss: 1.688e-01 | Regularization Loss: 0.000e+00 | Val Loss: 2.018e-01 | Time: 8.62s
2025-08-20 16:00:38,448:INFO:Epoch: 5200/40000 | Train Loss: 1.149e-01 | Dynamic Loss: 1.149e-01 | Regularization Loss: 0.000e+00 | Val Loss: 1.557e-01 | Time: 8.58s
2025-08-20 16:00:38,448:INFO:New best model found at epoch 5200 with validation loss 1.557e-01. Saving...
2025-08-20 16:00:55,192:INFO:Epoch: 5250/40000 | Train Loss: 1.301e-01 | Dynamic Loss: 1.301e-01 | Regularization Loss: 0.000e+00 | Val Loss: 1.668e-01 | Time: 16.72s
2025-08-20 16:01:03,817:INFO:Epoch: 5300/40000 | Train Loss: 1.106e-01 | Dynamic Loss: 1.106e-01 | Regularization Loss: 0.000e+00 | Val Loss: 1.500e-01 | Time: 8.62s
2025-08-20 16:01:03,817:INFO:New best model found at epoch 5300 with validation loss 1.500e-01. Saving...
2025-08-20 16:01:12,486:INFO:Epoch: 5350/40000 | Train Loss: 1.195e-01 | Dynamic Loss: 1.195e-01 | Regularization Loss: 0.000e+00 | Val Loss: 1.554e-01 | Time: 8.65s
2025-08-20 16:01:29,283:INFO:Epoch: 5400/40000 | Train Loss: 1.214e-01 | Dynamic Loss: 1.214e-01 | Regularization Loss: 0.000e+00 | Val Loss: 1.697e-01 | Time: 16.80s
2025-08-20 16:01:38,069:INFO:Epoch: 5450/40000 | Train Loss: 1.030e-01 | Dynamic Loss: 1.030e-01 | Regularization Loss: 0.000e+00 | Val Loss: 1.378e-01 | Time: 8.79s
2025-08-20 16:01:38,070:INFO:New best model found at epoch 5450 with validation loss 1.378e-01. Saving...
2025-08-20 16:01:46,795:INFO:Epoch: 5500/40000 | Train Loss: 1.454e-01 | Dynamic Loss: 1.454e-01 | Regularization Loss: 0.000e+00 | Val Loss: 1.992e-01 | Time: 8.70s
2025-08-20 16:01:55,652:INFO:Epoch: 5550/40000 | Train Loss: 1.012e-01 | Dynamic Loss: 1.012e-01 | Regularization Loss: 0.000e+00 | Val Loss: 1.420e-01 | Time: 8.86s
2025-08-20 16:02:04,407:INFO:Epoch: 5600/40000 | Train Loss: 1.035e-01 | Dynamic Loss: 1.035e-01 | Regularization Loss: 0.000e+00 | Val Loss: 1.474e-01 | Time: 8.76s
2025-08-20 16:02:13,046:INFO:Epoch: 5650/40000 | Train Loss: 1.182e-01 | Dynamic Loss: 1.182e-01 | Regularization Loss: 0.000e+00 | Val Loss: 1.600e-01 | Time: 8.64s
2025-08-20 16:02:21,778:INFO:Epoch: 5700/40000 | Train Loss: 1.000e-01 | Dynamic Loss: 1.000e-01 | Regularization Loss: 0.000e+00 | Val Loss: 1.357e-01 | Time: 8.73s
2025-08-20 16:02:21,778:INFO:New best model found at epoch 5700 with validation loss 1.357e-01. Saving...
2025-08-20 16:02:30,275:INFO:Epoch: 5750/40000 | Train Loss: 1.146e-01 | Dynamic Loss: 1.146e-01 | Regularization Loss: 0.000e+00 | Val Loss: 1.500e-01 | Time: 8.48s
2025-08-20 16:02:39,039:INFO:Epoch: 5800/40000 | Train Loss: 1.055e-01 | Dynamic Loss: 1.055e-01 | Regularization Loss: 0.000e+00 | Val Loss: 1.364e-01 | Time: 8.76s
2025-08-20 16:02:47,884:INFO:Epoch: 5850/40000 | Train Loss: 1.284e-01 | Dynamic Loss: 1.284e-01 | Regularization Loss: 0.000e+00 | Val Loss: 1.485e-01 | Time: 8.84s
2025-08-20 16:02:56,492:INFO:Epoch: 5900/40000 | Train Loss: 9.039e-02 | Dynamic Loss: 9.039e-02 | Regularization Loss: 0.000e+00 | Val Loss: 1.287e-01 | Time: 8.61s
2025-08-20 16:02:56,493:INFO:New best model found at epoch 5900 with validation loss 1.287e-01. Saving...
2025-08-20 16:03:05,573:INFO:Epoch: 5950/40000 | Train Loss: 9.227e-02 | Dynamic Loss: 9.227e-02 | Regularization Loss: 0.000e+00 | Val Loss: 1.284e-01 | Time: 9.06s
2025-08-20 16:03:05,573:INFO:New best model found at epoch 5950 with validation loss 1.284e-01. Saving...
2025-08-20 16:03:14,301:INFO:Epoch: 6000/40000 | Train Loss: 1.033e-01 | Dynamic Loss: 1.033e-01 | Regularization Loss: 0.000e+00 | Val Loss: 1.374e-01 | Time: 8.71s
2025-08-20 16:03:22,998:INFO:Epoch: 6050/40000 | Train Loss: 9.948e-02 | Dynamic Loss: 9.948e-02 | Regularization Loss: 0.000e+00 | Val Loss: 1.444e-01 | Time: 8.70s
2025-08-20 16:03:31,712:INFO:Epoch: 6100/40000 | Train Loss: 1.052e-01 | Dynamic Loss: 1.052e-01 | Regularization Loss: 0.000e+00 | Val Loss: 1.350e-01 | Time: 8.71s
2025-08-20 16:03:40,533:INFO:Epoch: 6150/40000 | Train Loss: 1.121e-01 | Dynamic Loss: 1.121e-01 | Regularization Loss: 0.000e+00 | Val Loss: 1.524e-01 | Time: 8.82s
2025-08-20 16:03:57,328:INFO:Epoch: 6200/40000 | Train Loss: 1.798e-01 | Dynamic Loss: 1.798e-01 | Regularization Loss: 0.000e+00 | Val Loss: 3.858e-01 | Time: 16.79s
2025-08-20 16:04:06,010:INFO:Epoch: 6250/40000 | Train Loss: 8.915e-02 | Dynamic Loss: 8.915e-02 | Regularization Loss: 0.000e+00 | Val Loss: 1.250e-01 | Time: 8.68s
2025-08-20 16:04:06,010:INFO:New best model found at epoch 6250 with validation loss 1.250e-01. Saving...
2025-08-20 16:04:14,717:INFO:Epoch: 6300/40000 | Train Loss: 1.230e-01 | Dynamic Loss: 1.230e-01 | Regularization Loss: 0.000e+00 | Val Loss: 1.504e-01 | Time: 8.69s
2025-08-20 16:04:23,339:INFO:Epoch: 6350/40000 | Train Loss: 9.956e-02 | Dynamic Loss: 9.956e-02 | Regularization Loss: 0.000e+00 | Val Loss: 1.291e-01 | Time: 8.62s
2025-08-20 16:04:40,498:INFO:Epoch: 6400/40000 | Train Loss: 8.511e-02 | Dynamic Loss: 8.511e-02 | Regularization Loss: 0.000e+00 | Val Loss: 1.159e-01 | Time: 17.16s
2025-08-20 16:04:40,498:INFO:New best model found at epoch 6400 with validation loss 1.159e-01. Saving...
2025-08-20 16:04:49,136:INFO:Epoch: 6450/40000 | Train Loss: 9.917e-02 | Dynamic Loss: 9.917e-02 | Regularization Loss: 0.000e+00 | Val Loss: 1.237e-01 | Time: 8.62s
2025-08-20 16:04:57,738:INFO:Epoch: 6500/40000 | Train Loss: 9.635e-02 | Dynamic Loss: 9.635e-02 | Regularization Loss: 0.000e+00 | Val Loss: 1.558e-01 | Time: 8.60s
2025-08-20 16:05:14,436:INFO:Epoch: 6550/40000 | Train Loss: 1.075e-01 | Dynamic Loss: 1.075e-01 | Regularization Loss: 0.000e+00 | Val Loss: 1.375e-01 | Time: 16.70s
2025-08-20 16:05:23,142:INFO:Epoch: 6600/40000 | Train Loss: 9.984e-02 | Dynamic Loss: 9.984e-02 | Regularization Loss: 0.000e+00 | Val Loss: 1.203e-01 | Time: 8.71s
2025-08-20 16:05:31,809:INFO:Epoch: 6650/40000 | Train Loss: 1.004e-01 | Dynamic Loss: 1.004e-01 | Regularization Loss: 0.000e+00 | Val Loss: 1.252e-01 | Time: 8.67s
2025-08-20 16:05:49,069:INFO:Epoch: 6700/40000 | Train Loss: 9.689e-02 | Dynamic Loss: 9.689e-02 | Regularization Loss: 0.000e+00 | Val Loss: 1.209e-01 | Time: 17.26s
2025-08-20 16:05:57,750:INFO:Epoch: 6750/40000 | Train Loss: 9.117e-02 | Dynamic Loss: 9.117e-02 | Regularization Loss: 0.000e+00 | Val Loss: 1.301e-01 | Time: 8.68s
2025-08-20 16:06:06,417:INFO:Epoch: 6800/40000 | Train Loss: 1.284e-01 | Dynamic Loss: 1.284e-01 | Regularization Loss: 0.000e+00 | Val Loss: 1.146e-01 | Time: 8.67s
2025-08-20 16:06:06,417:INFO:New best model found at epoch 6800 with validation loss 1.146e-01. Saving...
2025-08-20 16:06:15,253:INFO:Epoch: 6850/40000 | Train Loss: 9.216e-02 | Dynamic Loss: 9.216e-02 | Regularization Loss: 0.000e+00 | Val Loss: 1.249e-01 | Time: 8.81s
2025-08-20 16:06:24,116:INFO:Epoch: 6900/40000 | Train Loss: 9.014e-02 | Dynamic Loss: 9.014e-02 | Regularization Loss: 0.000e+00 | Val Loss: 1.338e-01 | Time: 8.86s
2025-08-20 16:06:32,922:INFO:Epoch: 6950/40000 | Train Loss: 8.067e-02 | Dynamic Loss: 8.067e-02 | Regularization Loss: 0.000e+00 | Val Loss: 1.144e-01 | Time: 8.81s
2025-08-20 16:06:32,922:INFO:New best model found at epoch 6950 with validation loss 1.144e-01. Saving...
2025-08-20 16:06:41,797:INFO:Epoch: 7000/40000 | Train Loss: 8.012e-02 | Dynamic Loss: 8.012e-02 | Regularization Loss: 0.000e+00 | Val Loss: 1.097e-01 | Time: 8.85s
2025-08-20 16:06:41,797:INFO:New best model found at epoch 7000 with validation loss 1.097e-01. Saving...
2025-08-20 16:06:50,478:INFO:Epoch: 7050/40000 | Train Loss: 8.027e-02 | Dynamic Loss: 8.027e-02 | Regularization Loss: 0.000e+00 | Val Loss: 1.116e-01 | Time: 8.66s
2025-08-20 16:06:59,597:INFO:Epoch: 7100/40000 | Train Loss: 7.825e-02 | Dynamic Loss: 7.825e-02 | Regularization Loss: 0.000e+00 | Val Loss: 1.125e-01 | Time: 9.12s
2025-08-20 16:07:08,482:INFO:Epoch: 7150/40000 | Train Loss: 1.026e-01 | Dynamic Loss: 1.026e-01 | Regularization Loss: 0.000e+00 | Val Loss: 1.270e-01 | Time: 8.88s
2025-08-20 16:07:17,284:INFO:Epoch: 7200/40000 | Train Loss: 1.366e-01 | Dynamic Loss: 1.366e-01 | Regularization Loss: 0.000e+00 | Val Loss: 2.387e-01 | Time: 8.80s
2025-08-20 16:07:26,096:INFO:Epoch: 7250/40000 | Train Loss: 7.426e-02 | Dynamic Loss: 7.426e-02 | Regularization Loss: 0.000e+00 | Val Loss: 1.014e-01 | Time: 8.81s
2025-08-20 16:07:26,096:INFO:New best model found at epoch 7250 with validation loss 1.014e-01. Saving...
2025-08-20 16:07:34,884:INFO:Epoch: 7300/40000 | Train Loss: 1.494e-01 | Dynamic Loss: 1.494e-01 | Regularization Loss: 0.000e+00 | Val Loss: 3.094e-01 | Time: 8.77s
2025-08-20 16:07:46,179:INFO:Epoch: 7350/40000 | Train Loss: 7.343e-02 | Dynamic Loss: 7.343e-02 | Regularization Loss: 0.000e+00 | Val Loss: 1.054e-01 | Time: 11.30s
2025-08-20 16:07:54,870:INFO:Epoch: 7400/40000 | Train Loss: 1.398e-01 | Dynamic Loss: 1.398e-01 | Regularization Loss: 0.000e+00 | Val Loss: 1.277e-01 | Time: 8.69s
2025-08-20 16:08:03,622:INFO:Epoch: 7450/40000 | Train Loss: 7.834e-02 | Dynamic Loss: 7.834e-02 | Regularization Loss: 0.000e+00 | Val Loss: 1.138e-01 | Time: 8.75s
2025-08-20 16:08:12,438:INFO:Epoch: 7500/40000 | Train Loss: 7.175e-02 | Dynamic Loss: 7.175e-02 | Regularization Loss: 0.000e+00 | Val Loss: 1.026e-01 | Time: 8.82s
2025-08-20 16:08:21,151:INFO:Epoch: 7550/40000 | Train Loss: 1.058e-01 | Dynamic Loss: 1.058e-01 | Regularization Loss: 0.000e+00 | Val Loss: 1.673e-01 | Time: 8.71s
2025-08-20 16:08:29,952:INFO:Epoch: 7600/40000 | Train Loss: 7.141e-02 | Dynamic Loss: 7.141e-02 | Regularization Loss: 0.000e+00 | Val Loss: 9.776e-02 | Time: 8.80s
2025-08-20 16:08:29,952:INFO:New best model found at epoch 7600 with validation loss 9.776e-02. Saving...
2025-08-20 16:08:38,872:INFO:Epoch: 7650/40000 | Train Loss: 7.419e-02 | Dynamic Loss: 7.419e-02 | Regularization Loss: 0.000e+00 | Val Loss: 9.914e-02 | Time: 8.90s
2025-08-20 16:08:47,672:INFO:Epoch: 7700/40000 | Train Loss: 9.784e-02 | Dynamic Loss: 9.784e-02 | Regularization Loss: 0.000e+00 | Val Loss: 1.251e-01 | Time: 8.80s
2025-08-20 16:08:56,315:INFO:Epoch: 7750/40000 | Train Loss: 6.549e-02 | Dynamic Loss: 6.549e-02 | Regularization Loss: 0.000e+00 | Val Loss: 9.336e-02 | Time: 8.64s
2025-08-20 16:08:56,316:INFO:New best model found at epoch 7750 with validation loss 9.336e-02. Saving...
2025-08-20 16:09:05,039:INFO:Epoch: 7800/40000 | Train Loss: 6.639e-02 | Dynamic Loss: 6.639e-02 | Regularization Loss: 0.000e+00 | Val Loss: 9.395e-02 | Time: 8.70s
2025-08-20 16:09:13,692:INFO:Epoch: 7850/40000 | Train Loss: 7.299e-02 | Dynamic Loss: 7.299e-02 | Regularization Loss: 0.000e+00 | Val Loss: 9.938e-02 | Time: 8.65s
2025-08-20 16:09:22,417:INFO:Epoch: 7900/40000 | Train Loss: 8.045e-02 | Dynamic Loss: 8.045e-02 | Regularization Loss: 0.000e+00 | Val Loss: 1.051e-01 | Time: 8.72s
2025-08-20 16:09:31,342:INFO:Epoch: 7950/40000 | Train Loss: 1.444e-01 | Dynamic Loss: 1.444e-01 | Regularization Loss: 0.000e+00 | Val Loss: 1.239e-01 | Time: 8.92s
2025-08-20 16:09:40,126:INFO:Epoch: 8000/40000 | Train Loss: 8.486e-02 | Dynamic Loss: 8.486e-02 | Regularization Loss: 0.000e+00 | Val Loss: 1.244e-01 | Time: 8.78s
2025-08-20 16:09:48,887:INFO:Epoch: 8050/40000 | Train Loss: 7.745e-02 | Dynamic Loss: 7.745e-02 | Regularization Loss: 0.000e+00 | Val Loss: 1.043e-01 | Time: 8.76s
2025-08-20 16:09:57,600:INFO:Epoch: 8100/40000 | Train Loss: 1.026e-01 | Dynamic Loss: 1.026e-01 | Regularization Loss: 0.000e+00 | Val Loss: 1.043e-01 | Time: 8.71s
2025-08-20 16:10:06,291:INFO:Epoch: 8150/40000 | Train Loss: 7.099e-02 | Dynamic Loss: 7.099e-02 | Regularization Loss: 0.000e+00 | Val Loss: 9.267e-02 | Time: 8.69s
2025-08-20 16:10:06,291:INFO:New best model found at epoch 8150 with validation loss 9.267e-02. Saving...
2025-08-20 16:10:15,055:INFO:Epoch: 8200/40000 | Train Loss: 6.770e-02 | Dynamic Loss: 6.770e-02 | Regularization Loss: 0.000e+00 | Val Loss: 9.642e-02 | Time: 8.73s
2025-08-20 16:10:23,902:INFO:Epoch: 8250/40000 | Train Loss: 6.619e-02 | Dynamic Loss: 6.619e-02 | Regularization Loss: 0.000e+00 | Val Loss: 9.377e-02 | Time: 8.85s
2025-08-20 16:10:32,659:INFO:Epoch: 8300/40000 | Train Loss: 6.565e-02 | Dynamic Loss: 6.565e-02 | Regularization Loss: 0.000e+00 | Val Loss: 9.710e-02 | Time: 8.76s
2025-08-20 16:10:41,385:INFO:Epoch: 8350/40000 | Train Loss: 7.201e-02 | Dynamic Loss: 7.201e-02 | Regularization Loss: 0.000e+00 | Val Loss: 9.813e-02 | Time: 8.73s
2025-08-20 16:10:50,087:INFO:Epoch: 8400/40000 | Train Loss: 7.091e-02 | Dynamic Loss: 7.091e-02 | Regularization Loss: 0.000e+00 | Val Loss: 9.866e-02 | Time: 8.70s
2025-08-20 16:10:58,828:INFO:Epoch: 8450/40000 | Train Loss: 9.823e-02 | Dynamic Loss: 9.823e-02 | Regularization Loss: 0.000e+00 | Val Loss: 1.429e-01 | Time: 8.74s
2025-08-20 16:11:07,556:INFO:Epoch: 8500/40000 | Train Loss: 6.182e-02 | Dynamic Loss: 6.182e-02 | Regularization Loss: 0.000e+00 | Val Loss: 8.662e-02 | Time: 8.73s
2025-08-20 16:11:07,556:INFO:New best model found at epoch 8500 with validation loss 8.662e-02. Saving...
2025-08-20 16:11:16,404:INFO:Epoch: 8550/40000 | Train Loss: 1.111e-01 | Dynamic Loss: 1.111e-01 | Regularization Loss: 0.000e+00 | Val Loss: 9.851e-02 | Time: 8.82s
2025-08-20 16:11:25,162:INFO:Epoch: 8600/40000 | Train Loss: 6.355e-02 | Dynamic Loss: 6.355e-02 | Regularization Loss: 0.000e+00 | Val Loss: 8.654e-02 | Time: 8.76s
2025-08-20 16:11:25,162:INFO:New best model found at epoch 8600 with validation loss 8.654e-02. Saving...
2025-08-20 16:11:41,939:INFO:Epoch: 8650/40000 | Train Loss: 8.589e-02 | Dynamic Loss: 8.589e-02 | Regularization Loss: 0.000e+00 | Val Loss: 1.056e-01 | Time: 16.76s
2025-08-20 16:11:50,588:INFO:Epoch: 8700/40000 | Train Loss: 6.605e-02 | Dynamic Loss: 6.605e-02 | Regularization Loss: 0.000e+00 | Val Loss: 8.876e-02 | Time: 8.65s
2025-08-20 16:11:59,365:INFO:Epoch: 8750/40000 | Train Loss: 6.032e-02 | Dynamic Loss: 6.032e-02 | Regularization Loss: 0.000e+00 | Val Loss: 8.394e-02 | Time: 8.78s
2025-08-20 16:11:59,365:INFO:New best model found at epoch 8750 with validation loss 8.394e-02. Saving...
2025-08-20 16:12:08,066:INFO:Epoch: 8800/40000 | Train Loss: 2.902e-01 | Dynamic Loss: 2.902e-01 | Regularization Loss: 0.000e+00 | Val Loss: 1.311e-01 | Time: 8.68s
2025-08-20 16:12:25,366:INFO:Epoch: 8850/40000 | Train Loss: 6.548e-02 | Dynamic Loss: 6.548e-02 | Regularization Loss: 0.000e+00 | Val Loss: 9.091e-02 | Time: 17.30s
2025-08-20 16:12:34,090:INFO:Epoch: 8900/40000 | Train Loss: 8.774e-02 | Dynamic Loss: 8.774e-02 | Regularization Loss: 0.000e+00 | Val Loss: 1.113e-01 | Time: 8.72s
2025-08-20 16:12:42,845:INFO:Epoch: 8950/40000 | Train Loss: 6.399e-02 | Dynamic Loss: 6.399e-02 | Regularization Loss: 0.000e+00 | Val Loss: 8.411e-02 | Time: 8.75s
2025-08-20 16:12:51,617:INFO:Epoch: 9000/40000 | Train Loss: 5.864e-02 | Dynamic Loss: 5.864e-02 | Regularization Loss: 0.000e+00 | Val Loss: 8.352e-02 | Time: 8.77s
2025-08-20 16:12:51,618:INFO:New best model found at epoch 9000 with validation loss 8.352e-02. Saving...
2025-08-20 16:13:00,371:INFO:Epoch: 9050/40000 | Train Loss: 6.601e-02 | Dynamic Loss: 6.601e-02 | Regularization Loss: 0.000e+00 | Val Loss: 9.008e-02 | Time: 8.73s
2025-08-20 16:13:09,069:INFO:Epoch: 9100/40000 | Train Loss: 7.421e-02 | Dynamic Loss: 7.421e-02 | Regularization Loss: 0.000e+00 | Val Loss: 9.344e-02 | Time: 8.70s
2025-08-20 16:13:17,965:INFO:Epoch: 9150/40000 | Train Loss: 6.086e-02 | Dynamic Loss: 6.086e-02 | Regularization Loss: 0.000e+00 | Val Loss: 8.801e-02 | Time: 8.90s
2025-08-20 16:13:34,587:INFO:Epoch: 9200/40000 | Train Loss: 5.614e-02 | Dynamic Loss: 5.614e-02 | Regularization Loss: 0.000e+00 | Val Loss: 8.218e-02 | Time: 16.62s
2025-08-20 16:13:34,587:INFO:New best model found at epoch 9200 with validation loss 8.218e-02. Saving...
2025-08-20 16:13:43,256:INFO:Epoch: 9250/40000 | Train Loss: 5.886e-02 | Dynamic Loss: 5.886e-02 | Regularization Loss: 0.000e+00 | Val Loss: 7.918e-02 | Time: 8.65s
2025-08-20 16:13:43,256:INFO:New best model found at epoch 9250 with validation loss 7.918e-02. Saving...
2025-08-20 16:13:52,056:INFO:Epoch: 9300/40000 | Train Loss: 7.996e-02 | Dynamic Loss: 7.996e-02 | Regularization Loss: 0.000e+00 | Val Loss: 1.028e-01 | Time: 8.78s
2025-08-20 16:14:00,910:INFO:Epoch: 9350/40000 | Train Loss: 5.624e-02 | Dynamic Loss: 5.624e-02 | Regularization Loss: 0.000e+00 | Val Loss: 7.839e-02 | Time: 8.85s
2025-08-20 16:14:00,910:INFO:New best model found at epoch 9350 with validation loss 7.839e-02. Saving...
2025-08-20 16:14:09,755:INFO:Epoch: 9400/40000 | Train Loss: 5.583e-02 | Dynamic Loss: 5.583e-02 | Regularization Loss: 0.000e+00 | Val Loss: 8.293e-02 | Time: 8.82s
2025-08-20 16:14:18,483:INFO:Epoch: 9450/40000 | Train Loss: 4.830e-02 | Dynamic Loss: 4.830e-02 | Regularization Loss: 0.000e+00 | Val Loss: 7.279e-02 | Time: 8.73s
2025-08-20 16:14:18,483:INFO:New best model found at epoch 9450 with validation loss 7.279e-02. Saving...
2025-08-20 16:14:27,250:INFO:Epoch: 9500/40000 | Train Loss: 7.110e-02 | Dynamic Loss: 7.110e-02 | Regularization Loss: 0.000e+00 | Val Loss: 8.550e-02 | Time: 8.74s
2025-08-20 16:14:35,896:INFO:Epoch: 9550/40000 | Train Loss: 6.662e-02 | Dynamic Loss: 6.662e-02 | Regularization Loss: 0.000e+00 | Val Loss: 8.060e-02 | Time: 8.65s
2025-08-20 16:14:44,678:INFO:Epoch: 9600/40000 | Train Loss: 5.145e-02 | Dynamic Loss: 5.145e-02 | Regularization Loss: 0.000e+00 | Val Loss: 7.537e-02 | Time: 8.78s
2025-08-20 16:14:53,507:INFO:Epoch: 9650/40000 | Train Loss: 5.567e-02 | Dynamic Loss: 5.567e-02 | Regularization Loss: 0.000e+00 | Val Loss: 7.625e-02 | Time: 8.83s
2025-08-20 16:15:02,315:INFO:Epoch: 9700/40000 | Train Loss: 5.225e-02 | Dynamic Loss: 5.225e-02 | Regularization Loss: 0.000e+00 | Val Loss: 7.276e-02 | Time: 8.81s
2025-08-20 16:15:02,315:INFO:New best model found at epoch 9700 with validation loss 7.276e-02. Saving...
2025-08-20 16:15:11,128:INFO:Epoch: 9750/40000 | Train Loss: 4.643e-02 | Dynamic Loss: 4.643e-02 | Regularization Loss: 0.000e+00 | Val Loss: 7.334e-02 | Time: 8.79s
2025-08-20 16:15:20,011:INFO:Epoch: 9800/40000 | Train Loss: 7.451e-02 | Dynamic Loss: 7.451e-02 | Regularization Loss: 0.000e+00 | Val Loss: 1.115e-01 | Time: 8.88s
2025-08-20 16:15:28,833:INFO:Epoch: 9850/40000 | Train Loss: 5.251e-02 | Dynamic Loss: 5.251e-02 | Regularization Loss: 0.000e+00 | Val Loss: 7.300e-02 | Time: 8.82s
2025-08-20 16:15:37,604:INFO:Epoch: 9900/40000 | Train Loss: 5.297e-02 | Dynamic Loss: 5.297e-02 | Regularization Loss: 0.000e+00 | Val Loss: 7.643e-02 | Time: 8.77s
2025-08-20 16:15:46,442:INFO:Epoch: 9950/40000 | Train Loss: 7.033e-02 | Dynamic Loss: 7.033e-02 | Regularization Loss: 0.000e+00 | Val Loss: 9.274e-02 | Time: 8.84s
2025-08-20 16:15:54,626:INFO:Adding projection layer
2025-08-20 16:15:55,531:INFO:Epoch: 10000/40000 | Train Loss: 1.498e-01 | Dynamic Loss: 5.470e-02 | Regularization Loss: 9.509e-02 | Val Loss: 7.076e-02 | Time: 9.09s
2025-08-20 16:15:55,531:INFO:New best model found at epoch 10000 with validation loss 7.076e-02. Saving...
2025-08-20 16:16:04,811:INFO:Epoch: 10050/40000 | Train Loss: 5.834e-02 | Dynamic Loss: 5.427e-02 | Regularization Loss: 4.073e-03 | Val Loss: 7.403e-02 | Time: 9.26s
2025-08-20 16:16:14,158:INFO:Epoch: 10100/40000 | Train Loss: 5.531e-02 | Dynamic Loss: 5.370e-02 | Regularization Loss: 1.610e-03 | Val Loss: 7.815e-02 | Time: 9.35s
2025-08-20 16:16:31,245:INFO:Epoch: 10150/40000 | Train Loss: 5.015e-02 | Dynamic Loss: 4.925e-02 | Regularization Loss: 8.985e-04 | Val Loss: 7.094e-02 | Time: 17.09s
2025-08-20 16:16:40,698:INFO:Epoch: 10200/40000 | Train Loss: 5.121e-02 | Dynamic Loss: 5.062e-02 | Regularization Loss: 5.841e-04 | Val Loss: 7.973e-02 | Time: 9.45s
2025-08-20 16:16:50,012:INFO:Epoch: 10250/40000 | Train Loss: 7.072e-02 | Dynamic Loss: 7.031e-02 | Regularization Loss: 4.140e-04 | Val Loss: 7.524e-02 | Time: 9.31s
2025-08-20 16:17:03,890:INFO:Epoch: 10300/40000 | Train Loss: 4.911e-02 | Dynamic Loss: 4.880e-02 | Regularization Loss: 3.102e-04 | Val Loss: 6.948e-02 | Time: 13.88s
2025-08-20 16:17:03,891:INFO:New best model found at epoch 10300 with validation loss 6.948e-02. Saving...
2025-08-20 16:17:13,328:INFO:Epoch: 10350/40000 | Train Loss: 4.744e-02 | Dynamic Loss: 4.720e-02 | Regularization Loss: 2.417e-04 | Val Loss: 7.515e-02 | Time: 9.42s
2025-08-20 16:17:22,917:INFO:Epoch: 10400/40000 | Train Loss: 6.760e-02 | Dynamic Loss: 6.741e-02 | Regularization Loss: 1.937e-04 | Val Loss: 7.866e-02 | Time: 9.59s
2025-08-20 16:17:36,849:INFO:Epoch: 10450/40000 | Train Loss: 7.314e-02 | Dynamic Loss: 7.299e-02 | Regularization Loss: 1.587e-04 | Val Loss: 7.352e-02 | Time: 13.93s
2025-08-20 16:17:46,252:INFO:Epoch: 10500/40000 | Train Loss: 4.807e-02 | Dynamic Loss: 4.794e-02 | Regularization Loss: 1.323e-04 | Val Loss: 7.536e-02 | Time: 9.40s
2025-08-20 16:17:55,714:INFO:Epoch: 10550/40000 | Train Loss: 4.678e-02 | Dynamic Loss: 4.667e-02 | Regularization Loss: 1.118e-04 | Val Loss: 7.245e-02 | Time: 9.46s
2025-08-20 16:18:13,200:INFO:Epoch: 10600/40000 | Train Loss: 6.450e-02 | Dynamic Loss: 6.441e-02 | Regularization Loss: 9.563e-05 | Val Loss: 8.347e-02 | Time: 17.49s
2025-08-20 16:18:22,740:INFO:Epoch: 10650/40000 | Train Loss: 7.675e-02 | Dynamic Loss: 7.667e-02 | Regularization Loss: 8.255e-05 | Val Loss: 1.058e-01 | Time: 9.54s
2025-08-20 16:18:32,212:INFO:Epoch: 10700/40000 | Train Loss: 4.602e-02 | Dynamic Loss: 4.595e-02 | Regularization Loss: 7.181e-05 | Val Loss: 7.930e-02 | Time: 9.47s
2025-08-20 16:18:42,959:INFO:Epoch: 10750/40000 | Train Loss: 5.824e-02 | Dynamic Loss: 5.818e-02 | Regularization Loss: 6.290e-05 | Val Loss: 7.207e-02 | Time: 10.75s
2025-08-20 16:18:52,380:INFO:Epoch: 10800/40000 | Train Loss: 5.250e-02 | Dynamic Loss: 5.244e-02 | Regularization Loss: 5.542e-05 | Val Loss: 6.419e-02 | Time: 9.42s
2025-08-20 16:18:52,380:INFO:New best model found at epoch 10800 with validation loss 6.419e-02. Saving...
2025-08-20 16:19:01,967:INFO:Epoch: 10850/40000 | Train Loss: 5.752e-02 | Dynamic Loss: 5.747e-02 | Regularization Loss: 4.907e-05 | Val Loss: 9.904e-02 | Time: 9.57s
2025-08-20 16:19:11,377:INFO:Epoch: 10900/40000 | Train Loss: 1.096e-01 | Dynamic Loss: 1.096e-01 | Regularization Loss: 4.365e-05 | Val Loss: 1.437e-01 | Time: 9.41s
2025-08-20 16:19:20,730:INFO:Epoch: 10950/40000 | Train Loss: 4.419e-02 | Dynamic Loss: 4.415e-02 | Regularization Loss: 3.898e-05 | Val Loss: 6.800e-02 | Time: 9.35s
2025-08-20 16:19:30,180:INFO:Epoch: 11000/40000 | Train Loss: 5.011e-02 | Dynamic Loss: 5.007e-02 | Regularization Loss: 3.490e-05 | Val Loss: 6.202e-02 | Time: 9.45s
2025-08-20 16:19:30,181:INFO:New best model found at epoch 11000 with validation loss 6.202e-02. Saving...
2025-08-20 16:19:39,635:INFO:Epoch: 11050/40000 | Train Loss: 5.995e-02 | Dynamic Loss: 5.992e-02 | Regularization Loss: 3.139e-05 | Val Loss: 9.237e-02 | Time: 9.43s
2025-08-20 16:19:49,027:INFO:Epoch: 11100/40000 | Train Loss: 6.786e-02 | Dynamic Loss: 6.783e-02 | Regularization Loss: 2.832e-05 | Val Loss: 6.853e-02 | Time: 9.39s
2025-08-20 16:20:05,197:INFO:Epoch: 11150/40000 | Train Loss: 5.553e-02 | Dynamic Loss: 5.550e-02 | Regularization Loss: 2.557e-05 | Val Loss: 7.670e-02 | Time: 16.17s
2025-08-20 16:20:14,699:INFO:Epoch: 11200/40000 | Train Loss: 4.681e-02 | Dynamic Loss: 4.679e-02 | Regularization Loss: 2.306e-05 | Val Loss: 6.337e-02 | Time: 9.50s
2025-08-20 16:20:24,104:INFO:Epoch: 11250/40000 | Train Loss: 6.130e-02 | Dynamic Loss: 6.128e-02 | Regularization Loss: 2.086e-05 | Val Loss: 8.722e-02 | Time: 9.40s
2025-08-20 16:20:34,161:INFO:Epoch: 11300/40000 | Train Loss: 7.577e-02 | Dynamic Loss: 7.575e-02 | Regularization Loss: 1.880e-05 | Val Loss: 9.398e-02 | Time: 10.06s
2025-08-20 16:20:43,659:INFO:Epoch: 11350/40000 | Train Loss: 4.710e-02 | Dynamic Loss: 4.708e-02 | Regularization Loss: 1.710e-05 | Val Loss: 6.884e-02 | Time: 9.50s
2025-08-20 16:20:53,187:INFO:Epoch: 11400/40000 | Train Loss: 3.370e-02 | Dynamic Loss: 3.369e-02 | Regularization Loss: 1.556e-05 | Val Loss: 6.553e-02 | Time: 9.53s
2025-08-20 16:21:02,605:INFO:Epoch: 11450/40000 | Train Loss: 4.542e-02 | Dynamic Loss: 4.540e-02 | Regularization Loss: 1.413e-05 | Val Loss: 6.271e-02 | Time: 9.42s
2025-08-20 16:21:11,998:INFO:Epoch: 11500/40000 | Train Loss: 5.348e-02 | Dynamic Loss: 5.346e-02 | Regularization Loss: 1.286e-05 | Val Loss: 6.871e-02 | Time: 9.39s
2025-08-20 16:21:22,587:INFO:Epoch: 11550/40000 | Train Loss: 1.421e-01 | Dynamic Loss: 1.421e-01 | Regularization Loss: 1.143e-05 | Val Loss: 1.355e-01 | Time: 10.59s
2025-08-20 16:21:32,075:INFO:Epoch: 11600/40000 | Train Loss: 4.221e-02 | Dynamic Loss: 4.220e-02 | Regularization Loss: 1.042e-05 | Val Loss: 6.369e-02 | Time: 9.49s
2025-08-20 16:21:41,504:INFO:Epoch: 11650/40000 | Train Loss: 7.648e-02 | Dynamic Loss: 7.647e-02 | Regularization Loss: 9.383e-06 | Val Loss: 9.545e-02 | Time: 9.43s
2025-08-20 16:21:58,055:INFO:Epoch: 11700/40000 | Train Loss: 4.819e-02 | Dynamic Loss: 4.818e-02 | Regularization Loss: 8.494e-06 | Val Loss: 6.171e-02 | Time: 16.55s
2025-08-20 16:21:58,055:INFO:New best model found at epoch 11700 with validation loss 6.171e-02. Saving...
2025-08-20 16:22:07,550:INFO:Epoch: 11750/40000 | Train Loss: 1.117e-01 | Dynamic Loss: 1.117e-01 | Regularization Loss: 7.730e-06 | Val Loss: 1.126e-01 | Time: 9.48s
2025-08-20 16:22:17,088:INFO:Epoch: 11800/40000 | Train Loss: 1.697e-01 | Dynamic Loss: 1.697e-01 | Regularization Loss: 6.695e-06 | Val Loss: 1.789e-01 | Time: 9.54s
2025-08-20 16:22:29,553:INFO:Epoch: 11850/40000 | Train Loss: 1.041e-01 | Dynamic Loss: 1.041e-01 | Regularization Loss: 6.055e-06 | Val Loss: 1.045e-01 | Time: 12.47s
2025-08-20 16:22:38,994:INFO:Epoch: 11900/40000 | Train Loss: 6.277e-02 | Dynamic Loss: 6.276e-02 | Regularization Loss: 5.490e-06 | Val Loss: 7.376e-02 | Time: 9.44s
2025-08-20 16:22:48,525:INFO:Epoch: 11950/40000 | Train Loss: 7.652e-02 | Dynamic Loss: 7.651e-02 | Regularization Loss: 4.486e-06 | Val Loss: 8.429e-02 | Time: 9.53s
2025-08-20 16:22:58,074:INFO:Epoch: 12000/40000 | Train Loss: 5.370e-02 | Dynamic Loss: 5.370e-02 | Regularization Loss: 4.251e-06 | Val Loss: 8.639e-02 | Time: 9.55s
2025-08-20 16:23:07,496:INFO:Epoch: 12050/40000 | Train Loss: 4.683e-02 | Dynamic Loss: 4.683e-02 | Regularization Loss: 3.862e-06 | Val Loss: 6.092e-02 | Time: 9.42s
2025-08-20 16:23:07,496:INFO:New best model found at epoch 12050 with validation loss 6.092e-02. Saving...
2025-08-20 16:23:25,039:INFO:Epoch: 12100/40000 | Train Loss: 5.817e-02 | Dynamic Loss: 5.817e-02 | Regularization Loss: 3.480e-06 | Val Loss: 7.186e-02 | Time: 17.52s
2025-08-20 16:23:34,502:INFO:Epoch: 12150/40000 | Train Loss: 7.154e-02 | Dynamic Loss: 7.154e-02 | Regularization Loss: 3.157e-06 | Val Loss: 8.615e-02 | Time: 9.46s
2025-08-20 16:23:44,019:INFO:Epoch: 12200/40000 | Train Loss: 6.726e-02 | Dynamic Loss: 6.726e-02 | Regularization Loss: 2.858e-06 | Val Loss: 7.594e-02 | Time: 9.52s
2025-08-20 16:23:53,522:INFO:Epoch: 12250/40000 | Train Loss: 4.266e-02 | Dynamic Loss: 4.266e-02 | Regularization Loss: 2.698e-06 | Val Loss: 6.242e-02 | Time: 9.50s
2025-08-20 16:24:02,970:INFO:Epoch: 12300/40000 | Train Loss: 5.194e-02 | Dynamic Loss: 5.194e-02 | Regularization Loss: 2.301e-06 | Val Loss: 6.950e-02 | Time: 9.45s
2025-08-20 16:24:12,490:INFO:Epoch: 12350/40000 | Train Loss: 6.762e-02 | Dynamic Loss: 6.762e-02 | Regularization Loss: 2.060e-06 | Val Loss: 7.802e-02 | Time: 9.52s
2025-08-20 16:24:21,931:INFO:Epoch: 12400/40000 | Train Loss: 6.508e-02 | Dynamic Loss: 6.508e-02 | Regularization Loss: 1.898e-06 | Val Loss: 8.261e-02 | Time: 9.44s
2025-08-20 16:24:31,369:INFO:Epoch: 12450/40000 | Train Loss: 6.902e-02 | Dynamic Loss: 6.902e-02 | Regularization Loss: 1.800e-06 | Val Loss: 9.223e-02 | Time: 9.44s
2025-08-20 16:24:41,421:INFO:Epoch: 12500/40000 | Train Loss: 3.393e-02 | Dynamic Loss: 3.392e-02 | Regularization Loss: 1.409e-06 | Val Loss: 5.335e-02 | Time: 10.05s
2025-08-20 16:24:41,421:INFO:New best model found at epoch 12500 with validation loss 5.335e-02. Saving...
2025-08-20 16:24:50,990:INFO:Epoch: 12550/40000 | Train Loss: 4.441e-02 | Dynamic Loss: 4.441e-02 | Regularization Loss: 1.233e-06 | Val Loss: 6.004e-02 | Time: 9.55s
2025-08-20 16:25:00,471:INFO:Epoch: 12600/40000 | Train Loss: 7.984e-02 | Dynamic Loss: 7.984e-02 | Regularization Loss: 9.768e-07 | Val Loss: 8.468e-02 | Time: 9.48s
2025-08-20 16:25:10,128:INFO:Epoch: 12650/40000 | Train Loss: 5.345e-02 | Dynamic Loss: 5.345e-02 | Regularization Loss: 8.210e-07 | Val Loss: 7.023e-02 | Time: 9.66s
2025-08-20 16:25:19,623:INFO:Epoch: 12700/40000 | Train Loss: 4.929e-02 | Dynamic Loss: 4.928e-02 | Regularization Loss: 6.604e-07 | Val Loss: 6.845e-02 | Time: 9.49s
2025-08-20 16:25:29,146:INFO:Epoch: 12750/40000 | Train Loss: 9.241e-02 | Dynamic Loss: 9.241e-02 | Regularization Loss: 6.481e-07 | Val Loss: 9.587e-02 | Time: 9.52s
2025-08-20 16:25:46,364:INFO:Epoch: 12800/40000 | Train Loss: 2.236e-01 | Dynamic Loss: 2.236e-01 | Regularization Loss: 5.458e-07 | Val Loss: 1.855e-01 | Time: 17.22s
2025-08-20 16:25:55,860:INFO:Epoch: 12850/40000 | Train Loss: 9.410e-02 | Dynamic Loss: 9.410e-02 | Regularization Loss: 4.676e-07 | Val Loss: 1.599e-01 | Time: 9.50s
2025-08-20 16:26:05,468:INFO:Epoch: 12900/40000 | Train Loss: 6.580e-02 | Dynamic Loss: 6.580e-02 | Regularization Loss: 3.681e-07 | Val Loss: 8.133e-02 | Time: 9.61s
2025-08-20 16:26:15,061:INFO:Epoch: 12950/40000 | Train Loss: 5.709e-02 | Dynamic Loss: 5.709e-02 | Regularization Loss: 3.863e-07 | Val Loss: 6.922e-02 | Time: 9.59s
2025-08-20 16:26:24,602:INFO:Epoch: 13000/40000 | Train Loss: 6.001e-02 | Dynamic Loss: 6.001e-02 | Regularization Loss: 3.752e-07 | Val Loss: 8.915e-02 | Time: 9.54s
2025-08-20 16:26:35,677:INFO:Epoch: 13050/40000 | Train Loss: 2.244e-01 | Dynamic Loss: 2.244e-01 | Regularization Loss: 3.432e-07 | Val Loss: 2.475e-01 | Time: 11.08s
2025-08-20 16:26:45,251:INFO:Epoch: 13100/40000 | Train Loss: 4.537e-02 | Dynamic Loss: 4.537e-02 | Regularization Loss: 2.140e-07 | Val Loss: 6.141e-02 | Time: 9.57s
2025-08-20 16:26:54,766:INFO:Epoch: 13150/40000 | Train Loss: 1.495e-01 | Dynamic Loss: 1.495e-01 | Regularization Loss: 2.158e-07 | Val Loss: 1.688e-01 | Time: 9.52s
2025-08-20 16:27:04,458:INFO:Epoch: 13200/40000 | Train Loss: 7.706e-02 | Dynamic Loss: 7.706e-02 | Regularization Loss: 2.021e-07 | Val Loss: 7.837e-02 | Time: 9.69s
2025-08-20 16:27:14,049:INFO:Epoch: 13250/40000 | Train Loss: 4.267e-02 | Dynamic Loss: 4.267e-02 | Regularization Loss: 1.560e-07 | Val Loss: 6.543e-02 | Time: 9.59s
2025-08-20 16:27:23,687:INFO:Epoch: 13300/40000 | Train Loss: 7.637e-02 | Dynamic Loss: 7.637e-02 | Regularization Loss: 1.079e-07 | Val Loss: 7.768e-02 | Time: 9.64s
2025-08-20 16:27:34,991:INFO:Epoch: 13350/40000 | Train Loss: 9.389e-02 | Dynamic Loss: 9.389e-02 | Regularization Loss: 6.878e-08 | Val Loss: 1.060e-01 | Time: 11.30s
2025-08-20 16:27:44,692:INFO:Epoch: 13400/40000 | Train Loss: 4.431e-02 | Dynamic Loss: 4.431e-02 | Regularization Loss: 7.020e-08 | Val Loss: 6.101e-02 | Time: 9.70s
2025-08-20 16:27:54,460:INFO:Epoch: 13450/40000 | Train Loss: 3.096e-02 | Dynamic Loss: 3.096e-02 | Regularization Loss: 6.477e-08 | Val Loss: 4.932e-02 | Time: 9.77s
2025-08-20 16:27:54,460:INFO:New best model found at epoch 13450 with validation loss 4.932e-02. Saving...
2025-08-20 16:28:04,284:INFO:Epoch: 13500/40000 | Train Loss: 1.162e-01 | Dynamic Loss: 1.162e-01 | Regularization Loss: 5.267e-08 | Val Loss: 1.269e-01 | Time: 9.80s
2025-08-20 16:28:14,109:INFO:Epoch: 13550/40000 | Train Loss: 4.689e-02 | Dynamic Loss: 4.689e-02 | Regularization Loss: 3.534e-08 | Val Loss: 9.917e-02 | Time: 9.82s
2025-08-20 16:28:23,873:INFO:Epoch: 13600/40000 | Train Loss: 1.204e-01 | Dynamic Loss: 1.204e-01 | Regularization Loss: 3.897e-08 | Val Loss: 1.216e-01 | Time: 9.76s
2025-08-20 16:28:33,550:INFO:Epoch: 13650/40000 | Train Loss: 4.501e-02 | Dynamic Loss: 4.501e-02 | Regularization Loss: 3.639e-08 | Val Loss: 6.104e-02 | Time: 9.68s
2025-08-20 16:28:47,974:INFO:Epoch: 13700/40000 | Train Loss: 4.270e-02 | Dynamic Loss: 4.270e-02 | Regularization Loss: 3.084e-08 | Val Loss: 5.645e-02 | Time: 14.42s
2025-08-20 16:28:57,601:INFO:Epoch: 13750/40000 | Train Loss: 4.515e-02 | Dynamic Loss: 4.515e-02 | Regularization Loss: 1.780e-08 | Val Loss: 6.529e-02 | Time: 9.63s
2025-08-20 16:29:07,378:INFO:Epoch: 13800/40000 | Train Loss: 9.577e-02 | Dynamic Loss: 9.577e-02 | Regularization Loss: 7.813e-09 | Val Loss: 1.063e-01 | Time: 9.78s
2025-08-20 16:29:17,105:INFO:Epoch: 13850/40000 | Train Loss: 1.919e-01 | Dynamic Loss: 1.919e-01 | Regularization Loss: 5.919e-09 | Val Loss: 2.255e-01 | Time: 9.73s
2025-08-20 16:29:26,756:INFO:Epoch: 13900/40000 | Train Loss: 4.082e-02 | Dynamic Loss: 4.082e-02 | Regularization Loss: 6.417e-09 | Val Loss: 6.144e-02 | Time: 9.65s
2025-08-20 16:29:43,465:INFO:Epoch: 13950/40000 | Train Loss: 3.625e-02 | Dynamic Loss: 3.625e-02 | Regularization Loss: 6.902e-09 | Val Loss: 5.391e-02 | Time: 16.71s
2025-08-20 16:29:53,118:INFO:Epoch: 14000/40000 | Train Loss: 4.917e-02 | Dynamic Loss: 4.917e-02 | Regularization Loss: 7.845e-09 | Val Loss: 6.158e-02 | Time: 9.65s
2025-08-20 16:30:02,862:INFO:Epoch: 14050/40000 | Train Loss: 5.718e-02 | Dynamic Loss: 5.718e-02 | Regularization Loss: 6.456e-09 | Val Loss: 7.358e-02 | Time: 9.74s
2025-08-20 16:30:12,599:INFO:Epoch: 14100/40000 | Train Loss: 3.308e-02 | Dynamic Loss: 3.308e-02 | Regularization Loss: 6.165e-09 | Val Loss: 4.985e-02 | Time: 9.74s
2025-08-20 16:30:22,313:INFO:Epoch: 14150/40000 | Train Loss: 5.349e-02 | Dynamic Loss: 5.349e-02 | Regularization Loss: 5.408e-09 | Val Loss: 7.050e-02 | Time: 9.71s
2025-08-20 16:30:39,889:INFO:Epoch: 14200/40000 | Train Loss: 1.175e-01 | Dynamic Loss: 1.175e-01 | Regularization Loss: 3.320e-09 | Val Loss: 1.255e-01 | Time: 17.58s
2025-08-20 16:30:49,568:INFO:Epoch: 14250/40000 | Train Loss: 3.292e-02 | Dynamic Loss: 3.292e-02 | Regularization Loss: 3.268e-09 | Val Loss: 5.172e-02 | Time: 9.68s
2025-08-20 16:30:59,302:INFO:Epoch: 14300/40000 | Train Loss: 2.857e-02 | Dynamic Loss: 2.857e-02 | Regularization Loss: 3.403e-09 | Val Loss: 4.638e-02 | Time: 9.73s
2025-08-20 16:30:59,302:INFO:New best model found at epoch 14300 with validation loss 4.638e-02. Saving...
2025-08-20 16:31:09,074:INFO:Epoch: 14350/40000 | Train Loss: 5.720e-02 | Dynamic Loss: 5.720e-02 | Regularization Loss: 4.106e-09 | Val Loss: 7.072e-02 | Time: 9.73s
2025-08-20 16:31:19,189:INFO:Epoch: 14400/40000 | Train Loss: 6.154e-02 | Dynamic Loss: 6.154e-02 | Regularization Loss: 3.069e-09 | Val Loss: 7.042e-02 | Time: 10.11s
2025-08-20 16:31:35,771:INFO:Epoch: 14450/40000 | Train Loss: 1.118e+00 | Dynamic Loss: 1.118e+00 | Regularization Loss: 2.252e-09 | Val Loss: 1.657e+00 | Time: 16.58s
2025-08-20 16:31:45,159:INFO:Epoch: 14500/40000 | Train Loss: 8.073e-02 | Dynamic Loss: 8.073e-02 | Regularization Loss: 1.505e-09 | Val Loss: 1.000e-01 | Time: 9.39s
2025-08-20 16:31:54,558:INFO:Epoch: 14550/40000 | Train Loss: 6.926e-02 | Dynamic Loss: 6.926e-02 | Regularization Loss: 1.400e-09 | Val Loss: 1.753e-01 | Time: 9.40s
2025-08-20 16:32:03,910:INFO:Epoch: 14600/40000 | Train Loss: 4.553e-02 | Dynamic Loss: 4.553e-02 | Regularization Loss: 1.364e-09 | Val Loss: 6.315e-02 | Time: 9.35s
2025-08-20 16:32:17,187:INFO:Epoch: 14650/40000 | Train Loss: 9.582e-02 | Dynamic Loss: 9.582e-02 | Regularization Loss: 1.498e-09 | Val Loss: 7.663e-02 | Time: 13.28s
2025-08-20 16:32:26,539:INFO:Epoch: 14700/40000 | Train Loss: 7.063e-02 | Dynamic Loss: 7.063e-02 | Regularization Loss: 1.286e-09 | Val Loss: 8.635e-02 | Time: 9.35s
2025-08-20 16:32:35,852:INFO:Epoch: 14750/40000 | Train Loss: 3.296e-02 | Dynamic Loss: 3.296e-02 | Regularization Loss: 1.222e-09 | Val Loss: 4.880e-02 | Time: 9.31s
2025-08-20 16:32:45,250:INFO:Epoch: 14800/40000 | Train Loss: 4.859e-02 | Dynamic Loss: 4.859e-02 | Regularization Loss: 1.366e-09 | Val Loss: 6.188e-02 | Time: 9.40s
2025-08-20 16:32:54,719:INFO:Epoch: 14850/40000 | Train Loss: 7.568e-02 | Dynamic Loss: 7.568e-02 | Regularization Loss: 1.413e-09 | Val Loss: 7.850e-02 | Time: 9.47s
2025-08-20 16:33:04,147:INFO:Epoch: 14900/40000 | Train Loss: 9.017e-02 | Dynamic Loss: 9.017e-02 | Regularization Loss: 1.389e-09 | Val Loss: 9.592e-02 | Time: 9.43s
2025-08-20 16:33:13,412:INFO:Epoch: 14950/40000 | Train Loss: 6.976e-02 | Dynamic Loss: 6.976e-02 | Regularization Loss: 6.132e-10 | Val Loss: 7.932e-02 | Time: 9.26s
2025-08-20 16:33:30,201:INFO:Epoch: 15000/40000 | Train Loss: 3.927e-02 | Dynamic Loss: 3.927e-02 | Regularization Loss: 5.587e-10 | Val Loss: 5.499e-02 | Time: 16.79s
2025-08-20 16:33:39,509:INFO:Epoch: 15050/40000 | Train Loss: 2.317e-01 | Dynamic Loss: 2.317e-01 | Regularization Loss: 2.902e-10 | Val Loss: 2.165e-01 | Time: 9.31s
2025-08-20 16:33:48,912:INFO:Epoch: 15100/40000 | Train Loss: 5.595e-02 | Dynamic Loss: 5.595e-02 | Regularization Loss: 2.189e-10 | Val Loss: 7.136e-02 | Time: 9.40s
2025-08-20 16:33:58,240:INFO:Epoch: 15150/40000 | Train Loss: 1.748e-01 | Dynamic Loss: 1.748e-01 | Regularization Loss: 2.348e-10 | Val Loss: 1.546e-01 | Time: 9.33s
2025-08-20 16:34:09,994:INFO:Epoch: 15200/40000 | Train Loss: 3.900e-02 | Dynamic Loss: 3.900e-02 | Regularization Loss: 1.841e-10 | Val Loss: 5.709e-02 | Time: 11.75s
2025-08-20 16:34:19,379:INFO:Epoch: 15250/40000 | Train Loss: 3.459e-02 | Dynamic Loss: 3.459e-02 | Regularization Loss: 1.927e-10 | Val Loss: 5.121e-02 | Time: 9.39s
2025-08-20 16:34:28,672:INFO:Epoch: 15300/40000 | Train Loss: 7.337e-02 | Dynamic Loss: 7.337e-02 | Regularization Loss: 1.985e-10 | Val Loss: 8.567e-02 | Time: 9.29s
2025-08-20 16:34:41,523:INFO:Epoch: 15350/40000 | Train Loss: 5.745e-02 | Dynamic Loss: 5.745e-02 | Regularization Loss: 1.247e-10 | Val Loss: 6.900e-02 | Time: 12.85s
2025-08-20 16:34:50,925:INFO:Epoch: 15400/40000 | Train Loss: 3.123e-02 | Dynamic Loss: 3.123e-02 | Regularization Loss: 1.349e-10 | Val Loss: 4.735e-02 | Time: 9.40s
2025-08-20 16:35:00,267:INFO:Epoch: 15450/40000 | Train Loss: 3.803e-02 | Dynamic Loss: 3.803e-02 | Regularization Loss: 1.466e-10 | Val Loss: 5.259e-02 | Time: 9.34s
2025-08-20 16:35:09,696:INFO:Epoch: 15500/40000 | Train Loss: 4.015e-02 | Dynamic Loss: 4.015e-02 | Regularization Loss: 1.028e-10 | Val Loss: 8.512e-01 | Time: 9.43s
2025-08-20 16:35:21,106:INFO:Epoch: 15550/40000 | Train Loss: 3.602e-02 | Dynamic Loss: 3.602e-02 | Regularization Loss: 9.364e-11 | Val Loss: 5.274e-02 | Time: 11.41s
2025-08-20 16:35:30,439:INFO:Epoch: 15600/40000 | Train Loss: 3.384e-02 | Dynamic Loss: 3.384e-02 | Regularization Loss: 9.443e-11 | Val Loss: 5.051e-02 | Time: 9.33s
2025-08-20 16:35:39,817:INFO:Epoch: 15650/40000 | Train Loss: 6.687e-01 | Dynamic Loss: 6.687e-01 | Regularization Loss: 7.738e-11 | Val Loss: 5.917e-01 | Time: 9.38s
2025-08-20 16:35:55,837:INFO:Epoch: 15700/40000 | Train Loss: 3.468e-02 | Dynamic Loss: 3.468e-02 | Regularization Loss: 4.885e-11 | Val Loss: 5.357e-02 | Time: 16.02s
2025-08-20 16:36:05,225:INFO:Epoch: 15750/40000 | Train Loss: 4.618e-02 | Dynamic Loss: 4.618e-02 | Regularization Loss: 5.438e-11 | Val Loss: 6.513e-02 | Time: 9.39s
2025-08-20 16:36:14,539:INFO:Epoch: 15800/40000 | Train Loss: 3.902e-02 | Dynamic Loss: 3.902e-02 | Regularization Loss: 5.226e-11 | Val Loss: 5.424e-02 | Time: 9.31s
2025-08-20 16:36:24,033:INFO:Epoch: 15850/40000 | Train Loss: 2.764e-02 | Dynamic Loss: 2.764e-02 | Regularization Loss: 5.853e-11 | Val Loss: 4.490e-02 | Time: 9.49s
2025-08-20 16:36:24,033:INFO:New best model found at epoch 15850 with validation loss 4.490e-02. Saving...
2025-08-20 16:36:33,513:INFO:Epoch: 15900/40000 | Train Loss: 3.200e-02 | Dynamic Loss: 3.200e-02 | Regularization Loss: 4.770e-11 | Val Loss: 4.887e-02 | Time: 9.46s
2025-08-20 16:36:42,935:INFO:Epoch: 15950/40000 | Train Loss: 2.813e-02 | Dynamic Loss: 2.813e-02 | Regularization Loss: 5.451e-11 | Val Loss: 7.021e-02 | Time: 9.42s
2025-08-20 16:36:52,317:INFO:Epoch: 16000/40000 | Train Loss: 8.486e-02 | Dynamic Loss: 8.486e-02 | Regularization Loss: 4.306e-11 | Val Loss: 1.168e-01 | Time: 9.38s
2025-08-20 16:37:06,652:INFO:Epoch: 16050/40000 | Train Loss: 2.848e-02 | Dynamic Loss: 2.848e-02 | Regularization Loss: 3.121e-11 | Val Loss: 4.622e-02 | Time: 14.34s
2025-08-20 16:37:16,087:INFO:Epoch: 16100/40000 | Train Loss: 5.716e-02 | Dynamic Loss: 5.716e-02 | Regularization Loss: 3.383e-11 | Val Loss: 6.946e-02 | Time: 9.43s
2025-08-20 16:37:25,533:INFO:Epoch: 16150/40000 | Train Loss: 3.677e-02 | Dynamic Loss: 3.677e-02 | Regularization Loss: 2.506e-11 | Val Loss: 5.361e-02 | Time: 9.45s
2025-08-20 16:37:35,114:INFO:Epoch: 16200/40000 | Train Loss: 4.928e-02 | Dynamic Loss: 4.928e-02 | Regularization Loss: 2.599e-11 | Val Loss: 6.645e-02 | Time: 9.58s
2025-08-20 16:37:44,700:INFO:Epoch: 16250/40000 | Train Loss: 2.815e-02 | Dynamic Loss: 2.815e-02 | Regularization Loss: 1.966e-11 | Val Loss: 4.566e-02 | Time: 9.59s
2025-08-20 16:37:54,129:INFO:Epoch: 16300/40000 | Train Loss: 2.108e-01 | Dynamic Loss: 2.108e-01 | Regularization Loss: 1.467e-11 | Val Loss: 1.876e-01 | Time: 9.43s
2025-08-20 16:38:03,447:INFO:Epoch: 16350/40000 | Train Loss: 5.820e-02 | Dynamic Loss: 5.820e-02 | Regularization Loss: 9.045e-12 | Val Loss: 7.639e-02 | Time: 9.32s
2025-08-20 16:38:19,906:INFO:Epoch: 16400/40000 | Train Loss: 5.209e-02 | Dynamic Loss: 5.209e-02 | Regularization Loss: 6.500e-12 | Val Loss: 6.698e-02 | Time: 16.46s
2025-08-20 16:38:29,227:INFO:Epoch: 16450/40000 | Train Loss: 2.922e-02 | Dynamic Loss: 2.922e-02 | Regularization Loss: 6.079e-12 | Val Loss: 4.778e-02 | Time: 9.32s
2025-08-20 16:38:38,373:INFO:Epoch: 16500/40000 | Train Loss: 2.708e-02 | Dynamic Loss: 2.708e-02 | Regularization Loss: 6.003e-12 | Val Loss: 4.522e-02 | Time: 9.15s
2025-08-20 16:38:47,674:INFO:Epoch: 16550/40000 | Train Loss: 2.676e-02 | Dynamic Loss: 2.676e-02 | Regularization Loss: 7.076e-12 | Val Loss: 4.432e-02 | Time: 9.30s
2025-08-20 16:38:47,674:INFO:New best model found at epoch 16550 with validation loss 4.432e-02. Saving...
2025-08-20 16:38:57,150:INFO:Epoch: 16600/40000 | Train Loss: 7.215e-02 | Dynamic Loss: 7.215e-02 | Regularization Loss: 5.898e-12 | Val Loss: 8.640e-02 | Time: 9.46s
2025-08-20 16:39:06,677:INFO:Epoch: 16650/40000 | Train Loss: 2.518e-02 | Dynamic Loss: 2.518e-02 | Regularization Loss: 5.461e-12 | Val Loss: 4.274e-02 | Time: 9.53s
2025-08-20 16:39:06,678:INFO:New best model found at epoch 16650 with validation loss 4.274e-02. Saving...
2025-08-20 16:39:16,221:INFO:Epoch: 16700/40000 | Train Loss: 7.694e-02 | Dynamic Loss: 7.694e-02 | Regularization Loss: 2.742e-12 | Val Loss: 1.084e-01 | Time: 9.52s
2025-08-20 16:39:33,380:INFO:Epoch: 16750/40000 | Train Loss: 2.619e-02 | Dynamic Loss: 2.619e-02 | Regularization Loss: 3.020e-12 | Val Loss: 4.357e-02 | Time: 17.16s
2025-08-20 16:39:42,841:INFO:Epoch: 16800/40000 | Train Loss: 3.825e-02 | Dynamic Loss: 3.825e-02 | Regularization Loss: 2.913e-12 | Val Loss: 5.521e-02 | Time: 9.46s
2025-08-20 16:39:52,394:INFO:Epoch: 16850/40000 | Train Loss: 8.682e-02 | Dynamic Loss: 8.682e-02 | Regularization Loss: 2.458e-12 | Val Loss: 1.011e-01 | Time: 9.55s
2025-08-20 16:40:01,803:INFO:Epoch: 16900/40000 | Train Loss: 4.074e-02 | Dynamic Loss: 4.074e-02 | Regularization Loss: 1.705e-12 | Val Loss: 5.684e-02 | Time: 9.41s
2025-08-20 16:40:14,661:INFO:Epoch: 16950/40000 | Train Loss: 7.409e-02 | Dynamic Loss: 7.409e-02 | Regularization Loss: 1.960e-12 | Val Loss: 8.643e-02 | Time: 12.86s
2025-08-20 16:40:24,064:INFO:Epoch: 17000/40000 | Train Loss: 2.357e-02 | Dynamic Loss: 2.357e-02 | Regularization Loss: 1.996e-12 | Val Loss: 4.145e-02 | Time: 9.40s
2025-08-20 16:40:24,065:INFO:New best model found at epoch 17000 with validation loss 4.145e-02. Saving...
2025-08-20 16:40:33,501:INFO:Epoch: 17050/40000 | Train Loss: 2.237e-02 | Dynamic Loss: 2.237e-02 | Regularization Loss: 2.360e-12 | Val Loss: 3.960e-02 | Time: 9.42s
2025-08-20 16:40:33,501:INFO:New best model found at epoch 17050 with validation loss 3.960e-02. Saving...
2025-08-20 16:40:47,398:INFO:Epoch: 17100/40000 | Train Loss: 2.797e-02 | Dynamic Loss: 2.797e-02 | Regularization Loss: 2.131e-12 | Val Loss: 4.567e-02 | Time: 13.88s
2025-08-20 16:40:56,924:INFO:Epoch: 17150/40000 | Train Loss: 6.738e-02 | Dynamic Loss: 6.738e-02 | Regularization Loss: 1.055e-12 | Val Loss: 8.130e-02 | Time: 9.53s
2025-08-20 16:41:06,253:INFO:Epoch: 17200/40000 | Train Loss: 2.804e-02 | Dynamic Loss: 2.804e-02 | Regularization Loss: 8.905e-13 | Val Loss: 4.759e-02 | Time: 9.33s
2025-08-20 16:41:15,836:INFO:Epoch: 17250/40000 | Train Loss: 3.268e-02 | Dynamic Loss: 3.268e-02 | Regularization Loss: 1.063e-12 | Val Loss: 4.917e-02 | Time: 9.58s
2025-08-20 16:41:25,232:INFO:Epoch: 17300/40000 | Train Loss: 9.041e-02 | Dynamic Loss: 9.041e-02 | Regularization Loss: 6.050e-13 | Val Loss: 9.944e-02 | Time: 9.40s
2025-08-20 16:41:34,721:INFO:Epoch: 17350/40000 | Train Loss: 3.151e-02 | Dynamic Loss: 3.151e-02 | Regularization Loss: 4.279e-13 | Val Loss: 5.082e-02 | Time: 9.49s
2025-08-20 16:41:44,247:INFO:Epoch: 17400/40000 | Train Loss: 2.456e-02 | Dynamic Loss: 2.456e-02 | Regularization Loss: 4.934e-13 | Val Loss: 4.476e-02 | Time: 9.53s
2025-08-20 16:41:53,773:INFO:Epoch: 17450/40000 | Train Loss: 2.262e-02 | Dynamic Loss: 2.262e-02 | Regularization Loss: 5.972e-13 | Val Loss: 4.154e-02 | Time: 9.53s
2025-08-20 16:42:03,217:INFO:Epoch: 17500/40000 | Train Loss: 2.417e-02 | Dynamic Loss: 2.417e-02 | Regularization Loss: 5.055e-13 | Val Loss: 4.251e-02 | Time: 9.44s
2025-08-20 16:42:12,626:INFO:Epoch: 17550/40000 | Train Loss: 2.496e-02 | Dynamic Loss: 2.496e-02 | Regularization Loss: 5.726e-13 | Val Loss: 4.210e-02 | Time: 9.41s
2025-08-20 16:42:27,772:INFO:Epoch: 17600/40000 | Train Loss: 3.068e-02 | Dynamic Loss: 3.068e-02 | Regularization Loss: 5.964e-13 | Val Loss: 4.866e-02 | Time: 15.15s
2025-08-20 16:42:37,099:INFO:Epoch: 17650/40000 | Train Loss: 2.836e-02 | Dynamic Loss: 2.836e-02 | Regularization Loss: 4.678e-13 | Val Loss: 4.605e-02 | Time: 9.33s
2025-08-20 16:42:46,458:INFO:Epoch: 17700/40000 | Train Loss: 4.701e-02 | Dynamic Loss: 4.701e-02 | Regularization Loss: 1.494e-13 | Val Loss: 6.862e-02 | Time: 9.36s
2025-08-20 16:42:55,914:INFO:Epoch: 17750/40000 | Train Loss: 4.314e-02 | Dynamic Loss: 4.314e-02 | Regularization Loss: 1.365e-13 | Val Loss: 6.055e-02 | Time: 9.46s
2025-08-20 16:43:05,318:INFO:Epoch: 17800/40000 | Train Loss: 2.331e-02 | Dynamic Loss: 2.331e-02 | Regularization Loss: 1.573e-13 | Val Loss: 4.326e-02 | Time: 9.40s
2025-08-20 16:43:15,011:INFO:Epoch: 17850/40000 | Train Loss: 2.230e-02 | Dynamic Loss: 2.230e-02 | Regularization Loss: 1.798e-13 | Val Loss: 4.151e-02 | Time: 9.69s
2025-08-20 16:43:24,366:INFO:Epoch: 17900/40000 | Train Loss: 2.303e-02 | Dynamic Loss: 2.303e-02 | Regularization Loss: 2.035e-13 | Val Loss: 4.041e-02 | Time: 9.36s
2025-08-20 16:43:40,002:INFO:Epoch: 17950/40000 | Train Loss: 2.285e-02 | Dynamic Loss: 2.285e-02 | Regularization Loss: 2.280e-13 | Val Loss: 4.324e-02 | Time: 15.64s
2025-08-20 16:43:49,305:INFO:Epoch: 18000/40000 | Train Loss: 9.040e-02 | Dynamic Loss: 9.040e-02 | Regularization Loss: 1.482e-13 | Val Loss: 1.127e-01 | Time: 9.30s
2025-08-20 16:43:58,752:INFO:Epoch: 18050/40000 | Train Loss: 3.117e-02 | Dynamic Loss: 3.117e-02 | Regularization Loss: 1.161e-13 | Val Loss: 5.167e-02 | Time: 9.45s
2025-08-20 16:44:08,312:INFO:Epoch: 18100/40000 | Train Loss: 2.237e-02 | Dynamic Loss: 2.237e-02 | Regularization Loss: 1.007e-13 | Val Loss: 4.274e-02 | Time: 9.56s
2025-08-20 16:44:17,818:INFO:Epoch: 18150/40000 | Train Loss: 2.207e-02 | Dynamic Loss: 2.207e-02 | Regularization Loss: 8.894e-14 | Val Loss: 4.198e-02 | Time: 9.51s
2025-08-20 16:44:27,193:INFO:Epoch: 18200/40000 | Train Loss: 1.784e-01 | Dynamic Loss: 1.784e-01 | Regularization Loss: 9.453e-14 | Val Loss: 2.597e-01 | Time: 9.37s
2025-08-20 16:44:36,621:INFO:Epoch: 18250/40000 | Train Loss: 2.338e-02 | Dynamic Loss: 2.338e-02 | Regularization Loss: 6.838e-14 | Val Loss: 4.441e-02 | Time: 9.43s
2025-08-20 16:44:46,105:INFO:Epoch: 18300/40000 | Train Loss: 2.048e-02 | Dynamic Loss: 2.048e-02 | Regularization Loss: 7.708e-14 | Val Loss: 4.079e-02 | Time: 9.48s
2025-08-20 16:44:55,590:INFO:Epoch: 18350/40000 | Train Loss: 2.106e-02 | Dynamic Loss: 2.106e-02 | Regularization Loss: 8.213e-14 | Val Loss: 4.190e-02 | Time: 9.49s
2025-08-20 16:45:05,057:INFO:Epoch: 18400/40000 | Train Loss: 3.650e-02 | Dynamic Loss: 3.650e-02 | Regularization Loss: 9.027e-14 | Val Loss: 4.758e-02 | Time: 9.47s
2025-08-20 16:45:14,587:INFO:Epoch: 18450/40000 | Train Loss: 2.582e-01 | Dynamic Loss: 2.582e-01 | Regularization Loss: 1.003e-13 | Val Loss: 2.271e-01 | Time: 9.53s
2025-08-20 16:45:24,118:INFO:Epoch: 18500/40000 | Train Loss: 3.351e-02 | Dynamic Loss: 3.351e-02 | Regularization Loss: 2.516e-14 | Val Loss: 5.136e-02 | Time: 9.53s
2025-08-20 16:45:33,513:INFO:Epoch: 18550/40000 | Train Loss: 2.143e-02 | Dynamic Loss: 2.143e-02 | Regularization Loss: 2.550e-14 | Val Loss: 3.983e-02 | Time: 9.39s
2025-08-20 16:45:42,975:INFO:Epoch: 18600/40000 | Train Loss: 1.958e-02 | Dynamic Loss: 1.958e-02 | Regularization Loss: 2.824e-14 | Val Loss: 3.760e-02 | Time: 9.46s
2025-08-20 16:45:42,975:INFO:New best model found at epoch 18600 with validation loss 3.760e-02. Saving...
2025-08-20 16:45:52,330:INFO:Epoch: 18650/40000 | Train Loss: 2.270e-02 | Dynamic Loss: 2.270e-02 | Regularization Loss: 3.128e-14 | Val Loss: 3.984e-02 | Time: 9.33s
2025-08-20 16:46:01,725:INFO:Epoch: 18700/40000 | Train Loss: 6.272e-01 | Dynamic Loss: 6.272e-01 | Regularization Loss: 1.493e-14 | Val Loss: 6.331e-01 | Time: 9.39s
2025-08-20 16:46:11,095:INFO:Epoch: 18750/40000 | Train Loss: 2.038e-01 | Dynamic Loss: 2.038e-01 | Regularization Loss: 9.541e-15 | Val Loss: 2.221e-01 | Time: 9.37s
2025-08-20 16:46:20,531:INFO:Epoch: 18800/40000 | Train Loss: 6.902e-02 | Dynamic Loss: 6.902e-02 | Regularization Loss: 8.000e-15 | Val Loss: 9.015e-02 | Time: 9.44s
2025-08-20 16:46:29,990:INFO:Epoch: 18850/40000 | Train Loss: 3.201e-02 | Dynamic Loss: 3.201e-02 | Regularization Loss: 8.012e-15 | Val Loss: 5.425e-02 | Time: 9.46s
2025-08-20 16:46:39,361:INFO:Epoch: 18900/40000 | Train Loss: 2.766e-02 | Dynamic Loss: 2.766e-02 | Regularization Loss: 8.429e-15 | Val Loss: 4.935e-02 | Time: 9.37s
2025-08-20 16:46:48,650:INFO:Epoch: 18950/40000 | Train Loss: 2.438e-02 | Dynamic Loss: 2.438e-02 | Regularization Loss: 8.842e-15 | Val Loss: 4.426e-02 | Time: 9.29s
2025-08-20 16:47:01,739:INFO:Epoch: 19000/40000 | Train Loss: 2.213e-02 | Dynamic Loss: 2.213e-02 | Regularization Loss: 9.281e-15 | Val Loss: 4.246e-02 | Time: 13.09s
2025-08-20 16:47:11,052:INFO:Epoch: 19050/40000 | Train Loss: 2.095e-02 | Dynamic Loss: 2.095e-02 | Regularization Loss: 9.733e-15 | Val Loss: 4.044e-02 | Time: 9.31s
2025-08-20 16:47:20,477:INFO:Epoch: 19100/40000 | Train Loss: 2.026e-02 | Dynamic Loss: 2.026e-02 | Regularization Loss: 1.007e-14 | Val Loss: 3.928e-02 | Time: 9.42s
2025-08-20 16:47:29,902:INFO:Epoch: 19150/40000 | Train Loss: 9.484e-02 | Dynamic Loss: 9.484e-02 | Regularization Loss: 9.507e-15 | Val Loss: 1.069e-01 | Time: 9.42s
2025-08-20 16:47:39,274:INFO:Epoch: 19200/40000 | Train Loss: 2.127e-02 | Dynamic Loss: 2.127e-02 | Regularization Loss: 8.383e-15 | Val Loss: 4.151e-02 | Time: 9.37s
2025-08-20 16:47:48,711:INFO:Epoch: 19250/40000 | Train Loss: 1.978e-02 | Dynamic Loss: 1.978e-02 | Regularization Loss: 8.368e-15 | Val Loss: 3.944e-02 | Time: 9.44s
2025-08-20 16:48:05,094:INFO:Epoch: 19300/40000 | Train Loss: 2.922e-02 | Dynamic Loss: 2.922e-02 | Regularization Loss: 8.522e-15 | Val Loss: 5.110e-02 | Time: 16.38s
2025-08-20 16:48:14,564:INFO:Epoch: 19350/40000 | Train Loss: 1.860e-02 | Dynamic Loss: 1.860e-02 | Regularization Loss: 8.413e-15 | Val Loss: 3.805e-02 | Time: 9.47s
2025-08-20 16:48:23,968:INFO:Epoch: 19400/40000 | Train Loss: 6.475e-01 | Dynamic Loss: 6.475e-01 | Regularization Loss: 8.366e-15 | Val Loss: 6.596e-01 | Time: 9.40s
2025-08-20 16:48:33,436:INFO:Epoch: 19450/40000 | Train Loss: 7.303e-02 | Dynamic Loss: 7.303e-02 | Regularization Loss: 3.648e-15 | Val Loss: 1.145e-01 | Time: 9.47s
2025-08-20 16:48:42,796:INFO:Epoch: 19500/40000 | Train Loss: 2.258e-02 | Dynamic Loss: 2.258e-02 | Regularization Loss: 2.716e-15 | Val Loss: 4.350e-02 | Time: 9.36s
2025-08-20 16:48:52,315:INFO:Epoch: 19550/40000 | Train Loss: 1.968e-02 | Dynamic Loss: 1.968e-02 | Regularization Loss: 3.025e-15 | Val Loss: 4.011e-02 | Time: 9.52s
2025-08-20 16:49:03,833:INFO:Epoch: 19600/40000 | Train Loss: 1.898e-02 | Dynamic Loss: 1.898e-02 | Regularization Loss: 3.304e-15 | Val Loss: 3.879e-02 | Time: 11.52s
2025-08-20 16:49:17,146:INFO:Epoch: 19650/40000 | Train Loss: 5.437e-02 | Dynamic Loss: 5.437e-02 | Regularization Loss: 1.671e-15 | Val Loss: 8.125e-02 | Time: 13.31s
2025-08-20 16:49:26,507:INFO:Epoch: 19700/40000 | Train Loss: 3.842e-02 | Dynamic Loss: 3.842e-02 | Regularization Loss: 1.094e-15 | Val Loss: 5.649e-02 | Time: 9.36s
2025-08-20 16:49:35,994:INFO:Epoch: 19750/40000 | Train Loss: 2.198e-02 | Dynamic Loss: 2.198e-02 | Regularization Loss: 1.129e-15 | Val Loss: 4.160e-02 | Time: 9.49s
2025-08-20 16:49:45,412:INFO:Epoch: 19800/40000 | Train Loss: 1.983e-02 | Dynamic Loss: 1.983e-02 | Regularization Loss: 1.225e-15 | Val Loss: 3.888e-02 | Time: 9.42s
2025-08-20 16:49:54,950:INFO:Epoch: 19850/40000 | Train Loss: 1.924e-02 | Dynamic Loss: 1.924e-02 | Regularization Loss: 1.315e-15 | Val Loss: 3.802e-02 | Time: 9.54s
2025-08-20 16:50:04,365:INFO:Epoch: 19900/40000 | Train Loss: 1.995e-02 | Dynamic Loss: 1.995e-02 | Regularization Loss: 1.413e-15 | Val Loss: 3.830e-02 | Time: 9.41s
2025-08-20 16:50:13,898:INFO:Epoch: 19950/40000 | Train Loss: 1.039e-01 | Dynamic Loss: 1.039e-01 | Regularization Loss: 1.491e-15 | Val Loss: 1.250e-01 | Time: 9.53s
2025-08-20 16:50:23,379:INFO:Epoch: 20000/40000 | Train Loss: 2.525e-02 | Dynamic Loss: 2.525e-02 | Regularization Loss: 8.427e-16 | Val Loss: 4.750e-02 | Time: 9.48s
2025-08-20 16:50:36,476:INFO:Epoch: 20050/40000 | Train Loss: 1.858e-02 | Dynamic Loss: 1.858e-02 | Regularization Loss: 7.941e-16 | Val Loss: 3.806e-02 | Time: 13.10s
2025-08-20 16:50:45,858:INFO:Epoch: 20100/40000 | Train Loss: 1.749e-02 | Dynamic Loss: 1.749e-02 | Regularization Loss: 8.341e-16 | Val Loss: 3.642e-02 | Time: 9.38s
2025-08-20 16:50:45,858:INFO:New best model found at epoch 20100 with validation loss 3.642e-02. Saving...
2025-08-20 16:50:55,231:INFO:Epoch: 20150/40000 | Train Loss: 1.725e-02 | Dynamic Loss: 1.725e-02 | Regularization Loss: 8.454e-16 | Val Loss: 3.572e-02 | Time: 9.33s
2025-08-20 16:50:55,231:INFO:New best model found at epoch 20150 with validation loss 3.572e-02. Saving...
2025-08-20 16:51:06,522:INFO:Epoch: 20200/40000 | Train Loss: 1.914e-02 | Dynamic Loss: 1.914e-02 | Regularization Loss: 5.994e-16 | Val Loss: 4.075e-02 | Time: 11.27s
2025-08-20 16:51:15,965:INFO:Epoch: 20250/40000 | Train Loss: 1.707e-02 | Dynamic Loss: 1.707e-02 | Regularization Loss: 6.071e-16 | Val Loss: 3.803e-02 | Time: 9.44s
2025-08-20 16:51:25,377:INFO:Epoch: 20300/40000 | Train Loss: 1.731e-02 | Dynamic Loss: 1.731e-02 | Regularization Loss: 4.659e-16 | Val Loss: 3.845e-02 | Time: 9.41s
2025-08-20 16:51:34,947:INFO:Epoch: 20350/40000 | Train Loss: 1.918e-02 | Dynamic Loss: 1.918e-02 | Regularization Loss: 4.912e-16 | Val Loss: 3.885e-02 | Time: 9.57s
2025-08-20 16:51:44,493:INFO:Epoch: 20400/40000 | Train Loss: 1.614e-01 | Dynamic Loss: 1.614e-01 | Regularization Loss: 3.598e-16 | Val Loss: 1.873e-01 | Time: 9.55s
2025-08-20 16:51:53,912:INFO:Epoch: 20450/40000 | Train Loss: 7.230e-02 | Dynamic Loss: 7.230e-02 | Regularization Loss: 1.994e-16 | Val Loss: 9.549e-02 | Time: 9.42s
2025-08-20 16:52:03,330:INFO:Epoch: 20500/40000 | Train Loss: 2.903e-02 | Dynamic Loss: 2.903e-02 | Regularization Loss: 1.620e-16 | Val Loss: 5.399e-02 | Time: 9.42s
2025-08-20 16:52:15,592:INFO:Epoch: 20550/40000 | Train Loss: 2.408e-02 | Dynamic Loss: 2.408e-02 | Regularization Loss: 1.373e-16 | Val Loss: 4.818e-02 | Time: 12.26s
2025-08-20 16:52:25,039:INFO:Epoch: 20600/40000 | Train Loss: 2.202e-02 | Dynamic Loss: 2.202e-02 | Regularization Loss: 1.441e-16 | Val Loss: 4.541e-02 | Time: 9.45s
2025-08-20 16:52:34,370:INFO:Epoch: 20650/40000 | Train Loss: 2.259e-02 | Dynamic Loss: 2.259e-02 | Regularization Loss: 1.470e-16 | Val Loss: 4.449e-02 | Time: 9.33s
2025-08-20 16:52:43,693:INFO:Epoch: 20700/40000 | Train Loss: 3.664e-02 | Dynamic Loss: 3.664e-02 | Regularization Loss: 9.528e-17 | Val Loss: 6.168e-02 | Time: 9.32s
2025-08-20 16:52:58,934:INFO:Epoch: 20750/40000 | Train Loss: 3.217e-01 | Dynamic Loss: 3.217e-01 | Regularization Loss: 1.190e-16 | Val Loss: 2.887e-01 | Time: 15.24s
2025-08-20 16:53:08,404:INFO:Epoch: 20800/40000 | Train Loss: 5.477e-02 | Dynamic Loss: 5.477e-02 | Regularization Loss: 8.940e-17 | Val Loss: 7.946e-02 | Time: 9.47s
2025-08-20 16:53:17,936:INFO:Epoch: 20850/40000 | Train Loss: 7.852e-02 | Dynamic Loss: 7.852e-02 | Regularization Loss: 8.101e-17 | Val Loss: 1.005e-01 | Time: 9.53s
2025-08-20 16:53:27,406:INFO:Epoch: 20900/40000 | Train Loss: 3.631e-02 | Dynamic Loss: 3.631e-02 | Regularization Loss: 6.908e-17 | Val Loss: 5.783e-02 | Time: 9.47s
2025-08-20 16:53:36,929:INFO:Epoch: 20950/40000 | Train Loss: 3.488e-02 | Dynamic Loss: 3.488e-02 | Regularization Loss: 6.903e-17 | Val Loss: 5.534e-02 | Time: 9.52s
2025-08-20 16:53:46,398:INFO:Epoch: 21000/40000 | Train Loss: 2.251e-01 | Dynamic Loss: 2.251e-01 | Regularization Loss: 5.436e-17 | Val Loss: 2.835e-01 | Time: 9.47s
2025-08-20 16:53:55,990:INFO:Epoch: 21050/40000 | Train Loss: 5.808e-02 | Dynamic Loss: 5.808e-02 | Regularization Loss: 3.956e-17 | Val Loss: 8.520e-02 | Time: 9.59s
2025-08-20 16:54:05,561:INFO:Epoch: 21100/40000 | Train Loss: 3.924e-02 | Dynamic Loss: 3.924e-02 | Regularization Loss: 4.184e-17 | Val Loss: 6.850e-02 | Time: 9.57s
2025-08-20 16:54:15,011:INFO:Epoch: 21150/40000 | Train Loss: 3.176e-02 | Dynamic Loss: 3.176e-02 | Regularization Loss: 4.401e-17 | Val Loss: 5.876e-02 | Time: 9.45s
2025-08-20 16:54:24,509:INFO:Epoch: 21200/40000 | Train Loss: 3.509e-02 | Dynamic Loss: 3.509e-02 | Regularization Loss: 4.232e-17 | Val Loss: 6.214e-02 | Time: 9.50s
2025-08-20 16:54:39,508:INFO:Epoch: 21250/40000 | Train Loss: 2.738e-02 | Dynamic Loss: 2.738e-02 | Regularization Loss: 4.344e-17 | Val Loss: 5.510e-02 | Time: 15.00s
2025-08-20 16:54:48,954:INFO:Epoch: 21300/40000 | Train Loss: 2.803e-02 | Dynamic Loss: 2.803e-02 | Regularization Loss: 4.153e-17 | Val Loss: 5.624e-02 | Time: 9.45s
2025-08-20 16:54:58,428:INFO:Epoch: 21350/40000 | Train Loss: 2.701e-02 | Dynamic Loss: 2.701e-02 | Regularization Loss: 4.128e-17 | Val Loss: 5.356e-02 | Time: 9.47s
2025-08-20 16:55:07,914:INFO:Epoch: 21400/40000 | Train Loss: 2.355e-02 | Dynamic Loss: 2.355e-02 | Regularization Loss: 4.230e-17 | Val Loss: 4.932e-02 | Time: 9.49s
2025-08-20 16:55:17,242:INFO:Epoch: 21450/40000 | Train Loss: 2.281e-02 | Dynamic Loss: 2.281e-02 | Regularization Loss: 4.390e-17 | Val Loss: 4.790e-02 | Time: 9.33s
2025-08-20 16:55:27,184:INFO:Epoch: 21500/40000 | Train Loss: 2.454e-02 | Dynamic Loss: 2.454e-02 | Regularization Loss: 4.534e-17 | Val Loss: 4.855e-02 | Time: 9.94s
2025-08-20 16:55:36,622:INFO:Epoch: 21550/40000 | Train Loss: 3.120e-02 | Dynamic Loss: 3.120e-02 | Regularization Loss: 2.500e-17 | Val Loss: 5.504e-02 | Time: 9.44s
2025-08-20 16:55:51,748:INFO:Epoch: 21600/40000 | Train Loss: 2.543e-02 | Dynamic Loss: 2.543e-02 | Regularization Loss: 2.380e-17 | Val Loss: 4.862e-02 | Time: 15.13s
2025-08-20 16:56:01,176:INFO:Epoch: 21650/40000 | Train Loss: 2.252e-02 | Dynamic Loss: 2.252e-02 | Regularization Loss: 2.471e-17 | Val Loss: 4.506e-02 | Time: 9.43s
2025-08-20 16:56:10,569:INFO:Epoch: 21700/40000 | Train Loss: 3.646e-02 | Dynamic Loss: 3.646e-02 | Regularization Loss: 2.306e-17 | Val Loss: 5.964e-02 | Time: 9.39s
2025-08-20 16:56:25,086:INFO:Epoch: 21750/40000 | Train Loss: 2.438e-02 | Dynamic Loss: 2.438e-02 | Regularization Loss: 2.200e-17 | Val Loss: 4.539e-02 | Time: 14.52s
2025-08-20 16:56:34,523:INFO:Epoch: 21800/40000 | Train Loss: 3.729e-02 | Dynamic Loss: 3.729e-02 | Regularization Loss: 2.060e-17 | Val Loss: 5.502e-02 | Time: 9.44s
2025-08-20 16:56:43,803:INFO:Epoch: 21850/40000 | Train Loss: 2.083e-02 | Dynamic Loss: 2.083e-02 | Regularization Loss: 1.771e-17 | Val Loss: 4.318e-02 | Time: 9.28s
2025-08-20 16:56:53,450:INFO:Epoch: 21900/40000 | Train Loss: 2.141e-02 | Dynamic Loss: 2.141e-02 | Regularization Loss: 1.517e-17 | Val Loss: 4.419e-02 | Time: 9.65s
2025-08-20 16:57:04,442:INFO:Epoch: 21950/40000 | Train Loss: 1.352e+00 | Dynamic Loss: 1.352e+00 | Regularization Loss: 1.335e-17 | Val Loss: 1.362e+00 | Time: 10.99s
2025-08-20 16:57:13,817:INFO:Epoch: 22000/40000 | Train Loss: 6.873e-02 | Dynamic Loss: 6.873e-02 | Regularization Loss: 9.678e-18 | Val Loss: 9.452e-02 | Time: 9.37s
2025-08-20 16:57:23,213:INFO:Epoch: 22050/40000 | Train Loss: 3.339e-02 | Dynamic Loss: 3.339e-02 | Regularization Loss: 8.740e-18 | Val Loss: 6.060e-02 | Time: 9.40s
2025-08-20 16:57:32,827:INFO:Epoch: 22100/40000 | Train Loss: 3.133e-02 | Dynamic Loss: 3.133e-02 | Regularization Loss: 7.044e-18 | Val Loss: 5.601e-02 | Time: 9.61s
2025-08-20 16:57:42,315:INFO:Epoch: 22150/40000 | Train Loss: 2.478e-02 | Dynamic Loss: 2.478e-02 | Regularization Loss: 7.833e-18 | Val Loss: 4.918e-02 | Time: 9.49s
2025-08-20 16:57:51,727:INFO:Epoch: 22200/40000 | Train Loss: 2.249e-02 | Dynamic Loss: 2.249e-02 | Regularization Loss: 8.220e-18 | Val Loss: 4.668e-02 | Time: 9.41s
2025-08-20 16:58:01,173:INFO:Epoch: 22250/40000 | Train Loss: 2.179e-02 | Dynamic Loss: 2.179e-02 | Regularization Loss: 8.267e-18 | Val Loss: 4.577e-02 | Time: 9.45s
2025-08-20 16:58:10,635:INFO:Epoch: 22300/40000 | Train Loss: 2.077e-02 | Dynamic Loss: 2.077e-02 | Regularization Loss: 8.586e-18 | Val Loss: 4.437e-02 | Time: 9.46s
2025-08-20 16:58:20,147:INFO:Epoch: 22350/40000 | Train Loss: 2.012e-02 | Dynamic Loss: 2.012e-02 | Regularization Loss: 8.063e-18 | Val Loss: 4.324e-02 | Time: 9.51s
2025-08-20 16:58:29,613:INFO:Epoch: 22400/40000 | Train Loss: 1.944e-02 | Dynamic Loss: 1.944e-02 | Regularization Loss: 8.230e-18 | Val Loss: 4.239e-02 | Time: 9.47s
2025-08-20 16:58:39,104:INFO:Epoch: 22450/40000 | Train Loss: 2.052e-02 | Dynamic Loss: 2.052e-02 | Regularization Loss: 8.125e-18 | Val Loss: 4.350e-02 | Time: 9.49s
2025-08-20 16:58:48,495:INFO:Epoch: 22500/40000 | Train Loss: 1.957e-02 | Dynamic Loss: 1.957e-02 | Regularization Loss: 7.691e-18 | Val Loss: 4.264e-02 | Time: 9.39s
2025-08-20 16:58:57,936:INFO:Epoch: 22550/40000 | Train Loss: 1.998e-02 | Dynamic Loss: 1.998e-02 | Regularization Loss: 7.624e-18 | Val Loss: 4.339e-02 | Time: 9.44s
2025-08-20 16:59:07,389:INFO:Epoch: 22600/40000 | Train Loss: 1.879e-02 | Dynamic Loss: 1.879e-02 | Regularization Loss: 6.242e-18 | Val Loss: 4.074e-02 | Time: 9.45s
2025-08-20 16:59:16,833:INFO:Epoch: 22650/40000 | Train Loss: 2.349e-02 | Dynamic Loss: 2.349e-02 | Regularization Loss: 4.242e-18 | Val Loss: 4.611e-02 | Time: 9.44s
2025-08-20 16:59:26,190:INFO:Epoch: 22700/40000 | Train Loss: 1.770e-02 | Dynamic Loss: 1.770e-02 | Regularization Loss: 3.577e-18 | Val Loss: 4.046e-02 | Time: 9.36s
2025-08-20 16:59:35,461:INFO:Epoch: 22750/40000 | Train Loss: 2.326e-02 | Dynamic Loss: 2.326e-02 | Regularization Loss: 4.030e-18 | Val Loss: 4.398e-02 | Time: 9.27s
2025-08-20 16:59:47,694:INFO:Epoch: 22800/40000 | Train Loss: 1.671e-02 | Dynamic Loss: 1.671e-02 | Regularization Loss: 3.948e-18 | Val Loss: 3.915e-02 | Time: 12.23s
2025-08-20 16:59:57,033:INFO:Epoch: 22850/40000 | Train Loss: 1.621e-02 | Dynamic Loss: 1.621e-02 | Regularization Loss: 4.115e-18 | Val Loss: 3.836e-02 | Time: 9.34s
2025-08-20 17:00:06,346:INFO:Epoch: 22900/40000 | Train Loss: 5.393e-02 | Dynamic Loss: 5.393e-02 | Regularization Loss: 1.900e-18 | Val Loss: 1.115e-01 | Time: 9.31s
2025-08-20 17:00:15,804:INFO:Epoch: 22950/40000 | Train Loss: 2.301e-01 | Dynamic Loss: 2.301e-01 | Regularization Loss: 2.215e-18 | Val Loss: 2.186e-01 | Time: 9.46s
2025-08-20 17:00:25,116:INFO:Epoch: 23000/40000 | Train Loss: 4.134e-01 | Dynamic Loss: 4.134e-01 | Regularization Loss: 2.765e-18 | Val Loss: 4.370e-01 | Time: 9.31s
2025-08-20 17:00:34,485:INFO:Epoch: 23050/40000 | Train Loss: 2.830e-01 | Dynamic Loss: 2.830e-01 | Regularization Loss: 2.071e-18 | Val Loss: 3.005e-01 | Time: 9.37s
2025-08-20 17:00:43,955:INFO:Epoch: 23100/40000 | Train Loss: 3.301e-01 | Dynamic Loss: 3.301e-01 | Regularization Loss: 1.202e-18 | Val Loss: 4.740e-01 | Time: 9.47s
2025-08-20 17:00:55,815:INFO:Epoch: 23150/40000 | Train Loss: 2.482e-01 | Dynamic Loss: 2.482e-01 | Regularization Loss: 7.283e-19 | Val Loss: 2.645e-01 | Time: 11.86s
2025-08-20 17:01:05,303:INFO:Epoch: 23200/40000 | Train Loss: 1.783e-01 | Dynamic Loss: 1.783e-01 | Regularization Loss: 4.626e-19 | Val Loss: 2.762e-01 | Time: 9.49s
2025-08-20 17:01:14,696:INFO:Epoch: 23250/40000 | Train Loss: 8.507e-01 | Dynamic Loss: 8.507e-01 | Regularization Loss: 7.213e-19 | Val Loss: 7.787e-01 | Time: 9.39s
2025-08-20 17:01:24,226:INFO:Epoch: 23300/40000 | Train Loss: 4.833e-01 | Dynamic Loss: 4.833e-01 | Regularization Loss: 6.497e-19 | Val Loss: 4.913e-01 | Time: 9.53s
2025-08-20 17:01:33,586:INFO:Epoch: 23350/40000 | Train Loss: 1.935e-01 | Dynamic Loss: 1.935e-01 | Regularization Loss: 7.388e-19 | Val Loss: 2.212e-01 | Time: 9.36s
2025-08-20 17:01:42,984:INFO:Epoch: 23400/40000 | Train Loss: 1.152e-01 | Dynamic Loss: 1.152e-01 | Regularization Loss: 7.503e-19 | Val Loss: 1.477e-01 | Time: 9.40s
2025-08-20 17:01:52,316:INFO:Epoch: 23450/40000 | Train Loss: 1.265e-01 | Dynamic Loss: 1.265e-01 | Regularization Loss: 7.385e-19 | Val Loss: 1.574e-01 | Time: 9.33s
2025-08-20 17:02:09,658:INFO:Epoch: 23500/40000 | Train Loss: 9.807e-02 | Dynamic Loss: 9.807e-02 | Regularization Loss: 7.065e-19 | Val Loss: 1.267e-01 | Time: 17.34s
2025-08-20 17:02:19,050:INFO:Epoch: 23550/40000 | Train Loss: 9.072e-02 | Dynamic Loss: 9.072e-02 | Regularization Loss: 6.879e-19 | Val Loss: 1.180e-01 | Time: 9.39s
2025-08-20 17:02:28,501:INFO:Epoch: 23600/40000 | Train Loss: 8.425e-02 | Dynamic Loss: 8.425e-02 | Regularization Loss: 6.593e-19 | Val Loss: 1.104e-01 | Time: 9.45s
2025-08-20 17:02:37,992:INFO:Epoch: 23650/40000 | Train Loss: 9.026e-02 | Dynamic Loss: 9.026e-02 | Regularization Loss: 5.879e-19 | Val Loss: 1.151e-01 | Time: 9.49s
2025-08-20 17:02:47,472:INFO:Epoch: 23700/40000 | Train Loss: 1.088e-01 | Dynamic Loss: 1.088e-01 | Regularization Loss: 5.305e-19 | Val Loss: 1.186e-01 | Time: 9.48s
2025-08-20 17:02:56,782:INFO:Epoch: 23750/40000 | Train Loss: 3.277e-01 | Dynamic Loss: 3.277e-01 | Regularization Loss: 4.842e-19 | Val Loss: 3.477e-01 | Time: 9.31s
2025-08-20 17:03:06,147:INFO:Epoch: 23800/40000 | Train Loss: 1.076e-01 | Dynamic Loss: 1.076e-01 | Regularization Loss: 3.067e-19 | Val Loss: 1.385e-01 | Time: 9.36s
2025-08-20 17:03:22,461:INFO:Epoch: 23850/40000 | Train Loss: 7.503e-02 | Dynamic Loss: 7.503e-02 | Regularization Loss: 3.101e-19 | Val Loss: 1.038e-01 | Time: 16.31s
2025-08-20 17:03:32,207:INFO:Epoch: 23900/40000 | Train Loss: 1.113e-01 | Dynamic Loss: 1.113e-01 | Regularization Loss: 3.056e-19 | Val Loss: 1.308e-01 | Time: 9.74s
2025-08-20 17:03:41,727:INFO:Epoch: 23950/40000 | Train Loss: 9.357e-02 | Dynamic Loss: 9.357e-02 | Regularization Loss: 2.798e-19 | Val Loss: 1.190e-01 | Time: 9.52s
2025-08-20 17:03:51,219:INFO:Epoch: 24000/40000 | Train Loss: 6.062e-02 | Dynamic Loss: 6.062e-02 | Regularization Loss: 2.750e-19 | Val Loss: 8.737e-02 | Time: 9.49s
2025-08-20 17:04:00,592:INFO:Epoch: 24050/40000 | Train Loss: 5.658e-02 | Dynamic Loss: 5.658e-02 | Regularization Loss: 2.635e-19 | Val Loss: 8.243e-02 | Time: 9.37s
2025-08-20 17:04:09,898:INFO:Epoch: 24100/40000 | Train Loss: 5.441e-02 | Dynamic Loss: 5.441e-02 | Regularization Loss: 2.501e-19 | Val Loss: 8.019e-02 | Time: 9.31s
2025-08-20 17:04:19,590:INFO:Epoch: 24150/40000 | Train Loss: 4.875e-02 | Dynamic Loss: 4.875e-02 | Regularization Loss: 2.348e-19 | Val Loss: 7.371e-02 | Time: 9.69s
2025-08-20 17:04:29,046:INFO:Epoch: 24200/40000 | Train Loss: 4.933e-02 | Dynamic Loss: 4.933e-02 | Regularization Loss: 2.200e-19 | Val Loss: 7.663e-02 | Time: 9.46s
2025-08-20 17:04:38,703:INFO:Epoch: 24250/40000 | Train Loss: 4.099e+00 | Dynamic Loss: 4.099e+00 | Regularization Loss: 1.714e-19 | Val Loss: 4.814e+00 | Time: 9.66s
2025-08-20 17:04:48,377:INFO:Epoch: 24300/40000 | Train Loss: 3.055e-01 | Dynamic Loss: 3.055e-01 | Regularization Loss: 1.112e-19 | Val Loss: 4.349e-01 | Time: 9.67s
2025-08-20 17:05:04,797:INFO:Epoch: 24350/40000 | Train Loss: 2.247e-01 | Dynamic Loss: 2.247e-01 | Regularization Loss: 9.135e-20 | Val Loss: 2.780e-01 | Time: 16.42s
2025-08-20 17:05:14,137:INFO:Epoch: 24400/40000 | Train Loss: 1.021e-01 | Dynamic Loss: 1.021e-01 | Regularization Loss: 9.595e-20 | Val Loss: 1.484e-01 | Time: 9.34s
2025-08-20 17:05:23,467:INFO:Epoch: 24450/40000 | Train Loss: 1.076e+00 | Dynamic Loss: 1.076e+00 | Regularization Loss: 8.298e-20 | Val Loss: 1.237e+00 | Time: 9.33s
2025-08-20 17:05:33,029:INFO:Epoch: 24500/40000 | Train Loss: 1.034e-01 | Dynamic Loss: 1.034e-01 | Regularization Loss: 6.963e-20 | Val Loss: 1.547e-01 | Time: 9.56s
2025-08-20 17:05:45,313:INFO:Epoch: 24550/40000 | Train Loss: 7.605e-02 | Dynamic Loss: 7.605e-02 | Regularization Loss: 6.994e-20 | Val Loss: 1.218e-01 | Time: 12.28s
2025-08-20 17:05:54,725:INFO:Epoch: 24600/40000 | Train Loss: 6.222e-02 | Dynamic Loss: 6.222e-02 | Regularization Loss: 6.980e-20 | Val Loss: 1.060e-01 | Time: 9.41s
2025-08-20 17:06:04,106:INFO:Epoch: 24650/40000 | Train Loss: 5.449e-02 | Dynamic Loss: 5.449e-02 | Regularization Loss: 7.012e-20 | Val Loss: 9.874e-02 | Time: 9.38s
2025-08-20 17:06:19,200:INFO:Epoch: 24700/40000 | Train Loss: 5.297e-02 | Dynamic Loss: 5.297e-02 | Regularization Loss: 6.116e-20 | Val Loss: 9.607e-02 | Time: 15.09s
2025-08-20 17:06:28,575:INFO:Epoch: 24750/40000 | Train Loss: 4.752e-02 | Dynamic Loss: 4.752e-02 | Regularization Loss: 6.385e-20 | Val Loss: 8.978e-02 | Time: 9.37s
2025-08-20 17:06:38,031:INFO:Epoch: 24800/40000 | Train Loss: 4.457e-02 | Dynamic Loss: 4.457e-02 | Regularization Loss: 6.554e-20 | Val Loss: 8.551e-02 | Time: 9.46s
2025-08-20 17:06:47,347:INFO:Epoch: 24850/40000 | Train Loss: 3.076e-01 | Dynamic Loss: 3.076e-01 | Regularization Loss: 1.207e-19 | Val Loss: 3.431e-01 | Time: 9.32s
2025-08-20 17:07:03,632:INFO:Epoch: 24900/40000 | Train Loss: 3.413e-01 | Dynamic Loss: 3.413e-01 | Regularization Loss: 1.236e-19 | Val Loss: 6.140e-01 | Time: 16.29s
2025-08-20 17:07:13,015:INFO:Epoch: 24950/40000 | Train Loss: 1.946e-01 | Dynamic Loss: 1.946e-01 | Regularization Loss: 1.032e-19 | Val Loss: 2.107e-01 | Time: 9.38s
2025-08-20 17:07:22,402:INFO:Epoch: 25000/40000 | Train Loss: 1.226e-01 | Dynamic Loss: 1.226e-01 | Regularization Loss: 9.523e-20 | Val Loss: 1.555e-01 | Time: 9.39s
2025-08-20 17:07:34,899:INFO:Epoch: 25050/40000 | Train Loss: 7.641e-01 | Dynamic Loss: 7.641e-01 | Regularization Loss: 8.094e-20 | Val Loss: 9.763e-01 | Time: 12.50s
2025-08-20 17:07:44,185:INFO:Epoch: 25100/40000 | Train Loss: 1.026e-01 | Dynamic Loss: 1.026e-01 | Regularization Loss: 5.663e-20 | Val Loss: 1.400e-01 | Time: 9.29s
2025-08-20 17:07:53,816:INFO:Epoch: 25150/40000 | Train Loss: 9.762e-01 | Dynamic Loss: 9.762e-01 | Regularization Loss: 7.705e-20 | Val Loss: 1.405e+00 | Time: 9.63s
2025-08-20 17:08:03,953:INFO:Epoch: 25200/40000 | Train Loss: 1.602e-01 | Dynamic Loss: 1.602e-01 | Regularization Loss: 4.813e-20 | Val Loss: 1.986e-01 | Time: 10.14s
2025-08-20 17:08:20,622:INFO:Epoch: 25250/40000 | Train Loss: 1.090e-01 | Dynamic Loss: 1.090e-01 | Regularization Loss: 4.389e-20 | Val Loss: 1.401e-01 | Time: 16.67s
2025-08-20 17:08:30,010:INFO:Epoch: 25300/40000 | Train Loss: 8.930e-02 | Dynamic Loss: 8.930e-02 | Regularization Loss: 4.218e-20 | Val Loss: 1.199e-01 | Time: 9.39s
2025-08-20 17:08:39,373:INFO:Epoch: 25350/40000 | Train Loss: 9.454e-02 | Dynamic Loss: 9.454e-02 | Regularization Loss: 3.652e-20 | Val Loss: 1.283e-01 | Time: 9.36s
2025-08-20 17:08:51,965:INFO:Epoch: 25400/40000 | Train Loss: 8.109e-02 | Dynamic Loss: 8.109e-02 | Regularization Loss: 3.218e-20 | Val Loss: 1.135e-01 | Time: 12.59s
2025-08-20 17:09:01,299:INFO:Epoch: 25450/40000 | Train Loss: 7.090e-02 | Dynamic Loss: 7.090e-02 | Regularization Loss: 3.134e-20 | Val Loss: 1.010e-01 | Time: 9.33s
2025-08-20 17:09:10,889:INFO:Epoch: 25500/40000 | Train Loss: 6.412e-02 | Dynamic Loss: 6.412e-02 | Regularization Loss: 3.077e-20 | Val Loss: 9.298e-02 | Time: 9.59s
2025-08-20 17:09:20,224:INFO:Epoch: 25550/40000 | Train Loss: 5.830e-02 | Dynamic Loss: 5.830e-02 | Regularization Loss: 2.929e-20 | Val Loss: 8.682e-02 | Time: 9.34s
2025-08-20 17:09:36,433:INFO:Epoch: 25600/40000 | Train Loss: 5.384e-02 | Dynamic Loss: 5.384e-02 | Regularization Loss: 2.911e-20 | Val Loss: 8.189e-02 | Time: 16.21s
2025-08-20 17:09:46,041:INFO:Epoch: 25650/40000 | Train Loss: 5.689e-02 | Dynamic Loss: 5.689e-02 | Regularization Loss: 2.913e-20 | Val Loss: 8.115e-02 | Time: 9.61s
2025-08-20 17:09:55,374:INFO:Epoch: 25700/40000 | Train Loss: 5.152e-02 | Dynamic Loss: 5.152e-02 | Regularization Loss: 2.925e-20 | Val Loss: 7.765e-02 | Time: 9.33s
2025-08-20 17:10:06,146:INFO:Epoch: 25750/40000 | Train Loss: 4.635e-02 | Dynamic Loss: 4.635e-02 | Regularization Loss: 2.960e-20 | Val Loss: 7.427e-02 | Time: 10.77s
2025-08-20 17:10:15,487:INFO:Epoch: 25800/40000 | Train Loss: 4.635e-02 | Dynamic Loss: 4.635e-02 | Regularization Loss: 3.010e-20 | Val Loss: 8.001e-02 | Time: 9.34s
2025-08-20 17:10:24,816:INFO:Epoch: 25850/40000 | Train Loss: 4.323e-02 | Dynamic Loss: 4.323e-02 | Regularization Loss: 3.286e-20 | Val Loss: 7.408e-02 | Time: 9.33s
2025-08-20 17:10:34,222:INFO:Epoch: 25900/40000 | Train Loss: 4.023e-02 | Dynamic Loss: 4.023e-02 | Regularization Loss: 3.246e-20 | Val Loss: 7.034e-02 | Time: 9.41s
2025-08-20 17:10:43,550:INFO:Epoch: 25950/40000 | Train Loss: 3.836e-02 | Dynamic Loss: 3.836e-02 | Regularization Loss: 3.285e-20 | Val Loss: 6.879e-02 | Time: 9.33s
2025-08-20 17:10:53,366:INFO:Epoch: 26000/40000 | Train Loss: 3.847e-02 | Dynamic Loss: 3.847e-02 | Regularization Loss: 3.330e-20 | Val Loss: 6.855e-02 | Time: 9.82s
2025-08-20 17:11:02,789:INFO:Epoch: 26050/40000 | Train Loss: 3.699e-02 | Dynamic Loss: 3.699e-02 | Regularization Loss: 3.349e-20 | Val Loss: 6.761e-02 | Time: 9.42s
2025-08-20 17:11:16,766:INFO:Epoch: 26100/40000 | Train Loss: 3.513e-02 | Dynamic Loss: 3.513e-02 | Regularization Loss: 3.250e-20 | Val Loss: 6.751e-02 | Time: 13.98s
2025-08-20 17:11:26,190:INFO:Epoch: 26150/40000 | Train Loss: 3.482e-02 | Dynamic Loss: 3.482e-02 | Regularization Loss: 3.387e-20 | Val Loss: 6.638e-02 | Time: 9.42s
2025-08-20 17:11:35,658:INFO:Epoch: 26200/40000 | Train Loss: 1.502e-01 | Dynamic Loss: 1.502e-01 | Regularization Loss: 2.871e-20 | Val Loss: 1.408e-01 | Time: 9.47s
2025-08-20 17:11:45,107:INFO:Epoch: 26250/40000 | Train Loss: 9.474e-01 | Dynamic Loss: 9.474e-01 | Regularization Loss: 2.140e-20 | Val Loss: 1.473e+00 | Time: 9.45s
2025-08-20 17:11:54,432:INFO:Epoch: 26300/40000 | Train Loss: 8.881e-02 | Dynamic Loss: 8.881e-02 | Regularization Loss: 1.649e-20 | Val Loss: 1.162e-01 | Time: 9.32s
2025-08-20 17:12:03,934:INFO:Epoch: 26350/40000 | Train Loss: 5.630e-02 | Dynamic Loss: 5.630e-02 | Regularization Loss: 1.709e-20 | Val Loss: 8.072e-02 | Time: 9.50s
2025-08-20 17:12:13,415:INFO:Epoch: 26400/40000 | Train Loss: 4.479e-02 | Dynamic Loss: 4.479e-02 | Regularization Loss: 1.730e-20 | Val Loss: 6.849e-02 | Time: 9.48s
2025-08-20 17:12:23,404:INFO:Epoch: 26450/40000 | Train Loss: 3.894e-02 | Dynamic Loss: 3.894e-02 | Regularization Loss: 1.659e-20 | Val Loss: 6.235e-02 | Time: 9.99s
2025-08-20 17:12:32,779:INFO:Epoch: 26500/40000 | Train Loss: 1.368e+00 | Dynamic Loss: 1.368e+00 | Regularization Loss: 1.640e-20 | Val Loss: 2.601e+00 | Time: 9.37s
2025-08-20 17:12:42,120:INFO:Epoch: 26550/40000 | Train Loss: 6.418e-02 | Dynamic Loss: 6.418e-02 | Regularization Loss: 1.015e-20 | Val Loss: 9.989e-02 | Time: 9.34s
2025-08-20 17:12:51,619:INFO:Epoch: 26600/40000 | Train Loss: 4.569e-02 | Dynamic Loss: 4.569e-02 | Regularization Loss: 1.004e-20 | Val Loss: 8.123e-02 | Time: 9.50s
2025-08-20 17:13:01,108:INFO:Epoch: 26650/40000 | Train Loss: 3.844e-02 | Dynamic Loss: 3.844e-02 | Regularization Loss: 1.022e-20 | Val Loss: 7.386e-02 | Time: 9.49s
2025-08-20 17:13:10,567:INFO:Epoch: 26700/40000 | Train Loss: 3.660e-02 | Dynamic Loss: 3.660e-02 | Regularization Loss: 1.037e-20 | Val Loss: 6.970e-02 | Time: 9.46s
2025-08-20 17:13:20,035:INFO:Epoch: 26750/40000 | Train Loss: 3.694e-02 | Dynamic Loss: 3.694e-02 | Regularization Loss: 1.061e-20 | Val Loss: 7.164e-02 | Time: 9.47s
2025-08-20 17:13:33,576:INFO:Epoch: 26800/40000 | Train Loss: 3.254e-02 | Dynamic Loss: 3.254e-02 | Regularization Loss: 1.050e-20 | Val Loss: 6.612e-02 | Time: 13.54s
2025-08-20 17:13:43,074:INFO:Epoch: 26850/40000 | Train Loss: 3.137e-02 | Dynamic Loss: 3.137e-02 | Regularization Loss: 1.067e-20 | Val Loss: 6.626e-02 | Time: 9.50s
2025-08-20 17:13:52,552:INFO:Epoch: 26900/40000 | Train Loss: 3.069e-02 | Dynamic Loss: 3.069e-02 | Regularization Loss: 1.077e-20 | Val Loss: 6.498e-02 | Time: 9.48s
2025-08-20 17:14:02,084:INFO:Epoch: 26950/40000 | Train Loss: 2.875e-02 | Dynamic Loss: 2.875e-02 | Regularization Loss: 1.082e-20 | Val Loss: 6.364e-02 | Time: 9.53s
2025-08-20 17:14:11,518:INFO:Epoch: 27000/40000 | Train Loss: 2.817e-02 | Dynamic Loss: 2.817e-02 | Regularization Loss: 1.013e-20 | Val Loss: 6.078e-02 | Time: 9.43s
2025-08-20 17:14:21,034:INFO:Epoch: 27050/40000 | Train Loss: 2.724e-02 | Dynamic Loss: 2.724e-02 | Regularization Loss: 1.016e-20 | Val Loss: 6.067e-02 | Time: 9.52s
2025-08-20 17:14:30,566:INFO:Epoch: 27100/40000 | Train Loss: 3.406e-02 | Dynamic Loss: 3.406e-02 | Regularization Loss: 9.948e-21 | Val Loss: 7.014e-02 | Time: 9.53s
2025-08-20 17:14:44,242:INFO:Epoch: 27150/40000 | Train Loss: 2.590e-02 | Dynamic Loss: 2.590e-02 | Regularization Loss: 9.890e-21 | Val Loss: 5.982e-02 | Time: 13.68s
2025-08-20 17:14:53,706:INFO:Epoch: 27200/40000 | Train Loss: 4.000e-01 | Dynamic Loss: 4.000e-01 | Regularization Loss: 8.168e-21 | Val Loss: 4.298e-01 | Time: 9.46s
2025-08-20 17:15:03,196:INFO:Epoch: 27250/40000 | Train Loss: 2.466e-02 | Dynamic Loss: 2.466e-02 | Regularization Loss: 5.622e-21 | Val Loss: 5.630e-02 | Time: 9.49s
2025-08-20 17:15:12,779:INFO:Epoch: 27300/40000 | Train Loss: 2.397e-02 | Dynamic Loss: 2.397e-02 | Regularization Loss: 5.537e-21 | Val Loss: 5.658e-02 | Time: 9.58s
2025-08-20 17:15:22,197:INFO:Epoch: 27350/40000 | Train Loss: 2.236e-02 | Dynamic Loss: 2.236e-02 | Regularization Loss: 5.353e-21 | Val Loss: 5.545e-02 | Time: 9.42s
2025-08-20 17:15:32,334:INFO:Epoch: 27400/40000 | Train Loss: 2.202e-02 | Dynamic Loss: 2.202e-02 | Regularization Loss: 5.191e-21 | Val Loss: 5.502e-02 | Time: 10.14s
2025-08-20 17:15:41,959:INFO:Epoch: 27450/40000 | Train Loss: 2.243e-02 | Dynamic Loss: 2.243e-02 | Regularization Loss: 5.085e-21 | Val Loss: 5.565e-02 | Time: 9.62s
2025-08-20 17:15:51,466:INFO:Epoch: 27500/40000 | Train Loss: 4.736e-02 | Dynamic Loss: 4.736e-02 | Regularization Loss: 4.913e-21 | Val Loss: 6.760e-02 | Time: 9.51s
2025-08-20 17:16:00,880:INFO:Epoch: 27550/40000 | Train Loss: 2.999e-02 | Dynamic Loss: 2.999e-02 | Regularization Loss: 4.732e-21 | Val Loss: 6.759e-02 | Time: 9.41s
2025-08-20 17:16:10,292:INFO:Epoch: 27600/40000 | Train Loss: 2.425e-02 | Dynamic Loss: 2.425e-02 | Regularization Loss: 4.543e-21 | Val Loss: 5.546e-02 | Time: 9.41s
2025-08-20 17:16:28,233:INFO:Epoch: 27650/40000 | Train Loss: 2.557e-02 | Dynamic Loss: 2.557e-02 | Regularization Loss: 3.870e-21 | Val Loss: 6.155e-02 | Time: 17.94s
2025-08-20 17:16:37,781:INFO:Epoch: 27700/40000 | Train Loss: 5.037e-02 | Dynamic Loss: 5.037e-02 | Regularization Loss: 2.335e-21 | Val Loss: 8.501e-02 | Time: 9.55s
2025-08-20 17:16:47,352:INFO:Epoch: 27750/40000 | Train Loss: 5.582e-01 | Dynamic Loss: 5.582e-01 | Regularization Loss: 3.101e-21 | Val Loss: 6.643e-01 | Time: 9.57s
2025-08-20 17:16:56,918:INFO:Epoch: 27800/40000 | Train Loss: 4.739e-01 | Dynamic Loss: 4.739e-01 | Regularization Loss: 2.375e-21 | Val Loss: 4.222e-01 | Time: 9.57s
2025-08-20 17:17:06,301:INFO:Epoch: 27850/40000 | Train Loss: 3.183e-01 | Dynamic Loss: 3.183e-01 | Regularization Loss: 1.653e-21 | Val Loss: 3.697e-01 | Time: 9.38s
2025-08-20 17:17:15,671:INFO:Epoch: 27900/40000 | Train Loss: 1.458e-01 | Dynamic Loss: 1.458e-01 | Regularization Loss: 1.389e-21 | Val Loss: 1.921e-01 | Time: 9.37s
2025-08-20 17:17:25,179:INFO:Epoch: 27950/40000 | Train Loss: 1.229e-01 | Dynamic Loss: 1.229e-01 | Regularization Loss: 1.307e-21 | Val Loss: 1.588e-01 | Time: 9.51s
2025-08-20 17:17:34,558:INFO:Epoch: 28000/40000 | Train Loss: 9.149e-02 | Dynamic Loss: 9.149e-02 | Regularization Loss: 1.198e-21 | Val Loss: 1.301e-01 | Time: 9.38s
2025-08-20 17:17:44,446:INFO:Epoch: 28050/40000 | Train Loss: 7.633e-02 | Dynamic Loss: 7.633e-02 | Regularization Loss: 1.156e-21 | Val Loss: 1.133e-01 | Time: 9.89s
2025-08-20 17:17:54,115:INFO:Epoch: 28100/40000 | Train Loss: 6.520e-02 | Dynamic Loss: 6.520e-02 | Regularization Loss: 1.125e-21 | Val Loss: 1.019e-01 | Time: 9.67s
2025-08-20 17:18:09,232:INFO:Epoch: 28150/40000 | Train Loss: 5.778e-02 | Dynamic Loss: 5.778e-02 | Regularization Loss: 1.090e-21 | Val Loss: 9.852e-02 | Time: 15.12s
2025-08-20 17:18:18,708:INFO:Epoch: 28200/40000 | Train Loss: 5.915e-02 | Dynamic Loss: 5.915e-02 | Regularization Loss: 1.073e-21 | Val Loss: 9.297e-02 | Time: 9.48s
2025-08-20 17:18:27,918:INFO:Epoch: 28250/40000 | Train Loss: 4.695e-02 | Dynamic Loss: 4.695e-02 | Regularization Loss: 1.057e-21 | Val Loss: 8.308e-02 | Time: 9.21s
2025-08-20 17:18:37,000:INFO:Epoch: 28300/40000 | Train Loss: 4.382e-02 | Dynamic Loss: 4.382e-02 | Regularization Loss: 1.011e-21 | Val Loss: 8.028e-02 | Time: 9.08s
2025-08-20 17:18:54,198:INFO:Epoch: 28350/40000 | Train Loss: 4.030e-02 | Dynamic Loss: 4.030e-02 | Regularization Loss: 9.889e-22 | Val Loss: 7.439e-02 | Time: 17.20s
2025-08-20 17:19:03,666:INFO:Epoch: 28400/40000 | Train Loss: 3.886e-02 | Dynamic Loss: 3.886e-02 | Regularization Loss: 9.322e-22 | Val Loss: 7.593e-02 | Time: 9.47s
2025-08-20 17:19:13,185:INFO:Epoch: 28450/40000 | Train Loss: 3.694e-02 | Dynamic Loss: 3.694e-02 | Regularization Loss: 9.144e-22 | Val Loss: 6.969e-02 | Time: 9.52s
2025-08-20 17:19:22,782:INFO:Epoch: 28500/40000 | Train Loss: 3.272e-02 | Dynamic Loss: 3.272e-02 | Regularization Loss: 9.033e-22 | Val Loss: 7.451e-02 | Time: 9.60s
2025-08-20 17:19:32,236:INFO:Epoch: 28550/40000 | Train Loss: 3.120e-02 | Dynamic Loss: 3.120e-02 | Regularization Loss: 8.968e-22 | Val Loss: 6.557e-02 | Time: 9.45s
2025-08-20 17:19:41,703:INFO:Epoch: 28600/40000 | Train Loss: 2.831e-02 | Dynamic Loss: 2.831e-02 | Regularization Loss: 8.822e-22 | Val Loss: 6.286e-02 | Time: 9.47s
2025-08-20 17:19:51,274:INFO:Epoch: 28650/40000 | Train Loss: 3.078e-02 | Dynamic Loss: 3.078e-02 | Regularization Loss: 8.848e-22 | Val Loss: 6.244e-02 | Time: 9.57s
2025-08-20 17:20:05,148:INFO:Epoch: 28700/40000 | Train Loss: 1.026e-01 | Dynamic Loss: 1.026e-01 | Regularization Loss: 8.406e-22 | Val Loss: 1.255e-01 | Time: 13.87s
2025-08-20 17:20:14,747:INFO:Epoch: 28750/40000 | Train Loss: 7.824e-02 | Dynamic Loss: 7.824e-02 | Regularization Loss: 9.887e-22 | Val Loss: 1.010e-01 | Time: 9.60s
2025-08-20 17:20:24,204:INFO:Epoch: 28800/40000 | Train Loss: 1.269e+00 | Dynamic Loss: 1.269e+00 | Regularization Loss: 7.689e-22 | Val Loss: 1.774e+00 | Time: 9.46s
2025-08-20 17:20:33,648:INFO:Epoch: 28850/40000 | Train Loss: 5.696e-02 | Dynamic Loss: 5.696e-02 | Regularization Loss: 5.713e-22 | Val Loss: 1.020e-01 | Time: 9.44s
2025-08-20 17:20:49,183:INFO:Epoch: 28900/40000 | Train Loss: 1.615e+00 | Dynamic Loss: 1.615e+00 | Regularization Loss: 6.128e-22 | Val Loss: 2.278e+00 | Time: 15.53s
2025-08-20 17:20:58,605:INFO:Epoch: 28950/40000 | Train Loss: 2.343e-01 | Dynamic Loss: 2.343e-01 | Regularization Loss: 7.051e-22 | Val Loss: 2.598e-01 | Time: 9.42s
2025-08-20 17:21:07,998:INFO:Epoch: 29000/40000 | Train Loss: 1.309e-01 | Dynamic Loss: 1.309e-01 | Regularization Loss: 5.926e-22 | Val Loss: 1.911e-01 | Time: 9.39s
2025-08-20 17:21:19,328:INFO:Epoch: 29050/40000 | Train Loss: 1.952e-01 | Dynamic Loss: 1.952e-01 | Regularization Loss: 5.761e-22 | Val Loss: 2.525e-01 | Time: 11.33s
2025-08-20 17:21:28,760:INFO:Epoch: 29100/40000 | Train Loss: 8.518e-02 | Dynamic Loss: 8.518e-02 | Regularization Loss: 5.388e-22 | Val Loss: 1.387e-01 | Time: 9.43s
2025-08-20 17:21:38,230:INFO:Epoch: 29150/40000 | Train Loss: 7.437e-02 | Dynamic Loss: 7.437e-02 | Regularization Loss: 4.962e-22 | Val Loss: 1.254e-01 | Time: 9.47s
2025-08-20 17:21:47,819:INFO:Epoch: 29200/40000 | Train Loss: 6.215e-02 | Dynamic Loss: 6.215e-02 | Regularization Loss: 4.832e-22 | Val Loss: 1.117e-01 | Time: 9.59s
2025-08-20 17:21:57,353:INFO:Epoch: 29250/40000 | Train Loss: 5.532e-02 | Dynamic Loss: 5.532e-02 | Regularization Loss: 4.362e-22 | Val Loss: 1.037e-01 | Time: 9.53s
2025-08-20 17:22:06,839:INFO:Epoch: 29300/40000 | Train Loss: 4.706e-02 | Dynamic Loss: 4.706e-02 | Regularization Loss: 3.952e-22 | Val Loss: 9.569e-02 | Time: 9.49s
2025-08-20 17:22:16,239:INFO:Epoch: 29350/40000 | Train Loss: 4.196e-02 | Dynamic Loss: 4.196e-02 | Regularization Loss: 3.734e-22 | Val Loss: 8.995e-02 | Time: 9.40s
2025-08-20 17:22:30,211:INFO:Epoch: 29400/40000 | Train Loss: 6.544e-01 | Dynamic Loss: 6.544e-01 | Regularization Loss: 4.321e-22 | Val Loss: 9.801e-01 | Time: 13.97s
2025-08-20 17:22:39,663:INFO:Epoch: 29450/40000 | Train Loss: 1.734e-01 | Dynamic Loss: 1.734e-01 | Regularization Loss: 3.703e-22 | Val Loss: 2.743e-01 | Time: 9.45s
2025-08-20 17:22:49,125:INFO:Epoch: 29500/40000 | Train Loss: 1.283e-01 | Dynamic Loss: 1.283e-01 | Regularization Loss: 2.979e-22 | Val Loss: 2.391e-01 | Time: 9.46s
2025-08-20 17:22:58,442:INFO:Epoch: 29550/40000 | Train Loss: 9.146e-02 | Dynamic Loss: 9.146e-02 | Regularization Loss: 2.819e-22 | Val Loss: 1.971e-01 | Time: 9.32s
2025-08-20 17:23:16,053:INFO:Epoch: 29600/40000 | Train Loss: 7.373e-02 | Dynamic Loss: 7.373e-02 | Regularization Loss: 2.826e-22 | Val Loss: 1.792e-01 | Time: 17.61s
2025-08-20 17:23:25,537:INFO:Epoch: 29650/40000 | Train Loss: 6.168e-02 | Dynamic Loss: 6.168e-02 | Regularization Loss: 2.841e-22 | Val Loss: 1.723e-01 | Time: 9.48s
2025-08-20 17:23:35,016:INFO:Epoch: 29700/40000 | Train Loss: 5.960e-02 | Dynamic Loss: 5.960e-02 | Regularization Loss: 2.895e-22 | Val Loss: 1.866e-01 | Time: 9.48s
2025-08-20 17:23:44,590:INFO:Epoch: 29750/40000 | Train Loss: 4.714e-02 | Dynamic Loss: 4.714e-02 | Regularization Loss: 2.906e-22 | Val Loss: 1.478e-01 | Time: 9.57s
2025-08-20 17:23:54,049:INFO:Epoch: 29800/40000 | Train Loss: 7.082e-02 | Dynamic Loss: 7.082e-02 | Regularization Loss: 2.977e-22 | Val Loss: 1.877e-01 | Time: 9.46s
2025-08-20 17:24:03,534:INFO:Epoch: 29850/40000 | Train Loss: 1.727e-01 | Dynamic Loss: 1.727e-01 | Regularization Loss: 2.456e-22 | Val Loss: 2.472e-01 | Time: 9.48s
2025-08-20 17:24:13,006:INFO:Epoch: 29900/40000 | Train Loss: 7.679e-02 | Dynamic Loss: 7.679e-02 | Regularization Loss: 1.832e-22 | Val Loss: 1.345e-01 | Time: 9.47s
2025-08-20 17:24:30,450:INFO:Epoch: 29950/40000 | Train Loss: 5.657e-02 | Dynamic Loss: 5.657e-02 | Regularization Loss: 1.717e-22 | Val Loss: 1.141e-01 | Time: 17.44s
2025-08-20 17:24:39,800:INFO:Epoch: 30000/40000 | Train Loss: 4.782e-02 | Dynamic Loss: 4.782e-02 | Regularization Loss: 1.682e-22 | Val Loss: 1.058e-01 | Time: 9.35s
2025-08-20 17:24:49,183:INFO:Epoch: 30050/40000 | Train Loss: 4.234e-02 | Dynamic Loss: 4.234e-02 | Regularization Loss: 1.644e-22 | Val Loss: 9.601e-02 | Time: 9.38s
2025-08-20 17:25:05,770:INFO:Epoch: 30100/40000 | Train Loss: 3.945e-02 | Dynamic Loss: 3.945e-02 | Regularization Loss: 1.609e-22 | Val Loss: 1.046e-01 | Time: 16.59s
2025-08-20 17:25:15,206:INFO:Epoch: 30150/40000 | Train Loss: 4.983e-02 | Dynamic Loss: 4.983e-02 | Regularization Loss: 1.177e-22 | Val Loss: 9.553e-02 | Time: 9.44s
2025-08-20 17:25:24,566:INFO:Epoch: 30200/40000 | Train Loss: 3.463e-02 | Dynamic Loss: 3.463e-02 | Regularization Loss: 1.196e-22 | Val Loss: 8.943e-02 | Time: 9.36s
2025-08-20 17:25:34,112:INFO:Epoch: 30250/40000 | Train Loss: 3.205e-02 | Dynamic Loss: 3.205e-02 | Regularization Loss: 1.206e-22 | Val Loss: 8.733e-02 | Time: 9.55s
2025-08-20 17:25:43,507:INFO:Epoch: 30300/40000 | Train Loss: 3.200e-02 | Dynamic Loss: 3.200e-02 | Regularization Loss: 1.197e-22 | Val Loss: 8.326e-02 | Time: 9.39s
2025-08-20 17:25:52,887:INFO:Epoch: 30350/40000 | Train Loss: 2.870e-02 | Dynamic Loss: 2.870e-02 | Regularization Loss: 1.179e-22 | Val Loss: 8.489e-02 | Time: 9.38s
2025-08-20 17:26:02,249:INFO:Epoch: 30400/40000 | Train Loss: 2.734e-02 | Dynamic Loss: 2.734e-02 | Regularization Loss: 1.152e-22 | Val Loss: 8.166e-02 | Time: 9.36s
2025-08-20 17:26:11,832:INFO:Epoch: 30450/40000 | Train Loss: 2.690e-02 | Dynamic Loss: 2.690e-02 | Regularization Loss: 1.121e-22 | Val Loss: 8.357e-02 | Time: 9.58s
2025-08-20 17:26:21,376:INFO:Epoch: 30500/40000 | Train Loss: 2.597e-02 | Dynamic Loss: 2.597e-02 | Regularization Loss: 1.076e-22 | Val Loss: 8.325e-02 | Time: 9.54s
2025-08-20 17:26:30,817:INFO:Epoch: 30550/40000 | Train Loss: 2.464e-02 | Dynamic Loss: 2.464e-02 | Regularization Loss: 1.039e-22 | Val Loss: 8.882e-02 | Time: 9.44s
2025-08-20 17:26:40,212:INFO:Epoch: 30600/40000 | Train Loss: 2.565e-02 | Dynamic Loss: 2.565e-02 | Regularization Loss: 9.939e-23 | Val Loss: 7.859e-02 | Time: 9.39s
2025-08-20 17:26:49,786:INFO:Epoch: 30650/40000 | Train Loss: 2.391e-02 | Dynamic Loss: 2.391e-02 | Regularization Loss: 9.531e-23 | Val Loss: 8.309e-02 | Time: 9.57s
2025-08-20 17:26:59,272:INFO:Epoch: 30700/40000 | Train Loss: 2.420e-02 | Dynamic Loss: 2.420e-02 | Regularization Loss: 9.077e-23 | Val Loss: 8.652e-02 | Time: 9.48s
2025-08-20 17:27:08,683:INFO:Epoch: 30750/40000 | Train Loss: 2.094e-02 | Dynamic Loss: 2.094e-02 | Regularization Loss: 8.722e-23 | Val Loss: 7.797e-02 | Time: 9.41s
2025-08-20 17:27:18,073:INFO:Epoch: 30800/40000 | Train Loss: 2.095e-02 | Dynamic Loss: 2.095e-02 | Regularization Loss: 8.378e-23 | Val Loss: 7.556e-02 | Time: 9.39s
2025-08-20 17:27:32,772:INFO:Epoch: 30850/40000 | Train Loss: 1.975e-02 | Dynamic Loss: 1.975e-02 | Regularization Loss: 8.059e-23 | Val Loss: 7.519e-02 | Time: 14.70s
2025-08-20 17:27:42,182:INFO:Epoch: 30900/40000 | Train Loss: 1.930e-02 | Dynamic Loss: 1.930e-02 | Regularization Loss: 7.736e-23 | Val Loss: 7.321e-02 | Time: 9.41s
2025-08-20 17:27:51,579:INFO:Epoch: 30950/40000 | Train Loss: 1.876e-02 | Dynamic Loss: 1.876e-02 | Regularization Loss: 7.842e-23 | Val Loss: 7.299e-02 | Time: 9.40s
2025-08-20 17:28:01,868:INFO:Epoch: 31000/40000 | Train Loss: 3.683e-02 | Dynamic Loss: 3.683e-02 | Regularization Loss: 6.188e-23 | Val Loss: 7.902e-02 | Time: 10.29s
2025-08-20 17:28:11,296:INFO:Epoch: 31050/40000 | Train Loss: 1.858e-02 | Dynamic Loss: 1.858e-02 | Regularization Loss: 5.691e-23 | Val Loss: 6.619e-02 | Time: 9.43s
2025-08-20 17:28:20,714:INFO:Epoch: 31100/40000 | Train Loss: 1.742e-02 | Dynamic Loss: 1.742e-02 | Regularization Loss: 5.598e-23 | Val Loss: 6.511e-02 | Time: 9.42s
2025-08-20 17:28:30,234:INFO:Epoch: 31150/40000 | Train Loss: 1.720e-02 | Dynamic Loss: 1.720e-02 | Regularization Loss: 5.539e-23 | Val Loss: 6.426e-02 | Time: 9.52s
2025-08-20 17:28:41,445:INFO:Epoch: 31200/40000 | Train Loss: 1.805e-02 | Dynamic Loss: 1.805e-02 | Regularization Loss: 5.490e-23 | Val Loss: 6.395e-02 | Time: 11.21s
2025-08-20 17:28:50,949:INFO:Epoch: 31250/40000 | Train Loss: 1.745e-02 | Dynamic Loss: 1.745e-02 | Regularization Loss: 5.477e-23 | Val Loss: 6.604e-02 | Time: 9.50s
2025-08-20 17:29:00,318:INFO:Epoch: 31300/40000 | Train Loss: 1.566e-02 | Dynamic Loss: 1.566e-02 | Regularization Loss: 5.441e-23 | Val Loss: 6.311e-02 | Time: 9.37s
2025-08-20 17:29:09,731:INFO:Epoch: 31350/40000 | Train Loss: 1.516e-02 | Dynamic Loss: 1.516e-02 | Regularization Loss: 4.810e-23 | Val Loss: 6.257e-02 | Time: 9.41s
2025-08-20 17:29:19,063:INFO:Epoch: 31400/40000 | Train Loss: 1.484e-02 | Dynamic Loss: 1.484e-02 | Regularization Loss: 4.703e-23 | Val Loss: 6.188e-02 | Time: 9.33s
2025-08-20 17:29:28,595:INFO:Epoch: 31450/40000 | Train Loss: 1.521e-02 | Dynamic Loss: 1.521e-02 | Regularization Loss: 4.850e-23 | Val Loss: 6.192e-02 | Time: 9.53s
2025-08-20 17:29:38,144:INFO:Epoch: 31500/40000 | Train Loss: 1.692e-02 | Dynamic Loss: 1.692e-02 | Regularization Loss: 4.861e-23 | Val Loss: 6.560e-02 | Time: 9.55s
2025-08-20 17:29:52,371:INFO:Epoch: 31550/40000 | Train Loss: 1.420e-02 | Dynamic Loss: 1.420e-02 | Regularization Loss: 4.837e-23 | Val Loss: 6.264e-02 | Time: 14.23s
2025-08-20 17:30:01,823:INFO:Epoch: 31600/40000 | Train Loss: 2.020e-02 | Dynamic Loss: 2.020e-02 | Regularization Loss: 4.855e-23 | Val Loss: 6.250e-02 | Time: 9.45s
2025-08-20 17:30:11,212:INFO:Epoch: 31650/40000 | Train Loss: 2.137e-02 | Dynamic Loss: 2.137e-02 | Regularization Loss: 4.475e-23 | Val Loss: 6.682e-02 | Time: 9.39s
2025-08-20 17:30:21,452:INFO:Epoch: 31700/40000 | Train Loss: 1.449e-02 | Dynamic Loss: 1.449e-02 | Regularization Loss: 4.212e-23 | Val Loss: 6.275e-02 | Time: 10.24s
2025-08-20 17:30:30,872:INFO:Epoch: 31750/40000 | Train Loss: 2.040e-02 | Dynamic Loss: 2.040e-02 | Regularization Loss: 3.496e-23 | Val Loss: 6.680e-02 | Time: 9.42s
2025-08-20 17:30:40,283:INFO:Epoch: 31800/40000 | Train Loss: 1.476e-02 | Dynamic Loss: 1.476e-02 | Regularization Loss: 3.112e-23 | Val Loss: 5.968e-02 | Time: 9.41s
2025-08-20 17:30:49,832:INFO:Epoch: 31850/40000 | Train Loss: 1.287e-02 | Dynamic Loss: 1.287e-02 | Regularization Loss: 3.076e-23 | Val Loss: 5.906e-02 | Time: 9.55s
2025-08-20 17:30:59,229:INFO:Epoch: 31900/40000 | Train Loss: 1.435e-02 | Dynamic Loss: 1.435e-02 | Regularization Loss: 3.005e-23 | Val Loss: 6.282e-02 | Time: 9.40s
2025-08-20 17:31:08,742:INFO:Epoch: 31950/40000 | Train Loss: 1.309e-02 | Dynamic Loss: 1.309e-02 | Regularization Loss: 2.804e-23 | Val Loss: 6.007e-02 | Time: 9.51s
2025-08-20 17:31:18,271:INFO:Epoch: 32000/40000 | Train Loss: 1.251e-02 | Dynamic Loss: 1.251e-02 | Regularization Loss: 2.755e-23 | Val Loss: 5.985e-02 | Time: 9.53s
2025-08-20 17:31:28,610:INFO:Epoch: 32050/40000 | Train Loss: 1.351e-02 | Dynamic Loss: 1.351e-02 | Regularization Loss: 2.737e-23 | Val Loss: 6.098e-02 | Time: 10.34s
2025-08-20 17:31:38,045:INFO:Epoch: 32100/40000 | Train Loss: 1.347e-02 | Dynamic Loss: 1.347e-02 | Regularization Loss: 2.720e-23 | Val Loss: 6.129e-02 | Time: 9.43s
2025-08-20 17:31:47,563:INFO:Epoch: 32150/40000 | Train Loss: 1.336e-02 | Dynamic Loss: 1.336e-02 | Regularization Loss: 2.720e-23 | Val Loss: 5.834e-02 | Time: 9.52s
2025-08-20 17:31:59,988:INFO:Epoch: 32200/40000 | Train Loss: 1.160e-02 | Dynamic Loss: 1.160e-02 | Regularization Loss: 1.834e-23 | Val Loss: 5.633e-02 | Time: 12.42s
2025-08-20 17:32:09,371:INFO:Epoch: 32250/40000 | Train Loss: 1.289e-02 | Dynamic Loss: 1.289e-02 | Regularization Loss: 1.826e-23 | Val Loss: 6.504e-02 | Time: 9.38s
2025-08-20 17:32:19,376:INFO:Epoch: 32300/40000 | Train Loss: 1.320e-02 | Dynamic Loss: 1.320e-02 | Regularization Loss: 1.787e-23 | Val Loss: 5.556e-02 | Time: 10.00s
2025-08-20 17:32:28,899:INFO:Epoch: 32350/40000 | Train Loss: 1.196e-02 | Dynamic Loss: 1.196e-02 | Regularization Loss: 1.746e-23 | Val Loss: 5.571e-02 | Time: 9.52s
2025-08-20 17:32:38,340:INFO:Epoch: 32400/40000 | Train Loss: 1.326e-02 | Dynamic Loss: 1.326e-02 | Regularization Loss: 1.708e-23 | Val Loss: 5.726e-02 | Time: 9.44s
2025-08-20 17:32:47,766:INFO:Epoch: 32450/40000 | Train Loss: 1.148e-02 | Dynamic Loss: 1.148e-02 | Regularization Loss: 1.611e-23 | Val Loss: 5.713e-02 | Time: 9.43s
2025-08-20 17:32:57,371:INFO:Epoch: 32500/40000 | Train Loss: 1.090e-02 | Dynamic Loss: 1.090e-02 | Regularization Loss: 1.560e-23 | Val Loss: 5.497e-02 | Time: 9.60s
2025-08-20 17:33:06,760:INFO:Epoch: 32550/40000 | Train Loss: 1.480e-02 | Dynamic Loss: 1.480e-02 | Regularization Loss: 1.538e-23 | Val Loss: 6.067e-02 | Time: 9.39s
2025-08-20 17:33:16,179:INFO:Epoch: 32600/40000 | Train Loss: 1.091e-02 | Dynamic Loss: 1.091e-02 | Regularization Loss: 1.525e-23 | Val Loss: 6.008e-02 | Time: 9.42s
2025-08-20 17:33:25,551:INFO:Epoch: 32650/40000 | Train Loss: 1.218e-02 | Dynamic Loss: 1.218e-02 | Regularization Loss: 1.268e-23 | Val Loss: 5.586e-02 | Time: 9.37s
2025-08-20 17:33:41,848:INFO:Epoch: 32700/40000 | Train Loss: 1.173e-02 | Dynamic Loss: 1.173e-02 | Regularization Loss: 1.210e-23 | Val Loss: 5.430e-02 | Time: 16.30s
2025-08-20 17:33:51,188:INFO:Epoch: 32750/40000 | Train Loss: 1.185e-02 | Dynamic Loss: 1.185e-02 | Regularization Loss: 1.197e-23 | Val Loss: 5.449e-02 | Time: 9.34s
2025-08-20 17:34:00,702:INFO:Epoch: 32800/40000 | Train Loss: 1.324e-02 | Dynamic Loss: 1.324e-02 | Regularization Loss: 1.149e-23 | Val Loss: 5.562e-02 | Time: 9.51s
2025-08-20 17:34:10,293:INFO:Epoch: 32850/40000 | Train Loss: 3.652e-01 | Dynamic Loss: 3.652e-01 | Regularization Loss: 1.021e-23 | Val Loss: 3.949e-01 | Time: 9.59s
2025-08-20 17:34:19,695:INFO:Epoch: 32900/40000 | Train Loss: 1.386e-02 | Dynamic Loss: 1.386e-02 | Regularization Loss: 1.019e-23 | Val Loss: 5.367e-02 | Time: 9.40s
2025-08-20 17:34:29,341:INFO:Epoch: 32950/40000 | Train Loss: 1.057e-02 | Dynamic Loss: 1.057e-02 | Regularization Loss: 1.050e-23 | Val Loss: 5.205e-02 | Time: 9.65s
2025-08-20 17:34:38,801:INFO:Epoch: 33000/40000 | Train Loss: 9.731e-03 | Dynamic Loss: 9.731e-03 | Regularization Loss: 1.025e-23 | Val Loss: 5.176e-02 | Time: 9.46s
2025-08-20 17:34:48,280:INFO:Epoch: 33050/40000 | Train Loss: 1.057e-02 | Dynamic Loss: 1.057e-02 | Regularization Loss: 9.838e-24 | Val Loss: 5.362e-02 | Time: 9.48s
2025-08-20 17:34:57,893:INFO:Epoch: 33100/40000 | Train Loss: 9.636e-03 | Dynamic Loss: 9.636e-03 | Regularization Loss: 9.697e-24 | Val Loss: 5.193e-02 | Time: 9.61s
2025-08-20 17:35:07,372:INFO:Epoch: 33150/40000 | Train Loss: 1.061e-02 | Dynamic Loss: 1.061e-02 | Regularization Loss: 9.245e-24 | Val Loss: 5.187e-02 | Time: 9.48s
2025-08-20 17:35:19,983:INFO:Epoch: 33200/40000 | Train Loss: 1.018e-02 | Dynamic Loss: 1.018e-02 | Regularization Loss: 8.844e-24 | Val Loss: 5.449e-02 | Time: 12.61s
2025-08-20 17:35:29,521:INFO:Epoch: 33250/40000 | Train Loss: 1.034e-02 | Dynamic Loss: 1.034e-02 | Regularization Loss: 8.474e-24 | Val Loss: 5.354e-02 | Time: 9.54s
2025-08-20 17:35:38,962:INFO:Epoch: 33300/40000 | Train Loss: 1.094e-02 | Dynamic Loss: 1.094e-02 | Regularization Loss: 8.182e-24 | Val Loss: 5.421e-02 | Time: 9.44s
2025-08-20 17:35:56,514:INFO:Epoch: 33350/40000 | Train Loss: 1.055e-02 | Dynamic Loss: 1.055e-02 | Regularization Loss: 7.926e-24 | Val Loss: 5.127e-02 | Time: 17.55s
2025-08-20 17:36:05,884:INFO:Epoch: 33400/40000 | Train Loss: 9.343e-03 | Dynamic Loss: 9.343e-03 | Regularization Loss: 7.681e-24 | Val Loss: 5.232e-02 | Time: 9.37s
2025-08-20 17:36:15,272:INFO:Epoch: 33450/40000 | Train Loss: 1.078e-02 | Dynamic Loss: 1.078e-02 | Regularization Loss: 7.570e-24 | Val Loss: 5.643e-02 | Time: 9.39s
2025-08-20 17:36:24,845:INFO:Epoch: 33500/40000 | Train Loss: 1.099e-02 | Dynamic Loss: 1.099e-02 | Regularization Loss: 7.384e-24 | Val Loss: 5.448e-02 | Time: 9.57s
2025-08-20 17:36:34,346:INFO:Epoch: 33550/40000 | Train Loss: 9.756e-03 | Dynamic Loss: 9.756e-03 | Regularization Loss: 7.158e-24 | Val Loss: 5.205e-02 | Time: 9.50s
2025-08-20 17:36:43,846:INFO:Epoch: 33600/40000 | Train Loss: 1.419e-01 | Dynamic Loss: 1.419e-01 | Regularization Loss: 7.553e-24 | Val Loss: 1.881e-01 | Time: 9.50s
2025-08-20 17:36:53,278:INFO:Epoch: 33650/40000 | Train Loss: 2.103e-02 | Dynamic Loss: 2.103e-02 | Regularization Loss: 5.022e-24 | Val Loss: 4.922e-02 | Time: 9.43s
2025-08-20 17:37:02,709:INFO:Epoch: 33700/40000 | Train Loss: 1.386e-02 | Dynamic Loss: 1.386e-02 | Regularization Loss: 4.801e-24 | Val Loss: 4.389e-02 | Time: 9.43s
2025-08-20 17:37:12,208:INFO:Epoch: 33750/40000 | Train Loss: 1.150e-02 | Dynamic Loss: 1.150e-02 | Regularization Loss: 4.703e-24 | Val Loss: 4.420e-02 | Time: 9.50s
2025-08-20 17:37:21,669:INFO:Epoch: 33800/40000 | Train Loss: 1.036e-02 | Dynamic Loss: 1.036e-02 | Regularization Loss: 4.595e-24 | Val Loss: 4.566e-02 | Time: 9.46s
2025-08-20 17:37:35,679:INFO:Epoch: 33850/40000 | Train Loss: 1.157e-02 | Dynamic Loss: 1.157e-02 | Regularization Loss: 4.482e-24 | Val Loss: 4.537e-02 | Time: 14.01s
2025-08-20 17:37:45,117:INFO:Epoch: 33900/40000 | Train Loss: 9.366e-03 | Dynamic Loss: 9.366e-03 | Regularization Loss: 4.441e-24 | Val Loss: 4.487e-02 | Time: 9.44s
2025-08-20 17:37:54,578:INFO:Epoch: 33950/40000 | Train Loss: 9.569e-03 | Dynamic Loss: 9.569e-03 | Regularization Loss: 4.438e-24 | Val Loss: 4.481e-02 | Time: 9.46s
2025-08-20 17:38:08,702:INFO:Epoch: 34000/40000 | Train Loss: 8.915e-03 | Dynamic Loss: 8.915e-03 | Regularization Loss: 4.447e-24 | Val Loss: 4.552e-02 | Time: 14.12s
2025-08-20 17:38:18,130:INFO:Epoch: 34050/40000 | Train Loss: 9.442e-03 | Dynamic Loss: 9.442e-03 | Regularization Loss: 4.289e-24 | Val Loss: 4.685e-02 | Time: 9.43s
2025-08-20 17:38:27,507:INFO:Epoch: 34100/40000 | Train Loss: 9.613e-03 | Dynamic Loss: 9.613e-03 | Regularization Loss: 4.227e-24 | Val Loss: 4.605e-02 | Time: 9.38s
2025-08-20 17:38:37,816:INFO:Epoch: 34150/40000 | Train Loss: 8.385e-03 | Dynamic Loss: 8.385e-03 | Regularization Loss: 3.822e-24 | Val Loss: 4.729e-02 | Time: 10.31s
2025-08-20 17:38:47,184:INFO:Epoch: 34200/40000 | Train Loss: 8.131e-03 | Dynamic Loss: 8.131e-03 | Regularization Loss: 3.663e-24 | Val Loss: 4.644e-02 | Time: 9.37s
2025-08-20 17:38:56,672:INFO:Epoch: 34250/40000 | Train Loss: 8.723e-03 | Dynamic Loss: 8.723e-03 | Regularization Loss: 3.581e-24 | Val Loss: 4.796e-02 | Time: 9.49s
2025-08-20 17:39:06,226:INFO:Epoch: 34300/40000 | Train Loss: 8.353e-03 | Dynamic Loss: 8.353e-03 | Regularization Loss: 3.462e-24 | Val Loss: 4.697e-02 | Time: 9.55s
2025-08-20 17:39:15,661:INFO:Epoch: 34350/40000 | Train Loss: 8.198e-03 | Dynamic Loss: 8.198e-03 | Regularization Loss: 3.370e-24 | Val Loss: 4.707e-02 | Time: 9.44s
2025-08-20 17:39:25,460:INFO:Epoch: 34400/40000 | Train Loss: 9.748e-03 | Dynamic Loss: 9.748e-03 | Regularization Loss: 3.268e-24 | Val Loss: 4.843e-02 | Time: 9.80s
2025-08-20 17:39:35,020:INFO:Epoch: 34450/40000 | Train Loss: 8.697e-03 | Dynamic Loss: 8.697e-03 | Regularization Loss: 3.185e-24 | Val Loss: 4.759e-02 | Time: 9.56s
2025-08-20 17:39:44,592:INFO:Epoch: 34500/40000 | Train Loss: 8.557e-03 | Dynamic Loss: 8.557e-03 | Regularization Loss: 3.089e-24 | Val Loss: 4.875e-02 | Time: 9.57s
2025-08-20 17:39:54,083:INFO:Epoch: 34550/40000 | Train Loss: 1.775e-01 | Dynamic Loss: 1.775e-01 | Regularization Loss: 6.826e-24 | Val Loss: 2.327e-01 | Time: 9.49s
2025-08-20 17:40:03,428:INFO:Epoch: 34600/40000 | Train Loss: 6.537e-02 | Dynamic Loss: 6.537e-02 | Regularization Loss: 5.381e-24 | Val Loss: 1.152e-01 | Time: 9.34s
2025-08-20 17:40:20,995:INFO:Epoch: 34650/40000 | Train Loss: 5.032e-02 | Dynamic Loss: 5.032e-02 | Regularization Loss: 4.243e-24 | Val Loss: 9.504e-02 | Time: 17.57s
2025-08-20 17:40:30,460:INFO:Epoch: 34700/40000 | Train Loss: 2.907e-02 | Dynamic Loss: 2.907e-02 | Regularization Loss: 3.073e-24 | Val Loss: 7.220e-02 | Time: 9.46s
2025-08-20 17:40:39,902:INFO:Epoch: 34750/40000 | Train Loss: 2.281e-02 | Dynamic Loss: 2.281e-02 | Regularization Loss: 2.466e-24 | Val Loss: 6.532e-02 | Time: 9.44s
2025-08-20 17:40:49,534:INFO:Epoch: 34800/40000 | Train Loss: 1.929e-02 | Dynamic Loss: 1.929e-02 | Regularization Loss: 2.231e-24 | Val Loss: 6.202e-02 | Time: 9.63s
2025-08-20 17:40:58,974:INFO:Epoch: 34850/40000 | Train Loss: 2.135e-02 | Dynamic Loss: 2.135e-02 | Regularization Loss: 2.280e-24 | Val Loss: 6.600e-02 | Time: 9.44s
2025-08-20 17:41:08,360:INFO:Epoch: 34900/40000 | Train Loss: 3.395e-01 | Dynamic Loss: 3.395e-01 | Regularization Loss: 2.471e-24 | Val Loss: 3.772e-01 | Time: 9.38s
2025-08-20 17:41:17,872:INFO:Epoch: 34950/40000 | Train Loss: 1.811e-02 | Dynamic Loss: 1.811e-02 | Regularization Loss: 2.093e-24 | Val Loss: 6.202e-02 | Time: 9.51s
2025-08-20 17:41:27,357:INFO:Epoch: 35000/40000 | Train Loss: 1.446e-02 | Dynamic Loss: 1.446e-02 | Regularization Loss: 1.890e-24 | Val Loss: 5.889e-02 | Time: 9.48s
2025-08-20 17:41:36,858:INFO:Epoch: 35050/40000 | Train Loss: 6.960e-01 | Dynamic Loss: 6.960e-01 | Regularization Loss: 2.927e-24 | Val Loss: 9.747e-01 | Time: 9.50s
2025-08-20 17:41:46,466:INFO:Epoch: 35100/40000 | Train Loss: 8.604e-02 | Dynamic Loss: 8.604e-02 | Regularization Loss: 3.509e-24 | Val Loss: 1.400e-01 | Time: 9.61s
2025-08-20 17:41:56,015:INFO:Epoch: 35150/40000 | Train Loss: 3.936e-02 | Dynamic Loss: 3.936e-02 | Regularization Loss: 3.061e-24 | Val Loss: 8.513e-02 | Time: 9.55s
2025-08-20 17:42:05,518:INFO:Epoch: 35200/40000 | Train Loss: 2.879e-02 | Dynamic Loss: 2.879e-02 | Regularization Loss: 2.602e-24 | Val Loss: 7.225e-02 | Time: 9.50s
2025-08-20 17:42:14,969:INFO:Epoch: 35250/40000 | Train Loss: 2.691e-02 | Dynamic Loss: 2.691e-02 | Regularization Loss: 2.219e-24 | Val Loss: 6.991e-02 | Time: 9.45s
2025-08-20 17:42:24,477:INFO:Epoch: 35300/40000 | Train Loss: 2.039e-02 | Dynamic Loss: 2.039e-02 | Regularization Loss: 2.057e-24 | Val Loss: 6.534e-02 | Time: 9.51s
2025-08-20 17:42:33,952:INFO:Epoch: 35350/40000 | Train Loss: 1.857e-02 | Dynamic Loss: 1.857e-02 | Regularization Loss: 1.964e-24 | Val Loss: 6.473e-02 | Time: 9.47s
2025-08-20 17:42:43,451:INFO:Epoch: 35400/40000 | Train Loss: 1.700e-02 | Dynamic Loss: 1.700e-02 | Regularization Loss: 1.850e-24 | Val Loss: 6.352e-02 | Time: 9.50s
2025-08-20 17:42:52,947:INFO:Epoch: 35450/40000 | Train Loss: 1.539e+00 | Dynamic Loss: 1.539e+00 | Regularization Loss: 3.956e-24 | Val Loss: 2.145e+00 | Time: 9.50s
2025-08-20 17:43:02,305:INFO:Epoch: 35500/40000 | Train Loss: 7.171e-01 | Dynamic Loss: 7.171e-01 | Regularization Loss: 5.400e-24 | Val Loss: 8.252e-01 | Time: 9.36s
2025-08-20 17:43:11,703:INFO:Epoch: 35550/40000 | Train Loss: 7.129e-01 | Dynamic Loss: 7.129e-01 | Regularization Loss: 6.358e-24 | Val Loss: 8.584e-01 | Time: 9.40s
2025-08-20 17:43:29,214:INFO:Epoch: 35600/40000 | Train Loss: 4.376e-01 | Dynamic Loss: 4.376e-01 | Regularization Loss: 7.538e-24 | Val Loss: 5.043e-01 | Time: 17.51s
2025-08-20 17:43:38,790:INFO:Epoch: 35650/40000 | Train Loss: 2.749e-01 | Dynamic Loss: 2.749e-01 | Regularization Loss: 8.284e-24 | Val Loss: 3.289e-01 | Time: 9.58s
2025-08-20 17:43:48,217:INFO:Epoch: 35700/40000 | Train Loss: 2.162e-01 | Dynamic Loss: 2.162e-01 | Regularization Loss: 9.396e-24 | Val Loss: 2.699e-01 | Time: 9.43s
2025-08-20 17:43:57,891:INFO:Epoch: 35750/40000 | Train Loss: 2.130e-01 | Dynamic Loss: 2.130e-01 | Regularization Loss: 1.199e-23 | Val Loss: 2.719e-01 | Time: 9.67s
2025-08-20 17:44:07,349:INFO:Epoch: 35800/40000 | Train Loss: 1.678e-01 | Dynamic Loss: 1.678e-01 | Regularization Loss: 1.233e-23 | Val Loss: 2.118e-01 | Time: 9.46s
2025-08-20 17:44:16,764:INFO:Epoch: 35850/40000 | Train Loss: 1.427e-01 | Dynamic Loss: 1.427e-01 | Regularization Loss: 1.149e-23 | Val Loss: 1.797e-01 | Time: 9.41s
2025-08-20 17:44:26,196:INFO:Epoch: 35900/40000 | Train Loss: 1.131e-01 | Dynamic Loss: 1.131e-01 | Regularization Loss: 1.036e-23 | Val Loss: 1.488e-01 | Time: 9.43s
2025-08-20 17:44:35,715:INFO:Epoch: 35950/40000 | Train Loss: 9.822e-02 | Dynamic Loss: 9.822e-02 | Regularization Loss: 9.815e-24 | Val Loss: 1.333e-01 | Time: 9.52s
2025-08-20 17:44:45,149:INFO:Epoch: 36000/40000 | Train Loss: 8.658e-02 | Dynamic Loss: 8.658e-02 | Regularization Loss: 9.480e-24 | Val Loss: 1.199e-01 | Time: 9.43s
2025-08-20 17:44:54,553:INFO:Epoch: 36050/40000 | Train Loss: 8.251e-02 | Dynamic Loss: 8.251e-02 | Regularization Loss: 8.637e-24 | Val Loss: 1.133e-01 | Time: 9.40s
2025-08-20 17:45:12,008:INFO:Epoch: 36100/40000 | Train Loss: 7.020e-02 | Dynamic Loss: 7.020e-02 | Regularization Loss: 8.309e-24 | Val Loss: 1.012e-01 | Time: 17.45s
2025-08-20 17:45:21,398:INFO:Epoch: 36150/40000 | Train Loss: 6.528e-02 | Dynamic Loss: 6.528e-02 | Regularization Loss: 8.043e-24 | Val Loss: 9.556e-02 | Time: 9.39s
2025-08-20 17:45:30,893:INFO:Epoch: 36200/40000 | Train Loss: 6.044e-02 | Dynamic Loss: 6.044e-02 | Regularization Loss: 7.836e-24 | Val Loss: 8.979e-02 | Time: 9.49s
2025-08-20 17:45:40,442:INFO:Epoch: 36250/40000 | Train Loss: 5.690e-02 | Dynamic Loss: 5.690e-02 | Regularization Loss: 7.737e-24 | Val Loss: 8.554e-02 | Time: 9.55s
2025-08-20 17:45:49,863:INFO:Epoch: 36300/40000 | Train Loss: 6.272e-02 | Dynamic Loss: 6.272e-02 | Regularization Loss: 7.513e-24 | Val Loss: 9.381e-02 | Time: 9.42s
2025-08-20 17:45:59,384:INFO:Epoch: 36350/40000 | Train Loss: 5.070e-02 | Dynamic Loss: 5.070e-02 | Regularization Loss: 7.219e-24 | Val Loss: 8.098e-02 | Time: 9.52s
2025-08-20 17:46:08,912:INFO:Epoch: 36400/40000 | Train Loss: 5.941e-02 | Dynamic Loss: 5.941e-02 | Regularization Loss: 6.980e-24 | Val Loss: 9.541e-02 | Time: 9.53s
2025-08-20 17:46:18,396:INFO:Epoch: 36450/40000 | Train Loss: 4.666e-02 | Dynamic Loss: 4.666e-02 | Regularization Loss: 5.413e-24 | Val Loss: 7.527e-02 | Time: 9.48s
2025-08-20 17:46:27,822:INFO:Epoch: 36500/40000 | Train Loss: 4.379e-02 | Dynamic Loss: 4.379e-02 | Regularization Loss: 5.311e-24 | Val Loss: 7.231e-02 | Time: 9.43s
2025-08-20 17:46:37,287:INFO:Epoch: 36550/40000 | Train Loss: 4.287e-02 | Dynamic Loss: 4.287e-02 | Regularization Loss: 5.065e-24 | Val Loss: 7.241e-02 | Time: 9.46s
2025-08-20 17:46:46,728:INFO:Epoch: 36600/40000 | Train Loss: 4.067e-02 | Dynamic Loss: 4.067e-02 | Regularization Loss: 4.764e-24 | Val Loss: 7.037e-02 | Time: 9.44s
2025-08-20 17:46:56,260:INFO:Epoch: 36650/40000 | Train Loss: 3.859e-02 | Dynamic Loss: 3.859e-02 | Regularization Loss: 4.436e-24 | Val Loss: 6.786e-02 | Time: 9.53s
2025-08-20 17:47:05,834:INFO:Epoch: 36700/40000 | Train Loss: 7.171e-02 | Dynamic Loss: 7.171e-02 | Regularization Loss: 3.804e-24 | Val Loss: 8.789e-02 | Time: 9.57s
2025-08-20 17:47:15,253:INFO:Epoch: 36750/40000 | Train Loss: 3.589e-02 | Dynamic Loss: 3.589e-02 | Regularization Loss: 3.328e-24 | Val Loss: 6.612e-02 | Time: 9.42s
2025-08-20 17:47:24,689:INFO:Epoch: 36800/40000 | Train Loss: 3.408e-02 | Dynamic Loss: 3.408e-02 | Regularization Loss: 3.012e-24 | Val Loss: 6.527e-02 | Time: 9.44s
2025-08-20 17:47:34,151:INFO:Epoch: 36850/40000 | Train Loss: 3.354e-02 | Dynamic Loss: 3.354e-02 | Regularization Loss: 2.753e-24 | Val Loss: 6.541e-02 | Time: 9.46s
2025-08-20 17:47:51,557:INFO:Epoch: 36900/40000 | Train Loss: 3.164e-02 | Dynamic Loss: 3.164e-02 | Regularization Loss: 2.614e-24 | Val Loss: 6.411e-02 | Time: 17.41s
2025-08-20 17:48:01,098:INFO:Epoch: 36950/40000 | Train Loss: 3.009e-02 | Dynamic Loss: 3.009e-02 | Regularization Loss: 1.975e-24 | Val Loss: 6.245e-02 | Time: 9.54s
2025-08-20 17:48:10,612:INFO:Epoch: 37000/40000 | Train Loss: 2.878e-02 | Dynamic Loss: 2.878e-02 | Regularization Loss: 1.819e-24 | Val Loss: 6.138e-02 | Time: 9.51s
2025-08-20 17:48:20,191:INFO:Epoch: 37050/40000 | Train Loss: 3.768e-01 | Dynamic Loss: 3.768e-01 | Regularization Loss: 2.978e-24 | Val Loss: 3.807e-01 | Time: 9.58s
2025-08-20 17:48:29,691:INFO:Epoch: 37100/40000 | Train Loss: 3.807e-02 | Dynamic Loss: 3.807e-02 | Regularization Loss: 2.663e-24 | Val Loss: 7.044e-02 | Time: 9.50s
2025-08-20 17:48:39,101:INFO:Epoch: 37150/40000 | Train Loss: 3.098e-02 | Dynamic Loss: 3.098e-02 | Regularization Loss: 2.199e-24 | Val Loss: 6.419e-02 | Time: 9.41s
2025-08-20 17:48:48,667:INFO:Epoch: 37200/40000 | Train Loss: 2.808e-02 | Dynamic Loss: 2.808e-02 | Regularization Loss: 2.010e-24 | Val Loss: 6.137e-02 | Time: 9.57s
2025-08-20 17:48:58,162:INFO:Epoch: 37250/40000 | Train Loss: 2.680e-02 | Dynamic Loss: 2.680e-02 | Regularization Loss: 1.855e-24 | Val Loss: 5.987e-02 | Time: 9.49s
2025-08-20 17:49:08,057:INFO:Epoch: 37300/40000 | Train Loss: 2.637e-02 | Dynamic Loss: 2.637e-02 | Regularization Loss: 1.802e-24 | Val Loss: 6.004e-02 | Time: 9.90s
2025-08-20 17:49:17,418:INFO:Epoch: 37350/40000 | Train Loss: 2.800e-02 | Dynamic Loss: 2.800e-02 | Regularization Loss: 1.649e-24 | Val Loss: 6.071e-02 | Time: 9.36s
2025-08-20 17:49:34,522:INFO:Epoch: 37400/40000 | Train Loss: 2.719e-02 | Dynamic Loss: 2.719e-02 | Regularization Loss: 1.403e-24 | Val Loss: 6.141e-02 | Time: 17.10s
2025-08-20 17:49:44,232:INFO:Epoch: 37450/40000 | Train Loss: 2.534e-02 | Dynamic Loss: 2.534e-02 | Regularization Loss: 1.260e-24 | Val Loss: 5.968e-02 | Time: 9.71s
2025-08-20 17:49:53,733:INFO:Epoch: 37500/40000 | Train Loss: 2.343e-02 | Dynamic Loss: 2.343e-02 | Regularization Loss: 1.125e-24 | Val Loss: 5.869e-02 | Time: 9.50s
2025-08-20 17:50:03,285:INFO:Epoch: 37550/40000 | Train Loss: 2.729e-02 | Dynamic Loss: 2.729e-02 | Regularization Loss: 9.957e-25 | Val Loss: 6.328e-02 | Time: 9.55s
2025-08-20 17:50:12,792:INFO:Epoch: 37600/40000 | Train Loss: 2.591e-02 | Dynamic Loss: 2.591e-02 | Regularization Loss: 8.812e-25 | Val Loss: 6.014e-02 | Time: 9.51s
2025-08-20 17:50:22,384:INFO:Epoch: 37650/40000 | Train Loss: 2.227e-02 | Dynamic Loss: 2.227e-02 | Regularization Loss: 7.692e-25 | Val Loss: 5.890e-02 | Time: 9.59s
2025-08-20 17:50:31,985:INFO:Epoch: 37700/40000 | Train Loss: 2.581e-02 | Dynamic Loss: 2.581e-02 | Regularization Loss: 7.126e-25 | Val Loss: 6.327e-02 | Time: 9.60s
2025-08-20 17:50:41,508:INFO:Epoch: 37750/40000 | Train Loss: 2.293e-02 | Dynamic Loss: 2.293e-02 | Regularization Loss: 6.310e-25 | Val Loss: 6.037e-02 | Time: 9.52s
2025-08-20 17:50:50,956:INFO:Epoch: 37800/40000 | Train Loss: 2.181e-02 | Dynamic Loss: 2.181e-02 | Regularization Loss: 5.576e-25 | Val Loss: 5.964e-02 | Time: 9.45s
2025-08-20 17:51:00,576:INFO:Epoch: 37850/40000 | Train Loss: 2.260e-02 | Dynamic Loss: 2.260e-02 | Regularization Loss: 4.889e-25 | Val Loss: 6.142e-02 | Time: 9.62s
2025-08-20 17:51:10,079:INFO:Epoch: 37900/40000 | Train Loss: 2.216e-02 | Dynamic Loss: 2.216e-02 | Regularization Loss: 4.268e-25 | Val Loss: 5.997e-02 | Time: 9.50s
2025-08-20 17:51:19,602:INFO:Epoch: 37950/40000 | Train Loss: 1.963e-02 | Dynamic Loss: 1.963e-02 | Regularization Loss: 3.678e-25 | Val Loss: 5.876e-02 | Time: 9.52s
2025-08-20 17:51:29,235:INFO:Epoch: 38000/40000 | Train Loss: 1.886e-02 | Dynamic Loss: 1.886e-02 | Regularization Loss: 3.161e-25 | Val Loss: 5.834e-02 | Time: 9.63s
2025-08-20 17:51:46,745:INFO:Epoch: 38050/40000 | Train Loss: 2.070e-02 | Dynamic Loss: 2.070e-02 | Regularization Loss: 2.712e-25 | Val Loss: 5.994e-02 | Time: 17.51s
2025-08-20 17:51:56,256:INFO:Epoch: 38100/40000 | Train Loss: 1.885e-02 | Dynamic Loss: 1.885e-02 | Regularization Loss: 2.284e-25 | Val Loss: 6.106e-02 | Time: 9.51s
2025-08-20 17:52:05,747:INFO:Epoch: 38150/40000 | Train Loss: 1.981e-02 | Dynamic Loss: 1.981e-02 | Regularization Loss: 1.973e-25 | Val Loss: 6.119e-02 | Time: 9.49s
2025-08-20 17:52:15,306:INFO:Epoch: 38200/40000 | Train Loss: 1.807e-02 | Dynamic Loss: 1.807e-02 | Regularization Loss: 1.682e-25 | Val Loss: 5.997e-02 | Time: 9.56s
2025-08-20 17:52:24,817:INFO:Epoch: 38250/40000 | Train Loss: 2.182e-02 | Dynamic Loss: 2.182e-02 | Regularization Loss: 1.421e-25 | Val Loss: 6.103e-02 | Time: 9.51s
2025-08-20 17:52:34,313:INFO:Epoch: 38300/40000 | Train Loss: 1.986e-02 | Dynamic Loss: 1.986e-02 | Regularization Loss: 7.488e-26 | Val Loss: 5.193e-02 | Time: 9.50s
2025-08-20 17:52:43,885:INFO:Epoch: 38350/40000 | Train Loss: 2.247e-02 | Dynamic Loss: 2.247e-02 | Regularization Loss: 4.356e-26 | Val Loss: 5.114e-02 | Time: 9.57s
2025-08-20 17:52:53,421:INFO:Epoch: 38400/40000 | Train Loss: 1.740e-02 | Dynamic Loss: 1.740e-02 | Regularization Loss: 3.492e-26 | Val Loss: 5.200e-02 | Time: 9.54s
2025-08-20 17:53:02,969:INFO:Epoch: 38450/40000 | Train Loss: 1.705e-02 | Dynamic Loss: 1.705e-02 | Regularization Loss: 3.015e-26 | Val Loss: 5.308e-02 | Time: 9.55s
2025-08-20 17:53:12,519:INFO:Epoch: 38500/40000 | Train Loss: 1.740e-02 | Dynamic Loss: 1.740e-02 | Regularization Loss: 2.283e-26 | Val Loss: 5.192e-02 | Time: 9.55s
2025-08-20 17:53:21,995:INFO:Epoch: 38550/40000 | Train Loss: 1.597e-02 | Dynamic Loss: 1.597e-02 | Regularization Loss: 1.934e-26 | Val Loss: 5.286e-02 | Time: 9.48s
2025-08-20 17:53:31,562:INFO:Epoch: 38600/40000 | Train Loss: 1.757e-02 | Dynamic Loss: 1.757e-02 | Regularization Loss: 1.634e-26 | Val Loss: 5.447e-02 | Time: 9.57s
2025-08-20 17:53:40,972:INFO:Epoch: 38650/40000 | Train Loss: 1.654e-02 | Dynamic Loss: 1.654e-02 | Regularization Loss: 1.337e-26 | Val Loss: 5.417e-02 | Time: 9.41s
2025-08-20 17:53:58,531:INFO:Epoch: 38700/40000 | Train Loss: 1.531e-02 | Dynamic Loss: 1.531e-02 | Regularization Loss: 1.109e-26 | Val Loss: 5.427e-02 | Time: 17.56s
2025-08-20 17:54:08,552:INFO:Epoch: 38750/40000 | Train Loss: 1.527e-02 | Dynamic Loss: 1.527e-02 | Regularization Loss: 9.169e-27 | Val Loss: 5.328e-02 | Time: 10.02s
2025-08-20 17:54:17,972:INFO:Epoch: 38800/40000 | Train Loss: 1.605e-02 | Dynamic Loss: 1.605e-02 | Regularization Loss: 7.643e-27 | Val Loss: 5.546e-02 | Time: 9.42s
2025-08-20 17:54:27,482:INFO:Epoch: 38850/40000 | Train Loss: 2.073e-02 | Dynamic Loss: 2.073e-02 | Regularization Loss: 5.115e-27 | Val Loss: 4.946e-02 | Time: 9.51s
2025-08-20 17:54:36,901:INFO:Epoch: 38900/40000 | Train Loss: 1.362e-02 | Dynamic Loss: 1.362e-02 | Regularization Loss: 3.969e-27 | Val Loss: 5.111e-02 | Time: 9.42s
2025-08-20 17:54:46,355:INFO:Epoch: 38950/40000 | Train Loss: 1.392e-02 | Dynamic Loss: 1.392e-02 | Regularization Loss: 2.539e-27 | Val Loss: 5.055e-02 | Time: 9.45s
2025-08-20 17:54:55,703:INFO:Epoch: 39000/40000 | Train Loss: 1.642e-02 | Dynamic Loss: 1.642e-02 | Regularization Loss: 2.156e-27 | Val Loss: 5.193e-02 | Time: 9.35s
2025-08-20 17:55:10,260:INFO:Epoch: 39050/40000 | Train Loss: 1.380e-02 | Dynamic Loss: 1.380e-02 | Regularization Loss: 1.783e-27 | Val Loss: 5.228e-02 | Time: 14.56s
2025-08-20 17:55:19,803:INFO:Epoch: 39100/40000 | Train Loss: 1.385e-02 | Dynamic Loss: 1.385e-02 | Regularization Loss: 1.474e-27 | Val Loss: 5.158e-02 | Time: 9.54s
2025-08-20 17:55:29,306:INFO:Epoch: 39150/40000 | Train Loss: 1.321e-02 | Dynamic Loss: 1.321e-02 | Regularization Loss: 1.210e-27 | Val Loss: 5.229e-02 | Time: 9.50s
2025-08-20 17:55:44,523:INFO:Epoch: 39200/40000 | Train Loss: 1.276e-02 | Dynamic Loss: 1.276e-02 | Regularization Loss: 9.804e-28 | Val Loss: 5.162e-02 | Time: 15.22s
2025-08-20 17:55:53,954:INFO:Epoch: 39250/40000 | Train Loss: 1.270e-02 | Dynamic Loss: 1.270e-02 | Regularization Loss: 7.849e-28 | Val Loss: 5.228e-02 | Time: 9.43s
2025-08-20 17:56:03,309:INFO:Epoch: 39300/40000 | Train Loss: 1.195e-02 | Dynamic Loss: 1.195e-02 | Regularization Loss: 7.018e-28 | Val Loss: 5.095e-02 | Time: 9.35s
2025-08-20 17:56:12,680:INFO:Epoch: 39350/40000 | Train Loss: 1.249e-02 | Dynamic Loss: 1.249e-02 | Regularization Loss: 5.743e-28 | Val Loss: 5.183e-02 | Time: 9.37s
2025-08-20 17:56:22,090:INFO:Epoch: 39400/40000 | Train Loss: 2.719e-02 | Dynamic Loss: 2.719e-02 | Regularization Loss: 4.769e-28 | Val Loss: 5.407e-02 | Time: 9.41s
2025-08-20 17:56:31,499:INFO:Epoch: 39450/40000 | Train Loss: 1.417e-02 | Dynamic Loss: 1.417e-02 | Regularization Loss: 4.140e-28 | Val Loss: 4.730e-02 | Time: 9.41s
2025-08-20 17:56:41,020:INFO:Epoch: 39500/40000 | Train Loss: 1.887e-02 | Dynamic Loss: 1.887e-02 | Regularization Loss: 3.875e-28 | Val Loss: 5.165e-02 | Time: 9.52s
2025-08-20 17:56:50,454:INFO:Epoch: 39550/40000 | Train Loss: 1.213e-02 | Dynamic Loss: 1.213e-02 | Regularization Loss: 3.578e-28 | Val Loss: 4.803e-02 | Time: 9.43s
2025-08-20 17:56:59,988:INFO:Epoch: 39600/40000 | Train Loss: 1.642e-02 | Dynamic Loss: 1.642e-02 | Regularization Loss: 3.515e-28 | Val Loss: 5.225e-02 | Time: 9.53s
2025-08-20 17:57:09,439:INFO:Epoch: 39650/40000 | Train Loss: 1.229e-02 | Dynamic Loss: 1.229e-02 | Regularization Loss: 3.139e-28 | Val Loss: 5.009e-02 | Time: 9.45s
2025-08-20 17:57:24,036:INFO:Epoch: 39700/40000 | Train Loss: 1.166e-02 | Dynamic Loss: 1.166e-02 | Regularization Loss: 2.495e-28 | Val Loss: 4.909e-02 | Time: 14.60s
2025-08-20 17:57:33,454:INFO:Epoch: 39750/40000 | Train Loss: 1.170e-02 | Dynamic Loss: 1.170e-02 | Regularization Loss: 2.246e-28 | Val Loss: 4.969e-02 | Time: 9.42s
2025-08-20 17:57:42,834:INFO:Epoch: 39800/40000 | Train Loss: 1.255e-02 | Dynamic Loss: 1.255e-02 | Regularization Loss: 2.013e-28 | Val Loss: 5.000e-02 | Time: 9.38s
2025-08-20 17:57:53,794:INFO:Epoch: 39850/40000 | Train Loss: 1.233e-02 | Dynamic Loss: 1.233e-02 | Regularization Loss: 1.795e-28 | Val Loss: 4.948e-02 | Time: 10.96s
2025-08-20 17:58:03,178:INFO:Epoch: 39900/40000 | Train Loss: 1.174e-02 | Dynamic Loss: 1.174e-02 | Regularization Loss: 1.525e-28 | Val Loss: 5.061e-02 | Time: 9.38s
2025-08-20 17:58:12,555:INFO:Epoch: 39950/40000 | Train Loss: 1.319e-02 | Dynamic Loss: 1.319e-02 | Regularization Loss: 1.345e-28 | Val Loss: 5.063e-02 | Time: 9.38s
2025-08-20 17:58:24,815:INFO:Epoch: 40000/40000 | Train Loss: 1.152e-02 | Dynamic Loss: 1.152e-02 | Regularization Loss: 1.174e-28 | Val Loss: 5.087e-02 | Time: 12.26s
