2025-08-21 05:14:07,106:INFO:USING LONGER TRAJ DATA
2025-08-21 05:14:07,192:INFO:Created DataLoaders with 2994 training samples and 998 validation samples.
2025-08-21 05:14:08,568:INFO:model params: 2512001
2025-08-21 05:14:11,154:INFO:Epoch: 0/40000 | Train Loss: 1.898e+00 | Dynamic Loss: 1.801e+00 | Regularization Loss: 9.750e-02 | Val Loss: 1.811e+00 | Active Proj %: 0.00 | Time: 2.47s
2025-08-21 05:14:11,154:INFO:New best model found at epoch 0 with validation loss 1.811e+00. Saving...
2025-08-21 05:14:17,732:INFO:Epoch: 50/40000 | Train Loss: 1.692e+00 | Dynamic Loss: 1.686e+00 | Regularization Loss: 6.743e-03 | Val Loss: 1.701e+00 | Active Proj %: 0.00 | Time: 6.43s
2025-08-21 05:14:17,733:INFO:New best model found at epoch 50 with validation loss 1.701e+00. Saving...
2025-08-21 05:14:24,326:INFO:Epoch: 100/40000 | Train Loss: 1.662e+00 | Dynamic Loss: 1.659e+00 | Regularization Loss: 2.811e-03 | Val Loss: 1.672e+00 | Active Proj %: 0.00 | Time: 6.47s
2025-08-21 05:14:24,326:INFO:New best model found at epoch 100 with validation loss 1.672e+00. Saving...
2025-08-21 05:14:34,648:INFO:Epoch: 150/40000 | Train Loss: 1.615e+00 | Dynamic Loss: 1.613e+00 | Regularization Loss: 1.614e-03 | Val Loss: 1.626e+00 | Active Proj %: 0.00 | Time: 10.19s
2025-08-21 05:14:34,648:INFO:New best model found at epoch 150 with validation loss 1.626e+00. Saving...
2025-08-21 05:14:41,395:INFO:Epoch: 200/40000 | Train Loss: 1.556e+00 | Dynamic Loss: 1.555e+00 | Regularization Loss: 1.069e-03 | Val Loss: 1.572e+00 | Active Proj %: 0.00 | Time: 6.61s
2025-08-21 05:14:41,395:INFO:New best model found at epoch 200 with validation loss 1.572e+00. Saving...
2025-08-21 05:14:48,105:INFO:Epoch: 250/40000 | Train Loss: 1.468e+00 | Dynamic Loss: 1.467e+00 | Regularization Loss: 7.697e-04 | Val Loss: 1.476e+00 | Active Proj %: 0.00 | Time: 6.59s
2025-08-21 05:14:48,105:INFO:New best model found at epoch 250 with validation loss 1.476e+00. Saving...
2025-08-21 05:14:57,215:INFO:Epoch: 300/40000 | Train Loss: 1.414e+00 | Dynamic Loss: 1.414e+00 | Regularization Loss: 5.847e-04 | Val Loss: 1.427e+00 | Active Proj %: 0.00 | Time: 8.99s
2025-08-21 05:14:57,215:INFO:New best model found at epoch 300 with validation loss 1.427e+00. Saving...
2025-08-21 05:15:04,047:INFO:Epoch: 350/40000 | Train Loss: 1.370e+00 | Dynamic Loss: 1.369e+00 | Regularization Loss: 4.613e-04 | Val Loss: 1.389e+00 | Active Proj %: 0.00 | Time: 6.70s
2025-08-21 05:15:04,047:INFO:New best model found at epoch 350 with validation loss 1.389e+00. Saving...
2025-08-21 05:15:10,827:INFO:Epoch: 400/40000 | Train Loss: 1.352e+00 | Dynamic Loss: 1.352e+00 | Regularization Loss: 3.743e-04 | Val Loss: 1.366e+00 | Active Proj %: 0.00 | Time: 6.65s
2025-08-21 05:15:10,827:INFO:New best model found at epoch 400 with validation loss 1.366e+00. Saving...
2025-08-21 05:15:17,665:INFO:Epoch: 450/40000 | Train Loss: 1.340e+00 | Dynamic Loss: 1.339e+00 | Regularization Loss: 3.104e-04 | Val Loss: 1.358e+00 | Active Proj %: 0.00 | Time: 6.72s
2025-08-21 05:15:17,665:INFO:New best model found at epoch 450 with validation loss 1.358e+00. Saving...
2025-08-21 05:15:24,458:INFO:Epoch: 500/40000 | Train Loss: 1.273e+00 | Dynamic Loss: 1.273e+00 | Regularization Loss: 2.618e-04 | Val Loss: 1.296e+00 | Active Proj %: 0.00 | Time: 6.67s
2025-08-21 05:15:24,459:INFO:New best model found at epoch 500 with validation loss 1.296e+00. Saving...
2025-08-21 05:15:31,280:INFO:Epoch: 550/40000 | Train Loss: 1.245e+00 | Dynamic Loss: 1.245e+00 | Regularization Loss: 2.239e-04 | Val Loss: 1.271e+00 | Active Proj %: 0.00 | Time: 6.70s
2025-08-21 05:15:31,280:INFO:New best model found at epoch 550 with validation loss 1.271e+00. Saving...
2025-08-21 05:15:38,085:INFO:Epoch: 600/40000 | Train Loss: 1.240e+00 | Dynamic Loss: 1.239e+00 | Regularization Loss: 1.938e-04 | Val Loss: 1.267e+00 | Active Proj %: 0.00 | Time: 6.68s
2025-08-21 05:15:38,085:INFO:New best model found at epoch 600 with validation loss 1.267e+00. Saving...
2025-08-21 05:15:47,285:INFO:Epoch: 650/40000 | Train Loss: 1.195e+00 | Dynamic Loss: 1.195e+00 | Regularization Loss: 1.693e-04 | Val Loss: 1.229e+00 | Active Proj %: 0.00 | Time: 9.07s
2025-08-21 05:15:47,285:INFO:New best model found at epoch 650 with validation loss 1.229e+00. Saving...
2025-08-21 05:15:54,119:INFO:Epoch: 700/40000 | Train Loss: 1.242e+00 | Dynamic Loss: 1.242e+00 | Regularization Loss: 1.491e-04 | Val Loss: 1.301e+00 | Active Proj %: 0.00 | Time: 6.70s
2025-08-21 05:16:00,974:INFO:Epoch: 750/40000 | Train Loss: 1.208e+00 | Dynamic Loss: 1.208e+00 | Regularization Loss: 1.323e-04 | Val Loss: 1.238e+00 | Active Proj %: 0.00 | Time: 6.75s
2025-08-21 05:16:10,939:INFO:Epoch: 800/40000 | Train Loss: 1.339e+00 | Dynamic Loss: 1.339e+00 | Regularization Loss: 1.181e-04 | Val Loss: 1.302e+00 | Active Proj %: 0.00 | Time: 9.86s
2025-08-21 05:16:17,698:INFO:Epoch: 850/40000 | Train Loss: 1.101e+00 | Dynamic Loss: 1.101e+00 | Regularization Loss: 1.060e-04 | Val Loss: 1.143e+00 | Active Proj %: 0.00 | Time: 6.66s
2025-08-21 05:16:17,698:INFO:New best model found at epoch 850 with validation loss 1.143e+00. Saving...
2025-08-21 05:16:24,553:INFO:Epoch: 900/40000 | Train Loss: 1.090e+00 | Dynamic Loss: 1.089e+00 | Regularization Loss: 9.558e-05 | Val Loss: 1.130e+00 | Active Proj %: 0.00 | Time: 6.74s
2025-08-21 05:16:24,553:INFO:New best model found at epoch 900 with validation loss 1.130e+00. Saving...
2025-08-21 05:16:31,449:INFO:Epoch: 950/40000 | Train Loss: 1.050e+00 | Dynamic Loss: 1.050e+00 | Regularization Loss: 8.655e-05 | Val Loss: 1.094e+00 | Active Proj %: 0.00 | Time: 6.78s
2025-08-21 05:16:31,449:INFO:New best model found at epoch 950 with validation loss 1.094e+00. Saving...
2025-08-21 05:16:38,226:INFO:Epoch: 1000/40000 | Train Loss: 1.045e+00 | Dynamic Loss: 1.045e+00 | Regularization Loss: 7.868e-05 | Val Loss: 1.076e+00 | Active Proj %: 0.00 | Time: 6.66s
2025-08-21 05:16:38,226:INFO:New best model found at epoch 1000 with validation loss 1.076e+00. Saving...
2025-08-21 05:16:45,021:INFO:Epoch: 1050/40000 | Train Loss: 1.011e+00 | Dynamic Loss: 1.011e+00 | Regularization Loss: 7.176e-05 | Val Loss: 1.110e+00 | Active Proj %: 0.00 | Time: 6.67s
2025-08-21 05:16:51,814:INFO:Epoch: 1100/40000 | Train Loss: 1.062e+00 | Dynamic Loss: 1.062e+00 | Regularization Loss: 6.566e-05 | Val Loss: 1.098e+00 | Active Proj %: 0.00 | Time: 6.69s
2025-08-21 05:16:59,421:INFO:Epoch: 1150/40000 | Train Loss: 1.067e+00 | Dynamic Loss: 1.067e+00 | Regularization Loss: 6.023e-05 | Val Loss: 1.107e+00 | Active Proj %: 0.00 | Time: 7.50s
2025-08-21 05:17:06,200:INFO:Epoch: 1200/40000 | Train Loss: 1.056e+00 | Dynamic Loss: 1.055e+00 | Regularization Loss: 5.540e-05 | Val Loss: 1.109e+00 | Active Proj %: 0.00 | Time: 6.68s
2025-08-21 05:17:12,940:INFO:Epoch: 1250/40000 | Train Loss: 9.728e-01 | Dynamic Loss: 9.728e-01 | Regularization Loss: 5.107e-05 | Val Loss: 1.008e+00 | Active Proj %: 0.00 | Time: 6.64s
2025-08-21 05:17:12,940:INFO:New best model found at epoch 1250 with validation loss 1.008e+00. Saving...
2025-08-21 05:17:19,889:INFO:Epoch: 1300/40000 | Train Loss: 8.866e-01 | Dynamic Loss: 8.866e-01 | Regularization Loss: 4.718e-05 | Val Loss: 9.309e-01 | Active Proj %: 0.00 | Time: 6.71s
2025-08-21 05:17:19,889:INFO:New best model found at epoch 1300 with validation loss 9.309e-01. Saving...
2025-08-21 05:17:26,746:INFO:Epoch: 1350/40000 | Train Loss: 1.137e+00 | Dynamic Loss: 1.137e+00 | Regularization Loss: 4.366e-05 | Val Loss: 1.835e+00 | Active Proj %: 0.00 | Time: 6.73s
2025-08-21 05:17:33,579:INFO:Epoch: 1400/40000 | Train Loss: 1.034e+00 | Dynamic Loss: 1.034e+00 | Regularization Loss: 4.048e-05 | Val Loss: 1.141e+00 | Active Proj %: 0.00 | Time: 6.73s
2025-08-21 05:17:40,401:INFO:Epoch: 1450/40000 | Train Loss: 8.976e-01 | Dynamic Loss: 8.975e-01 | Regularization Loss: 3.760e-05 | Val Loss: 9.252e-01 | Active Proj %: 0.00 | Time: 6.71s
2025-08-21 05:17:40,401:INFO:New best model found at epoch 1450 with validation loss 9.252e-01. Saving...
2025-08-21 05:17:47,380:INFO:Epoch: 1500/40000 | Train Loss: 7.817e-01 | Dynamic Loss: 7.817e-01 | Regularization Loss: 3.497e-05 | Val Loss: 8.266e-01 | Active Proj %: 0.00 | Time: 6.85s
2025-08-21 05:17:47,380:INFO:New best model found at epoch 1500 with validation loss 8.266e-01. Saving...
2025-08-21 05:17:54,277:INFO:Epoch: 1550/40000 | Train Loss: 7.651e-01 | Dynamic Loss: 7.651e-01 | Regularization Loss: 3.257e-05 | Val Loss: 8.118e-01 | Active Proj %: 0.00 | Time: 6.77s
2025-08-21 05:17:54,277:INFO:New best model found at epoch 1550 with validation loss 8.118e-01. Saving...
2025-08-21 05:18:01,147:INFO:Epoch: 1600/40000 | Train Loss: 8.210e-01 | Dynamic Loss: 8.210e-01 | Regularization Loss: 3.033e-05 | Val Loss: 8.664e-01 | Active Proj %: 0.00 | Time: 6.74s
2025-08-21 05:18:07,962:INFO:Epoch: 1650/40000 | Train Loss: 7.567e-01 | Dynamic Loss: 7.567e-01 | Regularization Loss: 2.832e-05 | Val Loss: 7.923e-01 | Active Proj %: 0.00 | Time: 6.71s
2025-08-21 05:18:07,962:INFO:New best model found at epoch 1650 with validation loss 7.923e-01. Saving...
2025-08-21 05:18:22,435:INFO:Epoch: 1700/40000 | Train Loss: 7.089e-01 | Dynamic Loss: 7.088e-01 | Regularization Loss: 2.648e-05 | Val Loss: 7.556e-01 | Active Proj %: 0.00 | Time: 14.35s
2025-08-21 05:18:22,435:INFO:New best model found at epoch 1700 with validation loss 7.556e-01. Saving...
2025-08-21 05:18:29,401:INFO:Epoch: 1750/40000 | Train Loss: 7.522e-01 | Dynamic Loss: 7.522e-01 | Regularization Loss: 2.477e-05 | Val Loss: 7.947e-01 | Active Proj %: 0.00 | Time: 6.84s
2025-08-21 05:18:36,253:INFO:Epoch: 1800/40000 | Train Loss: 8.937e-01 | Dynamic Loss: 8.937e-01 | Regularization Loss: 2.320e-05 | Val Loss: 9.431e-01 | Active Proj %: 0.00 | Time: 6.75s
2025-08-21 05:18:49,395:INFO:Epoch: 1850/40000 | Train Loss: 7.247e-01 | Dynamic Loss: 7.247e-01 | Regularization Loss: 2.175e-05 | Val Loss: 7.702e-01 | Active Proj %: 0.00 | Time: 13.04s
2025-08-21 05:18:56,278:INFO:Epoch: 1900/40000 | Train Loss: 9.099e-01 | Dynamic Loss: 9.099e-01 | Regularization Loss: 1.930e-05 | Val Loss: 9.422e-01 | Active Proj %: 0.00 | Time: 6.78s
2025-08-21 05:19:03,164:INFO:Epoch: 1950/40000 | Train Loss: 6.621e-01 | Dynamic Loss: 6.621e-01 | Regularization Loss: 1.815e-05 | Val Loss: 7.090e-01 | Active Proj %: 0.00 | Time: 6.78s
2025-08-21 05:19:03,165:INFO:New best model found at epoch 1950 with validation loss 7.090e-01. Saving...
2025-08-21 05:19:13,684:INFO:Epoch: 2000/40000 | Train Loss: 6.566e-01 | Dynamic Loss: 6.566e-01 | Regularization Loss: 1.711e-05 | Val Loss: 7.333e-01 | Active Proj %: 0.00 | Time: 10.39s
2025-08-21 05:19:20,491:INFO:Epoch: 2050/40000 | Train Loss: 6.157e-01 | Dynamic Loss: 6.156e-01 | Regularization Loss: 1.614e-05 | Val Loss: 6.617e-01 | Active Proj %: 0.00 | Time: 6.71s
2025-08-21 05:19:20,491:INFO:New best model found at epoch 2050 with validation loss 6.617e-01. Saving...
2025-08-21 05:19:27,333:INFO:Epoch: 2100/40000 | Train Loss: 6.008e-01 | Dynamic Loss: 6.008e-01 | Regularization Loss: 1.523e-05 | Val Loss: 6.399e-01 | Active Proj %: 0.00 | Time: 6.73s
2025-08-21 05:19:27,333:INFO:New best model found at epoch 2100 with validation loss 6.399e-01. Saving...
2025-08-21 05:19:34,337:INFO:Epoch: 2150/40000 | Train Loss: 5.842e-01 | Dynamic Loss: 5.842e-01 | Regularization Loss: 1.437e-05 | Val Loss: 6.290e-01 | Active Proj %: 0.00 | Time: 6.89s
2025-08-21 05:19:34,337:INFO:New best model found at epoch 2150 with validation loss 6.290e-01. Saving...
2025-08-21 05:19:41,264:INFO:Epoch: 2200/40000 | Train Loss: 6.655e-01 | Dynamic Loss: 6.655e-01 | Regularization Loss: 1.357e-05 | Val Loss: 7.081e-01 | Active Proj %: 0.00 | Time: 6.81s
2025-08-21 05:19:48,227:INFO:Epoch: 2250/40000 | Train Loss: 5.626e-01 | Dynamic Loss: 5.625e-01 | Regularization Loss: 1.282e-05 | Val Loss: 6.044e-01 | Active Proj %: 0.00 | Time: 6.86s
2025-08-21 05:19:48,227:INFO:New best model found at epoch 2250 with validation loss 6.044e-01. Saving...
2025-08-21 05:19:55,124:INFO:Epoch: 2300/40000 | Train Loss: 5.365e-01 | Dynamic Loss: 5.365e-01 | Regularization Loss: 1.212e-05 | Val Loss: 5.776e-01 | Active Proj %: 0.00 | Time: 6.78s
2025-08-21 05:19:55,125:INFO:New best model found at epoch 2300 with validation loss 5.776e-01. Saving...
2025-08-21 05:20:07,827:INFO:Epoch: 2350/40000 | Train Loss: 1.050e+00 | Dynamic Loss: 1.050e+00 | Regularization Loss: 1.145e-05 | Val Loss: 1.143e+00 | Active Proj %: 0.00 | Time: 12.59s
2025-08-21 05:20:14,837:INFO:Epoch: 2400/40000 | Train Loss: 5.640e-01 | Dynamic Loss: 5.639e-01 | Regularization Loss: 1.083e-05 | Val Loss: 6.286e-01 | Active Proj %: 0.00 | Time: 6.91s
2025-08-21 05:20:21,752:INFO:Epoch: 2450/40000 | Train Loss: 5.272e-01 | Dynamic Loss: 5.272e-01 | Regularization Loss: 1.025e-05 | Val Loss: 5.701e-01 | Active Proj %: 0.00 | Time: 6.82s
2025-08-21 05:20:21,752:INFO:New best model found at epoch 2450 with validation loss 5.701e-01. Saving...
2025-08-21 05:20:36,181:INFO:Epoch: 2500/40000 | Train Loss: 5.292e-01 | Dynamic Loss: 5.292e-01 | Regularization Loss: 9.695e-06 | Val Loss: 5.761e-01 | Active Proj %: 0.00 | Time: 14.31s
2025-08-21 05:20:43,100:INFO:Epoch: 2550/40000 | Train Loss: 4.979e-01 | Dynamic Loss: 4.978e-01 | Regularization Loss: 9.176e-06 | Val Loss: 5.425e-01 | Active Proj %: 0.00 | Time: 6.82s
2025-08-21 05:20:43,100:INFO:New best model found at epoch 2550 with validation loss 5.425e-01. Saving...
2025-08-21 05:20:50,025:INFO:Epoch: 2600/40000 | Train Loss: 4.951e-01 | Dynamic Loss: 4.951e-01 | Regularization Loss: 8.687e-06 | Val Loss: 5.358e-01 | Active Proj %: 0.00 | Time: 6.80s
2025-08-21 05:20:50,025:INFO:New best model found at epoch 2600 with validation loss 5.358e-01. Saving...
2025-08-21 05:20:59,935:INFO:Epoch: 2650/40000 | Train Loss: 4.721e-01 | Dynamic Loss: 4.721e-01 | Regularization Loss: 8.225e-06 | Val Loss: 5.151e-01 | Active Proj %: 0.00 | Time: 9.79s
2025-08-21 05:20:59,935:INFO:New best model found at epoch 2650 with validation loss 5.151e-01. Saving...
2025-08-21 05:21:06,920:INFO:Epoch: 2700/40000 | Train Loss: 6.520e-01 | Dynamic Loss: 6.520e-01 | Regularization Loss: 7.790e-06 | Val Loss: 6.832e-01 | Active Proj %: 0.00 | Time: 6.86s
2025-08-21 05:21:13,844:INFO:Epoch: 2750/40000 | Train Loss: 4.628e-01 | Dynamic Loss: 4.628e-01 | Regularization Loss: 7.380e-06 | Val Loss: 4.997e-01 | Active Proj %: 0.00 | Time: 6.82s
2025-08-21 05:21:13,844:INFO:New best model found at epoch 2750 with validation loss 4.997e-01. Saving...
2025-08-21 05:21:20,929:INFO:Epoch: 2800/40000 | Train Loss: 4.941e-01 | Dynamic Loss: 4.940e-01 | Regularization Loss: 6.993e-06 | Val Loss: 5.341e-01 | Active Proj %: 0.00 | Time: 6.96s
2025-08-21 05:21:27,781:INFO:Epoch: 2850/40000 | Train Loss: 4.456e-01 | Dynamic Loss: 4.456e-01 | Regularization Loss: 6.627e-06 | Val Loss: 4.849e-01 | Active Proj %: 0.00 | Time: 6.75s
2025-08-21 05:21:27,781:INFO:New best model found at epoch 2850 with validation loss 4.849e-01. Saving...
2025-08-21 05:21:34,680:INFO:Epoch: 2900/40000 | Train Loss: 4.348e-01 | Dynamic Loss: 4.348e-01 | Regularization Loss: 6.282e-06 | Val Loss: 4.792e-01 | Active Proj %: 0.00 | Time: 6.78s
2025-08-21 05:21:34,680:INFO:New best model found at epoch 2900 with validation loss 4.792e-01. Saving...
2025-08-21 05:21:41,701:INFO:Epoch: 2950/40000 | Train Loss: 4.316e-01 | Dynamic Loss: 4.316e-01 | Regularization Loss: 5.955e-06 | Val Loss: 4.763e-01 | Active Proj %: 0.00 | Time: 6.77s
2025-08-21 05:21:41,701:INFO:New best model found at epoch 2950 with validation loss 4.763e-01. Saving...
2025-08-21 05:21:48,653:INFO:Epoch: 3000/40000 | Train Loss: 4.653e-01 | Dynamic Loss: 4.653e-01 | Regularization Loss: 5.647e-06 | Val Loss: 5.149e-01 | Active Proj %: 0.00 | Time: 6.83s
2025-08-21 05:21:55,566:INFO:Epoch: 3050/40000 | Train Loss: 4.166e-01 | Dynamic Loss: 4.166e-01 | Regularization Loss: 5.355e-06 | Val Loss: 4.598e-01 | Active Proj %: 0.00 | Time: 6.81s
2025-08-21 05:21:55,566:INFO:New best model found at epoch 3050 with validation loss 4.598e-01. Saving...
2025-08-21 05:22:02,650:INFO:Epoch: 3100/40000 | Train Loss: 4.334e-01 | Dynamic Loss: 4.334e-01 | Regularization Loss: 5.080e-06 | Val Loss: 4.802e-01 | Active Proj %: 0.00 | Time: 6.83s
2025-08-21 05:22:09,672:INFO:Epoch: 3150/40000 | Train Loss: 4.630e-01 | Dynamic Loss: 4.630e-01 | Regularization Loss: 4.819e-06 | Val Loss: 5.033e-01 | Active Proj %: 0.00 | Time: 6.92s
2025-08-21 05:22:16,658:INFO:Epoch: 3200/40000 | Train Loss: 4.042e-01 | Dynamic Loss: 4.042e-01 | Regularization Loss: 4.572e-06 | Val Loss: 4.464e-01 | Active Proj %: 0.00 | Time: 6.88s
2025-08-21 05:22:16,658:INFO:New best model found at epoch 3200 with validation loss 4.464e-01. Saving...
2025-08-21 05:22:23,560:INFO:Epoch: 3250/40000 | Train Loss: 3.911e-01 | Dynamic Loss: 3.911e-01 | Regularization Loss: 4.338e-06 | Val Loss: 4.334e-01 | Active Proj %: 0.00 | Time: 6.78s
2025-08-21 05:22:23,560:INFO:New best model found at epoch 3250 with validation loss 4.334e-01. Saving...
2025-08-21 05:22:35,955:INFO:Epoch: 3300/40000 | Train Loss: 3.817e-01 | Dynamic Loss: 3.817e-01 | Regularization Loss: 4.117e-06 | Val Loss: 4.256e-01 | Active Proj %: 0.00 | Time: 12.27s
2025-08-21 05:22:35,955:INFO:New best model found at epoch 3300 with validation loss 4.256e-01. Saving...
2025-08-21 05:22:42,989:INFO:Epoch: 3350/40000 | Train Loss: 3.749e-01 | Dynamic Loss: 3.749e-01 | Regularization Loss: 3.907e-06 | Val Loss: 4.193e-01 | Active Proj %: 0.00 | Time: 6.91s
2025-08-21 05:22:42,989:INFO:New best model found at epoch 3350 with validation loss 4.193e-01. Saving...
2025-08-21 05:22:49,979:INFO:Epoch: 3400/40000 | Train Loss: 3.852e-01 | Dynamic Loss: 3.852e-01 | Regularization Loss: 3.709e-06 | Val Loss: 4.307e-01 | Active Proj %: 0.00 | Time: 6.86s
2025-08-21 05:22:57,184:INFO:Epoch: 3450/40000 | Train Loss: 4.994e-01 | Dynamic Loss: 4.994e-01 | Regularization Loss: 3.521e-06 | Val Loss: 5.686e-01 | Active Proj %: 0.00 | Time: 7.10s
2025-08-21 05:23:04,146:INFO:Epoch: 3500/40000 | Train Loss: 4.461e-01 | Dynamic Loss: 4.461e-01 | Regularization Loss: 3.343e-06 | Val Loss: 5.032e-01 | Active Proj %: 0.00 | Time: 6.85s
2025-08-21 05:23:11,061:INFO:Epoch: 3550/40000 | Train Loss: 3.793e-01 | Dynamic Loss: 3.793e-01 | Regularization Loss: 3.174e-06 | Val Loss: 4.330e-01 | Active Proj %: 0.00 | Time: 6.81s
2025-08-21 05:23:18,128:INFO:Epoch: 3600/40000 | Train Loss: 5.747e-01 | Dynamic Loss: 5.747e-01 | Regularization Loss: 3.014e-06 | Val Loss: 6.950e-01 | Active Proj %: 0.00 | Time: 6.96s
2025-08-21 05:23:25,073:INFO:Epoch: 3650/40000 | Train Loss: 3.588e-01 | Dynamic Loss: 3.588e-01 | Regularization Loss: 2.862e-06 | Val Loss: 4.047e-01 | Active Proj %: 0.00 | Time: 6.84s
2025-08-21 05:23:25,073:INFO:New best model found at epoch 3650 with validation loss 4.047e-01. Saving...
2025-08-21 05:23:32,068:INFO:Epoch: 3700/40000 | Train Loss: 3.494e-01 | Dynamic Loss: 3.494e-01 | Regularization Loss: 2.718e-06 | Val Loss: 3.995e-01 | Active Proj %: 0.00 | Time: 6.87s
2025-08-21 05:23:32,068:INFO:New best model found at epoch 3700 with validation loss 3.995e-01. Saving...
2025-08-21 05:23:39,214:INFO:Epoch: 3750/40000 | Train Loss: 3.369e-01 | Dynamic Loss: 3.369e-01 | Regularization Loss: 2.582e-06 | Val Loss: 3.826e-01 | Active Proj %: 0.00 | Time: 7.02s
2025-08-21 05:23:39,214:INFO:New best model found at epoch 3750 with validation loss 3.826e-01. Saving...
2025-08-21 05:23:46,217:INFO:Epoch: 3800/40000 | Train Loss: 3.596e-01 | Dynamic Loss: 3.596e-01 | Regularization Loss: 2.453e-06 | Val Loss: 3.920e-01 | Active Proj %: 0.00 | Time: 6.88s
2025-08-21 05:23:53,190:INFO:Epoch: 3850/40000 | Train Loss: 3.974e-01 | Dynamic Loss: 3.974e-01 | Regularization Loss: 2.330e-06 | Val Loss: 4.451e-01 | Active Proj %: 0.00 | Time: 6.86s
2025-08-21 05:24:02,919:INFO:Epoch: 3900/40000 | Train Loss: 3.676e-01 | Dynamic Loss: 3.675e-01 | Regularization Loss: 2.213e-06 | Val Loss: 3.769e-01 | Active Proj %: 0.00 | Time: 9.62s
2025-08-21 05:24:02,920:INFO:New best model found at epoch 3900 with validation loss 3.769e-01. Saving...
2025-08-21 05:24:09,884:INFO:Epoch: 3950/40000 | Train Loss: 3.134e-01 | Dynamic Loss: 3.134e-01 | Regularization Loss: 2.103e-06 | Val Loss: 3.599e-01 | Active Proj %: 0.00 | Time: 6.83s
2025-08-21 05:24:09,884:INFO:New best model found at epoch 3950 with validation loss 3.599e-01. Saving...
2025-08-21 05:24:16,854:INFO:Epoch: 4000/40000 | Train Loss: 3.454e-01 | Dynamic Loss: 3.454e-01 | Regularization Loss: 1.998e-06 | Val Loss: 3.919e-01 | Active Proj %: 0.00 | Time: 6.84s
2025-08-21 05:24:24,478:INFO:Epoch: 4050/40000 | Train Loss: 3.091e-01 | Dynamic Loss: 3.091e-01 | Regularization Loss: 1.898e-06 | Val Loss: 3.500e-01 | Active Proj %: 0.00 | Time: 7.52s
2025-08-21 05:24:24,479:INFO:New best model found at epoch 4050 with validation loss 3.500e-01. Saving...
2025-08-21 05:24:31,498:INFO:Epoch: 4100/40000 | Train Loss: 3.076e-01 | Dynamic Loss: 3.076e-01 | Regularization Loss: 1.804e-06 | Val Loss: 3.554e-01 | Active Proj %: 0.00 | Time: 6.90s
2025-08-21 05:24:38,518:INFO:Epoch: 4150/40000 | Train Loss: 2.983e-01 | Dynamic Loss: 2.983e-01 | Regularization Loss: 1.714e-06 | Val Loss: 3.429e-01 | Active Proj %: 0.00 | Time: 6.92s
2025-08-21 05:24:38,519:INFO:New best model found at epoch 4150 with validation loss 3.429e-01. Saving...
2025-08-21 05:24:45,894:INFO:Epoch: 4200/40000 | Train Loss: 2.941e-01 | Dynamic Loss: 2.941e-01 | Regularization Loss: 1.629e-06 | Val Loss: 3.364e-01 | Active Proj %: 0.00 | Time: 7.26s
2025-08-21 05:24:45,894:INFO:New best model found at epoch 4200 with validation loss 3.364e-01. Saving...
2025-08-21 05:24:52,875:INFO:Epoch: 4250/40000 | Train Loss: 1.050e+00 | Dynamic Loss: 1.050e+00 | Regularization Loss: 1.008e-06 | Val Loss: 1.069e+00 | Active Proj %: 0.00 | Time: 6.86s
2025-08-21 05:24:59,880:INFO:Epoch: 4300/40000 | Train Loss: 3.870e-01 | Dynamic Loss: 3.870e-01 | Regularization Loss: 9.527e-07 | Val Loss: 4.331e-01 | Active Proj %: 0.00 | Time: 6.91s
2025-08-21 05:25:06,959:INFO:Epoch: 4350/40000 | Train Loss: 3.386e-01 | Dynamic Loss: 3.386e-01 | Regularization Loss: 9.228e-07 | Val Loss: 3.816e-01 | Active Proj %: 0.00 | Time: 6.98s
2025-08-21 05:25:13,977:INFO:Epoch: 4400/40000 | Train Loss: 4.537e-01 | Dynamic Loss: 4.537e-01 | Regularization Loss: 8.932e-07 | Val Loss: 4.592e-01 | Active Proj %: 0.00 | Time: 6.92s
2025-08-21 05:25:21,021:INFO:Epoch: 4450/40000 | Train Loss: 3.657e-01 | Dynamic Loss: 3.657e-01 | Regularization Loss: 8.641e-07 | Val Loss: 4.056e-01 | Active Proj %: 0.00 | Time: 6.95s
2025-08-21 05:25:28,080:INFO:Epoch: 4500/40000 | Train Loss: 3.193e-01 | Dynamic Loss: 3.193e-01 | Regularization Loss: 8.355e-07 | Val Loss: 3.547e-01 | Active Proj %: 0.00 | Time: 6.96s
2025-08-21 05:25:35,036:INFO:Epoch: 4550/40000 | Train Loss: 3.330e-01 | Dynamic Loss: 3.330e-01 | Regularization Loss: 8.074e-07 | Val Loss: 3.611e-01 | Active Proj %: 0.00 | Time: 6.86s
2025-08-21 05:25:42,033:INFO:Epoch: 4600/40000 | Train Loss: 3.190e-01 | Dynamic Loss: 3.190e-01 | Regularization Loss: 7.799e-07 | Val Loss: 3.581e-01 | Active Proj %: 0.00 | Time: 6.90s
2025-08-21 05:25:48,981:INFO:Epoch: 4650/40000 | Train Loss: 4.007e-01 | Dynamic Loss: 4.007e-01 | Regularization Loss: 7.528e-07 | Val Loss: 3.747e-01 | Active Proj %: 0.00 | Time: 6.85s
2025-08-21 05:26:02,630:INFO:Epoch: 4700/40000 | Train Loss: 3.067e-01 | Dynamic Loss: 3.067e-01 | Regularization Loss: 7.264e-07 | Val Loss: 3.411e-01 | Active Proj %: 0.00 | Time: 13.55s
2025-08-21 05:26:09,693:INFO:Epoch: 4750/40000 | Train Loss: 3.244e-01 | Dynamic Loss: 3.244e-01 | Regularization Loss: 7.005e-07 | Val Loss: 3.651e-01 | Active Proj %: 0.00 | Time: 6.96s
2025-08-21 05:26:16,690:INFO:Epoch: 4800/40000 | Train Loss: 3.159e-01 | Dynamic Loss: 3.159e-01 | Regularization Loss: 6.752e-07 | Val Loss: 3.304e-01 | Active Proj %: 0.00 | Time: 6.90s
2025-08-21 05:26:16,690:INFO:New best model found at epoch 4800 with validation loss 3.304e-01. Saving...
2025-08-21 05:26:27,313:INFO:Epoch: 4850/40000 | Train Loss: 6.768e-01 | Dynamic Loss: 6.768e-01 | Regularization Loss: 6.505e-07 | Val Loss: 3.534e-01 | Active Proj %: 0.00 | Time: 10.50s
2025-08-21 05:26:34,372:INFO:Epoch: 4900/40000 | Train Loss: 2.704e-01 | Dynamic Loss: 2.704e-01 | Regularization Loss: 6.264e-07 | Val Loss: 3.066e-01 | Active Proj %: 0.00 | Time: 6.96s
2025-08-21 05:26:34,373:INFO:New best model found at epoch 4900 with validation loss 3.066e-01. Saving...
2025-08-21 05:26:41,350:INFO:Epoch: 4950/40000 | Train Loss: 2.636e-01 | Dynamic Loss: 2.636e-01 | Regularization Loss: 6.029e-07 | Val Loss: 2.964e-01 | Active Proj %: 0.00 | Time: 6.86s
2025-08-21 05:26:41,351:INFO:New best model found at epoch 4950 with validation loss 2.964e-01. Saving...
2025-08-21 05:26:52,186:INFO:Epoch: 5000/40000 | Train Loss: 5.875e-01 | Dynamic Loss: 5.875e-01 | Regularization Loss: 5.801e-07 | Val Loss: 5.026e-01 | Active Proj %: 0.00 | Time: 10.71s
2025-08-21 05:26:59,166:INFO:Epoch: 5050/40000 | Train Loss: 3.611e-01 | Dynamic Loss: 3.611e-01 | Regularization Loss: 5.578e-07 | Val Loss: 3.860e-01 | Active Proj %: 0.00 | Time: 6.88s
2025-08-21 05:27:06,122:INFO:Epoch: 5100/40000 | Train Loss: 2.689e-01 | Dynamic Loss: 2.689e-01 | Regularization Loss: 5.362e-07 | Val Loss: 3.011e-01 | Active Proj %: 0.00 | Time: 6.86s
2025-08-21 05:27:16,949:INFO:Epoch: 5150/40000 | Train Loss: 2.533e-01 | Dynamic Loss: 2.533e-01 | Regularization Loss: 5.152e-07 | Val Loss: 2.948e-01 | Active Proj %: 0.00 | Time: 10.73s
2025-08-21 05:27:16,949:INFO:New best model found at epoch 5150 with validation loss 2.948e-01. Saving...
2025-08-21 05:27:23,933:INFO:Epoch: 5200/40000 | Train Loss: 2.460e-01 | Dynamic Loss: 2.460e-01 | Regularization Loss: 4.949e-07 | Val Loss: 2.708e-01 | Active Proj %: 0.00 | Time: 6.86s
2025-08-21 05:27:23,934:INFO:New best model found at epoch 5200 with validation loss 2.708e-01. Saving...
2025-08-21 05:27:30,962:INFO:Epoch: 5250/40000 | Train Loss: 3.006e-01 | Dynamic Loss: 3.006e-01 | Regularization Loss: 4.531e-07 | Val Loss: 3.427e-01 | Active Proj %: 0.00 | Time: 6.91s
2025-08-21 05:27:41,997:INFO:Epoch: 5300/40000 | Train Loss: 2.345e-01 | Dynamic Loss: 2.345e-01 | Regularization Loss: 4.356e-07 | Val Loss: 2.684e-01 | Active Proj %: 0.00 | Time: 10.93s
2025-08-21 05:27:41,997:INFO:New best model found at epoch 5300 with validation loss 2.684e-01. Saving...
2025-08-21 05:27:49,053:INFO:Epoch: 5350/40000 | Train Loss: 2.332e-01 | Dynamic Loss: 2.332e-01 | Regularization Loss: 4.187e-07 | Val Loss: 2.653e-01 | Active Proj %: 0.00 | Time: 6.93s
2025-08-21 05:27:49,053:INFO:New best model found at epoch 5350 with validation loss 2.653e-01. Saving...
2025-08-21 05:27:56,154:INFO:Epoch: 5400/40000 | Train Loss: 3.149e-01 | Dynamic Loss: 3.149e-01 | Regularization Loss: 4.023e-07 | Val Loss: 3.366e-01 | Active Proj %: 0.00 | Time: 6.98s
2025-08-21 05:28:03,261:INFO:Epoch: 5450/40000 | Train Loss: 2.390e-01 | Dynamic Loss: 2.390e-01 | Regularization Loss: 3.864e-07 | Val Loss: 2.583e-01 | Active Proj %: 0.00 | Time: 7.01s
2025-08-21 05:28:03,262:INFO:New best model found at epoch 5450 with validation loss 2.583e-01. Saving...
2025-08-21 05:28:10,359:INFO:Epoch: 5500/40000 | Train Loss: 2.222e-01 | Dynamic Loss: 2.222e-01 | Regularization Loss: 3.709e-07 | Val Loss: 2.516e-01 | Active Proj %: 0.00 | Time: 6.97s
2025-08-21 05:28:10,360:INFO:New best model found at epoch 5500 with validation loss 2.516e-01. Saving...
2025-08-21 05:28:17,367:INFO:Epoch: 5550/40000 | Train Loss: 2.560e-01 | Dynamic Loss: 2.560e-01 | Regularization Loss: 3.560e-07 | Val Loss: 3.395e-01 | Active Proj %: 0.00 | Time: 6.88s
2025-08-21 05:28:24,335:INFO:Epoch: 5600/40000 | Train Loss: 2.792e-01 | Dynamic Loss: 2.792e-01 | Regularization Loss: 3.415e-07 | Val Loss: 2.754e-01 | Active Proj %: 0.00 | Time: 6.87s
2025-08-21 05:28:37,781:INFO:Epoch: 5650/40000 | Train Loss: 2.327e-01 | Dynamic Loss: 2.327e-01 | Regularization Loss: 3.275e-07 | Val Loss: 2.584e-01 | Active Proj %: 0.00 | Time: 13.34s
2025-08-21 05:28:44,755:INFO:Epoch: 5700/40000 | Train Loss: 2.295e-01 | Dynamic Loss: 2.295e-01 | Regularization Loss: 3.140e-07 | Val Loss: 3.002e-01 | Active Proj %: 0.00 | Time: 6.87s
2025-08-21 05:28:51,739:INFO:Epoch: 5750/40000 | Train Loss: 2.061e-01 | Dynamic Loss: 2.061e-01 | Regularization Loss: 3.009e-07 | Val Loss: 2.313e-01 | Active Proj %: 0.00 | Time: 6.88s
2025-08-21 05:28:51,740:INFO:New best model found at epoch 5750 with validation loss 2.313e-01. Saving...
2025-08-21 05:29:05,840:INFO:Epoch: 5800/40000 | Train Loss: 3.768e-01 | Dynamic Loss: 3.768e-01 | Regularization Loss: 2.883e-07 | Val Loss: 3.134e-01 | Active Proj %: 0.00 | Time: 13.98s
2025-08-21 05:29:12,857:INFO:Epoch: 5850/40000 | Train Loss: 2.072e-01 | Dynamic Loss: 2.072e-01 | Regularization Loss: 2.761e-07 | Val Loss: 2.334e-01 | Active Proj %: 0.00 | Time: 6.91s
2025-08-21 05:29:19,904:INFO:Epoch: 5900/40000 | Train Loss: 2.182e-01 | Dynamic Loss: 2.182e-01 | Regularization Loss: 2.644e-07 | Val Loss: 2.477e-01 | Active Proj %: 0.00 | Time: 6.94s
2025-08-21 05:29:28,717:INFO:Epoch: 5950/40000 | Train Loss: 2.401e-01 | Dynamic Loss: 2.401e-01 | Regularization Loss: 2.531e-07 | Val Loss: 2.550e-01 | Active Proj %: 0.00 | Time: 8.71s
2025-08-21 05:29:35,764:INFO:Epoch: 6000/40000 | Train Loss: 2.087e-01 | Dynamic Loss: 2.087e-01 | Regularization Loss: 2.422e-07 | Val Loss: 2.334e-01 | Active Proj %: 0.00 | Time: 6.94s
2025-08-21 05:29:42,913:INFO:Epoch: 6050/40000 | Train Loss: 2.066e-01 | Dynamic Loss: 2.066e-01 | Regularization Loss: 2.317e-07 | Val Loss: 2.374e-01 | Active Proj %: 0.00 | Time: 6.92s
2025-08-21 05:29:49,905:INFO:Epoch: 6100/40000 | Train Loss: 2.272e-01 | Dynamic Loss: 2.272e-01 | Regularization Loss: 2.216e-07 | Val Loss: 2.556e-01 | Active Proj %: 0.00 | Time: 6.89s
2025-08-21 05:29:57,026:INFO:Epoch: 6150/40000 | Train Loss: 1.878e-01 | Dynamic Loss: 1.878e-01 | Regularization Loss: 2.119e-07 | Val Loss: 2.091e-01 | Active Proj %: 0.00 | Time: 7.02s
2025-08-21 05:29:57,026:INFO:New best model found at epoch 6150 with validation loss 2.091e-01. Saving...
2025-08-21 05:30:04,114:INFO:Epoch: 6200/40000 | Train Loss: 2.438e-01 | Dynamic Loss: 2.438e-01 | Regularization Loss: 2.026e-07 | Val Loss: 2.937e-01 | Active Proj %: 0.00 | Time: 6.96s
2025-08-21 05:30:19,024:INFO:Epoch: 6250/40000 | Train Loss: 1.896e-01 | Dynamic Loss: 1.896e-01 | Regularization Loss: 1.936e-07 | Val Loss: 2.115e-01 | Active Proj %: 0.00 | Time: 14.81s
2025-08-21 05:30:26,116:INFO:Epoch: 6300/40000 | Train Loss: 3.940e-01 | Dynamic Loss: 3.940e-01 | Regularization Loss: 1.850e-07 | Val Loss: 6.815e-01 | Active Proj %: 0.00 | Time: 6.99s
2025-08-21 05:30:33,107:INFO:Epoch: 6350/40000 | Train Loss: 1.914e-01 | Dynamic Loss: 1.914e-01 | Regularization Loss: 1.768e-07 | Val Loss: 2.117e-01 | Active Proj %: 0.00 | Time: 6.89s
2025-08-21 05:30:47,557:INFO:Epoch: 6400/40000 | Train Loss: 1.922e-01 | Dynamic Loss: 1.922e-01 | Regularization Loss: 1.689e-07 | Val Loss: 2.170e-01 | Active Proj %: 0.00 | Time: 14.34s
2025-08-21 05:30:54,648:INFO:Epoch: 6450/40000 | Train Loss: 1.859e-01 | Dynamic Loss: 1.859e-01 | Regularization Loss: 1.613e-07 | Val Loss: 2.031e-01 | Active Proj %: 0.00 | Time: 6.99s
2025-08-21 05:30:54,649:INFO:New best model found at epoch 6450 with validation loss 2.031e-01. Saving...
2025-08-21 05:31:01,868:INFO:Epoch: 6500/40000 | Train Loss: 1.759e-01 | Dynamic Loss: 1.759e-01 | Regularization Loss: 1.540e-07 | Val Loss: 1.952e-01 | Active Proj %: 0.00 | Time: 7.09s
2025-08-21 05:31:01,868:INFO:New best model found at epoch 6500 with validation loss 1.952e-01. Saving...
2025-08-21 05:31:08,945:INFO:Epoch: 6550/40000 | Train Loss: 1.853e-01 | Dynamic Loss: 1.853e-01 | Regularization Loss: 1.470e-07 | Val Loss: 2.042e-01 | Active Proj %: 0.00 | Time: 6.95s
2025-08-21 05:31:16,033:INFO:Epoch: 6600/40000 | Train Loss: 1.766e-01 | Dynamic Loss: 1.766e-01 | Regularization Loss: 1.404e-07 | Val Loss: 1.969e-01 | Active Proj %: 0.00 | Time: 6.98s
2025-08-21 05:31:23,228:INFO:Epoch: 6650/40000 | Train Loss: 1.766e-01 | Dynamic Loss: 1.766e-01 | Regularization Loss: 1.340e-07 | Val Loss: 1.923e-01 | Active Proj %: 0.00 | Time: 7.09s
2025-08-21 05:31:23,228:INFO:New best model found at epoch 6650 with validation loss 1.923e-01. Saving...
2025-08-21 05:31:30,300:INFO:Epoch: 6700/40000 | Train Loss: 1.915e-01 | Dynamic Loss: 1.915e-01 | Regularization Loss: 1.278e-07 | Val Loss: 2.149e-01 | Active Proj %: 0.00 | Time: 6.94s
2025-08-21 05:31:37,328:INFO:Epoch: 6750/40000 | Train Loss: 1.709e-01 | Dynamic Loss: 1.709e-01 | Regularization Loss: 1.220e-07 | Val Loss: 1.887e-01 | Active Proj %: 0.00 | Time: 6.92s
2025-08-21 05:31:37,328:INFO:New best model found at epoch 6750 with validation loss 1.887e-01. Saving...
2025-08-21 05:31:44,430:INFO:Epoch: 6800/40000 | Train Loss: 1.812e-01 | Dynamic Loss: 1.812e-01 | Regularization Loss: 1.163e-07 | Val Loss: 2.069e-01 | Active Proj %: 0.00 | Time: 6.98s
2025-08-21 05:31:51,424:INFO:Epoch: 6850/40000 | Train Loss: 1.719e-01 | Dynamic Loss: 1.719e-01 | Regularization Loss: 1.110e-07 | Val Loss: 1.932e-01 | Active Proj %: 0.00 | Time: 6.89s
2025-08-21 05:31:58,448:INFO:Epoch: 6900/40000 | Train Loss: 3.536e-01 | Dynamic Loss: 3.536e-01 | Regularization Loss: 1.058e-07 | Val Loss: 3.584e-01 | Active Proj %: 0.00 | Time: 6.91s
2025-08-21 05:32:05,680:INFO:Epoch: 6950/40000 | Train Loss: 1.642e-01 | Dynamic Loss: 1.642e-01 | Regularization Loss: 1.009e-07 | Val Loss: 1.812e-01 | Active Proj %: 0.00 | Time: 7.12s
2025-08-21 05:32:05,680:INFO:New best model found at epoch 6950 with validation loss 1.812e-01. Saving...
2025-08-21 05:32:12,805:INFO:Epoch: 7000/40000 | Train Loss: 1.711e-01 | Dynamic Loss: 1.711e-01 | Regularization Loss: 9.624e-08 | Val Loss: 1.844e-01 | Active Proj %: 0.00 | Time: 7.00s
2025-08-21 05:32:19,800:INFO:Epoch: 7050/40000 | Train Loss: 2.740e-01 | Dynamic Loss: 2.740e-01 | Regularization Loss: 9.176e-08 | Val Loss: 2.457e-01 | Active Proj %: 0.00 | Time: 6.89s
2025-08-21 05:32:28,246:INFO:Epoch: 7100/40000 | Train Loss: 1.660e-01 | Dynamic Loss: 1.660e-01 | Regularization Loss: 8.747e-08 | Val Loss: 1.815e-01 | Active Proj %: 0.00 | Time: 8.34s
2025-08-21 05:32:35,253:INFO:Epoch: 7150/40000 | Train Loss: 1.682e-01 | Dynamic Loss: 1.682e-01 | Regularization Loss: 8.338e-08 | Val Loss: 1.822e-01 | Active Proj %: 0.00 | Time: 6.90s
2025-08-21 05:32:42,298:INFO:Epoch: 7200/40000 | Train Loss: 3.148e-01 | Dynamic Loss: 3.148e-01 | Regularization Loss: 7.947e-08 | Val Loss: 2.348e-01 | Active Proj %: 0.00 | Time: 6.94s
2025-08-21 05:32:56,800:INFO:Epoch: 7250/40000 | Train Loss: 1.642e-01 | Dynamic Loss: 1.642e-01 | Regularization Loss: 7.574e-08 | Val Loss: 1.798e-01 | Active Proj %: 0.00 | Time: 14.40s
2025-08-21 05:32:56,800:INFO:New best model found at epoch 7250 with validation loss 1.798e-01. Saving...
2025-08-21 05:33:03,830:INFO:Epoch: 7300/40000 | Train Loss: 1.695e-01 | Dynamic Loss: 1.695e-01 | Regularization Loss: 7.217e-08 | Val Loss: 1.884e-01 | Active Proj %: 0.00 | Time: 6.90s
2025-08-21 05:33:10,834:INFO:Epoch: 7350/40000 | Train Loss: 2.461e-01 | Dynamic Loss: 2.461e-01 | Regularization Loss: 6.877e-08 | Val Loss: 3.773e-01 | Active Proj %: 0.00 | Time: 6.89s
2025-08-21 05:33:26,030:INFO:Epoch: 7400/40000 | Train Loss: 1.593e-01 | Dynamic Loss: 1.593e-01 | Regularization Loss: 6.553e-08 | Val Loss: 1.819e-01 | Active Proj %: 0.00 | Time: 15.09s
2025-08-21 05:33:33,060:INFO:Epoch: 7450/40000 | Train Loss: 1.760e-01 | Dynamic Loss: 1.760e-01 | Regularization Loss: 6.243e-08 | Val Loss: 1.956e-01 | Active Proj %: 0.00 | Time: 6.92s
2025-08-21 05:33:40,276:INFO:Epoch: 7500/40000 | Train Loss: 1.666e-01 | Dynamic Loss: 1.666e-01 | Regularization Loss: 5.947e-08 | Val Loss: 1.791e-01 | Active Proj %: 0.00 | Time: 7.11s
2025-08-21 05:33:40,277:INFO:New best model found at epoch 7500 with validation loss 1.791e-01. Saving...
2025-08-21 05:33:47,374:INFO:Epoch: 7550/40000 | Train Loss: 1.681e-01 | Dynamic Loss: 1.681e-01 | Regularization Loss: 5.665e-08 | Val Loss: 1.810e-01 | Active Proj %: 0.00 | Time: 6.97s
2025-08-21 05:33:54,451:INFO:Epoch: 7600/40000 | Train Loss: 1.551e-01 | Dynamic Loss: 1.551e-01 | Regularization Loss: 5.396e-08 | Val Loss: 1.675e-01 | Active Proj %: 0.00 | Time: 6.97s
2025-08-21 05:33:54,451:INFO:New best model found at epoch 7600 with validation loss 1.675e-01. Saving...
2025-08-21 05:34:01,731:INFO:Epoch: 7650/40000 | Train Loss: 2.258e-01 | Dynamic Loss: 2.258e-01 | Regularization Loss: 5.140e-08 | Val Loss: 2.566e-01 | Active Proj %: 0.00 | Time: 7.15s
2025-08-21 05:34:08,760:INFO:Epoch: 7700/40000 | Train Loss: 1.931e-01 | Dynamic Loss: 1.931e-01 | Regularization Loss: 4.895e-08 | Val Loss: 2.056e-01 | Active Proj %: 0.00 | Time: 6.92s
2025-08-21 05:34:15,840:INFO:Epoch: 7750/40000 | Train Loss: 1.775e-01 | Dynamic Loss: 1.775e-01 | Regularization Loss: 4.662e-08 | Val Loss: 1.999e-01 | Active Proj %: 0.00 | Time: 6.97s
2025-08-21 05:34:23,061:INFO:Epoch: 7800/40000 | Train Loss: 1.514e-01 | Dynamic Loss: 1.514e-01 | Regularization Loss: 4.440e-08 | Val Loss: 1.664e-01 | Active Proj %: 0.00 | Time: 7.11s
2025-08-21 05:34:23,061:INFO:New best model found at epoch 7800 with validation loss 1.664e-01. Saving...
2025-08-21 05:34:30,139:INFO:Epoch: 7850/40000 | Train Loss: 1.939e-01 | Dynamic Loss: 1.939e-01 | Regularization Loss: 4.228e-08 | Val Loss: 1.815e-01 | Active Proj %: 0.00 | Time: 6.95s
2025-08-21 05:34:37,199:INFO:Epoch: 7900/40000 | Train Loss: 1.610e-01 | Dynamic Loss: 1.610e-01 | Regularization Loss: 4.026e-08 | Val Loss: 1.738e-01 | Active Proj %: 0.00 | Time: 6.95s
2025-08-21 05:34:44,408:INFO:Epoch: 7950/40000 | Train Loss: 1.499e-01 | Dynamic Loss: 1.499e-01 | Regularization Loss: 3.833e-08 | Val Loss: 1.720e-01 | Active Proj %: 0.00 | Time: 7.10s
2025-08-21 05:34:51,406:INFO:Epoch: 8000/40000 | Train Loss: 3.810e-01 | Dynamic Loss: 3.810e-01 | Regularization Loss: 3.650e-08 | Val Loss: 3.835e-01 | Active Proj %: 0.00 | Time: 6.89s
2025-08-21 05:34:58,503:INFO:Epoch: 8050/40000 | Train Loss: 1.571e-01 | Dynamic Loss: 1.571e-01 | Regularization Loss: 3.475e-08 | Val Loss: 1.755e-01 | Active Proj %: 0.00 | Time: 6.98s
2025-08-21 05:35:05,677:INFO:Epoch: 8100/40000 | Train Loss: 1.427e-01 | Dynamic Loss: 1.427e-01 | Regularization Loss: 3.308e-08 | Val Loss: 1.586e-01 | Active Proj %: 0.00 | Time: 7.06s
2025-08-21 05:35:05,677:INFO:New best model found at epoch 8100 with validation loss 1.586e-01. Saving...
2025-08-21 05:35:12,865:INFO:Epoch: 8150/40000 | Train Loss: 1.411e-01 | Dynamic Loss: 1.411e-01 | Regularization Loss: 3.149e-08 | Val Loss: 1.543e-01 | Active Proj %: 0.00 | Time: 7.06s
2025-08-21 05:35:12,865:INFO:New best model found at epoch 8150 with validation loss 1.543e-01. Saving...
2025-08-21 05:35:19,945:INFO:Epoch: 8200/40000 | Train Loss: 1.655e-01 | Dynamic Loss: 1.655e-01 | Regularization Loss: 2.998e-08 | Val Loss: 1.920e-01 | Active Proj %: 0.00 | Time: 6.96s
2025-08-21 05:35:27,176:INFO:Epoch: 8250/40000 | Train Loss: 1.364e-01 | Dynamic Loss: 1.364e-01 | Regularization Loss: 2.854e-08 | Val Loss: 1.492e-01 | Active Proj %: 0.00 | Time: 7.13s
2025-08-21 05:35:27,176:INFO:New best model found at epoch 8250 with validation loss 1.492e-01. Saving...
2025-08-21 05:35:34,198:INFO:Epoch: 8300/40000 | Train Loss: 1.379e-01 | Dynamic Loss: 1.379e-01 | Regularization Loss: 2.717e-08 | Val Loss: 1.518e-01 | Active Proj %: 0.00 | Time: 6.90s
2025-08-21 05:35:41,251:INFO:Epoch: 8350/40000 | Train Loss: 1.423e-01 | Dynamic Loss: 1.423e-01 | Regularization Loss: 2.586e-08 | Val Loss: 1.543e-01 | Active Proj %: 0.00 | Time: 6.96s
2025-08-21 05:35:48,396:INFO:Epoch: 8400/40000 | Train Loss: 1.739e-01 | Dynamic Loss: 1.739e-01 | Regularization Loss: 2.462e-08 | Val Loss: 2.004e-01 | Active Proj %: 0.00 | Time: 7.05s
2025-08-21 05:35:55,348:INFO:Epoch: 8450/40000 | Train Loss: 1.454e-01 | Dynamic Loss: 1.454e-01 | Regularization Loss: 2.343e-08 | Val Loss: 1.632e-01 | Active Proj %: 0.00 | Time: 6.86s
2025-08-21 05:36:02,351:INFO:Epoch: 8500/40000 | Train Loss: 1.328e-01 | Dynamic Loss: 1.328e-01 | Regularization Loss: 2.230e-08 | Val Loss: 1.471e-01 | Active Proj %: 0.00 | Time: 6.91s
2025-08-21 05:36:02,351:INFO:New best model found at epoch 8500 with validation loss 1.471e-01. Saving...
2025-08-21 05:36:09,506:INFO:Epoch: 8550/40000 | Train Loss: 1.957e-01 | Dynamic Loss: 1.957e-01 | Regularization Loss: 2.123e-08 | Val Loss: 2.732e-01 | Active Proj %: 0.00 | Time: 6.90s
2025-08-21 05:36:16,623:INFO:Epoch: 8600/40000 | Train Loss: 1.600e-01 | Dynamic Loss: 1.600e-01 | Regularization Loss: 2.021e-08 | Val Loss: 1.719e-01 | Active Proj %: 0.00 | Time: 7.02s
2025-08-21 05:36:23,653:INFO:Epoch: 8650/40000 | Train Loss: 1.344e-01 | Dynamic Loss: 1.344e-01 | Regularization Loss: 1.923e-08 | Val Loss: 1.553e-01 | Active Proj %: 0.00 | Time: 6.93s
2025-08-21 05:36:30,857:INFO:Epoch: 8700/40000 | Train Loss: 1.296e-01 | Dynamic Loss: 1.296e-01 | Regularization Loss: 1.830e-08 | Val Loss: 1.487e-01 | Active Proj %: 0.00 | Time: 7.11s
2025-08-21 05:36:37,942:INFO:Epoch: 8750/40000 | Train Loss: 1.619e-01 | Dynamic Loss: 1.619e-01 | Regularization Loss: 1.742e-08 | Val Loss: 2.120e-01 | Active Proj %: 0.00 | Time: 6.99s
2025-08-21 05:36:44,994:INFO:Epoch: 8800/40000 | Train Loss: 1.705e-01 | Dynamic Loss: 1.705e-01 | Regularization Loss: 1.658e-08 | Val Loss: 1.584e-01 | Active Proj %: 0.00 | Time: 6.95s
2025-08-21 05:36:52,220:INFO:Epoch: 8850/40000 | Train Loss: 1.359e-01 | Dynamic Loss: 1.359e-01 | Regularization Loss: 1.578e-08 | Val Loss: 1.578e-01 | Active Proj %: 0.00 | Time: 7.13s
2025-08-21 05:36:59,294:INFO:Epoch: 8900/40000 | Train Loss: 1.309e-01 | Dynamic Loss: 1.309e-01 | Regularization Loss: 1.502e-08 | Val Loss: 1.507e-01 | Active Proj %: 0.00 | Time: 6.98s
2025-08-21 05:37:06,339:INFO:Epoch: 8950/40000 | Train Loss: 1.273e-01 | Dynamic Loss: 1.273e-01 | Regularization Loss: 1.429e-08 | Val Loss: 1.366e-01 | Active Proj %: 0.00 | Time: 6.95s
2025-08-21 05:37:06,339:INFO:New best model found at epoch 8950 with validation loss 1.366e-01. Saving...
2025-08-21 05:37:14,233:INFO:Epoch: 9000/40000 | Train Loss: 1.460e-01 | Dynamic Loss: 1.460e-01 | Regularization Loss: 1.360e-08 | Val Loss: 1.852e-01 | Active Proj %: 0.00 | Time: 7.77s
2025-08-21 05:37:21,330:INFO:Epoch: 9050/40000 | Train Loss: 1.228e-01 | Dynamic Loss: 1.228e-01 | Regularization Loss: 1.294e-08 | Val Loss: 1.441e-01 | Active Proj %: 0.00 | Time: 7.00s
2025-08-21 05:37:28,409:INFO:Epoch: 9100/40000 | Train Loss: 1.387e-01 | Dynamic Loss: 1.387e-01 | Regularization Loss: 1.232e-08 | Val Loss: 1.423e-01 | Active Proj %: 0.00 | Time: 6.98s
2025-08-21 05:37:39,390:INFO:Epoch: 9150/40000 | Train Loss: 1.179e-01 | Dynamic Loss: 1.179e-01 | Regularization Loss: 1.172e-08 | Val Loss: 1.319e-01 | Active Proj %: 0.00 | Time: 10.88s
2025-08-21 05:37:39,390:INFO:New best model found at epoch 9150 with validation loss 1.319e-01. Saving...
2025-08-21 05:37:46,552:INFO:Epoch: 9200/40000 | Train Loss: 1.341e-01 | Dynamic Loss: 1.341e-01 | Regularization Loss: 1.116e-08 | Val Loss: 1.511e-01 | Active Proj %: 0.00 | Time: 7.04s
2025-08-21 05:37:53,580:INFO:Epoch: 9250/40000 | Train Loss: 2.424e-01 | Dynamic Loss: 2.424e-01 | Regularization Loss: 1.062e-08 | Val Loss: 1.986e-01 | Active Proj %: 0.00 | Time: 6.93s
2025-08-21 05:38:04,738:INFO:Epoch: 9300/40000 | Train Loss: 1.289e-01 | Dynamic Loss: 1.289e-01 | Regularization Loss: 1.010e-08 | Val Loss: 1.615e-01 | Active Proj %: 0.00 | Time: 11.06s
2025-08-21 05:38:11,787:INFO:Epoch: 9350/40000 | Train Loss: 2.720e-01 | Dynamic Loss: 2.720e-01 | Regularization Loss: 9.617e-09 | Val Loss: 3.101e-01 | Active Proj %: 0.00 | Time: 6.95s
2025-08-21 05:38:18,866:INFO:Epoch: 9400/40000 | Train Loss: 1.163e-01 | Dynamic Loss: 1.163e-01 | Regularization Loss: 9.152e-09 | Val Loss: 1.314e-01 | Active Proj %: 0.00 | Time: 6.98s
2025-08-21 05:38:18,866:INFO:New best model found at epoch 9400 with validation loss 1.314e-01. Saving...
2025-08-21 05:38:33,048:INFO:Epoch: 9450/40000 | Train Loss: 1.168e-01 | Dynamic Loss: 1.168e-01 | Regularization Loss: 8.709e-09 | Val Loss: 1.287e-01 | Active Proj %: 0.00 | Time: 14.06s
2025-08-21 05:38:33,048:INFO:New best model found at epoch 9450 with validation loss 1.287e-01. Saving...
2025-08-21 05:38:40,142:INFO:Epoch: 9500/40000 | Train Loss: 1.186e-01 | Dynamic Loss: 1.186e-01 | Regularization Loss: 8.289e-09 | Val Loss: 1.310e-01 | Active Proj %: 0.00 | Time: 6.98s
2025-08-21 05:38:47,228:INFO:Epoch: 9550/40000 | Train Loss: 1.156e-01 | Dynamic Loss: 1.156e-01 | Regularization Loss: 7.888e-09 | Val Loss: 1.348e-01 | Active Proj %: 0.00 | Time: 6.98s
2025-08-21 05:39:02,270:INFO:Epoch: 9600/40000 | Train Loss: 1.169e-01 | Dynamic Loss: 1.169e-01 | Regularization Loss: 7.507e-09 | Val Loss: 1.319e-01 | Active Proj %: 0.00 | Time: 14.94s
2025-08-21 05:39:09,323:INFO:Epoch: 9650/40000 | Train Loss: 1.136e-01 | Dynamic Loss: 1.136e-01 | Regularization Loss: 7.144e-09 | Val Loss: 1.248e-01 | Active Proj %: 0.00 | Time: 6.95s
2025-08-21 05:39:09,323:INFO:New best model found at epoch 9650 with validation loss 1.248e-01. Saving...
2025-08-21 05:39:16,414:INFO:Epoch: 9700/40000 | Train Loss: 1.338e-01 | Dynamic Loss: 1.338e-01 | Regularization Loss: 6.799e-09 | Val Loss: 1.438e-01 | Active Proj %: 0.00 | Time: 6.97s
2025-08-21 05:39:27,450:INFO:Epoch: 9750/40000 | Train Loss: 1.084e-01 | Dynamic Loss: 1.084e-01 | Regularization Loss: 6.471e-09 | Val Loss: 1.235e-01 | Active Proj %: 0.00 | Time: 10.94s
2025-08-21 05:39:27,450:INFO:New best model found at epoch 9750 with validation loss 1.235e-01. Saving...
2025-08-21 05:39:34,612:INFO:Epoch: 9800/40000 | Train Loss: 1.283e-01 | Dynamic Loss: 1.283e-01 | Regularization Loss: 6.159e-09 | Val Loss: 1.563e-01 | Active Proj %: 0.00 | Time: 7.04s
2025-08-21 05:39:41,838:INFO:Epoch: 9850/40000 | Train Loss: 1.344e-01 | Dynamic Loss: 1.344e-01 | Regularization Loss: 5.861e-09 | Val Loss: 1.470e-01 | Active Proj %: 0.00 | Time: 7.12s
2025-08-21 05:39:48,958:INFO:Epoch: 9900/40000 | Train Loss: 1.089e-01 | Dynamic Loss: 1.089e-01 | Regularization Loss: 5.578e-09 | Val Loss: 1.211e-01 | Active Proj %: 0.00 | Time: 7.02s
2025-08-21 05:39:48,958:INFO:New best model found at epoch 9900 with validation loss 1.211e-01. Saving...
2025-08-21 05:39:56,049:INFO:Epoch: 9950/40000 | Train Loss: 1.116e-01 | Dynamic Loss: 1.116e-01 | Regularization Loss: 5.309e-09 | Val Loss: 1.344e-01 | Active Proj %: 0.00 | Time: 6.96s
2025-08-21 05:40:11,315:INFO:Epoch: 10000/40000 | Train Loss: 1.034e-01 | Dynamic Loss: 1.034e-01 | Regularization Loss: 5.053e-09 | Val Loss: 1.193e-01 | Active Proj %: 0.00 | Time: 15.17s
2025-08-21 05:40:11,315:INFO:New best model found at epoch 10000 with validation loss 1.193e-01. Saving...
2025-08-21 05:40:18,443:INFO:Epoch: 10050/40000 | Train Loss: 1.116e-01 | Dynamic Loss: 1.116e-01 | Regularization Loss: 4.810e-09 | Val Loss: 1.239e-01 | Active Proj %: 0.00 | Time: 7.01s
2025-08-21 05:40:25,617:INFO:Epoch: 10100/40000 | Train Loss: 1.180e-01 | Dynamic Loss: 1.180e-01 | Regularization Loss: 4.578e-09 | Val Loss: 1.398e-01 | Active Proj %: 0.00 | Time: 7.07s
2025-08-21 05:40:32,660:INFO:Epoch: 10150/40000 | Train Loss: 9.870e-02 | Dynamic Loss: 9.870e-02 | Regularization Loss: 4.357e-09 | Val Loss: 1.135e-01 | Active Proj %: 0.00 | Time: 6.94s
2025-08-21 05:40:32,660:INFO:New best model found at epoch 10150 with validation loss 1.135e-01. Saving...
2025-08-21 05:40:39,740:INFO:Epoch: 10200/40000 | Train Loss: 1.062e-01 | Dynamic Loss: 1.062e-01 | Regularization Loss: 4.147e-09 | Val Loss: 1.190e-01 | Active Proj %: 0.00 | Time: 6.96s
2025-08-21 05:40:46,928:INFO:Epoch: 10250/40000 | Train Loss: 1.495e-01 | Dynamic Loss: 1.495e-01 | Regularization Loss: 3.948e-09 | Val Loss: 1.502e-01 | Active Proj %: 0.00 | Time: 7.09s
2025-08-21 05:40:54,030:INFO:Epoch: 10300/40000 | Train Loss: 2.094e-01 | Dynamic Loss: 2.094e-01 | Regularization Loss: 3.758e-09 | Val Loss: 2.051e-01 | Active Proj %: 0.00 | Time: 7.00s
2025-08-21 05:41:01,158:INFO:Epoch: 10350/40000 | Train Loss: 9.498e-02 | Dynamic Loss: 9.498e-02 | Regularization Loss: 3.577e-09 | Val Loss: 1.111e-01 | Active Proj %: 0.00 | Time: 7.03s
2025-08-21 05:41:01,158:INFO:New best model found at epoch 10350 with validation loss 1.111e-01. Saving...
2025-08-21 05:41:08,445:INFO:Epoch: 10400/40000 | Train Loss: 1.018e-01 | Dynamic Loss: 1.018e-01 | Regularization Loss: 3.405e-09 | Val Loss: 1.183e-01 | Active Proj %: 0.00 | Time: 7.16s
2025-08-21 05:41:15,598:INFO:Epoch: 10450/40000 | Train Loss: 1.181e-01 | Dynamic Loss: 1.181e-01 | Regularization Loss: 3.242e-09 | Val Loss: 1.275e-01 | Active Proj %: 0.00 | Time: 7.05s
2025-08-21 05:41:22,692:INFO:Epoch: 10500/40000 | Train Loss: 9.700e-02 | Dynamic Loss: 9.700e-02 | Regularization Loss: 3.086e-09 | Val Loss: 1.104e-01 | Active Proj %: 0.00 | Time: 6.99s
2025-08-21 05:41:22,692:INFO:New best model found at epoch 10500 with validation loss 1.104e-01. Saving...
2025-08-21 05:41:36,405:INFO:Epoch: 10550/40000 | Train Loss: 1.012e-01 | Dynamic Loss: 1.012e-01 | Regularization Loss: 2.938e-09 | Val Loss: 1.124e-01 | Active Proj %: 0.00 | Time: 13.59s
2025-08-21 05:41:43,534:INFO:Epoch: 10600/40000 | Train Loss: 9.982e-02 | Dynamic Loss: 9.982e-02 | Regularization Loss: 2.797e-09 | Val Loss: 1.200e-01 | Active Proj %: 0.00 | Time: 7.03s
2025-08-21 05:41:50,725:INFO:Epoch: 10650/40000 | Train Loss: 8.829e-02 | Dynamic Loss: 8.829e-02 | Regularization Loss: 2.663e-09 | Val Loss: 1.038e-01 | Active Proj %: 0.00 | Time: 7.09s
2025-08-21 05:41:50,725:INFO:New best model found at epoch 10650 with validation loss 1.038e-01. Saving...
2025-08-21 05:41:57,821:INFO:Epoch: 10700/40000 | Train Loss: 9.449e-02 | Dynamic Loss: 9.449e-02 | Regularization Loss: 2.536e-09 | Val Loss: 1.078e-01 | Active Proj %: 0.00 | Time: 6.97s
2025-08-21 05:42:04,863:INFO:Epoch: 10750/40000 | Train Loss: 1.101e-01 | Dynamic Loss: 1.101e-01 | Regularization Loss: 2.415e-09 | Val Loss: 1.293e-01 | Active Proj %: 0.00 | Time: 6.94s
2025-08-21 05:42:19,489:INFO:Epoch: 10800/40000 | Train Loss: 1.738e-01 | Dynamic Loss: 1.738e-01 | Regularization Loss: 2.299e-09 | Val Loss: 3.447e-01 | Active Proj %: 0.00 | Time: 14.53s
2025-08-21 05:42:26,361:INFO:Epoch: 10850/40000 | Train Loss: 9.277e-02 | Dynamic Loss: 9.277e-02 | Regularization Loss: 2.190e-09 | Val Loss: 1.040e-01 | Active Proj %: 0.00 | Time: 6.77s
2025-08-21 05:42:33,295:INFO:Epoch: 10900/40000 | Train Loss: 1.114e-01 | Dynamic Loss: 1.114e-01 | Regularization Loss: 2.085e-09 | Val Loss: 1.093e-01 | Active Proj %: 0.00 | Time: 6.83s
2025-08-21 05:42:40,264:INFO:Epoch: 10950/40000 | Train Loss: 1.060e-01 | Dynamic Loss: 1.060e-01 | Regularization Loss: 1.986e-09 | Val Loss: 1.390e-01 | Active Proj %: 0.00 | Time: 6.87s
2025-08-21 05:42:47,136:INFO:Epoch: 11000/40000 | Train Loss: 1.089e-01 | Dynamic Loss: 1.089e-01 | Regularization Loss: 1.891e-09 | Val Loss: 1.065e-01 | Active Proj %: 0.00 | Time: 6.77s
2025-08-21 05:43:02,565:INFO:Epoch: 11050/40000 | Train Loss: 8.138e-02 | Dynamic Loss: 8.138e-02 | Regularization Loss: 1.802e-09 | Val Loss: 9.850e-02 | Active Proj %: 0.00 | Time: 15.33s
2025-08-21 05:43:02,565:INFO:New best model found at epoch 11050 with validation loss 9.850e-02. Saving...
2025-08-21 05:43:09,490:INFO:Epoch: 11100/40000 | Train Loss: 1.341e-01 | Dynamic Loss: 1.341e-01 | Regularization Loss: 1.716e-09 | Val Loss: 2.449e-01 | Active Proj %: 0.00 | Time: 6.80s
2025-08-21 05:43:16,352:INFO:Epoch: 11150/40000 | Train Loss: 9.873e-02 | Dynamic Loss: 9.873e-02 | Regularization Loss: 1.635e-09 | Val Loss: 1.373e-01 | Active Proj %: 0.00 | Time: 6.76s
2025-08-21 05:43:23,342:INFO:Epoch: 11200/40000 | Train Loss: 1.653e-01 | Dynamic Loss: 1.653e-01 | Regularization Loss: 1.557e-09 | Val Loss: 1.769e-01 | Active Proj %: 0.00 | Time: 6.89s
2025-08-21 05:43:37,659:INFO:Epoch: 11250/40000 | Train Loss: 9.669e-02 | Dynamic Loss: 9.669e-02 | Regularization Loss: 1.484e-09 | Val Loss: 1.078e-01 | Active Proj %: 0.00 | Time: 14.21s
2025-08-21 05:43:44,608:INFO:Epoch: 11300/40000 | Train Loss: 9.738e-02 | Dynamic Loss: 9.738e-02 | Regularization Loss: 1.414e-09 | Val Loss: 1.091e-01 | Active Proj %: 0.00 | Time: 6.85s
2025-08-21 05:43:51,514:INFO:Epoch: 11350/40000 | Train Loss: 1.089e-01 | Dynamic Loss: 1.089e-01 | Regularization Loss: 1.347e-09 | Val Loss: 1.293e-01 | Active Proj %: 0.00 | Time: 6.80s
2025-08-21 05:43:58,458:INFO:Epoch: 11400/40000 | Train Loss: 9.464e-02 | Dynamic Loss: 9.464e-02 | Regularization Loss: 1.284e-09 | Val Loss: 1.119e-01 | Active Proj %: 0.00 | Time: 6.84s
2025-08-21 05:44:05,631:INFO:Epoch: 11450/40000 | Train Loss: 9.946e-02 | Dynamic Loss: 9.946e-02 | Regularization Loss: 1.224e-09 | Val Loss: 1.048e-01 | Active Proj %: 0.00 | Time: 7.07s
2025-08-21 05:44:12,534:INFO:Epoch: 11500/40000 | Train Loss: 1.069e-01 | Dynamic Loss: 1.069e-01 | Regularization Loss: 1.166e-09 | Val Loss: 1.454e-01 | Active Proj %: 0.00 | Time: 6.80s
2025-08-21 05:44:19,471:INFO:Epoch: 11550/40000 | Train Loss: 8.151e-02 | Dynamic Loss: 8.151e-02 | Regularization Loss: 1.112e-09 | Val Loss: 9.567e-02 | Active Proj %: 0.00 | Time: 6.83s
2025-08-21 05:44:19,472:INFO:New best model found at epoch 11550 with validation loss 9.567e-02. Saving...
2025-08-21 05:44:26,382:INFO:Epoch: 11600/40000 | Train Loss: 8.859e-02 | Dynamic Loss: 8.859e-02 | Regularization Loss: 1.060e-09 | Val Loss: 1.028e-01 | Active Proj %: 0.00 | Time: 6.79s
2025-08-21 05:44:33,186:INFO:Epoch: 11650/40000 | Train Loss: 9.043e-02 | Dynamic Loss: 9.043e-02 | Regularization Loss: 1.010e-09 | Val Loss: 1.005e-01 | Active Proj %: 0.00 | Time: 6.70s
2025-08-21 05:44:47,362:INFO:Epoch: 11700/40000 | Train Loss: 7.700e-02 | Dynamic Loss: 7.700e-02 | Regularization Loss: 9.634e-10 | Val Loss: 8.894e-02 | Active Proj %: 0.00 | Time: 14.07s
2025-08-21 05:44:47,362:INFO:New best model found at epoch 11700 with validation loss 8.894e-02. Saving...
2025-08-21 05:44:54,376:INFO:Epoch: 11750/40000 | Train Loss: 7.447e-02 | Dynamic Loss: 7.447e-02 | Regularization Loss: 9.187e-10 | Val Loss: 9.193e-02 | Active Proj %: 0.00 | Time: 6.89s
2025-08-21 05:45:01,290:INFO:Epoch: 11800/40000 | Train Loss: 8.207e-02 | Dynamic Loss: 8.207e-02 | Regularization Loss: 8.762e-10 | Val Loss: 9.130e-02 | Active Proj %: 0.00 | Time: 6.81s
2025-08-21 05:45:08,159:INFO:Epoch: 11850/40000 | Train Loss: 7.398e-02 | Dynamic Loss: 7.398e-02 | Regularization Loss: 8.357e-10 | Val Loss: 8.693e-02 | Active Proj %: 0.00 | Time: 6.77s
2025-08-21 05:45:08,159:INFO:New best model found at epoch 11850 with validation loss 8.693e-02. Saving...
2025-08-21 05:45:19,127:INFO:Epoch: 11900/40000 | Train Loss: 1.083e-01 | Dynamic Loss: 1.083e-01 | Regularization Loss: 7.973e-10 | Val Loss: 1.367e-01 | Active Proj %: 0.00 | Time: 10.84s
2025-08-21 05:45:26,009:INFO:Epoch: 11950/40000 | Train Loss: 1.646e-01 | Dynamic Loss: 1.646e-01 | Regularization Loss: 7.607e-10 | Val Loss: 1.900e-01 | Active Proj %: 0.00 | Time: 6.78s
2025-08-21 05:45:32,924:INFO:Epoch: 12000/40000 | Train Loss: 8.624e-02 | Dynamic Loss: 8.624e-02 | Regularization Loss: 7.258e-10 | Val Loss: 1.041e-01 | Active Proj %: 0.00 | Time: 6.81s
2025-08-21 05:45:39,917:INFO:Epoch: 12050/40000 | Train Loss: 7.682e-02 | Dynamic Loss: 7.682e-02 | Regularization Loss: 6.927e-10 | Val Loss: 9.151e-02 | Active Proj %: 0.00 | Time: 6.89s
2025-08-21 05:45:46,869:INFO:Epoch: 12100/40000 | Train Loss: 1.233e-01 | Dynamic Loss: 1.233e-01 | Regularization Loss: 6.612e-10 | Val Loss: 1.819e-01 | Active Proj %: 0.00 | Time: 6.85s
2025-08-21 05:46:01,362:INFO:Epoch: 12150/40000 | Train Loss: 1.841e-01 | Dynamic Loss: 1.841e-01 | Regularization Loss: 6.312e-10 | Val Loss: 1.779e-01 | Active Proj %: 0.00 | Time: 14.39s
2025-08-21 05:46:08,406:INFO:Epoch: 12200/40000 | Train Loss: 9.919e-02 | Dynamic Loss: 9.919e-02 | Regularization Loss: 6.027e-10 | Val Loss: 1.537e-01 | Active Proj %: 0.00 | Time: 6.94s
2025-08-21 05:46:15,376:INFO:Epoch: 12250/40000 | Train Loss: 1.264e-01 | Dynamic Loss: 1.264e-01 | Regularization Loss: 5.755e-10 | Val Loss: 1.401e-01 | Active Proj %: 0.00 | Time: 6.87s
2025-08-21 05:46:22,320:INFO:Epoch: 12300/40000 | Train Loss: 7.172e-02 | Dynamic Loss: 7.172e-02 | Regularization Loss: 5.497e-10 | Val Loss: 8.545e-02 | Active Proj %: 0.00 | Time: 6.84s
2025-08-21 05:46:22,320:INFO:New best model found at epoch 12300 with validation loss 8.545e-02. Saving...
2025-08-21 05:46:31,750:INFO:Epoch: 12350/40000 | Train Loss: 8.824e-02 | Dynamic Loss: 8.824e-02 | Regularization Loss: 5.251e-10 | Val Loss: 9.466e-02 | Active Proj %: 0.00 | Time: 9.30s
2025-08-21 05:46:38,724:INFO:Epoch: 12400/40000 | Train Loss: 7.047e-02 | Dynamic Loss: 7.047e-02 | Regularization Loss: 5.018e-10 | Val Loss: 8.614e-02 | Active Proj %: 0.00 | Time: 6.87s
2025-08-21 05:46:45,621:INFO:Epoch: 12450/40000 | Train Loss: 8.163e-02 | Dynamic Loss: 8.163e-02 | Regularization Loss: 4.795e-10 | Val Loss: 8.749e-02 | Active Proj %: 0.00 | Time: 6.79s
2025-08-21 05:46:52,465:INFO:Epoch: 12500/40000 | Train Loss: 7.281e-02 | Dynamic Loss: 7.281e-02 | Regularization Loss: 4.583e-10 | Val Loss: 9.017e-02 | Active Proj %: 0.00 | Time: 6.74s
2025-08-21 05:47:06,284:INFO:Epoch: 12550/40000 | Train Loss: 8.180e-02 | Dynamic Loss: 8.180e-02 | Regularization Loss: 4.382e-10 | Val Loss: 8.952e-02 | Active Proj %: 0.00 | Time: 13.72s
2025-08-21 05:47:13,241:INFO:Epoch: 12600/40000 | Train Loss: 9.915e-02 | Dynamic Loss: 9.915e-02 | Regularization Loss: 4.190e-10 | Val Loss: 9.487e-02 | Active Proj %: 0.00 | Time: 6.85s
2025-08-21 05:47:20,133:INFO:Epoch: 12650/40000 | Train Loss: 6.897e-02 | Dynamic Loss: 6.897e-02 | Regularization Loss: 4.008e-10 | Val Loss: 8.289e-02 | Active Proj %: 0.00 | Time: 6.79s
2025-08-21 05:47:20,134:INFO:New best model found at epoch 12650 with validation loss 8.289e-02. Saving...
2025-08-21 05:47:26,979:INFO:Epoch: 12700/40000 | Train Loss: 6.559e-02 | Dynamic Loss: 6.559e-02 | Regularization Loss: 3.834e-10 | Val Loss: 8.260e-02 | Active Proj %: 0.00 | Time: 6.72s
2025-08-21 05:47:26,979:INFO:New best model found at epoch 12700 with validation loss 8.260e-02. Saving...
2025-08-21 05:47:37,334:INFO:Epoch: 12750/40000 | Train Loss: 8.523e-02 | Dynamic Loss: 8.523e-02 | Regularization Loss: 3.669e-10 | Val Loss: 9.121e-02 | Active Proj %: 0.00 | Time: 10.23s
2025-08-21 05:47:44,203:INFO:Epoch: 12800/40000 | Train Loss: 9.662e-02 | Dynamic Loss: 9.662e-02 | Regularization Loss: 3.512e-10 | Val Loss: 1.166e-01 | Active Proj %: 0.00 | Time: 6.76s
2025-08-21 05:47:51,093:INFO:Epoch: 12850/40000 | Train Loss: 8.660e-02 | Dynamic Loss: 8.660e-02 | Regularization Loss: 3.362e-10 | Val Loss: 8.247e-02 | Active Proj %: 0.00 | Time: 6.79s
2025-08-21 05:47:51,093:INFO:New best model found at epoch 12850 with validation loss 8.247e-02. Saving...
2025-08-21 05:47:58,037:INFO:Epoch: 12900/40000 | Train Loss: 6.565e-02 | Dynamic Loss: 6.565e-02 | Regularization Loss: 3.220e-10 | Val Loss: 8.036e-02 | Active Proj %: 0.00 | Time: 6.82s
2025-08-21 05:47:58,037:INFO:New best model found at epoch 12900 with validation loss 8.036e-02. Saving...
2025-08-21 05:48:09,025:INFO:Epoch: 12950/40000 | Train Loss: 8.775e-02 | Dynamic Loss: 8.775e-02 | Regularization Loss: 3.084e-10 | Val Loss: 1.349e-01 | Active Proj %: 0.00 | Time: 10.86s
2025-08-21 05:48:15,909:INFO:Epoch: 13000/40000 | Train Loss: 6.594e-02 | Dynamic Loss: 6.594e-02 | Regularization Loss: 2.955e-10 | Val Loss: 7.464e-02 | Active Proj %: 0.00 | Time: 6.78s
2025-08-21 05:48:15,909:INFO:New best model found at epoch 13000 with validation loss 7.464e-02. Saving...
2025-08-21 05:48:22,853:INFO:Epoch: 13050/40000 | Train Loss: 6.787e-02 | Dynamic Loss: 6.787e-02 | Regularization Loss: 2.832e-10 | Val Loss: 7.526e-02 | Active Proj %: 0.00 | Time: 6.82s
2025-08-21 05:48:29,752:INFO:Epoch: 13100/40000 | Train Loss: 7.295e-02 | Dynamic Loss: 7.295e-02 | Regularization Loss: 2.716e-10 | Val Loss: 8.985e-02 | Active Proj %: 0.00 | Time: 6.80s
2025-08-21 05:48:41,079:INFO:Epoch: 13150/40000 | Train Loss: 7.347e-02 | Dynamic Loss: 7.347e-02 | Regularization Loss: 2.604e-10 | Val Loss: 8.487e-02 | Active Proj %: 0.00 | Time: 11.22s
2025-08-21 05:48:47,965:INFO:Epoch: 13200/40000 | Train Loss: 6.994e-02 | Dynamic Loss: 6.994e-02 | Regularization Loss: 2.498e-10 | Val Loss: 7.399e-02 | Active Proj %: 0.00 | Time: 6.78s
2025-08-21 05:48:47,965:INFO:New best model found at epoch 13200 with validation loss 7.399e-02. Saving...
2025-08-21 05:48:54,951:INFO:Epoch: 13250/40000 | Train Loss: 6.563e-02 | Dynamic Loss: 6.563e-02 | Regularization Loss: 2.397e-10 | Val Loss: 7.270e-02 | Active Proj %: 0.00 | Time: 6.86s
2025-08-21 05:48:54,951:INFO:New best model found at epoch 13250 with validation loss 7.270e-02. Saving...
2025-08-21 05:49:01,878:INFO:Epoch: 13300/40000 | Train Loss: 6.114e-02 | Dynamic Loss: 6.114e-02 | Regularization Loss: 2.301e-10 | Val Loss: 7.150e-02 | Active Proj %: 0.00 | Time: 6.80s
2025-08-21 05:49:01,878:INFO:New best model found at epoch 13300 with validation loss 7.150e-02. Saving...
2025-08-21 05:49:08,857:INFO:Epoch: 13350/40000 | Train Loss: 6.242e-02 | Dynamic Loss: 6.242e-02 | Regularization Loss: 2.210e-10 | Val Loss: 7.350e-02 | Active Proj %: 0.00 | Time: 6.85s
2025-08-21 05:49:23,760:INFO:Epoch: 13400/40000 | Train Loss: 2.639e-01 | Dynamic Loss: 2.639e-01 | Regularization Loss: 2.122e-10 | Val Loss: 3.437e-01 | Active Proj %: 0.00 | Time: 14.79s
2025-08-21 05:49:30,773:INFO:Epoch: 13450/40000 | Train Loss: 1.065e-01 | Dynamic Loss: 1.065e-01 | Regularization Loss: 2.039e-10 | Val Loss: 1.278e-01 | Active Proj %: 0.00 | Time: 6.91s
2025-08-21 05:49:37,675:INFO:Epoch: 13500/40000 | Train Loss: 5.851e-02 | Dynamic Loss: 5.851e-02 | Regularization Loss: 1.960e-10 | Val Loss: 6.878e-02 | Active Proj %: 0.00 | Time: 6.79s
2025-08-21 05:49:37,676:INFO:New best model found at epoch 13500 with validation loss 6.878e-02. Saving...
2025-08-21 05:49:44,652:INFO:Epoch: 13550/40000 | Train Loss: 1.124e-01 | Dynamic Loss: 1.124e-01 | Regularization Loss: 1.885e-10 | Val Loss: 1.897e-01 | Active Proj %: 0.00 | Time: 6.85s
2025-08-21 05:49:55,718:INFO:Epoch: 13600/40000 | Train Loss: 5.884e-02 | Dynamic Loss: 5.884e-02 | Regularization Loss: 1.813e-10 | Val Loss: 6.870e-02 | Active Proj %: 0.00 | Time: 10.96s
2025-08-21 05:49:55,718:INFO:New best model found at epoch 13600 with validation loss 6.870e-02. Saving...
2025-08-21 05:50:02,625:INFO:Epoch: 13650/40000 | Train Loss: 7.131e-02 | Dynamic Loss: 7.131e-02 | Regularization Loss: 1.744e-10 | Val Loss: 8.176e-02 | Active Proj %: 0.00 | Time: 6.78s
2025-08-21 05:50:09,586:INFO:Epoch: 13700/40000 | Train Loss: 5.613e-02 | Dynamic Loss: 5.613e-02 | Regularization Loss: 1.679e-10 | Val Loss: 6.709e-02 | Active Proj %: 0.00 | Time: 6.85s
2025-08-21 05:50:09,586:INFO:New best model found at epoch 13700 with validation loss 6.709e-02. Saving...
2025-08-21 05:50:16,553:INFO:Epoch: 13750/40000 | Train Loss: 5.679e-02 | Dynamic Loss: 5.679e-02 | Regularization Loss: 1.617e-10 | Val Loss: 6.715e-02 | Active Proj %: 0.00 | Time: 6.84s
2025-08-21 05:50:23,454:INFO:Epoch: 13800/40000 | Train Loss: 8.324e-02 | Dynamic Loss: 8.324e-02 | Regularization Loss: 1.558e-10 | Val Loss: 9.698e-02 | Active Proj %: 0.00 | Time: 6.80s
2025-08-21 05:50:32,795:INFO:Epoch: 13850/40000 | Train Loss: 1.481e-01 | Dynamic Loss: 1.481e-01 | Regularization Loss: 1.501e-10 | Val Loss: 1.742e-01 | Active Proj %: 0.00 | Time: 9.23s
2025-08-21 05:50:39,719:INFO:Epoch: 13900/40000 | Train Loss: 6.389e-02 | Dynamic Loss: 6.389e-02 | Regularization Loss: 1.447e-10 | Val Loss: 6.992e-02 | Active Proj %: 0.00 | Time: 6.82s
2025-08-21 05:50:46,644:INFO:Epoch: 13950/40000 | Train Loss: 7.208e-02 | Dynamic Loss: 7.208e-02 | Regularization Loss: 1.396e-10 | Val Loss: 7.889e-02 | Active Proj %: 0.00 | Time: 6.82s
2025-08-21 05:50:53,607:INFO:Epoch: 14000/40000 | Train Loss: 5.800e-02 | Dynamic Loss: 5.800e-02 | Regularization Loss: 1.347e-10 | Val Loss: 6.759e-02 | Active Proj %: 0.00 | Time: 6.86s
2025-08-21 05:51:07,986:INFO:Epoch: 14050/40000 | Train Loss: 9.209e-02 | Dynamic Loss: 9.209e-02 | Regularization Loss: 1.300e-10 | Val Loss: 9.494e-02 | Active Proj %: 0.00 | Time: 14.27s
2025-08-21 05:51:14,865:INFO:Epoch: 14100/40000 | Train Loss: 1.094e-01 | Dynamic Loss: 1.094e-01 | Regularization Loss: 1.255e-10 | Val Loss: 8.049e-02 | Active Proj %: 0.00 | Time: 6.77s
2025-08-21 05:51:21,773:INFO:Epoch: 14150/40000 | Train Loss: 5.426e-02 | Dynamic Loss: 5.426e-02 | Regularization Loss: 1.213e-10 | Val Loss: 6.665e-02 | Active Proj %: 0.00 | Time: 6.80s
2025-08-21 05:51:21,773:INFO:New best model found at epoch 14150 with validation loss 6.665e-02. Saving...
2025-08-21 05:51:28,752:INFO:Epoch: 14200/40000 | Train Loss: 7.400e-02 | Dynamic Loss: 7.400e-02 | Regularization Loss: 1.172e-10 | Val Loss: 8.827e-02 | Active Proj %: 0.00 | Time: 6.85s
2025-08-21 05:51:39,274:INFO:Epoch: 14250/40000 | Train Loss: 1.148e-01 | Dynamic Loss: 1.148e-01 | Regularization Loss: 1.133e-10 | Val Loss: 1.449e-01 | Active Proj %: 0.00 | Time: 10.41s
2025-08-21 05:51:46,203:INFO:Epoch: 14300/40000 | Train Loss: 7.624e-02 | Dynamic Loss: 7.624e-02 | Regularization Loss: 1.096e-10 | Val Loss: 7.196e-02 | Active Proj %: 0.00 | Time: 6.82s
2025-08-21 05:51:53,157:INFO:Epoch: 14350/40000 | Train Loss: 8.761e-02 | Dynamic Loss: 8.761e-02 | Regularization Loss: 1.060e-10 | Val Loss: 7.633e-02 | Active Proj %: 0.00 | Time: 6.85s
2025-08-21 05:52:00,185:INFO:Epoch: 14400/40000 | Train Loss: 5.416e-02 | Dynamic Loss: 5.416e-02 | Regularization Loss: 1.026e-10 | Val Loss: 6.509e-02 | Active Proj %: 0.00 | Time: 6.92s
2025-08-21 05:52:00,185:INFO:New best model found at epoch 14400 with validation loss 6.509e-02. Saving...
2025-08-21 05:52:07,243:INFO:Epoch: 14450/40000 | Train Loss: 5.855e-02 | Dynamic Loss: 5.855e-02 | Regularization Loss: 9.941e-11 | Val Loss: 6.924e-02 | Active Proj %: 0.00 | Time: 6.93s
2025-08-21 05:52:14,162:INFO:Epoch: 14500/40000 | Train Loss: 5.674e-02 | Dynamic Loss: 5.674e-02 | Regularization Loss: 9.631e-11 | Val Loss: 6.788e-02 | Active Proj %: 0.00 | Time: 6.81s
2025-08-21 05:52:21,110:INFO:Epoch: 14550/40000 | Train Loss: 5.194e-02 | Dynamic Loss: 5.194e-02 | Regularization Loss: 9.335e-11 | Val Loss: 6.156e-02 | Active Proj %: 0.00 | Time: 6.84s
2025-08-21 05:52:21,110:INFO:New best model found at epoch 14550 with validation loss 6.156e-02. Saving...
2025-08-21 05:52:28,010:INFO:Epoch: 14600/40000 | Train Loss: 6.178e-02 | Dynamic Loss: 6.178e-02 | Regularization Loss: 9.051e-11 | Val Loss: 7.078e-02 | Active Proj %: 0.00 | Time: 6.77s
2025-08-21 05:52:38,432:INFO:Epoch: 14650/40000 | Train Loss: 7.904e-02 | Dynamic Loss: 7.904e-02 | Regularization Loss: 8.780e-11 | Val Loss: 1.508e-01 | Active Proj %: 0.00 | Time: 10.31s
2025-08-21 05:52:45,382:INFO:Epoch: 14700/40000 | Train Loss: 5.363e-02 | Dynamic Loss: 5.363e-02 | Regularization Loss: 8.521e-11 | Val Loss: 6.239e-02 | Active Proj %: 0.00 | Time: 6.84s
2025-08-21 05:52:52,365:INFO:Epoch: 14750/40000 | Train Loss: 5.337e-02 | Dynamic Loss: 5.337e-02 | Regularization Loss: 8.272e-11 | Val Loss: 6.110e-02 | Active Proj %: 0.00 | Time: 6.87s
2025-08-21 05:52:52,365:INFO:New best model found at epoch 14750 with validation loss 6.110e-02. Saving...
2025-08-21 05:52:59,323:INFO:Epoch: 14800/40000 | Train Loss: 4.721e-02 | Dynamic Loss: 4.721e-02 | Regularization Loss: 8.035e-11 | Val Loss: 5.695e-02 | Active Proj %: 0.00 | Time: 6.83s
2025-08-21 05:52:59,323:INFO:New best model found at epoch 14800 with validation loss 5.695e-02. Saving...
2025-08-21 05:53:06,236:INFO:Epoch: 14850/40000 | Train Loss: 7.574e-02 | Dynamic Loss: 7.574e-02 | Regularization Loss: 7.807e-11 | Val Loss: 6.975e-02 | Active Proj %: 0.00 | Time: 6.78s
2025-08-21 05:53:21,414:INFO:Epoch: 14900/40000 | Train Loss: 7.923e-02 | Dynamic Loss: 7.923e-02 | Regularization Loss: 7.589e-11 | Val Loss: 8.301e-02 | Active Proj %: 0.00 | Time: 15.07s
2025-08-21 05:53:28,393:INFO:Epoch: 14950/40000 | Train Loss: 5.489e-02 | Dynamic Loss: 5.489e-02 | Regularization Loss: 7.379e-11 | Val Loss: 6.416e-02 | Active Proj %: 0.00 | Time: 6.87s
2025-08-21 05:53:35,378:INFO:Epoch: 15000/40000 | Train Loss: 5.795e-02 | Dynamic Loss: 5.795e-02 | Regularization Loss: 7.179e-11 | Val Loss: 7.052e-02 | Active Proj %: 0.00 | Time: 6.88s
2025-08-21 05:53:42,279:INFO:Epoch: 15050/40000 | Train Loss: 9.835e-02 | Dynamic Loss: 9.835e-02 | Regularization Loss: 6.987e-11 | Val Loss: 1.222e-01 | Active Proj %: 0.00 | Time: 6.79s
2025-08-21 05:53:54,385:INFO:Epoch: 15100/40000 | Train Loss: 6.186e-02 | Dynamic Loss: 6.186e-02 | Regularization Loss: 6.802e-11 | Val Loss: 6.970e-02 | Active Proj %: 0.00 | Time: 12.00s
2025-08-21 05:54:01,338:INFO:Epoch: 15150/40000 | Train Loss: 5.771e-02 | Dynamic Loss: 5.771e-02 | Regularization Loss: 6.625e-11 | Val Loss: 6.220e-02 | Active Proj %: 0.00 | Time: 6.85s
2025-08-21 05:54:08,295:INFO:Epoch: 15200/40000 | Train Loss: 7.913e-02 | Dynamic Loss: 7.913e-02 | Regularization Loss: 6.455e-11 | Val Loss: 1.369e-01 | Active Proj %: 0.00 | Time: 6.85s
2025-08-21 05:54:15,267:INFO:Epoch: 15250/40000 | Train Loss: 4.777e-02 | Dynamic Loss: 4.777e-02 | Regularization Loss: 6.292e-11 | Val Loss: 5.787e-02 | Active Proj %: 0.00 | Time: 6.87s
2025-08-21 05:54:22,371:INFO:Epoch: 15300/40000 | Train Loss: 5.622e-02 | Dynamic Loss: 5.622e-02 | Regularization Loss: 6.135e-11 | Val Loss: 6.197e-02 | Active Proj %: 0.00 | Time: 6.87s
2025-08-21 05:54:29,316:INFO:Epoch: 15350/40000 | Train Loss: 4.573e-02 | Dynamic Loss: 4.573e-02 | Regularization Loss: 5.985e-11 | Val Loss: 5.541e-02 | Active Proj %: 0.00 | Time: 6.83s
2025-08-21 05:54:29,316:INFO:New best model found at epoch 15350 with validation loss 5.541e-02. Saving...
2025-08-21 05:54:36,265:INFO:Epoch: 15400/40000 | Train Loss: 4.428e-02 | Dynamic Loss: 4.428e-02 | Regularization Loss: 5.840e-11 | Val Loss: 5.212e-02 | Active Proj %: 0.00 | Time: 6.82s
2025-08-21 05:54:36,265:INFO:New best model found at epoch 15400 with validation loss 5.212e-02. Saving...
2025-08-21 05:54:43,184:INFO:Epoch: 15450/40000 | Train Loss: 5.784e-02 | Dynamic Loss: 5.784e-02 | Regularization Loss: 5.701e-11 | Val Loss: 6.378e-02 | Active Proj %: 0.00 | Time: 6.79s
2025-08-21 05:54:50,082:INFO:Epoch: 15500/40000 | Train Loss: 4.714e-02 | Dynamic Loss: 4.714e-02 | Regularization Loss: 5.567e-11 | Val Loss: 5.445e-02 | Active Proj %: 0.00 | Time: 6.79s
2025-08-21 05:54:59,916:INFO:Epoch: 15550/40000 | Train Loss: 5.981e-02 | Dynamic Loss: 5.981e-02 | Regularization Loss: 5.438e-11 | Val Loss: 6.598e-02 | Active Proj %: 0.00 | Time: 9.72s
2025-08-21 05:55:06,825:INFO:Epoch: 15600/40000 | Train Loss: 7.971e-02 | Dynamic Loss: 7.971e-02 | Regularization Loss: 5.314e-11 | Val Loss: 9.663e-02 | Active Proj %: 0.00 | Time: 6.79s
2025-08-21 05:55:13,784:INFO:Epoch: 15650/40000 | Train Loss: 4.085e-02 | Dynamic Loss: 4.085e-02 | Regularization Loss: 5.194e-11 | Val Loss: 5.016e-02 | Active Proj %: 0.00 | Time: 6.85s
2025-08-21 05:55:13,784:INFO:New best model found at epoch 15650 with validation loss 5.016e-02. Saving...
2025-08-21 05:55:20,669:INFO:Epoch: 15700/40000 | Train Loss: 6.024e-02 | Dynamic Loss: 6.024e-02 | Regularization Loss: 5.079e-11 | Val Loss: 7.260e-02 | Active Proj %: 0.00 | Time: 6.75s
2025-08-21 05:55:28,024:INFO:Epoch: 15750/40000 | Train Loss: 5.308e-02 | Dynamic Loss: 5.308e-02 | Regularization Loss: 4.969e-11 | Val Loss: 6.891e-02 | Active Proj %: 0.00 | Time: 7.25s
2025-08-21 05:55:34,965:INFO:Epoch: 15800/40000 | Train Loss: 6.743e-02 | Dynamic Loss: 6.743e-02 | Regularization Loss: 4.862e-11 | Val Loss: 6.587e-02 | Active Proj %: 0.00 | Time: 6.83s
2025-08-21 05:55:41,897:INFO:Epoch: 15850/40000 | Train Loss: 5.354e-02 | Dynamic Loss: 5.354e-02 | Regularization Loss: 4.759e-11 | Val Loss: 6.835e-02 | Active Proj %: 0.00 | Time: 6.82s
2025-08-21 05:55:48,781:INFO:Epoch: 15900/40000 | Train Loss: 6.612e-02 | Dynamic Loss: 6.612e-02 | Regularization Loss: 4.659e-11 | Val Loss: 9.224e-02 | Active Proj %: 0.00 | Time: 6.77s
2025-08-21 05:56:00,431:INFO:Epoch: 15950/40000 | Train Loss: 5.595e-02 | Dynamic Loss: 5.595e-02 | Regularization Loss: 4.563e-11 | Val Loss: 6.138e-02 | Active Proj %: 0.00 | Time: 11.54s
2025-08-21 05:56:07,416:INFO:Epoch: 16000/40000 | Train Loss: 4.641e-02 | Dynamic Loss: 4.641e-02 | Regularization Loss: 4.471e-11 | Val Loss: 6.029e-02 | Active Proj %: 0.00 | Time: 6.87s
2025-08-21 05:56:14,320:INFO:Epoch: 16050/40000 | Train Loss: 8.232e-02 | Dynamic Loss: 8.232e-02 | Regularization Loss: 4.382e-11 | Val Loss: 6.290e-02 | Active Proj %: 0.00 | Time: 6.79s
2025-08-21 05:56:21,263:INFO:Epoch: 16100/40000 | Train Loss: 5.945e-02 | Dynamic Loss: 5.945e-02 | Regularization Loss: 4.295e-11 | Val Loss: 8.424e-02 | Active Proj %: 0.00 | Time: 6.83s
2025-08-21 05:56:35,818:INFO:Epoch: 16150/40000 | Train Loss: 4.287e-02 | Dynamic Loss: 4.287e-02 | Regularization Loss: 4.212e-11 | Val Loss: 5.362e-02 | Active Proj %: 0.00 | Time: 14.45s
2025-08-21 05:56:42,740:INFO:Epoch: 16200/40000 | Train Loss: 5.387e-02 | Dynamic Loss: 5.387e-02 | Regularization Loss: 4.131e-11 | Val Loss: 6.969e-02 | Active Proj %: 0.00 | Time: 6.81s
2025-08-21 05:56:49,697:INFO:Epoch: 16250/40000 | Train Loss: 3.818e-02 | Dynamic Loss: 3.818e-02 | Regularization Loss: 4.053e-11 | Val Loss: 4.926e-02 | Active Proj %: 0.00 | Time: 6.85s
2025-08-21 05:56:49,697:INFO:New best model found at epoch 16250 with validation loss 4.926e-02. Saving...
2025-08-21 05:56:56,673:INFO:Epoch: 16300/40000 | Train Loss: 4.259e-02 | Dynamic Loss: 4.259e-02 | Regularization Loss: 3.978e-11 | Val Loss: 5.782e-02 | Active Proj %: 0.00 | Time: 6.84s
2025-08-21 05:57:03,721:INFO:Epoch: 16350/40000 | Train Loss: 1.073e-01 | Dynamic Loss: 1.073e-01 | Regularization Loss: 3.905e-11 | Val Loss: 1.052e-01 | Active Proj %: 0.00 | Time: 6.94s
2025-08-21 05:57:10,679:INFO:Epoch: 16400/40000 | Train Loss: 6.025e-02 | Dynamic Loss: 6.025e-02 | Regularization Loss: 3.834e-11 | Val Loss: 6.517e-02 | Active Proj %: 0.00 | Time: 6.85s
2025-08-21 05:57:17,549:INFO:Epoch: 16450/40000 | Train Loss: 3.521e-02 | Dynamic Loss: 3.521e-02 | Regularization Loss: 3.766e-11 | Val Loss: 4.494e-02 | Active Proj %: 0.00 | Time: 6.76s
2025-08-21 05:57:17,550:INFO:New best model found at epoch 16450 with validation loss 4.494e-02. Saving...
2025-08-21 05:57:24,466:INFO:Epoch: 16500/40000 | Train Loss: 4.555e-02 | Dynamic Loss: 4.555e-02 | Regularization Loss: 3.700e-11 | Val Loss: 5.625e-02 | Active Proj %: 0.00 | Time: 6.79s
2025-08-21 05:57:31,345:INFO:Epoch: 16550/40000 | Train Loss: 4.449e-02 | Dynamic Loss: 4.449e-02 | Regularization Loss: 3.636e-11 | Val Loss: 5.779e-02 | Active Proj %: 0.00 | Time: 6.77s
2025-08-21 05:57:42,797:INFO:Epoch: 16600/40000 | Train Loss: 4.916e-02 | Dynamic Loss: 4.916e-02 | Regularization Loss: 3.574e-11 | Val Loss: 6.154e-02 | Active Proj %: 0.00 | Time: 11.35s
2025-08-21 05:57:49,678:INFO:Epoch: 16650/40000 | Train Loss: 3.597e-02 | Dynamic Loss: 3.597e-02 | Regularization Loss: 3.513e-11 | Val Loss: 4.601e-02 | Active Proj %: 0.00 | Time: 6.78s
2025-08-21 05:57:56,577:INFO:Epoch: 16700/40000 | Train Loss: 3.853e-02 | Dynamic Loss: 3.853e-02 | Regularization Loss: 3.455e-11 | Val Loss: 4.862e-02 | Active Proj %: 0.00 | Time: 6.79s
2025-08-21 05:58:03,434:INFO:Epoch: 16750/40000 | Train Loss: 5.036e-02 | Dynamic Loss: 5.036e-02 | Regularization Loss: 3.398e-11 | Val Loss: 6.034e-02 | Active Proj %: 0.00 | Time: 6.75s
2025-08-21 05:58:17,986:INFO:Epoch: 16800/40000 | Train Loss: 5.286e-02 | Dynamic Loss: 5.286e-02 | Regularization Loss: 3.343e-11 | Val Loss: 8.406e-02 | Active Proj %: 0.00 | Time: 14.44s
2025-08-21 05:58:24,920:INFO:Epoch: 16850/40000 | Train Loss: 3.955e-02 | Dynamic Loss: 3.955e-02 | Regularization Loss: 3.290e-11 | Val Loss: 4.918e-02 | Active Proj %: 0.00 | Time: 6.81s
2025-08-21 05:58:31,918:INFO:Epoch: 16900/40000 | Train Loss: 6.307e-02 | Dynamic Loss: 6.307e-02 | Regularization Loss: 3.238e-11 | Val Loss: 6.318e-02 | Active Proj %: 0.00 | Time: 6.89s
2025-08-21 05:58:38,851:INFO:Epoch: 16950/40000 | Train Loss: 3.581e-02 | Dynamic Loss: 3.581e-02 | Regularization Loss: 3.188e-11 | Val Loss: 4.609e-02 | Active Proj %: 0.00 | Time: 6.83s
2025-08-21 05:58:50,713:INFO:Epoch: 17000/40000 | Train Loss: 3.697e-02 | Dynamic Loss: 3.697e-02 | Regularization Loss: 3.139e-11 | Val Loss: 4.533e-02 | Active Proj %: 0.00 | Time: 11.76s
2025-08-21 05:58:57,618:INFO:Epoch: 17050/40000 | Train Loss: 6.002e-02 | Dynamic Loss: 6.002e-02 | Regularization Loss: 3.091e-11 | Val Loss: 6.624e-02 | Active Proj %: 0.00 | Time: 6.80s
2025-08-21 05:59:04,584:INFO:Epoch: 17100/40000 | Train Loss: 3.280e-02 | Dynamic Loss: 3.280e-02 | Regularization Loss: 3.045e-11 | Val Loss: 4.292e-02 | Active Proj %: 0.00 | Time: 6.86s
2025-08-21 05:59:04,584:INFO:New best model found at epoch 17100 with validation loss 4.292e-02. Saving...
2025-08-21 05:59:11,607:INFO:Epoch: 17150/40000 | Train Loss: 3.804e-02 | Dynamic Loss: 3.804e-02 | Regularization Loss: 3.000e-11 | Val Loss: 4.607e-02 | Active Proj %: 0.00 | Time: 6.89s
2025-08-21 05:59:22,086:INFO:Epoch: 17200/40000 | Train Loss: 6.111e-02 | Dynamic Loss: 6.111e-02 | Regularization Loss: 2.956e-11 | Val Loss: 7.322e-02 | Active Proj %: 0.00 | Time: 10.37s
2025-08-21 05:59:29,009:INFO:Epoch: 17250/40000 | Train Loss: 3.978e-02 | Dynamic Loss: 3.978e-02 | Regularization Loss: 2.914e-11 | Val Loss: 4.830e-02 | Active Proj %: 0.00 | Time: 6.81s
2025-08-21 05:59:35,992:INFO:Epoch: 17300/40000 | Train Loss: 7.612e-02 | Dynamic Loss: 7.612e-02 | Regularization Loss: 2.872e-11 | Val Loss: 8.490e-02 | Active Proj %: 0.00 | Time: 6.87s
2025-08-21 05:59:42,956:INFO:Epoch: 17350/40000 | Train Loss: 4.098e-02 | Dynamic Loss: 4.098e-02 | Regularization Loss: 2.832e-11 | Val Loss: 4.776e-02 | Active Proj %: 0.00 | Time: 6.86s
2025-08-21 05:59:49,907:INFO:Epoch: 17400/40000 | Train Loss: 3.963e-02 | Dynamic Loss: 3.963e-02 | Regularization Loss: 2.793e-11 | Val Loss: 4.928e-02 | Active Proj %: 0.00 | Time: 6.84s
2025-08-21 05:59:58,378:INFO:Epoch: 17450/40000 | Train Loss: 3.166e-02 | Dynamic Loss: 3.166e-02 | Regularization Loss: 2.754e-11 | Val Loss: 4.134e-02 | Active Proj %: 0.00 | Time: 8.36s
2025-08-21 05:59:58,378:INFO:New best model found at epoch 17450 with validation loss 4.134e-02. Saving...
2025-08-21 06:00:05,392:INFO:Epoch: 17500/40000 | Train Loss: 4.339e-02 | Dynamic Loss: 4.339e-02 | Regularization Loss: 2.717e-11 | Val Loss: 5.421e-02 | Active Proj %: 0.00 | Time: 6.88s
2025-08-21 06:00:12,335:INFO:Epoch: 17550/40000 | Train Loss: 3.839e-02 | Dynamic Loss: 3.839e-02 | Regularization Loss: 2.681e-11 | Val Loss: 4.554e-02 | Active Proj %: 0.00 | Time: 6.84s
2025-08-21 06:00:19,281:INFO:Epoch: 17600/40000 | Train Loss: 4.380e-02 | Dynamic Loss: 4.380e-02 | Regularization Loss: 2.645e-11 | Val Loss: 4.875e-02 | Active Proj %: 0.00 | Time: 6.84s
2025-08-21 06:00:26,296:INFO:Epoch: 17650/40000 | Train Loss: 3.671e-02 | Dynamic Loss: 3.671e-02 | Regularization Loss: 2.611e-11 | Val Loss: 4.210e-02 | Active Proj %: 0.00 | Time: 6.91s
2025-08-21 06:00:33,293:INFO:Epoch: 17700/40000 | Train Loss: 5.692e-02 | Dynamic Loss: 5.692e-02 | Regularization Loss: 2.577e-11 | Val Loss: 6.546e-02 | Active Proj %: 0.00 | Time: 6.89s
2025-08-21 06:00:40,275:INFO:Epoch: 17750/40000 | Train Loss: 6.508e-02 | Dynamic Loss: 6.508e-02 | Regularization Loss: 2.544e-11 | Val Loss: 7.293e-02 | Active Proj %: 0.00 | Time: 6.88s
2025-08-21 06:00:47,208:INFO:Epoch: 17800/40000 | Train Loss: 6.801e-02 | Dynamic Loss: 6.801e-02 | Regularization Loss: 2.512e-11 | Val Loss: 9.359e-02 | Active Proj %: 0.00 | Time: 6.83s
2025-08-21 06:00:54,250:INFO:Epoch: 17850/40000 | Train Loss: 6.112e-02 | Dynamic Loss: 6.112e-02 | Regularization Loss: 2.481e-11 | Val Loss: 6.203e-02 | Active Proj %: 0.00 | Time: 6.81s
2025-08-21 06:01:01,142:INFO:Epoch: 17900/40000 | Train Loss: 5.723e-02 | Dynamic Loss: 5.723e-02 | Regularization Loss: 2.450e-11 | Val Loss: 6.963e-02 | Active Proj %: 0.00 | Time: 6.78s
2025-08-21 06:01:08,161:INFO:Epoch: 17950/40000 | Train Loss: 3.172e-02 | Dynamic Loss: 3.172e-02 | Regularization Loss: 2.421e-11 | Val Loss: 4.045e-02 | Active Proj %: 0.00 | Time: 6.91s
2025-08-21 06:01:08,161:INFO:New best model found at epoch 17950 with validation loss 4.045e-02. Saving...
2025-08-21 06:01:15,133:INFO:Epoch: 18000/40000 | Train Loss: 3.433e-02 | Dynamic Loss: 3.433e-02 | Regularization Loss: 2.391e-11 | Val Loss: 4.710e-02 | Active Proj %: 0.00 | Time: 6.84s
2025-08-21 06:01:23,706:INFO:Epoch: 18050/40000 | Train Loss: 3.638e-02 | Dynamic Loss: 3.638e-02 | Regularization Loss: 2.363e-11 | Val Loss: 5.220e-02 | Active Proj %: 0.00 | Time: 8.46s
2025-08-21 06:01:30,653:INFO:Epoch: 18100/40000 | Train Loss: 3.478e-02 | Dynamic Loss: 3.478e-02 | Regularization Loss: 2.335e-11 | Val Loss: 4.312e-02 | Active Proj %: 0.00 | Time: 6.84s
2025-08-21 06:01:37,642:INFO:Epoch: 18150/40000 | Train Loss: 4.013e-02 | Dynamic Loss: 4.013e-02 | Regularization Loss: 2.308e-11 | Val Loss: 4.293e-02 | Active Proj %: 0.00 | Time: 6.88s
2025-08-21 06:01:44,517:INFO:Epoch: 18200/40000 | Train Loss: 3.092e-02 | Dynamic Loss: 3.092e-02 | Regularization Loss: 2.281e-11 | Val Loss: 4.262e-02 | Active Proj %: 0.00 | Time: 6.77s
2025-08-21 06:01:51,424:INFO:Epoch: 18250/40000 | Train Loss: 2.904e-02 | Dynamic Loss: 2.904e-02 | Regularization Loss: 2.255e-11 | Val Loss: 3.928e-02 | Active Proj %: 0.00 | Time: 6.80s
2025-08-21 06:01:51,424:INFO:New best model found at epoch 18250 with validation loss 3.928e-02. Saving...
2025-08-21 06:01:59,941:INFO:Epoch: 18300/40000 | Train Loss: 3.576e-02 | Dynamic Loss: 3.576e-02 | Regularization Loss: 2.230e-11 | Val Loss: 4.259e-02 | Active Proj %: 0.00 | Time: 8.39s
2025-08-21 06:02:06,891:INFO:Epoch: 18350/40000 | Train Loss: 4.001e-02 | Dynamic Loss: 4.001e-02 | Regularization Loss: 2.205e-11 | Val Loss: 5.732e-02 | Active Proj %: 0.00 | Time: 6.84s
2025-08-21 06:02:13,776:INFO:Epoch: 18400/40000 | Train Loss: 3.364e-02 | Dynamic Loss: 3.364e-02 | Regularization Loss: 2.181e-11 | Val Loss: 4.994e-02 | Active Proj %: 0.00 | Time: 6.78s
2025-08-21 06:02:20,663:INFO:Epoch: 18450/40000 | Train Loss: 5.583e-02 | Dynamic Loss: 5.583e-02 | Regularization Loss: 2.157e-11 | Val Loss: 7.093e-02 | Active Proj %: 0.00 | Time: 6.78s
2025-08-21 06:02:27,565:INFO:Epoch: 18500/40000 | Train Loss: 3.971e-02 | Dynamic Loss: 3.971e-02 | Regularization Loss: 2.133e-11 | Val Loss: 4.153e-02 | Active Proj %: 0.00 | Time: 6.79s
2025-08-21 06:02:37,642:INFO:Epoch: 18550/40000 | Train Loss: 3.403e-02 | Dynamic Loss: 3.403e-02 | Regularization Loss: 2.111e-11 | Val Loss: 4.199e-02 | Active Proj %: 0.00 | Time: 9.97s
2025-08-21 06:02:44,592:INFO:Epoch: 18600/40000 | Train Loss: 3.903e-02 | Dynamic Loss: 3.903e-02 | Regularization Loss: 2.088e-11 | Val Loss: 4.552e-02 | Active Proj %: 0.00 | Time: 6.84s
2025-08-21 06:02:51,522:INFO:Epoch: 18650/40000 | Train Loss: 6.053e-02 | Dynamic Loss: 6.053e-02 | Regularization Loss: 2.066e-11 | Val Loss: 8.482e-02 | Active Proj %: 0.00 | Time: 6.82s
2025-08-21 06:02:58,442:INFO:Epoch: 18700/40000 | Train Loss: 2.839e-02 | Dynamic Loss: 2.839e-02 | Regularization Loss: 2.045e-11 | Val Loss: 3.959e-02 | Active Proj %: 0.00 | Time: 6.81s
2025-08-21 06:03:13,248:INFO:Epoch: 18750/40000 | Train Loss: 3.345e-02 | Dynamic Loss: 3.345e-02 | Regularization Loss: 2.024e-11 | Val Loss: 4.491e-02 | Active Proj %: 0.00 | Time: 14.70s
2025-08-21 06:03:20,187:INFO:Epoch: 18800/40000 | Train Loss: 3.068e-02 | Dynamic Loss: 3.068e-02 | Regularization Loss: 2.003e-11 | Val Loss: 4.063e-02 | Active Proj %: 0.00 | Time: 6.83s
2025-08-21 06:03:27,087:INFO:Epoch: 18850/40000 | Train Loss: 2.832e-02 | Dynamic Loss: 2.832e-02 | Regularization Loss: 1.983e-11 | Val Loss: 4.038e-02 | Active Proj %: 0.00 | Time: 6.79s
2025-08-21 06:03:34,117:INFO:Epoch: 18900/40000 | Train Loss: 3.393e-02 | Dynamic Loss: 3.393e-02 | Regularization Loss: 1.963e-11 | Val Loss: 4.346e-02 | Active Proj %: 0.00 | Time: 6.80s
2025-08-21 06:03:41,071:INFO:Epoch: 18950/40000 | Train Loss: 3.760e-02 | Dynamic Loss: 3.760e-02 | Regularization Loss: 1.944e-11 | Val Loss: 4.438e-02 | Active Proj %: 0.00 | Time: 6.85s
2025-08-21 06:03:48,058:INFO:Epoch: 19000/40000 | Train Loss: 3.478e-02 | Dynamic Loss: 3.478e-02 | Regularization Loss: 1.925e-11 | Val Loss: 5.312e-02 | Active Proj %: 0.00 | Time: 6.88s
2025-08-21 06:03:55,024:INFO:Epoch: 19050/40000 | Train Loss: 2.720e-02 | Dynamic Loss: 2.720e-02 | Regularization Loss: 1.906e-11 | Val Loss: 3.725e-02 | Active Proj %: 0.00 | Time: 6.85s
2025-08-21 06:03:55,024:INFO:New best model found at epoch 19050 with validation loss 3.725e-02. Saving...
2025-08-21 06:04:01,942:INFO:Epoch: 19100/40000 | Train Loss: 4.755e-02 | Dynamic Loss: 4.755e-02 | Regularization Loss: 1.888e-11 | Val Loss: 4.237e-02 | Active Proj %: 0.00 | Time: 6.79s
2025-08-21 06:04:17,259:INFO:Epoch: 19150/40000 | Train Loss: 3.401e-02 | Dynamic Loss: 3.401e-02 | Regularization Loss: 1.870e-11 | Val Loss: 6.114e-02 | Active Proj %: 0.00 | Time: 15.20s
2025-08-21 06:04:24,293:INFO:Epoch: 19200/40000 | Train Loss: 3.127e-02 | Dynamic Loss: 3.127e-02 | Regularization Loss: 1.852e-11 | Val Loss: 3.692e-02 | Active Proj %: 0.00 | Time: 6.92s
2025-08-21 06:04:24,293:INFO:New best model found at epoch 19200 with validation loss 3.692e-02. Saving...
2025-08-21 06:04:31,311:INFO:Epoch: 19250/40000 | Train Loss: 2.856e-02 | Dynamic Loss: 2.856e-02 | Regularization Loss: 1.835e-11 | Val Loss: 4.069e-02 | Active Proj %: 0.00 | Time: 6.89s
2025-08-21 06:04:38,281:INFO:Epoch: 19300/40000 | Train Loss: 1.105e-01 | Dynamic Loss: 1.105e-01 | Regularization Loss: 1.818e-11 | Val Loss: 2.207e-01 | Active Proj %: 0.00 | Time: 6.86s
2025-08-21 06:04:51,626:INFO:Epoch: 19350/40000 | Train Loss: 3.245e-02 | Dynamic Loss: 3.245e-02 | Regularization Loss: 1.801e-11 | Val Loss: 4.124e-02 | Active Proj %: 0.00 | Time: 13.23s
2025-08-21 06:04:58,603:INFO:Epoch: 19400/40000 | Train Loss: 4.357e-02 | Dynamic Loss: 4.357e-02 | Regularization Loss: 1.785e-11 | Val Loss: 5.173e-02 | Active Proj %: 0.00 | Time: 6.87s
2025-08-21 06:05:05,541:INFO:Epoch: 19450/40000 | Train Loss: 2.999e-02 | Dynamic Loss: 2.999e-02 | Regularization Loss: 1.769e-11 | Val Loss: 4.446e-02 | Active Proj %: 0.00 | Time: 6.83s
2025-08-21 06:05:12,484:INFO:Epoch: 19500/40000 | Train Loss: 4.077e-02 | Dynamic Loss: 4.077e-02 | Regularization Loss: 1.753e-11 | Val Loss: 4.883e-02 | Active Proj %: 0.00 | Time: 6.83s
2025-08-21 06:05:22,068:INFO:Epoch: 19550/40000 | Train Loss: 3.869e-02 | Dynamic Loss: 3.869e-02 | Regularization Loss: 1.737e-11 | Val Loss: 5.688e-02 | Active Proj %: 0.00 | Time: 9.47s
2025-08-21 06:05:29,005:INFO:Epoch: 19600/40000 | Train Loss: 4.093e-02 | Dynamic Loss: 4.093e-02 | Regularization Loss: 1.722e-11 | Val Loss: 5.007e-02 | Active Proj %: 0.00 | Time: 6.82s
2025-08-21 06:05:35,946:INFO:Epoch: 19650/40000 | Train Loss: 3.092e-02 | Dynamic Loss: 3.092e-02 | Regularization Loss: 1.707e-11 | Val Loss: 4.380e-02 | Active Proj %: 0.00 | Time: 6.83s
2025-08-21 06:05:42,859:INFO:Epoch: 19700/40000 | Train Loss: 3.634e-02 | Dynamic Loss: 3.634e-02 | Regularization Loss: 1.692e-11 | Val Loss: 4.700e-02 | Active Proj %: 0.00 | Time: 6.80s
2025-08-21 06:05:57,449:INFO:Epoch: 19750/40000 | Train Loss: 3.198e-02 | Dynamic Loss: 3.198e-02 | Regularization Loss: 1.678e-11 | Val Loss: 4.293e-02 | Active Proj %: 0.00 | Time: 14.48s
2025-08-21 06:06:04,435:INFO:Epoch: 19800/40000 | Train Loss: 3.257e-02 | Dynamic Loss: 3.257e-02 | Regularization Loss: 1.663e-11 | Val Loss: 4.567e-02 | Active Proj %: 0.00 | Time: 6.88s
2025-08-21 06:06:11,380:INFO:Epoch: 19850/40000 | Train Loss: 3.073e-02 | Dynamic Loss: 3.073e-02 | Regularization Loss: 1.650e-11 | Val Loss: 3.792e-02 | Active Proj %: 0.00 | Time: 6.83s
2025-08-21 06:06:18,448:INFO:Epoch: 19900/40000 | Train Loss: 2.236e-02 | Dynamic Loss: 2.236e-02 | Regularization Loss: 1.636e-11 | Val Loss: 3.361e-02 | Active Proj %: 0.00 | Time: 6.96s
2025-08-21 06:06:18,448:INFO:New best model found at epoch 19900 with validation loss 3.361e-02. Saving...
2025-08-21 06:06:25,406:INFO:Epoch: 19950/40000 | Train Loss: 4.831e-02 | Dynamic Loss: 4.831e-02 | Regularization Loss: 1.622e-11 | Val Loss: 4.647e-02 | Active Proj %: 0.00 | Time: 6.83s
2025-08-21 06:06:32,342:INFO:Epoch: 20000/40000 | Train Loss: 4.957e-02 | Dynamic Loss: 4.957e-02 | Regularization Loss: 1.609e-11 | Val Loss: 4.025e-02 | Active Proj %: 0.00 | Time: 6.83s
2025-08-21 06:06:39,271:INFO:Epoch: 20050/40000 | Train Loss: 2.746e-02 | Dynamic Loss: 2.746e-02 | Regularization Loss: 1.596e-11 | Val Loss: 3.632e-02 | Active Proj %: 0.00 | Time: 6.81s
2025-08-21 06:06:54,078:INFO:Epoch: 20100/40000 | Train Loss: 4.332e-02 | Dynamic Loss: 4.332e-02 | Regularization Loss: 1.583e-11 | Val Loss: 4.813e-02 | Active Proj %: 0.00 | Time: 14.70s
2025-08-21 06:07:01,170:INFO:Epoch: 20150/40000 | Train Loss: 3.161e-02 | Dynamic Loss: 3.161e-02 | Regularization Loss: 1.570e-11 | Val Loss: 4.473e-02 | Active Proj %: 0.00 | Time: 6.98s
2025-08-21 06:07:08,142:INFO:Epoch: 20200/40000 | Train Loss: 2.738e-02 | Dynamic Loss: 2.738e-02 | Regularization Loss: 1.558e-11 | Val Loss: 3.756e-02 | Active Proj %: 0.00 | Time: 6.86s
2025-08-21 06:07:15,125:INFO:Epoch: 20250/40000 | Train Loss: 3.387e-02 | Dynamic Loss: 3.387e-02 | Regularization Loss: 1.545e-11 | Val Loss: 4.320e-02 | Active Proj %: 0.00 | Time: 6.87s
2025-08-21 06:07:26,169:INFO:Epoch: 20300/40000 | Train Loss: 4.049e-02 | Dynamic Loss: 4.049e-02 | Regularization Loss: 1.533e-11 | Val Loss: 4.884e-02 | Active Proj %: 0.00 | Time: 10.93s
2025-08-21 06:07:33,119:INFO:Epoch: 20350/40000 | Train Loss: 4.027e-02 | Dynamic Loss: 4.027e-02 | Regularization Loss: 1.521e-11 | Val Loss: 4.428e-02 | Active Proj %: 0.00 | Time: 6.84s
2025-08-21 06:07:40,037:INFO:Epoch: 20400/40000 | Train Loss: 4.522e-02 | Dynamic Loss: 4.522e-02 | Regularization Loss: 1.509e-11 | Val Loss: 4.001e-02 | Active Proj %: 0.00 | Time: 6.81s
2025-08-21 06:07:47,006:INFO:Epoch: 20450/40000 | Train Loss: 3.630e-02 | Dynamic Loss: 3.630e-02 | Regularization Loss: 1.498e-11 | Val Loss: 4.018e-02 | Active Proj %: 0.00 | Time: 6.86s
2025-08-21 06:07:57,841:INFO:Epoch: 20500/40000 | Train Loss: 2.677e-02 | Dynamic Loss: 2.677e-02 | Regularization Loss: 1.487e-11 | Val Loss: 3.787e-02 | Active Proj %: 0.00 | Time: 10.74s
2025-08-21 06:08:04,744:INFO:Epoch: 20550/40000 | Train Loss: 2.800e-02 | Dynamic Loss: 2.800e-02 | Regularization Loss: 1.475e-11 | Val Loss: 3.560e-02 | Active Proj %: 0.00 | Time: 6.80s
2025-08-21 06:08:11,687:INFO:Epoch: 20600/40000 | Train Loss: 2.081e-02 | Dynamic Loss: 2.081e-02 | Regularization Loss: 1.464e-11 | Val Loss: 3.131e-02 | Active Proj %: 0.00 | Time: 6.84s
2025-08-21 06:08:11,688:INFO:New best model found at epoch 20600 with validation loss 3.131e-02. Saving...
2025-08-21 06:08:19,480:INFO:Epoch: 20650/40000 | Train Loss: 2.672e-02 | Dynamic Loss: 2.672e-02 | Regularization Loss: 1.453e-11 | Val Loss: 3.653e-02 | Active Proj %: 0.00 | Time: 7.67s
2025-08-21 06:08:26,334:INFO:Epoch: 20700/40000 | Train Loss: 3.045e-02 | Dynamic Loss: 3.045e-02 | Regularization Loss: 1.443e-11 | Val Loss: 5.007e-02 | Active Proj %: 0.00 | Time: 6.76s
2025-08-21 06:08:33,203:INFO:Epoch: 20750/40000 | Train Loss: 7.554e-02 | Dynamic Loss: 7.554e-02 | Regularization Loss: 1.432e-11 | Val Loss: 6.615e-02 | Active Proj %: 0.00 | Time: 6.77s
2025-08-21 06:08:40,135:INFO:Epoch: 20800/40000 | Train Loss: 2.208e-02 | Dynamic Loss: 2.208e-02 | Regularization Loss: 1.422e-11 | Val Loss: 3.474e-02 | Active Proj %: 0.00 | Time: 6.83s
2025-08-21 06:08:46,993:INFO:Epoch: 20850/40000 | Train Loss: 4.503e-02 | Dynamic Loss: 4.503e-02 | Regularization Loss: 1.412e-11 | Val Loss: 7.886e-02 | Active Proj %: 0.00 | Time: 6.76s
2025-08-21 06:08:59,496:INFO:Epoch: 20900/40000 | Train Loss: 2.514e-02 | Dynamic Loss: 2.514e-02 | Regularization Loss: 1.401e-11 | Val Loss: 4.529e-02 | Active Proj %: 0.00 | Time: 12.40s
2025-08-21 06:09:06,383:INFO:Epoch: 20950/40000 | Train Loss: 2.703e-02 | Dynamic Loss: 2.703e-02 | Regularization Loss: 1.391e-11 | Val Loss: 3.890e-02 | Active Proj %: 0.00 | Time: 6.79s
2025-08-21 06:09:13,349:INFO:Epoch: 21000/40000 | Train Loss: 2.480e-02 | Dynamic Loss: 2.480e-02 | Regularization Loss: 1.382e-11 | Val Loss: 3.659e-02 | Active Proj %: 0.00 | Time: 6.87s
2025-08-21 06:09:20,289:INFO:Epoch: 21050/40000 | Train Loss: 3.411e-02 | Dynamic Loss: 3.411e-02 | Regularization Loss: 1.372e-11 | Val Loss: 5.189e-02 | Active Proj %: 0.00 | Time: 6.84s
2025-08-21 06:09:27,203:INFO:Epoch: 21100/40000 | Train Loss: 4.190e-02 | Dynamic Loss: 4.190e-02 | Regularization Loss: 1.362e-11 | Val Loss: 4.037e-02 | Active Proj %: 0.00 | Time: 6.81s
2025-08-21 06:09:40,933:INFO:Epoch: 21150/40000 | Train Loss: 2.480e-02 | Dynamic Loss: 2.480e-02 | Regularization Loss: 1.353e-11 | Val Loss: 3.307e-02 | Active Proj %: 0.00 | Time: 13.63s
2025-08-21 06:09:47,939:INFO:Epoch: 21200/40000 | Train Loss: 3.337e-02 | Dynamic Loss: 3.337e-02 | Regularization Loss: 1.344e-11 | Val Loss: 4.439e-02 | Active Proj %: 0.00 | Time: 6.91s
2025-08-21 06:09:54,884:INFO:Epoch: 21250/40000 | Train Loss: 5.819e-02 | Dynamic Loss: 5.819e-02 | Regularization Loss: 1.334e-11 | Val Loss: 8.671e-02 | Active Proj %: 0.00 | Time: 6.84s
2025-08-21 06:10:01,897:INFO:Epoch: 21300/40000 | Train Loss: 3.660e-02 | Dynamic Loss: 3.660e-02 | Regularization Loss: 1.325e-11 | Val Loss: 4.034e-02 | Active Proj %: 0.00 | Time: 6.91s
2025-08-21 06:10:14,659:INFO:Epoch: 21350/40000 | Train Loss: 3.402e-02 | Dynamic Loss: 3.402e-02 | Regularization Loss: 1.316e-11 | Val Loss: 3.499e-02 | Active Proj %: 0.00 | Time: 12.66s
2025-08-21 06:10:21,679:INFO:Epoch: 21400/40000 | Train Loss: 1.890e-02 | Dynamic Loss: 1.890e-02 | Regularization Loss: 1.308e-11 | Val Loss: 2.876e-02 | Active Proj %: 0.00 | Time: 6.92s
2025-08-21 06:10:21,679:INFO:New best model found at epoch 21400 with validation loss 2.876e-02. Saving...
2025-08-21 06:10:28,624:INFO:Epoch: 21450/40000 | Train Loss: 2.190e-02 | Dynamic Loss: 2.190e-02 | Regularization Loss: 1.299e-11 | Val Loss: 3.188e-02 | Active Proj %: 0.00 | Time: 6.82s
2025-08-21 06:10:35,545:INFO:Epoch: 21500/40000 | Train Loss: 2.774e-02 | Dynamic Loss: 2.774e-02 | Regularization Loss: 1.290e-11 | Val Loss: 3.524e-02 | Active Proj %: 0.00 | Time: 6.82s
2025-08-21 06:10:47,891:INFO:Epoch: 21550/40000 | Train Loss: 2.944e-02 | Dynamic Loss: 2.944e-02 | Regularization Loss: 1.282e-11 | Val Loss: 3.653e-02 | Active Proj %: 0.00 | Time: 12.25s
2025-08-21 06:10:54,814:INFO:Epoch: 21600/40000 | Train Loss: 1.962e-02 | Dynamic Loss: 1.962e-02 | Regularization Loss: 1.274e-11 | Val Loss: 3.150e-02 | Active Proj %: 0.00 | Time: 6.83s
2025-08-21 06:11:01,731:INFO:Epoch: 21650/40000 | Train Loss: 3.115e-02 | Dynamic Loss: 3.115e-02 | Regularization Loss: 1.265e-11 | Val Loss: 3.608e-02 | Active Proj %: 0.00 | Time: 6.82s
2025-08-21 06:11:08,674:INFO:Epoch: 21700/40000 | Train Loss: 2.357e-02 | Dynamic Loss: 2.357e-02 | Regularization Loss: 1.257e-11 | Val Loss: 3.011e-02 | Active Proj %: 0.00 | Time: 6.84s
2025-08-21 06:11:15,580:INFO:Epoch: 21750/40000 | Train Loss: 2.164e-02 | Dynamic Loss: 2.164e-02 | Regularization Loss: 1.249e-11 | Val Loss: 3.365e-02 | Active Proj %: 0.00 | Time: 6.81s
2025-08-21 06:11:28,775:INFO:Epoch: 21800/40000 | Train Loss: 2.638e-02 | Dynamic Loss: 2.638e-02 | Regularization Loss: 1.241e-11 | Val Loss: 3.394e-02 | Active Proj %: 0.00 | Time: 13.10s
2025-08-21 06:11:35,693:INFO:Epoch: 21850/40000 | Train Loss: 2.000e-02 | Dynamic Loss: 2.000e-02 | Regularization Loss: 1.233e-11 | Val Loss: 3.234e-02 | Active Proj %: 0.00 | Time: 6.82s
2025-08-21 06:11:42,600:INFO:Epoch: 21900/40000 | Train Loss: 2.865e-02 | Dynamic Loss: 2.865e-02 | Regularization Loss: 1.226e-11 | Val Loss: 3.497e-02 | Active Proj %: 0.00 | Time: 6.81s
2025-08-21 06:11:49,556:INFO:Epoch: 21950/40000 | Train Loss: 5.509e-02 | Dynamic Loss: 5.509e-02 | Regularization Loss: 1.218e-11 | Val Loss: 6.848e-02 | Active Proj %: 0.00 | Time: 6.86s
2025-08-21 06:11:58,399:INFO:Epoch: 22000/40000 | Train Loss: 3.863e-02 | Dynamic Loss: 3.863e-02 | Regularization Loss: 1.210e-11 | Val Loss: 3.975e-02 | Active Proj %: 0.00 | Time: 8.74s
2025-08-21 06:12:05,318:INFO:Epoch: 22050/40000 | Train Loss: 2.620e-02 | Dynamic Loss: 2.620e-02 | Regularization Loss: 1.203e-11 | Val Loss: 3.377e-02 | Active Proj %: 0.00 | Time: 6.82s
2025-08-21 06:12:12,211:INFO:Epoch: 22100/40000 | Train Loss: 2.251e-02 | Dynamic Loss: 2.251e-02 | Regularization Loss: 1.196e-11 | Val Loss: 3.558e-02 | Active Proj %: 0.00 | Time: 6.79s
2025-08-21 06:12:19,218:INFO:Epoch: 22150/40000 | Train Loss: 2.076e-02 | Dynamic Loss: 2.076e-02 | Regularization Loss: 1.188e-11 | Val Loss: 3.187e-02 | Active Proj %: 0.00 | Time: 6.91s
2025-08-21 06:12:30,713:INFO:Epoch: 22200/40000 | Train Loss: 2.195e-02 | Dynamic Loss: 2.195e-02 | Regularization Loss: 1.181e-11 | Val Loss: 3.189e-02 | Active Proj %: 0.00 | Time: 11.40s
2025-08-21 06:12:37,724:INFO:Epoch: 22250/40000 | Train Loss: 2.174e-02 | Dynamic Loss: 2.174e-02 | Regularization Loss: 1.174e-11 | Val Loss: 3.163e-02 | Active Proj %: 0.00 | Time: 6.91s
2025-08-21 06:12:44,685:INFO:Epoch: 22300/40000 | Train Loss: 2.976e-02 | Dynamic Loss: 2.976e-02 | Regularization Loss: 1.167e-11 | Val Loss: 3.648e-02 | Active Proj %: 0.00 | Time: 6.86s
2025-08-21 06:12:51,634:INFO:Epoch: 22350/40000 | Train Loss: 2.808e-02 | Dynamic Loss: 2.808e-02 | Regularization Loss: 1.160e-11 | Val Loss: 3.781e-02 | Active Proj %: 0.00 | Time: 6.85s
2025-08-21 06:12:58,697:INFO:Epoch: 22400/40000 | Train Loss: 1.902e-02 | Dynamic Loss: 1.902e-02 | Regularization Loss: 1.153e-11 | Val Loss: 2.971e-02 | Active Proj %: 0.00 | Time: 6.97s
2025-08-21 06:13:05,613:INFO:Epoch: 22450/40000 | Train Loss: 2.264e-02 | Dynamic Loss: 2.264e-02 | Regularization Loss: 1.147e-11 | Val Loss: 3.449e-02 | Active Proj %: 0.00 | Time: 6.82s
2025-08-21 06:13:12,554:INFO:Epoch: 22500/40000 | Train Loss: 2.216e-02 | Dynamic Loss: 2.216e-02 | Regularization Loss: 1.140e-11 | Val Loss: 3.089e-02 | Active Proj %: 0.00 | Time: 6.84s
2025-08-21 06:13:19,489:INFO:Epoch: 22550/40000 | Train Loss: 2.379e-02 | Dynamic Loss: 2.379e-02 | Regularization Loss: 1.133e-11 | Val Loss: 3.507e-02 | Active Proj %: 0.00 | Time: 6.84s
2025-08-21 06:13:26,380:INFO:Epoch: 22600/40000 | Train Loss: 2.670e-02 | Dynamic Loss: 2.670e-02 | Regularization Loss: 1.127e-11 | Val Loss: 3.547e-02 | Active Proj %: 0.00 | Time: 6.79s
2025-08-21 06:13:40,825:INFO:Epoch: 22650/40000 | Train Loss: 1.985e-02 | Dynamic Loss: 1.985e-02 | Regularization Loss: 1.120e-11 | Val Loss: 2.963e-02 | Active Proj %: 0.00 | Time: 14.35s
2025-08-21 06:13:47,781:INFO:Epoch: 22700/40000 | Train Loss: 2.960e-02 | Dynamic Loss: 2.960e-02 | Regularization Loss: 1.114e-11 | Val Loss: 5.701e-02 | Active Proj %: 0.00 | Time: 6.86s
2025-08-21 06:13:54,747:INFO:Epoch: 22750/40000 | Train Loss: 2.680e-02 | Dynamic Loss: 2.680e-02 | Regularization Loss: 1.108e-11 | Val Loss: 4.039e-02 | Active Proj %: 0.00 | Time: 6.87s
2025-08-21 06:14:01,645:INFO:Epoch: 22800/40000 | Train Loss: 3.244e-02 | Dynamic Loss: 3.244e-02 | Regularization Loss: 1.101e-11 | Val Loss: 3.955e-02 | Active Proj %: 0.00 | Time: 6.80s
2025-08-21 06:14:08,705:INFO:Epoch: 22850/40000 | Train Loss: 2.151e-02 | Dynamic Loss: 2.151e-02 | Regularization Loss: 1.095e-11 | Val Loss: 3.219e-02 | Active Proj %: 0.00 | Time: 6.96s
2025-08-21 06:14:15,615:INFO:Epoch: 22900/40000 | Train Loss: 2.246e-02 | Dynamic Loss: 2.246e-02 | Regularization Loss: 1.089e-11 | Val Loss: 3.697e-02 | Active Proj %: 0.00 | Time: 6.81s
2025-08-21 06:14:22,527:INFO:Epoch: 22950/40000 | Train Loss: 3.246e-02 | Dynamic Loss: 3.246e-02 | Regularization Loss: 1.083e-11 | Val Loss: 3.950e-02 | Active Proj %: 0.00 | Time: 6.81s
2025-08-21 06:14:29,426:INFO:Epoch: 23000/40000 | Train Loss: 1.930e-02 | Dynamic Loss: 1.930e-02 | Regularization Loss: 1.077e-11 | Val Loss: 2.889e-02 | Active Proj %: 0.00 | Time: 6.80s
2025-08-21 06:14:36,924:INFO:Epoch: 23050/40000 | Train Loss: 2.307e-02 | Dynamic Loss: 2.307e-02 | Regularization Loss: 1.071e-11 | Val Loss: 3.607e-02 | Active Proj %: 0.00 | Time: 7.40s
2025-08-21 06:14:43,864:INFO:Epoch: 23100/40000 | Train Loss: 2.294e-02 | Dynamic Loss: 2.294e-02 | Regularization Loss: 1.065e-11 | Val Loss: 3.345e-02 | Active Proj %: 0.00 | Time: 6.84s
2025-08-21 06:14:50,870:INFO:Epoch: 23150/40000 | Train Loss: 2.405e-02 | Dynamic Loss: 2.405e-02 | Regularization Loss: 1.059e-11 | Val Loss: 3.740e-02 | Active Proj %: 0.00 | Time: 6.91s
2025-08-21 06:14:57,789:INFO:Epoch: 23200/40000 | Train Loss: 3.176e-02 | Dynamic Loss: 3.176e-02 | Regularization Loss: 1.054e-11 | Val Loss: 5.423e-02 | Active Proj %: 0.00 | Time: 6.82s
2025-08-21 06:15:04,785:INFO:Epoch: 23250/40000 | Train Loss: 2.371e-02 | Dynamic Loss: 2.371e-02 | Regularization Loss: 1.048e-11 | Val Loss: 3.410e-02 | Active Proj %: 0.00 | Time: 6.90s
2025-08-21 06:15:11,697:INFO:Epoch: 23300/40000 | Train Loss: 4.660e-02 | Dynamic Loss: 4.660e-02 | Regularization Loss: 1.043e-11 | Val Loss: 6.534e-02 | Active Proj %: 0.00 | Time: 6.81s
2025-08-21 06:15:18,627:INFO:Epoch: 23350/40000 | Train Loss: 1.783e-02 | Dynamic Loss: 1.783e-02 | Regularization Loss: 1.037e-11 | Val Loss: 2.705e-02 | Active Proj %: 0.00 | Time: 6.83s
2025-08-21 06:15:18,627:INFO:New best model found at epoch 23350 with validation loss 2.705e-02. Saving...
2025-08-21 06:15:25,581:INFO:Epoch: 23400/40000 | Train Loss: 3.712e-02 | Dynamic Loss: 3.712e-02 | Regularization Loss: 1.032e-11 | Val Loss: 4.282e-02 | Active Proj %: 0.00 | Time: 6.84s
2025-08-21 06:15:32,467:INFO:Epoch: 23450/40000 | Train Loss: 2.670e-02 | Dynamic Loss: 2.670e-02 | Regularization Loss: 1.026e-11 | Val Loss: 4.536e-02 | Active Proj %: 0.00 | Time: 6.79s
2025-08-21 06:15:46,252:INFO:Epoch: 23500/40000 | Train Loss: 2.265e-02 | Dynamic Loss: 2.265e-02 | Regularization Loss: 1.021e-11 | Val Loss: 4.075e-02 | Active Proj %: 0.00 | Time: 13.69s
2025-08-21 06:15:53,162:INFO:Epoch: 23550/40000 | Train Loss: 3.598e-02 | Dynamic Loss: 3.598e-02 | Regularization Loss: 1.016e-11 | Val Loss: 6.214e-02 | Active Proj %: 0.00 | Time: 6.81s
2025-08-21 06:16:00,095:INFO:Epoch: 23600/40000 | Train Loss: 1.916e-02 | Dynamic Loss: 1.916e-02 | Regularization Loss: 1.010e-11 | Val Loss: 2.921e-02 | Active Proj %: 0.00 | Time: 6.83s
2025-08-21 06:16:07,031:INFO:Epoch: 23650/40000 | Train Loss: 2.606e-02 | Dynamic Loss: 2.606e-02 | Regularization Loss: 1.005e-11 | Val Loss: 3.737e-02 | Active Proj %: 0.00 | Time: 6.84s
2025-08-21 06:16:13,968:INFO:Epoch: 23700/40000 | Train Loss: 1.807e-02 | Dynamic Loss: 1.807e-02 | Regularization Loss: 1.000e-11 | Val Loss: 2.876e-02 | Active Proj %: 0.00 | Time: 6.84s
2025-08-21 06:16:26,088:INFO:Epoch: 23750/40000 | Train Loss: 2.173e-02 | Dynamic Loss: 2.173e-02 | Regularization Loss: 9.948e-12 | Val Loss: 3.074e-02 | Active Proj %: 0.00 | Time: 12.01s
2025-08-21 06:16:33,016:INFO:Epoch: 23800/40000 | Train Loss: 2.650e-02 | Dynamic Loss: 2.650e-02 | Regularization Loss: 9.897e-12 | Val Loss: 3.072e-02 | Active Proj %: 0.00 | Time: 6.82s
2025-08-21 06:16:40,013:INFO:Epoch: 23850/40000 | Train Loss: 2.125e-02 | Dynamic Loss: 2.125e-02 | Regularization Loss: 9.848e-12 | Val Loss: 2.817e-02 | Active Proj %: 0.00 | Time: 6.89s
2025-08-21 06:16:47,086:INFO:Epoch: 23900/40000 | Train Loss: 2.837e-02 | Dynamic Loss: 2.837e-02 | Regularization Loss: 9.799e-12 | Val Loss: 4.150e-02 | Active Proj %: 0.00 | Time: 6.97s
2025-08-21 06:16:54,075:INFO:Epoch: 23950/40000 | Train Loss: 2.012e-02 | Dynamic Loss: 2.012e-02 | Regularization Loss: 9.750e-12 | Val Loss: 3.421e-02 | Active Proj %: 0.00 | Time: 6.89s
2025-08-21 06:17:01,157:INFO:Epoch: 24000/40000 | Train Loss: 1.732e-02 | Dynamic Loss: 1.732e-02 | Regularization Loss: 9.702e-12 | Val Loss: 2.534e-02 | Active Proj %: 0.00 | Time: 6.98s
2025-08-21 06:17:01,157:INFO:New best model found at epoch 24000 with validation loss 2.534e-02. Saving...
2025-08-21 06:17:08,168:INFO:Epoch: 24050/40000 | Train Loss: 2.040e-02 | Dynamic Loss: 2.040e-02 | Regularization Loss: 9.654e-12 | Val Loss: 3.063e-02 | Active Proj %: 0.00 | Time: 6.89s
2025-08-21 06:17:15,101:INFO:Epoch: 24100/40000 | Train Loss: 1.664e-02 | Dynamic Loss: 1.664e-02 | Regularization Loss: 9.606e-12 | Val Loss: 2.660e-02 | Active Proj %: 0.00 | Time: 6.83s
2025-08-21 06:17:25,008:INFO:Epoch: 24150/40000 | Train Loss: 2.396e-02 | Dynamic Loss: 2.396e-02 | Regularization Loss: 9.559e-12 | Val Loss: 3.494e-02 | Active Proj %: 0.00 | Time: 9.81s
2025-08-21 06:17:31,889:INFO:Epoch: 24200/40000 | Train Loss: 1.740e-02 | Dynamic Loss: 1.740e-02 | Regularization Loss: 9.512e-12 | Val Loss: 2.983e-02 | Active Proj %: 0.00 | Time: 6.78s
2025-08-21 06:17:38,778:INFO:Epoch: 24250/40000 | Train Loss: 3.178e-02 | Dynamic Loss: 3.178e-02 | Regularization Loss: 9.466e-12 | Val Loss: 4.056e-02 | Active Proj %: 0.00 | Time: 6.79s
2025-08-21 06:17:45,651:INFO:Epoch: 24300/40000 | Train Loss: 2.326e-02 | Dynamic Loss: 2.326e-02 | Regularization Loss: 9.421e-12 | Val Loss: 3.004e-02 | Active Proj %: 0.00 | Time: 6.77s
2025-08-21 06:18:00,016:INFO:Epoch: 24350/40000 | Train Loss: 2.983e-02 | Dynamic Loss: 2.983e-02 | Regularization Loss: 9.376e-12 | Val Loss: 3.355e-02 | Active Proj %: 0.00 | Time: 14.26s
2025-08-21 06:18:06,937:INFO:Epoch: 24400/40000 | Train Loss: 2.258e-02 | Dynamic Loss: 2.258e-02 | Regularization Loss: 9.332e-12 | Val Loss: 3.353e-02 | Active Proj %: 0.00 | Time: 6.82s
2025-08-21 06:18:13,870:INFO:Epoch: 24450/40000 | Train Loss: 1.716e-02 | Dynamic Loss: 1.716e-02 | Regularization Loss: 9.287e-12 | Val Loss: 2.938e-02 | Active Proj %: 0.00 | Time: 6.83s
2025-08-21 06:18:20,775:INFO:Epoch: 24500/40000 | Train Loss: 2.008e-02 | Dynamic Loss: 2.008e-02 | Regularization Loss: 9.243e-12 | Val Loss: 2.974e-02 | Active Proj %: 0.00 | Time: 6.80s
2025-08-21 06:18:27,827:INFO:Epoch: 24550/40000 | Train Loss: 1.823e-02 | Dynamic Loss: 1.823e-02 | Regularization Loss: 9.199e-12 | Val Loss: 2.460e-02 | Active Proj %: 0.00 | Time: 6.82s
2025-08-21 06:18:27,827:INFO:New best model found at epoch 24550 with validation loss 2.460e-02. Saving...
2025-08-21 06:18:34,770:INFO:Epoch: 24600/40000 | Train Loss: 2.020e-02 | Dynamic Loss: 2.020e-02 | Regularization Loss: 9.155e-12 | Val Loss: 2.770e-02 | Active Proj %: 0.00 | Time: 6.82s
2025-08-21 06:18:41,669:INFO:Epoch: 24650/40000 | Train Loss: 3.219e-02 | Dynamic Loss: 3.219e-02 | Regularization Loss: 9.113e-12 | Val Loss: 4.115e-02 | Active Proj %: 0.00 | Time: 6.80s
2025-08-21 06:18:48,590:INFO:Epoch: 24700/40000 | Train Loss: 1.981e-02 | Dynamic Loss: 1.981e-02 | Regularization Loss: 9.071e-12 | Val Loss: 3.098e-02 | Active Proj %: 0.00 | Time: 6.82s
2025-08-21 06:18:55,631:INFO:Epoch: 24750/40000 | Train Loss: 2.230e-02 | Dynamic Loss: 2.230e-02 | Regularization Loss: 9.029e-12 | Val Loss: 3.167e-02 | Active Proj %: 0.00 | Time: 6.94s
2025-08-21 06:19:02,523:INFO:Epoch: 24800/40000 | Train Loss: 2.483e-02 | Dynamic Loss: 2.483e-02 | Regularization Loss: 8.988e-12 | Val Loss: 3.011e-02 | Active Proj %: 0.00 | Time: 6.79s
2025-08-21 06:19:09,627:INFO:Epoch: 24850/40000 | Train Loss: 1.547e-02 | Dynamic Loss: 1.547e-02 | Regularization Loss: 8.947e-12 | Val Loss: 2.476e-02 | Active Proj %: 0.00 | Time: 6.99s
2025-08-21 06:19:16,859:INFO:Epoch: 24900/40000 | Train Loss: 1.961e-02 | Dynamic Loss: 1.961e-02 | Regularization Loss: 8.906e-12 | Val Loss: 2.720e-02 | Active Proj %: 0.00 | Time: 7.13s
2025-08-21 06:19:24,625:INFO:Epoch: 24950/40000 | Train Loss: 2.050e-02 | Dynamic Loss: 2.050e-02 | Regularization Loss: 8.866e-12 | Val Loss: 3.410e-02 | Active Proj %: 0.00 | Time: 7.67s
2025-08-21 06:19:35,487:INFO:Epoch: 25000/40000 | Train Loss: 2.207e-02 | Dynamic Loss: 2.207e-02 | Regularization Loss: 8.825e-12 | Val Loss: 2.703e-02 | Active Proj %: 0.00 | Time: 10.76s
2025-08-21 06:19:42,452:INFO:Epoch: 25050/40000 | Train Loss: 2.597e-02 | Dynamic Loss: 2.597e-02 | Regularization Loss: 8.785e-12 | Val Loss: 3.444e-02 | Active Proj %: 0.00 | Time: 6.86s
2025-08-21 06:19:49,377:INFO:Epoch: 25100/40000 | Train Loss: 3.788e-02 | Dynamic Loss: 3.788e-02 | Regularization Loss: 8.745e-12 | Val Loss: 3.427e-02 | Active Proj %: 0.00 | Time: 6.82s
2025-08-21 06:19:56,401:INFO:Epoch: 25150/40000 | Train Loss: 2.058e-02 | Dynamic Loss: 2.058e-02 | Regularization Loss: 8.707e-12 | Val Loss: 2.711e-02 | Active Proj %: 0.00 | Time: 6.92s
2025-08-21 06:20:03,416:INFO:Epoch: 25200/40000 | Train Loss: 1.947e-02 | Dynamic Loss: 1.947e-02 | Regularization Loss: 8.669e-12 | Val Loss: 2.909e-02 | Active Proj %: 0.00 | Time: 6.91s
2025-08-21 06:20:14,408:INFO:Epoch: 25250/40000 | Train Loss: 2.781e-02 | Dynamic Loss: 2.781e-02 | Regularization Loss: 8.631e-12 | Val Loss: 3.733e-02 | Active Proj %: 0.00 | Time: 10.89s
2025-08-21 06:20:21,346:INFO:Epoch: 25300/40000 | Train Loss: 1.460e-02 | Dynamic Loss: 1.460e-02 | Regularization Loss: 8.593e-12 | Val Loss: 2.571e-02 | Active Proj %: 0.00 | Time: 6.83s
2025-08-21 06:20:28,280:INFO:Epoch: 25350/40000 | Train Loss: 1.740e-02 | Dynamic Loss: 1.740e-02 | Regularization Loss: 8.556e-12 | Val Loss: 2.705e-02 | Active Proj %: 0.00 | Time: 6.83s
2025-08-21 06:20:35,265:INFO:Epoch: 25400/40000 | Train Loss: 1.770e-02 | Dynamic Loss: 1.770e-02 | Regularization Loss: 8.518e-12 | Val Loss: 2.804e-02 | Active Proj %: 0.00 | Time: 6.88s
2025-08-21 06:20:42,583:INFO:Epoch: 25450/40000 | Train Loss: 1.818e-02 | Dynamic Loss: 1.818e-02 | Regularization Loss: 8.481e-12 | Val Loss: 3.632e-02 | Active Proj %: 0.00 | Time: 7.22s
2025-08-21 06:20:49,545:INFO:Epoch: 25500/40000 | Train Loss: 1.474e-02 | Dynamic Loss: 1.474e-02 | Regularization Loss: 8.444e-12 | Val Loss: 2.435e-02 | Active Proj %: 0.00 | Time: 6.85s
2025-08-21 06:20:49,545:INFO:New best model found at epoch 25500 with validation loss 2.435e-02. Saving...
2025-08-21 06:20:56,559:INFO:Epoch: 25550/40000 | Train Loss: 1.709e-02 | Dynamic Loss: 1.709e-02 | Regularization Loss: 8.407e-12 | Val Loss: 2.524e-02 | Active Proj %: 0.00 | Time: 6.88s
2025-08-21 06:21:03,529:INFO:Epoch: 25600/40000 | Train Loss: 1.689e-02 | Dynamic Loss: 1.689e-02 | Regularization Loss: 8.371e-12 | Val Loss: 3.333e-02 | Active Proj %: 0.00 | Time: 6.87s
2025-08-21 06:21:10,623:INFO:Epoch: 25650/40000 | Train Loss: 1.673e-02 | Dynamic Loss: 1.673e-02 | Regularization Loss: 8.336e-12 | Val Loss: 2.924e-02 | Active Proj %: 0.00 | Time: 6.99s
2025-08-21 06:21:17,590:INFO:Epoch: 25700/40000 | Train Loss: 1.306e-02 | Dynamic Loss: 1.306e-02 | Regularization Loss: 8.301e-12 | Val Loss: 2.339e-02 | Active Proj %: 0.00 | Time: 6.87s
2025-08-21 06:21:17,591:INFO:New best model found at epoch 25700 with validation loss 2.339e-02. Saving...
2025-08-21 06:21:24,541:INFO:Epoch: 25750/40000 | Train Loss: 2.197e-02 | Dynamic Loss: 2.197e-02 | Regularization Loss: 8.266e-12 | Val Loss: 2.642e-02 | Active Proj %: 0.00 | Time: 6.83s
2025-08-21 06:21:31,437:INFO:Epoch: 25800/40000 | Train Loss: 2.031e-02 | Dynamic Loss: 2.031e-02 | Regularization Loss: 8.231e-12 | Val Loss: 3.168e-02 | Active Proj %: 0.00 | Time: 6.79s
2025-08-21 06:21:44,023:INFO:Epoch: 25850/40000 | Train Loss: 1.727e-02 | Dynamic Loss: 1.727e-02 | Regularization Loss: 8.197e-12 | Val Loss: 2.434e-02 | Active Proj %: 0.00 | Time: 12.49s
2025-08-21 06:21:50,991:INFO:Epoch: 25900/40000 | Train Loss: 2.490e-02 | Dynamic Loss: 2.490e-02 | Regularization Loss: 8.163e-12 | Val Loss: 3.396e-02 | Active Proj %: 0.00 | Time: 6.86s
2025-08-21 06:21:57,964:INFO:Epoch: 25950/40000 | Train Loss: 1.811e-02 | Dynamic Loss: 1.811e-02 | Regularization Loss: 8.128e-12 | Val Loss: 2.751e-02 | Active Proj %: 0.00 | Time: 6.87s
2025-08-21 06:22:05,040:INFO:Epoch: 26000/40000 | Train Loss: 2.474e-02 | Dynamic Loss: 2.474e-02 | Regularization Loss: 8.094e-12 | Val Loss: 4.426e-02 | Active Proj %: 0.00 | Time: 6.97s
2025-08-21 06:22:12,068:INFO:Epoch: 26050/40000 | Train Loss: 1.313e-02 | Dynamic Loss: 1.313e-02 | Regularization Loss: 8.060e-12 | Val Loss: 2.357e-02 | Active Proj %: 0.00 | Time: 6.92s
2025-08-21 06:22:26,891:INFO:Epoch: 26100/40000 | Train Loss: 1.483e-02 | Dynamic Loss: 1.483e-02 | Regularization Loss: 8.027e-12 | Val Loss: 2.820e-02 | Active Proj %: 0.00 | Time: 14.72s
2025-08-21 06:22:33,858:INFO:Epoch: 26150/40000 | Train Loss: 1.637e-02 | Dynamic Loss: 1.637e-02 | Regularization Loss: 7.994e-12 | Val Loss: 2.708e-02 | Active Proj %: 0.00 | Time: 6.87s
2025-08-21 06:22:40,797:INFO:Epoch: 26200/40000 | Train Loss: 2.733e-02 | Dynamic Loss: 2.733e-02 | Regularization Loss: 7.962e-12 | Val Loss: 5.145e-02 | Active Proj %: 0.00 | Time: 6.84s
2025-08-21 06:22:47,743:INFO:Epoch: 26250/40000 | Train Loss: 1.673e-02 | Dynamic Loss: 1.673e-02 | Regularization Loss: 7.930e-12 | Val Loss: 2.839e-02 | Active Proj %: 0.00 | Time: 6.84s
2025-08-21 06:22:54,732:INFO:Epoch: 26300/40000 | Train Loss: 1.722e-02 | Dynamic Loss: 1.722e-02 | Regularization Loss: 7.898e-12 | Val Loss: 2.574e-02 | Active Proj %: 0.00 | Time: 6.89s
2025-08-21 06:23:09,753:INFO:Epoch: 26350/40000 | Train Loss: 2.048e-02 | Dynamic Loss: 2.048e-02 | Regularization Loss: 7.867e-12 | Val Loss: 3.327e-02 | Active Proj %: 0.00 | Time: 14.92s
2025-08-21 06:23:16,719:INFO:Epoch: 26400/40000 | Train Loss: 1.437e-02 | Dynamic Loss: 1.437e-02 | Regularization Loss: 7.835e-12 | Val Loss: 2.528e-02 | Active Proj %: 0.00 | Time: 6.86s
2025-08-21 06:23:23,679:INFO:Epoch: 26450/40000 | Train Loss: 1.314e-02 | Dynamic Loss: 1.314e-02 | Regularization Loss: 7.804e-12 | Val Loss: 2.472e-02 | Active Proj %: 0.00 | Time: 6.86s
2025-08-21 06:23:30,690:INFO:Epoch: 26500/40000 | Train Loss: 1.510e-02 | Dynamic Loss: 1.510e-02 | Regularization Loss: 7.773e-12 | Val Loss: 2.869e-02 | Active Proj %: 0.00 | Time: 6.91s
2025-08-21 06:23:38,576:INFO:Epoch: 26550/40000 | Train Loss: 1.467e-02 | Dynamic Loss: 1.467e-02 | Regularization Loss: 7.742e-12 | Val Loss: 2.602e-02 | Active Proj %: 0.00 | Time: 7.78s
2025-08-21 06:23:45,482:INFO:Epoch: 26600/40000 | Train Loss: 2.388e-02 | Dynamic Loss: 2.388e-02 | Regularization Loss: 7.711e-12 | Val Loss: 2.845e-02 | Active Proj %: 0.00 | Time: 6.81s
2025-08-21 06:23:52,480:INFO:Epoch: 26650/40000 | Train Loss: 2.109e-02 | Dynamic Loss: 2.109e-02 | Regularization Loss: 7.680e-12 | Val Loss: 3.119e-02 | Active Proj %: 0.00 | Time: 6.90s
2025-08-21 06:23:59,454:INFO:Epoch: 26700/40000 | Train Loss: 2.233e-02 | Dynamic Loss: 2.233e-02 | Regularization Loss: 7.649e-12 | Val Loss: 3.932e-02 | Active Proj %: 0.00 | Time: 6.87s
2025-08-21 06:24:06,549:INFO:Epoch: 26750/40000 | Train Loss: 1.326e-02 | Dynamic Loss: 1.326e-02 | Regularization Loss: 7.620e-12 | Val Loss: 2.396e-02 | Active Proj %: 0.00 | Time: 6.99s
2025-08-21 06:24:13,521:INFO:Epoch: 26800/40000 | Train Loss: 2.862e-02 | Dynamic Loss: 2.862e-02 | Regularization Loss: 7.591e-12 | Val Loss: 3.725e-02 | Active Proj %: 0.00 | Time: 6.87s
2025-08-21 06:24:20,523:INFO:Epoch: 26850/40000 | Train Loss: 1.462e-02 | Dynamic Loss: 1.462e-02 | Regularization Loss: 7.562e-12 | Val Loss: 2.617e-02 | Active Proj %: 0.00 | Time: 6.90s
2025-08-21 06:24:27,549:INFO:Epoch: 26900/40000 | Train Loss: 1.259e-02 | Dynamic Loss: 1.259e-02 | Regularization Loss: 7.533e-12 | Val Loss: 2.303e-02 | Active Proj %: 0.00 | Time: 6.92s
2025-08-21 06:24:27,549:INFO:New best model found at epoch 26900 with validation loss 2.303e-02. Saving...
2025-08-21 06:24:38,928:INFO:Epoch: 26950/40000 | Train Loss: 2.678e-02 | Dynamic Loss: 2.678e-02 | Regularization Loss: 7.504e-12 | Val Loss: 4.966e-02 | Active Proj %: 0.00 | Time: 11.25s
2025-08-21 06:24:45,927:INFO:Epoch: 27000/40000 | Train Loss: 2.914e-02 | Dynamic Loss: 2.914e-02 | Regularization Loss: 7.476e-12 | Val Loss: 4.532e-02 | Active Proj %: 0.00 | Time: 6.90s
2025-08-21 06:24:52,873:INFO:Epoch: 27050/40000 | Train Loss: 1.310e-02 | Dynamic Loss: 1.310e-02 | Regularization Loss: 7.447e-12 | Val Loss: 2.311e-02 | Active Proj %: 0.00 | Time: 6.84s
2025-08-21 06:24:59,777:INFO:Epoch: 27100/40000 | Train Loss: 1.425e-02 | Dynamic Loss: 1.425e-02 | Regularization Loss: 7.419e-12 | Val Loss: 2.223e-02 | Active Proj %: 0.00 | Time: 6.80s
2025-08-21 06:24:59,777:INFO:New best model found at epoch 27100 with validation loss 2.223e-02. Saving...
2025-08-21 06:25:12,536:INFO:Epoch: 27150/40000 | Train Loss: 1.611e-02 | Dynamic Loss: 1.611e-02 | Regularization Loss: 7.391e-12 | Val Loss: 2.601e-02 | Active Proj %: 0.00 | Time: 12.64s
2025-08-21 06:25:19,487:INFO:Epoch: 27200/40000 | Train Loss: 1.507e-02 | Dynamic Loss: 1.507e-02 | Regularization Loss: 7.363e-12 | Val Loss: 2.809e-02 | Active Proj %: 0.00 | Time: 6.85s
2025-08-21 06:25:26,537:INFO:Epoch: 27250/40000 | Train Loss: 2.459e-02 | Dynamic Loss: 2.459e-02 | Regularization Loss: 7.335e-12 | Val Loss: 3.289e-02 | Active Proj %: 0.00 | Time: 6.95s
2025-08-21 06:25:33,702:INFO:Epoch: 27300/40000 | Train Loss: 3.619e-02 | Dynamic Loss: 3.619e-02 | Regularization Loss: 7.307e-12 | Val Loss: 5.156e-02 | Active Proj %: 0.00 | Time: 7.06s
2025-08-21 06:25:40,675:INFO:Epoch: 27350/40000 | Train Loss: 1.859e-02 | Dynamic Loss: 1.859e-02 | Regularization Loss: 7.279e-12 | Val Loss: 3.227e-02 | Active Proj %: 0.00 | Time: 6.87s
2025-08-21 06:25:47,664:INFO:Epoch: 27400/40000 | Train Loss: 1.657e-02 | Dynamic Loss: 1.657e-02 | Regularization Loss: 7.252e-12 | Val Loss: 2.941e-02 | Active Proj %: 0.00 | Time: 6.89s
2025-08-21 06:25:54,684:INFO:Epoch: 27450/40000 | Train Loss: 1.572e-02 | Dynamic Loss: 1.572e-02 | Regularization Loss: 7.226e-12 | Val Loss: 2.322e-02 | Active Proj %: 0.00 | Time: 6.92s
2025-08-21 06:26:01,684:INFO:Epoch: 27500/40000 | Train Loss: 2.732e-02 | Dynamic Loss: 2.732e-02 | Regularization Loss: 7.200e-12 | Val Loss: 2.766e-02 | Active Proj %: 0.00 | Time: 6.90s
2025-08-21 06:26:16,581:INFO:Epoch: 27550/40000 | Train Loss: 2.396e-02 | Dynamic Loss: 2.396e-02 | Regularization Loss: 7.174e-12 | Val Loss: 3.496e-02 | Active Proj %: 0.00 | Time: 14.80s
2025-08-21 06:26:23,673:INFO:Epoch: 27600/40000 | Train Loss: 1.943e-02 | Dynamic Loss: 1.943e-02 | Regularization Loss: 7.148e-12 | Val Loss: 2.698e-02 | Active Proj %: 0.00 | Time: 6.99s
2025-08-21 06:26:30,671:INFO:Epoch: 27650/40000 | Train Loss: 4.685e-02 | Dynamic Loss: 4.685e-02 | Regularization Loss: 7.122e-12 | Val Loss: 5.251e-02 | Active Proj %: 0.00 | Time: 6.90s
2025-08-21 06:26:37,721:INFO:Epoch: 27700/40000 | Train Loss: 2.955e-02 | Dynamic Loss: 2.955e-02 | Regularization Loss: 7.096e-12 | Val Loss: 3.374e-02 | Active Proj %: 0.00 | Time: 6.95s
2025-08-21 06:26:44,809:INFO:Epoch: 27750/40000 | Train Loss: 1.680e-02 | Dynamic Loss: 1.680e-02 | Regularization Loss: 7.070e-12 | Val Loss: 3.734e-02 | Active Proj %: 0.00 | Time: 6.99s
2025-08-21 06:26:51,807:INFO:Epoch: 27800/40000 | Train Loss: 1.826e-02 | Dynamic Loss: 1.826e-02 | Regularization Loss: 7.045e-12 | Val Loss: 2.585e-02 | Active Proj %: 0.00 | Time: 6.90s
2025-08-21 06:26:58,810:INFO:Epoch: 27850/40000 | Train Loss: 1.863e-02 | Dynamic Loss: 1.863e-02 | Regularization Loss: 7.019e-12 | Val Loss: 2.870e-02 | Active Proj %: 0.00 | Time: 6.90s
2025-08-21 06:27:05,799:INFO:Epoch: 27900/40000 | Train Loss: 1.683e-02 | Dynamic Loss: 1.683e-02 | Regularization Loss: 6.994e-12 | Val Loss: 2.896e-02 | Active Proj %: 0.00 | Time: 6.89s
2025-08-21 06:27:12,770:INFO:Epoch: 27950/40000 | Train Loss: 1.858e-02 | Dynamic Loss: 1.858e-02 | Regularization Loss: 6.969e-12 | Val Loss: 2.709e-02 | Active Proj %: 0.00 | Time: 6.87s
2025-08-21 06:27:26,670:INFO:Epoch: 28000/40000 | Train Loss: 1.797e-02 | Dynamic Loss: 1.797e-02 | Regularization Loss: 6.943e-12 | Val Loss: 2.557e-02 | Active Proj %: 0.00 | Time: 13.80s
2025-08-21 06:27:33,691:INFO:Epoch: 28050/40000 | Train Loss: 1.618e-02 | Dynamic Loss: 1.618e-02 | Regularization Loss: 6.918e-12 | Val Loss: 3.080e-02 | Active Proj %: 0.00 | Time: 6.92s
2025-08-21 06:27:40,677:INFO:Epoch: 28100/40000 | Train Loss: 1.708e-02 | Dynamic Loss: 1.708e-02 | Regularization Loss: 6.893e-12 | Val Loss: 2.855e-02 | Active Proj %: 0.00 | Time: 6.89s
2025-08-21 06:27:48,011:INFO:Epoch: 28150/40000 | Train Loss: 2.300e-02 | Dynamic Loss: 2.300e-02 | Regularization Loss: 6.870e-12 | Val Loss: 2.960e-02 | Active Proj %: 0.00 | Time: 7.23s
2025-08-21 06:27:55,025:INFO:Epoch: 28200/40000 | Train Loss: 1.728e-02 | Dynamic Loss: 1.728e-02 | Regularization Loss: 6.846e-12 | Val Loss: 2.289e-02 | Active Proj %: 0.00 | Time: 6.91s
2025-08-21 06:28:09,758:INFO:Epoch: 28250/40000 | Train Loss: 1.376e-02 | Dynamic Loss: 1.376e-02 | Regularization Loss: 6.823e-12 | Val Loss: 2.403e-02 | Active Proj %: 0.00 | Time: 14.63s
2025-08-21 06:28:16,783:INFO:Epoch: 28300/40000 | Train Loss: 1.479e-02 | Dynamic Loss: 1.479e-02 | Regularization Loss: 6.799e-12 | Val Loss: 2.379e-02 | Active Proj %: 0.00 | Time: 6.92s
2025-08-21 06:28:23,735:INFO:Epoch: 28350/40000 | Train Loss: 1.191e-02 | Dynamic Loss: 1.191e-02 | Regularization Loss: 6.776e-12 | Val Loss: 2.208e-02 | Active Proj %: 0.00 | Time: 6.85s
2025-08-21 06:28:23,735:INFO:New best model found at epoch 28350 with validation loss 2.208e-02. Saving...
2025-08-21 06:28:30,725:INFO:Epoch: 28400/40000 | Train Loss: 1.159e-02 | Dynamic Loss: 1.159e-02 | Regularization Loss: 6.753e-12 | Val Loss: 2.266e-02 | Active Proj %: 0.00 | Time: 6.87s
2025-08-21 06:28:37,690:INFO:Epoch: 28450/40000 | Train Loss: 1.869e-02 | Dynamic Loss: 1.869e-02 | Regularization Loss: 6.730e-12 | Val Loss: 2.742e-02 | Active Proj %: 0.00 | Time: 6.86s
2025-08-21 06:28:51,882:INFO:Epoch: 28500/40000 | Train Loss: 1.669e-02 | Dynamic Loss: 1.669e-02 | Regularization Loss: 6.707e-12 | Val Loss: 2.267e-02 | Active Proj %: 0.00 | Time: 14.09s
2025-08-21 06:28:58,876:INFO:Epoch: 28550/40000 | Train Loss: 1.207e-02 | Dynamic Loss: 1.207e-02 | Regularization Loss: 6.684e-12 | Val Loss: 2.117e-02 | Active Proj %: 0.00 | Time: 6.89s
2025-08-21 06:28:58,876:INFO:New best model found at epoch 28550 with validation loss 2.117e-02. Saving...
2025-08-21 06:29:05,911:INFO:Epoch: 28600/40000 | Train Loss: 1.630e-02 | Dynamic Loss: 1.630e-02 | Regularization Loss: 6.661e-12 | Val Loss: 2.774e-02 | Active Proj %: 0.00 | Time: 6.90s
2025-08-21 06:29:12,889:INFO:Epoch: 28650/40000 | Train Loss: 1.369e-02 | Dynamic Loss: 1.369e-02 | Regularization Loss: 6.638e-12 | Val Loss: 2.469e-02 | Active Proj %: 0.00 | Time: 6.87s
2025-08-21 06:29:26,321:INFO:Epoch: 28700/40000 | Train Loss: 1.594e-02 | Dynamic Loss: 1.594e-02 | Regularization Loss: 6.615e-12 | Val Loss: 2.277e-02 | Active Proj %: 0.00 | Time: 13.33s
2025-08-21 06:29:33,262:INFO:Epoch: 28750/40000 | Train Loss: 1.319e-02 | Dynamic Loss: 1.319e-02 | Regularization Loss: 6.592e-12 | Val Loss: 2.351e-02 | Active Proj %: 0.00 | Time: 6.84s
2025-08-21 06:29:40,244:INFO:Epoch: 28800/40000 | Train Loss: 1.173e-02 | Dynamic Loss: 1.173e-02 | Regularization Loss: 6.570e-12 | Val Loss: 2.188e-02 | Active Proj %: 0.00 | Time: 6.88s
2025-08-21 06:29:47,172:INFO:Epoch: 28850/40000 | Train Loss: 2.226e-02 | Dynamic Loss: 2.226e-02 | Regularization Loss: 6.547e-12 | Val Loss: 4.186e-02 | Active Proj %: 0.00 | Time: 6.82s
2025-08-21 06:29:59,094:INFO:Epoch: 28900/40000 | Train Loss: 2.016e-02 | Dynamic Loss: 2.016e-02 | Regularization Loss: 6.525e-12 | Val Loss: 2.924e-02 | Active Proj %: 0.00 | Time: 11.81s
2025-08-21 06:30:06,070:INFO:Epoch: 28950/40000 | Train Loss: 1.877e-02 | Dynamic Loss: 1.877e-02 | Regularization Loss: 6.504e-12 | Val Loss: 2.916e-02 | Active Proj %: 0.00 | Time: 6.87s
2025-08-21 06:30:13,041:INFO:Epoch: 29000/40000 | Train Loss: 4.335e-02 | Dynamic Loss: 4.335e-02 | Regularization Loss: 6.482e-12 | Val Loss: 3.565e-02 | Active Proj %: 0.00 | Time: 6.87s
2025-08-21 06:30:20,073:INFO:Epoch: 29050/40000 | Train Loss: 1.110e-02 | Dynamic Loss: 1.110e-02 | Regularization Loss: 6.461e-12 | Val Loss: 2.237e-02 | Active Proj %: 0.00 | Time: 6.93s
2025-08-21 06:30:32,503:INFO:Epoch: 29100/40000 | Train Loss: 1.565e-02 | Dynamic Loss: 1.565e-02 | Regularization Loss: 6.441e-12 | Val Loss: 2.157e-02 | Active Proj %: 0.00 | Time: 12.33s
2025-08-21 06:30:39,438:INFO:Epoch: 29150/40000 | Train Loss: 1.219e-02 | Dynamic Loss: 1.219e-02 | Regularization Loss: 6.420e-12 | Val Loss: 2.235e-02 | Active Proj %: 0.00 | Time: 6.83s
2025-08-21 06:30:46,488:INFO:Epoch: 29200/40000 | Train Loss: 1.471e-02 | Dynamic Loss: 1.471e-02 | Regularization Loss: 6.399e-12 | Val Loss: 2.539e-02 | Active Proj %: 0.00 | Time: 6.94s
2025-08-21 06:30:53,527:INFO:Epoch: 29250/40000 | Train Loss: 1.354e-02 | Dynamic Loss: 1.354e-02 | Regularization Loss: 6.378e-12 | Val Loss: 2.129e-02 | Active Proj %: 0.00 | Time: 6.93s
2025-08-21 06:31:00,674:INFO:Epoch: 29300/40000 | Train Loss: 1.659e-02 | Dynamic Loss: 1.659e-02 | Regularization Loss: 6.358e-12 | Val Loss: 2.420e-02 | Active Proj %: 0.00 | Time: 7.04s
2025-08-21 06:31:07,660:INFO:Epoch: 29350/40000 | Train Loss: 1.421e-02 | Dynamic Loss: 1.421e-02 | Regularization Loss: 6.337e-12 | Val Loss: 2.406e-02 | Active Proj %: 0.00 | Time: 6.88s
2025-08-21 06:31:14,695:INFO:Epoch: 29400/40000 | Train Loss: 1.501e-02 | Dynamic Loss: 1.501e-02 | Regularization Loss: 6.316e-12 | Val Loss: 2.346e-02 | Active Proj %: 0.00 | Time: 6.93s
2025-08-21 06:31:21,667:INFO:Epoch: 29450/40000 | Train Loss: 1.618e-02 | Dynamic Loss: 1.618e-02 | Regularization Loss: 6.296e-12 | Val Loss: 3.069e-02 | Active Proj %: 0.00 | Time: 6.87s
2025-08-21 06:31:28,805:INFO:Epoch: 29500/40000 | Train Loss: 2.420e-02 | Dynamic Loss: 2.420e-02 | Regularization Loss: 6.276e-12 | Val Loss: 2.594e-02 | Active Proj %: 0.00 | Time: 6.86s
2025-08-21 06:31:35,802:INFO:Epoch: 29550/40000 | Train Loss: 1.606e-02 | Dynamic Loss: 1.606e-02 | Regularization Loss: 6.255e-12 | Val Loss: 2.310e-02 | Active Proj %: 0.00 | Time: 6.89s
2025-08-21 06:31:42,787:INFO:Epoch: 29600/40000 | Train Loss: 1.190e-02 | Dynamic Loss: 1.190e-02 | Regularization Loss: 6.235e-12 | Val Loss: 2.166e-02 | Active Proj %: 0.00 | Time: 6.88s
2025-08-21 06:31:49,840:INFO:Epoch: 29650/40000 | Train Loss: 1.643e-02 | Dynamic Loss: 1.643e-02 | Regularization Loss: 6.215e-12 | Val Loss: 2.976e-02 | Active Proj %: 0.00 | Time: 6.95s
2025-08-21 06:31:59,903:INFO:Epoch: 29700/40000 | Train Loss: 1.207e-02 | Dynamic Loss: 1.207e-02 | Regularization Loss: 6.195e-12 | Val Loss: 2.084e-02 | Active Proj %: 0.00 | Time: 9.96s
2025-08-21 06:31:59,903:INFO:New best model found at epoch 29700 with validation loss 2.084e-02. Saving...
2025-08-21 06:32:06,935:INFO:Epoch: 29750/40000 | Train Loss: 1.307e-02 | Dynamic Loss: 1.307e-02 | Regularization Loss: 6.175e-12 | Val Loss: 2.795e-02 | Active Proj %: 0.00 | Time: 6.90s
2025-08-21 06:32:13,982:INFO:Epoch: 29800/40000 | Train Loss: 1.319e-02 | Dynamic Loss: 1.319e-02 | Regularization Loss: 6.155e-12 | Val Loss: 2.551e-02 | Active Proj %: 0.00 | Time: 6.94s
2025-08-21 06:32:21,041:INFO:Epoch: 29850/40000 | Train Loss: 2.093e-02 | Dynamic Loss: 2.093e-02 | Regularization Loss: 6.136e-12 | Val Loss: 2.536e-02 | Active Proj %: 0.00 | Time: 6.96s
2025-08-21 06:32:28,295:INFO:Epoch: 29900/40000 | Train Loss: 1.527e-02 | Dynamic Loss: 1.527e-02 | Regularization Loss: 6.117e-12 | Val Loss: 2.449e-02 | Active Proj %: 0.00 | Time: 7.15s
2025-08-21 06:32:35,293:INFO:Epoch: 29950/40000 | Train Loss: 1.658e-02 | Dynamic Loss: 1.658e-02 | Regularization Loss: 6.098e-12 | Val Loss: 2.315e-02 | Active Proj %: 0.00 | Time: 6.90s
2025-08-21 06:32:42,294:INFO:Epoch: 30000/40000 | Train Loss: 1.369e-02 | Dynamic Loss: 1.369e-02 | Regularization Loss: 6.080e-12 | Val Loss: 2.304e-02 | Active Proj %: 0.00 | Time: 6.89s
2025-08-21 06:32:49,282:INFO:Epoch: 30050/40000 | Train Loss: 1.609e-02 | Dynamic Loss: 1.609e-02 | Regularization Loss: 6.061e-12 | Val Loss: 2.209e-02 | Active Proj %: 0.00 | Time: 6.88s
2025-08-21 06:32:56,279:INFO:Epoch: 30100/40000 | Train Loss: 1.824e-02 | Dynamic Loss: 1.824e-02 | Regularization Loss: 6.043e-12 | Val Loss: 2.114e-02 | Active Proj %: 0.00 | Time: 6.89s
2025-08-21 06:33:07,046:INFO:Epoch: 30150/40000 | Train Loss: 1.094e-02 | Dynamic Loss: 1.094e-02 | Regularization Loss: 6.024e-12 | Val Loss: 2.242e-02 | Active Proj %: 0.00 | Time: 10.66s
2025-08-21 06:33:14,093:INFO:Epoch: 30200/40000 | Train Loss: 1.793e-02 | Dynamic Loss: 1.793e-02 | Regularization Loss: 6.006e-12 | Val Loss: 2.434e-02 | Active Proj %: 0.00 | Time: 6.94s
2025-08-21 06:33:21,151:INFO:Epoch: 30250/40000 | Train Loss: 1.440e-02 | Dynamic Loss: 1.440e-02 | Regularization Loss: 5.988e-12 | Val Loss: 2.649e-02 | Active Proj %: 0.00 | Time: 6.95s
2025-08-21 06:33:28,124:INFO:Epoch: 30300/40000 | Train Loss: 2.524e-02 | Dynamic Loss: 2.524e-02 | Regularization Loss: 5.969e-12 | Val Loss: 3.788e-02 | Active Proj %: 0.00 | Time: 6.87s
2025-08-21 06:33:35,086:INFO:Epoch: 30350/40000 | Train Loss: 1.993e-02 | Dynamic Loss: 1.993e-02 | Regularization Loss: 5.951e-12 | Val Loss: 2.590e-02 | Active Proj %: 0.00 | Time: 6.86s
2025-08-21 06:33:47,532:INFO:Epoch: 30400/40000 | Train Loss: 2.243e-02 | Dynamic Loss: 2.243e-02 | Regularization Loss: 5.933e-12 | Val Loss: 4.301e-02 | Active Proj %: 0.00 | Time: 12.34s
2025-08-21 06:33:54,557:INFO:Epoch: 30450/40000 | Train Loss: 1.970e-02 | Dynamic Loss: 1.970e-02 | Regularization Loss: 5.915e-12 | Val Loss: 2.809e-02 | Active Proj %: 0.00 | Time: 6.92s
2025-08-21 06:34:01,587:INFO:Epoch: 30500/40000 | Train Loss: 9.764e-03 | Dynamic Loss: 9.764e-03 | Regularization Loss: 5.897e-12 | Val Loss: 2.112e-02 | Active Proj %: 0.00 | Time: 6.92s
2025-08-21 06:34:08,586:INFO:Epoch: 30550/40000 | Train Loss: 1.858e-02 | Dynamic Loss: 1.858e-02 | Regularization Loss: 5.879e-12 | Val Loss: 2.239e-02 | Active Proj %: 0.00 | Time: 6.89s
2025-08-21 06:34:15,680:INFO:Epoch: 30600/40000 | Train Loss: 1.391e-02 | Dynamic Loss: 1.391e-02 | Regularization Loss: 5.861e-12 | Val Loss: 2.293e-02 | Active Proj %: 0.00 | Time: 6.99s
2025-08-21 06:34:22,678:INFO:Epoch: 30650/40000 | Train Loss: 1.858e-02 | Dynamic Loss: 1.858e-02 | Regularization Loss: 5.843e-12 | Val Loss: 3.504e-02 | Active Proj %: 0.00 | Time: 6.89s
2025-08-21 06:34:29,627:INFO:Epoch: 30700/40000 | Train Loss: 1.585e-02 | Dynamic Loss: 1.585e-02 | Regularization Loss: 5.825e-12 | Val Loss: 2.762e-02 | Active Proj %: 0.00 | Time: 6.84s
2025-08-21 06:34:36,557:INFO:Epoch: 30750/40000 | Train Loss: 1.184e-02 | Dynamic Loss: 1.184e-02 | Regularization Loss: 5.808e-12 | Val Loss: 2.101e-02 | Active Proj %: 0.00 | Time: 6.82s
2025-08-21 06:34:43,611:INFO:Epoch: 30800/40000 | Train Loss: 1.423e-02 | Dynamic Loss: 1.423e-02 | Regularization Loss: 5.790e-12 | Val Loss: 2.361e-02 | Active Proj %: 0.00 | Time: 6.81s
2025-08-21 06:34:50,574:INFO:Epoch: 30850/40000 | Train Loss: 1.214e-02 | Dynamic Loss: 1.214e-02 | Regularization Loss: 5.773e-12 | Val Loss: 2.412e-02 | Active Proj %: 0.00 | Time: 6.86s
2025-08-21 06:34:57,558:INFO:Epoch: 30900/40000 | Train Loss: 1.348e-02 | Dynamic Loss: 1.348e-02 | Regularization Loss: 5.756e-12 | Val Loss: 2.449e-02 | Active Proj %: 0.00 | Time: 6.88s
2025-08-21 06:35:04,633:INFO:Epoch: 30950/40000 | Train Loss: 1.183e-02 | Dynamic Loss: 1.183e-02 | Regularization Loss: 5.740e-12 | Val Loss: 2.396e-02 | Active Proj %: 0.00 | Time: 6.97s
2025-08-21 06:35:14,672:INFO:Epoch: 31000/40000 | Train Loss: 1.251e-02 | Dynamic Loss: 1.251e-02 | Regularization Loss: 5.723e-12 | Val Loss: 2.355e-02 | Active Proj %: 0.00 | Time: 9.93s
2025-08-21 06:35:21,696:INFO:Epoch: 31050/40000 | Train Loss: 1.153e-02 | Dynamic Loss: 1.153e-02 | Regularization Loss: 5.707e-12 | Val Loss: 2.143e-02 | Active Proj %: 0.00 | Time: 6.92s
2025-08-21 06:35:28,734:INFO:Epoch: 31100/40000 | Train Loss: 1.493e-02 | Dynamic Loss: 1.493e-02 | Regularization Loss: 5.691e-12 | Val Loss: 2.440e-02 | Active Proj %: 0.00 | Time: 6.93s
2025-08-21 06:35:35,800:INFO:Epoch: 31150/40000 | Train Loss: 1.195e-02 | Dynamic Loss: 1.195e-02 | Regularization Loss: 5.674e-12 | Val Loss: 2.157e-02 | Active Proj %: 0.00 | Time: 6.96s
2025-08-21 06:35:42,815:INFO:Epoch: 31200/40000 | Train Loss: 1.241e-02 | Dynamic Loss: 1.241e-02 | Regularization Loss: 5.658e-12 | Val Loss: 2.234e-02 | Active Proj %: 0.00 | Time: 6.91s
2025-08-21 06:35:55,171:INFO:Epoch: 31250/40000 | Train Loss: 1.821e-02 | Dynamic Loss: 1.821e-02 | Regularization Loss: 5.642e-12 | Val Loss: 2.946e-02 | Active Proj %: 0.00 | Time: 12.25s
2025-08-21 06:36:02,211:INFO:Epoch: 31300/40000 | Train Loss: 1.052e-02 | Dynamic Loss: 1.052e-02 | Regularization Loss: 5.626e-12 | Val Loss: 1.883e-02 | Active Proj %: 0.00 | Time: 6.94s
2025-08-21 06:36:02,211:INFO:New best model found at epoch 31300 with validation loss 1.883e-02. Saving...
2025-08-21 06:36:09,214:INFO:Epoch: 31350/40000 | Train Loss: 9.429e-03 | Dynamic Loss: 9.429e-03 | Regularization Loss: 5.610e-12 | Val Loss: 1.877e-02 | Active Proj %: 0.00 | Time: 6.88s
2025-08-21 06:36:09,214:INFO:New best model found at epoch 31350 with validation loss 1.877e-02. Saving...
2025-08-21 06:36:16,257:INFO:Epoch: 31400/40000 | Train Loss: 1.137e-02 | Dynamic Loss: 1.137e-02 | Regularization Loss: 5.594e-12 | Val Loss: 2.315e-02 | Active Proj %: 0.00 | Time: 6.91s
2025-08-21 06:36:23,244:INFO:Epoch: 31450/40000 | Train Loss: 1.539e-02 | Dynamic Loss: 1.539e-02 | Regularization Loss: 5.578e-12 | Val Loss: 2.083e-02 | Active Proj %: 0.00 | Time: 6.88s
2025-08-21 06:36:37,049:INFO:Epoch: 31500/40000 | Train Loss: 1.548e-02 | Dynamic Loss: 1.548e-02 | Regularization Loss: 5.562e-12 | Val Loss: 2.572e-02 | Active Proj %: 0.00 | Time: 13.70s
2025-08-21 06:36:44,037:INFO:Epoch: 31550/40000 | Train Loss: 1.105e-02 | Dynamic Loss: 1.105e-02 | Regularization Loss: 5.546e-12 | Val Loss: 1.967e-02 | Active Proj %: 0.00 | Time: 6.88s
2025-08-21 06:36:51,023:INFO:Epoch: 31600/40000 | Train Loss: 1.284e-02 | Dynamic Loss: 1.284e-02 | Regularization Loss: 5.530e-12 | Val Loss: 2.462e-02 | Active Proj %: 0.00 | Time: 6.88s
2025-08-21 06:36:58,044:INFO:Epoch: 31650/40000 | Train Loss: 9.928e-03 | Dynamic Loss: 9.928e-03 | Regularization Loss: 5.514e-12 | Val Loss: 1.779e-02 | Active Proj %: 0.00 | Time: 6.92s
2025-08-21 06:36:58,045:INFO:New best model found at epoch 31650 with validation loss 1.779e-02. Saving...
2025-08-21 06:37:06,016:INFO:Epoch: 31700/40000 | Train Loss: 1.949e-02 | Dynamic Loss: 1.949e-02 | Regularization Loss: 5.499e-12 | Val Loss: 3.124e-02 | Active Proj %: 0.00 | Time: 7.85s
2025-08-21 06:37:12,965:INFO:Epoch: 31750/40000 | Train Loss: 1.465e-02 | Dynamic Loss: 1.465e-02 | Regularization Loss: 5.483e-12 | Val Loss: 3.009e-02 | Active Proj %: 0.00 | Time: 6.84s
2025-08-21 06:37:19,936:INFO:Epoch: 31800/40000 | Train Loss: 1.194e-02 | Dynamic Loss: 1.194e-02 | Regularization Loss: 5.467e-12 | Val Loss: 2.257e-02 | Active Proj %: 0.00 | Time: 6.87s
2025-08-21 06:37:26,895:INFO:Epoch: 31850/40000 | Train Loss: 1.130e-02 | Dynamic Loss: 1.130e-02 | Regularization Loss: 5.452e-12 | Val Loss: 2.117e-02 | Active Proj %: 0.00 | Time: 6.85s
2025-08-21 06:37:41,704:INFO:Epoch: 31900/40000 | Train Loss: 1.351e-02 | Dynamic Loss: 1.351e-02 | Regularization Loss: 5.436e-12 | Val Loss: 2.438e-02 | Active Proj %: 0.00 | Time: 14.70s
2025-08-21 06:37:48,681:INFO:Epoch: 31950/40000 | Train Loss: 1.067e-02 | Dynamic Loss: 1.067e-02 | Regularization Loss: 5.420e-12 | Val Loss: 2.101e-02 | Active Proj %: 0.00 | Time: 6.87s
2025-08-21 06:37:55,661:INFO:Epoch: 32000/40000 | Train Loss: 1.527e-02 | Dynamic Loss: 1.527e-02 | Regularization Loss: 5.405e-12 | Val Loss: 2.326e-02 | Active Proj %: 0.00 | Time: 6.87s
2025-08-21 06:38:02,709:INFO:Epoch: 32050/40000 | Train Loss: 9.464e-03 | Dynamic Loss: 9.464e-03 | Regularization Loss: 5.390e-12 | Val Loss: 1.888e-02 | Active Proj %: 0.00 | Time: 6.94s
2025-08-21 06:38:12,514:INFO:Epoch: 32100/40000 | Train Loss: 1.357e-02 | Dynamic Loss: 1.357e-02 | Regularization Loss: 5.376e-12 | Val Loss: 2.483e-02 | Active Proj %: 0.00 | Time: 9.70s
2025-08-21 06:38:19,510:INFO:Epoch: 32150/40000 | Train Loss: 1.101e-02 | Dynamic Loss: 1.101e-02 | Regularization Loss: 5.362e-12 | Val Loss: 2.273e-02 | Active Proj %: 0.00 | Time: 6.89s
2025-08-21 06:38:26,474:INFO:Epoch: 32200/40000 | Train Loss: 1.036e-02 | Dynamic Loss: 1.036e-02 | Regularization Loss: 5.347e-12 | Val Loss: 2.018e-02 | Active Proj %: 0.00 | Time: 6.86s
2025-08-21 06:38:33,501:INFO:Epoch: 32250/40000 | Train Loss: 4.057e-02 | Dynamic Loss: 4.057e-02 | Regularization Loss: 5.333e-12 | Val Loss: 4.948e-02 | Active Proj %: 0.00 | Time: 6.92s
2025-08-21 06:38:40,473:INFO:Epoch: 32300/40000 | Train Loss: 1.516e-02 | Dynamic Loss: 1.516e-02 | Regularization Loss: 5.319e-12 | Val Loss: 2.311e-02 | Active Proj %: 0.00 | Time: 6.87s
2025-08-21 06:38:55,515:INFO:Epoch: 32350/40000 | Train Loss: 1.378e-02 | Dynamic Loss: 1.378e-02 | Regularization Loss: 5.305e-12 | Val Loss: 2.407e-02 | Active Proj %: 0.00 | Time: 14.94s
2025-08-21 06:39:02,542:INFO:Epoch: 32400/40000 | Train Loss: 1.152e-02 | Dynamic Loss: 1.152e-02 | Regularization Loss: 5.291e-12 | Val Loss: 2.092e-02 | Active Proj %: 0.00 | Time: 6.92s
2025-08-21 06:39:09,496:INFO:Epoch: 32450/40000 | Train Loss: 2.194e-02 | Dynamic Loss: 2.194e-02 | Regularization Loss: 5.276e-12 | Val Loss: 4.123e-02 | Active Proj %: 0.00 | Time: 6.85s
2025-08-21 06:39:16,430:INFO:Epoch: 32500/40000 | Train Loss: 1.282e-02 | Dynamic Loss: 1.282e-02 | Regularization Loss: 5.262e-12 | Val Loss: 2.223e-02 | Active Proj %: 0.00 | Time: 6.83s
2025-08-21 06:39:31,456:INFO:Epoch: 32550/40000 | Train Loss: 9.982e-03 | Dynamic Loss: 9.982e-03 | Regularization Loss: 5.248e-12 | Val Loss: 2.058e-02 | Active Proj %: 0.00 | Time: 14.92s
2025-08-21 06:39:38,478:INFO:Epoch: 32600/40000 | Train Loss: 1.190e-02 | Dynamic Loss: 1.190e-02 | Regularization Loss: 5.234e-12 | Val Loss: 2.203e-02 | Active Proj %: 0.00 | Time: 6.92s
2025-08-21 06:39:45,489:INFO:Epoch: 32650/40000 | Train Loss: 1.330e-02 | Dynamic Loss: 1.330e-02 | Regularization Loss: 5.220e-12 | Val Loss: 2.254e-02 | Active Proj %: 0.00 | Time: 6.90s
2025-08-21 06:39:52,628:INFO:Epoch: 32700/40000 | Train Loss: 8.840e-03 | Dynamic Loss: 8.840e-03 | Regularization Loss: 5.206e-12 | Val Loss: 1.773e-02 | Active Proj %: 0.00 | Time: 7.03s
2025-08-21 06:39:52,628:INFO:New best model found at epoch 32700 with validation loss 1.773e-02. Saving...
2025-08-21 06:39:59,693:INFO:Epoch: 32750/40000 | Train Loss: 1.110e-02 | Dynamic Loss: 1.110e-02 | Regularization Loss: 5.193e-12 | Val Loss: 2.157e-02 | Active Proj %: 0.00 | Time: 6.94s
2025-08-21 06:40:06,780:INFO:Epoch: 32800/40000 | Train Loss: 1.038e-02 | Dynamic Loss: 1.038e-02 | Regularization Loss: 5.179e-12 | Val Loss: 2.201e-02 | Active Proj %: 0.00 | Time: 6.98s
2025-08-21 06:40:13,785:INFO:Epoch: 32850/40000 | Train Loss: 8.177e-03 | Dynamic Loss: 8.177e-03 | Regularization Loss: 5.165e-12 | Val Loss: 1.781e-02 | Active Proj %: 0.00 | Time: 6.90s
2025-08-21 06:40:20,771:INFO:Epoch: 32900/40000 | Train Loss: 1.949e-02 | Dynamic Loss: 1.949e-02 | Regularization Loss: 5.151e-12 | Val Loss: 2.786e-02 | Active Proj %: 0.00 | Time: 6.88s
2025-08-21 06:40:35,787:INFO:Epoch: 32950/40000 | Train Loss: 9.089e-03 | Dynamic Loss: 9.089e-03 | Regularization Loss: 5.137e-12 | Val Loss: 1.981e-02 | Active Proj %: 0.00 | Time: 14.91s
2025-08-21 06:40:42,817:INFO:Epoch: 33000/40000 | Train Loss: 1.335e-02 | Dynamic Loss: 1.335e-02 | Regularization Loss: 5.124e-12 | Val Loss: 2.533e-02 | Active Proj %: 0.00 | Time: 6.92s
2025-08-21 06:40:49,862:INFO:Epoch: 33050/40000 | Train Loss: 1.126e-02 | Dynamic Loss: 1.126e-02 | Regularization Loss: 5.110e-12 | Val Loss: 2.000e-02 | Active Proj %: 0.00 | Time: 6.94s
2025-08-21 06:40:56,891:INFO:Epoch: 33100/40000 | Train Loss: 1.191e-02 | Dynamic Loss: 1.191e-02 | Regularization Loss: 5.096e-12 | Val Loss: 2.356e-02 | Active Proj %: 0.00 | Time: 6.92s
2025-08-21 06:41:04,047:INFO:Epoch: 33150/40000 | Train Loss: 1.017e-02 | Dynamic Loss: 1.017e-02 | Regularization Loss: 5.083e-12 | Val Loss: 1.954e-02 | Active Proj %: 0.00 | Time: 7.05s
2025-08-21 06:41:11,016:INFO:Epoch: 33200/40000 | Train Loss: 1.106e-02 | Dynamic Loss: 1.106e-02 | Regularization Loss: 5.069e-12 | Val Loss: 2.433e-02 | Active Proj %: 0.00 | Time: 6.86s
2025-08-21 06:41:17,996:INFO:Epoch: 33250/40000 | Train Loss: 1.367e-02 | Dynamic Loss: 1.367e-02 | Regularization Loss: 5.056e-12 | Val Loss: 2.287e-02 | Active Proj %: 0.00 | Time: 6.87s
2025-08-21 06:41:24,927:INFO:Epoch: 33300/40000 | Train Loss: 1.205e-02 | Dynamic Loss: 1.205e-02 | Regularization Loss: 5.042e-12 | Val Loss: 2.546e-02 | Active Proj %: 0.00 | Time: 6.82s
2025-08-21 06:41:31,962:INFO:Epoch: 33350/40000 | Train Loss: 1.049e-02 | Dynamic Loss: 1.049e-02 | Regularization Loss: 5.029e-12 | Val Loss: 2.023e-02 | Active Proj %: 0.00 | Time: 6.93s
2025-08-21 06:41:39,205:INFO:Epoch: 33400/40000 | Train Loss: 9.571e-03 | Dynamic Loss: 9.571e-03 | Regularization Loss: 5.017e-12 | Val Loss: 1.877e-02 | Active Proj %: 0.00 | Time: 7.13s
2025-08-21 06:41:46,201:INFO:Epoch: 33450/40000 | Train Loss: 1.112e-02 | Dynamic Loss: 1.112e-02 | Regularization Loss: 5.004e-12 | Val Loss: 2.065e-02 | Active Proj %: 0.00 | Time: 6.89s
2025-08-21 06:41:53,213:INFO:Epoch: 33500/40000 | Train Loss: 1.151e-02 | Dynamic Loss: 1.151e-02 | Regularization Loss: 4.992e-12 | Val Loss: 2.205e-02 | Active Proj %: 0.00 | Time: 6.90s
2025-08-21 06:42:03,834:INFO:Epoch: 33550/40000 | Train Loss: 2.632e-02 | Dynamic Loss: 2.632e-02 | Regularization Loss: 4.979e-12 | Val Loss: 3.261e-02 | Active Proj %: 0.00 | Time: 10.51s
2025-08-21 06:42:10,893:INFO:Epoch: 33600/40000 | Train Loss: 1.169e-02 | Dynamic Loss: 1.169e-02 | Regularization Loss: 4.967e-12 | Val Loss: 2.022e-02 | Active Proj %: 0.00 | Time: 6.95s
2025-08-21 06:42:17,853:INFO:Epoch: 33650/40000 | Train Loss: 1.004e-02 | Dynamic Loss: 1.004e-02 | Regularization Loss: 4.955e-12 | Val Loss: 1.994e-02 | Active Proj %: 0.00 | Time: 6.85s
2025-08-21 06:42:24,827:INFO:Epoch: 33700/40000 | Train Loss: 9.716e-03 | Dynamic Loss: 9.716e-03 | Regularization Loss: 4.942e-12 | Val Loss: 1.912e-02 | Active Proj %: 0.00 | Time: 6.87s
2025-08-21 06:42:31,856:INFO:Epoch: 33750/40000 | Train Loss: 1.396e-02 | Dynamic Loss: 1.396e-02 | Regularization Loss: 4.930e-12 | Val Loss: 2.110e-02 | Active Proj %: 0.00 | Time: 6.92s
2025-08-21 06:42:47,100:INFO:Epoch: 33800/40000 | Train Loss: 1.094e-02 | Dynamic Loss: 1.094e-02 | Regularization Loss: 4.918e-12 | Val Loss: 2.547e-02 | Active Proj %: 0.00 | Time: 15.13s
2025-08-21 06:42:54,108:INFO:Epoch: 33850/40000 | Train Loss: 1.242e-02 | Dynamic Loss: 1.242e-02 | Regularization Loss: 4.906e-12 | Val Loss: 2.175e-02 | Active Proj %: 0.00 | Time: 6.90s
2025-08-21 06:43:01,126:INFO:Epoch: 33900/40000 | Train Loss: 1.341e-02 | Dynamic Loss: 1.341e-02 | Regularization Loss: 4.894e-12 | Val Loss: 1.978e-02 | Active Proj %: 0.00 | Time: 6.91s
2025-08-21 06:43:08,187:INFO:Epoch: 33950/40000 | Train Loss: 1.025e-02 | Dynamic Loss: 1.025e-02 | Regularization Loss: 4.882e-12 | Val Loss: 1.833e-02 | Active Proj %: 0.00 | Time: 6.95s
2025-08-21 06:43:15,201:INFO:Epoch: 34000/40000 | Train Loss: 1.024e-02 | Dynamic Loss: 1.024e-02 | Regularization Loss: 4.869e-12 | Val Loss: 1.955e-02 | Active Proj %: 0.00 | Time: 6.90s
2025-08-21 06:43:22,189:INFO:Epoch: 34050/40000 | Train Loss: 1.463e-02 | Dynamic Loss: 1.463e-02 | Regularization Loss: 4.857e-12 | Val Loss: 2.261e-02 | Active Proj %: 0.00 | Time: 6.88s
2025-08-21 06:43:29,141:INFO:Epoch: 34100/40000 | Train Loss: 1.307e-02 | Dynamic Loss: 1.307e-02 | Regularization Loss: 4.845e-12 | Val Loss: 2.233e-02 | Active Proj %: 0.00 | Time: 6.84s
2025-08-21 06:43:36,231:INFO:Epoch: 34150/40000 | Train Loss: 1.205e-02 | Dynamic Loss: 1.205e-02 | Regularization Loss: 4.833e-12 | Val Loss: 2.082e-02 | Active Proj %: 0.00 | Time: 6.98s
2025-08-21 06:43:43,166:INFO:Epoch: 34200/40000 | Train Loss: 1.123e-02 | Dynamic Loss: 1.123e-02 | Regularization Loss: 4.821e-12 | Val Loss: 2.319e-02 | Active Proj %: 0.00 | Time: 6.83s
2025-08-21 06:43:50,121:INFO:Epoch: 34250/40000 | Train Loss: 1.050e-02 | Dynamic Loss: 1.050e-02 | Regularization Loss: 4.809e-12 | Val Loss: 2.013e-02 | Active Proj %: 0.00 | Time: 6.85s
2025-08-21 06:43:57,035:INFO:Epoch: 34300/40000 | Train Loss: 1.257e-02 | Dynamic Loss: 1.257e-02 | Regularization Loss: 4.798e-12 | Val Loss: 2.292e-02 | Active Proj %: 0.00 | Time: 6.81s
2025-08-21 06:44:11,875:INFO:Epoch: 34350/40000 | Train Loss: 1.414e-02 | Dynamic Loss: 1.414e-02 | Regularization Loss: 4.786e-12 | Val Loss: 2.504e-02 | Active Proj %: 0.00 | Time: 14.73s
2025-08-21 06:44:18,932:INFO:Epoch: 34400/40000 | Train Loss: 1.420e-02 | Dynamic Loss: 1.420e-02 | Regularization Loss: 4.774e-12 | Val Loss: 2.410e-02 | Active Proj %: 0.00 | Time: 6.95s
2025-08-21 06:44:25,920:INFO:Epoch: 34450/40000 | Train Loss: 1.083e-02 | Dynamic Loss: 1.083e-02 | Regularization Loss: 4.762e-12 | Val Loss: 2.051e-02 | Active Proj %: 0.00 | Time: 6.88s
2025-08-21 06:44:32,863:INFO:Epoch: 34500/40000 | Train Loss: 1.708e-02 | Dynamic Loss: 1.708e-02 | Regularization Loss: 4.750e-12 | Val Loss: 2.707e-02 | Active Proj %: 0.00 | Time: 6.84s
2025-08-21 06:44:40,003:INFO:Epoch: 34550/40000 | Train Loss: 9.350e-03 | Dynamic Loss: 9.350e-03 | Regularization Loss: 4.738e-12 | Val Loss: 1.873e-02 | Active Proj %: 0.00 | Time: 7.03s
2025-08-21 06:44:46,987:INFO:Epoch: 34600/40000 | Train Loss: 1.037e-02 | Dynamic Loss: 1.037e-02 | Regularization Loss: 4.727e-12 | Val Loss: 1.872e-02 | Active Proj %: 0.00 | Time: 6.87s
2025-08-21 06:44:53,979:INFO:Epoch: 34650/40000 | Train Loss: 1.371e-02 | Dynamic Loss: 1.371e-02 | Regularization Loss: 4.715e-12 | Val Loss: 2.038e-02 | Active Proj %: 0.00 | Time: 6.88s
2025-08-21 06:45:00,960:INFO:Epoch: 34700/40000 | Train Loss: 1.123e-02 | Dynamic Loss: 1.123e-02 | Regularization Loss: 4.703e-12 | Val Loss: 2.112e-02 | Active Proj %: 0.00 | Time: 6.87s
2025-08-21 06:45:08,013:INFO:Epoch: 34750/40000 | Train Loss: 9.437e-03 | Dynamic Loss: 9.437e-03 | Regularization Loss: 4.692e-12 | Val Loss: 1.929e-02 | Active Proj %: 0.00 | Time: 6.94s
2025-08-21 06:45:14,973:INFO:Epoch: 34800/40000 | Train Loss: 1.484e-02 | Dynamic Loss: 1.484e-02 | Regularization Loss: 4.680e-12 | Val Loss: 1.982e-02 | Active Proj %: 0.00 | Time: 6.85s
2025-08-21 06:45:21,955:INFO:Epoch: 34850/40000 | Train Loss: 1.570e-02 | Dynamic Loss: 1.570e-02 | Regularization Loss: 4.668e-12 | Val Loss: 2.737e-02 | Active Proj %: 0.00 | Time: 6.88s
2025-08-21 06:45:28,926:INFO:Epoch: 34900/40000 | Train Loss: 1.477e-02 | Dynamic Loss: 1.477e-02 | Regularization Loss: 4.657e-12 | Val Loss: 2.429e-02 | Active Proj %: 0.00 | Time: 6.86s
2025-08-21 06:45:35,888:INFO:Epoch: 34950/40000 | Train Loss: 9.053e-03 | Dynamic Loss: 9.053e-03 | Regularization Loss: 4.646e-12 | Val Loss: 1.792e-02 | Active Proj %: 0.00 | Time: 6.85s
2025-08-21 06:45:43,404:INFO:Epoch: 35000/40000 | Train Loss: 2.461e-02 | Dynamic Loss: 2.461e-02 | Regularization Loss: 4.636e-12 | Val Loss: 2.010e-02 | Active Proj %: 0.00 | Time: 7.41s
2025-08-21 06:45:50,395:INFO:Epoch: 35050/40000 | Train Loss: 9.105e-03 | Dynamic Loss: 9.105e-03 | Regularization Loss: 4.625e-12 | Val Loss: 1.778e-02 | Active Proj %: 0.00 | Time: 6.88s
2025-08-21 06:45:57,391:INFO:Epoch: 35100/40000 | Train Loss: 1.127e-02 | Dynamic Loss: 1.127e-02 | Regularization Loss: 4.615e-12 | Val Loss: 2.005e-02 | Active Proj %: 0.00 | Time: 6.89s
2025-08-21 06:46:04,457:INFO:Epoch: 35150/40000 | Train Loss: 1.018e-02 | Dynamic Loss: 1.018e-02 | Regularization Loss: 4.604e-12 | Val Loss: 2.039e-02 | Active Proj %: 0.00 | Time: 6.96s
2025-08-21 06:46:11,441:INFO:Epoch: 35200/40000 | Train Loss: 1.029e-02 | Dynamic Loss: 1.029e-02 | Regularization Loss: 4.593e-12 | Val Loss: 1.765e-02 | Active Proj %: 0.00 | Time: 6.88s
2025-08-21 06:46:11,441:INFO:New best model found at epoch 35200 with validation loss 1.765e-02. Saving...
2025-08-21 06:46:18,469:INFO:Epoch: 35250/40000 | Train Loss: 9.343e-03 | Dynamic Loss: 9.343e-03 | Regularization Loss: 4.583e-12 | Val Loss: 2.348e-02 | Active Proj %: 0.00 | Time: 6.90s
2025-08-21 06:46:25,522:INFO:Epoch: 35300/40000 | Train Loss: 1.121e-02 | Dynamic Loss: 1.121e-02 | Regularization Loss: 4.572e-12 | Val Loss: 2.035e-02 | Active Proj %: 0.00 | Time: 6.95s
2025-08-21 06:46:32,610:INFO:Epoch: 35350/40000 | Train Loss: 7.613e-03 | Dynamic Loss: 7.613e-03 | Regularization Loss: 4.562e-12 | Val Loss: 1.930e-02 | Active Proj %: 0.00 | Time: 6.98s
2025-08-21 06:46:39,582:INFO:Epoch: 35400/40000 | Train Loss: 1.080e-02 | Dynamic Loss: 1.080e-02 | Regularization Loss: 4.552e-12 | Val Loss: 2.059e-02 | Active Proj %: 0.00 | Time: 6.86s
2025-08-21 06:46:46,598:INFO:Epoch: 35450/40000 | Train Loss: 1.133e-02 | Dynamic Loss: 1.133e-02 | Regularization Loss: 4.541e-12 | Val Loss: 1.985e-02 | Active Proj %: 0.00 | Time: 6.91s
2025-08-21 06:46:53,617:INFO:Epoch: 35500/40000 | Train Loss: 8.672e-03 | Dynamic Loss: 8.672e-03 | Regularization Loss: 4.531e-12 | Val Loss: 1.910e-02 | Active Proj %: 0.00 | Time: 6.91s
2025-08-21 06:47:08,851:INFO:Epoch: 35550/40000 | Train Loss: 1.073e-02 | Dynamic Loss: 1.073e-02 | Regularization Loss: 4.520e-12 | Val Loss: 2.373e-02 | Active Proj %: 0.00 | Time: 15.13s
2025-08-21 06:47:15,935:INFO:Epoch: 35600/40000 | Train Loss: 1.008e-02 | Dynamic Loss: 1.008e-02 | Regularization Loss: 4.510e-12 | Val Loss: 2.064e-02 | Active Proj %: 0.00 | Time: 6.98s
2025-08-21 06:47:23,031:INFO:Epoch: 35650/40000 | Train Loss: 1.136e-02 | Dynamic Loss: 1.136e-02 | Regularization Loss: 4.500e-12 | Val Loss: 2.125e-02 | Active Proj %: 0.00 | Time: 6.99s
2025-08-21 06:47:30,050:INFO:Epoch: 35700/40000 | Train Loss: 9.904e-03 | Dynamic Loss: 9.904e-03 | Regularization Loss: 4.490e-12 | Val Loss: 1.854e-02 | Active Proj %: 0.00 | Time: 6.91s
2025-08-21 06:47:37,226:INFO:Epoch: 35750/40000 | Train Loss: 1.571e-02 | Dynamic Loss: 1.571e-02 | Regularization Loss: 4.479e-12 | Val Loss: 2.363e-02 | Active Proj %: 0.00 | Time: 7.07s
2025-08-21 06:47:44,242:INFO:Epoch: 35800/40000 | Train Loss: 9.331e-03 | Dynamic Loss: 9.331e-03 | Regularization Loss: 4.469e-12 | Val Loss: 1.763e-02 | Active Proj %: 0.00 | Time: 6.91s
2025-08-21 06:47:44,242:INFO:New best model found at epoch 35800 with validation loss 1.763e-02. Saving...
2025-08-21 06:47:51,299:INFO:Epoch: 35850/40000 | Train Loss: 2.137e-02 | Dynamic Loss: 2.137e-02 | Regularization Loss: 4.459e-12 | Val Loss: 2.768e-02 | Active Proj %: 0.00 | Time: 6.91s
2025-08-21 06:47:58,286:INFO:Epoch: 35900/40000 | Train Loss: 6.882e-03 | Dynamic Loss: 6.882e-03 | Regularization Loss: 4.449e-12 | Val Loss: 1.689e-02 | Active Proj %: 0.00 | Time: 6.88s
2025-08-21 06:47:58,286:INFO:New best model found at epoch 35900 with validation loss 1.689e-02. Saving...
2025-08-21 06:48:05,446:INFO:Epoch: 35950/40000 | Train Loss: 7.617e-03 | Dynamic Loss: 7.617e-03 | Regularization Loss: 4.438e-12 | Val Loss: 1.672e-02 | Active Proj %: 0.00 | Time: 7.03s
2025-08-21 06:48:05,446:INFO:New best model found at epoch 35950 with validation loss 1.672e-02. Saving...
2025-08-21 06:48:12,485:INFO:Epoch: 36000/40000 | Train Loss: 1.203e-02 | Dynamic Loss: 1.203e-02 | Regularization Loss: 4.428e-12 | Val Loss: 2.258e-02 | Active Proj %: 0.00 | Time: 6.91s
2025-08-21 06:48:19,472:INFO:Epoch: 36050/40000 | Train Loss: 2.165e-02 | Dynamic Loss: 2.165e-02 | Regularization Loss: 4.418e-12 | Val Loss: 2.851e-02 | Active Proj %: 0.00 | Time: 6.88s
2025-08-21 06:48:26,428:INFO:Epoch: 36100/40000 | Train Loss: 1.006e-02 | Dynamic Loss: 1.006e-02 | Regularization Loss: 4.408e-12 | Val Loss: 1.960e-02 | Active Proj %: 0.00 | Time: 6.85s
2025-08-21 06:48:33,409:INFO:Epoch: 36150/40000 | Train Loss: 6.606e-03 | Dynamic Loss: 6.606e-03 | Regularization Loss: 4.398e-12 | Val Loss: 1.647e-02 | Active Proj %: 0.00 | Time: 6.87s
2025-08-21 06:48:33,409:INFO:New best model found at epoch 36150 with validation loss 1.647e-02. Saving...
2025-08-21 06:48:40,896:INFO:Epoch: 36200/40000 | Train Loss: 9.181e-03 | Dynamic Loss: 9.181e-03 | Regularization Loss: 4.388e-12 | Val Loss: 2.031e-02 | Active Proj %: 0.00 | Time: 7.36s
2025-08-21 06:48:47,890:INFO:Epoch: 36250/40000 | Train Loss: 1.171e-02 | Dynamic Loss: 1.171e-02 | Regularization Loss: 4.378e-12 | Val Loss: 2.078e-02 | Active Proj %: 0.00 | Time: 6.89s
2025-08-21 06:48:54,871:INFO:Epoch: 36300/40000 | Train Loss: 2.916e-02 | Dynamic Loss: 2.916e-02 | Regularization Loss: 4.368e-12 | Val Loss: 3.530e-02 | Active Proj %: 0.00 | Time: 6.87s
2025-08-21 06:49:01,922:INFO:Epoch: 36350/40000 | Train Loss: 7.376e-03 | Dynamic Loss: 7.376e-03 | Regularization Loss: 4.358e-12 | Val Loss: 1.783e-02 | Active Proj %: 0.00 | Time: 6.95s
2025-08-21 06:49:08,933:INFO:Epoch: 36400/40000 | Train Loss: 9.550e-03 | Dynamic Loss: 9.550e-03 | Regularization Loss: 4.348e-12 | Val Loss: 1.928e-02 | Active Proj %: 0.00 | Time: 6.90s
2025-08-21 06:49:15,880:INFO:Epoch: 36450/40000 | Train Loss: 8.201e-03 | Dynamic Loss: 8.201e-03 | Regularization Loss: 4.338e-12 | Val Loss: 1.777e-02 | Active Proj %: 0.00 | Time: 6.84s
2025-08-21 06:49:22,853:INFO:Epoch: 36500/40000 | Train Loss: 8.510e-03 | Dynamic Loss: 8.510e-03 | Regularization Loss: 4.328e-12 | Val Loss: 1.829e-02 | Active Proj %: 0.00 | Time: 6.87s
2025-08-21 06:49:29,834:INFO:Epoch: 36550/40000 | Train Loss: 8.347e-03 | Dynamic Loss: 8.347e-03 | Regularization Loss: 4.318e-12 | Val Loss: 1.915e-02 | Active Proj %: 0.00 | Time: 6.87s
2025-08-21 06:49:41,980:INFO:Epoch: 36600/40000 | Train Loss: 9.834e-03 | Dynamic Loss: 9.834e-03 | Regularization Loss: 4.308e-12 | Val Loss: 1.899e-02 | Active Proj %: 0.00 | Time: 12.04s
2025-08-21 06:49:48,963:INFO:Epoch: 36650/40000 | Train Loss: 1.287e-02 | Dynamic Loss: 1.287e-02 | Regularization Loss: 4.298e-12 | Val Loss: 1.964e-02 | Active Proj %: 0.00 | Time: 6.87s
2025-08-21 06:49:55,926:INFO:Epoch: 36700/40000 | Train Loss: 1.133e-02 | Dynamic Loss: 1.133e-02 | Regularization Loss: 4.289e-12 | Val Loss: 2.116e-02 | Active Proj %: 0.00 | Time: 6.85s
2025-08-21 06:50:02,914:INFO:Epoch: 36750/40000 | Train Loss: 1.223e-02 | Dynamic Loss: 1.223e-02 | Regularization Loss: 4.279e-12 | Val Loss: 2.275e-02 | Active Proj %: 0.00 | Time: 6.88s
2025-08-21 06:50:17,925:INFO:Epoch: 36800/40000 | Train Loss: 1.098e-02 | Dynamic Loss: 1.098e-02 | Regularization Loss: 4.270e-12 | Val Loss: 2.094e-02 | Active Proj %: 0.00 | Time: 14.90s
2025-08-21 06:50:24,934:INFO:Epoch: 36850/40000 | Train Loss: 1.264e-02 | Dynamic Loss: 1.264e-02 | Regularization Loss: 4.261e-12 | Val Loss: 2.176e-02 | Active Proj %: 0.00 | Time: 6.90s
2025-08-21 06:50:31,965:INFO:Epoch: 36900/40000 | Train Loss: 1.539e-02 | Dynamic Loss: 1.539e-02 | Regularization Loss: 4.252e-12 | Val Loss: 3.204e-02 | Active Proj %: 0.00 | Time: 6.92s
2025-08-21 06:50:39,027:INFO:Epoch: 36950/40000 | Train Loss: 1.967e-02 | Dynamic Loss: 1.967e-02 | Regularization Loss: 4.244e-12 | Val Loss: 2.377e-02 | Active Proj %: 0.00 | Time: 6.95s
2025-08-21 06:50:48,853:INFO:Epoch: 37000/40000 | Train Loss: 1.008e-02 | Dynamic Loss: 1.008e-02 | Regularization Loss: 4.235e-12 | Val Loss: 2.099e-02 | Active Proj %: 0.00 | Time: 9.72s
2025-08-21 06:50:55,863:INFO:Epoch: 37050/40000 | Train Loss: 9.886e-03 | Dynamic Loss: 9.886e-03 | Regularization Loss: 4.226e-12 | Val Loss: 1.673e-02 | Active Proj %: 0.00 | Time: 6.90s
2025-08-21 06:51:02,895:INFO:Epoch: 37100/40000 | Train Loss: 7.206e-03 | Dynamic Loss: 7.206e-03 | Regularization Loss: 4.217e-12 | Val Loss: 1.657e-02 | Active Proj %: 0.00 | Time: 6.92s
2025-08-21 06:51:09,992:INFO:Epoch: 37150/40000 | Train Loss: 8.944e-03 | Dynamic Loss: 8.944e-03 | Regularization Loss: 4.208e-12 | Val Loss: 1.692e-02 | Active Proj %: 0.00 | Time: 6.99s
2025-08-21 06:51:23,979:INFO:Epoch: 37200/40000 | Train Loss: 1.100e-02 | Dynamic Loss: 1.100e-02 | Regularization Loss: 4.199e-12 | Val Loss: 2.055e-02 | Active Proj %: 0.00 | Time: 13.88s
2025-08-21 06:51:31,007:INFO:Epoch: 37250/40000 | Train Loss: 8.348e-03 | Dynamic Loss: 8.348e-03 | Regularization Loss: 4.190e-12 | Val Loss: 1.882e-02 | Active Proj %: 0.00 | Time: 6.92s
2025-08-21 06:51:38,067:INFO:Epoch: 37300/40000 | Train Loss: 1.173e-02 | Dynamic Loss: 1.173e-02 | Regularization Loss: 4.182e-12 | Val Loss: 1.963e-02 | Active Proj %: 0.00 | Time: 6.95s
2025-08-21 06:51:45,079:INFO:Epoch: 37350/40000 | Train Loss: 1.106e-02 | Dynamic Loss: 1.106e-02 | Regularization Loss: 4.173e-12 | Val Loss: 2.759e-02 | Active Proj %: 0.00 | Time: 6.90s
2025-08-21 06:51:52,151:INFO:Epoch: 37400/40000 | Train Loss: 9.927e-03 | Dynamic Loss: 9.927e-03 | Regularization Loss: 4.164e-12 | Val Loss: 2.258e-02 | Active Proj %: 0.00 | Time: 6.96s
2025-08-21 06:51:59,157:INFO:Epoch: 37450/40000 | Train Loss: 1.044e-02 | Dynamic Loss: 1.044e-02 | Regularization Loss: 4.155e-12 | Val Loss: 1.873e-02 | Active Proj %: 0.00 | Time: 6.90s
2025-08-21 06:52:06,122:INFO:Epoch: 37500/40000 | Train Loss: 6.752e-03 | Dynamic Loss: 6.752e-03 | Regularization Loss: 4.147e-12 | Val Loss: 1.816e-02 | Active Proj %: 0.00 | Time: 6.86s
2025-08-21 06:52:13,049:INFO:Epoch: 37550/40000 | Train Loss: 8.561e-03 | Dynamic Loss: 8.561e-03 | Regularization Loss: 4.138e-12 | Val Loss: 1.624e-02 | Active Proj %: 0.00 | Time: 6.82s
2025-08-21 06:52:13,049:INFO:New best model found at epoch 37550 with validation loss 1.624e-02. Saving...
2025-08-21 06:52:28,238:INFO:Epoch: 37600/40000 | Train Loss: 1.356e-02 | Dynamic Loss: 1.356e-02 | Regularization Loss: 4.129e-12 | Val Loss: 2.662e-02 | Active Proj %: 0.00 | Time: 15.06s
2025-08-21 06:52:35,227:INFO:Epoch: 37650/40000 | Train Loss: 1.096e-02 | Dynamic Loss: 1.096e-02 | Regularization Loss: 4.121e-12 | Val Loss: 1.804e-02 | Active Proj %: 0.00 | Time: 6.88s
2025-08-21 06:52:42,186:INFO:Epoch: 37700/40000 | Train Loss: 9.301e-03 | Dynamic Loss: 9.301e-03 | Regularization Loss: 4.112e-12 | Val Loss: 1.719e-02 | Active Proj %: 0.00 | Time: 6.85s
2025-08-21 06:52:49,266:INFO:Epoch: 37750/40000 | Train Loss: 1.134e-02 | Dynamic Loss: 1.134e-02 | Regularization Loss: 4.103e-12 | Val Loss: 1.880e-02 | Active Proj %: 0.00 | Time: 6.97s
2025-08-21 06:52:56,397:INFO:Epoch: 37800/40000 | Train Loss: 8.732e-03 | Dynamic Loss: 8.732e-03 | Regularization Loss: 4.095e-12 | Val Loss: 1.832e-02 | Active Proj %: 0.00 | Time: 7.02s
2025-08-21 06:53:03,354:INFO:Epoch: 37850/40000 | Train Loss: 8.341e-03 | Dynamic Loss: 8.341e-03 | Regularization Loss: 4.086e-12 | Val Loss: 1.717e-02 | Active Proj %: 0.00 | Time: 6.85s
2025-08-21 06:53:10,371:INFO:Epoch: 37900/40000 | Train Loss: 1.220e-02 | Dynamic Loss: 1.220e-02 | Regularization Loss: 4.078e-12 | Val Loss: 2.096e-02 | Active Proj %: 0.00 | Time: 6.91s
2025-08-21 06:53:17,339:INFO:Epoch: 37950/40000 | Train Loss: 1.106e-02 | Dynamic Loss: 1.106e-02 | Regularization Loss: 4.069e-12 | Val Loss: 2.163e-02 | Active Proj %: 0.00 | Time: 6.86s
2025-08-21 06:53:24,246:INFO:Epoch: 38000/40000 | Train Loss: 1.335e-02 | Dynamic Loss: 1.335e-02 | Regularization Loss: 4.061e-12 | Val Loss: 2.613e-02 | Active Proj %: 0.00 | Time: 6.80s
2025-08-21 06:53:37,147:INFO:Epoch: 38050/40000 | Train Loss: 1.068e-02 | Dynamic Loss: 1.068e-02 | Regularization Loss: 4.052e-12 | Val Loss: 2.025e-02 | Active Proj %: 0.00 | Time: 12.79s
2025-08-21 06:53:44,136:INFO:Epoch: 38100/40000 | Train Loss: 1.195e-02 | Dynamic Loss: 1.195e-02 | Regularization Loss: 4.044e-12 | Val Loss: 2.199e-02 | Active Proj %: 0.00 | Time: 6.88s
2025-08-21 06:53:51,081:INFO:Epoch: 38150/40000 | Train Loss: 9.263e-03 | Dynamic Loss: 9.263e-03 | Regularization Loss: 4.035e-12 | Val Loss: 1.838e-02 | Active Proj %: 0.00 | Time: 6.83s
2025-08-21 06:53:58,021:INFO:Epoch: 38200/40000 | Train Loss: 1.193e-02 | Dynamic Loss: 1.193e-02 | Regularization Loss: 4.027e-12 | Val Loss: 2.080e-02 | Active Proj %: 0.00 | Time: 6.83s
2025-08-21 06:54:10,795:INFO:Epoch: 38250/40000 | Train Loss: 1.099e-02 | Dynamic Loss: 1.099e-02 | Regularization Loss: 4.018e-12 | Val Loss: 2.084e-02 | Active Proj %: 0.00 | Time: 12.66s
2025-08-21 06:54:17,820:INFO:Epoch: 38300/40000 | Train Loss: 1.636e-02 | Dynamic Loss: 1.636e-02 | Regularization Loss: 4.010e-12 | Val Loss: 1.926e-02 | Active Proj %: 0.00 | Time: 6.92s
2025-08-21 06:54:24,811:INFO:Epoch: 38350/40000 | Train Loss: 1.114e-02 | Dynamic Loss: 1.114e-02 | Regularization Loss: 4.001e-12 | Val Loss: 2.071e-02 | Active Proj %: 0.00 | Time: 6.88s
2025-08-21 06:54:31,749:INFO:Epoch: 38400/40000 | Train Loss: 8.942e-03 | Dynamic Loss: 8.942e-03 | Regularization Loss: 3.993e-12 | Val Loss: 1.754e-02 | Active Proj %: 0.00 | Time: 6.83s
2025-08-21 06:54:42,400:INFO:Epoch: 38450/40000 | Train Loss: 8.636e-03 | Dynamic Loss: 8.636e-03 | Regularization Loss: 3.985e-12 | Val Loss: 1.905e-02 | Active Proj %: 0.00 | Time: 10.54s
2025-08-21 06:54:49,385:INFO:Epoch: 38500/40000 | Train Loss: 6.869e-03 | Dynamic Loss: 6.869e-03 | Regularization Loss: 3.976e-12 | Val Loss: 1.542e-02 | Active Proj %: 0.00 | Time: 6.87s
2025-08-21 06:54:49,385:INFO:New best model found at epoch 38500 with validation loss 1.542e-02. Saving...
2025-08-21 06:54:56,391:INFO:Epoch: 38550/40000 | Train Loss: 8.038e-03 | Dynamic Loss: 8.038e-03 | Regularization Loss: 3.968e-12 | Val Loss: 1.656e-02 | Active Proj %: 0.00 | Time: 6.88s
2025-08-21 06:55:03,504:INFO:Epoch: 38600/40000 | Train Loss: 6.582e-03 | Dynamic Loss: 6.582e-03 | Regularization Loss: 3.960e-12 | Val Loss: 1.579e-02 | Active Proj %: 0.00 | Time: 6.87s
2025-08-21 06:55:10,545:INFO:Epoch: 38650/40000 | Train Loss: 9.128e-03 | Dynamic Loss: 9.128e-03 | Regularization Loss: 3.951e-12 | Val Loss: 1.906e-02 | Active Proj %: 0.00 | Time: 6.93s
2025-08-21 06:55:17,569:INFO:Epoch: 38700/40000 | Train Loss: 9.510e-03 | Dynamic Loss: 9.510e-03 | Regularization Loss: 3.943e-12 | Val Loss: 1.858e-02 | Active Proj %: 0.00 | Time: 6.91s
2025-08-21 06:55:24,598:INFO:Epoch: 38750/40000 | Train Loss: 8.378e-03 | Dynamic Loss: 8.378e-03 | Regularization Loss: 3.935e-12 | Val Loss: 1.970e-02 | Active Proj %: 0.00 | Time: 6.92s
2025-08-21 06:55:36,480:INFO:Epoch: 38800/40000 | Train Loss: 1.231e-02 | Dynamic Loss: 1.231e-02 | Regularization Loss: 3.927e-12 | Val Loss: 2.796e-02 | Active Proj %: 0.00 | Time: 11.77s
2025-08-21 06:55:43,475:INFO:Epoch: 38850/40000 | Train Loss: 1.122e-02 | Dynamic Loss: 1.122e-02 | Regularization Loss: 3.918e-12 | Val Loss: 2.181e-02 | Active Proj %: 0.00 | Time: 6.88s
2025-08-21 06:55:50,423:INFO:Epoch: 38900/40000 | Train Loss: 8.307e-03 | Dynamic Loss: 8.307e-03 | Regularization Loss: 3.910e-12 | Val Loss: 1.858e-02 | Active Proj %: 0.00 | Time: 6.84s
2025-08-21 06:55:57,461:INFO:Epoch: 38950/40000 | Train Loss: 8.798e-03 | Dynamic Loss: 8.798e-03 | Regularization Loss: 3.903e-12 | Val Loss: 1.861e-02 | Active Proj %: 0.00 | Time: 6.93s
2025-08-21 06:56:04,532:INFO:Epoch: 39000/40000 | Train Loss: 1.147e-02 | Dynamic Loss: 1.147e-02 | Regularization Loss: 3.895e-12 | Val Loss: 2.323e-02 | Active Proj %: 0.00 | Time: 6.96s
2025-08-21 06:56:11,494:INFO:Epoch: 39050/40000 | Train Loss: 1.366e-02 | Dynamic Loss: 1.366e-02 | Regularization Loss: 3.888e-12 | Val Loss: 2.385e-02 | Active Proj %: 0.00 | Time: 6.85s
2025-08-21 06:56:18,420:INFO:Epoch: 39100/40000 | Train Loss: 1.047e-02 | Dynamic Loss: 1.047e-02 | Regularization Loss: 3.881e-12 | Val Loss: 1.888e-02 | Active Proj %: 0.00 | Time: 6.82s
2025-08-21 06:56:25,435:INFO:Epoch: 39150/40000 | Train Loss: 8.572e-03 | Dynamic Loss: 8.572e-03 | Regularization Loss: 3.873e-12 | Val Loss: 2.104e-02 | Active Proj %: 0.00 | Time: 6.91s
2025-08-21 06:56:32,532:INFO:Epoch: 39200/40000 | Train Loss: 8.898e-03 | Dynamic Loss: 8.898e-03 | Regularization Loss: 3.866e-12 | Val Loss: 1.771e-02 | Active Proj %: 0.00 | Time: 6.99s
2025-08-21 06:56:39,567:INFO:Epoch: 39250/40000 | Train Loss: 9.297e-03 | Dynamic Loss: 9.297e-03 | Regularization Loss: 3.859e-12 | Val Loss: 1.703e-02 | Active Proj %: 0.00 | Time: 6.92s
2025-08-21 06:56:46,588:INFO:Epoch: 39300/40000 | Train Loss: 1.002e-02 | Dynamic Loss: 1.002e-02 | Regularization Loss: 3.851e-12 | Val Loss: 1.924e-02 | Active Proj %: 0.00 | Time: 6.91s
2025-08-21 06:56:53,531:INFO:Epoch: 39350/40000 | Train Loss: 7.794e-03 | Dynamic Loss: 7.794e-03 | Regularization Loss: 3.844e-12 | Val Loss: 1.770e-02 | Active Proj %: 0.00 | Time: 6.83s
2025-08-21 06:57:00,682:INFO:Epoch: 39400/40000 | Train Loss: 8.688e-03 | Dynamic Loss: 8.688e-03 | Regularization Loss: 3.836e-12 | Val Loss: 1.636e-02 | Active Proj %: 0.00 | Time: 7.04s
2025-08-21 06:57:07,712:INFO:Epoch: 39450/40000 | Train Loss: 1.517e-02 | Dynamic Loss: 1.517e-02 | Regularization Loss: 3.829e-12 | Val Loss: 2.518e-02 | Active Proj %: 0.00 | Time: 6.92s
2025-08-21 06:57:14,731:INFO:Epoch: 39500/40000 | Train Loss: 1.107e-02 | Dynamic Loss: 1.107e-02 | Regularization Loss: 3.822e-12 | Val Loss: 1.972e-02 | Active Proj %: 0.00 | Time: 6.91s
2025-08-21 06:57:21,740:INFO:Epoch: 39550/40000 | Train Loss: 1.070e-02 | Dynamic Loss: 1.070e-02 | Regularization Loss: 3.815e-12 | Val Loss: 1.995e-02 | Active Proj %: 0.00 | Time: 6.90s
2025-08-21 06:57:28,745:INFO:Epoch: 39600/40000 | Train Loss: 7.391e-03 | Dynamic Loss: 7.391e-03 | Regularization Loss: 3.807e-12 | Val Loss: 1.695e-02 | Active Proj %: 0.00 | Time: 6.89s
2025-08-21 06:57:37,335:INFO:Epoch: 39650/40000 | Train Loss: 5.672e-03 | Dynamic Loss: 5.672e-03 | Regularization Loss: 3.800e-12 | Val Loss: 1.510e-02 | Active Proj %: 0.00 | Time: 8.48s
2025-08-21 06:57:37,335:INFO:New best model found at epoch 39650 with validation loss 1.510e-02. Saving...
2025-08-21 06:57:44,317:INFO:Epoch: 39700/40000 | Train Loss: 1.031e-02 | Dynamic Loss: 1.031e-02 | Regularization Loss: 3.793e-12 | Val Loss: 1.754e-02 | Active Proj %: 0.00 | Time: 6.85s
2025-08-21 06:57:51,341:INFO:Epoch: 39750/40000 | Train Loss: 1.028e-02 | Dynamic Loss: 1.028e-02 | Regularization Loss: 3.786e-12 | Val Loss: 2.163e-02 | Active Proj %: 0.00 | Time: 6.91s
2025-08-21 06:57:58,258:INFO:Epoch: 39800/40000 | Train Loss: 1.322e-02 | Dynamic Loss: 1.322e-02 | Regularization Loss: 3.778e-12 | Val Loss: 2.369e-02 | Active Proj %: 0.00 | Time: 6.81s
2025-08-21 06:58:10,603:INFO:Epoch: 39850/40000 | Train Loss: 9.068e-03 | Dynamic Loss: 9.068e-03 | Regularization Loss: 3.771e-12 | Val Loss: 1.800e-02 | Active Proj %: 0.00 | Time: 12.23s
2025-08-21 06:58:17,576:INFO:Epoch: 39900/40000 | Train Loss: 1.182e-02 | Dynamic Loss: 1.182e-02 | Regularization Loss: 3.764e-12 | Val Loss: 2.374e-02 | Active Proj %: 0.00 | Time: 6.86s
2025-08-21 06:58:24,521:INFO:Epoch: 39950/40000 | Train Loss: 8.558e-03 | Dynamic Loss: 8.558e-03 | Regularization Loss: 3.757e-12 | Val Loss: 1.608e-02 | Active Proj %: 0.00 | Time: 6.83s
2025-08-21 06:58:31,496:INFO:Epoch: 40000/40000 | Train Loss: 7.994e-03 | Dynamic Loss: 7.994e-03 | Regularization Loss: 3.750e-12 | Val Loss: 1.591e-02 | Active Proj %: 0.00 | Time: 6.86s
