2025-08-21 05:08:55,190:INFO:USING LONGER TRAJ DATA
2025-08-21 05:08:55,579:INFO:Created DataLoaders with 2994 training samples and 998 validation samples.
2025-08-21 05:08:57,727:INFO:model params: 2512001
2025-08-21 05:09:03,234:INFO:Epoch: 0/40000 | Train Loss: 1.898e+00 | Dynamic Loss: 1.801e+00 | Regularization Loss: 9.750e-02 | Val Loss: 1.811e+00 | Active Proj %: 0.00 | Time: 5.40s
2025-08-21 05:09:03,234:INFO:New best model found at epoch 0 with validation loss 1.811e+00. Saving...
2025-08-21 05:09:09,794:INFO:Epoch: 50/40000 | Train Loss: 1.694e+00 | Dynamic Loss: 1.688e+00 | Regularization Loss: 6.743e-03 | Val Loss: 1.702e+00 | Active Proj %: 0.00 | Time: 6.42s
2025-08-21 05:09:09,794:INFO:New best model found at epoch 50 with validation loss 1.702e+00. Saving...
2025-08-21 05:09:16,361:INFO:Epoch: 100/40000 | Train Loss: 1.658e+00 | Dynamic Loss: 1.655e+00 | Regularization Loss: 2.811e-03 | Val Loss: 1.668e+00 | Active Proj %: 0.00 | Time: 6.44s
2025-08-21 05:09:16,361:INFO:New best model found at epoch 100 with validation loss 1.668e+00. Saving...
2025-08-21 05:09:26,645:INFO:Epoch: 150/40000 | Train Loss: 1.606e+00 | Dynamic Loss: 1.605e+00 | Regularization Loss: 1.614e-03 | Val Loss: 1.618e+00 | Active Proj %: 0.00 | Time: 10.15s
2025-08-21 05:09:26,645:INFO:New best model found at epoch 150 with validation loss 1.618e+00. Saving...
2025-08-21 05:09:33,430:INFO:Epoch: 200/40000 | Train Loss: 1.558e+00 | Dynamic Loss: 1.557e+00 | Regularization Loss: 1.069e-03 | Val Loss: 1.570e+00 | Active Proj %: 0.00 | Time: 6.65s
2025-08-21 05:09:33,431:INFO:New best model found at epoch 200 with validation loss 1.570e+00. Saving...
2025-08-21 05:09:40,210:INFO:Epoch: 250/40000 | Train Loss: 1.481e+00 | Dynamic Loss: 1.481e+00 | Regularization Loss: 7.697e-04 | Val Loss: 1.483e+00 | Active Proj %: 0.00 | Time: 6.65s
2025-08-21 05:09:40,210:INFO:New best model found at epoch 250 with validation loss 1.483e+00. Saving...
2025-08-21 05:09:49,388:INFO:Epoch: 300/40000 | Train Loss: 1.434e+00 | Dynamic Loss: 1.434e+00 | Regularization Loss: 5.847e-04 | Val Loss: 1.439e+00 | Active Proj %: 0.00 | Time: 9.05s
2025-08-21 05:09:49,388:INFO:New best model found at epoch 300 with validation loss 1.439e+00. Saving...
2025-08-21 05:09:56,226:INFO:Epoch: 350/40000 | Train Loss: 1.371e+00 | Dynamic Loss: 1.371e+00 | Regularization Loss: 4.613e-04 | Val Loss: 1.387e+00 | Active Proj %: 0.00 | Time: 6.70s
2025-08-21 05:09:56,226:INFO:New best model found at epoch 350 with validation loss 1.387e+00. Saving...
2025-08-21 05:10:03,089:INFO:Epoch: 400/40000 | Train Loss: 1.332e+00 | Dynamic Loss: 1.332e+00 | Regularization Loss: 3.743e-04 | Val Loss: 1.350e+00 | Active Proj %: 0.00 | Time: 6.73s
2025-08-21 05:10:03,089:INFO:New best model found at epoch 400 with validation loss 1.350e+00. Saving...
2025-08-21 05:10:09,848:INFO:Epoch: 450/40000 | Train Loss: 1.321e+00 | Dynamic Loss: 1.321e+00 | Regularization Loss: 3.104e-04 | Val Loss: 1.339e+00 | Active Proj %: 0.00 | Time: 6.64s
2025-08-21 05:10:09,848:INFO:New best model found at epoch 450 with validation loss 1.339e+00. Saving...
2025-08-21 05:10:21,626:INFO:Epoch: 500/40000 | Train Loss: 1.296e+00 | Dynamic Loss: 1.296e+00 | Regularization Loss: 2.615e-04 | Val Loss: 1.321e+00 | Active Proj %: 0.00 | Time: 11.65s
2025-08-21 05:10:21,626:INFO:New best model found at epoch 500 with validation loss 1.321e+00. Saving...
2025-08-21 05:10:28,504:INFO:Epoch: 550/40000 | Train Loss: 1.267e+00 | Dynamic Loss: 1.266e+00 | Regularization Loss: 2.236e-04 | Val Loss: 1.290e+00 | Active Proj %: 0.00 | Time: 6.75s
2025-08-21 05:10:28,504:INFO:New best model found at epoch 550 with validation loss 1.290e+00. Saving...
2025-08-21 05:10:35,418:INFO:Epoch: 600/40000 | Train Loss: 1.240e+00 | Dynamic Loss: 1.240e+00 | Regularization Loss: 1.935e-04 | Val Loss: 1.268e+00 | Active Proj %: 0.00 | Time: 6.79s
2025-08-21 05:10:35,418:INFO:New best model found at epoch 600 with validation loss 1.268e+00. Saving...
2025-08-21 05:10:43,094:INFO:Epoch: 650/40000 | Train Loss: 1.241e+00 | Dynamic Loss: 1.241e+00 | Regularization Loss: 1.690e-04 | Val Loss: 1.260e+00 | Active Proj %: 0.00 | Time: 7.55s
2025-08-21 05:10:43,094:INFO:New best model found at epoch 650 with validation loss 1.260e+00. Saving...
2025-08-21 05:10:49,918:INFO:Epoch: 700/40000 | Train Loss: 1.262e+00 | Dynamic Loss: 1.262e+00 | Regularization Loss: 1.489e-04 | Val Loss: 1.298e+00 | Active Proj %: 0.00 | Time: 6.70s
2025-08-21 05:10:56,847:INFO:Epoch: 750/40000 | Train Loss: 1.176e+00 | Dynamic Loss: 1.175e+00 | Regularization Loss: 1.321e-04 | Val Loss: 1.212e+00 | Active Proj %: 0.00 | Time: 6.82s
2025-08-21 05:10:56,847:INFO:New best model found at epoch 750 with validation loss 1.212e+00. Saving...
2025-08-21 05:11:03,750:INFO:Epoch: 800/40000 | Train Loss: 1.143e+00 | Dynamic Loss: 1.143e+00 | Regularization Loss: 1.179e-04 | Val Loss: 1.179e+00 | Active Proj %: 0.00 | Time: 6.77s
2025-08-21 05:11:03,750:INFO:New best model found at epoch 800 with validation loss 1.179e+00. Saving...
2025-08-21 05:11:10,724:INFO:Epoch: 850/40000 | Train Loss: 1.118e+00 | Dynamic Loss: 1.118e+00 | Regularization Loss: 1.055e-04 | Val Loss: 1.175e+00 | Active Proj %: 0.00 | Time: 6.85s
2025-08-21 05:11:10,724:INFO:New best model found at epoch 850 with validation loss 1.175e+00. Saving...
2025-08-21 05:11:17,648:INFO:Epoch: 900/40000 | Train Loss: 1.138e+00 | Dynamic Loss: 1.138e+00 | Regularization Loss: 9.484e-05 | Val Loss: 1.180e+00 | Active Proj %: 0.00 | Time: 6.80s
2025-08-21 05:11:24,486:INFO:Epoch: 950/40000 | Train Loss: 1.073e+00 | Dynamic Loss: 1.073e+00 | Regularization Loss: 8.552e-05 | Val Loss: 1.121e+00 | Active Proj %: 0.00 | Time: 6.74s
2025-08-21 05:11:24,486:INFO:New best model found at epoch 950 with validation loss 1.121e+00. Saving...
2025-08-21 05:11:31,302:INFO:Epoch: 1000/40000 | Train Loss: 1.074e+00 | Dynamic Loss: 1.074e+00 | Regularization Loss: 7.772e-05 | Val Loss: 1.113e+00 | Active Proj %: 0.00 | Time: 6.69s
2025-08-21 05:11:31,302:INFO:New best model found at epoch 1000 with validation loss 1.113e+00. Saving...
2025-08-21 05:11:40,908:INFO:Epoch: 1050/40000 | Train Loss: 1.083e+00 | Dynamic Loss: 1.083e+00 | Regularization Loss: 7.069e-05 | Val Loss: 1.177e+00 | Active Proj %: 0.00 | Time: 9.48s
2025-08-21 05:11:47,748:INFO:Epoch: 1100/40000 | Train Loss: 1.112e+00 | Dynamic Loss: 1.112e+00 | Regularization Loss: 6.433e-05 | Val Loss: 1.196e+00 | Active Proj %: 0.00 | Time: 6.74s
2025-08-21 05:11:54,662:INFO:Epoch: 1150/40000 | Train Loss: 9.825e-01 | Dynamic Loss: 9.824e-01 | Regularization Loss: 5.900e-05 | Val Loss: 1.032e+00 | Active Proj %: 0.00 | Time: 6.81s
2025-08-21 05:11:54,662:INFO:New best model found at epoch 1150 with validation loss 1.032e+00. Saving...
2025-08-21 05:12:01,585:INFO:Epoch: 1200/40000 | Train Loss: 9.596e-01 | Dynamic Loss: 9.596e-01 | Regularization Loss: 5.362e-05 | Val Loss: 9.987e-01 | Active Proj %: 0.00 | Time: 6.80s
2025-08-21 05:12:01,585:INFO:New best model found at epoch 1200 with validation loss 9.987e-01. Saving...
2025-08-21 05:12:10,542:INFO:Epoch: 1250/40000 | Train Loss: 1.236e+00 | Dynamic Loss: 1.236e+00 | Regularization Loss: 4.906e-05 | Val Loss: 1.703e+00 | Active Proj %: 1.90 | Time: 8.82s
2025-08-21 05:12:17,446:INFO:Epoch: 1300/40000 | Train Loss: 9.174e-01 | Dynamic Loss: 9.174e-01 | Regularization Loss: 4.458e-05 | Val Loss: 9.610e-01 | Active Proj %: 0.00 | Time: 6.79s
2025-08-21 05:12:17,446:INFO:New best model found at epoch 1300 with validation loss 9.610e-01. Saving...
2025-08-21 05:12:24,327:INFO:Epoch: 1350/40000 | Train Loss: 1.264e+00 | Dynamic Loss: 1.264e+00 | Regularization Loss: 4.063e-05 | Val Loss: 1.006e+00 | Active Proj %: 2.93 | Time: 6.74s
2025-08-21 05:12:32,499:INFO:Epoch: 1400/40000 | Train Loss: 9.169e-01 | Dynamic Loss: 9.169e-01 | Regularization Loss: 3.689e-05 | Val Loss: 9.650e-01 | Active Proj %: 0.00 | Time: 8.05s
2025-08-21 05:12:39,445:INFO:Epoch: 1450/40000 | Train Loss: 8.435e-01 | Dynamic Loss: 8.435e-01 | Regularization Loss: 3.414e-05 | Val Loss: 8.876e-01 | Active Proj %: 0.00 | Time: 6.83s
2025-08-21 05:12:39,445:INFO:New best model found at epoch 1450 with validation loss 8.876e-01. Saving...
2025-08-21 05:12:46,398:INFO:Epoch: 1500/40000 | Train Loss: 9.163e-01 | Dynamic Loss: 9.163e-01 | Regularization Loss: 3.120e-05 | Val Loss: 9.515e-01 | Active Proj %: 0.00 | Time: 6.81s
2025-08-21 05:12:53,332:INFO:Epoch: 1550/40000 | Train Loss: 8.075e-01 | Dynamic Loss: 8.074e-01 | Regularization Loss: 2.854e-05 | Val Loss: 8.549e-01 | Active Proj %: 0.00 | Time: 6.81s
2025-08-21 05:12:53,332:INFO:New best model found at epoch 1550 with validation loss 8.549e-01. Saving...
2025-08-21 05:13:08,044:INFO:Epoch: 1600/40000 | Train Loss: 9.317e-01 | Dynamic Loss: 9.317e-01 | Regularization Loss: 2.612e-05 | Val Loss: 9.244e-01 | Active Proj %: 0.20 | Time: 14.57s
2025-08-21 05:13:15,151:INFO:Epoch: 1650/40000 | Train Loss: 7.814e-01 | Dynamic Loss: 7.814e-01 | Regularization Loss: 2.377e-05 | Val Loss: 8.320e-01 | Active Proj %: 0.00 | Time: 6.99s
2025-08-21 05:13:15,151:INFO:New best model found at epoch 1650 with validation loss 8.320e-01. Saving...
2025-08-21 05:13:22,106:INFO:Epoch: 1700/40000 | Train Loss: 8.059e-01 | Dynamic Loss: 8.058e-01 | Regularization Loss: 2.140e-05 | Val Loss: 8.526e-01 | Active Proj %: 0.00 | Time: 6.82s
2025-08-21 05:13:29,280:INFO:Epoch: 1750/40000 | Train Loss: 7.281e-01 | Dynamic Loss: 7.280e-01 | Regularization Loss: 1.977e-05 | Val Loss: 7.769e-01 | Active Proj %: 0.00 | Time: 7.06s
2025-08-21 05:13:29,280:INFO:New best model found at epoch 1750 with validation loss 7.769e-01. Saving...
2025-08-21 05:13:36,231:INFO:Epoch: 1800/40000 | Train Loss: 7.207e-01 | Dynamic Loss: 7.207e-01 | Regularization Loss: 1.782e-05 | Val Loss: 7.763e-01 | Active Proj %: 0.00 | Time: 6.81s
2025-08-21 05:13:36,231:INFO:New best model found at epoch 1800 with validation loss 7.763e-01. Saving...
2025-08-21 05:13:43,145:INFO:Epoch: 1850/40000 | Train Loss: 1.174e+00 | Dynamic Loss: 1.174e+00 | Regularization Loss: 1.640e-05 | Val Loss: 1.249e+00 | Active Proj %: 5.91 | Time: 6.78s
2025-08-21 05:13:50,221:INFO:Epoch: 1900/40000 | Train Loss: 7.280e-01 | Dynamic Loss: 7.280e-01 | Regularization Loss: 1.440e-05 | Val Loss: 7.676e-01 | Active Proj %: 0.00 | Time: 6.95s
2025-08-21 05:13:50,221:INFO:New best model found at epoch 1900 with validation loss 7.676e-01. Saving...
2025-08-21 05:13:57,253:INFO:Epoch: 1950/40000 | Train Loss: 6.531e-01 | Dynamic Loss: 6.531e-01 | Regularization Loss: 1.309e-05 | Val Loss: 7.058e-01 | Active Proj %: 0.00 | Time: 6.89s
2025-08-21 05:13:57,253:INFO:New best model found at epoch 1950 with validation loss 7.058e-01. Saving...
2025-08-21 05:14:04,282:INFO:Epoch: 2000/40000 | Train Loss: 6.530e-01 | Dynamic Loss: 6.529e-01 | Regularization Loss: 1.205e-05 | Val Loss: 7.040e-01 | Active Proj %: 0.00 | Time: 6.89s
2025-08-21 05:14:04,282:INFO:New best model found at epoch 2000 with validation loss 7.040e-01. Saving...
2025-08-21 05:14:11,365:INFO:Epoch: 2050/40000 | Train Loss: 6.299e-01 | Dynamic Loss: 6.299e-01 | Regularization Loss: 1.101e-05 | Val Loss: 7.080e-01 | Active Proj %: 0.00 | Time: 6.96s
2025-08-21 05:14:18,275:INFO:Epoch: 2100/40000 | Train Loss: 6.343e-01 | Dynamic Loss: 6.342e-01 | Regularization Loss: 1.010e-05 | Val Loss: 7.046e-01 | Active Proj %: 0.00 | Time: 6.80s
2025-08-21 05:14:25,269:INFO:Epoch: 2150/40000 | Train Loss: 6.110e-01 | Dynamic Loss: 6.110e-01 | Regularization Loss: 8.233e-06 | Val Loss: 6.620e-01 | Active Proj %: 0.00 | Time: 6.88s
2025-08-21 05:14:25,269:INFO:New best model found at epoch 2150 with validation loss 6.620e-01. Saving...
2025-08-21 05:14:32,380:INFO:Epoch: 2200/40000 | Train Loss: 6.277e-01 | Dynamic Loss: 6.277e-01 | Regularization Loss: 7.723e-06 | Val Loss: 6.834e-01 | Active Proj %: 0.00 | Time: 6.98s
2025-08-21 05:14:39,394:INFO:Epoch: 2250/40000 | Train Loss: 6.205e-01 | Dynamic Loss: 6.205e-01 | Regularization Loss: 7.340e-06 | Val Loss: 6.515e-01 | Active Proj %: 0.00 | Time: 6.91s
2025-08-21 05:14:39,394:INFO:New best model found at epoch 2250 with validation loss 6.515e-01. Saving...
2025-08-21 05:14:46,419:INFO:Epoch: 2300/40000 | Train Loss: 5.750e-01 | Dynamic Loss: 5.750e-01 | Regularization Loss: 7.024e-06 | Val Loss: 6.306e-01 | Active Proj %: 0.00 | Time: 6.90s
2025-08-21 05:14:46,419:INFO:New best model found at epoch 2300 with validation loss 6.306e-01. Saving...
2025-08-21 05:14:53,427:INFO:Epoch: 2350/40000 | Train Loss: 5.593e-01 | Dynamic Loss: 5.593e-01 | Regularization Loss: 6.619e-06 | Val Loss: 6.137e-01 | Active Proj %: 0.00 | Time: 6.88s
2025-08-21 05:14:53,427:INFO:New best model found at epoch 2350 with validation loss 6.137e-01. Saving...
2025-08-21 05:15:07,774:INFO:Epoch: 2400/40000 | Train Loss: 5.997e-01 | Dynamic Loss: 5.997e-01 | Regularization Loss: 6.139e-06 | Val Loss: 6.717e-01 | Active Proj %: 0.00 | Time: 14.21s
2025-08-21 05:15:14,793:INFO:Epoch: 2450/40000 | Train Loss: 5.348e-01 | Dynamic Loss: 5.348e-01 | Regularization Loss: 5.639e-06 | Val Loss: 5.886e-01 | Active Proj %: 0.00 | Time: 6.91s
2025-08-21 05:15:14,793:INFO:New best model found at epoch 2450 with validation loss 5.886e-01. Saving...
2025-08-21 05:15:21,847:INFO:Epoch: 2500/40000 | Train Loss: 8.297e-01 | Dynamic Loss: 8.297e-01 | Regularization Loss: 5.311e-06 | Val Loss: 6.315e-01 | Active Proj %: 4.84 | Time: 6.92s
2025-08-21 05:15:35,618:INFO:Epoch: 2550/40000 | Train Loss: 5.706e-01 | Dynamic Loss: 5.706e-01 | Regularization Loss: 4.669e-06 | Val Loss: 6.836e-01 | Active Proj %: 0.00 | Time: 13.66s
2025-08-21 05:15:42,680:INFO:Epoch: 2600/40000 | Train Loss: 5.099e-01 | Dynamic Loss: 5.098e-01 | Regularization Loss: 4.327e-06 | Val Loss: 5.692e-01 | Active Proj %: 0.00 | Time: 6.95s
2025-08-21 05:15:42,680:INFO:New best model found at epoch 2600 with validation loss 5.692e-01. Saving...
2025-08-21 05:15:49,699:INFO:Epoch: 2650/40000 | Train Loss: 5.570e-01 | Dynamic Loss: 5.570e-01 | Regularization Loss: 3.904e-06 | Val Loss: 6.106e-01 | Active Proj %: 0.00 | Time: 6.89s
2025-08-21 05:15:58,702:INFO:Epoch: 2700/40000 | Train Loss: 4.863e-01 | Dynamic Loss: 4.863e-01 | Regularization Loss: 3.652e-06 | Val Loss: 5.374e-01 | Active Proj %: 0.00 | Time: 8.89s
2025-08-21 05:15:58,703:INFO:New best model found at epoch 2700 with validation loss 5.374e-01. Saving...
2025-08-21 05:16:05,769:INFO:Epoch: 2750/40000 | Train Loss: 4.851e-01 | Dynamic Loss: 4.851e-01 | Regularization Loss: 3.304e-06 | Val Loss: 5.354e-01 | Active Proj %: 0.00 | Time: 6.93s
2025-08-21 05:16:05,769:INFO:New best model found at epoch 2750 with validation loss 5.354e-01. Saving...
2025-08-21 05:16:12,722:INFO:Epoch: 2800/40000 | Train Loss: 4.942e-01 | Dynamic Loss: 4.942e-01 | Regularization Loss: 2.936e-06 | Val Loss: 5.464e-01 | Active Proj %: 0.00 | Time: 6.82s
2025-08-21 05:16:22,683:INFO:Epoch: 2850/40000 | Train Loss: 6.000e-01 | Dynamic Loss: 6.000e-01 | Regularization Loss: 2.552e-06 | Val Loss: 5.672e-01 | Active Proj %: 0.11 | Time: 9.85s
2025-08-21 05:16:29,691:INFO:Epoch: 2900/40000 | Train Loss: 5.003e-01 | Dynamic Loss: 5.003e-01 | Regularization Loss: 2.406e-06 | Val Loss: 6.978e-01 | Active Proj %: 0.00 | Time: 6.90s
2025-08-21 05:16:36,725:INFO:Epoch: 2950/40000 | Train Loss: 6.683e-01 | Dynamic Loss: 6.683e-01 | Regularization Loss: 2.164e-06 | Val Loss: 6.856e-01 | Active Proj %: 2.45 | Time: 6.92s
2025-08-21 05:16:43,811:INFO:Epoch: 3000/40000 | Train Loss: 4.486e-01 | Dynamic Loss: 4.486e-01 | Regularization Loss: 2.073e-06 | Val Loss: 5.114e-01 | Active Proj %: 0.00 | Time: 6.97s
2025-08-21 05:16:43,811:INFO:New best model found at epoch 3000 with validation loss 5.114e-01. Saving...
2025-08-21 05:16:50,856:INFO:Epoch: 3050/40000 | Train Loss: 4.799e-01 | Dynamic Loss: 4.799e-01 | Regularization Loss: 1.698e-06 | Val Loss: 5.208e-01 | Active Proj %: 0.00 | Time: 6.91s
2025-08-21 05:16:57,978:INFO:Epoch: 3100/40000 | Train Loss: 4.275e-01 | Dynamic Loss: 4.275e-01 | Regularization Loss: 1.574e-06 | Val Loss: 4.827e-01 | Active Proj %: 0.00 | Time: 7.01s
2025-08-21 05:16:57,978:INFO:New best model found at epoch 3100 with validation loss 4.827e-01. Saving...
2025-08-21 05:17:05,059:INFO:Epoch: 3150/40000 | Train Loss: 4.309e-01 | Dynamic Loss: 4.309e-01 | Regularization Loss: 1.442e-06 | Val Loss: 4.861e-01 | Active Proj %: 0.00 | Time: 6.95s
2025-08-21 05:17:12,065:INFO:Epoch: 3200/40000 | Train Loss: 4.704e-01 | Dynamic Loss: 4.704e-01 | Regularization Loss: 1.276e-06 | Val Loss: 5.088e-01 | Active Proj %: 0.00 | Time: 6.89s
2025-08-21 05:17:19,143:INFO:Epoch: 3250/40000 | Train Loss: 5.132e-01 | Dynamic Loss: 5.132e-01 | Regularization Loss: 1.093e-06 | Val Loss: 5.165e-01 | Active Proj %: 0.05 | Time: 6.96s
2025-08-21 05:17:26,145:INFO:Epoch: 3300/40000 | Train Loss: 4.160e-01 | Dynamic Loss: 4.160e-01 | Regularization Loss: 9.940e-07 | Val Loss: 4.746e-01 | Active Proj %: 0.00 | Time: 6.89s
2025-08-21 05:17:26,145:INFO:New best model found at epoch 3300 with validation loss 4.746e-01. Saving...
2025-08-21 05:17:34,943:INFO:Epoch: 3350/40000 | Train Loss: 4.075e-01 | Dynamic Loss: 4.075e-01 | Regularization Loss: 8.566e-07 | Val Loss: 4.571e-01 | Active Proj %: 0.00 | Time: 8.66s
2025-08-21 05:17:34,943:INFO:New best model found at epoch 3350 with validation loss 4.571e-01. Saving...
2025-08-21 05:17:42,021:INFO:Epoch: 3400/40000 | Train Loss: 4.411e-01 | Dynamic Loss: 4.411e-01 | Regularization Loss: 7.406e-07 | Val Loss: 5.276e-01 | Active Proj %: 0.00 | Time: 6.94s
2025-08-21 05:17:48,985:INFO:Epoch: 3450/40000 | Train Loss: 3.900e-01 | Dynamic Loss: 3.900e-01 | Regularization Loss: 6.245e-07 | Val Loss: 4.388e-01 | Active Proj %: 0.00 | Time: 6.85s
2025-08-21 05:17:48,985:INFO:New best model found at epoch 3450 with validation loss 4.388e-01. Saving...
2025-08-21 05:18:03,008:INFO:Epoch: 3500/40000 | Train Loss: 4.264e-01 | Dynamic Loss: 4.264e-01 | Regularization Loss: 4.937e-07 | Val Loss: 4.754e-01 | Active Proj %: 0.00 | Time: 13.88s
2025-08-21 05:18:10,077:INFO:Epoch: 3550/40000 | Train Loss: 4.103e-01 | Dynamic Loss: 4.103e-01 | Regularization Loss: 4.341e-07 | Val Loss: 4.587e-01 | Active Proj %: 0.00 | Time: 6.95s
2025-08-21 05:18:17,108:INFO:Epoch: 3600/40000 | Train Loss: 4.472e-01 | Dynamic Loss: 4.472e-01 | Regularization Loss: 3.906e-07 | Val Loss: 4.919e-01 | Active Proj %: 0.00 | Time: 6.92s
2025-08-21 05:18:30,177:INFO:Epoch: 3650/40000 | Train Loss: 3.957e-01 | Dynamic Loss: 3.957e-01 | Regularization Loss: 3.519e-07 | Val Loss: 4.562e-01 | Active Proj %: 0.00 | Time: 12.95s
2025-08-21 05:18:37,285:INFO:Epoch: 3700/40000 | Train Loss: 3.667e-01 | Dynamic Loss: 3.667e-01 | Regularization Loss: 2.480e-07 | Val Loss: 4.218e-01 | Active Proj %: 0.00 | Time: 6.99s
2025-08-21 05:18:37,285:INFO:New best model found at epoch 3700 with validation loss 4.218e-01. Saving...
2025-08-21 05:18:44,368:INFO:Epoch: 3750/40000 | Train Loss: 3.643e-01 | Dynamic Loss: 3.643e-01 | Regularization Loss: 2.161e-07 | Val Loss: 4.190e-01 | Active Proj %: 0.00 | Time: 6.95s
2025-08-21 05:18:44,369:INFO:New best model found at epoch 3750 with validation loss 4.190e-01. Saving...
2025-08-21 05:18:56,657:INFO:Epoch: 3800/40000 | Train Loss: 3.724e-01 | Dynamic Loss: 3.724e-01 | Regularization Loss: 1.851e-07 | Val Loss: 4.651e-01 | Active Proj %: 0.00 | Time: 12.15s
2025-08-21 05:19:03,787:INFO:Epoch: 3850/40000 | Train Loss: 5.269e-01 | Dynamic Loss: 5.269e-01 | Regularization Loss: 1.495e-07 | Val Loss: 4.553e-01 | Active Proj %: 1.90 | Time: 7.01s
2025-08-21 05:19:10,890:INFO:Epoch: 3900/40000 | Train Loss: 3.541e-01 | Dynamic Loss: 3.541e-01 | Regularization Loss: 1.140e-07 | Val Loss: 4.226e-01 | Active Proj %: 0.00 | Time: 6.98s
2025-08-21 05:19:18,136:INFO:Epoch: 3950/40000 | Train Loss: 6.550e-01 | Dynamic Loss: 6.550e-01 | Regularization Loss: 9.317e-08 | Val Loss: 5.732e-01 | Active Proj %: 5.82 | Time: 7.13s
2025-08-21 05:19:25,308:INFO:Epoch: 4000/40000 | Train Loss: 3.628e-01 | Dynamic Loss: 3.628e-01 | Regularization Loss: 6.220e-08 | Val Loss: 4.067e-01 | Active Proj %: 0.00 | Time: 7.05s
2025-08-21 05:19:25,308:INFO:New best model found at epoch 4000 with validation loss 4.067e-01. Saving...
2025-08-21 05:19:32,527:INFO:Epoch: 4050/40000 | Train Loss: 3.485e-01 | Dynamic Loss: 3.485e-01 | Regularization Loss: 4.729e-08 | Val Loss: 4.014e-01 | Active Proj %: 0.00 | Time: 7.08s
2025-08-21 05:19:32,527:INFO:New best model found at epoch 4050 with validation loss 4.014e-01. Saving...
2025-08-21 05:19:39,740:INFO:Epoch: 4100/40000 | Train Loss: 8.920e-01 | Dynamic Loss: 8.920e-01 | Regularization Loss: 4.499e-08 | Val Loss: 5.789e-01 | Active Proj %: 9.05 | Time: 7.09s
2025-08-21 05:19:46,852:INFO:Epoch: 4150/40000 | Train Loss: 3.819e-01 | Dynamic Loss: 3.819e-01 | Regularization Loss: 3.136e-08 | Val Loss: 4.445e-01 | Active Proj %: 0.16 | Time: 7.01s
2025-08-21 05:19:53,964:INFO:Epoch: 4200/40000 | Train Loss: 5.271e-01 | Dynamic Loss: 5.271e-01 | Regularization Loss: 2.019e-08 | Val Loss: 4.435e-01 | Active Proj %: 3.69 | Time: 7.01s
2025-08-21 05:20:01,150:INFO:Epoch: 4250/40000 | Train Loss: 3.281e-01 | Dynamic Loss: 3.281e-01 | Regularization Loss: 1.657e-08 | Val Loss: 3.729e-01 | Active Proj %: 0.00 | Time: 7.08s
2025-08-21 05:20:01,150:INFO:New best model found at epoch 4250 with validation loss 3.729e-01. Saving...
2025-08-21 05:20:08,334:INFO:Epoch: 4300/40000 | Train Loss: 3.423e-01 | Dynamic Loss: 3.423e-01 | Regularization Loss: 1.285e-08 | Val Loss: 3.817e-01 | Active Proj %: 0.05 | Time: 7.06s
2025-08-21 05:20:15,461:INFO:Epoch: 4350/40000 | Train Loss: 3.381e-01 | Dynamic Loss: 3.381e-01 | Regularization Loss: 9.834e-09 | Val Loss: 3.841e-01 | Active Proj %: 0.00 | Time: 7.03s
2025-08-21 05:20:22,473:INFO:Epoch: 4400/40000 | Train Loss: 3.389e-01 | Dynamic Loss: 3.389e-01 | Regularization Loss: 4.712e-09 | Val Loss: 3.756e-01 | Active Proj %: 0.00 | Time: 6.91s
2025-08-21 05:20:30,806:INFO:Epoch: 4450/40000 | Train Loss: 3.708e-01 | Dynamic Loss: 3.708e-01 | Regularization Loss: 3.384e-09 | Val Loss: 3.822e-01 | Active Proj %: 0.00 | Time: 8.23s
2025-08-21 05:20:37,666:INFO:Epoch: 4500/40000 | Train Loss: 3.006e-01 | Dynamic Loss: 3.006e-01 | Regularization Loss: 1.986e-09 | Val Loss: 3.424e-01 | Active Proj %: 0.00 | Time: 6.76s
2025-08-21 05:20:37,666:INFO:New best model found at epoch 4500 with validation loss 3.424e-01. Saving...
2025-08-21 05:20:44,738:INFO:Epoch: 4550/40000 | Train Loss: 3.326e-01 | Dynamic Loss: 3.326e-01 | Regularization Loss: 8.900e-10 | Val Loss: 4.432e-01 | Active Proj %: 0.21 | Time: 6.95s
2025-08-21 05:20:51,594:INFO:Epoch: 4600/40000 | Train Loss: 2.956e-01 | Dynamic Loss: 2.956e-01 | Regularization Loss: 4.714e-10 | Val Loss: 3.409e-01 | Active Proj %: 0.05 | Time: 6.75s
2025-08-21 05:20:51,594:INFO:New best model found at epoch 4600 with validation loss 3.409e-01. Saving...
2025-08-21 05:21:04,716:INFO:Epoch: 4650/40000 | Train Loss: 2.989e-01 | Dynamic Loss: 2.989e-01 | Regularization Loss: 2.984e-10 | Val Loss: 3.402e-01 | Active Proj %: 0.00 | Time: 12.99s
2025-08-21 05:21:04,716:INFO:New best model found at epoch 4650 with validation loss 3.402e-01. Saving...
2025-08-21 05:21:11,679:INFO:Epoch: 4700/40000 | Train Loss: 2.889e-01 | Dynamic Loss: 2.889e-01 | Regularization Loss: 2.136e-10 | Val Loss: 3.323e-01 | Active Proj %: 0.00 | Time: 6.84s
2025-08-21 05:21:11,680:INFO:New best model found at epoch 4700 with validation loss 3.323e-01. Saving...
2025-08-21 05:21:18,613:INFO:Epoch: 4750/40000 | Train Loss: 2.938e-01 | Dynamic Loss: 2.938e-01 | Regularization Loss: 1.570e-10 | Val Loss: 3.545e-01 | Active Proj %: 0.16 | Time: 6.81s
2025-08-21 05:21:25,549:INFO:Epoch: 4800/40000 | Train Loss: 3.823e-01 | Dynamic Loss: 3.823e-01 | Regularization Loss: 1.118e-10 | Val Loss: 4.093e-01 | Active Proj %: 1.46 | Time: 6.83s
2025-08-21 05:21:32,480:INFO:Epoch: 4850/40000 | Train Loss: 3.429e-01 | Dynamic Loss: 3.429e-01 | Regularization Loss: 5.976e-11 | Val Loss: 3.236e-01 | Active Proj %: 0.49 | Time: 6.83s
2025-08-21 05:21:32,480:INFO:New best model found at epoch 4850 with validation loss 3.236e-01. Saving...
2025-08-21 05:21:43,941:INFO:Epoch: 4900/40000 | Train Loss: 3.697e-01 | Dynamic Loss: 3.697e-01 | Regularization Loss: 4.718e-11 | Val Loss: 5.515e-01 | Active Proj %: 1.61 | Time: 11.34s
2025-08-21 05:21:50,894:INFO:Epoch: 4950/40000 | Train Loss: 2.685e-01 | Dynamic Loss: 2.685e-01 | Regularization Loss: 8.821e-12 | Val Loss: 3.134e-01 | Active Proj %: 0.00 | Time: 6.85s
2025-08-21 05:21:50,894:INFO:New best model found at epoch 4950 with validation loss 3.134e-01. Saving...
2025-08-21 05:21:57,825:INFO:Epoch: 5000/40000 | Train Loss: 2.853e-01 | Dynamic Loss: 2.853e-01 | Regularization Loss: 5.315e-12 | Val Loss: 3.592e-01 | Active Proj %: 0.05 | Time: 6.80s
2025-08-21 05:22:04,754:INFO:Epoch: 5050/40000 | Train Loss: 6.052e-01 | Dynamic Loss: 6.052e-01 | Regularization Loss: 3.039e-12 | Val Loss: 4.827e-01 | Active Proj %: 16.30 | Time: 6.81s
2025-08-21 05:22:16,985:INFO:Epoch: 5100/40000 | Train Loss: 2.643e-01 | Dynamic Loss: 2.643e-01 | Regularization Loss: 6.694e-13 | Val Loss: 2.932e-01 | Active Proj %: 0.00 | Time: 12.12s
2025-08-21 05:22:16,986:INFO:New best model found at epoch 5100 with validation loss 2.932e-01. Saving...
2025-08-21 05:22:24,017:INFO:Epoch: 5150/40000 | Train Loss: 2.604e-01 | Dynamic Loss: 2.604e-01 | Regularization Loss: 3.981e-13 | Val Loss: 2.983e-01 | Active Proj %: 0.10 | Time: 6.89s
2025-08-21 05:22:30,932:INFO:Epoch: 5200/40000 | Train Loss: 2.862e-01 | Dynamic Loss: 2.862e-01 | Regularization Loss: 2.426e-13 | Val Loss: 3.292e-01 | Active Proj %: 0.00 | Time: 6.80s
2025-08-21 05:22:37,912:INFO:Epoch: 5250/40000 | Train Loss: 2.921e-01 | Dynamic Loss: 2.921e-01 | Regularization Loss: 1.703e-13 | Val Loss: 3.613e-01 | Active Proj %: 0.00 | Time: 6.86s
2025-08-21 05:22:51,591:INFO:Epoch: 5300/40000 | Train Loss: 3.308e-01 | Dynamic Loss: 3.308e-01 | Regularization Loss: 9.537e-14 | Val Loss: 6.930e-01 | Active Proj %: 0.35 | Time: 13.56s
2025-08-21 05:22:58,560:INFO:Epoch: 5350/40000 | Train Loss: 2.576e-01 | Dynamic Loss: 2.576e-01 | Regularization Loss: 2.605e-14 | Val Loss: 2.968e-01 | Active Proj %: 0.00 | Time: 6.85s
2025-08-21 05:23:05,560:INFO:Epoch: 5400/40000 | Train Loss: 2.405e-01 | Dynamic Loss: 2.405e-01 | Regularization Loss: 1.732e-14 | Val Loss: 2.846e-01 | Active Proj %: 0.16 | Time: 6.88s
2025-08-21 05:23:05,560:INFO:New best model found at epoch 5400 with validation loss 2.846e-01. Saving...
2025-08-21 05:23:12,542:INFO:Epoch: 5450/40000 | Train Loss: 3.179e-01 | Dynamic Loss: 3.179e-01 | Regularization Loss: 1.098e-14 | Val Loss: 3.863e-01 | Active Proj %: 1.18 | Time: 6.84s
2025-08-21 05:23:19,419:INFO:Epoch: 5500/40000 | Train Loss: 2.712e-01 | Dynamic Loss: 2.712e-01 | Regularization Loss: 6.177e-15 | Val Loss: 3.141e-01 | Active Proj %: 0.10 | Time: 6.76s
2025-08-21 05:23:34,083:INFO:Epoch: 5550/40000 | Train Loss: 2.685e-01 | Dynamic Loss: 2.685e-01 | Regularization Loss: 4.840e-15 | Val Loss: 3.207e-01 | Active Proj %: 0.91 | Time: 14.55s
2025-08-21 05:23:41,035:INFO:Epoch: 5600/40000 | Train Loss: 2.542e-01 | Dynamic Loss: 2.542e-01 | Regularization Loss: 2.330e-15 | Val Loss: 3.076e-01 | Active Proj %: 0.20 | Time: 6.83s
2025-08-21 05:23:47,999:INFO:Epoch: 5650/40000 | Train Loss: 3.396e-01 | Dynamic Loss: 3.396e-01 | Regularization Loss: 1.733e-15 | Val Loss: 3.815e-01 | Active Proj %: 3.02 | Time: 6.84s
2025-08-21 05:23:54,910:INFO:Epoch: 5700/40000 | Train Loss: 2.463e-01 | Dynamic Loss: 2.463e-01 | Regularization Loss: 8.138e-16 | Val Loss: 2.745e-01 | Active Proj %: 0.21 | Time: 6.79s
2025-08-21 05:23:54,910:INFO:New best model found at epoch 5700 with validation loss 2.745e-01. Saving...
2025-08-21 05:24:01,977:INFO:Epoch: 5750/40000 | Train Loss: 2.672e-01 | Dynamic Loss: 2.672e-01 | Regularization Loss: 4.588e-16 | Val Loss: 2.921e-01 | Active Proj %: 0.16 | Time: 6.93s
2025-08-21 05:24:08,929:INFO:Epoch: 5800/40000 | Train Loss: 2.691e-01 | Dynamic Loss: 2.691e-01 | Regularization Loss: 2.697e-16 | Val Loss: 3.348e-01 | Active Proj %: 1.74 | Time: 6.83s
2025-08-21 05:24:15,899:INFO:Epoch: 5850/40000 | Train Loss: 3.475e-01 | Dynamic Loss: 3.475e-01 | Regularization Loss: 1.222e-16 | Val Loss: 2.899e-01 | Active Proj %: 2.24 | Time: 6.85s
2025-08-21 05:24:22,828:INFO:Epoch: 5900/40000 | Train Loss: 2.760e-01 | Dynamic Loss: 2.760e-01 | Regularization Loss: 3.578e-17 | Val Loss: 3.101e-01 | Active Proj %: 1.63 | Time: 6.81s
2025-08-21 05:24:35,798:INFO:Epoch: 5950/40000 | Train Loss: 2.684e-01 | Dynamic Loss: 2.684e-01 | Regularization Loss: 1.158e-17 | Val Loss: 3.228e-01 | Active Proj %: 0.13 | Time: 12.85s
2025-08-21 05:24:42,759:INFO:Epoch: 6000/40000 | Train Loss: 2.535e-01 | Dynamic Loss: 2.535e-01 | Regularization Loss: 5.986e-18 | Val Loss: 2.860e-01 | Active Proj %: 0.13 | Time: 6.84s
2025-08-21 05:24:49,687:INFO:Epoch: 6050/40000 | Train Loss: 2.350e-01 | Dynamic Loss: 2.350e-01 | Regularization Loss: 2.736e-18 | Val Loss: 3.559e-01 | Active Proj %: 1.29 | Time: 6.81s
2025-08-21 05:24:56,682:INFO:Epoch: 6100/40000 | Train Loss: 2.573e-01 | Dynamic Loss: 2.573e-01 | Regularization Loss: 8.466e-19 | Val Loss: 2.914e-01 | Active Proj %: 1.23 | Time: 6.87s
2025-08-21 05:25:11,281:INFO:Epoch: 6150/40000 | Train Loss: 2.170e-01 | Dynamic Loss: 2.170e-01 | Regularization Loss: 4.947e-19 | Val Loss: 2.579e-01 | Active Proj %: 0.39 | Time: 14.48s
2025-08-21 05:25:11,281:INFO:New best model found at epoch 6150 with validation loss 2.579e-01. Saving...
2025-08-21 05:25:18,331:INFO:Epoch: 6200/40000 | Train Loss: 2.786e-01 | Dynamic Loss: 2.786e-01 | Regularization Loss: 2.605e-19 | Val Loss: 3.660e-01 | Active Proj %: 1.72 | Time: 6.91s
2025-08-21 05:25:25,276:INFO:Epoch: 6250/40000 | Train Loss: 3.729e-01 | Dynamic Loss: 3.729e-01 | Regularization Loss: 1.891e-21 | Val Loss: 3.984e-01 | Active Proj %: 1.57 | Time: 6.82s
2025-08-21 05:25:32,271:INFO:Epoch: 6300/40000 | Train Loss: 2.862e-01 | Dynamic Loss: 2.862e-01 | Regularization Loss: 1.430e-21 | Val Loss: 2.928e-01 | Active Proj %: 3.42 | Time: 6.87s
2025-08-21 05:25:39,223:INFO:Epoch: 6350/40000 | Train Loss: 2.239e-01 | Dynamic Loss: 2.239e-01 | Regularization Loss: 8.688e-22 | Val Loss: 2.612e-01 | Active Proj %: 0.68 | Time: 6.83s
2025-08-21 05:25:48,876:INFO:Epoch: 6400/40000 | Train Loss: 2.291e-01 | Dynamic Loss: 2.291e-01 | Regularization Loss: 7.237e-22 | Val Loss: 3.107e-01 | Active Proj %: 1.36 | Time: 9.53s
2025-08-21 05:25:55,858:INFO:Epoch: 6450/40000 | Train Loss: 2.137e-01 | Dynamic Loss: 2.137e-01 | Regularization Loss: 5.690e-22 | Val Loss: 2.575e-01 | Active Proj %: 1.53 | Time: 6.86s
2025-08-21 05:25:55,858:INFO:New best model found at epoch 6450 with validation loss 2.575e-01. Saving...
2025-08-21 05:26:02,818:INFO:Epoch: 6500/40000 | Train Loss: 1.997e-01 | Dynamic Loss: 1.997e-01 | Regularization Loss: 4.815e-22 | Val Loss: 2.278e-01 | Active Proj %: 0.79 | Time: 6.82s
2025-08-21 05:26:02,818:INFO:New best model found at epoch 6500 with validation loss 2.278e-01. Saving...
2025-08-21 05:26:09,786:INFO:Epoch: 6550/40000 | Train Loss: 3.510e-01 | Dynamic Loss: 3.510e-01 | Regularization Loss: 1.287e-22 | Val Loss: 3.593e-01 | Active Proj %: 0.86 | Time: 6.83s
2025-08-21 05:26:16,754:INFO:Epoch: 6600/40000 | Train Loss: 2.036e-01 | Dynamic Loss: 2.036e-01 | Regularization Loss: 9.419e-23 | Val Loss: 2.360e-01 | Active Proj %: 0.61 | Time: 6.85s
2025-08-21 05:26:23,703:INFO:Epoch: 6650/40000 | Train Loss: 2.424e-01 | Dynamic Loss: 2.424e-01 | Regularization Loss: 8.400e-23 | Val Loss: 2.669e-01 | Active Proj %: 2.16 | Time: 6.83s
2025-08-21 05:26:38,738:INFO:Epoch: 6700/40000 | Train Loss: 3.591e-01 | Dynamic Loss: 3.591e-01 | Regularization Loss: 4.356e-23 | Val Loss: 4.918e-01 | Active Proj %: 11.64 | Time: 14.91s
2025-08-21 05:26:45,766:INFO:Epoch: 6750/40000 | Train Loss: 2.624e-01 | Dynamic Loss: 2.624e-01 | Regularization Loss: 2.620e-23 | Val Loss: 2.288e-01 | Active Proj %: 6.57 | Time: 6.90s
2025-08-21 05:26:52,769:INFO:Epoch: 6800/40000 | Train Loss: 2.076e-01 | Dynamic Loss: 2.076e-01 | Regularization Loss: 2.120e-23 | Val Loss: 2.287e-01 | Active Proj %: 0.83 | Time: 6.88s
2025-08-21 05:26:59,762:INFO:Epoch: 6850/40000 | Train Loss: 2.280e-01 | Dynamic Loss: 2.280e-01 | Regularization Loss: 1.408e-23 | Val Loss: 2.506e-01 | Active Proj %: 1.54 | Time: 6.87s
2025-08-21 05:27:08,017:INFO:Epoch: 6900/40000 | Train Loss: 2.125e-01 | Dynamic Loss: 2.125e-01 | Regularization Loss: 1.072e-23 | Val Loss: 2.332e-01 | Active Proj %: 2.10 | Time: 8.13s
2025-08-21 05:27:14,968:INFO:Epoch: 6950/40000 | Train Loss: 2.250e-01 | Dynamic Loss: 2.250e-01 | Regularization Loss: 8.706e-24 | Val Loss: 3.029e-01 | Active Proj %: 5.01 | Time: 6.83s
2025-08-21 05:27:22,247:INFO:Epoch: 7000/40000 | Train Loss: 3.172e-01 | Dynamic Loss: 3.172e-01 | Regularization Loss: 6.104e-24 | Val Loss: 3.753e-01 | Active Proj %: 12.25 | Time: 7.15s
2025-08-21 05:27:29,251:INFO:Epoch: 7050/40000 | Train Loss: 3.819e-01 | Dynamic Loss: 3.819e-01 | Regularization Loss: 4.551e-24 | Val Loss: 3.396e-01 | Active Proj %: 16.50 | Time: 6.89s
2025-08-21 05:27:36,391:INFO:Epoch: 7100/40000 | Train Loss: 2.252e-01 | Dynamic Loss: 2.252e-01 | Regularization Loss: 4.467e-25 | Val Loss: 2.442e-01 | Active Proj %: 0.46 | Time: 7.02s
2025-08-21 05:27:43,383:INFO:Epoch: 7150/40000 | Train Loss: 1.988e-01 | Dynamic Loss: 1.988e-01 | Regularization Loss: 3.677e-25 | Val Loss: 2.144e-01 | Active Proj %: 2.02 | Time: 6.87s
2025-08-21 05:27:43,383:INFO:New best model found at epoch 7150 with validation loss 2.144e-01. Saving...
2025-08-21 05:27:50,387:INFO:Epoch: 7200/40000 | Train Loss: 2.028e-01 | Dynamic Loss: 2.028e-01 | Regularization Loss: 3.185e-25 | Val Loss: 2.522e-01 | Active Proj %: 1.79 | Time: 6.86s
2025-08-21 05:27:57,418:INFO:Epoch: 7250/40000 | Train Loss: 2.872e-01 | Dynamic Loss: 2.872e-01 | Regularization Loss: 2.855e-25 | Val Loss: 3.426e-01 | Active Proj %: 12.20 | Time: 6.91s
2025-08-21 05:28:06,923:INFO:Epoch: 7300/40000 | Train Loss: 2.073e-01 | Dynamic Loss: 2.073e-01 | Regularization Loss: 2.472e-25 | Val Loss: 2.936e-01 | Active Proj %: 3.83 | Time: 9.39s
2025-08-21 05:28:13,868:INFO:Epoch: 7350/40000 | Train Loss: 6.329e-01 | Dynamic Loss: 6.329e-01 | Regularization Loss: 9.323e-28 | Val Loss: 6.242e-01 | Active Proj %: 0.71 | Time: 6.82s
2025-08-21 05:28:20,796:INFO:Epoch: 7400/40000 | Train Loss: 2.588e-01 | Dynamic Loss: 2.588e-01 | Regularization Loss: 5.992e-28 | Val Loss: 2.873e-01 | Active Proj %: 0.56 | Time: 6.81s
2025-08-21 05:28:27,750:INFO:Epoch: 7450/40000 | Train Loss: 2.389e-01 | Dynamic Loss: 2.389e-01 | Regularization Loss: 5.806e-28 | Val Loss: 2.728e-01 | Active Proj %: 6.78 | Time: 6.83s
2025-08-21 05:28:35,491:INFO:Epoch: 7500/40000 | Train Loss: 8.395e-01 | Dynamic Loss: 8.395e-01 | Regularization Loss: 2.909e-28 | Val Loss: 6.503e-01 | Active Proj %: 43.54 | Time: 7.63s
2025-08-21 05:28:42,433:INFO:Epoch: 7550/40000 | Train Loss: 3.059e-01 | Dynamic Loss: 3.059e-01 | Regularization Loss: 1.545e-28 | Val Loss: 3.012e-01 | Active Proj %: 16.13 | Time: 6.83s
2025-08-21 05:28:49,407:INFO:Epoch: 7600/40000 | Train Loss: 1.915e-01 | Dynamic Loss: 1.915e-01 | Regularization Loss: 9.349e-29 | Val Loss: 2.148e-01 | Active Proj %: 1.36 | Time: 6.86s
2025-08-21 05:28:56,426:INFO:Epoch: 7650/40000 | Train Loss: 2.198e-01 | Dynamic Loss: 2.198e-01 | Regularization Loss: 9.841e-29 | Val Loss: 2.019e-01 | Active Proj %: 3.96 | Time: 6.91s
2025-08-21 05:28:56,426:INFO:New best model found at epoch 7650 with validation loss 2.019e-01. Saving...
2025-08-21 05:29:03,461:INFO:Epoch: 7700/40000 | Train Loss: 6.018e-01 | Dynamic Loss: 6.018e-01 | Regularization Loss: 1.311e-29 | Val Loss: 6.153e-01 | Active Proj %: 0.57 | Time: 6.77s
2025-08-21 05:29:10,409:INFO:Epoch: 7750/40000 | Train Loss: 1.827e-01 | Dynamic Loss: 1.827e-01 | Regularization Loss: 9.070e-30 | Val Loss: 2.120e-01 | Active Proj %: 0.94 | Time: 6.83s
2025-08-21 05:29:17,360:INFO:Epoch: 7800/40000 | Train Loss: 2.863e-01 | Dynamic Loss: 2.863e-01 | Regularization Loss: 1.455e-30 | Val Loss: 2.974e-01 | Active Proj %: 4.71 | Time: 6.84s
2025-08-21 05:29:24,324:INFO:Epoch: 7850/40000 | Train Loss: 3.999e-01 | Dynamic Loss: 3.999e-01 | Regularization Loss: 6.241e-31 | Val Loss: 4.369e-01 | Active Proj %: 1.42 | Time: 6.85s
2025-08-21 05:29:36,893:INFO:Epoch: 7900/40000 | Train Loss: 2.215e-01 | Dynamic Loss: 2.215e-01 | Regularization Loss: 5.012e-31 | Val Loss: 2.144e-01 | Active Proj %: 7.74 | Time: 12.45s
2025-08-21 05:29:43,815:INFO:Epoch: 7950/40000 | Train Loss: 1.842e-01 | Dynamic Loss: 1.842e-01 | Regularization Loss: 4.805e-31 | Val Loss: 2.108e-01 | Active Proj %: 2.28 | Time: 6.81s
2025-08-21 05:29:50,935:INFO:Epoch: 8000/40000 | Train Loss: 1.753e-01 | Dynamic Loss: 1.753e-01 | Regularization Loss: 4.574e-31 | Val Loss: 2.041e-01 | Active Proj %: 0.66 | Time: 7.01s
2025-08-21 05:29:57,896:INFO:Epoch: 8050/40000 | Train Loss: 1.999e-01 | Dynamic Loss: 1.999e-01 | Regularization Loss: 4.331e-31 | Val Loss: 2.099e-01 | Active Proj %: 6.19 | Time: 6.85s
2025-08-21 05:30:04,828:INFO:Epoch: 8100/40000 | Train Loss: 1.781e-01 | Dynamic Loss: 1.781e-01 | Regularization Loss: 4.048e-31 | Val Loss: 2.018e-01 | Active Proj %: 2.57 | Time: 6.82s
2025-08-21 05:30:04,828:INFO:New best model found at epoch 8100 with validation loss 2.018e-01. Saving...
2025-08-21 05:30:19,447:INFO:Epoch: 8150/40000 | Train Loss: 2.050e-01 | Dynamic Loss: 2.050e-01 | Regularization Loss: 3.447e-31 | Val Loss: 2.194e-01 | Active Proj %: 3.53 | Time: 14.48s
2025-08-21 05:30:26,407:INFO:Epoch: 8200/40000 | Train Loss: 1.947e-01 | Dynamic Loss: 1.947e-01 | Regularization Loss: 3.260e-31 | Val Loss: 2.226e-01 | Active Proj %: 6.27 | Time: 6.86s
2025-08-21 05:30:33,390:INFO:Epoch: 8250/40000 | Train Loss: 1.763e-01 | Dynamic Loss: 1.763e-01 | Regularization Loss: 2.294e-31 | Val Loss: 1.853e-01 | Active Proj %: 4.36 | Time: 6.88s
2025-08-21 05:30:33,390:INFO:New best model found at epoch 8250 with validation loss 1.853e-01. Saving...
2025-08-21 05:30:40,301:INFO:Epoch: 8300/40000 | Train Loss: 2.622e-01 | Dynamic Loss: 2.622e-01 | Regularization Loss: 1.933e-31 | Val Loss: 2.515e-01 | Active Proj %: 18.73 | Time: 6.79s
2025-08-21 05:30:51,651:INFO:Epoch: 8350/40000 | Train Loss: 1.938e-01 | Dynamic Loss: 1.938e-01 | Regularization Loss: 1.255e-31 | Val Loss: 1.997e-01 | Active Proj %: 5.94 | Time: 11.25s
2025-08-21 05:30:58,601:INFO:Epoch: 8400/40000 | Train Loss: 1.882e-01 | Dynamic Loss: 1.882e-01 | Regularization Loss: 1.102e-31 | Val Loss: 2.182e-01 | Active Proj %: 5.99 | Time: 6.85s
2025-08-21 05:31:05,516:INFO:Epoch: 8450/40000 | Train Loss: 1.936e-01 | Dynamic Loss: 1.936e-01 | Regularization Loss: 1.024e-31 | Val Loss: 1.965e-01 | Active Proj %: 7.31 | Time: 6.81s
2025-08-21 05:31:12,421:INFO:Epoch: 8500/40000 | Train Loss: 2.636e-01 | Dynamic Loss: 2.636e-01 | Regularization Loss: 9.745e-32 | Val Loss: 3.527e-01 | Active Proj %: 22.35 | Time: 6.80s
2025-08-21 05:31:19,342:INFO:Epoch: 8550/40000 | Train Loss: 1.570e-01 | Dynamic Loss: 1.570e-01 | Regularization Loss: 3.829e-32 | Val Loss: 1.768e-01 | Active Proj %: 3.49 | Time: 6.82s
2025-08-21 05:31:19,342:INFO:New best model found at epoch 8550 with validation loss 1.768e-01. Saving...
2025-08-21 05:31:33,666:INFO:Epoch: 8600/40000 | Train Loss: 1.721e-01 | Dynamic Loss: 1.721e-01 | Regularization Loss: 2.661e-32 | Val Loss: 1.905e-01 | Active Proj %: 2.90 | Time: 14.20s
2025-08-21 05:31:40,602:INFO:Epoch: 8650/40000 | Train Loss: 3.610e-01 | Dynamic Loss: 3.610e-01 | Regularization Loss: 2.573e-32 | Val Loss: 2.766e-01 | Active Proj %: 41.33 | Time: 6.83s
2025-08-21 05:31:47,594:INFO:Epoch: 8700/40000 | Train Loss: 1.952e-01 | Dynamic Loss: 1.952e-01 | Regularization Loss: 1.683e-32 | Val Loss: 2.112e-01 | Active Proj %: 0.47 | Time: 6.89s
2025-08-21 05:31:54,705:INFO:Epoch: 8750/40000 | Train Loss: 1.568e-01 | Dynamic Loss: 1.568e-01 | Regularization Loss: 1.504e-32 | Val Loss: 1.820e-01 | Active Proj %: 1.02 | Time: 7.01s
2025-08-21 05:32:01,618:INFO:Epoch: 8800/40000 | Train Loss: 1.501e-01 | Dynamic Loss: 1.501e-01 | Regularization Loss: 1.401e-32 | Val Loss: 1.597e-01 | Active Proj %: 5.28 | Time: 6.81s
2025-08-21 05:32:01,618:INFO:New best model found at epoch 8800 with validation loss 1.597e-01. Saving...
2025-08-21 05:32:08,646:INFO:Epoch: 8850/40000 | Train Loss: 2.666e-01 | Dynamic Loss: 2.666e-01 | Regularization Loss: 9.875e-33 | Val Loss: 2.637e-01 | Active Proj %: 4.25 | Time: 6.90s
2025-08-21 05:32:15,640:INFO:Epoch: 8900/40000 | Train Loss: 2.066e-01 | Dynamic Loss: 2.066e-01 | Regularization Loss: 6.407e-33 | Val Loss: 2.092e-01 | Active Proj %: 6.98 | Time: 6.89s
2025-08-21 05:32:22,594:INFO:Epoch: 8950/40000 | Train Loss: 1.470e-01 | Dynamic Loss: 1.470e-01 | Regularization Loss: 2.686e-33 | Val Loss: 1.748e-01 | Active Proj %: 7.92 | Time: 6.85s
2025-08-21 05:32:33,907:INFO:Epoch: 9000/40000 | Train Loss: 1.384e-01 | Dynamic Loss: 1.384e-01 | Regularization Loss: 2.386e-33 | Val Loss: 1.550e-01 | Active Proj %: 5.84 | Time: 11.21s
2025-08-21 05:32:33,907:INFO:New best model found at epoch 9000 with validation loss 1.550e-01. Saving...
2025-08-21 05:32:40,905:INFO:Epoch: 9050/40000 | Train Loss: 1.541e-01 | Dynamic Loss: 1.541e-01 | Regularization Loss: 1.424e-33 | Val Loss: 1.682e-01 | Active Proj %: 6.43 | Time: 6.88s
2025-08-21 05:32:47,859:INFO:Epoch: 9100/40000 | Train Loss: 1.640e-01 | Dynamic Loss: 1.640e-01 | Regularization Loss: 8.626e-34 | Val Loss: 1.863e-01 | Active Proj %: 9.59 | Time: 6.85s
2025-08-21 05:32:54,760:INFO:Epoch: 9150/40000 | Train Loss: 1.439e-01 | Dynamic Loss: 1.439e-01 | Regularization Loss: 5.905e-34 | Val Loss: 1.598e-01 | Active Proj %: 5.69 | Time: 6.80s
2025-08-21 05:33:01,705:INFO:Epoch: 9200/40000 | Train Loss: 1.591e-01 | Dynamic Loss: 1.591e-01 | Regularization Loss: 3.476e-34 | Val Loss: 1.692e-01 | Active Proj %: 7.23 | Time: 6.84s
2025-08-21 05:33:13,526:INFO:Epoch: 9250/40000 | Train Loss: 3.307e-01 | Dynamic Loss: 3.307e-01 | Regularization Loss: 8.161e-35 | Val Loss: 3.478e-01 | Active Proj %: 34.92 | Time: 11.72s
2025-08-21 05:33:20,461:INFO:Epoch: 9300/40000 | Train Loss: 2.110e-01 | Dynamic Loss: 2.110e-01 | Regularization Loss: 6.324e-35 | Val Loss: 2.453e-01 | Active Proj %: 8.94 | Time: 6.83s
2025-08-21 05:33:27,408:INFO:Epoch: 9350/40000 | Train Loss: 1.401e-01 | Dynamic Loss: 1.401e-01 | Regularization Loss: 5.763e-35 | Val Loss: 1.695e-01 | Active Proj %: 5.01 | Time: 6.84s
2025-08-21 05:33:34,380:INFO:Epoch: 9400/40000 | Train Loss: 1.638e-01 | Dynamic Loss: 1.638e-01 | Regularization Loss: 6.810e-35 | Val Loss: 1.769e-01 | Active Proj %: 7.26 | Time: 6.87s
2025-08-21 05:33:41,346:INFO:Epoch: 9450/40000 | Train Loss: 1.372e-01 | Dynamic Loss: 1.372e-01 | Regularization Loss: 5.804e-35 | Val Loss: 1.483e-01 | Active Proj %: 8.72 | Time: 6.86s
2025-08-21 05:33:41,347:INFO:New best model found at epoch 9450 with validation loss 1.483e-01. Saving...
2025-08-21 05:33:56,016:INFO:Epoch: 9500/40000 | Train Loss: 1.667e-01 | Dynamic Loss: 1.667e-01 | Regularization Loss: 6.020e-35 | Val Loss: 2.014e-01 | Active Proj %: 14.92 | Time: 14.54s
2025-08-21 05:34:02,970:INFO:Epoch: 9550/40000 | Train Loss: 2.201e-01 | Dynamic Loss: 2.201e-01 | Regularization Loss: 5.840e-35 | Val Loss: 4.036e-01 | Active Proj %: 28.65 | Time: 6.85s
2025-08-21 05:34:10,173:INFO:Epoch: 9600/40000 | Train Loss: 1.452e+00 | Dynamic Loss: 1.452e+00 | Regularization Loss: 3.830e-35 | Val Loss: 1.213e+00 | Active Proj %: 93.18 | Time: 7.10s
2025-08-21 05:34:17,194:INFO:Epoch: 9650/40000 | Train Loss: 1.344e-01 | Dynamic Loss: 1.344e-01 | Regularization Loss: 1.442e-35 | Val Loss: 1.875e-01 | Active Proj %: 10.52 | Time: 6.92s
2025-08-21 05:34:24,073:INFO:Epoch: 9700/40000 | Train Loss: 2.241e-01 | Dynamic Loss: 2.241e-01 | Regularization Loss: 1.759e-35 | Val Loss: 2.514e+00 | Active Proj %: 31.21 | Time: 6.77s
2025-08-21 05:34:30,950:INFO:Epoch: 9750/40000 | Train Loss: 1.735e-01 | Dynamic Loss: 1.735e-01 | Regularization Loss: 8.862e-37 | Val Loss: 1.891e-01 | Active Proj %: 5.10 | Time: 6.77s
2025-08-21 05:34:37,886:INFO:Epoch: 9800/40000 | Train Loss: 5.974e-01 | Dynamic Loss: 5.974e-01 | Regularization Loss: 8.707e-37 | Val Loss: 5.750e-01 | Active Proj %: 44.68 | Time: 6.83s
2025-08-21 05:34:51,687:INFO:Epoch: 9850/40000 | Train Loss: 2.072e-01 | Dynamic Loss: 2.072e-01 | Regularization Loss: 8.398e-37 | Val Loss: 2.314e-01 | Active Proj %: 12.51 | Time: 13.70s
2025-08-21 05:34:58,607:INFO:Epoch: 9900/40000 | Train Loss: 1.802e-01 | Dynamic Loss: 1.802e-01 | Regularization Loss: 7.685e-37 | Val Loss: 1.851e-01 | Active Proj %: 4.52 | Time: 6.81s
2025-08-21 05:35:05,550:INFO:Epoch: 9950/40000 | Train Loss: 1.796e-01 | Dynamic Loss: 1.796e-01 | Regularization Loss: 6.418e-37 | Val Loss: 1.974e-01 | Active Proj %: 6.27 | Time: 6.84s
2025-08-21 05:35:12,450:INFO:Epoch: 10000/40000 | Train Loss: 1.544e-01 | Dynamic Loss: 1.544e-01 | Regularization Loss: 5.812e-37 | Val Loss: 1.989e-01 | Active Proj %: 8.96 | Time: 6.79s
2025-08-21 05:35:19,366:INFO:Epoch: 10050/40000 | Train Loss: 1.416e-01 | Dynamic Loss: 1.416e-01 | Regularization Loss: 4.462e-37 | Val Loss: 1.523e-01 | Active Proj %: 23.83 | Time: 6.81s
2025-08-21 05:35:32,642:INFO:Epoch: 10100/40000 | Train Loss: 4.319e-01 | Dynamic Loss: 4.319e-01 | Regularization Loss: 3.188e-37 | Val Loss: 3.804e-01 | Active Proj %: 25.12 | Time: 13.17s
2025-08-21 05:35:39,619:INFO:Epoch: 10150/40000 | Train Loss: 1.689e-01 | Dynamic Loss: 1.689e-01 | Regularization Loss: 2.775e-37 | Val Loss: 1.806e-01 | Active Proj %: 10.65 | Time: 6.87s
2025-08-21 05:35:46,595:INFO:Epoch: 10200/40000 | Train Loss: 1.418e-01 | Dynamic Loss: 1.418e-01 | Regularization Loss: 2.471e-37 | Val Loss: 3.033e-01 | Active Proj %: 5.08 | Time: 6.87s
2025-08-21 05:35:53,588:INFO:Epoch: 10250/40000 | Train Loss: 1.260e-01 | Dynamic Loss: 1.260e-01 | Regularization Loss: 2.160e-37 | Val Loss: 1.388e-01 | Active Proj %: 11.23 | Time: 6.89s
2025-08-21 05:35:53,588:INFO:New best model found at epoch 10250 with validation loss 1.388e-01. Saving...
2025-08-21 05:36:00,542:INFO:Epoch: 10300/40000 | Train Loss: 1.854e-01 | Dynamic Loss: 1.854e-01 | Regularization Loss: 2.302e-37 | Val Loss: 1.966e-01 | Active Proj %: 15.07 | Time: 6.83s
2025-08-21 05:36:09,050:INFO:Epoch: 10350/40000 | Train Loss: 5.467e-01 | Dynamic Loss: 5.467e-01 | Regularization Loss: 2.149e-37 | Val Loss: 4.965e-01 | Active Proj %: 88.56 | Time: 8.40s
2025-08-21 05:36:15,989:INFO:Epoch: 10400/40000 | Train Loss: 2.880e-01 | Dynamic Loss: 2.880e-01 | Regularization Loss: 1.078e-37 | Val Loss: 2.814e-01 | Active Proj %: 51.15 | Time: 6.83s
2025-08-21 05:36:22,943:INFO:Epoch: 10450/40000 | Train Loss: 1.457e-01 | Dynamic Loss: 1.457e-01 | Regularization Loss: 8.691e-38 | Val Loss: 1.815e-01 | Active Proj %: 8.84 | Time: 6.85s
2025-08-21 05:36:29,918:INFO:Epoch: 10500/40000 | Train Loss: 1.394e-01 | Dynamic Loss: 1.394e-01 | Regularization Loss: 8.301e-38 | Val Loss: 1.614e-01 | Active Proj %: 19.13 | Time: 6.87s
2025-08-21 05:36:36,922:INFO:Epoch: 10550/40000 | Train Loss: 1.255e-01 | Dynamic Loss: 1.255e-01 | Regularization Loss: 8.055e-38 | Val Loss: 1.509e-01 | Active Proj %: 26.95 | Time: 6.90s
2025-08-21 05:36:43,814:INFO:Epoch: 10600/40000 | Train Loss: 1.313e-01 | Dynamic Loss: 1.313e-01 | Regularization Loss: 6.388e-38 | Val Loss: 1.470e-01 | Active Proj %: 7.74 | Time: 6.79s
2025-08-21 05:36:50,740:INFO:Epoch: 10650/40000 | Train Loss: 1.144e-01 | Dynamic Loss: 1.144e-01 | Regularization Loss: 6.036e-38 | Val Loss: 1.464e-01 | Active Proj %: 18.50 | Time: 6.82s
2025-08-21 05:36:57,666:INFO:Epoch: 10700/40000 | Train Loss: 1.084e-01 | Dynamic Loss: 1.084e-01 | Regularization Loss: 5.764e-38 | Val Loss: 1.220e-01 | Active Proj %: 13.86 | Time: 6.82s
2025-08-21 05:36:57,666:INFO:New best model found at epoch 10700 with validation loss 1.220e-01. Saving...
2025-08-21 05:37:06,481:INFO:Epoch: 10750/40000 | Train Loss: 1.683e-01 | Dynamic Loss: 1.683e-01 | Regularization Loss: 5.182e-38 | Val Loss: 1.823e-01 | Active Proj %: 27.86 | Time: 8.69s
2025-08-21 05:37:13,384:INFO:Epoch: 10800/40000 | Train Loss: 1.502e-01 | Dynamic Loss: 1.502e-01 | Regularization Loss: 1.537e-38 | Val Loss: 1.739e-01 | Active Proj %: 28.42 | Time: 6.80s
2025-08-21 05:37:20,323:INFO:Epoch: 10850/40000 | Train Loss: 1.329e-01 | Dynamic Loss: 1.329e-01 | Regularization Loss: 1.526e-38 | Val Loss: 1.464e-01 | Active Proj %: 7.07 | Time: 6.83s
2025-08-21 05:37:27,233:INFO:Epoch: 10900/40000 | Train Loss: 1.599e-01 | Dynamic Loss: 1.599e-01 | Regularization Loss: 1.109e-38 | Val Loss: 1.561e-01 | Active Proj %: 8.50 | Time: 6.80s
2025-08-21 05:37:34,341:INFO:Epoch: 10950/40000 | Train Loss: 1.153e-01 | Dynamic Loss: 1.153e-01 | Regularization Loss: 1.188e-38 | Val Loss: 1.287e-01 | Active Proj %: 20.58 | Time: 7.00s
2025-08-21 05:37:41,405:INFO:Epoch: 11000/40000 | Train Loss: 2.732e-01 | Dynamic Loss: 2.732e-01 | Regularization Loss: 6.919e-39 | Val Loss: 2.377e-01 | Active Proj %: 44.80 | Time: 6.96s
2025-08-21 05:37:48,456:INFO:Epoch: 11050/40000 | Train Loss: 1.774e-01 | Dynamic Loss: 1.774e-01 | Regularization Loss: 3.771e-39 | Val Loss: 1.805e-01 | Active Proj %: 36.13 | Time: 6.94s
2025-08-21 05:37:55,521:INFO:Epoch: 11100/40000 | Train Loss: 1.584e-01 | Dynamic Loss: 1.584e-01 | Regularization Loss: 6.987e-40 | Val Loss: 1.680e-01 | Active Proj %: 7.00 | Time: 6.96s
2025-08-21 05:38:02,687:INFO:Epoch: 11150/40000 | Train Loss: 1.184e-01 | Dynamic Loss: 1.184e-01 | Regularization Loss: 5.669e-40 | Val Loss: 1.248e-01 | Active Proj %: 26.54 | Time: 7.06s
2025-08-21 05:38:09,700:INFO:Epoch: 11200/40000 | Train Loss: 6.213e-01 | Dynamic Loss: 6.213e-01 | Regularization Loss: 3.166e-40 | Val Loss: 7.909e-01 | Active Proj %: 26.14 | Time: 6.91s
2025-08-21 05:38:16,711:INFO:Epoch: 11250/40000 | Train Loss: 1.257e-01 | Dynamic Loss: 1.257e-01 | Regularization Loss: 3.340e-40 | Val Loss: 1.374e-01 | Active Proj %: 36.33 | Time: 6.91s
2025-08-21 05:38:23,716:INFO:Epoch: 11300/40000 | Train Loss: 2.082e-01 | Dynamic Loss: 2.082e-01 | Regularization Loss: 2.336e-40 | Val Loss: 2.368e-01 | Active Proj %: 47.49 | Time: 6.90s
2025-08-21 05:38:33,188:INFO:Epoch: 11350/40000 | Train Loss: 2.503e-01 | Dynamic Loss: 2.503e-01 | Regularization Loss: 1.946e-40 | Val Loss: 2.474e-01 | Active Proj %: 46.08 | Time: 9.37s
2025-08-21 05:38:40,533:INFO:Epoch: 11400/40000 | Train Loss: 1.090e-01 | Dynamic Loss: 1.090e-01 | Regularization Loss: 1.584e-40 | Val Loss: 1.264e-01 | Active Proj %: 16.68 | Time: 7.24s
2025-08-21 05:38:47,581:INFO:Epoch: 11450/40000 | Train Loss: 1.041e-01 | Dynamic Loss: 1.041e-01 | Regularization Loss: 1.345e-40 | Val Loss: 1.179e-01 | Active Proj %: 20.54 | Time: 6.94s
2025-08-21 05:38:47,581:INFO:New best model found at epoch 11450 with validation loss 1.179e-01. Saving...
2025-08-21 05:38:54,572:INFO:Epoch: 11500/40000 | Train Loss: 1.236e-01 | Dynamic Loss: 1.236e-01 | Regularization Loss: 9.649e-41 | Val Loss: 1.187e-01 | Active Proj %: 60.94 | Time: 6.86s
2025-08-21 05:39:01,710:INFO:Epoch: 11550/40000 | Train Loss: 1.388e-01 | Dynamic Loss: 1.388e-01 | Regularization Loss: 5.878e-41 | Val Loss: 1.452e-01 | Active Proj %: 10.14 | Time: 7.03s
2025-08-21 05:39:08,702:INFO:Epoch: 11600/40000 | Train Loss: 1.579e-01 | Dynamic Loss: 1.579e-01 | Regularization Loss: 6.105e-41 | Val Loss: 1.455e-01 | Active Proj %: 65.68 | Time: 6.88s
2025-08-21 05:39:15,722:INFO:Epoch: 11650/40000 | Train Loss: 1.303e-01 | Dynamic Loss: 1.303e-01 | Regularization Loss: 6.406e-41 | Val Loss: 1.509e-01 | Active Proj %: 13.35 | Time: 6.91s
2025-08-21 05:39:22,779:INFO:Epoch: 11700/40000 | Train Loss: 1.261e-01 | Dynamic Loss: 1.261e-01 | Regularization Loss: 5.694e-41 | Val Loss: 1.336e-01 | Active Proj %: 14.78 | Time: 6.95s
2025-08-21 05:39:29,923:INFO:Epoch: 11750/40000 | Train Loss: 1.256e-01 | Dynamic Loss: 1.256e-01 | Regularization Loss: 4.643e-41 | Val Loss: 1.430e-01 | Active Proj %: 15.61 | Time: 6.90s
2025-08-21 05:39:36,930:INFO:Epoch: 11800/40000 | Train Loss: 1.002e-01 | Dynamic Loss: 1.002e-01 | Regularization Loss: 3.815e-41 | Val Loss: 1.114e-01 | Active Proj %: 36.17 | Time: 6.90s
2025-08-21 05:39:36,930:INFO:New best model found at epoch 11800 with validation loss 1.114e-01. Saving...
2025-08-21 05:39:43,975:INFO:Epoch: 11850/40000 | Train Loss: 1.204e-01 | Dynamic Loss: 1.204e-01 | Regularization Loss: 3.062e-41 | Val Loss: 1.245e-01 | Active Proj %: 30.12 | Time: 6.91s
2025-08-21 05:39:51,015:INFO:Epoch: 11900/40000 | Train Loss: 1.155e-01 | Dynamic Loss: 1.155e-01 | Regularization Loss: 2.231e-41 | Val Loss: 1.405e-01 | Active Proj %: 75.82 | Time: 6.93s
2025-08-21 05:39:58,945:INFO:Epoch: 11950/40000 | Train Loss: 1.291e-01 | Dynamic Loss: 1.291e-01 | Regularization Loss: 1.843e-41 | Val Loss: 1.610e-01 | Active Proj %: 22.76 | Time: 7.82s
2025-08-21 05:40:05,989:INFO:Epoch: 12000/40000 | Train Loss: 1.103e-01 | Dynamic Loss: 1.103e-01 | Regularization Loss: 1.715e-41 | Val Loss: 1.163e-01 | Active Proj %: 42.47 | Time: 6.94s
2025-08-21 05:40:13,021:INFO:Epoch: 12050/40000 | Train Loss: 1.609e-01 | Dynamic Loss: 1.609e-01 | Regularization Loss: 1.481e-41 | Val Loss: 1.706e-01 | Active Proj %: 91.54 | Time: 6.92s
2025-08-21 05:40:20,048:INFO:Epoch: 12100/40000 | Train Loss: 1.213e-01 | Dynamic Loss: 1.213e-01 | Regularization Loss: 1.133e-41 | Val Loss: 1.633e-01 | Active Proj %: 84.76 | Time: 6.92s
2025-08-21 05:40:27,647:INFO:Epoch: 12150/40000 | Train Loss: 1.295e-01 | Dynamic Loss: 1.295e-01 | Regularization Loss: 8.140e-42 | Val Loss: 1.379e-01 | Active Proj %: 54.75 | Time: 7.49s
2025-08-21 05:40:34,652:INFO:Epoch: 12200/40000 | Train Loss: 1.562e-01 | Dynamic Loss: 1.562e-01 | Regularization Loss: 8.058e-42 | Val Loss: 1.581e-01 | Active Proj %: 30.46 | Time: 6.90s
2025-08-21 05:40:41,690:INFO:Epoch: 12250/40000 | Train Loss: 1.474e-01 | Dynamic Loss: 1.474e-01 | Regularization Loss: 8.730e-42 | Val Loss: 1.843e-01 | Active Proj %: 76.65 | Time: 6.93s
2025-08-21 05:40:48,759:INFO:Epoch: 12300/40000 | Train Loss: 9.198e-02 | Dynamic Loss: 9.198e-02 | Regularization Loss: 6.790e-42 | Val Loss: 1.077e-01 | Active Proj %: 57.06 | Time: 6.96s
2025-08-21 05:40:48,759:INFO:New best model found at epoch 12300 with validation loss 1.077e-01. Saving...
2025-08-21 05:40:58,639:INFO:Epoch: 12350/40000 | Train Loss: 9.085e-02 | Dynamic Loss: 9.085e-02 | Regularization Loss: 5.174e-42 | Val Loss: 1.036e-01 | Active Proj %: 29.56 | Time: 9.75s
2025-08-21 05:40:58,639:INFO:New best model found at epoch 12350 with validation loss 1.036e-01. Saving...
2025-08-21 05:41:05,652:INFO:Epoch: 12400/40000 | Train Loss: 1.243e-01 | Dynamic Loss: 1.243e-01 | Regularization Loss: 3.483e-42 | Val Loss: 1.248e-01 | Active Proj %: 69.88 | Time: 6.88s
2025-08-21 05:41:12,623:INFO:Epoch: 12450/40000 | Train Loss: 1.328e-01 | Dynamic Loss: 1.328e-01 | Regularization Loss: 1.206e-42 | Val Loss: 1.442e-01 | Active Proj %: 49.89 | Time: 6.86s
2025-08-21 05:41:19,616:INFO:Epoch: 12500/40000 | Train Loss: 2.205e-01 | Dynamic Loss: 2.205e-01 | Regularization Loss: 8.583e-43 | Val Loss: 2.112e-01 | Active Proj %: 88.84 | Time: 6.88s
2025-08-21 05:41:27,164:INFO:Epoch: 12550/40000 | Train Loss: 1.585e-01 | Dynamic Loss: 1.585e-01 | Regularization Loss: 5.542e-43 | Val Loss: 1.610e-01 | Active Proj %: 60.05 | Time: 7.44s
2025-08-21 05:41:34,085:INFO:Epoch: 12600/40000 | Train Loss: 9.687e-02 | Dynamic Loss: 9.687e-02 | Regularization Loss: 4.512e-43 | Val Loss: 1.087e-01 | Active Proj %: 44.13 | Time: 6.81s
2025-08-21 05:41:41,061:INFO:Epoch: 12650/40000 | Train Loss: 1.334e-01 | Dynamic Loss: 1.334e-01 | Regularization Loss: 3.840e-43 | Val Loss: 1.310e-01 | Active Proj %: 78.89 | Time: 6.87s
2025-08-21 05:41:48,049:INFO:Epoch: 12700/40000 | Train Loss: 9.432e-02 | Dynamic Loss: 9.432e-02 | Regularization Loss: 2.508e-43 | Val Loss: 1.050e-01 | Active Proj %: 66.05 | Time: 6.88s
2025-08-21 05:42:00,456:INFO:Epoch: 12750/40000 | Train Loss: 5.649e-01 | Dynamic Loss: 5.649e-01 | Regularization Loss: 2.053e-43 | Val Loss: 4.247e-01 | Active Proj %: 81.78 | Time: 12.30s
2025-08-21 05:42:07,385:INFO:Epoch: 12800/40000 | Train Loss: 2.572e-01 | Dynamic Loss: 2.572e-01 | Regularization Loss: 1.072e-43 | Val Loss: 2.380e-01 | Active Proj %: 6.59 | Time: 6.82s
2025-08-21 05:42:15,353:INFO:Epoch: 12850/40000 | Train Loss: 9.041e-02 | Dynamic Loss: 9.041e-02 | Regularization Loss: 1.037e-43 | Val Loss: 2.436e-01 | Active Proj %: 46.52 | Time: 7.86s
2025-08-21 05:42:22,350:INFO:Epoch: 12900/40000 | Train Loss: 1.380e+00 | Dynamic Loss: 1.380e+00 | Regularization Loss: 1.261e-44 | Val Loss: 1.338e+00 | Active Proj %: 0.00 | Time: 6.89s
2025-08-21 05:42:31,568:INFO:Epoch: 12950/40000 | Train Loss: 4.732e-01 | Dynamic Loss: 4.732e-01 | Regularization Loss: 1.261e-44 | Val Loss: 5.737e-01 | Active Proj %: 12.54 | Time: 9.11s
2025-08-21 05:42:38,526:INFO:Epoch: 13000/40000 | Train Loss: 2.467e-01 | Dynamic Loss: 2.467e-01 | Regularization Loss: 1.121e-44 | Val Loss: 2.779e-01 | Active Proj %: 8.18 | Time: 6.85s
2025-08-21 05:42:45,475:INFO:Epoch: 13050/40000 | Train Loss: 2.018e-01 | Dynamic Loss: 2.018e-01 | Regularization Loss: 1.121e-44 | Val Loss: 2.263e-01 | Active Proj %: 11.60 | Time: 6.84s
2025-08-21 05:42:52,477:INFO:Epoch: 13100/40000 | Train Loss: 2.530e-01 | Dynamic Loss: 2.530e-01 | Regularization Loss: 1.261e-44 | Val Loss: 2.620e-01 | Active Proj %: 6.79 | Time: 6.89s
2025-08-21 05:43:02,329:INFO:Epoch: 13150/40000 | Train Loss: 1.572e-01 | Dynamic Loss: 1.572e-01 | Regularization Loss: 1.261e-44 | Val Loss: 1.737e-01 | Active Proj %: 13.65 | Time: 9.74s
2025-08-21 05:43:09,268:INFO:Epoch: 13200/40000 | Train Loss: 1.018e+00 | Dynamic Loss: 1.018e+00 | Regularization Loss: 1.121e-44 | Val Loss: 9.393e-01 | Active Proj %: 73.76 | Time: 6.83s
2025-08-21 05:43:16,248:INFO:Epoch: 13250/40000 | Train Loss: 1.584e-01 | Dynamic Loss: 1.584e-01 | Regularization Loss: 1.121e-44 | Val Loss: 1.699e-01 | Active Proj %: 42.54 | Time: 6.87s
2025-08-21 05:43:23,321:INFO:Epoch: 13300/40000 | Train Loss: 1.415e-01 | Dynamic Loss: 1.415e-01 | Regularization Loss: 1.121e-44 | Val Loss: 1.575e-01 | Active Proj %: 38.14 | Time: 6.96s
2025-08-21 05:43:35,767:INFO:Epoch: 13350/40000 | Train Loss: 1.679e-01 | Dynamic Loss: 1.679e-01 | Regularization Loss: 7.006e-45 | Val Loss: 1.781e-01 | Active Proj %: 31.78 | Time: 12.33s
2025-08-21 05:43:42,787:INFO:Epoch: 13400/40000 | Train Loss: 1.574e-01 | Dynamic Loss: 1.574e-01 | Regularization Loss: 5.605e-45 | Val Loss: 1.659e-01 | Active Proj %: 49.71 | Time: 6.91s
2025-08-21 05:43:49,783:INFO:Epoch: 13450/40000 | Train Loss: 1.804e-01 | Dynamic Loss: 1.804e-01 | Regularization Loss: 5.605e-45 | Val Loss: 1.827e-01 | Active Proj %: 58.35 | Time: 6.88s
2025-08-21 05:43:56,768:INFO:Epoch: 13500/40000 | Train Loss: 1.392e-01 | Dynamic Loss: 1.392e-01 | Regularization Loss: 2.803e-45 | Val Loss: 1.838e-01 | Active Proj %: 27.03 | Time: 6.87s
2025-08-21 05:44:10,807:INFO:Epoch: 13550/40000 | Train Loss: 1.386e-01 | Dynamic Loss: 1.386e-01 | Regularization Loss: 1.401e-45 | Val Loss: 1.535e-01 | Active Proj %: 12.54 | Time: 13.93s
2025-08-21 05:44:17,804:INFO:Epoch: 13600/40000 | Train Loss: 1.355e-01 | Dynamic Loss: 1.355e-01 | Regularization Loss: 1.401e-45 | Val Loss: 1.412e-01 | Active Proj %: 71.19 | Time: 6.88s
2025-08-21 05:44:24,785:INFO:Epoch: 13650/40000 | Train Loss: 1.290e-01 | Dynamic Loss: 1.290e-01 | Regularization Loss: 1.401e-45 | Val Loss: 6.976e-01 | Active Proj %: 38.03 | Time: 6.86s
2025-08-21 05:44:31,856:INFO:Epoch: 13700/40000 | Train Loss: 1.637e-01 | Dynamic Loss: 1.637e-01 | Regularization Loss: 1.401e-45 | Val Loss: 1.560e-01 | Active Proj %: 72.01 | Time: 6.96s
2025-08-21 05:44:41,278:INFO:Epoch: 13750/40000 | Train Loss: 1.133e-01 | Dynamic Loss: 1.133e-01 | Regularization Loss: 1.401e-45 | Val Loss: 1.207e-01 | Active Proj %: 48.89 | Time: 9.31s
2025-08-21 05:44:48,260:INFO:Epoch: 13800/40000 | Train Loss: 1.057e-01 | Dynamic Loss: 1.057e-01 | Regularization Loss: 1.401e-45 | Val Loss: 1.233e-01 | Active Proj %: 69.26 | Time: 6.87s
2025-08-21 05:44:55,293:INFO:Epoch: 13850/40000 | Train Loss: 3.823e-01 | Dynamic Loss: 3.823e-01 | Regularization Loss: 1.401e-45 | Val Loss: 3.659e-01 | Active Proj %: 71.39 | Time: 6.92s
2025-08-21 05:45:02,279:INFO:Epoch: 13900/40000 | Train Loss: 1.171e-01 | Dynamic Loss: 1.171e-01 | Regularization Loss: 1.401e-45 | Val Loss: 1.326e-01 | Active Proj %: 64.22 | Time: 6.87s
2025-08-21 05:45:13,072:INFO:Epoch: 13950/40000 | Train Loss: 2.543e-01 | Dynamic Loss: 2.543e-01 | Regularization Loss: 0.000e+00 | Val Loss: 2.595e-01 | Active Proj %: 84.80 | Time: 10.68s
2025-08-21 05:45:19,996:INFO:Epoch: 14000/40000 | Train Loss: 1.300e-01 | Dynamic Loss: 1.300e-01 | Regularization Loss: 0.000e+00 | Val Loss: 1.340e-01 | Active Proj %: 92.49 | Time: 6.81s
2025-08-21 05:45:26,947:INFO:Epoch: 14050/40000 | Train Loss: 1.654e-01 | Dynamic Loss: 1.654e-01 | Regularization Loss: 0.000e+00 | Val Loss: 1.775e-01 | Active Proj %: 44.53 | Time: 6.84s
2025-08-21 05:45:35,215:INFO:Epoch: 14100/40000 | Train Loss: 1.377e-01 | Dynamic Loss: 1.377e-01 | Regularization Loss: 0.000e+00 | Val Loss: 1.438e-01 | Active Proj %: 95.42 | Time: 8.15s
2025-08-21 05:45:58,848:INFO:Epoch: 14150/40000 | Train Loss: 8.417e-02 | Dynamic Loss: 8.417e-02 | Regularization Loss: 0.000e+00 | Val Loss: 9.670e-02 | Active Proj %: 72.33 | Time: 23.52s
2025-08-21 05:45:58,848:INFO:New best model found at epoch 14150 with validation loss 9.670e-02. Saving...
2025-08-21 05:46:05,870:INFO:Epoch: 14200/40000 | Train Loss: 3.126e-01 | Dynamic Loss: 3.126e-01 | Regularization Loss: 0.000e+00 | Val Loss: 2.684e-01 | Active Proj %: 50.30 | Time: 6.88s
2025-08-21 05:46:12,859:INFO:Epoch: 14250/40000 | Train Loss: 1.094e-01 | Dynamic Loss: 1.094e-01 | Regularization Loss: 0.000e+00 | Val Loss: 1.132e-01 | Active Proj %: 90.95 | Time: 6.87s
2025-08-21 05:46:19,916:INFO:Epoch: 14300/40000 | Train Loss: 2.631e-01 | Dynamic Loss: 2.631e-01 | Regularization Loss: 0.000e+00 | Val Loss: 2.911e-01 | Active Proj %: 47.82 | Time: 6.94s
2025-08-21 05:46:33,943:INFO:Epoch: 14350/40000 | Train Loss: 1.377e-01 | Dynamic Loss: 1.377e-01 | Regularization Loss: 0.000e+00 | Val Loss: 1.345e-01 | Active Proj %: 89.13 | Time: 13.91s
2025-08-21 05:46:40,934:INFO:Epoch: 14400/40000 | Train Loss: 1.055e-01 | Dynamic Loss: 1.055e-01 | Regularization Loss: 0.000e+00 | Val Loss: 1.155e-01 | Active Proj %: 49.36 | Time: 6.87s
2025-08-21 05:46:47,920:INFO:Epoch: 14450/40000 | Train Loss: 2.426e-01 | Dynamic Loss: 2.426e-01 | Regularization Loss: 0.000e+00 | Val Loss: 2.128e-01 | Active Proj %: 47.90 | Time: 6.87s
2025-08-21 05:46:54,882:INFO:Epoch: 14500/40000 | Train Loss: 1.144e-01 | Dynamic Loss: 1.144e-01 | Regularization Loss: 0.000e+00 | Val Loss: 1.199e-01 | Active Proj %: 95.00 | Time: 6.84s
2025-08-21 05:47:03,350:INFO:Epoch: 14550/40000 | Train Loss: 8.050e-02 | Dynamic Loss: 8.050e-02 | Regularization Loss: 0.000e+00 | Val Loss: 1.002e-01 | Active Proj %: 64.96 | Time: 8.35s
2025-08-21 05:47:10,310:INFO:Epoch: 14600/40000 | Train Loss: 1.956e-01 | Dynamic Loss: 1.956e-01 | Regularization Loss: 0.000e+00 | Val Loss: 1.614e-01 | Active Proj %: 79.03 | Time: 6.84s
2025-08-21 05:47:17,308:INFO:Epoch: 14650/40000 | Train Loss: 9.639e-02 | Dynamic Loss: 9.639e-02 | Regularization Loss: 0.000e+00 | Val Loss: 1.037e-01 | Active Proj %: 81.29 | Time: 6.88s
2025-08-21 05:47:24,269:INFO:Epoch: 14700/40000 | Train Loss: 1.498e-01 | Dynamic Loss: 1.498e-01 | Regularization Loss: 0.000e+00 | Val Loss: 1.809e-01 | Active Proj %: 83.69 | Time: 6.84s
2025-08-21 05:47:36,481:INFO:Epoch: 14750/40000 | Train Loss: 7.642e-02 | Dynamic Loss: 7.642e-02 | Regularization Loss: 0.000e+00 | Val Loss: 5.246e-01 | Active Proj %: 62.92 | Time: 12.10s
2025-08-21 05:47:43,432:INFO:Epoch: 14800/40000 | Train Loss: 9.158e-02 | Dynamic Loss: 9.158e-02 | Regularization Loss: 0.000e+00 | Val Loss: 1.026e-01 | Active Proj %: 80.83 | Time: 6.83s
2025-08-21 05:47:50,441:INFO:Epoch: 14850/40000 | Train Loss: 1.096e-01 | Dynamic Loss: 1.096e-01 | Regularization Loss: 0.000e+00 | Val Loss: 1.197e-01 | Active Proj %: 37.17 | Time: 6.89s
2025-08-21 05:47:57,541:INFO:Epoch: 14900/40000 | Train Loss: 9.040e-02 | Dynamic Loss: 9.040e-02 | Regularization Loss: 0.000e+00 | Val Loss: 1.116e-01 | Active Proj %: 84.27 | Time: 6.98s
2025-08-21 05:48:04,526:INFO:Epoch: 14950/40000 | Train Loss: 8.541e-02 | Dynamic Loss: 8.541e-02 | Regularization Loss: 0.000e+00 | Val Loss: 9.866e-02 | Active Proj %: 64.49 | Time: 6.87s
2025-08-21 05:48:11,455:INFO:Epoch: 15000/40000 | Train Loss: 1.267e-01 | Dynamic Loss: 1.267e-01 | Regularization Loss: 0.000e+00 | Val Loss: 1.489e-01 | Active Proj %: 53.44 | Time: 6.81s
2025-08-21 05:48:18,403:INFO:Epoch: 15050/40000 | Train Loss: 8.891e-01 | Dynamic Loss: 8.891e-01 | Regularization Loss: 0.000e+00 | Val Loss: 6.028e-01 | Active Proj %: 96.59 | Time: 6.83s
2025-08-21 05:48:25,498:INFO:Epoch: 15100/40000 | Train Loss: 1.114e-01 | Dynamic Loss: 1.114e-01 | Regularization Loss: 0.000e+00 | Val Loss: 1.139e-01 | Active Proj %: 71.37 | Time: 6.86s
2025-08-21 05:48:32,409:INFO:Epoch: 15150/40000 | Train Loss: 1.239e-01 | Dynamic Loss: 1.239e-01 | Regularization Loss: 0.000e+00 | Val Loss: 1.178e-01 | Active Proj %: 78.15 | Time: 6.80s
2025-08-21 05:48:39,375:INFO:Epoch: 15200/40000 | Train Loss: 4.549e-01 | Dynamic Loss: 4.549e-01 | Regularization Loss: 0.000e+00 | Val Loss: 3.629e-01 | Active Proj %: 65.40 | Time: 6.85s
2025-08-21 05:48:46,305:INFO:Epoch: 15250/40000 | Train Loss: 7.039e-01 | Dynamic Loss: 7.039e-01 | Regularization Loss: 0.000e+00 | Val Loss: 6.719e-01 | Active Proj %: 2.41 | Time: 6.81s
2025-08-21 05:48:53,335:INFO:Epoch: 15300/40000 | Train Loss: 1.524e-01 | Dynamic Loss: 1.524e-01 | Regularization Loss: 0.000e+00 | Val Loss: 1.664e-01 | Active Proj %: 62.24 | Time: 6.91s
2025-08-21 05:49:00,259:INFO:Epoch: 15350/40000 | Train Loss: 1.566e-01 | Dynamic Loss: 1.566e-01 | Regularization Loss: 0.000e+00 | Val Loss: 1.749e-01 | Active Proj %: 8.43 | Time: 6.80s
2025-08-21 05:49:07,255:INFO:Epoch: 15400/40000 | Train Loss: 1.206e-01 | Dynamic Loss: 1.206e-01 | Regularization Loss: 0.000e+00 | Val Loss: 1.413e-01 | Active Proj %: 94.77 | Time: 6.88s
2025-08-21 05:49:14,238:INFO:Epoch: 15450/40000 | Train Loss: 9.945e-02 | Dynamic Loss: 9.945e-02 | Regularization Loss: 0.000e+00 | Val Loss: 1.149e-01 | Active Proj %: 56.70 | Time: 6.86s
2025-08-21 05:49:21,351:INFO:Epoch: 15500/40000 | Train Loss: 9.389e-02 | Dynamic Loss: 9.389e-02 | Regularization Loss: 0.000e+00 | Val Loss: 1.285e-01 | Active Proj %: 84.18 | Time: 6.85s
2025-08-21 05:49:28,333:INFO:Epoch: 15550/40000 | Train Loss: 1.152e-01 | Dynamic Loss: 1.152e-01 | Regularization Loss: 0.000e+00 | Val Loss: 1.365e-01 | Active Proj %: 43.18 | Time: 6.86s
2025-08-21 05:49:35,370:INFO:Epoch: 15600/40000 | Train Loss: 1.146e-01 | Dynamic Loss: 1.146e-01 | Regularization Loss: 0.000e+00 | Val Loss: 1.270e-01 | Active Proj %: 91.81 | Time: 6.92s
2025-08-21 05:49:42,332:INFO:Epoch: 15650/40000 | Train Loss: 1.925e-01 | Dynamic Loss: 1.925e-01 | Regularization Loss: 0.000e+00 | Val Loss: 2.182e-01 | Active Proj %: 4.98 | Time: 6.84s
2025-08-21 05:49:49,318:INFO:Epoch: 15700/40000 | Train Loss: 8.595e-02 | Dynamic Loss: 8.595e-02 | Regularization Loss: 0.000e+00 | Val Loss: 9.576e-02 | Active Proj %: 93.06 | Time: 6.87s
2025-08-21 05:49:49,319:INFO:New best model found at epoch 15700 with validation loss 9.576e-02. Saving...
2025-08-21 05:50:04,259:INFO:Epoch: 15750/40000 | Train Loss: 1.613e-01 | Dynamic Loss: 1.613e-01 | Regularization Loss: 0.000e+00 | Val Loss: 1.694e-01 | Active Proj %: 65.62 | Time: 14.80s
2025-08-21 05:50:11,212:INFO:Epoch: 15800/40000 | Train Loss: 9.486e-02 | Dynamic Loss: 9.486e-02 | Regularization Loss: 0.000e+00 | Val Loss: 1.296e-01 | Active Proj %: 84.54 | Time: 6.83s
2025-08-21 05:50:18,235:INFO:Epoch: 15850/40000 | Train Loss: 1.004e-01 | Dynamic Loss: 1.004e-01 | Regularization Loss: 0.000e+00 | Val Loss: 1.063e-01 | Active Proj %: 88.31 | Time: 6.90s
2025-08-21 05:50:25,195:INFO:Epoch: 15900/40000 | Train Loss: 1.328e-01 | Dynamic Loss: 1.328e-01 | Regularization Loss: 0.000e+00 | Val Loss: 1.349e-01 | Active Proj %: 97.10 | Time: 6.84s
2025-08-21 05:50:37,789:INFO:Epoch: 15950/40000 | Train Loss: 7.783e-02 | Dynamic Loss: 7.783e-02 | Regularization Loss: 0.000e+00 | Val Loss: 8.784e-02 | Active Proj %: 76.68 | Time: 12.47s
2025-08-21 05:50:37,789:INFO:New best model found at epoch 15950 with validation loss 8.784e-02. Saving...
2025-08-21 05:50:44,796:INFO:Epoch: 16000/40000 | Train Loss: 8.313e-02 | Dynamic Loss: 8.313e-02 | Regularization Loss: 0.000e+00 | Val Loss: 9.100e-02 | Active Proj %: 94.59 | Time: 6.86s
2025-08-21 05:50:51,762:INFO:Epoch: 16050/40000 | Train Loss: 7.214e-02 | Dynamic Loss: 7.214e-02 | Regularization Loss: 0.000e+00 | Val Loss: 8.094e-02 | Active Proj %: 90.85 | Time: 6.85s
2025-08-21 05:50:51,762:INFO:New best model found at epoch 16050 with validation loss 8.094e-02. Saving...
2025-08-21 05:50:58,852:INFO:Epoch: 16100/40000 | Train Loss: 1.055e-01 | Dynamic Loss: 1.055e-01 | Regularization Loss: 0.000e+00 | Val Loss: 1.217e-01 | Active Proj %: 72.88 | Time: 6.95s
2025-08-21 05:51:05,829:INFO:Epoch: 16150/40000 | Train Loss: 2.693e-01 | Dynamic Loss: 2.693e-01 | Regularization Loss: 0.000e+00 | Val Loss: 2.642e-01 | Active Proj %: 1.58 | Time: 6.86s
2025-08-21 05:51:12,845:INFO:Epoch: 16200/40000 | Train Loss: 7.846e-02 | Dynamic Loss: 7.846e-02 | Regularization Loss: 0.000e+00 | Val Loss: 9.385e-02 | Active Proj %: 68.58 | Time: 6.90s
2025-08-21 05:51:19,819:INFO:Epoch: 16250/40000 | Train Loss: 8.210e-02 | Dynamic Loss: 8.210e-02 | Regularization Loss: 0.000e+00 | Val Loss: 9.141e-02 | Active Proj %: 81.25 | Time: 6.85s
2025-08-21 05:51:26,876:INFO:Epoch: 16300/40000 | Train Loss: 1.248e-01 | Dynamic Loss: 1.248e-01 | Regularization Loss: 0.000e+00 | Val Loss: 1.352e-01 | Active Proj %: 29.05 | Time: 6.94s
2025-08-21 05:51:33,802:INFO:Epoch: 16350/40000 | Train Loss: 8.268e-02 | Dynamic Loss: 8.268e-02 | Regularization Loss: 0.000e+00 | Val Loss: 9.291e-02 | Active Proj %: 58.04 | Time: 6.80s
2025-08-21 05:51:40,751:INFO:Epoch: 16400/40000 | Train Loss: 7.943e-02 | Dynamic Loss: 7.943e-02 | Regularization Loss: 0.000e+00 | Val Loss: 8.850e-02 | Active Proj %: 89.27 | Time: 6.83s
2025-08-21 05:51:47,772:INFO:Epoch: 16450/40000 | Train Loss: 8.815e-02 | Dynamic Loss: 8.815e-02 | Regularization Loss: 0.000e+00 | Val Loss: 9.641e-02 | Active Proj %: 65.88 | Time: 6.91s
2025-08-21 05:51:59,627:INFO:Epoch: 16500/40000 | Train Loss: 8.739e-02 | Dynamic Loss: 8.739e-02 | Regularization Loss: 0.000e+00 | Val Loss: 1.011e-01 | Active Proj %: 75.86 | Time: 11.74s
2025-08-21 05:52:06,513:INFO:Epoch: 16550/40000 | Train Loss: 9.189e-02 | Dynamic Loss: 9.189e-02 | Regularization Loss: 0.000e+00 | Val Loss: 1.107e-01 | Active Proj %: 79.07 | Time: 6.77s
2025-08-21 05:52:13,479:INFO:Epoch: 16600/40000 | Train Loss: 6.337e-02 | Dynamic Loss: 6.337e-02 | Regularization Loss: 0.000e+00 | Val Loss: 7.304e-02 | Active Proj %: 92.08 | Time: 6.85s
2025-08-21 05:52:13,479:INFO:New best model found at epoch 16600 with validation loss 7.304e-02. Saving...
2025-08-21 05:52:20,465:INFO:Epoch: 16650/40000 | Train Loss: 1.086e-01 | Dynamic Loss: 1.086e-01 | Regularization Loss: 0.000e+00 | Val Loss: 1.055e-01 | Active Proj %: 76.98 | Time: 6.85s
2025-08-21 05:52:33,913:INFO:Epoch: 16700/40000 | Train Loss: 1.272e-01 | Dynamic Loss: 1.272e-01 | Regularization Loss: 0.000e+00 | Val Loss: 1.162e-01 | Active Proj %: 96.79 | Time: 13.33s
2025-08-21 05:52:40,921:INFO:Epoch: 16750/40000 | Train Loss: 1.167e-01 | Dynamic Loss: 1.167e-01 | Regularization Loss: 0.000e+00 | Val Loss: 1.185e-01 | Active Proj %: 76.21 | Time: 6.89s
2025-08-21 05:52:47,921:INFO:Epoch: 16800/40000 | Train Loss: 8.307e-02 | Dynamic Loss: 8.307e-02 | Regularization Loss: 0.000e+00 | Val Loss: 9.424e-02 | Active Proj %: 36.70 | Time: 6.88s
2025-08-21 05:52:54,807:INFO:Epoch: 16850/40000 | Train Loss: 6.517e-02 | Dynamic Loss: 6.517e-02 | Regularization Loss: 0.000e+00 | Val Loss: 7.819e-02 | Active Proj %: 78.17 | Time: 6.77s
2025-08-21 05:53:09,214:INFO:Epoch: 16900/40000 | Train Loss: 7.315e-02 | Dynamic Loss: 7.315e-02 | Regularization Loss: 0.000e+00 | Val Loss: 8.987e-02 | Active Proj %: 83.84 | Time: 14.29s
2025-08-21 05:53:16,162:INFO:Epoch: 16950/40000 | Train Loss: 9.164e-02 | Dynamic Loss: 9.164e-02 | Regularization Loss: 0.000e+00 | Val Loss: 1.048e-01 | Active Proj %: 61.05 | Time: 6.83s
2025-08-21 05:53:23,166:INFO:Epoch: 17000/40000 | Train Loss: 5.332e-02 | Dynamic Loss: 5.332e-02 | Regularization Loss: 0.000e+00 | Val Loss: 6.325e-02 | Active Proj %: 86.55 | Time: 6.89s
2025-08-21 05:53:23,166:INFO:New best model found at epoch 17000 with validation loss 6.325e-02. Saving...
2025-08-21 05:53:30,198:INFO:Epoch: 17050/40000 | Train Loss: 1.366e-01 | Dynamic Loss: 1.366e-01 | Regularization Loss: 0.000e+00 | Val Loss: 1.342e-01 | Active Proj %: 82.76 | Time: 6.89s
2025-08-21 05:53:43,638:INFO:Epoch: 17100/40000 | Train Loss: 1.121e-01 | Dynamic Loss: 1.121e-01 | Regularization Loss: 0.000e+00 | Val Loss: 1.181e-01 | Active Proj %: 57.79 | Time: 13.32s
2025-08-21 05:53:50,667:INFO:Epoch: 17150/40000 | Train Loss: 7.593e-02 | Dynamic Loss: 7.593e-02 | Regularization Loss: 0.000e+00 | Val Loss: 8.191e-02 | Active Proj %: 93.70 | Time: 6.91s
2025-08-21 05:53:57,601:INFO:Epoch: 17200/40000 | Train Loss: 1.179e-01 | Dynamic Loss: 1.179e-01 | Regularization Loss: 0.000e+00 | Val Loss: 1.169e-01 | Active Proj %: 50.88 | Time: 6.82s
2025-08-21 05:54:04,501:INFO:Epoch: 17250/40000 | Train Loss: 6.721e-02 | Dynamic Loss: 6.721e-02 | Regularization Loss: 0.000e+00 | Val Loss: 7.645e-02 | Active Proj %: 79.41 | Time: 6.78s
2025-08-21 05:54:19,032:INFO:Epoch: 17300/40000 | Train Loss: 5.965e-02 | Dynamic Loss: 5.965e-02 | Regularization Loss: 0.000e+00 | Val Loss: 7.017e-02 | Active Proj %: 86.69 | Time: 14.41s
2025-08-21 05:54:25,988:INFO:Epoch: 17350/40000 | Train Loss: 1.416e-01 | Dynamic Loss: 1.416e-01 | Regularization Loss: 0.000e+00 | Val Loss: 1.462e-01 | Active Proj %: 16.86 | Time: 6.84s
2025-08-21 05:54:33,034:INFO:Epoch: 17400/40000 | Train Loss: 9.163e-02 | Dynamic Loss: 9.163e-02 | Regularization Loss: 0.000e+00 | Val Loss: 9.893e-02 | Active Proj %: 87.71 | Time: 6.93s
2025-08-21 05:54:40,043:INFO:Epoch: 17450/40000 | Train Loss: 5.423e-02 | Dynamic Loss: 5.423e-02 | Regularization Loss: 0.000e+00 | Val Loss: 6.602e-02 | Active Proj %: 83.39 | Time: 6.89s
2025-08-21 05:54:47,516:INFO:Epoch: 17500/40000 | Train Loss: 5.660e-02 | Dynamic Loss: 5.660e-02 | Regularization Loss: 0.000e+00 | Val Loss: 6.477e-02 | Active Proj %: 95.68 | Time: 7.35s
2025-08-21 05:54:54,526:INFO:Epoch: 17550/40000 | Train Loss: 9.872e-02 | Dynamic Loss: 9.872e-02 | Regularization Loss: 0.000e+00 | Val Loss: 1.022e-01 | Active Proj %: 63.88 | Time: 6.89s
2025-08-21 05:55:01,511:INFO:Epoch: 17600/40000 | Train Loss: 8.385e-02 | Dynamic Loss: 8.385e-02 | Regularization Loss: 0.000e+00 | Val Loss: 9.284e-02 | Active Proj %: 91.51 | Time: 6.87s
2025-08-21 05:55:08,589:INFO:Epoch: 17650/40000 | Train Loss: 7.247e-02 | Dynamic Loss: 7.247e-02 | Regularization Loss: 0.000e+00 | Val Loss: 1.252e-01 | Active Proj %: 39.79 | Time: 6.82s
2025-08-21 05:55:15,558:INFO:Epoch: 17700/40000 | Train Loss: 6.477e-02 | Dynamic Loss: 6.477e-02 | Regularization Loss: 0.000e+00 | Val Loss: 7.760e-02 | Active Proj %: 81.96 | Time: 6.85s
2025-08-21 05:55:22,609:INFO:Epoch: 17750/40000 | Train Loss: 5.328e-02 | Dynamic Loss: 5.328e-02 | Regularization Loss: 0.000e+00 | Val Loss: 6.502e-02 | Active Proj %: 89.26 | Time: 6.93s
2025-08-21 05:55:29,529:INFO:Epoch: 17800/40000 | Train Loss: 7.414e-02 | Dynamic Loss: 7.414e-02 | Regularization Loss: 0.000e+00 | Val Loss: 8.163e-02 | Active Proj %: 67.65 | Time: 6.80s
2025-08-21 05:55:36,635:INFO:Epoch: 17850/40000 | Train Loss: 7.774e-02 | Dynamic Loss: 7.774e-02 | Regularization Loss: 0.000e+00 | Val Loss: 9.070e-02 | Active Proj %: 96.91 | Time: 6.99s
2025-08-21 05:55:43,661:INFO:Epoch: 17900/40000 | Train Loss: 6.990e-02 | Dynamic Loss: 6.990e-02 | Regularization Loss: 0.000e+00 | Val Loss: 8.486e-01 | Active Proj %: 79.98 | Time: 6.91s
2025-08-21 05:55:50,583:INFO:Epoch: 17950/40000 | Train Loss: 1.429e-01 | Dynamic Loss: 1.429e-01 | Regularization Loss: 0.000e+00 | Val Loss: 1.411e-01 | Active Proj %: 14.29 | Time: 6.80s
2025-08-21 05:55:57,587:INFO:Epoch: 18000/40000 | Train Loss: 1.199e-01 | Dynamic Loss: 1.199e-01 | Regularization Loss: 0.000e+00 | Val Loss: 1.347e-01 | Active Proj %: 44.78 | Time: 6.88s
2025-08-21 05:56:04,738:INFO:Epoch: 18050/40000 | Train Loss: 1.808e-01 | Dynamic Loss: 1.808e-01 | Regularization Loss: 0.000e+00 | Val Loss: 1.853e-01 | Active Proj %: 91.85 | Time: 7.03s
2025-08-21 05:56:11,617:INFO:Epoch: 18100/40000 | Train Loss: 1.750e-01 | Dynamic Loss: 1.750e-01 | Regularization Loss: 0.000e+00 | Val Loss: 1.777e-01 | Active Proj %: 70.51 | Time: 6.76s
2025-08-21 05:56:18,651:INFO:Epoch: 18150/40000 | Train Loss: 1.380e-01 | Dynamic Loss: 1.380e-01 | Regularization Loss: 0.000e+00 | Val Loss: 1.468e-01 | Active Proj %: 76.80 | Time: 6.92s
2025-08-21 05:56:25,561:INFO:Epoch: 18200/40000 | Train Loss: 1.202e-01 | Dynamic Loss: 1.202e-01 | Regularization Loss: 0.000e+00 | Val Loss: 1.332e-01 | Active Proj %: 65.95 | Time: 6.79s
2025-08-21 05:56:32,693:INFO:Epoch: 18250/40000 | Train Loss: 2.146e-01 | Dynamic Loss: 2.146e-01 | Regularization Loss: 0.000e+00 | Val Loss: 2.490e-01 | Active Proj %: 93.99 | Time: 7.01s
2025-08-21 05:56:39,691:INFO:Epoch: 18300/40000 | Train Loss: 2.660e-01 | Dynamic Loss: 2.660e-01 | Regularization Loss: 0.000e+00 | Val Loss: 2.557e-01 | Active Proj %: 54.84 | Time: 6.88s
2025-08-21 05:56:46,661:INFO:Epoch: 18350/40000 | Train Loss: 1.607e-01 | Dynamic Loss: 1.607e-01 | Regularization Loss: 0.000e+00 | Val Loss: 1.717e-01 | Active Proj %: 32.62 | Time: 6.85s
2025-08-21 05:56:53,651:INFO:Epoch: 18400/40000 | Train Loss: 1.731e-01 | Dynamic Loss: 1.731e-01 | Regularization Loss: 0.000e+00 | Val Loss: 1.757e-01 | Active Proj %: 87.74 | Time: 6.87s
2025-08-21 05:57:03,650:INFO:Epoch: 18450/40000 | Train Loss: 9.170e-02 | Dynamic Loss: 9.170e-02 | Regularization Loss: 0.000e+00 | Val Loss: 1.021e-01 | Active Proj %: 77.26 | Time: 9.88s
2025-08-21 05:57:10,623:INFO:Epoch: 18500/40000 | Train Loss: 1.397e-01 | Dynamic Loss: 1.397e-01 | Regularization Loss: 0.000e+00 | Val Loss: 1.429e-01 | Active Proj %: 91.65 | Time: 6.86s
2025-08-21 05:57:17,592:INFO:Epoch: 18550/40000 | Train Loss: 3.687e-01 | Dynamic Loss: 3.687e-01 | Regularization Loss: 0.000e+00 | Val Loss: 2.624e-01 | Active Proj %: 83.20 | Time: 6.85s
2025-08-21 05:57:24,592:INFO:Epoch: 18600/40000 | Train Loss: 1.651e-01 | Dynamic Loss: 1.651e-01 | Regularization Loss: 0.000e+00 | Val Loss: 1.613e-01 | Active Proj %: 44.05 | Time: 6.88s
2025-08-21 05:57:34,747:INFO:Epoch: 18650/40000 | Train Loss: 1.134e-01 | Dynamic Loss: 1.134e-01 | Regularization Loss: 0.000e+00 | Val Loss: 1.204e-01 | Active Proj %: 95.18 | Time: 10.04s
2025-08-21 05:57:41,725:INFO:Epoch: 18700/40000 | Train Loss: 1.886e-01 | Dynamic Loss: 1.886e-01 | Regularization Loss: 0.000e+00 | Val Loss: 1.760e-01 | Active Proj %: 57.75 | Time: 6.85s
2025-08-21 05:57:48,772:INFO:Epoch: 18750/40000 | Train Loss: 7.989e-02 | Dynamic Loss: 7.989e-02 | Regularization Loss: 0.000e+00 | Val Loss: 8.895e-02 | Active Proj %: 54.92 | Time: 6.93s
2025-08-21 05:57:55,780:INFO:Epoch: 18800/40000 | Train Loss: 6.771e-02 | Dynamic Loss: 6.771e-02 | Regularization Loss: 0.000e+00 | Val Loss: 7.708e-02 | Active Proj %: 79.92 | Time: 6.89s
2025-08-21 05:58:08,076:INFO:Epoch: 18850/40000 | Train Loss: 7.898e-02 | Dynamic Loss: 7.898e-02 | Regularization Loss: 0.000e+00 | Val Loss: 8.518e-02 | Active Proj %: 90.09 | Time: 12.18s
2025-08-21 05:58:15,060:INFO:Epoch: 18900/40000 | Train Loss: 8.997e-02 | Dynamic Loss: 8.997e-02 | Regularization Loss: 0.000e+00 | Val Loss: 9.813e-02 | Active Proj %: 91.57 | Time: 6.86s
2025-08-21 05:58:22,049:INFO:Epoch: 18950/40000 | Train Loss: 7.074e-02 | Dynamic Loss: 7.074e-02 | Regularization Loss: 0.000e+00 | Val Loss: 7.702e-02 | Active Proj %: 80.99 | Time: 6.87s
2025-08-21 05:58:29,032:INFO:Epoch: 19000/40000 | Train Loss: 5.441e-01 | Dynamic Loss: 5.441e-01 | Regularization Loss: 0.000e+00 | Val Loss: 4.902e-01 | Active Proj %: 98.14 | Time: 6.86s
2025-08-21 05:58:43,097:INFO:Epoch: 19050/40000 | Train Loss: 1.166e-01 | Dynamic Loss: 1.166e-01 | Regularization Loss: 0.000e+00 | Val Loss: 1.114e-01 | Active Proj %: 48.04 | Time: 13.94s
2025-08-21 05:58:50,125:INFO:Epoch: 19100/40000 | Train Loss: 1.317e-01 | Dynamic Loss: 1.317e-01 | Regularization Loss: 0.000e+00 | Val Loss: 1.339e-01 | Active Proj %: 84.97 | Time: 6.90s
2025-08-21 05:58:57,097:INFO:Epoch: 19150/40000 | Train Loss: 2.673e-01 | Dynamic Loss: 2.673e-01 | Regularization Loss: 0.000e+00 | Val Loss: 2.753e-01 | Active Proj %: 95.66 | Time: 6.85s
2025-08-21 05:59:04,072:INFO:Epoch: 19200/40000 | Train Loss: 9.648e-02 | Dynamic Loss: 9.648e-02 | Regularization Loss: 0.000e+00 | Val Loss: 1.161e-01 | Active Proj %: 73.83 | Time: 6.85s
2025-08-21 05:59:19,053:INFO:Epoch: 19250/40000 | Train Loss: 8.493e-02 | Dynamic Loss: 8.493e-02 | Regularization Loss: 0.000e+00 | Val Loss: 9.622e-02 | Active Proj %: 92.86 | Time: 14.86s
2025-08-21 05:59:26,090:INFO:Epoch: 19300/40000 | Train Loss: 6.389e-02 | Dynamic Loss: 6.389e-02 | Regularization Loss: 0.000e+00 | Val Loss: 7.195e-02 | Active Proj %: 86.80 | Time: 6.91s
2025-08-21 05:59:33,121:INFO:Epoch: 19350/40000 | Train Loss: 1.152e-01 | Dynamic Loss: 1.152e-01 | Regularization Loss: 0.000e+00 | Val Loss: 1.413e-01 | Active Proj %: 91.98 | Time: 6.91s
2025-08-21 05:59:40,288:INFO:Epoch: 19400/40000 | Train Loss: 7.657e-02 | Dynamic Loss: 7.657e-02 | Regularization Loss: 0.000e+00 | Val Loss: 9.425e-02 | Active Proj %: 81.29 | Time: 6.91s
2025-08-21 05:59:47,269:INFO:Epoch: 19450/40000 | Train Loss: 1.065e-01 | Dynamic Loss: 1.065e-01 | Regularization Loss: 0.000e+00 | Val Loss: 1.267e-01 | Active Proj %: 84.29 | Time: 6.86s
2025-08-21 05:59:54,292:INFO:Epoch: 19500/40000 | Train Loss: 1.267e-01 | Dynamic Loss: 1.267e-01 | Regularization Loss: 0.000e+00 | Val Loss: 1.189e-01 | Active Proj %: 89.45 | Time: 6.90s
2025-08-21 06:00:01,261:INFO:Epoch: 19550/40000 | Train Loss: 8.736e-02 | Dynamic Loss: 8.736e-02 | Regularization Loss: 0.000e+00 | Val Loss: 9.879e-02 | Active Proj %: 81.84 | Time: 6.85s
2025-08-21 06:00:08,277:INFO:Epoch: 19600/40000 | Train Loss: 6.108e-02 | Dynamic Loss: 6.108e-02 | Regularization Loss: 0.000e+00 | Val Loss: 7.187e-02 | Active Proj %: 73.06 | Time: 6.89s
2025-08-21 06:00:23,311:INFO:Epoch: 19650/40000 | Train Loss: 1.692e-01 | Dynamic Loss: 1.692e-01 | Regularization Loss: 0.000e+00 | Val Loss: 2.107e-01 | Active Proj %: 36.34 | Time: 14.91s
2025-08-21 06:00:30,288:INFO:Epoch: 19700/40000 | Train Loss: 1.127e+00 | Dynamic Loss: 1.127e+00 | Regularization Loss: 0.000e+00 | Val Loss: 9.533e-01 | Active Proj %: 32.97 | Time: 6.85s
2025-08-21 06:00:37,313:INFO:Epoch: 19750/40000 | Train Loss: 1.047e-01 | Dynamic Loss: 1.047e-01 | Regularization Loss: 0.000e+00 | Val Loss: 1.313e-01 | Active Proj %: 49.13 | Time: 6.90s
2025-08-21 06:00:44,421:INFO:Epoch: 19800/40000 | Train Loss: 7.388e-02 | Dynamic Loss: 7.388e-02 | Regularization Loss: 0.000e+00 | Val Loss: 8.453e-02 | Active Proj %: 72.31 | Time: 6.85s
2025-08-21 06:00:51,396:INFO:Epoch: 19850/40000 | Train Loss: 2.537e-01 | Dynamic Loss: 2.537e-01 | Regularization Loss: 0.000e+00 | Val Loss: 2.256e-01 | Active Proj %: 95.80 | Time: 6.85s
2025-08-21 06:00:58,397:INFO:Epoch: 19900/40000 | Train Loss: 7.683e-02 | Dynamic Loss: 7.683e-02 | Regularization Loss: 0.000e+00 | Val Loss: 8.328e-02 | Active Proj %: 70.26 | Time: 6.88s
2025-08-21 06:01:05,397:INFO:Epoch: 19950/40000 | Train Loss: 5.713e-01 | Dynamic Loss: 5.713e-01 | Regularization Loss: 0.000e+00 | Val Loss: 6.032e-01 | Active Proj %: 94.61 | Time: 6.88s
2025-08-21 06:01:12,382:INFO:Epoch: 20000/40000 | Train Loss: 9.321e-02 | Dynamic Loss: 9.321e-02 | Regularization Loss: 0.000e+00 | Val Loss: 1.097e-01 | Active Proj %: 81.44 | Time: 6.86s
2025-08-21 06:01:22,136:INFO:Epoch: 20050/40000 | Train Loss: 2.075e-01 | Dynamic Loss: 2.075e-01 | Regularization Loss: 0.000e+00 | Val Loss: 1.973e-01 | Active Proj %: 98.68 | Time: 9.63s
2025-08-21 06:01:29,121:INFO:Epoch: 20100/40000 | Train Loss: 2.469e-01 | Dynamic Loss: 2.469e-01 | Regularization Loss: 0.000e+00 | Val Loss: 2.364e-01 | Active Proj %: 7.52 | Time: 6.86s
2025-08-21 06:01:36,121:INFO:Epoch: 20150/40000 | Train Loss: 2.076e-01 | Dynamic Loss: 2.076e-01 | Regularization Loss: 0.000e+00 | Val Loss: 2.031e-01 | Active Proj %: 96.90 | Time: 6.88s
2025-08-21 06:01:43,291:INFO:Epoch: 20200/40000 | Train Loss: 6.574e-02 | Dynamic Loss: 6.574e-02 | Regularization Loss: 0.000e+00 | Val Loss: 7.903e-02 | Active Proj %: 80.90 | Time: 6.92s
2025-08-21 06:01:50,246:INFO:Epoch: 20250/40000 | Train Loss: 6.030e-02 | Dynamic Loss: 6.030e-02 | Regularization Loss: 0.000e+00 | Val Loss: 6.949e-02 | Active Proj %: 87.04 | Time: 6.83s
2025-08-21 06:01:57,180:INFO:Epoch: 20300/40000 | Train Loss: 7.831e-02 | Dynamic Loss: 7.831e-02 | Regularization Loss: 0.000e+00 | Val Loss: 9.030e-02 | Active Proj %: 85.15 | Time: 6.81s
2025-08-21 06:02:04,186:INFO:Epoch: 20350/40000 | Train Loss: 6.759e-02 | Dynamic Loss: 6.759e-02 | Regularization Loss: 0.000e+00 | Val Loss: 7.619e-02 | Active Proj %: 63.81 | Time: 6.88s
2025-08-21 06:02:11,322:INFO:Epoch: 20400/40000 | Train Loss: 5.234e-02 | Dynamic Loss: 5.234e-02 | Regularization Loss: 0.000e+00 | Val Loss: 6.189e-02 | Active Proj %: 88.92 | Time: 7.01s
2025-08-21 06:02:11,322:INFO:New best model found at epoch 20400 with validation loss 6.189e-02. Saving...
2025-08-21 06:02:18,297:INFO:Epoch: 20450/40000 | Train Loss: 1.148e-01 | Dynamic Loss: 1.148e-01 | Regularization Loss: 0.000e+00 | Val Loss: 1.071e-01 | Active Proj %: 95.58 | Time: 6.83s
2025-08-21 06:02:25,460:INFO:Epoch: 20500/40000 | Train Loss: 6.052e-02 | Dynamic Loss: 6.052e-02 | Regularization Loss: 0.000e+00 | Val Loss: 7.020e-02 | Active Proj %: 79.97 | Time: 7.05s
2025-08-21 06:02:32,497:INFO:Epoch: 20550/40000 | Train Loss: 7.085e-02 | Dynamic Loss: 7.085e-02 | Regularization Loss: 0.000e+00 | Val Loss: 8.777e-02 | Active Proj %: 70.48 | Time: 6.89s
2025-08-21 06:02:39,686:INFO:Epoch: 20600/40000 | Train Loss: 6.867e-02 | Dynamic Loss: 6.867e-02 | Regularization Loss: 0.000e+00 | Val Loss: 7.467e-02 | Active Proj %: 45.46 | Time: 7.08s
2025-08-21 06:02:46,613:INFO:Epoch: 20650/40000 | Train Loss: 7.361e-02 | Dynamic Loss: 7.361e-02 | Regularization Loss: 0.000e+00 | Val Loss: 8.558e-02 | Active Proj %: 57.68 | Time: 6.81s
2025-08-21 06:02:53,590:INFO:Epoch: 20700/40000 | Train Loss: 6.901e-02 | Dynamic Loss: 6.901e-02 | Regularization Loss: 0.000e+00 | Val Loss: 7.934e-02 | Active Proj %: 87.69 | Time: 6.86s
2025-08-21 06:03:00,538:INFO:Epoch: 20750/40000 | Train Loss: 9.103e-02 | Dynamic Loss: 9.103e-02 | Regularization Loss: 0.000e+00 | Val Loss: 1.087e-01 | Active Proj %: 53.37 | Time: 6.84s
2025-08-21 06:03:07,658:INFO:Epoch: 20800/40000 | Train Loss: 5.784e-02 | Dynamic Loss: 5.784e-02 | Regularization Loss: 0.000e+00 | Val Loss: 7.092e-02 | Active Proj %: 71.95 | Time: 7.01s
2025-08-21 06:03:14,647:INFO:Epoch: 20850/40000 | Train Loss: 5.735e-02 | Dynamic Loss: 5.735e-02 | Regularization Loss: 0.000e+00 | Val Loss: 6.917e-02 | Active Proj %: 69.70 | Time: 6.88s
2025-08-21 06:03:21,586:INFO:Epoch: 20900/40000 | Train Loss: 6.125e-02 | Dynamic Loss: 6.125e-02 | Regularization Loss: 0.000e+00 | Val Loss: 7.077e-02 | Active Proj %: 66.94 | Time: 6.83s
2025-08-21 06:03:28,616:INFO:Epoch: 20950/40000 | Train Loss: 8.625e-02 | Dynamic Loss: 8.625e-02 | Regularization Loss: 0.000e+00 | Val Loss: 2.542e-01 | Active Proj %: 93.45 | Time: 6.92s
2025-08-21 06:03:35,659:INFO:Epoch: 21000/40000 | Train Loss: 7.538e-02 | Dynamic Loss: 7.538e-02 | Regularization Loss: 0.000e+00 | Val Loss: 8.473e-02 | Active Proj %: 81.62 | Time: 6.93s
2025-08-21 06:03:42,568:INFO:Epoch: 21050/40000 | Train Loss: 4.600e-02 | Dynamic Loss: 4.600e-02 | Regularization Loss: 0.000e+00 | Val Loss: 5.705e-02 | Active Proj %: 75.06 | Time: 6.80s
2025-08-21 06:03:42,568:INFO:New best model found at epoch 21050 with validation loss 5.705e-02. Saving...
2025-08-21 06:03:49,872:INFO:Epoch: 21100/40000 | Train Loss: 4.197e-02 | Dynamic Loss: 4.197e-02 | Regularization Loss: 0.000e+00 | Val Loss: 5.232e-02 | Active Proj %: 79.68 | Time: 7.17s
2025-08-21 06:03:49,873:INFO:New best model found at epoch 21100 with validation loss 5.232e-02. Saving...
2025-08-21 06:03:56,821:INFO:Epoch: 21150/40000 | Train Loss: 6.887e-02 | Dynamic Loss: 6.887e-02 | Regularization Loss: 0.000e+00 | Val Loss: 1.125e-01 | Active Proj %: 91.28 | Time: 6.82s
2025-08-21 06:04:03,674:INFO:Epoch: 21200/40000 | Train Loss: 2.801e-01 | Dynamic Loss: 2.801e-01 | Regularization Loss: 0.000e+00 | Val Loss: 2.647e-01 | Active Proj %: 2.68 | Time: 6.74s
2025-08-21 06:04:15,215:INFO:Epoch: 21250/40000 | Train Loss: 6.504e-02 | Dynamic Loss: 6.504e-02 | Regularization Loss: 0.000e+00 | Val Loss: 7.481e-02 | Active Proj %: 72.00 | Time: 11.43s
2025-08-21 06:04:22,124:INFO:Epoch: 21300/40000 | Train Loss: 7.875e-02 | Dynamic Loss: 7.875e-02 | Regularization Loss: 0.000e+00 | Val Loss: 8.710e-02 | Active Proj %: 84.88 | Time: 6.80s
2025-08-21 06:04:29,086:INFO:Epoch: 21350/40000 | Train Loss: 1.016e-01 | Dynamic Loss: 1.016e-01 | Regularization Loss: 0.000e+00 | Val Loss: 1.051e-01 | Active Proj %: 78.82 | Time: 6.85s
2025-08-21 06:04:36,045:INFO:Epoch: 21400/40000 | Train Loss: 2.123e-01 | Dynamic Loss: 2.123e-01 | Regularization Loss: 0.000e+00 | Val Loss: 2.506e-01 | Active Proj %: 18.63 | Time: 6.85s
2025-08-21 06:04:47,516:INFO:Epoch: 21450/40000 | Train Loss: 8.298e-02 | Dynamic Loss: 8.298e-02 | Regularization Loss: 0.000e+00 | Val Loss: 9.386e-02 | Active Proj %: 67.62 | Time: 11.36s
2025-08-21 06:04:54,467:INFO:Epoch: 21500/40000 | Train Loss: 5.811e-02 | Dynamic Loss: 5.811e-02 | Regularization Loss: 0.000e+00 | Val Loss: 7.039e-02 | Active Proj %: 87.77 | Time: 6.84s
2025-08-21 06:05:01,414:INFO:Epoch: 21550/40000 | Train Loss: 5.964e-02 | Dynamic Loss: 5.964e-02 | Regularization Loss: 0.000e+00 | Val Loss: 6.974e-02 | Active Proj %: 88.22 | Time: 6.83s
2025-08-21 06:05:08,478:INFO:Epoch: 21600/40000 | Train Loss: 5.414e-02 | Dynamic Loss: 5.414e-02 | Regularization Loss: 0.000e+00 | Val Loss: 6.601e-02 | Active Proj %: 79.85 | Time: 6.95s
2025-08-21 06:05:15,441:INFO:Epoch: 21650/40000 | Train Loss: 5.214e-02 | Dynamic Loss: 5.214e-02 | Regularization Loss: 0.000e+00 | Val Loss: 6.953e-02 | Active Proj %: 74.63 | Time: 6.85s
2025-08-21 06:05:22,395:INFO:Epoch: 21700/40000 | Train Loss: 4.905e-02 | Dynamic Loss: 4.905e-02 | Regularization Loss: 0.000e+00 | Val Loss: 5.788e-02 | Active Proj %: 86.00 | Time: 6.84s
2025-08-21 06:05:29,628:INFO:Epoch: 21750/40000 | Train Loss: 5.201e-02 | Dynamic Loss: 5.201e-02 | Regularization Loss: 0.000e+00 | Val Loss: 6.425e-02 | Active Proj %: 75.60 | Time: 7.12s
2025-08-21 06:05:36,557:INFO:Epoch: 21800/40000 | Train Loss: 1.139e-01 | Dynamic Loss: 1.139e-01 | Regularization Loss: 0.000e+00 | Val Loss: 1.212e-01 | Active Proj %: 86.32 | Time: 6.82s
2025-08-21 06:05:48,522:INFO:Epoch: 21850/40000 | Train Loss: 6.023e-02 | Dynamic Loss: 6.023e-02 | Regularization Loss: 0.000e+00 | Val Loss: 7.111e-02 | Active Proj %: 76.37 | Time: 11.85s
2025-08-21 06:05:55,474:INFO:Epoch: 21900/40000 | Train Loss: 1.071e-01 | Dynamic Loss: 1.071e-01 | Regularization Loss: 0.000e+00 | Val Loss: 1.127e-01 | Active Proj %: 97.16 | Time: 6.84s
2025-08-21 06:06:02,507:INFO:Epoch: 21950/40000 | Train Loss: 2.015e-01 | Dynamic Loss: 2.015e-01 | Regularization Loss: 0.000e+00 | Val Loss: 2.031e-01 | Active Proj %: 90.05 | Time: 6.92s
2025-08-21 06:06:09,405:INFO:Epoch: 22000/40000 | Train Loss: 5.818e-02 | Dynamic Loss: 5.818e-02 | Regularization Loss: 0.000e+00 | Val Loss: 6.806e-02 | Active Proj %: 59.49 | Time: 6.78s
2025-08-21 06:06:21,267:INFO:Epoch: 22050/40000 | Train Loss: 9.619e-02 | Dynamic Loss: 9.619e-02 | Regularization Loss: 0.000e+00 | Val Loss: 9.707e-02 | Active Proj %: 85.47 | Time: 11.75s
2025-08-21 06:06:28,207:INFO:Epoch: 22100/40000 | Train Loss: 4.492e-02 | Dynamic Loss: 4.492e-02 | Regularization Loss: 0.000e+00 | Val Loss: 5.536e-02 | Active Proj %: 78.11 | Time: 6.83s
2025-08-21 06:06:35,158:INFO:Epoch: 22150/40000 | Train Loss: 4.389e-02 | Dynamic Loss: 4.389e-02 | Regularization Loss: 0.000e+00 | Val Loss: 5.412e-02 | Active Proj %: 81.48 | Time: 6.84s
2025-08-21 06:06:42,108:INFO:Epoch: 22200/40000 | Train Loss: 6.973e-02 | Dynamic Loss: 6.973e-02 | Regularization Loss: 0.000e+00 | Val Loss: 8.027e-02 | Active Proj %: 82.21 | Time: 6.84s
2025-08-21 06:06:56,791:INFO:Epoch: 22250/40000 | Train Loss: 7.072e-02 | Dynamic Loss: 7.072e-02 | Regularization Loss: 0.000e+00 | Val Loss: 6.814e-02 | Active Proj %: 76.54 | Time: 14.57s
2025-08-21 06:07:03,729:INFO:Epoch: 22300/40000 | Train Loss: 5.572e-02 | Dynamic Loss: 5.572e-02 | Regularization Loss: 0.000e+00 | Val Loss: 6.714e-02 | Active Proj %: 91.16 | Time: 6.83s
2025-08-21 06:07:10,867:INFO:Epoch: 22350/40000 | Train Loss: 4.127e-02 | Dynamic Loss: 4.127e-02 | Regularization Loss: 0.000e+00 | Val Loss: 4.991e-02 | Active Proj %: 81.90 | Time: 7.02s
2025-08-21 06:07:10,867:INFO:New best model found at epoch 22350 with validation loss 4.991e-02. Saving...
2025-08-21 06:07:17,845:INFO:Epoch: 22400/40000 | Train Loss: 6.571e-02 | Dynamic Loss: 6.571e-02 | Regularization Loss: 0.000e+00 | Val Loss: 7.373e-02 | Active Proj %: 95.05 | Time: 6.84s
2025-08-21 06:07:27,729:INFO:Epoch: 22450/40000 | Train Loss: 6.611e-02 | Dynamic Loss: 6.611e-02 | Regularization Loss: 0.000e+00 | Val Loss: 6.801e-02 | Active Proj %: 84.21 | Time: 9.77s
2025-08-21 06:07:34,669:INFO:Epoch: 22500/40000 | Train Loss: 4.139e-02 | Dynamic Loss: 4.139e-02 | Regularization Loss: 0.000e+00 | Val Loss: 5.006e-02 | Active Proj %: 83.25 | Time: 6.83s
2025-08-21 06:07:41,589:INFO:Epoch: 22550/40000 | Train Loss: 3.538e-02 | Dynamic Loss: 3.538e-02 | Regularization Loss: 0.000e+00 | Val Loss: 4.517e-02 | Active Proj %: 80.11 | Time: 6.80s
2025-08-21 06:07:41,589:INFO:New best model found at epoch 22550 with validation loss 4.517e-02. Saving...
2025-08-21 06:07:48,567:INFO:Epoch: 22600/40000 | Train Loss: 5.419e-02 | Dynamic Loss: 5.419e-02 | Regularization Loss: 0.000e+00 | Val Loss: 6.387e-02 | Active Proj %: 79.47 | Time: 6.84s
2025-08-21 06:07:55,634:INFO:Epoch: 22650/40000 | Train Loss: 4.749e-02 | Dynamic Loss: 4.749e-02 | Regularization Loss: 0.000e+00 | Val Loss: 5.859e-02 | Active Proj %: 83.36 | Time: 6.95s
2025-08-21 06:08:02,628:INFO:Epoch: 22700/40000 | Train Loss: 3.942e-02 | Dynamic Loss: 3.942e-02 | Regularization Loss: 0.000e+00 | Val Loss: 4.747e-02 | Active Proj %: 89.92 | Time: 6.88s
2025-08-21 06:08:09,589:INFO:Epoch: 22750/40000 | Train Loss: 3.825e-02 | Dynamic Loss: 3.825e-02 | Regularization Loss: 0.000e+00 | Val Loss: 4.684e-02 | Active Proj %: 63.28 | Time: 6.85s
2025-08-21 06:08:16,553:INFO:Epoch: 22800/40000 | Train Loss: 4.411e-02 | Dynamic Loss: 4.411e-02 | Regularization Loss: 0.000e+00 | Val Loss: 5.031e-02 | Active Proj %: 80.46 | Time: 6.85s
2025-08-21 06:08:23,530:INFO:Epoch: 22850/40000 | Train Loss: 1.853e-01 | Dynamic Loss: 1.853e-01 | Regularization Loss: 0.000e+00 | Val Loss: 1.756e-01 | Active Proj %: 57.48 | Time: 6.86s
2025-08-21 06:08:35,746:INFO:Epoch: 22900/40000 | Train Loss: 4.628e-02 | Dynamic Loss: 4.628e-02 | Regularization Loss: 0.000e+00 | Val Loss: 5.657e-02 | Active Proj %: 71.50 | Time: 12.10s
2025-08-21 06:08:42,681:INFO:Epoch: 22950/40000 | Train Loss: 1.610e-01 | Dynamic Loss: 1.610e-01 | Regularization Loss: 0.000e+00 | Val Loss: 1.629e-01 | Active Proj %: 8.16 | Time: 6.82s
2025-08-21 06:08:49,613:INFO:Epoch: 23000/40000 | Train Loss: 4.904e-02 | Dynamic Loss: 4.904e-02 | Regularization Loss: 0.000e+00 | Val Loss: 5.595e-02 | Active Proj %: 95.37 | Time: 6.82s
2025-08-21 06:08:56,531:INFO:Epoch: 23050/40000 | Train Loss: 3.879e-02 | Dynamic Loss: 3.879e-02 | Regularization Loss: 0.000e+00 | Val Loss: 4.757e-02 | Active Proj %: 82.15 | Time: 6.80s
2025-08-21 06:09:08,557:INFO:Epoch: 23100/40000 | Train Loss: 1.196e-01 | Dynamic Loss: 1.196e-01 | Regularization Loss: 0.000e+00 | Val Loss: 1.137e-01 | Active Proj %: 85.56 | Time: 11.91s
2025-08-21 06:09:15,526:INFO:Epoch: 23150/40000 | Train Loss: 6.893e-02 | Dynamic Loss: 6.893e-02 | Regularization Loss: 0.000e+00 | Val Loss: 8.335e-02 | Active Proj %: 77.90 | Time: 6.85s
2025-08-21 06:09:22,500:INFO:Epoch: 23200/40000 | Train Loss: 4.199e-02 | Dynamic Loss: 4.199e-02 | Regularization Loss: 0.000e+00 | Val Loss: 5.961e-02 | Active Proj %: 85.73 | Time: 6.86s
2025-08-21 06:09:29,441:INFO:Epoch: 23250/40000 | Train Loss: 5.672e-02 | Dynamic Loss: 5.672e-02 | Regularization Loss: 0.000e+00 | Val Loss: 6.544e-02 | Active Proj %: 79.74 | Time: 6.83s
2025-08-21 06:09:43,923:INFO:Epoch: 23300/40000 | Train Loss: 4.486e-02 | Dynamic Loss: 4.486e-02 | Regularization Loss: 0.000e+00 | Val Loss: 5.598e-02 | Active Proj %: 94.28 | Time: 14.37s
2025-08-21 06:09:50,939:INFO:Epoch: 23350/40000 | Train Loss: 6.886e-02 | Dynamic Loss: 6.886e-02 | Regularization Loss: 0.000e+00 | Val Loss: 6.854e-02 | Active Proj %: 87.13 | Time: 6.90s
2025-08-21 06:09:57,906:INFO:Epoch: 23400/40000 | Train Loss: 3.412e-02 | Dynamic Loss: 3.412e-02 | Regularization Loss: 0.000e+00 | Val Loss: 4.410e-02 | Active Proj %: 82.60 | Time: 6.85s
2025-08-21 06:09:57,906:INFO:New best model found at epoch 23400 with validation loss 4.410e-02. Saving...
2025-08-21 06:10:04,854:INFO:Epoch: 23450/40000 | Train Loss: 9.481e-02 | Dynamic Loss: 9.481e-02 | Regularization Loss: 0.000e+00 | Val Loss: 9.069e-02 | Active Proj %: 94.29 | Time: 6.81s
2025-08-21 06:10:14,362:INFO:Epoch: 23500/40000 | Train Loss: 3.792e-02 | Dynamic Loss: 3.792e-02 | Regularization Loss: 0.000e+00 | Val Loss: 4.707e-02 | Active Proj %: 84.95 | Time: 9.39s
2025-08-21 06:10:21,340:INFO:Epoch: 23550/40000 | Train Loss: 5.047e-02 | Dynamic Loss: 5.047e-02 | Regularization Loss: 0.000e+00 | Val Loss: 5.873e-02 | Active Proj %: 85.10 | Time: 6.86s
2025-08-21 06:10:28,350:INFO:Epoch: 23600/40000 | Train Loss: 8.879e-02 | Dynamic Loss: 8.879e-02 | Regularization Loss: 0.000e+00 | Val Loss: 9.948e-02 | Active Proj %: 74.28 | Time: 6.90s
2025-08-21 06:10:35,331:INFO:Epoch: 23650/40000 | Train Loss: 1.161e-01 | Dynamic Loss: 1.161e-01 | Regularization Loss: 0.000e+00 | Val Loss: 1.096e-01 | Active Proj %: 58.73 | Time: 6.87s
2025-08-21 06:10:42,407:INFO:Epoch: 23700/40000 | Train Loss: 1.204e-01 | Dynamic Loss: 1.204e-01 | Regularization Loss: 0.000e+00 | Val Loss: 1.126e-01 | Active Proj %: 93.85 | Time: 6.83s
2025-08-21 06:10:49,403:INFO:Epoch: 23750/40000 | Train Loss: 3.373e-02 | Dynamic Loss: 3.373e-02 | Regularization Loss: 0.000e+00 | Val Loss: 4.437e-02 | Active Proj %: 77.98 | Time: 6.88s
2025-08-21 06:10:56,421:INFO:Epoch: 23800/40000 | Train Loss: 8.810e-02 | Dynamic Loss: 8.810e-02 | Regularization Loss: 0.000e+00 | Val Loss: 9.482e-02 | Active Proj %: 55.15 | Time: 6.90s
2025-08-21 06:11:03,532:INFO:Epoch: 23850/40000 | Train Loss: 4.418e-01 | Dynamic Loss: 4.418e-01 | Regularization Loss: 0.000e+00 | Val Loss: 4.438e-01 | Active Proj %: 97.29 | Time: 7.00s
2025-08-21 06:11:10,493:INFO:Epoch: 23900/40000 | Train Loss: 6.455e-02 | Dynamic Loss: 6.455e-02 | Regularization Loss: 0.000e+00 | Val Loss: 7.175e-02 | Active Proj %: 76.09 | Time: 6.84s
2025-08-21 06:11:25,336:INFO:Epoch: 23950/40000 | Train Loss: 3.392e-02 | Dynamic Loss: 3.392e-02 | Regularization Loss: 0.000e+00 | Val Loss: 4.465e-02 | Active Proj %: 76.52 | Time: 14.73s
2025-08-21 06:11:32,325:INFO:Epoch: 24000/40000 | Train Loss: 8.185e-02 | Dynamic Loss: 8.185e-02 | Regularization Loss: 0.000e+00 | Val Loss: 8.927e-02 | Active Proj %: 41.05 | Time: 6.87s
2025-08-21 06:11:39,322:INFO:Epoch: 24050/40000 | Train Loss: 3.612e-02 | Dynamic Loss: 3.612e-02 | Regularization Loss: 0.000e+00 | Val Loss: 4.662e-02 | Active Proj %: 81.14 | Time: 6.88s
2025-08-21 06:11:46,263:INFO:Epoch: 24100/40000 | Train Loss: 5.987e-02 | Dynamic Loss: 5.987e-02 | Regularization Loss: 0.000e+00 | Val Loss: 7.118e-02 | Active Proj %: 70.29 | Time: 6.82s
2025-08-21 06:11:59,326:INFO:Epoch: 24150/40000 | Train Loss: 8.908e-02 | Dynamic Loss: 8.908e-02 | Regularization Loss: 0.000e+00 | Val Loss: 9.237e-02 | Active Proj %: 95.89 | Time: 12.95s
2025-08-21 06:12:06,270:INFO:Epoch: 24200/40000 | Train Loss: 4.287e-02 | Dynamic Loss: 4.287e-02 | Regularization Loss: 0.000e+00 | Val Loss: 5.343e-02 | Active Proj %: 93.99 | Time: 6.83s
2025-08-21 06:12:13,253:INFO:Epoch: 24250/40000 | Train Loss: 2.779e-02 | Dynamic Loss: 2.779e-02 | Regularization Loss: 0.000e+00 | Val Loss: 3.665e-02 | Active Proj %: 85.35 | Time: 6.87s
2025-08-21 06:12:13,253:INFO:New best model found at epoch 24250 with validation loss 3.665e-02. Saving...
2025-08-21 06:12:20,282:INFO:Epoch: 24300/40000 | Train Loss: 4.691e-02 | Dynamic Loss: 4.691e-02 | Regularization Loss: 0.000e+00 | Val Loss: 5.364e-02 | Active Proj %: 83.75 | Time: 6.89s
2025-08-21 06:12:31,739:INFO:Epoch: 24350/40000 | Train Loss: 5.605e-02 | Dynamic Loss: 5.605e-02 | Regularization Loss: 0.000e+00 | Val Loss: 5.759e-02 | Active Proj %: 72.48 | Time: 11.34s
2025-08-21 06:12:38,676:INFO:Epoch: 24400/40000 | Train Loss: 3.761e-02 | Dynamic Loss: 3.761e-02 | Regularization Loss: 0.000e+00 | Val Loss: 4.558e-02 | Active Proj %: 74.47 | Time: 6.82s
2025-08-21 06:12:45,654:INFO:Epoch: 24450/40000 | Train Loss: 7.637e-02 | Dynamic Loss: 7.637e-02 | Regularization Loss: 0.000e+00 | Val Loss: 7.622e-02 | Active Proj %: 89.93 | Time: 6.86s
2025-08-21 06:12:52,673:INFO:Epoch: 24500/40000 | Train Loss: 4.212e-02 | Dynamic Loss: 4.212e-02 | Regularization Loss: 0.000e+00 | Val Loss: 4.686e-02 | Active Proj %: 95.86 | Time: 6.90s
2025-08-21 06:13:02,603:INFO:Epoch: 24550/40000 | Train Loss: 2.629e-02 | Dynamic Loss: 2.629e-02 | Regularization Loss: 0.000e+00 | Val Loss: 3.590e-02 | Active Proj %: 83.12 | Time: 9.81s
2025-08-21 06:13:02,603:INFO:New best model found at epoch 24550 with validation loss 3.590e-02. Saving...
2025-08-21 06:13:09,569:INFO:Epoch: 24600/40000 | Train Loss: 4.506e-02 | Dynamic Loss: 4.506e-02 | Regularization Loss: 0.000e+00 | Val Loss: 5.116e-02 | Active Proj %: 96.06 | Time: 6.83s
2025-08-21 06:13:16,605:INFO:Epoch: 24650/40000 | Train Loss: 4.187e-02 | Dynamic Loss: 4.187e-02 | Regularization Loss: 0.000e+00 | Val Loss: 5.159e-02 | Active Proj %: 76.04 | Time: 6.92s
2025-08-21 06:13:23,625:INFO:Epoch: 24700/40000 | Train Loss: 3.674e-02 | Dynamic Loss: 3.674e-02 | Regularization Loss: 0.000e+00 | Val Loss: 4.143e-02 | Active Proj %: 97.66 | Time: 6.90s
2025-08-21 06:13:30,775:INFO:Epoch: 24750/40000 | Train Loss: 3.676e-02 | Dynamic Loss: 3.676e-02 | Regularization Loss: 0.000e+00 | Val Loss: 4.481e-02 | Active Proj %: 87.02 | Time: 7.03s
2025-08-21 06:13:37,780:INFO:Epoch: 24800/40000 | Train Loss: 4.446e-02 | Dynamic Loss: 4.446e-02 | Regularization Loss: 0.000e+00 | Val Loss: 6.068e-02 | Active Proj %: 55.23 | Time: 6.89s
2025-08-21 06:13:44,781:INFO:Epoch: 24850/40000 | Train Loss: 6.125e-02 | Dynamic Loss: 6.125e-02 | Regularization Loss: 0.000e+00 | Val Loss: 8.091e-02 | Active Proj %: 89.43 | Time: 6.88s
2025-08-21 06:13:51,799:INFO:Epoch: 24900/40000 | Train Loss: 4.574e-02 | Dynamic Loss: 4.574e-02 | Regularization Loss: 0.000e+00 | Val Loss: 5.032e-02 | Active Proj %: 94.77 | Time: 6.90s
2025-08-21 06:13:59,518:INFO:Epoch: 24950/40000 | Train Loss: 3.082e-02 | Dynamic Loss: 3.082e-02 | Regularization Loss: 0.000e+00 | Val Loss: 3.894e-02 | Active Proj %: 93.29 | Time: 7.60s
2025-08-21 06:14:07,187:INFO:Epoch: 25000/40000 | Train Loss: 5.764e-02 | Dynamic Loss: 5.764e-02 | Regularization Loss: 0.000e+00 | Val Loss: 7.669e-02 | Active Proj %: 85.37 | Time: 7.52s
2025-08-21 06:14:16,517:INFO:Epoch: 25050/40000 | Train Loss: 2.765e-02 | Dynamic Loss: 2.765e-02 | Regularization Loss: 0.000e+00 | Val Loss: 3.840e-02 | Active Proj %: 83.33 | Time: 9.21s
2025-08-21 06:14:23,536:INFO:Epoch: 25100/40000 | Train Loss: 6.378e-02 | Dynamic Loss: 6.378e-02 | Regularization Loss: 0.000e+00 | Val Loss: 8.032e-02 | Active Proj %: 93.93 | Time: 6.90s
2025-08-21 06:14:31,159:INFO:Epoch: 25150/40000 | Train Loss: 4.655e-02 | Dynamic Loss: 4.655e-02 | Regularization Loss: 0.000e+00 | Val Loss: 5.609e-02 | Active Proj %: 62.54 | Time: 7.51s
2025-08-21 06:14:38,103:INFO:Epoch: 25200/40000 | Train Loss: 2.263e-01 | Dynamic Loss: 2.263e-01 | Regularization Loss: 0.000e+00 | Val Loss: 2.401e-01 | Active Proj %: 96.47 | Time: 6.83s
2025-08-21 06:14:45,391:INFO:Epoch: 25250/40000 | Train Loss: 2.574e-02 | Dynamic Loss: 2.574e-02 | Regularization Loss: 0.000e+00 | Val Loss: 3.837e-02 | Active Proj %: 85.12 | Time: 7.17s
2025-08-21 06:14:52,399:INFO:Epoch: 25300/40000 | Train Loss: 7.197e-02 | Dynamic Loss: 7.197e-02 | Regularization Loss: 0.000e+00 | Val Loss: 9.681e-02 | Active Proj %: 90.21 | Time: 6.89s
2025-08-21 06:15:00,919:INFO:Epoch: 25350/40000 | Train Loss: 2.535e-02 | Dynamic Loss: 2.535e-02 | Regularization Loss: 0.000e+00 | Val Loss: 3.597e-02 | Active Proj %: 86.65 | Time: 8.40s
2025-08-21 06:15:07,898:INFO:Epoch: 25400/40000 | Train Loss: 2.321e-02 | Dynamic Loss: 2.321e-02 | Regularization Loss: 0.000e+00 | Val Loss: 3.218e-02 | Active Proj %: 80.83 | Time: 6.85s
2025-08-21 06:15:07,898:INFO:New best model found at epoch 25400 with validation loss 3.218e-02. Saving...
2025-08-21 06:15:15,119:INFO:Epoch: 25450/40000 | Train Loss: 3.435e-02 | Dynamic Loss: 3.435e-02 | Regularization Loss: 0.000e+00 | Val Loss: 4.390e-02 | Active Proj %: 74.67 | Time: 6.95s
2025-08-21 06:15:22,138:INFO:Epoch: 25500/40000 | Train Loss: 3.247e-02 | Dynamic Loss: 3.247e-02 | Regularization Loss: 0.000e+00 | Val Loss: 3.815e-02 | Active Proj %: 67.98 | Time: 6.90s
2025-08-21 06:15:29,341:INFO:Epoch: 25550/40000 | Train Loss: 3.199e-02 | Dynamic Loss: 3.199e-02 | Regularization Loss: 0.000e+00 | Val Loss: 4.000e-02 | Active Proj %: 91.34 | Time: 7.08s
2025-08-21 06:15:36,354:INFO:Epoch: 25600/40000 | Train Loss: 1.687e-01 | Dynamic Loss: 1.687e-01 | Regularization Loss: 0.000e+00 | Val Loss: 1.492e-01 | Active Proj %: 96.25 | Time: 6.89s
2025-08-21 06:15:43,401:INFO:Epoch: 25650/40000 | Train Loss: 6.690e-02 | Dynamic Loss: 6.690e-02 | Regularization Loss: 0.000e+00 | Val Loss: 7.502e-02 | Active Proj %: 89.75 | Time: 6.93s
2025-08-21 06:15:50,460:INFO:Epoch: 25700/40000 | Train Loss: 2.941e-02 | Dynamic Loss: 2.941e-02 | Regularization Loss: 0.000e+00 | Val Loss: 3.706e-02 | Active Proj %: 72.37 | Time: 6.94s
2025-08-21 06:15:57,613:INFO:Epoch: 25750/40000 | Train Loss: 6.448e-02 | Dynamic Loss: 6.448e-02 | Regularization Loss: 0.000e+00 | Val Loss: 7.823e-02 | Active Proj %: 54.66 | Time: 7.04s
2025-08-21 06:16:04,582:INFO:Epoch: 25800/40000 | Train Loss: 5.855e-02 | Dynamic Loss: 5.855e-02 | Regularization Loss: 0.000e+00 | Val Loss: 5.993e-02 | Active Proj %: 71.76 | Time: 6.85s
2025-08-21 06:16:11,647:INFO:Epoch: 25850/40000 | Train Loss: 3.369e-02 | Dynamic Loss: 3.369e-02 | Regularization Loss: 0.000e+00 | Val Loss: 4.123e-02 | Active Proj %: 84.79 | Time: 6.95s
2025-08-21 06:16:18,648:INFO:Epoch: 25900/40000 | Train Loss: 9.287e-02 | Dynamic Loss: 9.287e-02 | Regularization Loss: 0.000e+00 | Val Loss: 1.275e-01 | Active Proj %: 89.07 | Time: 6.88s
2025-08-21 06:16:25,603:INFO:Epoch: 25950/40000 | Train Loss: 6.416e-02 | Dynamic Loss: 6.416e-02 | Regularization Loss: 0.000e+00 | Val Loss: 6.652e-02 | Active Proj %: 91.39 | Time: 6.84s
2025-08-21 06:16:37,775:INFO:Epoch: 26000/40000 | Train Loss: 2.545e-02 | Dynamic Loss: 2.545e-02 | Regularization Loss: 0.000e+00 | Val Loss: 3.474e-02 | Active Proj %: 82.33 | Time: 12.06s
2025-08-21 06:16:44,788:INFO:Epoch: 26050/40000 | Train Loss: 2.673e-02 | Dynamic Loss: 2.673e-02 | Regularization Loss: 0.000e+00 | Val Loss: 3.454e-02 | Active Proj %: 82.50 | Time: 6.90s
2025-08-21 06:16:51,757:INFO:Epoch: 26100/40000 | Train Loss: 3.116e-02 | Dynamic Loss: 3.116e-02 | Regularization Loss: 0.000e+00 | Val Loss: 3.942e-02 | Active Proj %: 83.30 | Time: 6.85s
2025-08-21 06:16:58,794:INFO:Epoch: 26150/40000 | Train Loss: 3.224e-02 | Dynamic Loss: 3.224e-02 | Regularization Loss: 0.000e+00 | Val Loss: 3.921e-02 | Active Proj %: 92.24 | Time: 6.92s
2025-08-21 06:17:09,740:INFO:Epoch: 26200/40000 | Train Loss: 2.868e-02 | Dynamic Loss: 2.868e-02 | Regularization Loss: 0.000e+00 | Val Loss: 3.782e-02 | Active Proj %: 84.20 | Time: 10.83s
2025-08-21 06:17:16,681:INFO:Epoch: 26250/40000 | Train Loss: 5.725e-02 | Dynamic Loss: 5.725e-02 | Regularization Loss: 0.000e+00 | Val Loss: 9.412e-02 | Active Proj %: 49.39 | Time: 6.82s
2025-08-21 06:17:23,669:INFO:Epoch: 26300/40000 | Train Loss: 6.110e-02 | Dynamic Loss: 6.110e-02 | Regularization Loss: 0.000e+00 | Val Loss: 6.981e-02 | Active Proj %: 90.30 | Time: 6.87s
2025-08-21 06:17:30,628:INFO:Epoch: 26350/40000 | Train Loss: 4.185e-02 | Dynamic Loss: 4.185e-02 | Regularization Loss: 0.000e+00 | Val Loss: 4.791e-02 | Active Proj %: 88.22 | Time: 6.84s
2025-08-21 06:17:39,614:INFO:Epoch: 26400/40000 | Train Loss: 2.929e-02 | Dynamic Loss: 2.929e-02 | Regularization Loss: 0.000e+00 | Val Loss: 3.802e-02 | Active Proj %: 90.72 | Time: 8.87s
2025-08-21 06:17:46,588:INFO:Epoch: 26450/40000 | Train Loss: 6.942e-02 | Dynamic Loss: 6.942e-02 | Regularization Loss: 0.000e+00 | Val Loss: 7.018e-02 | Active Proj %: 80.90 | Time: 6.85s
2025-08-21 06:17:53,625:INFO:Epoch: 26500/40000 | Train Loss: 2.476e-02 | Dynamic Loss: 2.476e-02 | Regularization Loss: 0.000e+00 | Val Loss: 3.338e-02 | Active Proj %: 90.14 | Time: 6.92s
2025-08-21 06:18:00,602:INFO:Epoch: 26550/40000 | Train Loss: 3.536e-02 | Dynamic Loss: 3.536e-02 | Regularization Loss: 0.000e+00 | Val Loss: 4.360e-02 | Active Proj %: 80.98 | Time: 6.86s
2025-08-21 06:18:07,850:INFO:Epoch: 26600/40000 | Train Loss: 2.820e-02 | Dynamic Loss: 2.820e-02 | Regularization Loss: 0.000e+00 | Val Loss: 3.577e-02 | Active Proj %: 84.04 | Time: 7.13s
2025-08-21 06:18:14,900:INFO:Epoch: 26650/40000 | Train Loss: 2.075e-02 | Dynamic Loss: 2.075e-02 | Regularization Loss: 0.000e+00 | Val Loss: 2.879e-02 | Active Proj %: 87.28 | Time: 6.93s
2025-08-21 06:18:14,900:INFO:New best model found at epoch 26650 with validation loss 2.879e-02. Saving...
2025-08-21 06:18:21,908:INFO:Epoch: 26700/40000 | Train Loss: 1.407e-01 | Dynamic Loss: 1.407e-01 | Regularization Loss: 0.000e+00 | Val Loss: 1.445e-01 | Active Proj %: 77.15 | Time: 6.87s
2025-08-21 06:18:28,859:INFO:Epoch: 26750/40000 | Train Loss: 3.708e-02 | Dynamic Loss: 3.708e-02 | Regularization Loss: 0.000e+00 | Val Loss: 4.997e-02 | Active Proj %: 75.43 | Time: 6.83s
2025-08-21 06:18:43,746:INFO:Epoch: 26800/40000 | Train Loss: 4.435e-02 | Dynamic Loss: 4.435e-02 | Regularization Loss: 0.000e+00 | Val Loss: 4.705e-02 | Active Proj %: 74.97 | Time: 14.76s
2025-08-21 06:18:50,866:INFO:Epoch: 26850/40000 | Train Loss: 2.358e-02 | Dynamic Loss: 2.358e-02 | Regularization Loss: 0.000e+00 | Val Loss: 5.282e-02 | Active Proj %: 85.81 | Time: 7.00s
2025-08-21 06:18:57,875:INFO:Epoch: 26900/40000 | Train Loss: 7.950e-02 | Dynamic Loss: 7.950e-02 | Regularization Loss: 0.000e+00 | Val Loss: 8.101e-02 | Active Proj %: 60.87 | Time: 6.89s
2025-08-21 06:19:04,845:INFO:Epoch: 26950/40000 | Train Loss: 3.308e-02 | Dynamic Loss: 3.308e-02 | Regularization Loss: 0.000e+00 | Val Loss: 4.062e-02 | Active Proj %: 71.42 | Time: 6.85s
2025-08-21 06:19:13,729:INFO:Epoch: 27000/40000 | Train Loss: 2.837e-02 | Dynamic Loss: 2.837e-02 | Regularization Loss: 0.000e+00 | Val Loss: 3.156e-02 | Active Proj %: 83.01 | Time: 8.76s
2025-08-21 06:19:20,749:INFO:Epoch: 27050/40000 | Train Loss: 2.374e-02 | Dynamic Loss: 2.374e-02 | Regularization Loss: 0.000e+00 | Val Loss: 3.147e-02 | Active Proj %: 88.31 | Time: 6.90s
2025-08-21 06:19:27,820:INFO:Epoch: 27100/40000 | Train Loss: 5.206e-02 | Dynamic Loss: 5.206e-02 | Regularization Loss: 0.000e+00 | Val Loss: 5.787e-02 | Active Proj %: 96.57 | Time: 6.95s
2025-08-21 06:19:34,875:INFO:Epoch: 27150/40000 | Train Loss: 1.904e-02 | Dynamic Loss: 1.904e-02 | Regularization Loss: 0.000e+00 | Val Loss: 2.790e-02 | Active Proj %: 84.86 | Time: 6.93s
2025-08-21 06:19:34,875:INFO:New best model found at epoch 27150 with validation loss 2.790e-02. Saving...
2025-08-21 06:19:43,655:INFO:Epoch: 27200/40000 | Train Loss: 2.237e-02 | Dynamic Loss: 2.237e-02 | Regularization Loss: 0.000e+00 | Val Loss: 3.187e-02 | Active Proj %: 87.46 | Time: 8.64s
2025-08-21 06:19:50,618:INFO:Epoch: 27250/40000 | Train Loss: 4.022e-02 | Dynamic Loss: 4.022e-02 | Regularization Loss: 0.000e+00 | Val Loss: 5.005e-02 | Active Proj %: 88.39 | Time: 6.84s
2025-08-21 06:19:57,700:INFO:Epoch: 27300/40000 | Train Loss: 2.681e-02 | Dynamic Loss: 2.681e-02 | Regularization Loss: 0.000e+00 | Val Loss: 3.446e-02 | Active Proj %: 80.27 | Time: 6.96s
2025-08-21 06:20:04,753:INFO:Epoch: 27350/40000 | Train Loss: 2.207e-02 | Dynamic Loss: 2.207e-02 | Regularization Loss: 0.000e+00 | Val Loss: 2.967e-02 | Active Proj %: 89.11 | Time: 6.93s
2025-08-21 06:20:11,868:INFO:Epoch: 27400/40000 | Train Loss: 2.402e-02 | Dynamic Loss: 2.402e-02 | Regularization Loss: 0.000e+00 | Val Loss: 3.065e-02 | Active Proj %: 94.35 | Time: 6.87s
2025-08-21 06:20:18,859:INFO:Epoch: 27450/40000 | Train Loss: 3.075e-02 | Dynamic Loss: 3.075e-02 | Regularization Loss: 0.000e+00 | Val Loss: 3.904e-02 | Active Proj %: 77.46 | Time: 6.87s
2025-08-21 06:20:25,929:INFO:Epoch: 27500/40000 | Train Loss: 2.042e-02 | Dynamic Loss: 2.042e-02 | Regularization Loss: 0.000e+00 | Val Loss: 2.751e-02 | Active Proj %: 89.39 | Time: 6.95s
2025-08-21 06:20:25,929:INFO:New best model found at epoch 27500 with validation loss 2.751e-02. Saving...
2025-08-21 06:20:33,004:INFO:Epoch: 27550/40000 | Train Loss: 3.406e-02 | Dynamic Loss: 3.406e-02 | Regularization Loss: 0.000e+00 | Val Loss: 4.350e-02 | Active Proj %: 89.40 | Time: 6.93s
2025-08-21 06:20:39,994:INFO:Epoch: 27600/40000 | Train Loss: 3.323e-02 | Dynamic Loss: 3.323e-02 | Regularization Loss: 0.000e+00 | Val Loss: 3.492e-02 | Active Proj %: 87.10 | Time: 6.87s
2025-08-21 06:20:51,920:INFO:Epoch: 27650/40000 | Train Loss: 2.388e-02 | Dynamic Loss: 2.388e-02 | Regularization Loss: 0.000e+00 | Val Loss: 3.117e-02 | Active Proj %: 94.35 | Time: 11.80s
2025-08-21 06:20:58,892:INFO:Epoch: 27700/40000 | Train Loss: 4.221e-02 | Dynamic Loss: 4.221e-02 | Regularization Loss: 0.000e+00 | Val Loss: 5.356e-02 | Active Proj %: 61.41 | Time: 6.85s
2025-08-21 06:21:05,846:INFO:Epoch: 27750/40000 | Train Loss: 1.709e-02 | Dynamic Loss: 1.709e-02 | Regularization Loss: 0.000e+00 | Val Loss: 2.580e-02 | Active Proj %: 87.80 | Time: 6.83s
2025-08-21 06:21:05,846:INFO:New best model found at epoch 27750 with validation loss 2.580e-02. Saving...
2025-08-21 06:21:12,948:INFO:Epoch: 27800/40000 | Train Loss: 1.597e-02 | Dynamic Loss: 1.597e-02 | Regularization Loss: 0.000e+00 | Val Loss: 2.430e-02 | Active Proj %: 88.98 | Time: 6.96s
2025-08-21 06:21:12,948:INFO:New best model found at epoch 27800 with validation loss 2.430e-02. Saving...
2025-08-21 06:21:20,029:INFO:Epoch: 27850/40000 | Train Loss: 2.481e-02 | Dynamic Loss: 2.481e-02 | Regularization Loss: 0.000e+00 | Val Loss: 3.044e-02 | Active Proj %: 88.88 | Time: 6.94s
2025-08-21 06:21:27,066:INFO:Epoch: 27900/40000 | Train Loss: 1.616e-02 | Dynamic Loss: 1.616e-02 | Regularization Loss: 0.000e+00 | Val Loss: 2.450e-02 | Active Proj %: 82.13 | Time: 6.92s
2025-08-21 06:21:34,101:INFO:Epoch: 27950/40000 | Train Loss: 3.679e-02 | Dynamic Loss: 3.679e-02 | Regularization Loss: 0.000e+00 | Val Loss: 4.429e-02 | Active Proj %: 80.51 | Time: 6.92s
2025-08-21 06:21:41,299:INFO:Epoch: 28000/40000 | Train Loss: 5.006e-02 | Dynamic Loss: 5.006e-02 | Regularization Loss: 0.000e+00 | Val Loss: 5.345e-02 | Active Proj %: 96.69 | Time: 7.08s
2025-08-21 06:21:48,368:INFO:Epoch: 28050/40000 | Train Loss: 1.548e-02 | Dynamic Loss: 1.548e-02 | Regularization Loss: 0.000e+00 | Val Loss: 2.353e-02 | Active Proj %: 86.33 | Time: 6.95s
2025-08-21 06:21:48,368:INFO:New best model found at epoch 28050 with validation loss 2.353e-02. Saving...
2025-08-21 06:21:55,442:INFO:Epoch: 28100/40000 | Train Loss: 1.472e-02 | Dynamic Loss: 1.472e-02 | Regularization Loss: 0.000e+00 | Val Loss: 2.288e-02 | Active Proj %: 88.61 | Time: 6.93s
2025-08-21 06:21:55,442:INFO:New best model found at epoch 28100 with validation loss 2.288e-02. Saving...
2025-08-21 06:22:02,520:INFO:Epoch: 28150/40000 | Train Loss: 4.168e-02 | Dynamic Loss: 4.168e-02 | Regularization Loss: 0.000e+00 | Val Loss: 4.928e-02 | Active Proj %: 87.99 | Time: 6.94s
2025-08-21 06:22:09,490:INFO:Epoch: 28200/40000 | Train Loss: 7.101e-02 | Dynamic Loss: 7.101e-02 | Regularization Loss: 0.000e+00 | Val Loss: 8.215e-02 | Active Proj %: 96.08 | Time: 6.85s
2025-08-21 06:22:23,479:INFO:Epoch: 28250/40000 | Train Loss: 2.593e-02 | Dynamic Loss: 2.593e-02 | Regularization Loss: 0.000e+00 | Val Loss: 3.421e-02 | Active Proj %: 91.06 | Time: 13.87s
2025-08-21 06:22:30,459:INFO:Epoch: 28300/40000 | Train Loss: 1.622e-02 | Dynamic Loss: 1.622e-02 | Regularization Loss: 0.000e+00 | Val Loss: 2.411e-02 | Active Proj %: 88.70 | Time: 6.86s
2025-08-21 06:22:37,398:INFO:Epoch: 28350/40000 | Train Loss: 1.594e-02 | Dynamic Loss: 1.594e-02 | Regularization Loss: 0.000e+00 | Val Loss: 2.327e-02 | Active Proj %: 83.73 | Time: 6.82s
2025-08-21 06:22:44,353:INFO:Epoch: 28400/40000 | Train Loss: 1.770e-02 | Dynamic Loss: 1.770e-02 | Regularization Loss: 0.000e+00 | Val Loss: 2.574e-02 | Active Proj %: 90.11 | Time: 6.84s
2025-08-21 06:22:58,879:INFO:Epoch: 28450/40000 | Train Loss: 4.259e-02 | Dynamic Loss: 4.259e-02 | Regularization Loss: 0.000e+00 | Val Loss: 4.707e-02 | Active Proj %: 92.43 | Time: 14.41s
2025-08-21 06:23:05,968:INFO:Epoch: 28500/40000 | Train Loss: 1.412e-02 | Dynamic Loss: 1.412e-02 | Regularization Loss: 0.000e+00 | Val Loss: 2.230e-02 | Active Proj %: 86.96 | Time: 6.97s
2025-08-21 06:23:05,968:INFO:New best model found at epoch 28500 with validation loss 2.230e-02. Saving...
2025-08-21 06:23:13,028:INFO:Epoch: 28550/40000 | Train Loss: 1.727e-02 | Dynamic Loss: 1.727e-02 | Regularization Loss: 0.000e+00 | Val Loss: 2.532e-02 | Active Proj %: 88.18 | Time: 6.92s
2025-08-21 06:23:20,028:INFO:Epoch: 28600/40000 | Train Loss: 3.726e-02 | Dynamic Loss: 3.726e-02 | Regularization Loss: 0.000e+00 | Val Loss: 4.160e-02 | Active Proj %: 70.51 | Time: 6.88s
2025-08-21 06:23:34,504:INFO:Epoch: 28650/40000 | Train Loss: 2.168e-02 | Dynamic Loss: 2.168e-02 | Regularization Loss: 0.000e+00 | Val Loss: 3.069e-02 | Active Proj %: 87.13 | Time: 14.35s
2025-08-21 06:23:41,603:INFO:Epoch: 28700/40000 | Train Loss: 3.242e-02 | Dynamic Loss: 3.242e-02 | Regularization Loss: 0.000e+00 | Val Loss: 4.338e-02 | Active Proj %: 74.08 | Time: 6.98s
2025-08-21 06:23:48,632:INFO:Epoch: 28750/40000 | Train Loss: 1.974e-02 | Dynamic Loss: 1.974e-02 | Regularization Loss: 0.000e+00 | Val Loss: 2.836e-02 | Active Proj %: 88.46 | Time: 6.91s
2025-08-21 06:23:55,613:INFO:Epoch: 28800/40000 | Train Loss: 1.578e-02 | Dynamic Loss: 1.578e-02 | Regularization Loss: 0.000e+00 | Val Loss: 2.352e-02 | Active Proj %: 87.89 | Time: 6.86s
2025-08-21 06:24:09,128:INFO:Epoch: 28850/40000 | Train Loss: 1.412e-02 | Dynamic Loss: 1.412e-02 | Regularization Loss: 0.000e+00 | Val Loss: 2.189e-02 | Active Proj %: 87.85 | Time: 13.39s
2025-08-21 06:24:09,128:INFO:New best model found at epoch 28850 with validation loss 2.189e-02. Saving...
2025-08-21 06:24:16,180:INFO:Epoch: 28900/40000 | Train Loss: 2.167e-02 | Dynamic Loss: 2.167e-02 | Regularization Loss: 0.000e+00 | Val Loss: 2.885e-02 | Active Proj %: 87.59 | Time: 6.91s
2025-08-21 06:24:23,250:INFO:Epoch: 28950/40000 | Train Loss: 1.849e-02 | Dynamic Loss: 1.849e-02 | Regularization Loss: 0.000e+00 | Val Loss: 2.624e-02 | Active Proj %: 83.60 | Time: 6.95s
2025-08-21 06:24:30,195:INFO:Epoch: 29000/40000 | Train Loss: 1.809e-02 | Dynamic Loss: 1.809e-02 | Regularization Loss: 0.000e+00 | Val Loss: 2.433e-02 | Active Proj %: 92.08 | Time: 6.82s
2025-08-21 06:24:44,693:INFO:Epoch: 29050/40000 | Train Loss: 1.356e-02 | Dynamic Loss: 1.356e-02 | Regularization Loss: 0.000e+00 | Val Loss: 3.899e-02 | Active Proj %: 79.11 | Time: 14.38s
2025-08-21 06:24:51,610:INFO:Epoch: 29100/40000 | Train Loss: 2.194e-02 | Dynamic Loss: 2.194e-02 | Regularization Loss: 0.000e+00 | Val Loss: 2.843e-02 | Active Proj %: 83.42 | Time: 6.79s
2025-08-21 06:24:58,602:INFO:Epoch: 29150/40000 | Train Loss: 1.444e-02 | Dynamic Loss: 1.444e-02 | Regularization Loss: 0.000e+00 | Val Loss: 2.454e-02 | Active Proj %: 69.11 | Time: 6.87s
2025-08-21 06:25:05,605:INFO:Epoch: 29200/40000 | Train Loss: 2.627e-02 | Dynamic Loss: 2.627e-02 | Regularization Loss: 0.000e+00 | Val Loss: 3.027e-02 | Active Proj %: 90.06 | Time: 6.88s
2025-08-21 06:25:19,310:INFO:Epoch: 29250/40000 | Train Loss: 1.495e-02 | Dynamic Loss: 1.495e-02 | Regularization Loss: 0.000e+00 | Val Loss: 2.218e-02 | Active Proj %: 82.96 | Time: 13.58s
2025-08-21 06:25:26,315:INFO:Epoch: 29300/40000 | Train Loss: 1.926e-02 | Dynamic Loss: 1.926e-02 | Regularization Loss: 0.000e+00 | Val Loss: 2.615e-02 | Active Proj %: 95.44 | Time: 6.88s
2025-08-21 06:25:33,339:INFO:Epoch: 29350/40000 | Train Loss: 5.518e-02 | Dynamic Loss: 5.518e-02 | Regularization Loss: 0.000e+00 | Val Loss: 1.148e-01 | Active Proj %: 71.75 | Time: 6.90s
2025-08-21 06:25:40,327:INFO:Epoch: 29400/40000 | Train Loss: 2.294e-02 | Dynamic Loss: 2.294e-02 | Regularization Loss: 0.000e+00 | Val Loss: 2.934e-02 | Active Proj %: 84.28 | Time: 6.86s
2025-08-21 06:25:53,781:INFO:Epoch: 29450/40000 | Train Loss: 2.303e-02 | Dynamic Loss: 2.303e-02 | Regularization Loss: 0.000e+00 | Val Loss: 2.975e-02 | Active Proj %: 92.65 | Time: 13.33s
2025-08-21 06:26:00,793:INFO:Epoch: 29500/40000 | Train Loss: 1.625e-02 | Dynamic Loss: 1.625e-02 | Regularization Loss: 0.000e+00 | Val Loss: 2.325e-02 | Active Proj %: 87.83 | Time: 6.89s
2025-08-21 06:26:07,856:INFO:Epoch: 29550/40000 | Train Loss: 2.168e-02 | Dynamic Loss: 2.168e-02 | Regularization Loss: 0.000e+00 | Val Loss: 2.888e-02 | Active Proj %: 85.90 | Time: 6.94s
2025-08-21 06:26:14,934:INFO:Epoch: 29600/40000 | Train Loss: 1.630e-02 | Dynamic Loss: 1.630e-02 | Regularization Loss: 0.000e+00 | Val Loss: 2.212e-02 | Active Proj %: 93.26 | Time: 6.96s
2025-08-21 06:26:28,431:INFO:Epoch: 29650/40000 | Train Loss: 1.223e-01 | Dynamic Loss: 1.223e-01 | Regularization Loss: 0.000e+00 | Val Loss: 1.401e-01 | Active Proj %: 88.37 | Time: 13.37s
2025-08-21 06:26:35,362:INFO:Epoch: 29700/40000 | Train Loss: 2.136e-02 | Dynamic Loss: 2.136e-02 | Regularization Loss: 0.000e+00 | Val Loss: 2.910e-02 | Active Proj %: 70.71 | Time: 6.81s
2025-08-21 06:26:42,619:INFO:Epoch: 29750/40000 | Train Loss: 3.740e-02 | Dynamic Loss: 3.740e-02 | Regularization Loss: 0.000e+00 | Val Loss: 4.844e-02 | Active Proj %: 90.86 | Time: 7.13s
2025-08-21 06:26:49,608:INFO:Epoch: 29800/40000 | Train Loss: 1.257e-02 | Dynamic Loss: 1.257e-02 | Regularization Loss: 0.000e+00 | Val Loss: 4.620e-02 | Active Proj %: 87.24 | Time: 6.87s
2025-08-21 06:27:00,620:INFO:Epoch: 29850/40000 | Train Loss: 7.422e-02 | Dynamic Loss: 7.422e-02 | Regularization Loss: 0.000e+00 | Val Loss: 8.369e-02 | Active Proj %: 93.24 | Time: 10.89s
2025-08-21 06:27:07,585:INFO:Epoch: 29900/40000 | Train Loss: 1.368e-02 | Dynamic Loss: 1.368e-02 | Regularization Loss: 0.000e+00 | Val Loss: 2.142e-02 | Active Proj %: 81.66 | Time: 6.84s
2025-08-21 06:27:07,586:INFO:New best model found at epoch 29900 with validation loss 2.142e-02. Saving...
2025-08-21 06:27:14,576:INFO:Epoch: 29950/40000 | Train Loss: 2.836e-02 | Dynamic Loss: 2.836e-02 | Regularization Loss: 0.000e+00 | Val Loss: 3.234e-02 | Active Proj %: 69.95 | Time: 6.85s
2025-08-21 06:27:21,556:INFO:Epoch: 30000/40000 | Train Loss: 3.199e-02 | Dynamic Loss: 3.199e-02 | Regularization Loss: 0.000e+00 | Val Loss: 3.909e-02 | Active Proj %: 72.77 | Time: 6.86s
2025-08-21 06:27:36,226:INFO:Epoch: 30050/40000 | Train Loss: 1.963e-02 | Dynamic Loss: 1.963e-02 | Regularization Loss: 0.000e+00 | Val Loss: 2.565e-02 | Active Proj %: 77.58 | Time: 14.55s
2025-08-21 06:27:43,330:INFO:Epoch: 30100/40000 | Train Loss: 4.334e-02 | Dynamic Loss: 4.334e-02 | Regularization Loss: 0.000e+00 | Val Loss: 4.977e-02 | Active Proj %: 37.12 | Time: 6.98s
2025-08-21 06:27:50,375:INFO:Epoch: 30150/40000 | Train Loss: 1.504e-02 | Dynamic Loss: 1.504e-02 | Regularization Loss: 0.000e+00 | Val Loss: 2.269e-02 | Active Proj %: 88.14 | Time: 6.92s
2025-08-21 06:27:57,491:INFO:Epoch: 30200/40000 | Train Loss: 3.654e-02 | Dynamic Loss: 3.654e-02 | Regularization Loss: 0.000e+00 | Val Loss: 3.962e-02 | Active Proj %: 81.31 | Time: 6.87s
2025-08-21 06:28:04,464:INFO:Epoch: 30250/40000 | Train Loss: 1.145e-02 | Dynamic Loss: 1.145e-02 | Regularization Loss: 0.000e+00 | Val Loss: 1.908e-02 | Active Proj %: 86.00 | Time: 6.85s
2025-08-21 06:28:04,465:INFO:New best model found at epoch 30250 with validation loss 1.908e-02. Saving...
2025-08-21 06:28:11,465:INFO:Epoch: 30300/40000 | Train Loss: 1.529e-02 | Dynamic Loss: 1.529e-02 | Regularization Loss: 0.000e+00 | Val Loss: 2.144e-02 | Active Proj %: 93.21 | Time: 6.86s
2025-08-21 06:28:18,478:INFO:Epoch: 30350/40000 | Train Loss: 1.291e-02 | Dynamic Loss: 1.291e-02 | Regularization Loss: 0.000e+00 | Val Loss: 1.950e-02 | Active Proj %: 80.94 | Time: 6.89s
2025-08-21 06:28:25,636:INFO:Epoch: 30400/40000 | Train Loss: 3.675e-02 | Dynamic Loss: 3.675e-02 | Regularization Loss: 0.000e+00 | Val Loss: 4.316e-02 | Active Proj %: 82.72 | Time: 7.04s
2025-08-21 06:28:32,632:INFO:Epoch: 30450/40000 | Train Loss: 2.059e-02 | Dynamic Loss: 2.059e-02 | Regularization Loss: 0.000e+00 | Val Loss: 2.886e-02 | Active Proj %: 73.18 | Time: 6.88s
2025-08-21 06:28:39,638:INFO:Epoch: 30500/40000 | Train Loss: 1.163e-02 | Dynamic Loss: 1.163e-02 | Regularization Loss: 0.000e+00 | Val Loss: 1.969e-02 | Active Proj %: 86.36 | Time: 6.89s
2025-08-21 06:28:47,503:INFO:Epoch: 30550/40000 | Train Loss: 3.778e-02 | Dynamic Loss: 3.778e-02 | Regularization Loss: 0.000e+00 | Val Loss: 3.727e-02 | Active Proj %: 93.09 | Time: 7.74s
2025-08-21 06:28:55,624:INFO:Epoch: 30600/40000 | Train Loss: 1.051e-02 | Dynamic Loss: 1.051e-02 | Regularization Loss: 0.000e+00 | Val Loss: 4.201e-02 | Active Proj %: 82.95 | Time: 8.00s
2025-08-21 06:29:02,618:INFO:Epoch: 30650/40000 | Train Loss: 1.084e-02 | Dynamic Loss: 1.084e-02 | Regularization Loss: 0.000e+00 | Val Loss: 1.818e-02 | Active Proj %: 89.84 | Time: 6.87s
2025-08-21 06:29:02,618:INFO:New best model found at epoch 30650 with validation loss 1.818e-02. Saving...
2025-08-21 06:29:09,622:INFO:Epoch: 30700/40000 | Train Loss: 1.166e-02 | Dynamic Loss: 1.166e-02 | Regularization Loss: 0.000e+00 | Val Loss: 1.876e-02 | Active Proj %: 85.39 | Time: 6.86s
2025-08-21 06:29:16,601:INFO:Epoch: 30750/40000 | Train Loss: 1.330e-02 | Dynamic Loss: 1.330e-02 | Regularization Loss: 0.000e+00 | Val Loss: 2.070e-02 | Active Proj %: 85.78 | Time: 6.86s
2025-08-21 06:29:31,072:INFO:Epoch: 30800/40000 | Train Loss: 9.583e-03 | Dynamic Loss: 9.583e-03 | Regularization Loss: 0.000e+00 | Val Loss: 1.717e-02 | Active Proj %: 85.36 | Time: 14.35s
2025-08-21 06:29:31,072:INFO:New best model found at epoch 30800 with validation loss 1.717e-02. Saving...
2025-08-21 06:29:38,181:INFO:Epoch: 30850/40000 | Train Loss: 1.252e-02 | Dynamic Loss: 1.252e-02 | Regularization Loss: 0.000e+00 | Val Loss: 3.191e-02 | Active Proj %: 80.59 | Time: 6.96s
2025-08-21 06:29:45,310:INFO:Epoch: 30900/40000 | Train Loss: 3.258e-02 | Dynamic Loss: 3.258e-02 | Regularization Loss: 0.000e+00 | Val Loss: 3.911e-02 | Active Proj %: 95.39 | Time: 7.01s
2025-08-21 06:29:52,324:INFO:Epoch: 30950/40000 | Train Loss: 1.610e-01 | Dynamic Loss: 1.610e-01 | Regularization Loss: 0.000e+00 | Val Loss: 1.182e-01 | Active Proj %: 97.35 | Time: 6.89s
2025-08-21 06:30:07,632:INFO:Epoch: 31000/40000 | Train Loss: 2.856e-02 | Dynamic Loss: 2.856e-02 | Regularization Loss: 0.000e+00 | Val Loss: 4.220e-02 | Active Proj %: 97.50 | Time: 15.18s
2025-08-21 06:30:14,892:INFO:Epoch: 31050/40000 | Train Loss: 1.190e-02 | Dynamic Loss: 1.190e-02 | Regularization Loss: 0.000e+00 | Val Loss: 1.966e-02 | Active Proj %: 80.72 | Time: 7.14s
2025-08-21 06:30:21,918:INFO:Epoch: 31100/40000 | Train Loss: 2.109e-02 | Dynamic Loss: 2.109e-02 | Regularization Loss: 0.000e+00 | Val Loss: 2.809e-02 | Active Proj %: 88.24 | Time: 6.90s
2025-08-21 06:30:29,103:INFO:Epoch: 31150/40000 | Train Loss: 6.266e-02 | Dynamic Loss: 6.266e-02 | Regularization Loss: 0.000e+00 | Val Loss: 6.163e-02 | Active Proj %: 80.76 | Time: 7.06s
2025-08-21 06:30:36,094:INFO:Epoch: 31200/40000 | Train Loss: 1.177e-02 | Dynamic Loss: 1.177e-02 | Regularization Loss: 0.000e+00 | Val Loss: 1.931e-02 | Active Proj %: 83.63 | Time: 6.87s
2025-08-21 06:30:43,159:INFO:Epoch: 31250/40000 | Train Loss: 2.504e-02 | Dynamic Loss: 2.504e-02 | Regularization Loss: 0.000e+00 | Val Loss: 3.111e-02 | Active Proj %: 92.09 | Time: 6.94s
2025-08-21 06:30:50,110:INFO:Epoch: 31300/40000 | Train Loss: 6.323e-02 | Dynamic Loss: 6.323e-02 | Regularization Loss: 0.000e+00 | Val Loss: 5.662e-02 | Active Proj %: 97.76 | Time: 6.83s
2025-08-21 06:30:59,809:INFO:Epoch: 31350/40000 | Train Loss: 2.806e-02 | Dynamic Loss: 2.806e-02 | Regularization Loss: 0.000e+00 | Val Loss: 4.592e-02 | Active Proj %: 62.62 | Time: 9.58s
2025-08-21 06:31:06,814:INFO:Epoch: 31400/40000 | Train Loss: 2.035e-02 | Dynamic Loss: 2.035e-02 | Regularization Loss: 0.000e+00 | Val Loss: 2.492e-02 | Active Proj %: 94.24 | Time: 6.88s
2025-08-21 06:31:13,815:INFO:Epoch: 31450/40000 | Train Loss: 1.378e-02 | Dynamic Loss: 1.378e-02 | Regularization Loss: 0.000e+00 | Val Loss: 2.169e-02 | Active Proj %: 87.77 | Time: 6.88s
2025-08-21 06:31:20,830:INFO:Epoch: 31500/40000 | Train Loss: 1.017e-02 | Dynamic Loss: 1.017e-02 | Regularization Loss: 0.000e+00 | Val Loss: 1.764e-02 | Active Proj %: 84.74 | Time: 6.89s
2025-08-21 06:31:35,411:INFO:Epoch: 31550/40000 | Train Loss: 9.695e-03 | Dynamic Loss: 9.695e-03 | Regularization Loss: 0.000e+00 | Val Loss: 1.679e-02 | Active Proj %: 87.83 | Time: 14.46s
2025-08-21 06:31:35,412:INFO:New best model found at epoch 31550 with validation loss 1.679e-02. Saving...
2025-08-21 06:31:42,436:INFO:Epoch: 31600/40000 | Train Loss: 4.032e-02 | Dynamic Loss: 4.032e-02 | Regularization Loss: 0.000e+00 | Val Loss: 4.597e-02 | Active Proj %: 63.09 | Time: 6.88s
2025-08-21 06:31:49,442:INFO:Epoch: 31650/40000 | Train Loss: 2.545e-02 | Dynamic Loss: 2.545e-02 | Regularization Loss: 0.000e+00 | Val Loss: 3.325e-02 | Active Proj %: 50.26 | Time: 6.89s
2025-08-21 06:31:56,504:INFO:Epoch: 31700/40000 | Train Loss: 1.055e-02 | Dynamic Loss: 1.055e-02 | Regularization Loss: 0.000e+00 | Val Loss: 1.850e-02 | Active Proj %: 84.01 | Time: 6.94s
2025-08-21 06:32:11,821:INFO:Epoch: 31750/40000 | Train Loss: 5.536e-02 | Dynamic Loss: 5.536e-02 | Regularization Loss: 0.000e+00 | Val Loss: 6.310e-02 | Active Proj %: 78.23 | Time: 15.19s
2025-08-21 06:32:18,894:INFO:Epoch: 31800/40000 | Train Loss: 3.652e-02 | Dynamic Loss: 3.652e-02 | Regularization Loss: 0.000e+00 | Val Loss: 4.641e-02 | Active Proj %: 59.33 | Time: 6.95s
2025-08-21 06:32:26,008:INFO:Epoch: 31850/40000 | Train Loss: 1.771e-02 | Dynamic Loss: 1.771e-02 | Regularization Loss: 0.000e+00 | Val Loss: 2.589e-02 | Active Proj %: 79.12 | Time: 6.99s
2025-08-21 06:32:33,043:INFO:Epoch: 31900/40000 | Train Loss: 1.367e-02 | Dynamic Loss: 1.367e-02 | Regularization Loss: 0.000e+00 | Val Loss: 2.152e-02 | Active Proj %: 83.01 | Time: 6.91s
2025-08-21 06:32:41,772:INFO:Epoch: 31950/40000 | Train Loss: 1.754e-02 | Dynamic Loss: 1.754e-02 | Regularization Loss: 0.000e+00 | Val Loss: 2.379e-02 | Active Proj %: 91.26 | Time: 8.60s
2025-08-21 06:32:48,746:INFO:Epoch: 32000/40000 | Train Loss: 1.205e-02 | Dynamic Loss: 1.205e-02 | Regularization Loss: 0.000e+00 | Val Loss: 1.927e-02 | Active Proj %: 87.75 | Time: 6.85s
2025-08-21 06:32:55,725:INFO:Epoch: 32050/40000 | Train Loss: 1.618e-02 | Dynamic Loss: 1.618e-02 | Regularization Loss: 0.000e+00 | Val Loss: 2.341e-02 | Active Proj %: 78.56 | Time: 6.86s
2025-08-21 06:33:02,899:INFO:Epoch: 32100/40000 | Train Loss: 3.546e-02 | Dynamic Loss: 3.546e-02 | Regularization Loss: 0.000e+00 | Val Loss: 4.373e-02 | Active Proj %: 64.54 | Time: 6.92s
2025-08-21 06:33:09,999:INFO:Epoch: 32150/40000 | Train Loss: 1.280e-02 | Dynamic Loss: 1.280e-02 | Regularization Loss: 0.000e+00 | Val Loss: 2.040e-02 | Active Proj %: 88.81 | Time: 6.97s
2025-08-21 06:33:16,999:INFO:Epoch: 32200/40000 | Train Loss: 2.629e-02 | Dynamic Loss: 2.629e-02 | Regularization Loss: 0.000e+00 | Val Loss: 2.958e-02 | Active Proj %: 68.09 | Time: 6.88s
2025-08-21 06:33:24,014:INFO:Epoch: 32250/40000 | Train Loss: 1.029e-02 | Dynamic Loss: 1.029e-02 | Regularization Loss: 0.000e+00 | Val Loss: 1.769e-02 | Active Proj %: 83.30 | Time: 6.89s
2025-08-21 06:33:37,542:INFO:Epoch: 32300/40000 | Train Loss: 1.710e-02 | Dynamic Loss: 1.710e-02 | Regularization Loss: 0.000e+00 | Val Loss: 4.437e-02 | Active Proj %: 86.34 | Time: 13.40s
2025-08-21 06:33:44,603:INFO:Epoch: 32350/40000 | Train Loss: 5.700e-02 | Dynamic Loss: 5.700e-02 | Regularization Loss: 0.000e+00 | Val Loss: 6.293e-02 | Active Proj %: 79.81 | Time: 6.94s
2025-08-21 06:33:51,625:INFO:Epoch: 32400/40000 | Train Loss: 1.110e-02 | Dynamic Loss: 1.110e-02 | Regularization Loss: 0.000e+00 | Val Loss: 1.877e-02 | Active Proj %: 81.92 | Time: 6.90s
2025-08-21 06:33:58,873:INFO:Epoch: 32450/40000 | Train Loss: 1.775e-02 | Dynamic Loss: 1.775e-02 | Regularization Loss: 0.000e+00 | Val Loss: 2.449e-02 | Active Proj %: 91.67 | Time: 7.12s
2025-08-21 06:34:12,593:INFO:Epoch: 32500/40000 | Train Loss: 1.060e-02 | Dynamic Loss: 1.060e-02 | Regularization Loss: 0.000e+00 | Val Loss: 1.777e-02 | Active Proj %: 88.47 | Time: 13.60s
2025-08-21 06:34:19,693:INFO:Epoch: 32550/40000 | Train Loss: 2.870e-02 | Dynamic Loss: 2.870e-02 | Regularization Loss: 0.000e+00 | Val Loss: 3.795e-02 | Active Proj %: 79.72 | Time: 6.98s
2025-08-21 06:34:26,765:INFO:Epoch: 32600/40000 | Train Loss: 5.312e-02 | Dynamic Loss: 5.312e-02 | Regularization Loss: 0.000e+00 | Val Loss: 5.787e-02 | Active Proj %: 66.45 | Time: 6.94s
2025-08-21 06:34:33,945:INFO:Epoch: 32650/40000 | Train Loss: 1.290e-02 | Dynamic Loss: 1.290e-02 | Regularization Loss: 0.000e+00 | Val Loss: 2.028e-02 | Active Proj %: 88.76 | Time: 7.06s
2025-08-21 06:34:41,010:INFO:Epoch: 32700/40000 | Train Loss: 2.311e-02 | Dynamic Loss: 2.311e-02 | Regularization Loss: 0.000e+00 | Val Loss: 3.438e-02 | Active Proj %: 89.84 | Time: 6.94s
2025-08-21 06:34:48,070:INFO:Epoch: 32750/40000 | Train Loss: 1.381e-02 | Dynamic Loss: 1.381e-02 | Regularization Loss: 0.000e+00 | Val Loss: 2.108e-02 | Active Proj %: 91.15 | Time: 6.94s
2025-08-21 06:34:55,106:INFO:Epoch: 32800/40000 | Train Loss: 2.275e-02 | Dynamic Loss: 2.275e-02 | Regularization Loss: 0.000e+00 | Val Loss: 2.845e-02 | Active Proj %: 91.19 | Time: 6.91s
2025-08-21 06:35:02,289:INFO:Epoch: 32850/40000 | Train Loss: 1.589e-02 | Dynamic Loss: 1.589e-02 | Regularization Loss: 0.000e+00 | Val Loss: 2.399e-02 | Active Proj %: 83.47 | Time: 7.06s
2025-08-21 06:35:09,325:INFO:Epoch: 32900/40000 | Train Loss: 6.097e-02 | Dynamic Loss: 6.097e-02 | Regularization Loss: 0.000e+00 | Val Loss: 7.254e-02 | Active Proj %: 95.95 | Time: 6.91s
2025-08-21 06:35:16,325:INFO:Epoch: 32950/40000 | Train Loss: 1.006e-02 | Dynamic Loss: 1.006e-02 | Regularization Loss: 0.000e+00 | Val Loss: 1.746e-02 | Active Proj %: 89.99 | Time: 6.88s
2025-08-21 06:35:23,337:INFO:Epoch: 33000/40000 | Train Loss: 8.891e-03 | Dynamic Loss: 8.891e-03 | Regularization Loss: 0.000e+00 | Val Loss: 1.622e-02 | Active Proj %: 84.60 | Time: 6.89s
2025-08-21 06:35:23,337:INFO:New best model found at epoch 33000 with validation loss 1.622e-02. Saving...
2025-08-21 06:35:34,977:INFO:Epoch: 33050/40000 | Train Loss: 3.482e-02 | Dynamic Loss: 3.482e-02 | Regularization Loss: 0.000e+00 | Val Loss: 4.213e-02 | Active Proj %: 51.29 | Time: 11.50s
2025-08-21 06:35:42,016:INFO:Epoch: 33100/40000 | Train Loss: 9.458e-03 | Dynamic Loss: 9.458e-03 | Regularization Loss: 0.000e+00 | Val Loss: 1.704e-02 | Active Proj %: 82.97 | Time: 6.92s
2025-08-21 06:35:49,054:INFO:Epoch: 33150/40000 | Train Loss: 1.544e-02 | Dynamic Loss: 1.544e-02 | Regularization Loss: 0.000e+00 | Val Loss: 2.259e-02 | Active Proj %: 71.13 | Time: 6.92s
2025-08-21 06:35:56,065:INFO:Epoch: 33200/40000 | Train Loss: 1.957e-02 | Dynamic Loss: 1.957e-02 | Regularization Loss: 0.000e+00 | Val Loss: 2.643e-02 | Active Proj %: 85.18 | Time: 6.89s
2025-08-21 06:36:06,120:INFO:Epoch: 33250/40000 | Train Loss: 9.609e-03 | Dynamic Loss: 9.609e-03 | Regularization Loss: 0.000e+00 | Val Loss: 2.425e-02 | Active Proj %: 87.06 | Time: 9.93s
2025-08-21 06:36:13,164:INFO:Epoch: 33300/40000 | Train Loss: 2.222e-02 | Dynamic Loss: 2.222e-02 | Regularization Loss: 0.000e+00 | Val Loss: 2.883e-02 | Active Proj %: 71.53 | Time: 6.92s
2025-08-21 06:36:20,172:INFO:Epoch: 33350/40000 | Train Loss: 2.801e-02 | Dynamic Loss: 2.801e-02 | Regularization Loss: 0.000e+00 | Val Loss: 3.038e-02 | Active Proj %: 61.40 | Time: 6.88s
2025-08-21 06:36:27,469:INFO:Epoch: 33400/40000 | Train Loss: 1.187e-02 | Dynamic Loss: 1.187e-02 | Regularization Loss: 0.000e+00 | Val Loss: 2.126e-02 | Active Proj %: 79.14 | Time: 7.17s
2025-08-21 06:36:36,852:INFO:Epoch: 33450/40000 | Train Loss: 1.011e-02 | Dynamic Loss: 1.011e-02 | Regularization Loss: 0.000e+00 | Val Loss: 2.720e-02 | Active Proj %: 83.40 | Time: 9.26s
2025-08-21 06:36:43,803:INFO:Epoch: 33500/40000 | Train Loss: 2.761e-02 | Dynamic Loss: 2.761e-02 | Regularization Loss: 0.000e+00 | Val Loss: 3.471e-02 | Active Proj %: 88.36 | Time: 6.82s
2025-08-21 06:36:50,863:INFO:Epoch: 33550/40000 | Train Loss: 9.399e-03 | Dynamic Loss: 9.399e-03 | Regularization Loss: 0.000e+00 | Val Loss: 1.687e-02 | Active Proj %: 84.84 | Time: 6.93s
2025-08-21 06:36:57,860:INFO:Epoch: 33600/40000 | Train Loss: 7.908e-03 | Dynamic Loss: 7.908e-03 | Regularization Loss: 0.000e+00 | Val Loss: 1.977e-02 | Active Proj %: 83.36 | Time: 6.86s
2025-08-21 06:37:12,569:INFO:Epoch: 33650/40000 | Train Loss: 2.800e-02 | Dynamic Loss: 2.800e-02 | Regularization Loss: 0.000e+00 | Val Loss: 3.303e-02 | Active Proj %: 92.91 | Time: 14.58s
2025-08-21 06:37:19,596:INFO:Epoch: 33700/40000 | Train Loss: 2.922e-02 | Dynamic Loss: 2.922e-02 | Regularization Loss: 0.000e+00 | Val Loss: 3.201e-02 | Active Proj %: 62.70 | Time: 6.90s
2025-08-21 06:37:26,641:INFO:Epoch: 33750/40000 | Train Loss: 3.095e-02 | Dynamic Loss: 3.095e-02 | Regularization Loss: 0.000e+00 | Val Loss: 3.900e-02 | Active Proj %: 63.28 | Time: 6.92s
2025-08-21 06:37:33,848:INFO:Epoch: 33800/40000 | Train Loss: 1.867e-02 | Dynamic Loss: 1.867e-02 | Regularization Loss: 0.000e+00 | Val Loss: 2.286e-02 | Active Proj %: 73.91 | Time: 7.08s
2025-08-21 06:37:40,876:INFO:Epoch: 33850/40000 | Train Loss: 9.143e-03 | Dynamic Loss: 9.143e-03 | Regularization Loss: 0.000e+00 | Val Loss: 1.658e-02 | Active Proj %: 84.06 | Time: 6.90s
2025-08-21 06:37:47,950:INFO:Epoch: 33900/40000 | Train Loss: 3.990e-02 | Dynamic Loss: 3.990e-02 | Regularization Loss: 0.000e+00 | Val Loss: 6.743e-02 | Active Proj %: 50.86 | Time: 6.95s
2025-08-21 06:37:54,953:INFO:Epoch: 33950/40000 | Train Loss: 1.071e-02 | Dynamic Loss: 1.071e-02 | Regularization Loss: 0.000e+00 | Val Loss: 1.819e-02 | Active Proj %: 80.80 | Time: 6.88s
2025-08-21 06:38:02,143:INFO:Epoch: 34000/40000 | Train Loss: 1.162e-02 | Dynamic Loss: 1.162e-02 | Regularization Loss: 0.000e+00 | Val Loss: 1.936e-02 | Active Proj %: 83.33 | Time: 7.06s
2025-08-21 06:38:09,184:INFO:Epoch: 34050/40000 | Train Loss: 1.360e-02 | Dynamic Loss: 1.360e-02 | Regularization Loss: 0.000e+00 | Val Loss: 2.021e-02 | Active Proj %: 76.65 | Time: 6.92s
2025-08-21 06:38:16,206:INFO:Epoch: 34100/40000 | Train Loss: 1.148e-02 | Dynamic Loss: 1.148e-02 | Regularization Loss: 0.000e+00 | Val Loss: 1.927e-02 | Active Proj %: 77.92 | Time: 6.90s
2025-08-21 06:38:23,223:INFO:Epoch: 34150/40000 | Train Loss: 1.364e-02 | Dynamic Loss: 1.364e-02 | Regularization Loss: 0.000e+00 | Val Loss: 2.154e-02 | Active Proj %: 79.29 | Time: 6.89s
2025-08-21 06:38:36,733:INFO:Epoch: 34200/40000 | Train Loss: 1.307e-02 | Dynamic Loss: 1.307e-02 | Regularization Loss: 0.000e+00 | Val Loss: 1.979e-02 | Active Proj %: 88.14 | Time: 13.38s
2025-08-21 06:38:43,789:INFO:Epoch: 34250/40000 | Train Loss: 8.674e-03 | Dynamic Loss: 8.674e-03 | Regularization Loss: 0.000e+00 | Val Loss: 1.641e-02 | Active Proj %: 76.19 | Time: 6.93s
2025-08-21 06:38:50,848:INFO:Epoch: 34300/40000 | Train Loss: 9.527e-03 | Dynamic Loss: 9.527e-03 | Regularization Loss: 0.000e+00 | Val Loss: 1.653e-02 | Active Proj %: 90.95 | Time: 6.93s
2025-08-21 06:38:58,050:INFO:Epoch: 34350/40000 | Train Loss: 9.890e-03 | Dynamic Loss: 9.890e-03 | Regularization Loss: 0.000e+00 | Val Loss: 1.689e-02 | Active Proj %: 87.62 | Time: 7.08s
2025-08-21 06:39:05,127:INFO:Epoch: 34400/40000 | Train Loss: 1.469e-02 | Dynamic Loss: 1.469e-02 | Regularization Loss: 0.000e+00 | Val Loss: 2.048e-02 | Active Proj %: 88.10 | Time: 6.96s
2025-08-21 06:39:12,175:INFO:Epoch: 34450/40000 | Train Loss: 1.359e-02 | Dynamic Loss: 1.359e-02 | Regularization Loss: 0.000e+00 | Val Loss: 1.906e-02 | Active Proj %: 91.63 | Time: 6.92s
2025-08-21 06:39:19,268:INFO:Epoch: 34500/40000 | Train Loss: 1.564e-02 | Dynamic Loss: 1.564e-02 | Regularization Loss: 0.000e+00 | Val Loss: 2.370e-02 | Active Proj %: 78.48 | Time: 6.97s
2025-08-21 06:39:30,882:INFO:Epoch: 34550/40000 | Train Loss: 1.919e-02 | Dynamic Loss: 1.919e-02 | Regularization Loss: 0.000e+00 | Val Loss: 2.474e-02 | Active Proj %: 88.91 | Time: 11.49s
2025-08-21 06:39:37,915:INFO:Epoch: 34600/40000 | Train Loss: 2.659e-02 | Dynamic Loss: 2.659e-02 | Regularization Loss: 0.000e+00 | Val Loss: 4.571e-02 | Active Proj %: 67.12 | Time: 6.91s
2025-08-21 06:39:44,892:INFO:Epoch: 34650/40000 | Train Loss: 8.718e-03 | Dynamic Loss: 8.718e-03 | Regularization Loss: 0.000e+00 | Val Loss: 1.662e-02 | Active Proj %: 80.81 | Time: 6.85s
2025-08-21 06:39:51,947:INFO:Epoch: 34700/40000 | Train Loss: 3.049e-02 | Dynamic Loss: 3.049e-02 | Regularization Loss: 0.000e+00 | Val Loss: 5.620e-02 | Active Proj %: 87.39 | Time: 6.93s
2025-08-21 06:40:06,608:INFO:Epoch: 34750/40000 | Train Loss: 7.857e-03 | Dynamic Loss: 7.857e-03 | Regularization Loss: 0.000e+00 | Val Loss: 1.623e-02 | Active Proj %: 83.00 | Time: 14.53s
2025-08-21 06:40:13,666:INFO:Epoch: 34800/40000 | Train Loss: 3.249e-02 | Dynamic Loss: 3.249e-02 | Regularization Loss: 0.000e+00 | Val Loss: 3.223e-02 | Active Proj %: 90.53 | Time: 6.93s
2025-08-21 06:40:20,756:INFO:Epoch: 34850/40000 | Train Loss: 2.342e-02 | Dynamic Loss: 2.342e-02 | Regularization Loss: 0.000e+00 | Val Loss: 2.642e-02 | Active Proj %: 88.95 | Time: 6.96s
2025-08-21 06:40:27,950:INFO:Epoch: 34900/40000 | Train Loss: 1.484e-02 | Dynamic Loss: 1.484e-02 | Regularization Loss: 0.000e+00 | Val Loss: 2.094e-02 | Active Proj %: 89.71 | Time: 7.07s
2025-08-21 06:40:34,930:INFO:Epoch: 34950/40000 | Train Loss: 9.060e-03 | Dynamic Loss: 9.060e-03 | Regularization Loss: 0.000e+00 | Val Loss: 1.611e-02 | Active Proj %: 84.61 | Time: 6.86s
2025-08-21 06:40:34,931:INFO:New best model found at epoch 34950 with validation loss 1.611e-02. Saving...
2025-08-21 06:40:41,996:INFO:Epoch: 35000/40000 | Train Loss: 8.356e-03 | Dynamic Loss: 8.356e-03 | Regularization Loss: 0.000e+00 | Val Loss: 1.608e-02 | Active Proj %: 84.63 | Time: 6.92s
2025-08-21 06:40:41,996:INFO:New best model found at epoch 35000 with validation loss 1.608e-02. Saving...
2025-08-21 06:40:49,015:INFO:Epoch: 35050/40000 | Train Loss: 8.130e-03 | Dynamic Loss: 8.130e-03 | Regularization Loss: 0.000e+00 | Val Loss: 1.549e-02 | Active Proj %: 78.56 | Time: 6.87s
2025-08-21 06:40:49,016:INFO:New best model found at epoch 35050 with validation loss 1.549e-02. Saving...
2025-08-21 06:40:56,127:INFO:Epoch: 35100/40000 | Train Loss: 9.896e-03 | Dynamic Loss: 9.896e-03 | Regularization Loss: 0.000e+00 | Val Loss: 1.632e-02 | Active Proj %: 89.10 | Time: 6.96s
2025-08-21 06:41:11,171:INFO:Epoch: 35150/40000 | Train Loss: 1.025e-02 | Dynamic Loss: 1.025e-02 | Regularization Loss: 0.000e+00 | Val Loss: 1.704e-02 | Active Proj %: 86.29 | Time: 14.92s
2025-08-21 06:41:18,219:INFO:Epoch: 35200/40000 | Train Loss: 1.880e-02 | Dynamic Loss: 1.880e-02 | Regularization Loss: 0.000e+00 | Val Loss: 2.634e-02 | Active Proj %: 46.28 | Time: 6.92s
2025-08-21 06:41:25,306:INFO:Epoch: 35250/40000 | Train Loss: 6.971e-03 | Dynamic Loss: 6.971e-03 | Regularization Loss: 0.000e+00 | Val Loss: 1.443e-02 | Active Proj %: 84.42 | Time: 6.96s
2025-08-21 06:41:25,306:INFO:New best model found at epoch 35250 with validation loss 1.443e-02. Saving...
2025-08-21 06:41:32,412:INFO:Epoch: 35300/40000 | Train Loss: 9.447e-03 | Dynamic Loss: 9.447e-03 | Regularization Loss: 0.000e+00 | Val Loss: 1.659e-02 | Active Proj %: 86.04 | Time: 6.96s
2025-08-21 06:41:39,425:INFO:Epoch: 35350/40000 | Train Loss: 9.702e-03 | Dynamic Loss: 9.702e-03 | Regularization Loss: 0.000e+00 | Val Loss: 7.427e-02 | Active Proj %: 90.08 | Time: 6.89s
2025-08-21 06:41:46,469:INFO:Epoch: 35400/40000 | Train Loss: 7.281e-03 | Dynamic Loss: 7.281e-03 | Regularization Loss: 0.000e+00 | Val Loss: 1.511e-02 | Active Proj %: 83.65 | Time: 6.92s
2025-08-21 06:41:53,497:INFO:Epoch: 35450/40000 | Train Loss: 1.129e-02 | Dynamic Loss: 1.129e-02 | Regularization Loss: 0.000e+00 | Val Loss: 1.769e-02 | Active Proj %: 85.65 | Time: 6.90s
2025-08-21 06:42:00,591:INFO:Epoch: 35500/40000 | Train Loss: 9.081e-03 | Dynamic Loss: 9.081e-03 | Regularization Loss: 0.000e+00 | Val Loss: 1.560e-02 | Active Proj %: 79.34 | Time: 6.97s
2025-08-21 06:42:13,386:INFO:Epoch: 35550/40000 | Train Loss: 1.167e-02 | Dynamic Loss: 1.167e-02 | Regularization Loss: 0.000e+00 | Val Loss: 1.773e-02 | Active Proj %: 92.44 | Time: 12.67s
2025-08-21 06:42:20,409:INFO:Epoch: 35600/40000 | Train Loss: 2.206e-02 | Dynamic Loss: 2.206e-02 | Regularization Loss: 0.000e+00 | Val Loss: 2.761e-02 | Active Proj %: 87.40 | Time: 6.90s
2025-08-21 06:42:27,473:INFO:Epoch: 35650/40000 | Train Loss: 8.744e-03 | Dynamic Loss: 8.744e-03 | Regularization Loss: 0.000e+00 | Val Loss: 1.917e-02 | Active Proj %: 85.61 | Time: 6.94s
2025-08-21 06:42:34,695:INFO:Epoch: 35700/40000 | Train Loss: 3.876e-02 | Dynamic Loss: 3.876e-02 | Regularization Loss: 0.000e+00 | Val Loss: 1.127e-01 | Active Proj %: 50.90 | Time: 7.10s
2025-08-21 06:42:41,654:INFO:Epoch: 35750/40000 | Train Loss: 2.487e-02 | Dynamic Loss: 2.487e-02 | Regularization Loss: 0.000e+00 | Val Loss: 2.944e-02 | Active Proj %: 88.16 | Time: 6.84s
2025-08-21 06:42:48,635:INFO:Epoch: 35800/40000 | Train Loss: 1.413e-02 | Dynamic Loss: 1.413e-02 | Regularization Loss: 0.000e+00 | Val Loss: 2.224e-02 | Active Proj %: 78.17 | Time: 6.86s
2025-08-21 06:42:55,672:INFO:Epoch: 35850/40000 | Train Loss: 1.927e-02 | Dynamic Loss: 1.927e-02 | Regularization Loss: 0.000e+00 | Val Loss: 2.803e-02 | Active Proj %: 93.78 | Time: 6.91s
2025-08-21 06:43:09,127:INFO:Epoch: 35900/40000 | Train Loss: 1.555e-02 | Dynamic Loss: 1.555e-02 | Regularization Loss: 0.000e+00 | Val Loss: 2.065e-02 | Active Proj %: 85.98 | Time: 13.33s
2025-08-21 06:43:16,177:INFO:Epoch: 35950/40000 | Train Loss: 1.138e-02 | Dynamic Loss: 1.138e-02 | Regularization Loss: 0.000e+00 | Val Loss: 1.802e-02 | Active Proj %: 89.05 | Time: 6.93s
2025-08-21 06:43:23,285:INFO:Epoch: 36000/40000 | Train Loss: 3.542e-02 | Dynamic Loss: 3.542e-02 | Regularization Loss: 0.000e+00 | Val Loss: 4.373e-02 | Active Proj %: 55.35 | Time: 6.98s
2025-08-21 06:43:30,272:INFO:Epoch: 36050/40000 | Train Loss: 8.696e-03 | Dynamic Loss: 8.696e-03 | Regularization Loss: 0.000e+00 | Val Loss: 1.632e-02 | Active Proj %: 84.17 | Time: 6.86s
2025-08-21 06:43:45,468:INFO:Epoch: 36100/40000 | Train Loss: 1.540e-02 | Dynamic Loss: 1.540e-02 | Regularization Loss: 0.000e+00 | Val Loss: 2.116e-02 | Active Proj %: 88.75 | Time: 15.07s
2025-08-21 06:43:52,456:INFO:Epoch: 36150/40000 | Train Loss: 9.127e-03 | Dynamic Loss: 9.127e-03 | Regularization Loss: 0.000e+00 | Val Loss: 1.631e-02 | Active Proj %: 84.77 | Time: 6.86s
2025-08-21 06:43:59,452:INFO:Epoch: 36200/40000 | Train Loss: 1.214e-02 | Dynamic Loss: 1.214e-02 | Regularization Loss: 0.000e+00 | Val Loss: 1.795e-02 | Active Proj %: 92.04 | Time: 6.87s
2025-08-21 06:44:06,560:INFO:Epoch: 36250/40000 | Train Loss: 1.092e-02 | Dynamic Loss: 1.092e-02 | Regularization Loss: 0.000e+00 | Val Loss: 2.397e-02 | Active Proj %: 81.31 | Time: 6.86s
2025-08-21 06:44:13,627:INFO:Epoch: 36300/40000 | Train Loss: 8.629e-02 | Dynamic Loss: 8.629e-02 | Regularization Loss: 0.000e+00 | Val Loss: 7.709e-02 | Active Proj %: 98.74 | Time: 6.94s
2025-08-21 06:44:20,696:INFO:Epoch: 36350/40000 | Train Loss: 7.519e-03 | Dynamic Loss: 7.519e-03 | Regularization Loss: 0.000e+00 | Val Loss: 1.534e-02 | Active Proj %: 84.11 | Time: 6.94s
2025-08-21 06:44:27,759:INFO:Epoch: 36400/40000 | Train Loss: 3.483e-02 | Dynamic Loss: 3.483e-02 | Regularization Loss: 0.000e+00 | Val Loss: 4.281e-02 | Active Proj %: 75.65 | Time: 6.94s
2025-08-21 06:44:35,067:INFO:Epoch: 36450/40000 | Train Loss: 3.961e-02 | Dynamic Loss: 3.961e-02 | Regularization Loss: 0.000e+00 | Val Loss: 4.500e-02 | Active Proj %: 96.71 | Time: 7.18s
2025-08-21 06:44:42,109:INFO:Epoch: 36500/40000 | Train Loss: 1.493e-02 | Dynamic Loss: 1.493e-02 | Regularization Loss: 0.000e+00 | Val Loss: 2.311e-02 | Active Proj %: 86.78 | Time: 6.92s
2025-08-21 06:44:49,197:INFO:Epoch: 36550/40000 | Train Loss: 1.747e-02 | Dynamic Loss: 1.747e-02 | Regularization Loss: 0.000e+00 | Val Loss: 2.499e-02 | Active Proj %: 66.20 | Time: 6.96s
2025-08-21 06:44:56,257:INFO:Epoch: 36600/40000 | Train Loss: 3.069e-02 | Dynamic Loss: 3.069e-02 | Regularization Loss: 0.000e+00 | Val Loss: 3.656e-02 | Active Proj %: 94.09 | Time: 6.94s
2025-08-21 06:45:03,317:INFO:Epoch: 36650/40000 | Train Loss: 9.834e-03 | Dynamic Loss: 9.834e-03 | Regularization Loss: 0.000e+00 | Val Loss: 1.728e-02 | Active Proj %: 79.03 | Time: 6.94s
2025-08-21 06:45:15,085:INFO:Epoch: 36700/40000 | Train Loss: 1.489e-02 | Dynamic Loss: 1.489e-02 | Regularization Loss: 0.000e+00 | Val Loss: 2.314e-02 | Active Proj %: 86.00 | Time: 11.60s
2025-08-21 06:45:22,097:INFO:Epoch: 36750/40000 | Train Loss: 1.431e-02 | Dynamic Loss: 1.431e-02 | Regularization Loss: 0.000e+00 | Val Loss: 2.248e-02 | Active Proj %: 66.38 | Time: 6.89s
2025-08-21 06:45:29,069:INFO:Epoch: 36800/40000 | Train Loss: 7.930e-03 | Dynamic Loss: 7.930e-03 | Regularization Loss: 0.000e+00 | Val Loss: 1.613e-02 | Active Proj %: 81.17 | Time: 6.85s
2025-08-21 06:45:36,207:INFO:Epoch: 36850/40000 | Train Loss: 1.181e-02 | Dynamic Loss: 1.181e-02 | Regularization Loss: 0.000e+00 | Val Loss: 1.741e-02 | Active Proj %: 91.30 | Time: 7.01s
2025-08-21 06:45:43,290:INFO:Epoch: 36900/40000 | Train Loss: 7.925e-03 | Dynamic Loss: 7.925e-03 | Regularization Loss: 0.000e+00 | Val Loss: 1.556e-02 | Active Proj %: 78.77 | Time: 6.96s
2025-08-21 06:45:50,341:INFO:Epoch: 36950/40000 | Train Loss: 5.321e-02 | Dynamic Loss: 5.321e-02 | Regularization Loss: 0.000e+00 | Val Loss: 4.863e-02 | Active Proj %: 87.32 | Time: 6.92s
2025-08-21 06:45:57,376:INFO:Epoch: 37000/40000 | Train Loss: 6.518e-03 | Dynamic Loss: 6.518e-03 | Regularization Loss: 0.000e+00 | Val Loss: 1.382e-02 | Active Proj %: 84.57 | Time: 6.91s
2025-08-21 06:45:57,376:INFO:New best model found at epoch 37000 with validation loss 1.382e-02. Saving...
2025-08-21 06:46:09,846:INFO:Epoch: 37050/40000 | Train Loss: 8.507e-03 | Dynamic Loss: 8.507e-03 | Regularization Loss: 0.000e+00 | Val Loss: 1.536e-02 | Active Proj %: 77.38 | Time: 12.32s
2025-08-21 06:46:16,934:INFO:Epoch: 37100/40000 | Train Loss: 1.094e-02 | Dynamic Loss: 1.094e-02 | Regularization Loss: 0.000e+00 | Val Loss: 1.780e-02 | Active Proj %: 74.69 | Time: 6.96s
2025-08-21 06:46:23,965:INFO:Epoch: 37150/40000 | Train Loss: 6.931e-03 | Dynamic Loss: 6.931e-03 | Regularization Loss: 0.000e+00 | Val Loss: 1.398e-02 | Active Proj %: 86.08 | Time: 6.91s
2025-08-21 06:46:31,042:INFO:Epoch: 37200/40000 | Train Loss: 8.650e-03 | Dynamic Loss: 8.650e-03 | Regularization Loss: 0.000e+00 | Val Loss: 2.276e-02 | Active Proj %: 83.35 | Time: 6.95s
2025-08-21 06:46:38,130:INFO:Epoch: 37250/40000 | Train Loss: 5.682e-02 | Dynamic Loss: 5.682e-02 | Regularization Loss: 0.000e+00 | Val Loss: 6.886e-02 | Active Proj %: 91.43 | Time: 6.96s
2025-08-21 06:46:45,193:INFO:Epoch: 37300/40000 | Train Loss: 7.535e-03 | Dynamic Loss: 7.535e-03 | Regularization Loss: 0.000e+00 | Val Loss: 1.516e-02 | Active Proj %: 82.89 | Time: 6.94s
2025-08-21 06:46:52,264:INFO:Epoch: 37350/40000 | Train Loss: 6.802e-03 | Dynamic Loss: 6.802e-03 | Regularization Loss: 0.000e+00 | Val Loss: 1.389e-02 | Active Proj %: 87.66 | Time: 6.94s
2025-08-21 06:46:59,295:INFO:Epoch: 37400/40000 | Train Loss: 1.097e-02 | Dynamic Loss: 1.097e-02 | Regularization Loss: 0.000e+00 | Val Loss: 1.757e-02 | Active Proj %: 91.07 | Time: 6.91s
2025-08-21 06:47:12,414:INFO:Epoch: 37450/40000 | Train Loss: 8.842e-03 | Dynamic Loss: 8.842e-03 | Regularization Loss: 0.000e+00 | Val Loss: 1.833e-01 | Active Proj %: 88.67 | Time: 12.99s
2025-08-21 06:47:19,394:INFO:Epoch: 37500/40000 | Train Loss: 7.307e-03 | Dynamic Loss: 7.307e-03 | Regularization Loss: 0.000e+00 | Val Loss: 1.537e-02 | Active Proj %: 82.17 | Time: 6.86s
2025-08-21 06:47:26,356:INFO:Epoch: 37550/40000 | Train Loss: 7.919e-03 | Dynamic Loss: 7.919e-03 | Regularization Loss: 0.000e+00 | Val Loss: 1.483e-02 | Active Proj %: 86.01 | Time: 6.84s
2025-08-21 06:47:33,429:INFO:Epoch: 37600/40000 | Train Loss: 1.438e-02 | Dynamic Loss: 1.438e-02 | Regularization Loss: 0.000e+00 | Val Loss: 1.993e-02 | Active Proj %: 85.66 | Time: 6.95s
2025-08-21 06:47:40,420:INFO:Epoch: 37650/40000 | Train Loss: 8.003e-03 | Dynamic Loss: 8.003e-03 | Regularization Loss: 0.000e+00 | Val Loss: 1.491e-02 | Active Proj %: 87.40 | Time: 6.87s
2025-08-21 06:47:47,431:INFO:Epoch: 37700/40000 | Train Loss: 6.933e-03 | Dynamic Loss: 6.933e-03 | Regularization Loss: 0.000e+00 | Val Loss: 1.424e-02 | Active Proj %: 84.53 | Time: 6.89s
2025-08-21 06:47:54,383:INFO:Epoch: 37750/40000 | Train Loss: 6.165e-03 | Dynamic Loss: 6.165e-03 | Regularization Loss: 0.000e+00 | Val Loss: 1.340e-02 | Active Proj %: 84.92 | Time: 6.83s
2025-08-21 06:47:54,384:INFO:New best model found at epoch 37750 with validation loss 1.340e-02. Saving...
2025-08-21 06:48:06,750:INFO:Epoch: 37800/40000 | Train Loss: 8.928e-03 | Dynamic Loss: 8.928e-03 | Regularization Loss: 0.000e+00 | Val Loss: 1.143e-01 | Active Proj %: 77.88 | Time: 12.22s
2025-08-21 06:48:13,756:INFO:Epoch: 37850/40000 | Train Loss: 1.707e-02 | Dynamic Loss: 1.707e-02 | Regularization Loss: 0.000e+00 | Val Loss: 2.224e-02 | Active Proj %: 95.56 | Time: 6.88s
2025-08-21 06:48:20,799:INFO:Epoch: 37900/40000 | Train Loss: 1.466e-02 | Dynamic Loss: 1.466e-02 | Regularization Loss: 0.000e+00 | Val Loss: 2.112e-02 | Active Proj %: 81.06 | Time: 6.92s
2025-08-21 06:48:27,777:INFO:Epoch: 37950/40000 | Train Loss: 4.449e-02 | Dynamic Loss: 4.449e-02 | Regularization Loss: 0.000e+00 | Val Loss: 5.143e-02 | Active Proj %: 96.86 | Time: 6.85s
2025-08-21 06:48:38,263:INFO:Epoch: 38000/40000 | Train Loss: 1.424e-02 | Dynamic Loss: 1.424e-02 | Regularization Loss: 0.000e+00 | Val Loss: 2.221e-02 | Active Proj %: 48.95 | Time: 10.36s
2025-08-21 06:48:45,291:INFO:Epoch: 38050/40000 | Train Loss: 6.154e-03 | Dynamic Loss: 6.154e-03 | Regularization Loss: 0.000e+00 | Val Loss: 1.372e-02 | Active Proj %: 85.11 | Time: 6.90s
2025-08-21 06:48:52,284:INFO:Epoch: 38100/40000 | Train Loss: 8.593e-03 | Dynamic Loss: 8.593e-03 | Regularization Loss: 0.000e+00 | Val Loss: 1.713e-02 | Active Proj %: 82.76 | Time: 6.86s
2025-08-21 06:48:59,471:INFO:Epoch: 38150/40000 | Train Loss: 7.079e-03 | Dynamic Loss: 7.079e-03 | Regularization Loss: 0.000e+00 | Val Loss: 1.453e-02 | Active Proj %: 83.91 | Time: 6.94s
2025-08-21 06:49:06,504:INFO:Epoch: 38200/40000 | Train Loss: 8.290e-03 | Dynamic Loss: 8.290e-03 | Regularization Loss: 0.000e+00 | Val Loss: 1.468e-02 | Active Proj %: 85.12 | Time: 6.90s
2025-08-21 06:49:13,544:INFO:Epoch: 38250/40000 | Train Loss: 6.356e-03 | Dynamic Loss: 6.356e-03 | Regularization Loss: 0.000e+00 | Val Loss: 1.430e-02 | Active Proj %: 85.89 | Time: 6.91s
2025-08-21 06:49:20,552:INFO:Epoch: 38300/40000 | Train Loss: 1.513e-02 | Dynamic Loss: 1.513e-02 | Regularization Loss: 0.000e+00 | Val Loss: 2.472e-02 | Active Proj %: 81.64 | Time: 6.88s
2025-08-21 06:49:28,710:INFO:Epoch: 38350/40000 | Train Loss: 9.395e-03 | Dynamic Loss: 9.395e-03 | Regularization Loss: 0.000e+00 | Val Loss: 1.735e-02 | Active Proj %: 87.05 | Time: 8.03s
2025-08-21 06:49:35,721:INFO:Epoch: 38400/40000 | Train Loss: 9.925e-03 | Dynamic Loss: 9.925e-03 | Regularization Loss: 0.000e+00 | Val Loss: 1.650e-02 | Active Proj %: 93.60 | Time: 6.88s
2025-08-21 06:49:42,720:INFO:Epoch: 38450/40000 | Train Loss: 5.462e-03 | Dynamic Loss: 5.462e-03 | Regularization Loss: 0.000e+00 | Val Loss: 1.295e-02 | Active Proj %: 81.23 | Time: 6.87s
2025-08-21 06:49:42,720:INFO:New best model found at epoch 38450 with validation loss 1.295e-02. Saving...
2025-08-21 06:49:49,888:INFO:Epoch: 38500/40000 | Train Loss: 6.535e-03 | Dynamic Loss: 6.535e-03 | Regularization Loss: 0.000e+00 | Val Loss: 1.403e-02 | Active Proj %: 78.41 | Time: 6.89s
2025-08-21 06:49:56,933:INFO:Epoch: 38550/40000 | Train Loss: 1.308e-02 | Dynamic Loss: 1.308e-02 | Regularization Loss: 0.000e+00 | Val Loss: 2.058e-02 | Active Proj %: 89.34 | Time: 6.92s
2025-08-21 06:50:03,935:INFO:Epoch: 38600/40000 | Train Loss: 3.316e-02 | Dynamic Loss: 3.316e-02 | Regularization Loss: 0.000e+00 | Val Loss: 3.835e-02 | Active Proj %: 24.79 | Time: 6.88s
2025-08-21 06:50:11,017:INFO:Epoch: 38650/40000 | Train Loss: 1.338e-02 | Dynamic Loss: 1.338e-02 | Regularization Loss: 0.000e+00 | Val Loss: 2.386e-02 | Active Proj %: 80.90 | Time: 6.95s
2025-08-21 06:50:18,142:INFO:Epoch: 38700/40000 | Train Loss: 5.798e-03 | Dynamic Loss: 5.798e-03 | Regularization Loss: 0.000e+00 | Val Loss: 1.312e-02 | Active Proj %: 82.73 | Time: 7.00s
2025-08-21 06:50:25,192:INFO:Epoch: 38750/40000 | Train Loss: 1.762e-02 | Dynamic Loss: 1.762e-02 | Regularization Loss: 0.000e+00 | Val Loss: 2.258e-02 | Active Proj %: 71.38 | Time: 6.92s
2025-08-21 06:50:32,207:INFO:Epoch: 38800/40000 | Train Loss: 1.797e-02 | Dynamic Loss: 1.797e-02 | Regularization Loss: 0.000e+00 | Val Loss: 2.295e-02 | Active Proj %: 96.55 | Time: 6.89s
2025-08-21 06:50:39,220:INFO:Epoch: 38850/40000 | Train Loss: 8.113e-03 | Dynamic Loss: 8.113e-03 | Regularization Loss: 0.000e+00 | Val Loss: 1.566e-02 | Active Proj %: 89.50 | Time: 6.88s
2025-08-21 06:50:46,459:INFO:Epoch: 38900/40000 | Train Loss: 1.349e-02 | Dynamic Loss: 1.349e-02 | Regularization Loss: 0.000e+00 | Val Loss: 2.051e-02 | Active Proj %: 95.58 | Time: 7.11s
2025-08-21 06:50:53,479:INFO:Epoch: 38950/40000 | Train Loss: 1.370e-02 | Dynamic Loss: 1.370e-02 | Regularization Loss: 0.000e+00 | Val Loss: 2.172e-02 | Active Proj %: 84.21 | Time: 6.89s
2025-08-21 06:51:00,507:INFO:Epoch: 39000/40000 | Train Loss: 6.970e-03 | Dynamic Loss: 6.970e-03 | Regularization Loss: 0.000e+00 | Val Loss: 1.478e-02 | Active Proj %: 84.48 | Time: 6.90s
2025-08-21 06:51:07,587:INFO:Epoch: 39050/40000 | Train Loss: 8.104e-03 | Dynamic Loss: 8.104e-03 | Regularization Loss: 0.000e+00 | Val Loss: 1.485e-02 | Active Proj %: 92.13 | Time: 6.95s
2025-08-21 06:51:22,149:INFO:Epoch: 39100/40000 | Train Loss: 6.063e-03 | Dynamic Loss: 6.063e-03 | Regularization Loss: 0.000e+00 | Val Loss: 1.382e-02 | Active Proj %: 82.46 | Time: 14.43s
2025-08-21 06:51:29,197:INFO:Epoch: 39150/40000 | Train Loss: 2.422e-02 | Dynamic Loss: 2.422e-02 | Regularization Loss: 0.000e+00 | Val Loss: 3.196e-02 | Active Proj %: 90.99 | Time: 6.92s
2025-08-21 06:51:36,146:INFO:Epoch: 39200/40000 | Train Loss: 6.745e-03 | Dynamic Loss: 6.745e-03 | Regularization Loss: 0.000e+00 | Val Loss: 1.400e-02 | Active Proj %: 86.70 | Time: 6.82s
2025-08-21 06:51:43,264:INFO:Epoch: 39250/40000 | Train Loss: 1.565e-02 | Dynamic Loss: 1.565e-02 | Regularization Loss: 0.000e+00 | Val Loss: 2.243e-02 | Active Proj %: 87.04 | Time: 6.99s
2025-08-21 06:51:50,293:INFO:Epoch: 39300/40000 | Train Loss: 1.415e-02 | Dynamic Loss: 1.415e-02 | Regularization Loss: 0.000e+00 | Val Loss: 1.944e-02 | Active Proj %: 93.11 | Time: 6.90s
2025-08-21 06:51:57,311:INFO:Epoch: 39350/40000 | Train Loss: 8.442e-03 | Dynamic Loss: 8.442e-03 | Regularization Loss: 0.000e+00 | Val Loss: 1.650e-02 | Active Proj %: 85.36 | Time: 6.89s
2025-08-21 06:52:04,340:INFO:Epoch: 39400/40000 | Train Loss: 1.979e-02 | Dynamic Loss: 1.979e-02 | Regularization Loss: 0.000e+00 | Val Loss: 2.446e-02 | Active Proj %: 85.02 | Time: 6.90s
2025-08-21 06:52:19,218:INFO:Epoch: 39450/40000 | Train Loss: 6.906e-02 | Dynamic Loss: 6.906e-02 | Regularization Loss: 0.000e+00 | Val Loss: 8.112e-02 | Active Proj %: 96.62 | Time: 14.75s
2025-08-21 06:52:26,250:INFO:Epoch: 39500/40000 | Train Loss: 1.109e-02 | Dynamic Loss: 1.109e-02 | Regularization Loss: 0.000e+00 | Val Loss: 1.875e-02 | Active Proj %: 92.62 | Time: 6.90s
2025-08-21 06:52:33,304:INFO:Epoch: 39550/40000 | Train Loss: 8.104e-03 | Dynamic Loss: 8.104e-03 | Regularization Loss: 0.000e+00 | Val Loss: 1.732e-02 | Active Proj %: 84.29 | Time: 6.93s
2025-08-21 06:52:40,489:INFO:Epoch: 39600/40000 | Train Loss: 1.391e-02 | Dynamic Loss: 1.391e-02 | Regularization Loss: 0.000e+00 | Val Loss: 2.082e-02 | Active Proj %: 93.43 | Time: 7.06s
2025-08-21 06:52:47,536:INFO:Epoch: 39650/40000 | Train Loss: 5.933e-03 | Dynamic Loss: 5.933e-03 | Regularization Loss: 0.000e+00 | Val Loss: 1.297e-02 | Active Proj %: 84.09 | Time: 6.92s
2025-08-21 06:52:54,599:INFO:Epoch: 39700/40000 | Train Loss: 9.453e-03 | Dynamic Loss: 9.453e-03 | Regularization Loss: 0.000e+00 | Val Loss: 1.635e-02 | Active Proj %: 79.52 | Time: 6.93s
2025-08-21 06:53:01,633:INFO:Epoch: 39750/40000 | Train Loss: 2.159e-02 | Dynamic Loss: 2.159e-02 | Regularization Loss: 0.000e+00 | Val Loss: 2.889e-02 | Active Proj %: 89.88 | Time: 6.91s
2025-08-21 06:53:12,723:INFO:Epoch: 39800/40000 | Train Loss: 9.117e-03 | Dynamic Loss: 9.117e-03 | Regularization Loss: 0.000e+00 | Val Loss: 1.662e-02 | Active Proj %: 87.07 | Time: 10.96s
2025-08-21 06:53:19,730:INFO:Epoch: 39850/40000 | Train Loss: 1.608e-02 | Dynamic Loss: 1.608e-02 | Regularization Loss: 0.000e+00 | Val Loss: 2.349e-02 | Active Proj %: 96.94 | Time: 6.88s
2025-08-21 06:53:26,746:INFO:Epoch: 39900/40000 | Train Loss: 1.283e-02 | Dynamic Loss: 1.283e-02 | Regularization Loss: 0.000e+00 | Val Loss: 1.964e-02 | Active Proj %: 74.02 | Time: 6.89s
2025-08-21 06:53:33,781:INFO:Epoch: 39950/40000 | Train Loss: 2.328e-02 | Dynamic Loss: 2.328e-02 | Regularization Loss: 0.000e+00 | Val Loss: 2.457e-02 | Active Proj %: 93.26 | Time: 6.91s
2025-08-21 06:53:44,672:INFO:Epoch: 40000/40000 | Train Loss: 1.836e-02 | Dynamic Loss: 1.836e-02 | Regularization Loss: 0.000e+00 | Val Loss: 2.231e-02 | Active Proj %: 93.76 | Time: 10.76s
