2025-08-20 02:30:10,620:INFO:Created DataLoaders with 5994 training samples and 1998 validation samples.
2025-08-20 02:30:11,297:INFO:model params: 2512001
2025-08-20 02:30:19,142:INFO:Epoch: 0/40000 | Train Loss: 2.908e+00 | Dynamic Loss: 2.813e+00 | Regularization Loss: 9.509e-02 | Val Loss: 2.507e+00 | Time: 7.84s
2025-08-20 02:30:19,142:INFO:New best model found at epoch 0 with validation loss 2.507e+00. Saving...
2025-08-20 02:30:28,037:INFO:Epoch: 50/40000 | Train Loss: 1.815e+00 | Dynamic Loss: 1.811e+00 | Regularization Loss: 4.074e-03 | Val Loss: 1.800e+00 | Time: 8.85s
2025-08-20 02:30:28,037:INFO:New best model found at epoch 50 with validation loss 1.800e+00. Saving...
2025-08-20 02:30:42,046:INFO:Epoch: 100/40000 | Train Loss: 1.697e+00 | Dynamic Loss: 1.695e+00 | Regularization Loss: 1.610e-03 | Val Loss: 1.735e+00 | Time: 13.99s
2025-08-20 02:30:42,046:INFO:New best model found at epoch 100 with validation loss 1.735e+00. Saving...
2025-08-20 02:30:51,251:INFO:Epoch: 150/40000 | Train Loss: 1.649e+00 | Dynamic Loss: 1.648e+00 | Regularization Loss: 8.984e-04 | Val Loss: 1.690e+00 | Time: 9.18s
2025-08-20 02:30:51,251:INFO:New best model found at epoch 150 with validation loss 1.690e+00. Saving...
2025-08-20 02:31:00,484:INFO:Epoch: 200/40000 | Train Loss: 1.605e+00 | Dynamic Loss: 1.604e+00 | Regularization Loss: 5.840e-04 | Val Loss: 1.652e+00 | Time: 9.21s
2025-08-20 02:31:00,484:INFO:New best model found at epoch 200 with validation loss 1.652e+00. Saving...
2025-08-20 02:31:09,848:INFO:Epoch: 250/40000 | Train Loss: 1.566e+00 | Dynamic Loss: 1.566e+00 | Regularization Loss: 4.139e-04 | Val Loss: 1.615e+00 | Time: 9.34s
2025-08-20 02:31:09,848:INFO:New best model found at epoch 250 with validation loss 1.615e+00. Saving...
2025-08-20 02:31:19,115:INFO:Epoch: 300/40000 | Train Loss: 1.501e+00 | Dynamic Loss: 1.501e+00 | Regularization Loss: 3.101e-04 | Val Loss: 1.548e+00 | Time: 9.25s
2025-08-20 02:31:19,115:INFO:New best model found at epoch 300 with validation loss 1.548e+00. Saving...
2025-08-20 02:31:28,452:INFO:Epoch: 350/40000 | Train Loss: 1.433e+00 | Dynamic Loss: 1.433e+00 | Regularization Loss: 2.416e-04 | Val Loss: 1.476e+00 | Time: 9.32s
2025-08-20 02:31:28,453:INFO:New best model found at epoch 350 with validation loss 1.476e+00. Saving...
2025-08-20 02:31:37,875:INFO:Epoch: 400/40000 | Train Loss: 1.330e+00 | Dynamic Loss: 1.329e+00 | Regularization Loss: 1.937e-04 | Val Loss: 1.370e+00 | Time: 9.40s
2025-08-20 02:31:37,875:INFO:New best model found at epoch 400 with validation loss 1.370e+00. Saving...
2025-08-20 02:31:47,232:INFO:Epoch: 450/40000 | Train Loss: 1.212e+00 | Dynamic Loss: 1.212e+00 | Regularization Loss: 1.587e-04 | Val Loss: 1.276e+00 | Time: 9.34s
2025-08-20 02:31:47,232:INFO:New best model found at epoch 450 with validation loss 1.276e+00. Saving...
2025-08-20 02:31:56,674:INFO:Epoch: 500/40000 | Train Loss: 1.186e+00 | Dynamic Loss: 1.186e+00 | Regularization Loss: 1.323e-04 | Val Loss: 1.227e+00 | Time: 9.42s
2025-08-20 02:31:56,674:INFO:New best model found at epoch 500 with validation loss 1.227e+00. Saving...
2025-08-20 02:32:12,368:INFO:Epoch: 550/40000 | Train Loss: 1.105e+00 | Dynamic Loss: 1.105e+00 | Regularization Loss: 1.118e-04 | Val Loss: 1.158e+00 | Time: 15.67s
2025-08-20 02:32:12,368:INFO:New best model found at epoch 550 with validation loss 1.158e+00. Saving...
2025-08-20 02:32:21,714:INFO:Epoch: 600/40000 | Train Loss: 1.033e+00 | Dynamic Loss: 1.033e+00 | Regularization Loss: 9.558e-05 | Val Loss: 1.123e+00 | Time: 9.33s
2025-08-20 02:32:21,714:INFO:New best model found at epoch 600 with validation loss 1.123e+00. Saving...
2025-08-20 02:32:31,178:INFO:Epoch: 650/40000 | Train Loss: 1.013e+00 | Dynamic Loss: 1.013e+00 | Regularization Loss: 8.251e-05 | Val Loss: 1.031e+00 | Time: 9.44s
2025-08-20 02:32:31,178:INFO:New best model found at epoch 650 with validation loss 1.031e+00. Saving...
2025-08-20 02:32:47,381:INFO:Epoch: 700/40000 | Train Loss: 1.011e+00 | Dynamic Loss: 1.011e+00 | Regularization Loss: 7.180e-05 | Val Loss: 1.052e+00 | Time: 16.18s
2025-08-20 02:32:56,909:INFO:Epoch: 750/40000 | Train Loss: 8.968e-01 | Dynamic Loss: 8.968e-01 | Regularization Loss: 6.292e-05 | Val Loss: 1.024e+00 | Time: 9.53s
2025-08-20 02:32:56,909:INFO:New best model found at epoch 750 with validation loss 1.024e+00. Saving...
2025-08-20 02:33:06,379:INFO:Epoch: 800/40000 | Train Loss: 8.395e-01 | Dynamic Loss: 8.394e-01 | Regularization Loss: 5.547e-05 | Val Loss: 9.367e-01 | Time: 9.45s
2025-08-20 02:33:06,380:INFO:New best model found at epoch 800 with validation loss 9.367e-01. Saving...
2025-08-20 02:33:22,484:INFO:Epoch: 850/40000 | Train Loss: 7.902e-01 | Dynamic Loss: 7.902e-01 | Regularization Loss: 4.915e-05 | Val Loss: 8.627e-01 | Time: 16.08s
2025-08-20 02:33:22,485:INFO:New best model found at epoch 850 with validation loss 8.627e-01. Saving...
2025-08-20 02:33:31,972:INFO:Epoch: 900/40000 | Train Loss: 8.721e-01 | Dynamic Loss: 8.721e-01 | Regularization Loss: 4.374e-05 | Val Loss: 8.429e-01 | Time: 9.47s
2025-08-20 02:33:31,972:INFO:New best model found at epoch 900 with validation loss 8.429e-01. Saving...
2025-08-20 02:33:41,466:INFO:Epoch: 950/40000 | Train Loss: 7.505e-01 | Dynamic Loss: 7.504e-01 | Regularization Loss: 3.910e-05 | Val Loss: 7.905e-01 | Time: 9.47s
2025-08-20 02:33:41,466:INFO:New best model found at epoch 950 with validation loss 7.905e-01. Saving...
2025-08-20 02:33:53,804:INFO:Epoch: 1000/40000 | Train Loss: 7.032e-01 | Dynamic Loss: 7.032e-01 | Regularization Loss: 3.507e-05 | Val Loss: 7.720e-01 | Time: 12.32s
2025-08-20 02:33:53,805:INFO:New best model found at epoch 1000 with validation loss 7.720e-01. Saving...
2025-08-20 02:34:03,271:INFO:Epoch: 1050/40000 | Train Loss: 7.002e-01 | Dynamic Loss: 7.002e-01 | Regularization Loss: 3.156e-05 | Val Loss: 8.171e-01 | Time: 9.45s
2025-08-20 02:34:12,873:INFO:Epoch: 1100/40000 | Train Loss: 6.826e-01 | Dynamic Loss: 6.826e-01 | Regularization Loss: 2.847e-05 | Val Loss: 7.582e-01 | Time: 9.60s
2025-08-20 02:34:12,873:INFO:New best model found at epoch 1100 with validation loss 7.582e-01. Saving...
2025-08-20 02:34:22,336:INFO:Epoch: 1150/40000 | Train Loss: 7.319e-01 | Dynamic Loss: 7.319e-01 | Regularization Loss: 2.575e-05 | Val Loss: 8.055e-01 | Time: 9.44s
2025-08-20 02:34:31,677:INFO:Epoch: 1200/40000 | Train Loss: 6.315e-01 | Dynamic Loss: 6.315e-01 | Regularization Loss: 2.335e-05 | Val Loss: 6.986e-01 | Time: 9.34s
2025-08-20 02:34:31,677:INFO:New best model found at epoch 1200 with validation loss 6.986e-01. Saving...
2025-08-20 02:34:47,942:INFO:Epoch: 1250/40000 | Train Loss: 6.133e-01 | Dynamic Loss: 6.132e-01 | Regularization Loss: 2.121e-05 | Val Loss: 7.383e-01 | Time: 16.25s
2025-08-20 02:34:57,492:INFO:Epoch: 1300/40000 | Train Loss: 6.216e-01 | Dynamic Loss: 6.216e-01 | Regularization Loss: 1.930e-05 | Val Loss: 6.957e-01 | Time: 9.55s
2025-08-20 02:34:57,492:INFO:New best model found at epoch 1300 with validation loss 6.957e-01. Saving...
2025-08-20 02:35:07,367:INFO:Epoch: 1350/40000 | Train Loss: 6.689e-01 | Dynamic Loss: 6.688e-01 | Regularization Loss: 1.760e-05 | Val Loss: 6.886e-01 | Time: 9.85s
2025-08-20 02:35:07,367:INFO:New best model found at epoch 1350 with validation loss 6.886e-01. Saving...
2025-08-20 02:35:17,117:INFO:Epoch: 1400/40000 | Train Loss: 5.810e-01 | Dynamic Loss: 5.810e-01 | Regularization Loss: 1.606e-05 | Val Loss: 6.304e-01 | Time: 9.73s
2025-08-20 02:35:17,117:INFO:New best model found at epoch 1400 with validation loss 6.304e-01. Saving...
2025-08-20 02:35:26,615:INFO:Epoch: 1450/40000 | Train Loss: 6.239e-01 | Dynamic Loss: 6.239e-01 | Regularization Loss: 1.469e-05 | Val Loss: 6.540e-01 | Time: 9.48s
2025-08-20 02:35:36,026:INFO:Epoch: 1500/40000 | Train Loss: 5.119e-01 | Dynamic Loss: 5.119e-01 | Regularization Loss: 1.343e-05 | Val Loss: 6.198e-01 | Time: 9.41s
2025-08-20 02:35:36,026:INFO:New best model found at epoch 1500 with validation loss 6.198e-01. Saving...
2025-08-20 02:35:45,550:INFO:Epoch: 1550/40000 | Train Loss: 5.781e-01 | Dynamic Loss: 5.781e-01 | Regularization Loss: 1.231e-05 | Val Loss: 6.519e-01 | Time: 9.50s
2025-08-20 02:35:54,910:INFO:Epoch: 1600/40000 | Train Loss: 4.965e-01 | Dynamic Loss: 4.965e-01 | Regularization Loss: 1.140e-05 | Val Loss: 5.795e-01 | Time: 9.36s
2025-08-20 02:35:54,911:INFO:New best model found at epoch 1600 with validation loss 5.795e-01. Saving...
2025-08-20 02:36:04,445:INFO:Epoch: 1650/40000 | Train Loss: 6.439e-01 | Dynamic Loss: 6.439e-01 | Regularization Loss: 1.040e-05 | Val Loss: 6.967e-01 | Time: 9.51s
2025-08-20 02:36:13,977:INFO:Epoch: 1700/40000 | Train Loss: 4.770e-01 | Dynamic Loss: 4.770e-01 | Regularization Loss: 9.512e-06 | Val Loss: 5.376e-01 | Time: 9.53s
2025-08-20 02:36:13,977:INFO:New best model found at epoch 1700 with validation loss 5.376e-01. Saving...
2025-08-20 02:36:23,606:INFO:Epoch: 1750/40000 | Train Loss: 5.173e-01 | Dynamic Loss: 5.173e-01 | Regularization Loss: 8.674e-06 | Val Loss: 6.126e-01 | Time: 9.61s
2025-08-20 02:36:33,299:INFO:Epoch: 1800/40000 | Train Loss: 4.349e-01 | Dynamic Loss: 4.349e-01 | Regularization Loss: 8.002e-06 | Val Loss: 5.008e-01 | Time: 9.69s
2025-08-20 02:36:33,299:INFO:New best model found at epoch 1800 with validation loss 5.008e-01. Saving...
2025-08-20 02:36:42,826:INFO:Epoch: 1850/40000 | Train Loss: 4.172e-01 | Dynamic Loss: 4.172e-01 | Regularization Loss: 7.331e-06 | Val Loss: 5.513e-01 | Time: 9.51s
2025-08-20 02:36:56,820:INFO:Epoch: 1900/40000 | Train Loss: 4.285e-01 | Dynamic Loss: 4.285e-01 | Regularization Loss: 6.718e-06 | Val Loss: 4.947e-01 | Time: 13.99s
2025-08-20 02:36:56,820:INFO:New best model found at epoch 1900 with validation loss 4.947e-01. Saving...
2025-08-20 02:37:06,305:INFO:Epoch: 1950/40000 | Train Loss: 4.656e-01 | Dynamic Loss: 4.656e-01 | Regularization Loss: 6.148e-06 | Val Loss: 5.563e-01 | Time: 9.47s
2025-08-20 02:37:15,955:INFO:Epoch: 2000/40000 | Train Loss: 3.707e-01 | Dynamic Loss: 3.707e-01 | Regularization Loss: 5.695e-06 | Val Loss: 4.412e-01 | Time: 9.65s
2025-08-20 02:37:15,955:INFO:New best model found at epoch 2000 with validation loss 4.412e-01. Saving...
2025-08-20 02:37:25,581:INFO:Epoch: 2050/40000 | Train Loss: 4.640e-01 | Dynamic Loss: 4.640e-01 | Regularization Loss: 5.200e-06 | Val Loss: 4.972e-01 | Time: 9.61s
2025-08-20 02:37:35,112:INFO:Epoch: 2100/40000 | Train Loss: 4.298e-01 | Dynamic Loss: 4.298e-01 | Regularization Loss: 4.721e-06 | Val Loss: 4.921e-01 | Time: 9.53s
2025-08-20 02:37:44,770:INFO:Epoch: 2150/40000 | Train Loss: 3.690e-01 | Dynamic Loss: 3.690e-01 | Regularization Loss: 4.507e-06 | Val Loss: 4.359e-01 | Time: 9.66s
2025-08-20 02:37:44,770:INFO:New best model found at epoch 2150 with validation loss 4.359e-01. Saving...
2025-08-20 02:37:54,384:INFO:Epoch: 2200/40000 | Train Loss: 3.675e-01 | Dynamic Loss: 3.675e-01 | Regularization Loss: 4.151e-06 | Val Loss: 3.961e-01 | Time: 9.59s
2025-08-20 02:37:54,384:INFO:New best model found at epoch 2200 with validation loss 3.961e-01. Saving...
2025-08-20 02:38:03,952:INFO:Epoch: 2250/40000 | Train Loss: 1.051e+00 | Dynamic Loss: 1.051e+00 | Regularization Loss: 3.815e-06 | Val Loss: 8.014e-01 | Time: 9.55s
2025-08-20 02:38:17,228:INFO:Epoch: 2300/40000 | Train Loss: 3.113e-01 | Dynamic Loss: 3.113e-01 | Regularization Loss: 3.666e-06 | Val Loss: 3.650e-01 | Time: 13.28s
2025-08-20 02:38:17,228:INFO:New best model found at epoch 2300 with validation loss 3.650e-01. Saving...
2025-08-20 02:38:26,789:INFO:Epoch: 2350/40000 | Train Loss: 3.745e-01 | Dynamic Loss: 3.745e-01 | Regularization Loss: 3.253e-06 | Val Loss: 4.017e-01 | Time: 9.54s
2025-08-20 02:38:36,435:INFO:Epoch: 2400/40000 | Train Loss: 4.249e-01 | Dynamic Loss: 4.249e-01 | Regularization Loss: 3.288e-06 | Val Loss: 4.974e-01 | Time: 9.65s
2025-08-20 02:38:45,916:INFO:Epoch: 2450/40000 | Train Loss: 6.670e-01 | Dynamic Loss: 6.670e-01 | Regularization Loss: 3.228e-06 | Val Loss: 6.693e-01 | Time: 9.48s
2025-08-20 02:38:55,392:INFO:Epoch: 2500/40000 | Train Loss: 3.106e-01 | Dynamic Loss: 3.106e-01 | Regularization Loss: 2.993e-06 | Val Loss: 3.265e-01 | Time: 9.48s
2025-08-20 02:38:55,392:INFO:New best model found at epoch 2500 with validation loss 3.265e-01. Saving...
2025-08-20 02:39:12,637:INFO:Epoch: 2550/40000 | Train Loss: 2.929e-01 | Dynamic Loss: 2.929e-01 | Regularization Loss: 2.841e-06 | Val Loss: 3.690e-01 | Time: 17.23s
2025-08-20 02:39:22,222:INFO:Epoch: 2600/40000 | Train Loss: 3.139e-01 | Dynamic Loss: 3.139e-01 | Regularization Loss: 2.620e-06 | Val Loss: 3.576e-01 | Time: 9.59s
2025-08-20 02:39:31,865:INFO:Epoch: 2650/40000 | Train Loss: 4.298e-01 | Dynamic Loss: 4.298e-01 | Regularization Loss: 2.440e-06 | Val Loss: 4.680e-01 | Time: 9.64s
2025-08-20 02:39:41,444:INFO:Epoch: 2700/40000 | Train Loss: 3.634e-01 | Dynamic Loss: 3.634e-01 | Regularization Loss: 2.573e-06 | Val Loss: 3.545e-01 | Time: 9.58s
2025-08-20 02:39:51,034:INFO:Epoch: 2750/40000 | Train Loss: 2.679e-01 | Dynamic Loss: 2.679e-01 | Regularization Loss: 2.429e-06 | Val Loss: 3.041e-01 | Time: 9.59s
2025-08-20 02:39:51,034:INFO:New best model found at epoch 2750 with validation loss 3.041e-01. Saving...
2025-08-20 02:40:00,686:INFO:Epoch: 2800/40000 | Train Loss: 2.908e-01 | Dynamic Loss: 2.908e-01 | Regularization Loss: 2.244e-06 | Val Loss: 3.273e-01 | Time: 9.63s
2025-08-20 02:40:10,327:INFO:Epoch: 2850/40000 | Train Loss: 2.956e-01 | Dynamic Loss: 2.956e-01 | Regularization Loss: 2.225e-06 | Val Loss: 3.095e-01 | Time: 9.64s
2025-08-20 02:40:19,805:INFO:Epoch: 2900/40000 | Train Loss: 2.632e-01 | Dynamic Loss: 2.632e-01 | Regularization Loss: 2.279e-06 | Val Loss: 3.028e-01 | Time: 9.48s
2025-08-20 02:40:19,805:INFO:New best model found at epoch 2900 with validation loss 3.028e-01. Saving...
2025-08-20 02:40:32,789:INFO:Epoch: 2950/40000 | Train Loss: 2.791e-01 | Dynamic Loss: 2.791e-01 | Regularization Loss: 1.812e-06 | Val Loss: 3.133e-01 | Time: 12.96s
2025-08-20 02:40:42,311:INFO:Epoch: 3000/40000 | Train Loss: 4.080e-01 | Dynamic Loss: 4.080e-01 | Regularization Loss: 1.769e-06 | Val Loss: 4.396e-01 | Time: 9.52s
2025-08-20 02:40:51,897:INFO:Epoch: 3050/40000 | Train Loss: 4.044e-01 | Dynamic Loss: 4.044e-01 | Regularization Loss: 1.632e-06 | Val Loss: 4.201e-01 | Time: 9.59s
2025-08-20 02:41:01,401:INFO:Epoch: 3100/40000 | Train Loss: 6.172e-01 | Dynamic Loss: 6.172e-01 | Regularization Loss: 1.714e-06 | Val Loss: 8.836e-01 | Time: 9.50s
2025-08-20 02:41:10,901:INFO:Epoch: 3150/40000 | Train Loss: 4.574e-01 | Dynamic Loss: 4.574e-01 | Regularization Loss: 1.708e-06 | Val Loss: 5.683e-01 | Time: 9.50s
2025-08-20 02:41:20,815:INFO:Epoch: 3200/40000 | Train Loss: 2.281e-01 | Dynamic Loss: 2.281e-01 | Regularization Loss: 1.531e-06 | Val Loss: 2.583e-01 | Time: 9.91s
2025-08-20 02:41:20,816:INFO:New best model found at epoch 3200 with validation loss 2.583e-01. Saving...
2025-08-20 02:41:30,322:INFO:Epoch: 3250/40000 | Train Loss: 2.463e-01 | Dynamic Loss: 2.463e-01 | Regularization Loss: 1.685e-06 | Val Loss: 2.784e-01 | Time: 9.49s
2025-08-20 02:41:39,809:INFO:Epoch: 3300/40000 | Train Loss: 2.621e-01 | Dynamic Loss: 2.621e-01 | Regularization Loss: 1.975e-06 | Val Loss: 2.779e-01 | Time: 9.49s
2025-08-20 02:41:56,463:INFO:Epoch: 3350/40000 | Train Loss: 3.112e-01 | Dynamic Loss: 3.112e-01 | Regularization Loss: 2.316e-06 | Val Loss: 3.516e-01 | Time: 16.65s
2025-08-20 02:42:06,190:INFO:Epoch: 3400/40000 | Train Loss: 2.068e-01 | Dynamic Loss: 2.068e-01 | Regularization Loss: 2.090e-06 | Val Loss: 2.357e-01 | Time: 9.73s
2025-08-20 02:42:06,190:INFO:New best model found at epoch 3400 with validation loss 2.357e-01. Saving...
2025-08-20 02:42:15,864:INFO:Epoch: 3450/40000 | Train Loss: 2.481e-01 | Dynamic Loss: 2.481e-01 | Regularization Loss: 1.925e-06 | Val Loss: 7.877e-01 | Time: 9.65s
2025-08-20 02:42:25,415:INFO:Epoch: 3500/40000 | Train Loss: 2.111e-01 | Dynamic Loss: 2.111e-01 | Regularization Loss: 1.677e-06 | Val Loss: 2.759e-01 | Time: 9.55s
2025-08-20 02:42:34,894:INFO:Epoch: 3550/40000 | Train Loss: 2.454e-01 | Dynamic Loss: 2.454e-01 | Regularization Loss: 1.671e-06 | Val Loss: 2.966e-01 | Time: 9.48s
2025-08-20 02:42:51,987:INFO:Epoch: 3600/40000 | Train Loss: 4.038e-01 | Dynamic Loss: 4.038e-01 | Regularization Loss: 1.539e-06 | Val Loss: 6.163e-01 | Time: 17.09s
2025-08-20 02:43:01,531:INFO:Epoch: 3650/40000 | Train Loss: 2.564e-01 | Dynamic Loss: 2.564e-01 | Regularization Loss: 1.293e-06 | Val Loss: 2.834e-01 | Time: 9.54s
2025-08-20 02:43:11,114:INFO:Epoch: 3700/40000 | Train Loss: 4.644e-01 | Dynamic Loss: 4.644e-01 | Regularization Loss: 1.093e-06 | Val Loss: 7.980e-01 | Time: 9.58s
2025-08-20 02:43:20,654:INFO:Epoch: 3750/40000 | Train Loss: 2.772e+00 | Dynamic Loss: 2.772e+00 | Regularization Loss: 9.951e-07 | Val Loss: 3.149e+00 | Time: 9.54s
2025-08-20 02:43:30,196:INFO:Epoch: 3800/40000 | Train Loss: 3.187e-01 | Dynamic Loss: 3.187e-01 | Regularization Loss: 6.473e-07 | Val Loss: 3.443e-01 | Time: 9.54s
2025-08-20 02:43:43,060:INFO:Epoch: 3850/40000 | Train Loss: 2.559e-01 | Dynamic Loss: 2.559e-01 | Regularization Loss: 7.002e-07 | Val Loss: 2.683e-01 | Time: 12.86s
2025-08-20 02:43:52,523:INFO:Epoch: 3900/40000 | Train Loss: 1.990e-01 | Dynamic Loss: 1.990e-01 | Regularization Loss: 7.434e-07 | Val Loss: 2.257e-01 | Time: 9.46s
2025-08-20 02:43:52,523:INFO:New best model found at epoch 3900 with validation loss 2.257e-01. Saving...
2025-08-20 02:44:02,073:INFO:Epoch: 3950/40000 | Train Loss: 2.164e-01 | Dynamic Loss: 2.164e-01 | Regularization Loss: 8.039e-07 | Val Loss: 2.169e-01 | Time: 9.53s
2025-08-20 02:44:02,073:INFO:New best model found at epoch 3950 with validation loss 2.169e-01. Saving...
2025-08-20 02:44:11,557:INFO:Epoch: 4000/40000 | Train Loss: 4.803e-01 | Dynamic Loss: 4.803e-01 | Regularization Loss: 6.928e-07 | Val Loss: 5.094e-01 | Time: 9.46s
2025-08-20 02:44:20,988:INFO:Epoch: 4050/40000 | Train Loss: 2.284e-01 | Dynamic Loss: 2.284e-01 | Regularization Loss: 6.355e-07 | Val Loss: 2.515e-01 | Time: 9.43s
2025-08-20 02:44:33,432:INFO:Epoch: 4100/40000 | Train Loss: 2.215e-01 | Dynamic Loss: 2.215e-01 | Regularization Loss: 6.474e-07 | Val Loss: 2.511e-01 | Time: 12.44s
2025-08-20 02:44:42,877:INFO:Epoch: 4150/40000 | Train Loss: 2.725e-01 | Dynamic Loss: 2.725e-01 | Regularization Loss: 6.594e-07 | Val Loss: 2.546e-01 | Time: 9.44s
2025-08-20 02:44:52,434:INFO:Epoch: 4200/40000 | Train Loss: 3.086e-01 | Dynamic Loss: 3.086e-01 | Regularization Loss: 8.062e-07 | Val Loss: 3.063e-01 | Time: 9.56s
2025-08-20 02:45:03,933:INFO:Epoch: 4250/40000 | Train Loss: 2.958e-01 | Dynamic Loss: 2.958e-01 | Regularization Loss: 9.429e-07 | Val Loss: 2.987e-01 | Time: 11.50s
2025-08-20 02:45:14,158:INFO:Epoch: 4300/40000 | Train Loss: 1.952e-01 | Dynamic Loss: 1.952e-01 | Regularization Loss: 8.864e-07 | Val Loss: 2.120e-01 | Time: 10.22s
2025-08-20 02:45:14,159:INFO:New best model found at epoch 4300 with validation loss 2.120e-01. Saving...
2025-08-20 02:45:23,806:INFO:Epoch: 4350/40000 | Train Loss: 1.916e-01 | Dynamic Loss: 1.916e-01 | Regularization Loss: 9.222e-07 | Val Loss: 2.070e-01 | Time: 9.63s
2025-08-20 02:45:23,806:INFO:New best model found at epoch 4350 with validation loss 2.070e-01. Saving...
2025-08-20 02:45:33,430:INFO:Epoch: 4400/40000 | Train Loss: 2.202e-01 | Dynamic Loss: 2.202e-01 | Regularization Loss: 7.002e-07 | Val Loss: 2.340e-01 | Time: 9.60s
2025-08-20 02:45:42,944:INFO:Epoch: 4450/40000 | Train Loss: 2.357e-01 | Dynamic Loss: 2.357e-01 | Regularization Loss: 6.963e-07 | Val Loss: 2.434e-01 | Time: 9.51s
2025-08-20 02:46:00,040:INFO:Epoch: 4500/40000 | Train Loss: 1.622e-01 | Dynamic Loss: 1.622e-01 | Regularization Loss: 6.496e-07 | Val Loss: 1.831e-01 | Time: 17.10s
2025-08-20 02:46:00,040:INFO:New best model found at epoch 4500 with validation loss 1.831e-01. Saving...
2025-08-20 02:46:09,815:INFO:Epoch: 4550/40000 | Train Loss: 1.905e-01 | Dynamic Loss: 1.905e-01 | Regularization Loss: 5.695e-07 | Val Loss: 2.020e-01 | Time: 9.76s
2025-08-20 02:46:19,451:INFO:Epoch: 4600/40000 | Train Loss: 2.112e-01 | Dynamic Loss: 2.112e-01 | Regularization Loss: 3.340e-07 | Val Loss: 2.261e-01 | Time: 9.64s
2025-08-20 02:46:28,986:INFO:Epoch: 4650/40000 | Train Loss: 2.249e-01 | Dynamic Loss: 2.249e-01 | Regularization Loss: 2.741e-07 | Val Loss: 2.459e-01 | Time: 9.53s
2025-08-20 02:46:38,504:INFO:Epoch: 4700/40000 | Train Loss: 2.294e-01 | Dynamic Loss: 2.294e-01 | Regularization Loss: 3.080e-07 | Val Loss: 2.366e-01 | Time: 9.52s
2025-08-20 02:46:48,141:INFO:Epoch: 4750/40000 | Train Loss: 2.708e-01 | Dynamic Loss: 2.708e-01 | Regularization Loss: 3.014e-07 | Val Loss: 2.809e-01 | Time: 9.64s
2025-08-20 02:46:57,706:INFO:Epoch: 4800/40000 | Train Loss: 3.714e-01 | Dynamic Loss: 3.714e-01 | Regularization Loss: 3.041e-07 | Val Loss: 4.168e-01 | Time: 9.56s
2025-08-20 02:47:07,310:INFO:Epoch: 4850/40000 | Train Loss: 6.863e-01 | Dynamic Loss: 6.863e-01 | Regularization Loss: 3.218e-07 | Val Loss: 1.001e+00 | Time: 9.60s
2025-08-20 02:47:17,534:INFO:Epoch: 4900/40000 | Train Loss: 1.565e-01 | Dynamic Loss: 1.565e-01 | Regularization Loss: 2.952e-07 | Val Loss: 1.772e-01 | Time: 10.22s
2025-08-20 02:47:17,534:INFO:New best model found at epoch 4900 with validation loss 1.772e-01. Saving...
2025-08-20 02:47:27,142:INFO:Epoch: 4950/40000 | Train Loss: 1.509e-01 | Dynamic Loss: 1.509e-01 | Regularization Loss: 2.590e-07 | Val Loss: 1.729e-01 | Time: 9.59s
2025-08-20 02:47:27,143:INFO:New best model found at epoch 4950 with validation loss 1.729e-01. Saving...
2025-08-20 02:47:36,819:INFO:Epoch: 5000/40000 | Train Loss: 4.324e-01 | Dynamic Loss: 4.324e-01 | Regularization Loss: 6.197e-07 | Val Loss: 4.806e-01 | Time: 9.66s
2025-08-20 02:47:46,437:INFO:Epoch: 5050/40000 | Train Loss: 2.885e-01 | Dynamic Loss: 2.885e-01 | Regularization Loss: 7.000e-07 | Val Loss: 3.148e-01 | Time: 9.62s
2025-08-20 02:47:55,998:INFO:Epoch: 5100/40000 | Train Loss: 1.732e-01 | Dynamic Loss: 1.732e-01 | Regularization Loss: 7.354e-07 | Val Loss: 2.193e-01 | Time: 9.56s
2025-08-20 02:48:08,419:INFO:Epoch: 5150/40000 | Train Loss: 2.431e-01 | Dynamic Loss: 2.431e-01 | Regularization Loss: 5.281e-07 | Val Loss: 2.656e-01 | Time: 12.42s
2025-08-20 02:48:17,905:INFO:Epoch: 5200/40000 | Train Loss: 2.414e-01 | Dynamic Loss: 2.414e-01 | Regularization Loss: 7.063e-07 | Val Loss: 3.108e-01 | Time: 9.49s
2025-08-20 02:48:27,536:INFO:Epoch: 5250/40000 | Train Loss: 1.954e-01 | Dynamic Loss: 1.954e-01 | Regularization Loss: 7.734e-07 | Val Loss: 2.227e-01 | Time: 9.63s
2025-08-20 02:48:37,120:INFO:Epoch: 5300/40000 | Train Loss: 2.021e-01 | Dynamic Loss: 2.021e-01 | Regularization Loss: 7.514e-07 | Val Loss: 2.269e-01 | Time: 9.58s
2025-08-20 02:48:46,696:INFO:Epoch: 5350/40000 | Train Loss: 2.406e-01 | Dynamic Loss: 2.406e-01 | Regularization Loss: 8.368e-07 | Val Loss: 2.674e-01 | Time: 9.58s
2025-08-20 02:49:03,627:INFO:Epoch: 5400/40000 | Train Loss: 2.805e-01 | Dynamic Loss: 2.805e-01 | Regularization Loss: 8.886e-07 | Val Loss: 2.789e-01 | Time: 16.93s
2025-08-20 02:49:13,151:INFO:Epoch: 5450/40000 | Train Loss: 1.182e+00 | Dynamic Loss: 1.182e+00 | Regularization Loss: 8.920e-07 | Val Loss: 1.007e+00 | Time: 9.52s
2025-08-20 02:49:22,646:INFO:Epoch: 5500/40000 | Train Loss: 2.785e+00 | Dynamic Loss: 2.785e+00 | Regularization Loss: 8.907e-07 | Val Loss: 2.697e+00 | Time: 9.50s
2025-08-20 02:49:35,265:INFO:Epoch: 5550/40000 | Train Loss: 1.599e-01 | Dynamic Loss: 1.599e-01 | Regularization Loss: 6.367e-07 | Val Loss: 1.812e-01 | Time: 12.62s
2025-08-20 02:49:45,046:INFO:Epoch: 5600/40000 | Train Loss: 5.310e-01 | Dynamic Loss: 5.310e-01 | Regularization Loss: 6.712e-07 | Val Loss: 5.805e-01 | Time: 9.78s
2025-08-20 02:49:54,816:INFO:Epoch: 5650/40000 | Train Loss: 1.981e-01 | Dynamic Loss: 1.981e-01 | Regularization Loss: 7.439e-07 | Val Loss: 2.226e-01 | Time: 9.77s
2025-08-20 02:50:04,392:INFO:Epoch: 5700/40000 | Train Loss: 1.607e-01 | Dynamic Loss: 1.607e-01 | Regularization Loss: 8.307e-07 | Val Loss: 1.871e-01 | Time: 9.58s
2025-08-20 02:50:14,932:INFO:Epoch: 5750/40000 | Train Loss: 1.594e-01 | Dynamic Loss: 1.594e-01 | Regularization Loss: 9.424e-07 | Val Loss: 1.741e-01 | Time: 10.54s
2025-08-20 02:50:32,347:INFO:Epoch: 5800/40000 | Train Loss: 1.497e-01 | Dynamic Loss: 1.497e-01 | Regularization Loss: 1.078e-06 | Val Loss: 1.767e-01 | Time: 17.41s
2025-08-20 02:50:41,895:INFO:Epoch: 5850/40000 | Train Loss: 3.500e-01 | Dynamic Loss: 3.500e-01 | Regularization Loss: 1.139e-06 | Val Loss: 3.211e-01 | Time: 9.55s
2025-08-20 02:50:51,848:INFO:Epoch: 5900/40000 | Train Loss: 1.878e-01 | Dynamic Loss: 1.878e-01 | Regularization Loss: 9.017e-07 | Val Loss: 2.261e-01 | Time: 9.95s
2025-08-20 02:51:01,603:INFO:Epoch: 5950/40000 | Train Loss: 2.135e-01 | Dynamic Loss: 2.135e-01 | Regularization Loss: 8.930e-07 | Val Loss: 2.628e-01 | Time: 9.76s
2025-08-20 02:51:11,340:INFO:Epoch: 6000/40000 | Train Loss: 1.339e+00 | Dynamic Loss: 1.339e+00 | Regularization Loss: 9.579e-07 | Val Loss: 1.172e+00 | Time: 9.74s
2025-08-20 02:51:21,089:INFO:Epoch: 6050/40000 | Train Loss: 1.322e-01 | Dynamic Loss: 1.322e-01 | Regularization Loss: 8.427e-07 | Val Loss: 1.572e-01 | Time: 9.75s
2025-08-20 02:51:21,090:INFO:New best model found at epoch 6050 with validation loss 1.572e-01. Saving...
2025-08-20 02:51:30,834:INFO:Epoch: 6100/40000 | Train Loss: 1.150e-01 | Dynamic Loss: 1.150e-01 | Regularization Loss: 9.577e-07 | Val Loss: 1.379e-01 | Time: 9.72s
2025-08-20 02:51:30,834:INFO:New best model found at epoch 6100 with validation loss 1.379e-01. Saving...
2025-08-20 02:51:40,454:INFO:Epoch: 6150/40000 | Train Loss: 2.644e-01 | Dynamic Loss: 2.644e-01 | Regularization Loss: 9.782e-07 | Val Loss: 2.728e-01 | Time: 9.60s
2025-08-20 02:51:50,182:INFO:Epoch: 6200/40000 | Train Loss: 1.934e-01 | Dynamic Loss: 1.934e-01 | Regularization Loss: 9.168e-07 | Val Loss: 2.112e-01 | Time: 9.73s
2025-08-20 02:51:59,820:INFO:Epoch: 6250/40000 | Train Loss: 1.554e-01 | Dynamic Loss: 1.554e-01 | Regularization Loss: 8.478e-07 | Val Loss: 1.811e-01 | Time: 9.64s
2025-08-20 02:52:09,403:INFO:Epoch: 6300/40000 | Train Loss: 2.357e-01 | Dynamic Loss: 2.357e-01 | Regularization Loss: 7.343e-07 | Val Loss: 2.252e-01 | Time: 9.58s
2025-08-20 02:52:26,761:INFO:Epoch: 6350/40000 | Train Loss: 5.245e-01 | Dynamic Loss: 5.245e-01 | Regularization Loss: 7.265e-07 | Val Loss: 5.484e-01 | Time: 17.36s
2025-08-20 02:52:36,250:INFO:Epoch: 6400/40000 | Train Loss: 1.649e-01 | Dynamic Loss: 1.649e-01 | Regularization Loss: 7.531e-07 | Val Loss: 1.813e-01 | Time: 9.49s
2025-08-20 02:52:45,884:INFO:Epoch: 6450/40000 | Train Loss: 1.235e-01 | Dynamic Loss: 1.235e-01 | Regularization Loss: 8.010e-07 | Val Loss: 1.447e-01 | Time: 9.63s
2025-08-20 02:52:55,429:INFO:Epoch: 6500/40000 | Train Loss: 3.078e-01 | Dynamic Loss: 3.078e-01 | Regularization Loss: 6.646e-07 | Val Loss: 3.120e-01 | Time: 9.55s
2025-08-20 02:53:04,906:INFO:Epoch: 6550/40000 | Train Loss: 1.127e-01 | Dynamic Loss: 1.127e-01 | Regularization Loss: 7.836e-07 | Val Loss: 1.346e-01 | Time: 9.48s
2025-08-20 02:53:04,906:INFO:New best model found at epoch 6550 with validation loss 1.346e-01. Saving...
2025-08-20 02:53:20,357:INFO:Epoch: 6600/40000 | Train Loss: 1.421e-01 | Dynamic Loss: 1.421e-01 | Regularization Loss: 8.196e-07 | Val Loss: 1.640e-01 | Time: 15.43s
2025-08-20 02:53:29,976:INFO:Epoch: 6650/40000 | Train Loss: 3.029e+00 | Dynamic Loss: 3.029e+00 | Regularization Loss: 5.951e-07 | Val Loss: 3.120e+00 | Time: 9.62s
2025-08-20 02:53:39,677:INFO:Epoch: 6700/40000 | Train Loss: 5.040e-01 | Dynamic Loss: 5.040e-01 | Regularization Loss: 3.659e-07 | Val Loss: 6.131e-01 | Time: 9.70s
2025-08-20 02:53:49,461:INFO:Epoch: 6750/40000 | Train Loss: 2.249e-01 | Dynamic Loss: 2.249e-01 | Regularization Loss: 4.102e-07 | Val Loss: 2.776e-01 | Time: 9.78s
2025-08-20 02:53:59,225:INFO:Epoch: 6800/40000 | Train Loss: 2.061e-01 | Dynamic Loss: 2.061e-01 | Regularization Loss: 4.857e-07 | Val Loss: 2.405e-01 | Time: 9.76s
2025-08-20 02:54:09,022:INFO:Epoch: 6850/40000 | Train Loss: 1.572e-01 | Dynamic Loss: 1.572e-01 | Regularization Loss: 5.086e-07 | Val Loss: 1.860e-01 | Time: 9.80s
2025-08-20 02:54:18,790:INFO:Epoch: 6900/40000 | Train Loss: 1.513e-01 | Dynamic Loss: 1.513e-01 | Regularization Loss: 6.363e-07 | Val Loss: 1.755e-01 | Time: 9.77s
2025-08-20 02:54:28,463:INFO:Epoch: 6950/40000 | Train Loss: 1.405e-01 | Dynamic Loss: 1.405e-01 | Regularization Loss: 7.732e-07 | Val Loss: 1.635e-01 | Time: 9.67s
2025-08-20 02:54:43,155:INFO:Epoch: 7000/40000 | Train Loss: 1.337e-01 | Dynamic Loss: 1.337e-01 | Regularization Loss: 7.299e-07 | Val Loss: 1.587e-01 | Time: 14.69s
2025-08-20 02:54:52,666:INFO:Epoch: 7050/40000 | Train Loss: 5.738e-01 | Dynamic Loss: 5.738e-01 | Regularization Loss: 8.811e-07 | Val Loss: 6.938e-01 | Time: 9.51s
2025-08-20 02:55:02,292:INFO:Epoch: 7100/40000 | Train Loss: 1.444e-01 | Dynamic Loss: 1.444e-01 | Regularization Loss: 7.736e-07 | Val Loss: 5.348e-01 | Time: 9.63s
2025-08-20 02:55:11,896:INFO:Epoch: 7150/40000 | Train Loss: 1.441e-01 | Dynamic Loss: 1.441e-01 | Regularization Loss: 8.813e-07 | Val Loss: 1.681e-01 | Time: 9.60s
2025-08-20 02:55:21,507:INFO:Epoch: 7200/40000 | Train Loss: 1.436e-01 | Dynamic Loss: 1.436e-01 | Regularization Loss: 1.086e-06 | Val Loss: 1.699e-01 | Time: 9.61s
2025-08-20 02:55:31,214:INFO:Epoch: 7250/40000 | Train Loss: 3.827e-01 | Dynamic Loss: 3.827e-01 | Regularization Loss: 1.339e-06 | Val Loss: 4.212e-01 | Time: 9.71s
2025-08-20 02:55:40,664:INFO:Epoch: 7300/40000 | Train Loss: 3.194e-01 | Dynamic Loss: 3.193e-01 | Regularization Loss: 1.351e-06 | Val Loss: 4.028e-01 | Time: 9.45s
2025-08-20 02:55:50,423:INFO:Epoch: 7350/40000 | Train Loss: 1.474e-01 | Dynamic Loss: 1.474e-01 | Regularization Loss: 1.599e-06 | Val Loss: 1.769e-01 | Time: 9.76s
2025-08-20 02:56:00,073:INFO:Epoch: 7400/40000 | Train Loss: 1.154e-01 | Dynamic Loss: 1.154e-01 | Regularization Loss: 1.824e-06 | Val Loss: 1.402e-01 | Time: 9.65s
2025-08-20 02:56:09,830:INFO:Epoch: 7450/40000 | Train Loss: 1.300e-01 | Dynamic Loss: 1.300e-01 | Regularization Loss: 2.019e-06 | Val Loss: 1.722e-01 | Time: 9.76s
2025-08-20 02:56:20,810:INFO:Epoch: 7500/40000 | Train Loss: 1.056e-01 | Dynamic Loss: 1.056e-01 | Regularization Loss: 1.972e-06 | Val Loss: 1.292e-01 | Time: 10.98s
2025-08-20 02:56:20,811:INFO:New best model found at epoch 7500 with validation loss 1.292e-01. Saving...
2025-08-20 02:56:30,501:INFO:Epoch: 7550/40000 | Train Loss: 4.992e-01 | Dynamic Loss: 4.992e-01 | Regularization Loss: 1.956e-06 | Val Loss: 5.168e-01 | Time: 9.67s
2025-08-20 02:56:40,152:INFO:Epoch: 7600/40000 | Train Loss: 2.330e-01 | Dynamic Loss: 2.330e-01 | Regularization Loss: 1.662e-06 | Val Loss: 2.903e-01 | Time: 9.65s
2025-08-20 02:56:51,689:INFO:Epoch: 7650/40000 | Train Loss: 1.830e-01 | Dynamic Loss: 1.830e-01 | Regularization Loss: 1.978e-06 | Val Loss: 2.094e-01 | Time: 11.54s
2025-08-20 02:57:01,437:INFO:Epoch: 7700/40000 | Train Loss: 3.297e-01 | Dynamic Loss: 3.297e-01 | Regularization Loss: 2.052e-06 | Val Loss: 3.745e-01 | Time: 9.75s
2025-08-20 02:57:11,265:INFO:Epoch: 7750/40000 | Train Loss: 1.377e-01 | Dynamic Loss: 1.377e-01 | Regularization Loss: 1.905e-06 | Val Loss: 1.687e-01 | Time: 9.83s
2025-08-20 02:57:20,912:INFO:Epoch: 7800/40000 | Train Loss: 1.135e-01 | Dynamic Loss: 1.135e-01 | Regularization Loss: 2.123e-06 | Val Loss: 1.418e-01 | Time: 9.65s
2025-08-20 02:57:30,563:INFO:Epoch: 7850/40000 | Train Loss: 1.014e-01 | Dynamic Loss: 1.014e-01 | Regularization Loss: 2.515e-06 | Val Loss: 1.270e-01 | Time: 9.65s
2025-08-20 02:57:30,563:INFO:New best model found at epoch 7850 with validation loss 1.270e-01. Saving...
2025-08-20 02:57:42,975:INFO:Epoch: 7900/40000 | Train Loss: 9.361e-02 | Dynamic Loss: 9.361e-02 | Regularization Loss: 2.868e-06 | Val Loss: 1.177e-01 | Time: 12.39s
2025-08-20 02:57:42,975:INFO:New best model found at epoch 7900 with validation loss 1.177e-01. Saving...
2025-08-20 02:57:52,683:INFO:Epoch: 7950/40000 | Train Loss: 1.148e-01 | Dynamic Loss: 1.148e-01 | Regularization Loss: 2.992e-06 | Val Loss: 1.309e-01 | Time: 9.68s
2025-08-20 02:58:02,507:INFO:Epoch: 8000/40000 | Train Loss: 8.577e-02 | Dynamic Loss: 8.577e-02 | Regularization Loss: 3.324e-06 | Val Loss: 1.089e-01 | Time: 9.82s
2025-08-20 02:58:02,507:INFO:New best model found at epoch 8000 with validation loss 1.089e-01. Saving...
2025-08-20 02:58:12,200:INFO:Epoch: 8050/40000 | Train Loss: 8.158e-02 | Dynamic Loss: 8.158e-02 | Regularization Loss: 3.670e-06 | Val Loss: 1.032e-01 | Time: 9.67s
2025-08-20 02:58:12,200:INFO:New best model found at epoch 8050 with validation loss 1.032e-01. Saving...
2025-08-20 02:58:21,887:INFO:Epoch: 8100/40000 | Train Loss: 1.169e-01 | Dynamic Loss: 1.169e-01 | Regularization Loss: 3.601e-06 | Val Loss: 1.391e-01 | Time: 9.67s
2025-08-20 02:58:36,400:INFO:Epoch: 8150/40000 | Train Loss: 1.117e-01 | Dynamic Loss: 1.117e-01 | Regularization Loss: 3.808e-06 | Val Loss: 1.207e-01 | Time: 14.51s
2025-08-20 02:58:46,058:INFO:Epoch: 8200/40000 | Train Loss: 7.610e-02 | Dynamic Loss: 7.609e-02 | Regularization Loss: 3.985e-06 | Val Loss: 9.843e-02 | Time: 9.66s
2025-08-20 02:58:46,058:INFO:New best model found at epoch 8200 with validation loss 9.843e-02. Saving...
2025-08-20 02:58:55,547:INFO:Epoch: 8250/40000 | Train Loss: 1.374e-01 | Dynamic Loss: 1.374e-01 | Regularization Loss: 4.330e-06 | Val Loss: 1.573e-01 | Time: 9.47s
2025-08-20 02:59:07,451:INFO:Epoch: 8300/40000 | Train Loss: 7.703e-02 | Dynamic Loss: 7.703e-02 | Regularization Loss: 3.603e-06 | Val Loss: 1.004e-01 | Time: 11.90s
2025-08-20 02:59:17,021:INFO:Epoch: 8350/40000 | Train Loss: 7.044e-02 | Dynamic Loss: 7.044e-02 | Regularization Loss: 3.943e-06 | Val Loss: 9.282e-02 | Time: 9.57s
2025-08-20 02:59:17,021:INFO:New best model found at epoch 8350 with validation loss 9.282e-02. Saving...
2025-08-20 02:59:26,731:INFO:Epoch: 8400/40000 | Train Loss: 2.259e-01 | Dynamic Loss: 2.259e-01 | Regularization Loss: 3.956e-06 | Val Loss: 1.998e-01 | Time: 9.69s
2025-08-20 02:59:36,374:INFO:Epoch: 8450/40000 | Train Loss: 2.964e-01 | Dynamic Loss: 2.964e-01 | Regularization Loss: 2.918e-06 | Val Loss: 3.374e-01 | Time: 9.64s
2025-08-20 02:59:46,045:INFO:Epoch: 8500/40000 | Train Loss: 1.373e-01 | Dynamic Loss: 1.373e-01 | Regularization Loss: 3.120e-06 | Val Loss: 1.343e-01 | Time: 9.67s
2025-08-20 02:59:55,765:INFO:Epoch: 8550/40000 | Train Loss: 3.931e-01 | Dynamic Loss: 3.931e-01 | Regularization Loss: 1.595e-05 | Val Loss: 4.484e-01 | Time: 9.72s
2025-08-20 03:00:05,407:INFO:Epoch: 8600/40000 | Train Loss: 2.223e-01 | Dynamic Loss: 2.223e-01 | Regularization Loss: 1.884e-05 | Val Loss: 2.596e-01 | Time: 9.64s
2025-08-20 03:00:15,044:INFO:Epoch: 8650/40000 | Train Loss: 2.611e+00 | Dynamic Loss: 2.611e+00 | Regularization Loss: 2.117e-05 | Val Loss: 2.628e+00 | Time: 9.64s
2025-08-20 03:00:24,853:INFO:Epoch: 8700/40000 | Train Loss: 1.096e+00 | Dynamic Loss: 1.096e+00 | Regularization Loss: 2.374e-05 | Val Loss: 1.309e+00 | Time: 9.81s
2025-08-20 03:00:34,573:INFO:Epoch: 8750/40000 | Train Loss: 5.219e-01 | Dynamic Loss: 5.219e-01 | Regularization Loss: 2.770e-05 | Val Loss: 5.230e-01 | Time: 9.72s
2025-08-20 03:00:44,190:INFO:Epoch: 8800/40000 | Train Loss: 2.561e-01 | Dynamic Loss: 2.561e-01 | Regularization Loss: 3.126e-05 | Val Loss: 2.791e-01 | Time: 9.62s
2025-08-20 03:00:54,359:INFO:Epoch: 8850/40000 | Train Loss: 2.421e-01 | Dynamic Loss: 2.421e-01 | Regularization Loss: 2.973e-05 | Val Loss: 2.608e-01 | Time: 10.17s
2025-08-20 03:01:03,985:INFO:Epoch: 8900/40000 | Train Loss: 1.620e-01 | Dynamic Loss: 1.619e-01 | Regularization Loss: 2.914e-05 | Val Loss: 1.875e-01 | Time: 9.63s
2025-08-20 03:01:13,932:INFO:Epoch: 8950/40000 | Train Loss: 1.325e-01 | Dynamic Loss: 1.325e-01 | Regularization Loss: 2.770e-05 | Val Loss: 1.548e-01 | Time: 9.95s
2025-08-20 03:01:23,515:INFO:Epoch: 9000/40000 | Train Loss: 1.154e-01 | Dynamic Loss: 1.154e-01 | Regularization Loss: 2.462e-05 | Val Loss: 1.378e-01 | Time: 9.58s
2025-08-20 03:01:33,541:INFO:Epoch: 9050/40000 | Train Loss: 1.015e-01 | Dynamic Loss: 1.015e-01 | Regularization Loss: 2.205e-05 | Val Loss: 1.217e-01 | Time: 10.03s
2025-08-20 03:01:45,327:INFO:Epoch: 9100/40000 | Train Loss: 9.614e-02 | Dynamic Loss: 9.612e-02 | Regularization Loss: 1.976e-05 | Val Loss: 1.178e-01 | Time: 11.79s
2025-08-20 03:01:54,890:INFO:Epoch: 9150/40000 | Train Loss: 2.307e-01 | Dynamic Loss: 2.307e-01 | Regularization Loss: 1.772e-05 | Val Loss: 2.238e-01 | Time: 9.56s
2025-08-20 03:02:04,618:INFO:Epoch: 9200/40000 | Train Loss: 8.729e-02 | Dynamic Loss: 8.728e-02 | Regularization Loss: 1.527e-05 | Val Loss: 1.074e-01 | Time: 9.73s
2025-08-20 03:02:14,376:INFO:Epoch: 9250/40000 | Train Loss: 9.404e-02 | Dynamic Loss: 9.402e-02 | Regularization Loss: 1.294e-05 | Val Loss: 1.146e-01 | Time: 9.76s
2025-08-20 03:02:24,028:INFO:Epoch: 9300/40000 | Train Loss: 7.890e-02 | Dynamic Loss: 7.889e-02 | Regularization Loss: 1.239e-05 | Val Loss: 9.788e-02 | Time: 9.65s
2025-08-20 03:02:40,559:INFO:Epoch: 9350/40000 | Train Loss: 9.086e-02 | Dynamic Loss: 9.085e-02 | Regularization Loss: 1.118e-05 | Val Loss: 1.025e-01 | Time: 16.53s
2025-08-20 03:02:50,163:INFO:Epoch: 9400/40000 | Train Loss: 8.936e-02 | Dynamic Loss: 8.936e-02 | Regularization Loss: 9.569e-06 | Val Loss: 1.092e-01 | Time: 9.60s
2025-08-20 03:02:59,836:INFO:Epoch: 9450/40000 | Train Loss: 7.044e-02 | Dynamic Loss: 7.043e-02 | Regularization Loss: 9.269e-06 | Val Loss: 8.922e-02 | Time: 9.67s
2025-08-20 03:02:59,836:INFO:New best model found at epoch 9450 with validation loss 8.922e-02. Saving...
2025-08-20 03:03:09,485:INFO:Epoch: 9500/40000 | Train Loss: 6.796e-02 | Dynamic Loss: 6.795e-02 | Regularization Loss: 8.271e-06 | Val Loss: 8.643e-02 | Time: 9.63s
2025-08-20 03:03:09,485:INFO:New best model found at epoch 9500 with validation loss 8.643e-02. Saving...
2025-08-20 03:03:19,314:INFO:Epoch: 9550/40000 | Train Loss: 7.037e-02 | Dynamic Loss: 7.036e-02 | Regularization Loss: 6.744e-06 | Val Loss: 9.001e-02 | Time: 9.81s
2025-08-20 03:03:33,341:INFO:Epoch: 9600/40000 | Train Loss: 6.435e-02 | Dynamic Loss: 6.435e-02 | Regularization Loss: 6.471e-06 | Val Loss: 8.222e-02 | Time: 14.03s
2025-08-20 03:03:33,342:INFO:New best model found at epoch 9600 with validation loss 8.222e-02. Saving...
2025-08-20 03:03:43,058:INFO:Epoch: 9650/40000 | Train Loss: 6.131e-02 | Dynamic Loss: 6.130e-02 | Regularization Loss: 5.881e-06 | Val Loss: 8.114e-02 | Time: 9.70s
2025-08-20 03:03:43,059:INFO:New best model found at epoch 9650 with validation loss 8.114e-02. Saving...
2025-08-20 03:03:52,803:INFO:Epoch: 9700/40000 | Train Loss: 6.024e-02 | Dynamic Loss: 6.023e-02 | Regularization Loss: 5.310e-06 | Val Loss: 7.822e-02 | Time: 9.72s
2025-08-20 03:03:52,803:INFO:New best model found at epoch 9700 with validation loss 7.822e-02. Saving...
2025-08-20 03:04:02,485:INFO:Epoch: 9750/40000 | Train Loss: 9.907e-01 | Dynamic Loss: 9.907e-01 | Regularization Loss: 4.874e-06 | Val Loss: 4.039e+00 | Time: 9.66s
2025-08-20 03:04:12,274:INFO:Epoch: 9800/40000 | Train Loss: 2.386e-01 | Dynamic Loss: 2.386e-01 | Regularization Loss: 3.620e-06 | Val Loss: 2.577e-01 | Time: 9.79s
2025-08-20 03:04:22,133:INFO:Epoch: 9850/40000 | Train Loss: 8.739e-02 | Dynamic Loss: 8.738e-02 | Regularization Loss: 3.368e-06 | Val Loss: 1.085e-01 | Time: 9.86s
2025-08-20 03:04:31,936:INFO:Epoch: 9900/40000 | Train Loss: 7.399e-02 | Dynamic Loss: 7.399e-02 | Regularization Loss: 3.385e-06 | Val Loss: 9.369e-02 | Time: 9.80s
2025-08-20 03:04:41,543:INFO:Epoch: 9950/40000 | Train Loss: 1.189e+00 | Dynamic Loss: 1.189e+00 | Regularization Loss: 2.745e-06 | Val Loss: 1.216e+00 | Time: 9.61s
2025-08-20 03:04:58,452:INFO:Epoch: 10000/40000 | Train Loss: 3.172e-01 | Dynamic Loss: 3.172e-01 | Regularization Loss: 1.968e-06 | Val Loss: 2.899e-01 | Time: 16.91s
2025-08-20 03:05:07,992:INFO:Epoch: 10050/40000 | Train Loss: 2.447e+00 | Dynamic Loss: 2.447e+00 | Regularization Loss: 1.375e-06 | Val Loss: 2.851e+00 | Time: 9.54s
2025-08-20 03:05:17,631:INFO:Epoch: 10100/40000 | Train Loss: 1.052e+00 | Dynamic Loss: 1.052e+00 | Regularization Loss: 9.785e-07 | Val Loss: 1.970e+00 | Time: 9.64s
2025-08-20 03:05:27,257:INFO:Epoch: 10150/40000 | Train Loss: 2.123e-01 | Dynamic Loss: 2.123e-01 | Regularization Loss: 7.833e-07 | Val Loss: 2.494e-01 | Time: 9.63s
2025-08-20 03:05:36,907:INFO:Epoch: 10200/40000 | Train Loss: 8.224e-01 | Dynamic Loss: 8.224e-01 | Regularization Loss: 7.516e-07 | Val Loss: 1.243e+00 | Time: 9.65s
2025-08-20 03:05:48,709:INFO:Epoch: 10250/40000 | Train Loss: 1.705e-01 | Dynamic Loss: 1.705e-01 | Regularization Loss: 7.303e-07 | Val Loss: 2.069e-01 | Time: 11.80s
2025-08-20 03:05:58,287:INFO:Epoch: 10300/40000 | Train Loss: 1.335e-01 | Dynamic Loss: 1.335e-01 | Regularization Loss: 7.452e-07 | Val Loss: 1.612e-01 | Time: 9.58s
2025-08-20 03:06:07,933:INFO:Epoch: 10350/40000 | Train Loss: 1.181e-01 | Dynamic Loss: 1.181e-01 | Regularization Loss: 7.865e-07 | Val Loss: 1.458e-01 | Time: 9.65s
2025-08-20 03:06:19,638:INFO:Epoch: 10400/40000 | Train Loss: 1.058e-01 | Dynamic Loss: 1.058e-01 | Regularization Loss: 8.591e-07 | Val Loss: 1.253e-01 | Time: 11.70s
2025-08-20 03:06:29,250:INFO:Epoch: 10450/40000 | Train Loss: 9.607e-02 | Dynamic Loss: 9.606e-02 | Regularization Loss: 9.477e-07 | Val Loss: 1.244e-01 | Time: 9.61s
2025-08-20 03:06:38,825:INFO:Epoch: 10500/40000 | Train Loss: 9.968e-02 | Dynamic Loss: 9.968e-02 | Regularization Loss: 1.091e-06 | Val Loss: 1.191e-01 | Time: 9.57s
2025-08-20 03:06:48,825:INFO:Epoch: 10550/40000 | Train Loss: 8.595e-02 | Dynamic Loss: 8.595e-02 | Regularization Loss: 1.110e-06 | Val Loss: 1.044e-01 | Time: 10.00s
2025-08-20 03:06:58,374:INFO:Epoch: 10600/40000 | Train Loss: 8.389e-02 | Dynamic Loss: 8.389e-02 | Regularization Loss: 1.045e-06 | Val Loss: 1.051e-01 | Time: 9.55s
2025-08-20 03:07:08,116:INFO:Epoch: 10650/40000 | Train Loss: 7.748e-02 | Dynamic Loss: 7.748e-02 | Regularization Loss: 1.099e-06 | Val Loss: 9.759e-02 | Time: 9.74s
2025-08-20 03:07:17,746:INFO:Epoch: 10700/40000 | Train Loss: 7.612e-02 | Dynamic Loss: 7.611e-02 | Regularization Loss: 1.244e-06 | Val Loss: 9.480e-02 | Time: 9.63s
2025-08-20 03:07:27,418:INFO:Epoch: 10750/40000 | Train Loss: 1.614e-01 | Dynamic Loss: 1.614e-01 | Regularization Loss: 1.376e-06 | Val Loss: 1.729e-01 | Time: 9.67s
2025-08-20 03:07:37,097:INFO:Epoch: 10800/40000 | Train Loss: 7.543e-02 | Dynamic Loss: 7.543e-02 | Regularization Loss: 1.481e-06 | Val Loss: 9.496e-02 | Time: 9.68s
2025-08-20 03:07:46,748:INFO:Epoch: 10850/40000 | Train Loss: 6.384e-02 | Dynamic Loss: 6.384e-02 | Regularization Loss: 1.640e-06 | Val Loss: 8.348e-02 | Time: 9.65s
2025-08-20 03:07:59,096:INFO:Epoch: 10900/40000 | Train Loss: 6.222e-02 | Dynamic Loss: 6.222e-02 | Regularization Loss: 1.831e-06 | Val Loss: 8.051e-02 | Time: 12.35s
2025-08-20 03:08:08,684:INFO:Epoch: 10950/40000 | Train Loss: 1.343e+00 | Dynamic Loss: 1.343e+00 | Regularization Loss: 1.531e-06 | Val Loss: 1.653e+00 | Time: 9.59s
2025-08-20 03:08:18,246:INFO:Epoch: 11000/40000 | Train Loss: 2.483e-01 | Dynamic Loss: 2.483e-01 | Regularization Loss: 1.241e-06 | Val Loss: 3.178e-01 | Time: 9.56s
2025-08-20 03:08:34,728:INFO:Epoch: 11050/40000 | Train Loss: 1.258e+00 | Dynamic Loss: 1.258e+00 | Regularization Loss: 1.435e-06 | Val Loss: 2.059e+00 | Time: 16.48s
2025-08-20 03:08:44,138:INFO:Epoch: 11100/40000 | Train Loss: 2.336e-01 | Dynamic Loss: 2.336e-01 | Regularization Loss: 1.587e-06 | Val Loss: 3.011e-01 | Time: 9.41s
2025-08-20 03:08:53,904:INFO:Epoch: 11150/40000 | Train Loss: 1.581e-01 | Dynamic Loss: 1.581e-01 | Regularization Loss: 1.833e-06 | Val Loss: 1.994e-01 | Time: 9.77s
2025-08-20 03:09:03,577:INFO:Epoch: 11200/40000 | Train Loss: 2.280e-01 | Dynamic Loss: 2.280e-01 | Regularization Loss: 1.683e-06 | Val Loss: 2.890e-01 | Time: 9.67s
2025-08-20 03:09:13,164:INFO:Epoch: 11250/40000 | Train Loss: 1.412e-01 | Dynamic Loss: 1.412e-01 | Regularization Loss: 1.853e-06 | Val Loss: 1.769e-01 | Time: 9.59s
2025-08-20 03:09:27,892:INFO:Epoch: 11300/40000 | Train Loss: 1.295e-01 | Dynamic Loss: 1.295e-01 | Regularization Loss: 2.108e-06 | Val Loss: 1.593e-01 | Time: 14.73s
2025-08-20 03:09:37,628:INFO:Epoch: 11350/40000 | Train Loss: 1.132e-01 | Dynamic Loss: 1.132e-01 | Regularization Loss: 2.312e-06 | Val Loss: 1.404e-01 | Time: 9.74s
2025-08-20 03:09:47,363:INFO:Epoch: 11400/40000 | Train Loss: 1.039e-01 | Dynamic Loss: 1.039e-01 | Regularization Loss: 2.514e-06 | Val Loss: 1.289e-01 | Time: 9.73s
2025-08-20 03:09:57,039:INFO:Epoch: 11450/40000 | Train Loss: 9.472e-02 | Dynamic Loss: 9.471e-02 | Regularization Loss: 2.693e-06 | Val Loss: 1.183e-01 | Time: 9.68s
2025-08-20 03:10:06,743:INFO:Epoch: 11500/40000 | Train Loss: 9.512e-02 | Dynamic Loss: 9.512e-02 | Regularization Loss: 2.883e-06 | Val Loss: 1.207e-01 | Time: 9.70s
2025-08-20 03:10:16,441:INFO:Epoch: 11550/40000 | Train Loss: 8.294e-02 | Dynamic Loss: 8.293e-02 | Regularization Loss: 3.011e-06 | Val Loss: 1.062e-01 | Time: 9.70s
2025-08-20 03:10:26,096:INFO:Epoch: 11600/40000 | Train Loss: 7.635e-02 | Dynamic Loss: 7.635e-02 | Regularization Loss: 3.139e-06 | Val Loss: 9.832e-02 | Time: 9.66s
2025-08-20 03:10:36,112:INFO:Epoch: 11650/40000 | Train Loss: 7.164e-02 | Dynamic Loss: 7.163e-02 | Regularization Loss: 3.319e-06 | Val Loss: 9.359e-02 | Time: 10.02s
2025-08-20 03:10:53,639:INFO:Epoch: 11700/40000 | Train Loss: 7.819e-02 | Dynamic Loss: 7.819e-02 | Regularization Loss: 3.463e-06 | Val Loss: 9.570e-02 | Time: 17.53s
2025-08-20 03:11:03,310:INFO:Epoch: 11750/40000 | Train Loss: 7.032e-02 | Dynamic Loss: 7.031e-02 | Regularization Loss: 3.629e-06 | Val Loss: 8.936e-02 | Time: 9.67s
2025-08-20 03:11:13,111:INFO:Epoch: 11800/40000 | Train Loss: 6.087e-02 | Dynamic Loss: 6.086e-02 | Regularization Loss: 3.786e-06 | Val Loss: 8.262e-02 | Time: 9.80s
2025-08-20 03:11:22,796:INFO:Epoch: 11850/40000 | Train Loss: 5.859e-02 | Dynamic Loss: 5.859e-02 | Regularization Loss: 3.973e-06 | Val Loss: 8.193e-02 | Time: 9.68s
2025-08-20 03:11:32,480:INFO:Epoch: 11900/40000 | Train Loss: 5.763e-02 | Dynamic Loss: 5.762e-02 | Regularization Loss: 4.096e-06 | Val Loss: 7.779e-02 | Time: 9.68s
2025-08-20 03:11:32,481:INFO:New best model found at epoch 11900 with validation loss 7.779e-02. Saving...
2025-08-20 03:11:45,165:INFO:Epoch: 11950/40000 | Train Loss: 5.507e-02 | Dynamic Loss: 5.507e-02 | Regularization Loss: 4.274e-06 | Val Loss: 7.686e-02 | Time: 12.66s
2025-08-20 03:11:45,166:INFO:New best model found at epoch 11950 with validation loss 7.686e-02. Saving...
2025-08-20 03:11:54,711:INFO:Epoch: 12000/40000 | Train Loss: 5.323e-02 | Dynamic Loss: 5.323e-02 | Regularization Loss: 4.375e-06 | Val Loss: 7.851e-02 | Time: 9.53s
2025-08-20 03:12:04,073:INFO:Epoch: 12050/40000 | Train Loss: 6.489e-02 | Dynamic Loss: 6.489e-02 | Regularization Loss: 4.448e-06 | Val Loss: 8.395e-02 | Time: 9.36s
2025-08-20 03:12:14,499:INFO:Epoch: 12100/40000 | Train Loss: 3.221e+00 | Dynamic Loss: 3.221e+00 | Regularization Loss: 5.721e-06 | Val Loss: 3.376e+00 | Time: 10.43s
2025-08-20 03:12:24,143:INFO:Epoch: 12150/40000 | Train Loss: 2.367e+00 | Dynamic Loss: 2.367e+00 | Regularization Loss: 8.884e-06 | Val Loss: 2.920e+00 | Time: 9.64s
2025-08-20 03:12:33,977:INFO:Epoch: 12200/40000 | Train Loss: 1.757e+00 | Dynamic Loss: 1.757e+00 | Regularization Loss: 1.122e-05 | Val Loss: 1.881e+00 | Time: 9.83s
2025-08-20 03:12:43,803:INFO:Epoch: 12250/40000 | Train Loss: 1.194e+00 | Dynamic Loss: 1.194e+00 | Regularization Loss: 1.161e-05 | Val Loss: 1.363e+00 | Time: 9.83s
2025-08-20 03:12:53,448:INFO:Epoch: 12300/40000 | Train Loss: 9.244e-01 | Dynamic Loss: 9.244e-01 | Regularization Loss: 1.501e-05 | Val Loss: 1.071e+00 | Time: 9.64s
2025-08-20 03:13:08,583:INFO:Epoch: 12350/40000 | Train Loss: 8.258e-01 | Dynamic Loss: 8.258e-01 | Regularization Loss: 1.807e-05 | Val Loss: 9.601e-01 | Time: 15.13s
2025-08-20 03:13:18,247:INFO:Epoch: 12400/40000 | Train Loss: 6.823e-01 | Dynamic Loss: 6.822e-01 | Regularization Loss: 2.112e-05 | Val Loss: 7.797e-01 | Time: 9.66s
2025-08-20 03:13:27,968:INFO:Epoch: 12450/40000 | Train Loss: 5.904e-01 | Dynamic Loss: 5.904e-01 | Regularization Loss: 2.582e-05 | Val Loss: 6.787e-01 | Time: 9.72s
2025-08-20 03:13:37,634:INFO:Epoch: 12500/40000 | Train Loss: 8.580e-01 | Dynamic Loss: 8.579e-01 | Regularization Loss: 2.660e-05 | Val Loss: 1.250e+00 | Time: 9.67s
2025-08-20 03:13:47,327:INFO:Epoch: 12550/40000 | Train Loss: 4.774e-01 | Dynamic Loss: 4.774e-01 | Regularization Loss: 2.870e-05 | Val Loss: 5.673e-01 | Time: 9.69s
2025-08-20 03:13:57,266:INFO:Epoch: 12600/40000 | Train Loss: 4.447e-01 | Dynamic Loss: 4.447e-01 | Regularization Loss: 3.422e-05 | Val Loss: 5.150e-01 | Time: 9.94s
2025-08-20 03:14:06,924:INFO:Epoch: 12650/40000 | Train Loss: 3.117e+00 | Dynamic Loss: 3.117e+00 | Regularization Loss: 2.092e-04 | Val Loss: 3.399e+00 | Time: 9.66s
2025-08-20 03:14:16,636:INFO:Epoch: 12700/40000 | Train Loss: 1.979e+00 | Dynamic Loss: 1.978e+00 | Regularization Loss: 2.404e-04 | Val Loss: 2.708e+00 | Time: 9.71s
2025-08-20 03:14:33,868:INFO:Epoch: 12750/40000 | Train Loss: 1.457e+00 | Dynamic Loss: 1.457e+00 | Regularization Loss: 1.747e-04 | Val Loss: 1.772e+00 | Time: 17.23s
2025-08-20 03:14:43,587:INFO:Epoch: 12800/40000 | Train Loss: 1.023e+00 | Dynamic Loss: 1.022e+00 | Regularization Loss: 1.106e-04 | Val Loss: 1.322e+00 | Time: 9.72s
2025-08-20 03:14:53,386:INFO:Epoch: 12850/40000 | Train Loss: 8.099e-01 | Dynamic Loss: 8.098e-01 | Regularization Loss: 7.431e-05 | Val Loss: 9.326e-01 | Time: 9.80s
2025-08-20 03:15:03,076:INFO:Epoch: 12900/40000 | Train Loss: 4.073e+00 | Dynamic Loss: 4.073e+00 | Regularization Loss: 7.170e-05 | Val Loss: 4.358e+00 | Time: 9.69s
2025-08-20 03:15:12,807:INFO:Epoch: 12950/40000 | Train Loss: 1.256e+00 | Dynamic Loss: 1.256e+00 | Regularization Loss: 1.210e-04 | Val Loss: 1.666e+00 | Time: 9.73s
2025-08-20 03:15:25,270:INFO:Epoch: 13000/40000 | Train Loss: 7.163e-01 | Dynamic Loss: 7.162e-01 | Regularization Loss: 1.034e-04 | Val Loss: 8.390e-01 | Time: 12.46s
2025-08-20 03:15:34,915:INFO:Epoch: 13050/40000 | Train Loss: 6.263e-01 | Dynamic Loss: 6.262e-01 | Regularization Loss: 9.244e-05 | Val Loss: 7.428e-01 | Time: 9.64s
2025-08-20 03:15:44,647:INFO:Epoch: 13100/40000 | Train Loss: 5.857e-01 | Dynamic Loss: 5.856e-01 | Regularization Loss: 7.186e-05 | Val Loss: 6.863e-01 | Time: 9.73s
2025-08-20 03:15:55,059:INFO:Epoch: 13150/40000 | Train Loss: 5.296e-01 | Dynamic Loss: 5.295e-01 | Regularization Loss: 7.211e-05 | Val Loss: 6.172e-01 | Time: 10.41s
2025-08-20 03:16:04,686:INFO:Epoch: 13200/40000 | Train Loss: 4.997e-01 | Dynamic Loss: 4.997e-01 | Regularization Loss: 6.379e-05 | Val Loss: 5.818e-01 | Time: 9.63s
2025-08-20 03:16:14,377:INFO:Epoch: 13250/40000 | Train Loss: 4.778e-01 | Dynamic Loss: 4.777e-01 | Regularization Loss: 5.708e-05 | Val Loss: 5.621e-01 | Time: 9.69s
2025-08-20 03:16:24,026:INFO:Epoch: 13300/40000 | Train Loss: 4.381e-01 | Dynamic Loss: 4.381e-01 | Regularization Loss: 4.270e-05 | Val Loss: 5.150e-01 | Time: 9.65s
2025-08-20 03:16:34,091:INFO:Epoch: 13350/40000 | Train Loss: 4.188e-01 | Dynamic Loss: 4.188e-01 | Regularization Loss: 4.209e-05 | Val Loss: 4.876e-01 | Time: 10.07s
2025-08-20 03:16:49,029:INFO:Epoch: 13400/40000 | Train Loss: 4.207e-01 | Dynamic Loss: 4.206e-01 | Regularization Loss: 4.027e-05 | Val Loss: 4.680e-01 | Time: 14.94s
2025-08-20 03:16:58,394:INFO:Epoch: 13450/40000 | Train Loss: 3.749e-01 | Dynamic Loss: 3.749e-01 | Regularization Loss: 3.183e-05 | Val Loss: 4.395e-01 | Time: 9.37s
2025-08-20 03:17:07,993:INFO:Epoch: 13500/40000 | Train Loss: 3.697e-01 | Dynamic Loss: 3.697e-01 | Regularization Loss: 2.717e-05 | Val Loss: 4.281e-01 | Time: 9.60s
2025-08-20 03:17:19,289:INFO:Epoch: 13550/40000 | Train Loss: 3.674e-01 | Dynamic Loss: 3.674e-01 | Regularization Loss: 2.558e-05 | Val Loss: 4.114e-01 | Time: 11.30s
2025-08-20 03:17:28,916:INFO:Epoch: 13600/40000 | Train Loss: 3.467e-01 | Dynamic Loss: 3.466e-01 | Regularization Loss: 2.248e-05 | Val Loss: 4.078e-01 | Time: 9.63s
2025-08-20 03:17:38,560:INFO:Epoch: 13650/40000 | Train Loss: 1.164e+00 | Dynamic Loss: 1.164e+00 | Regularization Loss: 5.398e-05 | Val Loss: 1.709e+00 | Time: 9.64s
2025-08-20 03:17:48,892:INFO:Epoch: 13700/40000 | Train Loss: 4.020e-01 | Dynamic Loss: 4.020e-01 | Regularization Loss: 5.020e-05 | Val Loss: 4.658e-01 | Time: 10.33s
2025-08-20 03:17:58,458:INFO:Epoch: 13750/40000 | Train Loss: 3.437e-01 | Dynamic Loss: 3.437e-01 | Regularization Loss: 4.349e-05 | Val Loss: 3.915e-01 | Time: 9.57s
2025-08-20 03:18:08,512:INFO:Epoch: 13800/40000 | Train Loss: 2.077e+00 | Dynamic Loss: 2.077e+00 | Regularization Loss: 2.984e-05 | Val Loss: 2.390e+00 | Time: 10.05s
2025-08-20 03:18:18,166:INFO:Epoch: 13850/40000 | Train Loss: 3.635e-01 | Dynamic Loss: 3.635e-01 | Regularization Loss: 4.107e-05 | Val Loss: 4.393e-01 | Time: 9.65s
2025-08-20 03:18:27,937:INFO:Epoch: 13900/40000 | Train Loss: 3.086e-01 | Dynamic Loss: 3.086e-01 | Regularization Loss: 3.899e-05 | Val Loss: 3.636e-01 | Time: 9.77s
2025-08-20 03:18:37,425:INFO:Epoch: 13950/40000 | Train Loss: 2.828e-01 | Dynamic Loss: 2.828e-01 | Regularization Loss: 3.354e-05 | Val Loss: 3.389e-01 | Time: 9.49s
2025-08-20 03:18:47,033:INFO:Epoch: 14000/40000 | Train Loss: 2.648e-01 | Dynamic Loss: 2.648e-01 | Regularization Loss: 2.941e-05 | Val Loss: 3.192e-01 | Time: 9.61s
2025-08-20 03:18:56,814:INFO:Epoch: 14050/40000 | Train Loss: 2.576e-01 | Dynamic Loss: 2.576e-01 | Regularization Loss: 2.596e-05 | Val Loss: 3.157e-01 | Time: 9.78s
2025-08-20 03:19:06,514:INFO:Epoch: 14100/40000 | Train Loss: 2.339e-01 | Dynamic Loss: 2.339e-01 | Regularization Loss: 2.307e-05 | Val Loss: 2.792e-01 | Time: 9.70s
2025-08-20 03:19:16,142:INFO:Epoch: 14150/40000 | Train Loss: 2.368e-01 | Dynamic Loss: 2.368e-01 | Regularization Loss: 2.018e-05 | Val Loss: 2.713e-01 | Time: 9.63s
2025-08-20 03:19:29,696:INFO:Epoch: 14200/40000 | Train Loss: 2.497e-01 | Dynamic Loss: 2.496e-01 | Regularization Loss: 1.867e-05 | Val Loss: 2.810e-01 | Time: 13.55s
2025-08-20 03:19:39,371:INFO:Epoch: 14250/40000 | Train Loss: 2.072e-01 | Dynamic Loss: 2.072e-01 | Regularization Loss: 1.695e-05 | Val Loss: 2.446e-01 | Time: 9.67s
2025-08-20 03:19:49,037:INFO:Epoch: 14300/40000 | Train Loss: 1.988e-01 | Dynamic Loss: 1.987e-01 | Regularization Loss: 1.558e-05 | Val Loss: 2.398e-01 | Time: 9.67s
2025-08-20 03:19:58,688:INFO:Epoch: 14350/40000 | Train Loss: 1.900e-01 | Dynamic Loss: 1.899e-01 | Regularization Loss: 1.558e-05 | Val Loss: 2.284e-01 | Time: 9.65s
2025-08-20 03:20:08,352:INFO:Epoch: 14400/40000 | Train Loss: 1.840e-01 | Dynamic Loss: 1.840e-01 | Regularization Loss: 1.520e-05 | Val Loss: 2.251e-01 | Time: 9.66s
2025-08-20 03:20:18,045:INFO:Epoch: 14450/40000 | Train Loss: 1.794e-01 | Dynamic Loss: 1.793e-01 | Regularization Loss: 1.418e-05 | Val Loss: 2.124e-01 | Time: 9.69s
2025-08-20 03:20:27,652:INFO:Epoch: 14500/40000 | Train Loss: 2.355e+00 | Dynamic Loss: 2.355e+00 | Regularization Loss: 6.398e-05 | Val Loss: 2.474e+00 | Time: 9.61s
2025-08-20 03:20:37,270:INFO:Epoch: 14550/40000 | Train Loss: 5.212e-01 | Dynamic Loss: 5.211e-01 | Regularization Loss: 1.448e-04 | Val Loss: 5.773e-01 | Time: 9.62s
2025-08-20 03:20:51,166:INFO:Epoch: 14600/40000 | Train Loss: 2.879e-01 | Dynamic Loss: 2.878e-01 | Regularization Loss: 9.206e-05 | Val Loss: 3.344e-01 | Time: 13.90s
2025-08-20 03:21:00,848:INFO:Epoch: 14650/40000 | Train Loss: 2.469e-01 | Dynamic Loss: 2.469e-01 | Regularization Loss: 6.729e-05 | Val Loss: 3.152e-01 | Time: 9.68s
2025-08-20 03:21:10,607:INFO:Epoch: 14700/40000 | Train Loss: 2.284e-01 | Dynamic Loss: 2.283e-01 | Regularization Loss: 5.086e-05 | Val Loss: 2.696e-01 | Time: 9.76s
2025-08-20 03:21:20,263:INFO:Epoch: 14750/40000 | Train Loss: 7.004e-01 | Dynamic Loss: 7.002e-01 | Regularization Loss: 2.014e-04 | Val Loss: 8.301e-01 | Time: 9.66s
2025-08-20 03:21:29,970:INFO:Epoch: 14800/40000 | Train Loss: 2.844e-01 | Dynamic Loss: 2.843e-01 | Regularization Loss: 1.151e-04 | Val Loss: 3.460e-01 | Time: 9.71s
2025-08-20 03:21:39,768:INFO:Epoch: 14850/40000 | Train Loss: 2.281e-01 | Dynamic Loss: 2.280e-01 | Regularization Loss: 7.440e-05 | Val Loss: 2.768e-01 | Time: 9.80s
2025-08-20 03:21:49,416:INFO:Epoch: 14900/40000 | Train Loss: 2.157e-01 | Dynamic Loss: 2.157e-01 | Regularization Loss: 5.311e-05 | Val Loss: 2.416e-01 | Time: 9.65s
2025-08-20 03:21:59,128:INFO:Epoch: 14950/40000 | Train Loss: 1.845e-01 | Dynamic Loss: 1.845e-01 | Regularization Loss: 4.124e-05 | Val Loss: 2.266e-01 | Time: 9.71s
2025-08-20 03:22:08,815:INFO:Epoch: 15000/40000 | Train Loss: 2.069e-01 | Dynamic Loss: 2.069e-01 | Regularization Loss: 3.473e-05 | Val Loss: 2.466e-01 | Time: 9.69s
2025-08-20 03:22:18,487:INFO:Epoch: 15050/40000 | Train Loss: 1.699e-01 | Dynamic Loss: 1.699e-01 | Regularization Loss: 2.899e-05 | Val Loss: 2.132e-01 | Time: 9.67s
2025-08-20 03:22:29,136:INFO:Epoch: 15100/40000 | Train Loss: 1.784e-01 | Dynamic Loss: 1.783e-01 | Regularization Loss: 2.524e-05 | Val Loss: 2.159e-01 | Time: 10.65s
2025-08-20 03:22:38,738:INFO:Epoch: 15150/40000 | Train Loss: 1.557e-01 | Dynamic Loss: 1.556e-01 | Regularization Loss: 2.197e-05 | Val Loss: 1.900e-01 | Time: 9.60s
2025-08-20 03:22:48,410:INFO:Epoch: 15200/40000 | Train Loss: 1.486e-01 | Dynamic Loss: 1.486e-01 | Regularization Loss: 1.945e-05 | Val Loss: 1.940e-01 | Time: 9.67s
2025-08-20 03:22:58,212:INFO:Epoch: 15250/40000 | Train Loss: 1.486e-01 | Dynamic Loss: 1.486e-01 | Regularization Loss: 1.752e-05 | Val Loss: 1.722e-01 | Time: 9.80s
2025-08-20 03:23:07,878:INFO:Epoch: 15300/40000 | Train Loss: 1.368e-01 | Dynamic Loss: 1.368e-01 | Regularization Loss: 1.570e-05 | Val Loss: 1.664e-01 | Time: 9.67s
2025-08-20 03:23:17,709:INFO:Epoch: 15350/40000 | Train Loss: 1.333e-01 | Dynamic Loss: 1.333e-01 | Regularization Loss: 1.405e-05 | Val Loss: 1.773e-01 | Time: 9.83s
2025-08-20 03:23:27,460:INFO:Epoch: 15400/40000 | Train Loss: 1.228e-01 | Dynamic Loss: 1.228e-01 | Regularization Loss: 1.286e-05 | Val Loss: 1.584e-01 | Time: 9.75s
2025-08-20 03:23:37,088:INFO:Epoch: 15450/40000 | Train Loss: 1.206e-01 | Dynamic Loss: 1.206e-01 | Regularization Loss: 1.166e-05 | Val Loss: 1.462e-01 | Time: 9.63s
2025-08-20 03:23:49,499:INFO:Epoch: 15500/40000 | Train Loss: 1.182e-01 | Dynamic Loss: 1.182e-01 | Regularization Loss: 1.070e-05 | Val Loss: 1.479e-01 | Time: 12.41s
2025-08-20 03:23:59,088:INFO:Epoch: 15550/40000 | Train Loss: 1.171e-01 | Dynamic Loss: 1.171e-01 | Regularization Loss: 9.737e-06 | Val Loss: 1.395e-01 | Time: 9.59s
2025-08-20 03:24:08,858:INFO:Epoch: 15600/40000 | Train Loss: 1.528e-01 | Dynamic Loss: 1.528e-01 | Regularization Loss: 8.940e-06 | Val Loss: 1.558e-01 | Time: 9.77s
2025-08-20 03:24:18,657:INFO:Epoch: 15650/40000 | Train Loss: 1.044e-01 | Dynamic Loss: 1.044e-01 | Regularization Loss: 8.116e-06 | Val Loss: 1.297e-01 | Time: 9.80s
2025-08-20 03:24:28,283:INFO:Epoch: 15700/40000 | Train Loss: 9.718e-02 | Dynamic Loss: 9.717e-02 | Regularization Loss: 7.622e-06 | Val Loss: 1.258e-01 | Time: 9.63s
2025-08-20 03:24:39,816:INFO:Epoch: 15750/40000 | Train Loss: 1.137e-01 | Dynamic Loss: 1.137e-01 | Regularization Loss: 7.048e-06 | Val Loss: 1.466e-01 | Time: 11.53s
2025-08-20 03:24:49,397:INFO:Epoch: 15800/40000 | Train Loss: 9.373e-02 | Dynamic Loss: 9.372e-02 | Regularization Loss: 6.433e-06 | Val Loss: 1.200e-01 | Time: 9.58s
2025-08-20 03:24:59,120:INFO:Epoch: 15850/40000 | Train Loss: 1.078e-01 | Dynamic Loss: 1.078e-01 | Regularization Loss: 6.022e-06 | Val Loss: 1.383e-01 | Time: 9.72s
2025-08-20 03:25:08,732:INFO:Epoch: 15900/40000 | Train Loss: 8.617e-02 | Dynamic Loss: 8.616e-02 | Regularization Loss: 5.763e-06 | Val Loss: 1.105e-01 | Time: 9.61s
2025-08-20 03:25:18,357:INFO:Epoch: 15950/40000 | Train Loss: 9.648e-02 | Dynamic Loss: 9.648e-02 | Regularization Loss: 5.436e-06 | Val Loss: 1.112e-01 | Time: 9.63s
2025-08-20 03:25:28,059:INFO:Epoch: 16000/40000 | Train Loss: 8.652e-02 | Dynamic Loss: 8.652e-02 | Regularization Loss: 5.019e-06 | Val Loss: 1.088e-01 | Time: 9.70s
2025-08-20 03:25:37,668:INFO:Epoch: 16050/40000 | Train Loss: 8.361e-02 | Dynamic Loss: 8.361e-02 | Regularization Loss: 4.693e-06 | Val Loss: 1.049e-01 | Time: 9.61s
2025-08-20 03:25:47,802:INFO:Epoch: 16100/40000 | Train Loss: 8.976e-02 | Dynamic Loss: 8.976e-02 | Regularization Loss: 4.405e-06 | Val Loss: 1.185e-01 | Time: 10.13s
2025-08-20 03:25:57,472:INFO:Epoch: 16150/40000 | Train Loss: 9.275e-02 | Dynamic Loss: 9.274e-02 | Regularization Loss: 4.216e-06 | Val Loss: 1.068e-01 | Time: 9.67s
2025-08-20 03:26:07,085:INFO:Epoch: 16200/40000 | Train Loss: 7.549e-02 | Dynamic Loss: 7.549e-02 | Regularization Loss: 4.170e-06 | Val Loss: 9.734e-02 | Time: 9.61s
2025-08-20 03:26:20,290:INFO:Epoch: 16250/40000 | Train Loss: 8.533e-02 | Dynamic Loss: 8.532e-02 | Regularization Loss: 4.043e-06 | Val Loss: 1.100e-01 | Time: 13.20s
2025-08-20 03:26:29,929:INFO:Epoch: 16300/40000 | Train Loss: 7.380e-02 | Dynamic Loss: 7.380e-02 | Regularization Loss: 4.010e-06 | Val Loss: 9.828e-02 | Time: 9.64s
2025-08-20 03:26:39,562:INFO:Epoch: 16350/40000 | Train Loss: 7.106e-02 | Dynamic Loss: 7.105e-02 | Regularization Loss: 3.844e-06 | Val Loss: 9.311e-02 | Time: 9.63s
2025-08-20 03:26:56,915:INFO:Epoch: 16400/40000 | Train Loss: 2.186e+00 | Dynamic Loss: 2.186e+00 | Regularization Loss: 4.693e-05 | Val Loss: 2.666e+00 | Time: 17.35s
2025-08-20 03:27:06,556:INFO:Epoch: 16450/40000 | Train Loss: 1.157e+00 | Dynamic Loss: 1.157e+00 | Regularization Loss: 1.459e-04 | Val Loss: 1.307e+00 | Time: 9.64s
2025-08-20 03:27:16,259:INFO:Epoch: 16500/40000 | Train Loss: 6.614e-01 | Dynamic Loss: 6.613e-01 | Regularization Loss: 8.820e-05 | Val Loss: 7.207e-01 | Time: 9.70s
2025-08-20 03:27:25,987:INFO:Epoch: 16550/40000 | Train Loss: 4.919e-01 | Dynamic Loss: 4.919e-01 | Regularization Loss: 5.678e-05 | Val Loss: 5.359e-01 | Time: 9.73s
2025-08-20 03:27:35,655:INFO:Epoch: 16600/40000 | Train Loss: 4.200e-01 | Dynamic Loss: 4.200e-01 | Regularization Loss: 4.298e-05 | Val Loss: 4.566e-01 | Time: 9.67s
2025-08-20 03:27:51,182:INFO:Epoch: 16650/40000 | Train Loss: 3.521e-01 | Dynamic Loss: 3.521e-01 | Regularization Loss: 4.197e-05 | Val Loss: 3.744e-01 | Time: 15.53s
2025-08-20 03:28:00,892:INFO:Epoch: 16700/40000 | Train Loss: 3.398e-01 | Dynamic Loss: 3.397e-01 | Regularization Loss: 3.694e-05 | Val Loss: 3.356e-01 | Time: 9.71s
2025-08-20 03:28:10,649:INFO:Epoch: 16750/40000 | Train Loss: 2.805e-01 | Dynamic Loss: 2.804e-01 | Regularization Loss: 3.510e-05 | Val Loss: 2.965e-01 | Time: 9.76s
2025-08-20 03:28:20,264:INFO:Epoch: 16800/40000 | Train Loss: 2.634e-01 | Dynamic Loss: 2.633e-01 | Regularization Loss: 3.109e-05 | Val Loss: 2.803e-01 | Time: 9.61s
2025-08-20 03:28:29,928:INFO:Epoch: 16850/40000 | Train Loss: 2.304e-01 | Dynamic Loss: 2.303e-01 | Regularization Loss: 2.638e-05 | Val Loss: 2.471e-01 | Time: 9.66s
2025-08-20 03:28:39,682:INFO:Epoch: 16900/40000 | Train Loss: 2.122e-01 | Dynamic Loss: 2.122e-01 | Regularization Loss: 2.321e-05 | Val Loss: 2.313e-01 | Time: 9.75s
2025-08-20 03:28:49,293:INFO:Epoch: 16950/40000 | Train Loss: 2.203e-01 | Dynamic Loss: 2.203e-01 | Regularization Loss: 2.166e-05 | Val Loss: 2.436e-01 | Time: 9.61s
2025-08-20 03:28:58,998:INFO:Epoch: 17000/40000 | Train Loss: 1.994e-01 | Dynamic Loss: 1.994e-01 | Regularization Loss: 1.959e-05 | Val Loss: 2.118e-01 | Time: 9.71s
2025-08-20 03:29:08,702:INFO:Epoch: 17050/40000 | Train Loss: 1.856e-01 | Dynamic Loss: 1.856e-01 | Regularization Loss: 1.745e-05 | Val Loss: 2.080e-01 | Time: 9.70s
2025-08-20 03:29:18,310:INFO:Epoch: 17100/40000 | Train Loss: 1.721e-01 | Dynamic Loss: 1.721e-01 | Regularization Loss: 1.562e-05 | Val Loss: 1.952e-01 | Time: 9.61s
2025-08-20 03:29:32,598:INFO:Epoch: 17150/40000 | Train Loss: 1.669e-01 | Dynamic Loss: 1.669e-01 | Regularization Loss: 1.391e-05 | Val Loss: 1.931e-01 | Time: 14.29s
2025-08-20 03:29:42,265:INFO:Epoch: 17200/40000 | Train Loss: 1.726e-01 | Dynamic Loss: 1.726e-01 | Regularization Loss: 1.300e-05 | Val Loss: 1.830e-01 | Time: 9.67s
2025-08-20 03:29:51,850:INFO:Epoch: 17250/40000 | Train Loss: 1.518e-01 | Dynamic Loss: 1.518e-01 | Regularization Loss: 1.177e-05 | Val Loss: 1.681e-01 | Time: 9.59s
2025-08-20 03:30:02,883:INFO:Epoch: 17300/40000 | Train Loss: 1.887e-01 | Dynamic Loss: 1.887e-01 | Regularization Loss: 1.060e-05 | Val Loss: 1.985e-01 | Time: 11.03s
2025-08-20 03:30:12,527:INFO:Epoch: 17350/40000 | Train Loss: 1.490e-01 | Dynamic Loss: 1.490e-01 | Regularization Loss: 9.577e-06 | Val Loss: 1.664e-01 | Time: 9.64s
2025-08-20 03:30:22,235:INFO:Epoch: 17400/40000 | Train Loss: 1.561e-01 | Dynamic Loss: 1.561e-01 | Regularization Loss: 8.619e-06 | Val Loss: 1.627e-01 | Time: 9.71s
2025-08-20 03:30:31,802:INFO:Epoch: 17450/40000 | Train Loss: 1.459e-01 | Dynamic Loss: 1.459e-01 | Regularization Loss: 7.756e-06 | Val Loss: 1.620e-01 | Time: 9.57s
2025-08-20 03:30:41,455:INFO:Epoch: 17500/40000 | Train Loss: 1.286e-01 | Dynamic Loss: 1.286e-01 | Regularization Loss: 6.973e-06 | Val Loss: 1.493e-01 | Time: 9.65s
2025-08-20 03:30:51,106:INFO:Epoch: 17550/40000 | Train Loss: 1.199e-01 | Dynamic Loss: 1.199e-01 | Regularization Loss: 6.322e-06 | Val Loss: 1.484e-01 | Time: 9.65s
2025-08-20 03:31:00,705:INFO:Epoch: 17600/40000 | Train Loss: 1.335e-01 | Dynamic Loss: 1.335e-01 | Regularization Loss: 5.583e-06 | Val Loss: 1.678e-01 | Time: 9.60s
2025-08-20 03:31:14,991:INFO:Epoch: 17650/40000 | Train Loss: 1.440e-01 | Dynamic Loss: 1.440e-01 | Regularization Loss: 4.952e-06 | Val Loss: 1.419e-01 | Time: 14.29s
2025-08-20 03:31:24,707:INFO:Epoch: 17700/40000 | Train Loss: 1.079e-01 | Dynamic Loss: 1.079e-01 | Regularization Loss: 4.464e-06 | Val Loss: 1.344e-01 | Time: 9.72s
2025-08-20 03:31:34,383:INFO:Epoch: 17750/40000 | Train Loss: 1.093e-01 | Dynamic Loss: 1.093e-01 | Regularization Loss: 3.984e-06 | Val Loss: 1.353e-01 | Time: 9.68s
2025-08-20 03:31:51,606:INFO:Epoch: 17800/40000 | Train Loss: 1.070e-01 | Dynamic Loss: 1.070e-01 | Regularization Loss: 3.623e-06 | Val Loss: 1.275e-01 | Time: 17.22s
2025-08-20 03:32:01,184:INFO:Epoch: 17850/40000 | Train Loss: 1.101e-01 | Dynamic Loss: 1.101e-01 | Regularization Loss: 3.253e-06 | Val Loss: 1.355e-01 | Time: 9.58s
2025-08-20 03:32:10,896:INFO:Epoch: 17900/40000 | Train Loss: 1.065e-01 | Dynamic Loss: 1.065e-01 | Regularization Loss: 2.961e-06 | Val Loss: 1.335e-01 | Time: 9.71s
2025-08-20 03:32:20,499:INFO:Epoch: 17950/40000 | Train Loss: 1.032e-01 | Dynamic Loss: 1.032e-01 | Regularization Loss: 2.706e-06 | Val Loss: 1.216e-01 | Time: 9.60s
2025-08-20 03:32:30,015:INFO:Epoch: 18000/40000 | Train Loss: 9.380e-02 | Dynamic Loss: 9.380e-02 | Regularization Loss: 2.505e-06 | Val Loss: 1.224e-01 | Time: 9.52s
2025-08-20 03:32:44,620:INFO:Epoch: 18050/40000 | Train Loss: 9.655e-02 | Dynamic Loss: 9.655e-02 | Regularization Loss: 2.312e-06 | Val Loss: 1.221e-01 | Time: 14.61s
2025-08-20 03:32:54,312:INFO:Epoch: 18100/40000 | Train Loss: 9.899e-02 | Dynamic Loss: 9.898e-02 | Regularization Loss: 2.080e-06 | Val Loss: 1.332e-01 | Time: 9.69s
2025-08-20 03:33:04,038:INFO:Epoch: 18150/40000 | Train Loss: 9.709e-02 | Dynamic Loss: 9.709e-02 | Regularization Loss: 1.946e-06 | Val Loss: 1.160e-01 | Time: 9.73s
2025-08-20 03:33:19,553:INFO:Epoch: 18200/40000 | Train Loss: 1.054e-01 | Dynamic Loss: 1.054e-01 | Regularization Loss: 1.796e-06 | Val Loss: 1.331e-01 | Time: 15.52s
2025-08-20 03:33:29,172:INFO:Epoch: 18250/40000 | Train Loss: 8.732e-02 | Dynamic Loss: 8.732e-02 | Regularization Loss: 1.614e-06 | Val Loss: 1.186e-01 | Time: 9.62s
2025-08-20 03:33:38,901:INFO:Epoch: 18300/40000 | Train Loss: 8.304e-02 | Dynamic Loss: 8.304e-02 | Regularization Loss: 1.510e-06 | Val Loss: 1.091e-01 | Time: 9.73s
2025-08-20 03:33:48,352:INFO:Epoch: 18350/40000 | Train Loss: 9.928e-02 | Dynamic Loss: 9.928e-02 | Regularization Loss: 1.354e-06 | Val Loss: 1.107e-01 | Time: 9.45s
2025-08-20 03:33:57,984:INFO:Epoch: 18400/40000 | Train Loss: 8.556e-02 | Dynamic Loss: 8.556e-02 | Regularization Loss: 1.282e-06 | Val Loss: 1.103e-01 | Time: 9.63s
2025-08-20 03:34:13,135:INFO:Epoch: 18450/40000 | Train Loss: 7.481e-02 | Dynamic Loss: 7.481e-02 | Regularization Loss: 1.178e-06 | Val Loss: 1.015e-01 | Time: 15.15s
2025-08-20 03:34:22,852:INFO:Epoch: 18500/40000 | Train Loss: 8.210e-02 | Dynamic Loss: 8.210e-02 | Regularization Loss: 1.090e-06 | Val Loss: 1.089e-01 | Time: 9.72s
2025-08-20 03:34:32,511:INFO:Epoch: 18550/40000 | Train Loss: 7.682e-02 | Dynamic Loss: 7.682e-02 | Regularization Loss: 1.051e-06 | Val Loss: 1.040e-01 | Time: 9.66s
2025-08-20 03:34:43,495:INFO:Epoch: 18600/40000 | Train Loss: 7.589e-02 | Dynamic Loss: 7.589e-02 | Regularization Loss: 9.848e-07 | Val Loss: 9.790e-02 | Time: 10.98s
2025-08-20 03:34:52,977:INFO:Epoch: 18650/40000 | Train Loss: 7.296e-02 | Dynamic Loss: 7.295e-02 | Regularization Loss: 9.300e-07 | Val Loss: 1.016e-01 | Time: 9.48s
2025-08-20 03:35:02,756:INFO:Epoch: 18700/40000 | Train Loss: 7.727e-02 | Dynamic Loss: 7.727e-02 | Regularization Loss: 9.055e-07 | Val Loss: 1.023e-01 | Time: 9.78s
2025-08-20 03:35:12,729:INFO:Epoch: 18750/40000 | Train Loss: 8.765e-02 | Dynamic Loss: 8.765e-02 | Regularization Loss: 8.296e-07 | Val Loss: 1.330e-01 | Time: 9.97s
2025-08-20 03:35:22,460:INFO:Epoch: 18800/40000 | Train Loss: 7.716e-02 | Dynamic Loss: 7.716e-02 | Regularization Loss: 8.147e-07 | Val Loss: 1.076e-01 | Time: 9.73s
2025-08-20 03:35:32,081:INFO:Epoch: 18850/40000 | Train Loss: 6.939e-02 | Dynamic Loss: 6.939e-02 | Regularization Loss: 7.510e-07 | Val Loss: 9.760e-02 | Time: 9.62s
2025-08-20 03:35:41,727:INFO:Epoch: 18900/40000 | Train Loss: 7.245e-02 | Dynamic Loss: 7.245e-02 | Regularization Loss: 7.630e-07 | Val Loss: 9.942e-02 | Time: 9.64s
2025-08-20 03:35:56,200:INFO:Epoch: 18950/40000 | Train Loss: 8.702e-02 | Dynamic Loss: 8.702e-02 | Regularization Loss: 7.336e-07 | Val Loss: 1.348e-01 | Time: 14.47s
2025-08-20 03:36:05,856:INFO:Epoch: 19000/40000 | Train Loss: 6.710e-02 | Dynamic Loss: 6.710e-02 | Regularization Loss: 6.934e-07 | Val Loss: 9.566e-02 | Time: 9.66s
2025-08-20 03:36:15,559:INFO:Epoch: 19050/40000 | Train Loss: 7.746e-02 | Dynamic Loss: 7.746e-02 | Regularization Loss: 6.538e-07 | Val Loss: 9.723e-02 | Time: 9.70s
2025-08-20 03:36:32,693:INFO:Epoch: 19100/40000 | Train Loss: 6.288e-02 | Dynamic Loss: 6.288e-02 | Regularization Loss: 6.350e-07 | Val Loss: 8.567e-02 | Time: 17.13s
2025-08-20 03:36:42,387:INFO:Epoch: 19150/40000 | Train Loss: 7.325e-02 | Dynamic Loss: 7.325e-02 | Regularization Loss: 5.663e-07 | Val Loss: 9.081e-02 | Time: 9.69s
2025-08-20 03:36:52,118:INFO:Epoch: 19200/40000 | Train Loss: 7.041e-02 | Dynamic Loss: 7.041e-02 | Regularization Loss: 5.461e-07 | Val Loss: 8.709e-02 | Time: 9.73s
2025-08-20 03:37:01,804:INFO:Epoch: 19250/40000 | Train Loss: 5.743e-02 | Dynamic Loss: 5.743e-02 | Regularization Loss: 5.679e-07 | Val Loss: 8.350e-02 | Time: 9.69s
2025-08-20 03:37:11,607:INFO:Epoch: 19300/40000 | Train Loss: 6.998e-02 | Dynamic Loss: 6.998e-02 | Regularization Loss: 5.357e-07 | Val Loss: 8.898e-02 | Time: 9.80s
2025-08-20 03:37:26,183:INFO:Epoch: 19350/40000 | Train Loss: 6.571e-02 | Dynamic Loss: 6.571e-02 | Regularization Loss: 4.825e-07 | Val Loss: 8.891e-02 | Time: 14.58s
2025-08-20 03:37:35,927:INFO:Epoch: 19400/40000 | Train Loss: 5.785e-02 | Dynamic Loss: 5.785e-02 | Regularization Loss: 4.508e-07 | Val Loss: 8.283e-02 | Time: 9.74s
2025-08-20 03:37:45,631:INFO:Epoch: 19450/40000 | Train Loss: 6.370e-02 | Dynamic Loss: 6.370e-02 | Regularization Loss: 3.985e-07 | Val Loss: 1.052e-01 | Time: 9.70s
2025-08-20 03:37:55,330:INFO:Epoch: 19500/40000 | Train Loss: 5.421e-02 | Dynamic Loss: 5.421e-02 | Regularization Loss: 4.334e-07 | Val Loss: 7.998e-02 | Time: 9.70s
2025-08-20 03:38:05,043:INFO:Epoch: 19550/40000 | Train Loss: 5.287e-02 | Dynamic Loss: 5.287e-02 | Regularization Loss: 3.917e-07 | Val Loss: 8.428e-02 | Time: 9.71s
2025-08-20 03:38:19,409:INFO:Epoch: 19600/40000 | Train Loss: 6.488e-02 | Dynamic Loss: 6.487e-02 | Regularization Loss: 3.774e-07 | Val Loss: 8.618e-02 | Time: 14.37s
2025-08-20 03:38:29,129:INFO:Epoch: 19650/40000 | Train Loss: 5.794e-02 | Dynamic Loss: 5.794e-02 | Regularization Loss: 3.725e-07 | Val Loss: 8.668e-02 | Time: 9.72s
2025-08-20 03:38:38,781:INFO:Epoch: 19700/40000 | Train Loss: 5.230e-02 | Dynamic Loss: 5.230e-02 | Regularization Loss: 3.463e-07 | Val Loss: 7.744e-02 | Time: 9.65s
2025-08-20 03:38:49,834:INFO:Epoch: 19750/40000 | Train Loss: 4.851e-02 | Dynamic Loss: 4.851e-02 | Regularization Loss: 3.653e-07 | Val Loss: 7.713e-02 | Time: 11.05s
2025-08-20 03:38:59,540:INFO:Epoch: 19800/40000 | Train Loss: 5.054e-02 | Dynamic Loss: 5.054e-02 | Regularization Loss: 2.938e-07 | Val Loss: 8.048e-02 | Time: 9.71s
2025-08-20 03:39:09,376:INFO:Epoch: 19850/40000 | Train Loss: 4.819e-02 | Dynamic Loss: 4.819e-02 | Regularization Loss: 2.887e-07 | Val Loss: 7.683e-02 | Time: 9.84s
2025-08-20 03:39:09,376:INFO:New best model found at epoch 19850 with validation loss 7.683e-02. Saving...
2025-08-20 03:39:19,023:INFO:Epoch: 19900/40000 | Train Loss: 4.719e-02 | Dynamic Loss: 4.719e-02 | Regularization Loss: 2.640e-07 | Val Loss: 7.526e-02 | Time: 9.63s
2025-08-20 03:39:19,024:INFO:New best model found at epoch 19900 with validation loss 7.526e-02. Saving...
2025-08-20 03:39:28,759:INFO:Epoch: 19950/40000 | Train Loss: 4.865e-02 | Dynamic Loss: 4.865e-02 | Regularization Loss: 2.703e-07 | Val Loss: 7.990e-02 | Time: 9.71s
2025-08-20 03:39:38,420:INFO:Epoch: 20000/40000 | Train Loss: 4.387e-02 | Dynamic Loss: 4.387e-02 | Regularization Loss: 2.300e-07 | Val Loss: 7.131e-02 | Time: 9.66s
2025-08-20 03:39:38,420:INFO:New best model found at epoch 20000 with validation loss 7.131e-02. Saving...
2025-08-20 03:39:48,072:INFO:Epoch: 20050/40000 | Train Loss: 5.068e-02 | Dynamic Loss: 5.068e-02 | Regularization Loss: 2.161e-07 | Val Loss: 7.795e-02 | Time: 9.63s
2025-08-20 03:39:59,239:INFO:Epoch: 20100/40000 | Train Loss: 4.714e-02 | Dynamic Loss: 4.714e-02 | Regularization Loss: 2.128e-07 | Val Loss: 7.061e-02 | Time: 11.17s
2025-08-20 03:39:59,239:INFO:New best model found at epoch 20100 with validation loss 7.061e-02. Saving...
2025-08-20 03:40:08,975:INFO:Epoch: 20150/40000 | Train Loss: 5.595e-02 | Dynamic Loss: 5.595e-02 | Regularization Loss: 1.976e-07 | Val Loss: 8.040e-02 | Time: 9.72s
2025-08-20 03:40:18,764:INFO:Epoch: 20200/40000 | Train Loss: 5.546e-02 | Dynamic Loss: 5.546e-02 | Regularization Loss: 1.870e-07 | Val Loss: 1.015e-01 | Time: 9.79s
2025-08-20 03:40:28,449:INFO:Epoch: 20250/40000 | Train Loss: 4.130e-02 | Dynamic Loss: 4.130e-02 | Regularization Loss: 1.758e-07 | Val Loss: 6.719e-02 | Time: 9.68s
2025-08-20 03:40:28,449:INFO:New best model found at epoch 20250 with validation loss 6.719e-02. Saving...
2025-08-20 03:40:38,150:INFO:Epoch: 20300/40000 | Train Loss: 4.441e-02 | Dynamic Loss: 4.441e-02 | Regularization Loss: 1.574e-07 | Val Loss: 7.257e-02 | Time: 9.68s
2025-08-20 03:40:49,635:INFO:Epoch: 20350/40000 | Train Loss: 4.711e-02 | Dynamic Loss: 4.711e-02 | Regularization Loss: 1.420e-07 | Val Loss: 7.597e-02 | Time: 11.48s
2025-08-20 03:40:59,288:INFO:Epoch: 20400/40000 | Train Loss: 4.124e-02 | Dynamic Loss: 4.124e-02 | Regularization Loss: 1.303e-07 | Val Loss: 6.736e-02 | Time: 9.65s
2025-08-20 03:41:09,016:INFO:Epoch: 20450/40000 | Train Loss: 4.411e-02 | Dynamic Loss: 4.411e-02 | Regularization Loss: 1.193e-07 | Val Loss: 7.159e-02 | Time: 9.73s
2025-08-20 03:41:18,755:INFO:Epoch: 20500/40000 | Train Loss: 5.250e-02 | Dynamic Loss: 5.250e-02 | Regularization Loss: 1.235e-07 | Val Loss: 8.594e-02 | Time: 9.74s
2025-08-20 03:41:28,350:INFO:Epoch: 20550/40000 | Train Loss: 4.350e-02 | Dynamic Loss: 4.350e-02 | Regularization Loss: 1.085e-07 | Val Loss: 6.978e-02 | Time: 9.60s
2025-08-20 03:41:42,704:INFO:Epoch: 20600/40000 | Train Loss: 4.152e-02 | Dynamic Loss: 4.152e-02 | Regularization Loss: 9.861e-08 | Val Loss: 6.757e-02 | Time: 14.35s
2025-08-20 03:41:52,336:INFO:Epoch: 20650/40000 | Train Loss: 4.853e-02 | Dynamic Loss: 4.853e-02 | Regularization Loss: 8.495e-08 | Val Loss: 7.994e-02 | Time: 9.63s
2025-08-20 03:42:01,994:INFO:Epoch: 20700/40000 | Train Loss: 4.114e-02 | Dynamic Loss: 4.114e-02 | Regularization Loss: 8.002e-08 | Val Loss: 7.376e-02 | Time: 9.66s
2025-08-20 03:42:11,653:INFO:Epoch: 20750/40000 | Train Loss: 3.792e-02 | Dynamic Loss: 3.792e-02 | Regularization Loss: 7.798e-08 | Val Loss: 6.442e-02 | Time: 9.66s
2025-08-20 03:42:11,653:INFO:New best model found at epoch 20750 with validation loss 6.442e-02. Saving...
2025-08-20 03:42:21,317:INFO:Epoch: 20800/40000 | Train Loss: 4.510e-02 | Dynamic Loss: 4.510e-02 | Regularization Loss: 7.346e-08 | Val Loss: 6.958e-02 | Time: 9.64s
2025-08-20 03:42:36,664:INFO:Epoch: 20850/40000 | Train Loss: 4.086e-02 | Dynamic Loss: 4.086e-02 | Regularization Loss: 6.137e-08 | Val Loss: 6.320e-02 | Time: 15.35s
2025-08-20 03:42:36,664:INFO:New best model found at epoch 20850 with validation loss 6.320e-02. Saving...
2025-08-20 03:42:46,327:INFO:Epoch: 20900/40000 | Train Loss: 4.053e-02 | Dynamic Loss: 4.053e-02 | Regularization Loss: 5.814e-08 | Val Loss: 6.557e-02 | Time: 9.64s
2025-08-20 03:42:56,145:INFO:Epoch: 20950/40000 | Train Loss: 3.878e-02 | Dynamic Loss: 3.878e-02 | Regularization Loss: 4.843e-08 | Val Loss: 7.016e-02 | Time: 9.82s
2025-08-20 03:43:05,743:INFO:Epoch: 21000/40000 | Train Loss: 4.310e-02 | Dynamic Loss: 4.310e-02 | Regularization Loss: 4.429e-08 | Val Loss: 7.382e-02 | Time: 9.60s
2025-08-20 03:43:15,367:INFO:Epoch: 21050/40000 | Train Loss: 3.778e-02 | Dynamic Loss: 3.778e-02 | Regularization Loss: 4.127e-08 | Val Loss: 6.454e-02 | Time: 9.62s
2025-08-20 03:43:25,163:INFO:Epoch: 21100/40000 | Train Loss: 3.992e-02 | Dynamic Loss: 3.992e-02 | Regularization Loss: 3.697e-08 | Val Loss: 7.072e-02 | Time: 9.80s
2025-08-20 03:43:34,865:INFO:Epoch: 21150/40000 | Train Loss: 3.885e-02 | Dynamic Loss: 3.885e-02 | Regularization Loss: 3.498e-08 | Val Loss: 6.867e-02 | Time: 9.70s
2025-08-20 03:43:44,724:INFO:Epoch: 21200/40000 | Train Loss: 3.317e-02 | Dynamic Loss: 3.317e-02 | Regularization Loss: 3.055e-08 | Val Loss: 6.293e-02 | Time: 9.86s
2025-08-20 03:43:44,724:INFO:New best model found at epoch 21200 with validation loss 6.293e-02. Saving...
2025-08-20 03:43:54,427:INFO:Epoch: 21250/40000 | Train Loss: 3.188e-02 | Dynamic Loss: 3.188e-02 | Regularization Loss: 3.003e-08 | Val Loss: 5.964e-02 | Time: 9.68s
2025-08-20 03:43:54,427:INFO:New best model found at epoch 21250 with validation loss 5.964e-02. Saving...
2025-08-20 03:44:04,202:INFO:Epoch: 21300/40000 | Train Loss: 3.265e-02 | Dynamic Loss: 3.265e-02 | Regularization Loss: 2.468e-08 | Val Loss: 6.071e-02 | Time: 9.75s
2025-08-20 03:44:14,607:INFO:Epoch: 21350/40000 | Train Loss: 4.353e-02 | Dynamic Loss: 4.353e-02 | Regularization Loss: 2.241e-08 | Val Loss: 6.746e-02 | Time: 10.40s
2025-08-20 03:44:24,331:INFO:Epoch: 21400/40000 | Train Loss: 3.363e-02 | Dynamic Loss: 3.363e-02 | Regularization Loss: 2.081e-08 | Val Loss: 6.518e-02 | Time: 9.72s
2025-08-20 03:44:34,174:INFO:Epoch: 21450/40000 | Train Loss: 3.922e-02 | Dynamic Loss: 3.922e-02 | Regularization Loss: 1.783e-08 | Val Loss: 7.196e-02 | Time: 9.84s
2025-08-20 03:44:43,838:INFO:Epoch: 21500/40000 | Train Loss: 4.467e-02 | Dynamic Loss: 4.467e-02 | Regularization Loss: 1.965e-08 | Val Loss: 6.373e-02 | Time: 9.66s
2025-08-20 03:44:53,505:INFO:Epoch: 21550/40000 | Train Loss: 3.622e-02 | Dynamic Loss: 3.622e-02 | Regularization Loss: 1.654e-08 | Val Loss: 6.702e-02 | Time: 9.67s
2025-08-20 03:45:10,592:INFO:Epoch: 21600/40000 | Train Loss: 2.785e-02 | Dynamic Loss: 2.785e-02 | Regularization Loss: 1.306e-08 | Val Loss: 5.527e-02 | Time: 17.09s
2025-08-20 03:45:10,592:INFO:New best model found at epoch 21600 with validation loss 5.527e-02. Saving...
2025-08-20 03:45:20,266:INFO:Epoch: 21650/40000 | Train Loss: 3.220e-02 | Dynamic Loss: 3.220e-02 | Regularization Loss: 1.230e-08 | Val Loss: 5.823e-02 | Time: 9.65s
2025-08-20 03:45:30,084:INFO:Epoch: 21700/40000 | Train Loss: 4.890e-02 | Dynamic Loss: 4.890e-02 | Regularization Loss: 1.141e-08 | Val Loss: 6.290e-02 | Time: 9.82s
2025-08-20 03:45:39,774:INFO:Epoch: 21750/40000 | Train Loss: 3.317e-02 | Dynamic Loss: 3.317e-02 | Regularization Loss: 9.626e-09 | Val Loss: 5.801e-02 | Time: 9.69s
2025-08-20 03:45:49,480:INFO:Epoch: 21800/40000 | Train Loss: 2.879e-02 | Dynamic Loss: 2.879e-02 | Regularization Loss: 8.584e-09 | Val Loss: 5.457e-02 | Time: 9.71s
2025-08-20 03:45:49,481:INFO:New best model found at epoch 21800 with validation loss 5.457e-02. Saving...
2025-08-20 03:46:01,177:INFO:Epoch: 21850/40000 | Train Loss: 3.103e-02 | Dynamic Loss: 3.103e-02 | Regularization Loss: 7.092e-09 | Val Loss: 6.155e-02 | Time: 11.68s
2025-08-20 03:46:10,759:INFO:Epoch: 21900/40000 | Train Loss: 3.070e-02 | Dynamic Loss: 3.070e-02 | Regularization Loss: 6.747e-09 | Val Loss: 5.620e-02 | Time: 9.58s
2025-08-20 03:46:20,499:INFO:Epoch: 21950/40000 | Train Loss: 3.611e-02 | Dynamic Loss: 3.611e-02 | Regularization Loss: 6.249e-09 | Val Loss: 6.142e-02 | Time: 9.74s
2025-08-20 03:46:30,162:INFO:Epoch: 22000/40000 | Train Loss: 3.242e-02 | Dynamic Loss: 3.242e-02 | Regularization Loss: 5.404e-09 | Val Loss: 6.033e-02 | Time: 9.66s
2025-08-20 03:46:39,924:INFO:Epoch: 22050/40000 | Train Loss: 4.110e-02 | Dynamic Loss: 4.110e-02 | Regularization Loss: 5.397e-09 | Val Loss: 7.355e-02 | Time: 9.76s
2025-08-20 03:46:49,609:INFO:Epoch: 22100/40000 | Train Loss: 3.131e-02 | Dynamic Loss: 3.131e-02 | Regularization Loss: 4.829e-09 | Val Loss: 6.141e-02 | Time: 9.68s
2025-08-20 03:46:59,331:INFO:Epoch: 22150/40000 | Train Loss: 2.601e-02 | Dynamic Loss: 2.601e-02 | Regularization Loss: 3.870e-09 | Val Loss: 5.555e-02 | Time: 9.72s
2025-08-20 03:47:14,516:INFO:Epoch: 22200/40000 | Train Loss: 2.902e-02 | Dynamic Loss: 2.902e-02 | Regularization Loss: 3.133e-09 | Val Loss: 5.648e-02 | Time: 15.18s
2025-08-20 03:47:24,272:INFO:Epoch: 22250/40000 | Train Loss: 2.887e-02 | Dynamic Loss: 2.887e-02 | Regularization Loss: 2.717e-09 | Val Loss: 6.352e-02 | Time: 9.76s
2025-08-20 03:47:34,078:INFO:Epoch: 22300/40000 | Train Loss: 2.765e-02 | Dynamic Loss: 2.765e-02 | Regularization Loss: 2.641e-09 | Val Loss: 5.745e-02 | Time: 9.81s
2025-08-20 03:47:43,845:INFO:Epoch: 22350/40000 | Train Loss: 2.513e-02 | Dynamic Loss: 2.513e-02 | Regularization Loss: 2.460e-09 | Val Loss: 5.423e-02 | Time: 9.77s
2025-08-20 03:47:43,845:INFO:New best model found at epoch 22350 with validation loss 5.423e-02. Saving...
2025-08-20 03:47:53,421:INFO:Epoch: 22400/40000 | Train Loss: 2.644e-02 | Dynamic Loss: 2.644e-02 | Regularization Loss: 2.090e-09 | Val Loss: 5.794e-02 | Time: 9.56s
2025-08-20 03:48:03,071:INFO:Epoch: 22450/40000 | Train Loss: 2.672e-02 | Dynamic Loss: 2.672e-02 | Regularization Loss: 1.853e-09 | Val Loss: 5.502e-02 | Time: 9.65s
2025-08-20 03:48:12,604:INFO:Epoch: 22500/40000 | Train Loss: 2.962e-02 | Dynamic Loss: 2.962e-02 | Regularization Loss: 1.684e-09 | Val Loss: 6.329e-02 | Time: 9.53s
2025-08-20 03:48:22,135:INFO:Epoch: 22550/40000 | Train Loss: 2.662e-02 | Dynamic Loss: 2.662e-02 | Regularization Loss: 1.565e-09 | Val Loss: 5.369e-02 | Time: 9.53s
2025-08-20 03:48:22,135:INFO:New best model found at epoch 22550 with validation loss 5.369e-02. Saving...
2025-08-20 03:48:31,623:INFO:Epoch: 22600/40000 | Train Loss: 2.460e-02 | Dynamic Loss: 2.460e-02 | Regularization Loss: 1.318e-09 | Val Loss: 5.310e-02 | Time: 9.47s
2025-08-20 03:48:31,623:INFO:New best model found at epoch 22600 with validation loss 5.310e-02. Saving...
2025-08-20 03:48:48,392:INFO:Epoch: 22650/40000 | Train Loss: 2.367e-02 | Dynamic Loss: 2.367e-02 | Regularization Loss: 1.214e-09 | Val Loss: 5.131e-02 | Time: 16.75s
2025-08-20 03:48:48,392:INFO:New best model found at epoch 22650 with validation loss 5.131e-02. Saving...
2025-08-20 03:48:58,033:INFO:Epoch: 22700/40000 | Train Loss: 2.317e-02 | Dynamic Loss: 2.317e-02 | Regularization Loss: 1.101e-09 | Val Loss: 5.179e-02 | Time: 9.62s
2025-08-20 03:49:07,525:INFO:Epoch: 22750/40000 | Train Loss: 3.312e-02 | Dynamic Loss: 3.312e-02 | Regularization Loss: 1.090e-09 | Val Loss: 5.805e-02 | Time: 9.49s
2025-08-20 03:49:17,089:INFO:Epoch: 22800/40000 | Train Loss: 2.820e-02 | Dynamic Loss: 2.820e-02 | Regularization Loss: 8.487e-10 | Val Loss: 5.398e-02 | Time: 9.56s
2025-08-20 03:49:26,602:INFO:Epoch: 22850/40000 | Train Loss: 2.803e-02 | Dynamic Loss: 2.803e-02 | Regularization Loss: 7.676e-10 | Val Loss: 5.616e-02 | Time: 9.51s
2025-08-20 03:49:36,081:INFO:Epoch: 22900/40000 | Train Loss: 2.848e-02 | Dynamic Loss: 2.848e-02 | Regularization Loss: 6.472e-10 | Val Loss: 5.876e-02 | Time: 9.48s
2025-08-20 03:49:45,627:INFO:Epoch: 22950/40000 | Train Loss: 2.669e-02 | Dynamic Loss: 2.669e-02 | Regularization Loss: 5.921e-10 | Val Loss: 5.704e-02 | Time: 9.55s
2025-08-20 03:49:55,259:INFO:Epoch: 23000/40000 | Train Loss: 2.624e-02 | Dynamic Loss: 2.624e-02 | Regularization Loss: 5.245e-10 | Val Loss: 6.052e-02 | Time: 9.63s
2025-08-20 03:50:04,801:INFO:Epoch: 23050/40000 | Train Loss: 2.751e-02 | Dynamic Loss: 2.751e-02 | Regularization Loss: 4.552e-10 | Val Loss: 5.583e-02 | Time: 9.54s
2025-08-20 03:50:14,361:INFO:Epoch: 23100/40000 | Train Loss: 2.316e-02 | Dynamic Loss: 2.316e-02 | Regularization Loss: 4.239e-10 | Val Loss: 5.089e-02 | Time: 9.56s
2025-08-20 03:50:14,361:INFO:New best model found at epoch 23100 with validation loss 5.089e-02. Saving...
2025-08-20 03:50:24,041:INFO:Epoch: 23150/40000 | Train Loss: 2.071e-02 | Dynamic Loss: 2.071e-02 | Regularization Loss: 3.633e-10 | Val Loss: 4.975e-02 | Time: 9.66s
2025-08-20 03:50:24,041:INFO:New best model found at epoch 23150 with validation loss 4.975e-02. Saving...
2025-08-20 03:50:33,852:INFO:Epoch: 23200/40000 | Train Loss: 2.254e-02 | Dynamic Loss: 2.254e-02 | Regularization Loss: 3.422e-10 | Val Loss: 5.257e-02 | Time: 9.79s
2025-08-20 03:50:43,398:INFO:Epoch: 23250/40000 | Train Loss: 2.834e-02 | Dynamic Loss: 2.834e-02 | Regularization Loss: 3.125e-10 | Val Loss: 5.764e-02 | Time: 9.55s
2025-08-20 03:50:52,933:INFO:Epoch: 23300/40000 | Train Loss: 2.117e-02 | Dynamic Loss: 2.117e-02 | Regularization Loss: 2.571e-10 | Val Loss: 5.046e-02 | Time: 9.54s
2025-08-20 03:51:02,478:INFO:Epoch: 23350/40000 | Train Loss: 2.335e-02 | Dynamic Loss: 2.335e-02 | Regularization Loss: 2.410e-10 | Val Loss: 4.902e-02 | Time: 9.54s
2025-08-20 03:51:02,478:INFO:New best model found at epoch 23350 with validation loss 4.902e-02. Saving...
2025-08-20 03:51:15,964:INFO:Epoch: 23400/40000 | Train Loss: 2.896e-02 | Dynamic Loss: 2.896e-02 | Regularization Loss: 2.231e-10 | Val Loss: 5.326e-02 | Time: 13.47s
2025-08-20 03:51:25,479:INFO:Epoch: 23450/40000 | Train Loss: 3.552e-02 | Dynamic Loss: 3.552e-02 | Regularization Loss: 1.983e-10 | Val Loss: 5.257e-02 | Time: 9.51s
2025-08-20 03:51:34,955:INFO:Epoch: 23500/40000 | Train Loss: 2.616e-02 | Dynamic Loss: 2.616e-02 | Regularization Loss: 1.947e-10 | Val Loss: 5.287e-02 | Time: 9.48s
2025-08-20 03:51:44,400:INFO:Epoch: 23550/40000 | Train Loss: 2.789e-02 | Dynamic Loss: 2.789e-02 | Regularization Loss: 1.592e-10 | Val Loss: 5.222e-02 | Time: 9.44s
2025-08-20 03:52:01,929:INFO:Epoch: 23600/40000 | Train Loss: 2.995e-02 | Dynamic Loss: 2.995e-02 | Regularization Loss: 1.452e-10 | Val Loss: 5.221e-02 | Time: 17.53s
2025-08-20 03:52:11,362:INFO:Epoch: 23650/40000 | Train Loss: 2.419e-02 | Dynamic Loss: 2.419e-02 | Regularization Loss: 1.321e-10 | Val Loss: 4.945e-02 | Time: 9.43s
2025-08-20 03:52:20,784:INFO:Epoch: 23700/40000 | Train Loss: 2.129e-02 | Dynamic Loss: 2.129e-02 | Regularization Loss: 1.285e-10 | Val Loss: 4.855e-02 | Time: 9.42s
2025-08-20 03:52:20,784:INFO:New best model found at epoch 23700 with validation loss 4.855e-02. Saving...
2025-08-20 03:52:30,244:INFO:Epoch: 23750/40000 | Train Loss: 1.974e-02 | Dynamic Loss: 1.974e-02 | Regularization Loss: 1.091e-10 | Val Loss: 4.946e-02 | Time: 9.44s
2025-08-20 03:52:47,805:INFO:Epoch: 23800/40000 | Train Loss: 2.594e-02 | Dynamic Loss: 2.594e-02 | Regularization Loss: 9.855e-11 | Val Loss: 5.296e-02 | Time: 17.56s
2025-08-20 03:52:57,256:INFO:Epoch: 23850/40000 | Train Loss: 2.031e-02 | Dynamic Loss: 2.031e-02 | Regularization Loss: 8.631e-11 | Val Loss: 4.797e-02 | Time: 9.45s
2025-08-20 03:52:57,256:INFO:New best model found at epoch 23850 with validation loss 4.797e-02. Saving...
2025-08-20 03:53:06,710:INFO:Epoch: 23900/40000 | Train Loss: 2.279e-02 | Dynamic Loss: 2.279e-02 | Regularization Loss: 8.231e-11 | Val Loss: 5.117e-02 | Time: 9.43s
2025-08-20 03:53:16,256:INFO:Epoch: 23950/40000 | Train Loss: 1.975e-02 | Dynamic Loss: 1.975e-02 | Regularization Loss: 7.780e-11 | Val Loss: 4.829e-02 | Time: 9.55s
2025-08-20 03:53:32,611:INFO:Epoch: 24000/40000 | Train Loss: 1.874e-02 | Dynamic Loss: 1.874e-02 | Regularization Loss: 6.613e-11 | Val Loss: 4.637e-02 | Time: 16.36s
2025-08-20 03:53:32,611:INFO:New best model found at epoch 24000 with validation loss 4.637e-02. Saving...
2025-08-20 03:53:42,143:INFO:Epoch: 24050/40000 | Train Loss: 3.751e-02 | Dynamic Loss: 3.751e-02 | Regularization Loss: 5.827e-11 | Val Loss: 7.716e-02 | Time: 9.51s
2025-08-20 03:53:51,831:INFO:Epoch: 24100/40000 | Train Loss: 3.213e-02 | Dynamic Loss: 3.213e-02 | Regularization Loss: 5.107e-11 | Val Loss: 5.850e-02 | Time: 9.69s
2025-08-20 03:54:01,382:INFO:Epoch: 24150/40000 | Train Loss: 2.407e-02 | Dynamic Loss: 2.407e-02 | Regularization Loss: 4.896e-11 | Val Loss: 5.511e-02 | Time: 9.55s
2025-08-20 03:54:10,848:INFO:Epoch: 24200/40000 | Train Loss: 1.995e-02 | Dynamic Loss: 1.995e-02 | Regularization Loss: 4.291e-11 | Val Loss: 4.918e-02 | Time: 9.47s
2025-08-20 03:54:20,459:INFO:Epoch: 24250/40000 | Train Loss: 2.219e-02 | Dynamic Loss: 2.219e-02 | Regularization Loss: 3.766e-11 | Val Loss: 5.406e-02 | Time: 9.61s
2025-08-20 03:54:29,881:INFO:Epoch: 24300/40000 | Train Loss: 2.418e-02 | Dynamic Loss: 2.418e-02 | Regularization Loss: 3.559e-11 | Val Loss: 5.086e-02 | Time: 9.42s
2025-08-20 03:54:42,818:INFO:Epoch: 24350/40000 | Train Loss: 1.643e-02 | Dynamic Loss: 1.643e-02 | Regularization Loss: 3.043e-11 | Val Loss: 4.411e-02 | Time: 12.94s
2025-08-20 03:54:42,818:INFO:New best model found at epoch 24350 with validation loss 4.411e-02. Saving...
2025-08-20 03:54:52,302:INFO:Epoch: 24400/40000 | Train Loss: 1.893e-02 | Dynamic Loss: 1.893e-02 | Regularization Loss: 2.929e-11 | Val Loss: 4.555e-02 | Time: 9.46s
2025-08-20 03:55:01,756:INFO:Epoch: 24450/40000 | Train Loss: 2.383e-02 | Dynamic Loss: 2.383e-02 | Regularization Loss: 2.441e-11 | Val Loss: 4.917e-02 | Time: 9.45s
2025-08-20 03:55:11,244:INFO:Epoch: 24500/40000 | Train Loss: 2.102e-02 | Dynamic Loss: 2.102e-02 | Regularization Loss: 2.218e-11 | Val Loss: 4.750e-02 | Time: 9.49s
2025-08-20 03:55:20,719:INFO:Epoch: 24550/40000 | Train Loss: 1.821e-02 | Dynamic Loss: 1.821e-02 | Regularization Loss: 2.085e-11 | Val Loss: 4.500e-02 | Time: 9.47s
2025-08-20 03:55:30,158:INFO:Epoch: 24600/40000 | Train Loss: 2.034e-02 | Dynamic Loss: 2.034e-02 | Regularization Loss: 1.765e-11 | Val Loss: 4.597e-02 | Time: 9.44s
2025-08-20 03:55:39,579:INFO:Epoch: 24650/40000 | Train Loss: 2.099e-02 | Dynamic Loss: 2.099e-02 | Regularization Loss: 1.682e-11 | Val Loss: 4.879e-02 | Time: 9.42s
2025-08-20 03:55:52,415:INFO:Epoch: 24700/40000 | Train Loss: 2.156e-02 | Dynamic Loss: 2.156e-02 | Regularization Loss: 1.467e-11 | Val Loss: 4.813e-02 | Time: 12.84s
2025-08-20 03:56:01,800:INFO:Epoch: 24750/40000 | Train Loss: 2.321e-02 | Dynamic Loss: 2.321e-02 | Regularization Loss: 1.266e-11 | Val Loss: 4.878e-02 | Time: 9.38s
2025-08-20 03:56:11,596:INFO:Epoch: 24800/40000 | Train Loss: 2.207e-02 | Dynamic Loss: 2.207e-02 | Regularization Loss: 1.145e-11 | Val Loss: 4.717e-02 | Time: 9.80s
2025-08-20 03:56:21,087:INFO:Epoch: 24850/40000 | Train Loss: 1.667e-02 | Dynamic Loss: 1.667e-02 | Regularization Loss: 1.013e-11 | Val Loss: 4.639e-02 | Time: 9.49s
2025-08-20 03:56:32,111:INFO:Epoch: 24900/40000 | Train Loss: 1.615e-02 | Dynamic Loss: 1.615e-02 | Regularization Loss: 9.405e-12 | Val Loss: 4.353e-02 | Time: 11.02s
2025-08-20 03:56:32,111:INFO:New best model found at epoch 24900 with validation loss 4.353e-02. Saving...
2025-08-20 03:56:41,619:INFO:Epoch: 24950/40000 | Train Loss: 2.074e-02 | Dynamic Loss: 2.074e-02 | Regularization Loss: 8.739e-12 | Val Loss: 4.813e-02 | Time: 9.49s
2025-08-20 03:56:51,081:INFO:Epoch: 25000/40000 | Train Loss: 1.606e-02 | Dynamic Loss: 1.606e-02 | Regularization Loss: 7.839e-12 | Val Loss: 4.265e-02 | Time: 9.46s
2025-08-20 03:56:51,081:INFO:New best model found at epoch 25000 with validation loss 4.265e-02. Saving...
2025-08-20 03:57:04,924:INFO:Epoch: 25050/40000 | Train Loss: 1.855e-02 | Dynamic Loss: 1.855e-02 | Regularization Loss: 7.057e-12 | Val Loss: 4.608e-02 | Time: 13.82s
2025-08-20 03:57:14,442:INFO:Epoch: 25100/40000 | Train Loss: 1.832e-02 | Dynamic Loss: 1.832e-02 | Regularization Loss: 6.259e-12 | Val Loss: 4.570e-02 | Time: 9.52s
2025-08-20 03:57:24,087:INFO:Epoch: 25150/40000 | Train Loss: 1.767e-02 | Dynamic Loss: 1.767e-02 | Regularization Loss: 5.408e-12 | Val Loss: 4.301e-02 | Time: 9.64s
2025-08-20 03:57:33,503:INFO:Epoch: 25200/40000 | Train Loss: 2.044e-02 | Dynamic Loss: 2.044e-02 | Regularization Loss: 5.268e-12 | Val Loss: 4.459e-02 | Time: 9.42s
2025-08-20 03:57:48,805:INFO:Epoch: 25250/40000 | Train Loss: 1.840e-02 | Dynamic Loss: 1.840e-02 | Regularization Loss: 4.651e-12 | Val Loss: 4.911e-02 | Time: 15.30s
2025-08-20 03:57:58,398:INFO:Epoch: 25300/40000 | Train Loss: 1.784e-02 | Dynamic Loss: 1.784e-02 | Regularization Loss: 3.814e-12 | Val Loss: 4.648e-02 | Time: 9.59s
2025-08-20 03:58:07,858:INFO:Epoch: 25350/40000 | Train Loss: 1.691e-02 | Dynamic Loss: 1.691e-02 | Regularization Loss: 3.512e-12 | Val Loss: 4.234e-02 | Time: 9.46s
2025-08-20 03:58:07,858:INFO:New best model found at epoch 25350 with validation loss 4.234e-02. Saving...
2025-08-20 03:58:17,459:INFO:Epoch: 25400/40000 | Train Loss: 1.688e-02 | Dynamic Loss: 1.688e-02 | Regularization Loss: 3.013e-12 | Val Loss: 4.145e-02 | Time: 9.58s
2025-08-20 03:58:17,459:INFO:New best model found at epoch 25400 with validation loss 4.145e-02. Saving...
2025-08-20 03:58:27,012:INFO:Epoch: 25450/40000 | Train Loss: 1.629e-02 | Dynamic Loss: 1.629e-02 | Regularization Loss: 2.851e-12 | Val Loss: 4.492e-02 | Time: 9.53s
2025-08-20 03:58:36,640:INFO:Epoch: 25500/40000 | Train Loss: 1.518e-02 | Dynamic Loss: 1.518e-02 | Regularization Loss: 2.589e-12 | Val Loss: 4.370e-02 | Time: 9.63s
2025-08-20 03:58:46,219:INFO:Epoch: 25550/40000 | Train Loss: 1.459e-02 | Dynamic Loss: 1.459e-02 | Regularization Loss: 2.243e-12 | Val Loss: 4.092e-02 | Time: 9.58s
2025-08-20 03:58:46,219:INFO:New best model found at epoch 25550 with validation loss 4.092e-02. Saving...
2025-08-20 03:59:01,695:INFO:Epoch: 25600/40000 | Train Loss: 2.526e-02 | Dynamic Loss: 2.526e-02 | Regularization Loss: 2.297e-12 | Val Loss: 5.290e-02 | Time: 15.46s
2025-08-20 03:59:11,359:INFO:Epoch: 25650/40000 | Train Loss: 1.558e-02 | Dynamic Loss: 1.558e-02 | Regularization Loss: 1.797e-12 | Val Loss: 4.202e-02 | Time: 9.66s
2025-08-20 03:59:20,789:INFO:Epoch: 25700/40000 | Train Loss: 1.376e-02 | Dynamic Loss: 1.376e-02 | Regularization Loss: 1.653e-12 | Val Loss: 4.108e-02 | Time: 9.43s
2025-08-20 03:59:30,440:INFO:Epoch: 25750/40000 | Train Loss: 1.772e-02 | Dynamic Loss: 1.772e-02 | Regularization Loss: 1.585e-12 | Val Loss: 4.591e-02 | Time: 9.65s
2025-08-20 03:59:39,849:INFO:Epoch: 25800/40000 | Train Loss: 1.618e-02 | Dynamic Loss: 1.618e-02 | Regularization Loss: 1.503e-12 | Val Loss: 4.327e-02 | Time: 9.41s
2025-08-20 03:59:49,372:INFO:Epoch: 25850/40000 | Train Loss: 2.035e-02 | Dynamic Loss: 2.035e-02 | Regularization Loss: 1.213e-12 | Val Loss: 4.791e-02 | Time: 9.52s
2025-08-20 03:59:58,888:INFO:Epoch: 25900/40000 | Train Loss: 1.418e-02 | Dynamic Loss: 1.418e-02 | Regularization Loss: 1.062e-12 | Val Loss: 4.085e-02 | Time: 9.52s
2025-08-20 03:59:58,888:INFO:New best model found at epoch 25900 with validation loss 4.085e-02. Saving...
2025-08-20 04:00:14,351:INFO:Epoch: 25950/40000 | Train Loss: 1.623e-02 | Dynamic Loss: 1.623e-02 | Regularization Loss: 1.019e-12 | Val Loss: 4.278e-02 | Time: 15.44s
2025-08-20 04:00:23,836:INFO:Epoch: 26000/40000 | Train Loss: 1.682e-02 | Dynamic Loss: 1.682e-02 | Regularization Loss: 9.983e-13 | Val Loss: 4.126e-02 | Time: 9.49s
2025-08-20 04:00:33,244:INFO:Epoch: 26050/40000 | Train Loss: 2.135e-02 | Dynamic Loss: 2.135e-02 | Regularization Loss: 8.217e-13 | Val Loss: 4.492e-02 | Time: 9.41s
2025-08-20 04:00:42,723:INFO:Epoch: 26100/40000 | Train Loss: 2.189e-02 | Dynamic Loss: 2.189e-02 | Regularization Loss: 7.514e-13 | Val Loss: 4.695e-02 | Time: 9.48s
2025-08-20 04:00:52,309:INFO:Epoch: 26150/40000 | Train Loss: 1.428e-02 | Dynamic Loss: 1.428e-02 | Regularization Loss: 6.822e-13 | Val Loss: 4.006e-02 | Time: 9.59s
2025-08-20 04:00:52,309:INFO:New best model found at epoch 26150 with validation loss 4.006e-02. Saving...
2025-08-20 04:01:01,893:INFO:Epoch: 26200/40000 | Train Loss: 1.935e-02 | Dynamic Loss: 1.935e-02 | Regularization Loss: 5.968e-13 | Val Loss: 4.567e-02 | Time: 9.56s
2025-08-20 04:01:11,423:INFO:Epoch: 26250/40000 | Train Loss: 2.485e-02 | Dynamic Loss: 2.485e-02 | Regularization Loss: 5.458e-13 | Val Loss: 4.683e-02 | Time: 9.53s
2025-08-20 04:01:27,928:INFO:Epoch: 26300/40000 | Train Loss: 1.575e-02 | Dynamic Loss: 1.575e-02 | Regularization Loss: 4.937e-13 | Val Loss: 4.157e-02 | Time: 16.50s
2025-08-20 04:01:37,440:INFO:Epoch: 26350/40000 | Train Loss: 1.722e-02 | Dynamic Loss: 1.722e-02 | Regularization Loss: 4.492e-13 | Val Loss: 4.361e-02 | Time: 9.51s
2025-08-20 04:01:47,113:INFO:Epoch: 26400/40000 | Train Loss: 1.563e-02 | Dynamic Loss: 1.563e-02 | Regularization Loss: 3.630e-13 | Val Loss: 4.262e-02 | Time: 9.67s
2025-08-20 04:01:56,734:INFO:Epoch: 26450/40000 | Train Loss: 1.763e-02 | Dynamic Loss: 1.763e-02 | Regularization Loss: 3.574e-13 | Val Loss: 4.345e-02 | Time: 9.62s
2025-08-20 04:02:06,302:INFO:Epoch: 26500/40000 | Train Loss: 1.375e-02 | Dynamic Loss: 1.375e-02 | Regularization Loss: 3.097e-13 | Val Loss: 4.087e-02 | Time: 9.57s
2025-08-20 04:02:15,856:INFO:Epoch: 26550/40000 | Train Loss: 1.323e-02 | Dynamic Loss: 1.323e-02 | Regularization Loss: 2.612e-13 | Val Loss: 4.084e-02 | Time: 9.55s
2025-08-20 04:02:25,582:INFO:Epoch: 26600/40000 | Train Loss: 1.383e-02 | Dynamic Loss: 1.383e-02 | Regularization Loss: 2.429e-13 | Val Loss: 4.104e-02 | Time: 9.73s
2025-08-20 04:02:37,281:INFO:Epoch: 26650/40000 | Train Loss: 1.362e-02 | Dynamic Loss: 1.362e-02 | Regularization Loss: 2.186e-13 | Val Loss: 3.978e-02 | Time: 11.70s
2025-08-20 04:02:37,281:INFO:New best model found at epoch 26650 with validation loss 3.978e-02. Saving...
2025-08-20 04:02:46,879:INFO:Epoch: 26700/40000 | Train Loss: 1.422e-02 | Dynamic Loss: 1.422e-02 | Regularization Loss: 2.083e-13 | Val Loss: 3.941e-02 | Time: 9.58s
2025-08-20 04:02:46,880:INFO:New best model found at epoch 26700 with validation loss 3.941e-02. Saving...
2025-08-20 04:02:56,507:INFO:Epoch: 26750/40000 | Train Loss: 2.184e-02 | Dynamic Loss: 2.184e-02 | Regularization Loss: 1.813e-13 | Val Loss: 4.393e-02 | Time: 9.61s
2025-08-20 04:03:05,855:INFO:Epoch: 26800/40000 | Train Loss: 1.672e-02 | Dynamic Loss: 1.672e-02 | Regularization Loss: 1.529e-13 | Val Loss: 4.149e-02 | Time: 9.35s
2025-08-20 04:03:18,723:INFO:Epoch: 26850/40000 | Train Loss: 1.479e-02 | Dynamic Loss: 1.479e-02 | Regularization Loss: 1.363e-13 | Val Loss: 4.049e-02 | Time: 12.87s
2025-08-20 04:03:28,360:INFO:Epoch: 26900/40000 | Train Loss: 1.357e-02 | Dynamic Loss: 1.357e-02 | Regularization Loss: 1.206e-13 | Val Loss: 3.847e-02 | Time: 9.64s
2025-08-20 04:03:28,360:INFO:New best model found at epoch 26900 with validation loss 3.847e-02. Saving...
2025-08-20 04:03:37,800:INFO:Epoch: 26950/40000 | Train Loss: 1.603e-02 | Dynamic Loss: 1.603e-02 | Regularization Loss: 1.235e-13 | Val Loss: 4.216e-02 | Time: 9.42s
2025-08-20 04:03:53,736:INFO:Epoch: 27000/40000 | Train Loss: 1.465e-02 | Dynamic Loss: 1.465e-02 | Regularization Loss: 1.062e-13 | Val Loss: 3.868e-02 | Time: 15.94s
2025-08-20 04:04:03,294:INFO:Epoch: 27050/40000 | Train Loss: 1.792e-02 | Dynamic Loss: 1.792e-02 | Regularization Loss: 1.002e-13 | Val Loss: 4.222e-02 | Time: 9.56s
2025-08-20 04:04:12,989:INFO:Epoch: 27100/40000 | Train Loss: 1.310e-02 | Dynamic Loss: 1.310e-02 | Regularization Loss: 8.461e-14 | Val Loss: 3.941e-02 | Time: 9.70s
2025-08-20 04:04:22,524:INFO:Epoch: 27150/40000 | Train Loss: 1.242e-02 | Dynamic Loss: 1.242e-02 | Regularization Loss: 7.693e-14 | Val Loss: 3.843e-02 | Time: 9.53s
2025-08-20 04:04:22,524:INFO:New best model found at epoch 27150 with validation loss 3.843e-02. Saving...
2025-08-20 04:04:32,025:INFO:Epoch: 27200/40000 | Train Loss: 1.958e-02 | Dynamic Loss: 1.958e-02 | Regularization Loss: 6.867e-14 | Val Loss: 4.592e-02 | Time: 9.48s
2025-08-20 04:04:41,758:INFO:Epoch: 27250/40000 | Train Loss: 1.557e-02 | Dynamic Loss: 1.557e-02 | Regularization Loss: 6.052e-14 | Val Loss: 4.235e-02 | Time: 9.73s
2025-08-20 04:04:51,660:INFO:Epoch: 27300/40000 | Train Loss: 1.386e-02 | Dynamic Loss: 1.386e-02 | Regularization Loss: 5.313e-14 | Val Loss: 3.749e-02 | Time: 9.90s
2025-08-20 04:04:51,660:INFO:New best model found at epoch 27300 with validation loss 3.749e-02. Saving...
2025-08-20 04:05:01,244:INFO:Epoch: 27350/40000 | Train Loss: 1.452e-02 | Dynamic Loss: 1.452e-02 | Regularization Loss: 5.018e-14 | Val Loss: 3.735e-02 | Time: 9.55s
2025-08-20 04:05:01,244:INFO:New best model found at epoch 27350 with validation loss 3.735e-02. Saving...
2025-08-20 04:05:10,783:INFO:Epoch: 27400/40000 | Train Loss: 1.287e-02 | Dynamic Loss: 1.287e-02 | Regularization Loss: 4.335e-14 | Val Loss: 3.943e-02 | Time: 9.52s
2025-08-20 04:05:20,318:INFO:Epoch: 27450/40000 | Train Loss: 1.695e-02 | Dynamic Loss: 1.695e-02 | Regularization Loss: 3.915e-14 | Val Loss: 4.116e-02 | Time: 9.53s
2025-08-20 04:05:29,861:INFO:Epoch: 27500/40000 | Train Loss: 1.214e-02 | Dynamic Loss: 1.214e-02 | Regularization Loss: 3.506e-14 | Val Loss: 3.834e-02 | Time: 9.54s
2025-08-20 04:05:39,398:INFO:Epoch: 27550/40000 | Train Loss: 1.541e-02 | Dynamic Loss: 1.541e-02 | Regularization Loss: 3.273e-14 | Val Loss: 4.002e-02 | Time: 9.54s
2025-08-20 04:05:49,111:INFO:Epoch: 27600/40000 | Train Loss: 1.344e-02 | Dynamic Loss: 1.344e-02 | Regularization Loss: 2.713e-14 | Val Loss: 3.777e-02 | Time: 9.71s
2025-08-20 04:05:58,664:INFO:Epoch: 27650/40000 | Train Loss: 1.479e-02 | Dynamic Loss: 1.479e-02 | Regularization Loss: 2.589e-14 | Val Loss: 4.070e-02 | Time: 9.55s
2025-08-20 04:06:08,213:INFO:Epoch: 27700/40000 | Train Loss: 1.249e-02 | Dynamic Loss: 1.249e-02 | Regularization Loss: 2.435e-14 | Val Loss: 4.115e-02 | Time: 9.55s
2025-08-20 04:06:17,669:INFO:Epoch: 27750/40000 | Train Loss: 1.653e-02 | Dynamic Loss: 1.653e-02 | Regularization Loss: 2.297e-14 | Val Loss: 4.543e-02 | Time: 9.46s
2025-08-20 04:06:34,682:INFO:Epoch: 27800/40000 | Train Loss: 1.274e-02 | Dynamic Loss: 1.274e-02 | Regularization Loss: 2.090e-14 | Val Loss: 3.948e-02 | Time: 17.01s
2025-08-20 04:06:44,236:INFO:Epoch: 27850/40000 | Train Loss: 1.755e-02 | Dynamic Loss: 1.755e-02 | Regularization Loss: 1.873e-14 | Val Loss: 4.063e-02 | Time: 9.55s
2025-08-20 04:06:53,706:INFO:Epoch: 27900/40000 | Train Loss: 1.309e-02 | Dynamic Loss: 1.309e-02 | Regularization Loss: 1.692e-14 | Val Loss: 4.094e-02 | Time: 9.47s
2025-08-20 04:07:03,290:INFO:Epoch: 27950/40000 | Train Loss: 1.318e-02 | Dynamic Loss: 1.318e-02 | Regularization Loss: 1.475e-14 | Val Loss: 4.014e-02 | Time: 9.58s
2025-08-20 04:07:12,782:INFO:Epoch: 28000/40000 | Train Loss: 1.426e-02 | Dynamic Loss: 1.426e-02 | Regularization Loss: 1.399e-14 | Val Loss: 3.891e-02 | Time: 9.49s
2025-08-20 04:07:22,318:INFO:Epoch: 28050/40000 | Train Loss: 1.489e-02 | Dynamic Loss: 1.489e-02 | Regularization Loss: 1.245e-14 | Val Loss: 4.064e-02 | Time: 9.54s
2025-08-20 04:07:31,978:INFO:Epoch: 28100/40000 | Train Loss: 1.321e-02 | Dynamic Loss: 1.321e-02 | Regularization Loss: 1.080e-14 | Val Loss: 3.889e-02 | Time: 9.66s
2025-08-20 04:07:41,504:INFO:Epoch: 28150/40000 | Train Loss: 1.160e-02 | Dynamic Loss: 1.160e-02 | Regularization Loss: 9.718e-15 | Val Loss: 3.821e-02 | Time: 9.53s
2025-08-20 04:07:51,092:INFO:Epoch: 28200/40000 | Train Loss: 1.073e-02 | Dynamic Loss: 1.073e-02 | Regularization Loss: 8.871e-15 | Val Loss: 3.632e-02 | Time: 9.59s
2025-08-20 04:07:51,092:INFO:New best model found at epoch 28200 with validation loss 3.632e-02. Saving...
2025-08-20 04:08:00,628:INFO:Epoch: 28250/40000 | Train Loss: 1.317e-02 | Dynamic Loss: 1.317e-02 | Regularization Loss: 8.309e-15 | Val Loss: 4.149e-02 | Time: 9.52s
2025-08-20 04:08:10,469:INFO:Epoch: 28300/40000 | Train Loss: 1.674e-02 | Dynamic Loss: 1.674e-02 | Regularization Loss: 7.654e-15 | Val Loss: 4.200e-02 | Time: 9.84s
2025-08-20 04:08:19,967:INFO:Epoch: 28350/40000 | Train Loss: 1.272e-02 | Dynamic Loss: 1.272e-02 | Regularization Loss: 6.553e-15 | Val Loss: 3.845e-02 | Time: 9.50s
2025-08-20 04:08:29,498:INFO:Epoch: 28400/40000 | Train Loss: 1.388e-02 | Dynamic Loss: 1.388e-02 | Regularization Loss: 6.016e-15 | Val Loss: 3.872e-02 | Time: 9.53s
2025-08-20 04:08:39,170:INFO:Epoch: 28450/40000 | Train Loss: 1.124e-02 | Dynamic Loss: 1.124e-02 | Regularization Loss: 5.275e-15 | Val Loss: 3.656e-02 | Time: 9.67s
2025-08-20 04:08:48,840:INFO:Epoch: 28500/40000 | Train Loss: 1.135e-02 | Dynamic Loss: 1.135e-02 | Regularization Loss: 5.078e-15 | Val Loss: 3.600e-02 | Time: 9.67s
2025-08-20 04:08:48,840:INFO:New best model found at epoch 28500 with validation loss 3.600e-02. Saving...
2025-08-20 04:08:58,453:INFO:Epoch: 28550/40000 | Train Loss: 1.619e-02 | Dynamic Loss: 1.619e-02 | Regularization Loss: 4.357e-15 | Val Loss: 4.078e-02 | Time: 9.59s
2025-08-20 04:09:08,013:INFO:Epoch: 28600/40000 | Train Loss: 1.311e-02 | Dynamic Loss: 1.311e-02 | Regularization Loss: 3.904e-15 | Val Loss: 3.763e-02 | Time: 9.56s
2025-08-20 04:09:22,051:INFO:Epoch: 28650/40000 | Train Loss: 1.062e-02 | Dynamic Loss: 1.062e-02 | Regularization Loss: 3.685e-15 | Val Loss: 3.643e-02 | Time: 14.04s
2025-08-20 04:09:31,625:INFO:Epoch: 28700/40000 | Train Loss: 1.004e-02 | Dynamic Loss: 1.004e-02 | Regularization Loss: 3.309e-15 | Val Loss: 3.602e-02 | Time: 9.57s
2025-08-20 04:09:41,663:INFO:Epoch: 28750/40000 | Train Loss: 1.266e-02 | Dynamic Loss: 1.266e-02 | Regularization Loss: 3.204e-15 | Val Loss: 4.058e-02 | Time: 10.04s
2025-08-20 04:09:51,263:INFO:Epoch: 28800/40000 | Train Loss: 1.183e-02 | Dynamic Loss: 1.183e-02 | Regularization Loss: 2.876e-15 | Val Loss: 3.752e-02 | Time: 9.60s
2025-08-20 04:10:00,791:INFO:Epoch: 28850/40000 | Train Loss: 1.638e-02 | Dynamic Loss: 1.638e-02 | Regularization Loss: 2.668e-15 | Val Loss: 3.954e-02 | Time: 9.53s
2025-08-20 04:10:10,335:INFO:Epoch: 28900/40000 | Train Loss: 1.285e-02 | Dynamic Loss: 1.285e-02 | Regularization Loss: 2.398e-15 | Val Loss: 3.682e-02 | Time: 9.54s
2025-08-20 04:10:19,779:INFO:Epoch: 28950/40000 | Train Loss: 1.298e-02 | Dynamic Loss: 1.298e-02 | Regularization Loss: 2.176e-15 | Val Loss: 3.850e-02 | Time: 9.44s
2025-08-20 04:10:29,085:INFO:Epoch: 29000/40000 | Train Loss: 2.170e-02 | Dynamic Loss: 2.170e-02 | Regularization Loss: 1.937e-15 | Val Loss: 4.087e-02 | Time: 9.31s
2025-08-20 04:10:38,582:INFO:Epoch: 29050/40000 | Train Loss: 1.400e-02 | Dynamic Loss: 1.400e-02 | Regularization Loss: 1.794e-15 | Val Loss: 4.002e-02 | Time: 9.50s
2025-08-20 04:10:48,068:INFO:Epoch: 29100/40000 | Train Loss: 1.056e-02 | Dynamic Loss: 1.056e-02 | Regularization Loss: 1.445e-15 | Val Loss: 3.568e-02 | Time: 9.49s
2025-08-20 04:10:48,068:INFO:New best model found at epoch 29100 with validation loss 3.568e-02. Saving...
2025-08-20 04:11:05,491:INFO:Epoch: 29150/40000 | Train Loss: 1.222e-02 | Dynamic Loss: 1.222e-02 | Regularization Loss: 1.410e-15 | Val Loss: 3.696e-02 | Time: 17.40s
2025-08-20 04:11:14,967:INFO:Epoch: 29200/40000 | Train Loss: 1.302e-02 | Dynamic Loss: 1.302e-02 | Regularization Loss: 1.270e-15 | Val Loss: 3.889e-02 | Time: 9.48s
2025-08-20 04:11:24,974:INFO:Epoch: 29250/40000 | Train Loss: 1.289e-02 | Dynamic Loss: 1.289e-02 | Regularization Loss: 1.204e-15 | Val Loss: 3.811e-02 | Time: 10.01s
2025-08-20 04:11:38,107:INFO:Epoch: 29300/40000 | Train Loss: 1.202e-02 | Dynamic Loss: 1.202e-02 | Regularization Loss: 1.113e-15 | Val Loss: 3.739e-02 | Time: 13.13s
2025-08-20 04:11:47,638:INFO:Epoch: 29350/40000 | Train Loss: 9.780e-03 | Dynamic Loss: 9.780e-03 | Regularization Loss: 9.408e-16 | Val Loss: 3.539e-02 | Time: 9.53s
2025-08-20 04:11:47,638:INFO:New best model found at epoch 29350 with validation loss 3.539e-02. Saving...
2025-08-20 04:11:57,411:INFO:Epoch: 29400/40000 | Train Loss: 1.198e-02 | Dynamic Loss: 1.198e-02 | Regularization Loss: 8.774e-16 | Val Loss: 3.865e-02 | Time: 9.75s
2025-08-20 04:12:07,625:INFO:Epoch: 29450/40000 | Train Loss: 1.852e-02 | Dynamic Loss: 1.852e-02 | Regularization Loss: 8.437e-16 | Val Loss: 3.995e-02 | Time: 10.21s
2025-08-20 04:12:17,208:INFO:Epoch: 29500/40000 | Train Loss: 1.414e-02 | Dynamic Loss: 1.414e-02 | Regularization Loss: 7.468e-16 | Val Loss: 4.033e-02 | Time: 9.58s
2025-08-20 04:12:26,762:INFO:Epoch: 29550/40000 | Train Loss: 9.682e-03 | Dynamic Loss: 9.682e-03 | Regularization Loss: 7.097e-16 | Val Loss: 3.654e-02 | Time: 9.55s
2025-08-20 04:12:36,133:INFO:Epoch: 29600/40000 | Train Loss: 1.010e-02 | Dynamic Loss: 1.010e-02 | Regularization Loss: 6.279e-16 | Val Loss: 3.515e-02 | Time: 9.37s
2025-08-20 04:12:36,133:INFO:New best model found at epoch 29600 with validation loss 3.515e-02. Saving...
2025-08-20 04:12:47,561:INFO:Epoch: 29650/40000 | Train Loss: 1.221e-02 | Dynamic Loss: 1.221e-02 | Regularization Loss: 5.743e-16 | Val Loss: 3.819e-02 | Time: 11.41s
2025-08-20 04:12:57,069:INFO:Epoch: 29700/40000 | Train Loss: 1.388e-02 | Dynamic Loss: 1.388e-02 | Regularization Loss: 5.436e-16 | Val Loss: 4.215e-02 | Time: 9.51s
2025-08-20 04:13:06,700:INFO:Epoch: 29750/40000 | Train Loss: 1.030e-02 | Dynamic Loss: 1.030e-02 | Regularization Loss: 4.948e-16 | Val Loss: 3.645e-02 | Time: 9.63s
2025-08-20 04:13:18,746:INFO:Epoch: 29800/40000 | Train Loss: 1.447e-02 | Dynamic Loss: 1.447e-02 | Regularization Loss: 4.392e-16 | Val Loss: 4.178e-02 | Time: 12.05s
2025-08-20 04:13:28,321:INFO:Epoch: 29850/40000 | Train Loss: 1.130e-02 | Dynamic Loss: 1.130e-02 | Regularization Loss: 3.815e-16 | Val Loss: 3.645e-02 | Time: 9.58s
2025-08-20 04:13:37,799:INFO:Epoch: 29900/40000 | Train Loss: 2.231e-02 | Dynamic Loss: 2.231e-02 | Regularization Loss: 3.669e-16 | Val Loss: 4.593e-02 | Time: 9.48s
2025-08-20 04:13:55,313:INFO:Epoch: 29950/40000 | Train Loss: 9.425e-03 | Dynamic Loss: 9.425e-03 | Regularization Loss: 3.246e-16 | Val Loss: 3.534e-02 | Time: 17.51s
2025-08-20 04:14:04,828:INFO:Epoch: 30000/40000 | Train Loss: 1.062e-02 | Dynamic Loss: 1.062e-02 | Regularization Loss: 3.011e-16 | Val Loss: 3.581e-02 | Time: 9.51s
2025-08-20 04:14:14,487:INFO:Epoch: 30050/40000 | Train Loss: 1.632e-02 | Dynamic Loss: 1.632e-02 | Regularization Loss: 2.804e-16 | Val Loss: 4.105e-02 | Time: 9.66s
2025-08-20 04:14:26,513:INFO:Epoch: 30100/40000 | Train Loss: 9.772e-03 | Dynamic Loss: 9.772e-03 | Regularization Loss: 2.365e-16 | Val Loss: 3.671e-02 | Time: 12.03s
2025-08-20 04:14:36,114:INFO:Epoch: 30150/40000 | Train Loss: 1.051e-02 | Dynamic Loss: 1.051e-02 | Regularization Loss: 2.312e-16 | Val Loss: 3.513e-02 | Time: 9.60s
2025-08-20 04:14:36,114:INFO:New best model found at epoch 30150 with validation loss 3.513e-02. Saving...
2025-08-20 04:14:45,687:INFO:Epoch: 30200/40000 | Train Loss: 1.522e-02 | Dynamic Loss: 1.522e-02 | Regularization Loss: 2.257e-16 | Val Loss: 3.626e-02 | Time: 9.55s
2025-08-20 04:14:55,582:INFO:Epoch: 30250/40000 | Train Loss: 1.686e-02 | Dynamic Loss: 1.686e-02 | Regularization Loss: 1.922e-16 | Val Loss: 4.028e-02 | Time: 9.89s
2025-08-20 04:15:05,102:INFO:Epoch: 30300/40000 | Train Loss: 8.434e-03 | Dynamic Loss: 8.434e-03 | Regularization Loss: 1.741e-16 | Val Loss: 3.459e-02 | Time: 9.52s
2025-08-20 04:15:05,102:INFO:New best model found at epoch 30300 with validation loss 3.459e-02. Saving...
2025-08-20 04:15:14,691:INFO:Epoch: 30350/40000 | Train Loss: 1.103e-02 | Dynamic Loss: 1.103e-02 | Regularization Loss: 1.681e-16 | Val Loss: 3.524e-02 | Time: 9.57s
2025-08-20 04:15:24,312:INFO:Epoch: 30400/40000 | Train Loss: 1.648e-02 | Dynamic Loss: 1.648e-02 | Regularization Loss: 1.662e-16 | Val Loss: 3.828e-02 | Time: 9.62s
2025-08-20 04:15:33,856:INFO:Epoch: 30450/40000 | Train Loss: 1.765e-02 | Dynamic Loss: 1.765e-02 | Regularization Loss: 1.561e-16 | Val Loss: 4.316e-02 | Time: 9.54s
2025-08-20 04:15:43,426:INFO:Epoch: 30500/40000 | Train Loss: 8.457e-03 | Dynamic Loss: 8.457e-03 | Regularization Loss: 1.373e-16 | Val Loss: 3.406e-02 | Time: 9.57s
2025-08-20 04:15:43,426:INFO:New best model found at epoch 30500 with validation loss 3.406e-02. Saving...
2025-08-20 04:15:52,955:INFO:Epoch: 30550/40000 | Train Loss: 1.191e-02 | Dynamic Loss: 1.191e-02 | Regularization Loss: 1.287e-16 | Val Loss: 4.146e-02 | Time: 9.51s
2025-08-20 04:16:03,832:INFO:Epoch: 30600/40000 | Train Loss: 1.024e-02 | Dynamic Loss: 1.024e-02 | Regularization Loss: 1.130e-16 | Val Loss: 3.710e-02 | Time: 10.88s
2025-08-20 04:16:13,628:INFO:Epoch: 30650/40000 | Train Loss: 1.009e-02 | Dynamic Loss: 1.009e-02 | Regularization Loss: 1.074e-16 | Val Loss: 3.642e-02 | Time: 9.80s
2025-08-20 04:16:23,159:INFO:Epoch: 30700/40000 | Train Loss: 1.183e-02 | Dynamic Loss: 1.183e-02 | Regularization Loss: 1.012e-16 | Val Loss: 3.726e-02 | Time: 9.53s
2025-08-20 04:16:40,239:INFO:Epoch: 30750/40000 | Train Loss: 1.053e-02 | Dynamic Loss: 1.053e-02 | Regularization Loss: 9.397e-17 | Val Loss: 3.558e-02 | Time: 17.08s
2025-08-20 04:16:49,739:INFO:Epoch: 30800/40000 | Train Loss: 1.005e-02 | Dynamic Loss: 1.005e-02 | Regularization Loss: 8.653e-17 | Val Loss: 3.498e-02 | Time: 9.50s
2025-08-20 04:16:59,334:INFO:Epoch: 30850/40000 | Train Loss: 1.141e-02 | Dynamic Loss: 1.141e-02 | Regularization Loss: 8.248e-17 | Val Loss: 3.846e-02 | Time: 9.59s
2025-08-20 04:17:09,692:INFO:Epoch: 30900/40000 | Train Loss: 1.549e-02 | Dynamic Loss: 1.549e-02 | Regularization Loss: 7.580e-17 | Val Loss: 3.694e-02 | Time: 10.36s
2025-08-20 04:17:19,242:INFO:Epoch: 30950/40000 | Train Loss: 1.227e-02 | Dynamic Loss: 1.227e-02 | Regularization Loss: 6.687e-17 | Val Loss: 4.045e-02 | Time: 9.55s
2025-08-20 04:17:28,772:INFO:Epoch: 31000/40000 | Train Loss: 1.372e-02 | Dynamic Loss: 1.372e-02 | Regularization Loss: 6.594e-17 | Val Loss: 3.934e-02 | Time: 9.53s
2025-08-20 04:17:38,828:INFO:Epoch: 31050/40000 | Train Loss: 1.113e-02 | Dynamic Loss: 1.113e-02 | Regularization Loss: 5.854e-17 | Val Loss: 4.025e-02 | Time: 10.06s
2025-08-20 04:17:48,455:INFO:Epoch: 31100/40000 | Train Loss: 1.440e-02 | Dynamic Loss: 1.440e-02 | Regularization Loss: 5.415e-17 | Val Loss: 3.914e-02 | Time: 9.63s
2025-08-20 04:17:58,009:INFO:Epoch: 31150/40000 | Train Loss: 1.041e-02 | Dynamic Loss: 1.041e-02 | Regularization Loss: 4.993e-17 | Val Loss: 3.858e-02 | Time: 9.55s
2025-08-20 04:18:07,646:INFO:Epoch: 31200/40000 | Train Loss: 1.148e-02 | Dynamic Loss: 1.148e-02 | Regularization Loss: 4.794e-17 | Val Loss: 3.837e-02 | Time: 9.64s
2025-08-20 04:18:17,207:INFO:Epoch: 31250/40000 | Train Loss: 1.042e-02 | Dynamic Loss: 1.042e-02 | Regularization Loss: 4.203e-17 | Val Loss: 3.672e-02 | Time: 9.56s
2025-08-20 04:18:26,720:INFO:Epoch: 31300/40000 | Train Loss: 9.346e-03 | Dynamic Loss: 9.346e-03 | Regularization Loss: 4.001e-17 | Val Loss: 3.558e-02 | Time: 9.51s
2025-08-20 04:18:36,202:INFO:Epoch: 31350/40000 | Train Loss: 7.739e-03 | Dynamic Loss: 7.739e-03 | Regularization Loss: 3.654e-17 | Val Loss: 3.447e-02 | Time: 9.48s
2025-08-20 04:18:47,567:INFO:Epoch: 31400/40000 | Train Loss: 1.023e-02 | Dynamic Loss: 1.023e-02 | Regularization Loss: 3.245e-17 | Val Loss: 3.636e-02 | Time: 11.36s
2025-08-20 04:18:57,122:INFO:Epoch: 31450/40000 | Train Loss: 1.044e-02 | Dynamic Loss: 1.044e-02 | Regularization Loss: 3.126e-17 | Val Loss: 3.623e-02 | Time: 9.56s
2025-08-20 04:19:06,645:INFO:Epoch: 31500/40000 | Train Loss: 1.278e-02 | Dynamic Loss: 1.278e-02 | Regularization Loss: 3.025e-17 | Val Loss: 3.955e-02 | Time: 9.52s
2025-08-20 04:19:24,070:INFO:Epoch: 31550/40000 | Train Loss: 1.072e-02 | Dynamic Loss: 1.072e-02 | Regularization Loss: 2.832e-17 | Val Loss: 3.458e-02 | Time: 17.42s
2025-08-20 04:19:33,569:INFO:Epoch: 31600/40000 | Train Loss: 1.089e-02 | Dynamic Loss: 1.089e-02 | Regularization Loss: 2.522e-17 | Val Loss: 3.550e-02 | Time: 9.50s
2025-08-20 04:19:43,135:INFO:Epoch: 31650/40000 | Train Loss: 1.452e-02 | Dynamic Loss: 1.452e-02 | Regularization Loss: 2.275e-17 | Val Loss: 3.897e-02 | Time: 9.57s
2025-08-20 04:19:56,248:INFO:Epoch: 31700/40000 | Train Loss: 1.265e-02 | Dynamic Loss: 1.265e-02 | Regularization Loss: 1.995e-17 | Val Loss: 3.822e-02 | Time: 13.11s
2025-08-20 04:20:05,772:INFO:Epoch: 31750/40000 | Train Loss: 1.534e-02 | Dynamic Loss: 1.534e-02 | Regularization Loss: 1.996e-17 | Val Loss: 4.441e-02 | Time: 9.52s
2025-08-20 04:20:15,331:INFO:Epoch: 31800/40000 | Train Loss: 8.651e-03 | Dynamic Loss: 8.651e-03 | Regularization Loss: 1.751e-17 | Val Loss: 3.407e-02 | Time: 9.56s
2025-08-20 04:20:24,961:INFO:Epoch: 31850/40000 | Train Loss: 8.677e-03 | Dynamic Loss: 8.677e-03 | Regularization Loss: 1.652e-17 | Val Loss: 3.688e-02 | Time: 9.63s
2025-08-20 04:20:34,507:INFO:Epoch: 31900/40000 | Train Loss: 7.126e-03 | Dynamic Loss: 7.126e-03 | Regularization Loss: 1.543e-17 | Val Loss: 3.417e-02 | Time: 9.55s
2025-08-20 04:20:44,028:INFO:Epoch: 31950/40000 | Train Loss: 1.518e-02 | Dynamic Loss: 1.518e-02 | Regularization Loss: 1.478e-17 | Val Loss: 3.548e-02 | Time: 9.52s
2025-08-20 04:20:53,528:INFO:Epoch: 32000/40000 | Train Loss: 8.643e-03 | Dynamic Loss: 8.643e-03 | Regularization Loss: 1.312e-17 | Val Loss: 3.424e-02 | Time: 9.50s
2025-08-20 04:21:07,969:INFO:Epoch: 32050/40000 | Train Loss: 1.011e-02 | Dynamic Loss: 1.011e-02 | Regularization Loss: 1.233e-17 | Val Loss: 3.510e-02 | Time: 14.44s
2025-08-20 04:21:17,762:INFO:Epoch: 32100/40000 | Train Loss: 1.163e-02 | Dynamic Loss: 1.163e-02 | Regularization Loss: 1.173e-17 | Val Loss: 3.614e-02 | Time: 9.79s
2025-08-20 04:21:27,483:INFO:Epoch: 32150/40000 | Train Loss: 1.995e-02 | Dynamic Loss: 1.995e-02 | Regularization Loss: 1.076e-17 | Val Loss: 4.370e-02 | Time: 9.72s
2025-08-20 04:21:41,469:INFO:Epoch: 32200/40000 | Train Loss: 7.974e-03 | Dynamic Loss: 7.974e-03 | Regularization Loss: 9.377e-18 | Val Loss: 3.525e-02 | Time: 13.99s
2025-08-20 04:21:51,110:INFO:Epoch: 32250/40000 | Train Loss: 1.113e-02 | Dynamic Loss: 1.113e-02 | Regularization Loss: 8.177e-18 | Val Loss: 3.627e-02 | Time: 9.64s
2025-08-20 04:22:01,386:INFO:Epoch: 32300/40000 | Train Loss: 6.972e-03 | Dynamic Loss: 6.972e-03 | Regularization Loss: 7.901e-18 | Val Loss: 3.343e-02 | Time: 10.28s
2025-08-20 04:22:01,386:INFO:New best model found at epoch 32300 with validation loss 3.343e-02. Saving...
2025-08-20 04:22:11,058:INFO:Epoch: 32350/40000 | Train Loss: 1.131e-02 | Dynamic Loss: 1.131e-02 | Regularization Loss: 7.767e-18 | Val Loss: 4.015e-02 | Time: 9.64s
2025-08-20 04:22:20,645:INFO:Epoch: 32400/40000 | Train Loss: 1.160e-02 | Dynamic Loss: 1.160e-02 | Regularization Loss: 7.160e-18 | Val Loss: 3.955e-02 | Time: 9.59s
2025-08-20 04:22:30,246:INFO:Epoch: 32450/40000 | Train Loss: 1.008e-02 | Dynamic Loss: 1.008e-02 | Regularization Loss: 6.725e-18 | Val Loss: 3.797e-02 | Time: 9.60s
2025-08-20 04:22:40,077:INFO:Epoch: 32500/40000 | Train Loss: 1.134e-02 | Dynamic Loss: 1.134e-02 | Regularization Loss: 6.681e-18 | Val Loss: 3.870e-02 | Time: 9.83s
2025-08-20 04:22:49,660:INFO:Epoch: 32550/40000 | Train Loss: 1.486e-02 | Dynamic Loss: 1.486e-02 | Regularization Loss: 5.346e-18 | Val Loss: 5.092e-02 | Time: 9.58s
2025-08-20 04:22:59,320:INFO:Epoch: 32600/40000 | Train Loss: 1.195e-02 | Dynamic Loss: 1.195e-02 | Regularization Loss: 4.993e-18 | Val Loss: 3.838e-02 | Time: 9.66s
2025-08-20 04:23:09,050:INFO:Epoch: 32650/40000 | Train Loss: 1.038e-02 | Dynamic Loss: 1.038e-02 | Regularization Loss: 4.677e-18 | Val Loss: 4.122e-02 | Time: 9.73s
2025-08-20 04:23:18,588:INFO:Epoch: 32700/40000 | Train Loss: 1.046e-02 | Dynamic Loss: 1.046e-02 | Regularization Loss: 4.798e-18 | Val Loss: 3.432e-02 | Time: 9.54s
2025-08-20 04:23:28,083:INFO:Epoch: 32750/40000 | Train Loss: 7.643e-03 | Dynamic Loss: 7.643e-03 | Regularization Loss: 4.455e-18 | Val Loss: 3.595e-02 | Time: 9.49s
2025-08-20 04:23:37,689:INFO:Epoch: 32800/40000 | Train Loss: 1.029e-02 | Dynamic Loss: 1.029e-02 | Regularization Loss: 4.259e-18 | Val Loss: 3.795e-02 | Time: 9.61s
2025-08-20 04:23:55,220:INFO:Epoch: 32850/40000 | Train Loss: 8.712e-03 | Dynamic Loss: 8.712e-03 | Regularization Loss: 3.915e-18 | Val Loss: 3.587e-02 | Time: 17.53s
2025-08-20 04:24:04,792:INFO:Epoch: 32900/40000 | Train Loss: 7.508e-03 | Dynamic Loss: 7.508e-03 | Regularization Loss: 3.463e-18 | Val Loss: 3.351e-02 | Time: 9.57s
2025-08-20 04:24:15,324:INFO:Epoch: 32950/40000 | Train Loss: 7.622e-03 | Dynamic Loss: 7.622e-03 | Regularization Loss: 3.238e-18 | Val Loss: 3.503e-02 | Time: 10.53s
2025-08-20 04:24:24,989:INFO:Epoch: 33000/40000 | Train Loss: 9.274e-03 | Dynamic Loss: 9.274e-03 | Regularization Loss: 3.080e-18 | Val Loss: 3.473e-02 | Time: 9.66s
2025-08-20 04:24:34,496:INFO:Epoch: 33050/40000 | Train Loss: 6.511e-03 | Dynamic Loss: 6.511e-03 | Regularization Loss: 2.778e-18 | Val Loss: 3.318e-02 | Time: 9.51s
2025-08-20 04:24:34,496:INFO:New best model found at epoch 33050 with validation loss 3.318e-02. Saving...
2025-08-20 04:24:44,112:INFO:Epoch: 33100/40000 | Train Loss: 9.872e-03 | Dynamic Loss: 9.872e-03 | Regularization Loss: 2.733e-18 | Val Loss: 3.562e-02 | Time: 9.59s
2025-08-20 04:24:53,654:INFO:Epoch: 33150/40000 | Train Loss: 1.595e-02 | Dynamic Loss: 1.595e-02 | Regularization Loss: 2.611e-18 | Val Loss: 3.589e-02 | Time: 9.54s
2025-08-20 04:25:10,788:INFO:Epoch: 33200/40000 | Train Loss: 6.538e-03 | Dynamic Loss: 6.538e-03 | Regularization Loss: 2.327e-18 | Val Loss: 3.381e-02 | Time: 17.13s
2025-08-20 04:25:20,384:INFO:Epoch: 33250/40000 | Train Loss: 6.998e-03 | Dynamic Loss: 6.998e-03 | Regularization Loss: 2.216e-18 | Val Loss: 3.440e-02 | Time: 9.60s
2025-08-20 04:25:29,964:INFO:Epoch: 33300/40000 | Train Loss: 1.590e-02 | Dynamic Loss: 1.590e-02 | Regularization Loss: 2.063e-18 | Val Loss: 4.287e-02 | Time: 9.58s
2025-08-20 04:25:39,579:INFO:Epoch: 33350/40000 | Train Loss: 7.979e-03 | Dynamic Loss: 7.979e-03 | Regularization Loss: 1.837e-18 | Val Loss: 3.508e-02 | Time: 9.61s
2025-08-20 04:25:49,074:INFO:Epoch: 33400/40000 | Train Loss: 1.255e-02 | Dynamic Loss: 1.255e-02 | Regularization Loss: 1.779e-18 | Val Loss: 3.668e-02 | Time: 9.49s
2025-08-20 04:25:58,674:INFO:Epoch: 33450/40000 | Train Loss: 7.183e-03 | Dynamic Loss: 7.183e-03 | Regularization Loss: 1.671e-18 | Val Loss: 3.468e-02 | Time: 9.60s
2025-08-20 04:26:08,314:INFO:Epoch: 33500/40000 | Train Loss: 9.775e-03 | Dynamic Loss: 9.775e-03 | Regularization Loss: 1.588e-18 | Val Loss: 3.569e-02 | Time: 9.64s
2025-08-20 04:26:18,051:INFO:Epoch: 33550/40000 | Train Loss: 8.157e-03 | Dynamic Loss: 8.157e-03 | Regularization Loss: 1.346e-18 | Val Loss: 3.499e-02 | Time: 9.74s
2025-08-20 04:26:27,601:INFO:Epoch: 33600/40000 | Train Loss: 5.821e-03 | Dynamic Loss: 5.821e-03 | Regularization Loss: 1.248e-18 | Val Loss: 3.352e-02 | Time: 9.55s
2025-08-20 04:26:37,196:INFO:Epoch: 33650/40000 | Train Loss: 9.131e-03 | Dynamic Loss: 9.131e-03 | Regularization Loss: 1.249e-18 | Val Loss: 3.635e-02 | Time: 9.59s
2025-08-20 04:26:46,842:INFO:Epoch: 33700/40000 | Train Loss: 1.239e-02 | Dynamic Loss: 1.239e-02 | Regularization Loss: 1.214e-18 | Val Loss: 3.921e-02 | Time: 9.65s
2025-08-20 04:26:56,391:INFO:Epoch: 33750/40000 | Train Loss: 6.449e-03 | Dynamic Loss: 6.449e-03 | Regularization Loss: 1.041e-18 | Val Loss: 3.355e-02 | Time: 9.55s
2025-08-20 04:27:05,989:INFO:Epoch: 33800/40000 | Train Loss: 9.274e-03 | Dynamic Loss: 9.274e-03 | Regularization Loss: 9.859e-19 | Val Loss: 3.626e-02 | Time: 9.60s
2025-08-20 04:27:15,577:INFO:Epoch: 33850/40000 | Train Loss: 6.853e-03 | Dynamic Loss: 6.853e-03 | Regularization Loss: 9.214e-19 | Val Loss: 3.456e-02 | Time: 9.59s
2025-08-20 04:27:25,233:INFO:Epoch: 33900/40000 | Train Loss: 8.468e-03 | Dynamic Loss: 8.468e-03 | Regularization Loss: 8.674e-19 | Val Loss: 3.460e-02 | Time: 9.66s
2025-08-20 04:27:34,818:INFO:Epoch: 33950/40000 | Train Loss: 1.020e-02 | Dynamic Loss: 1.020e-02 | Regularization Loss: 7.822e-19 | Val Loss: 3.914e-02 | Time: 9.59s
2025-08-20 04:27:44,456:INFO:Epoch: 34000/40000 | Train Loss: 9.272e-03 | Dynamic Loss: 9.272e-03 | Regularization Loss: 7.260e-19 | Val Loss: 3.488e-02 | Time: 9.64s
2025-08-20 04:27:54,006:INFO:Epoch: 34050/40000 | Train Loss: 8.256e-03 | Dynamic Loss: 8.256e-03 | Regularization Loss: 7.082e-19 | Val Loss: 3.683e-02 | Time: 9.55s
2025-08-20 04:28:03,559:INFO:Epoch: 34100/40000 | Train Loss: 1.186e-02 | Dynamic Loss: 1.186e-02 | Regularization Loss: 6.878e-19 | Val Loss: 3.943e-02 | Time: 9.55s
2025-08-20 04:28:13,184:INFO:Epoch: 34150/40000 | Train Loss: 6.646e-03 | Dynamic Loss: 6.646e-03 | Regularization Loss: 5.652e-19 | Val Loss: 3.331e-02 | Time: 9.62s
2025-08-20 04:28:29,155:INFO:Epoch: 34200/40000 | Train Loss: 1.643e-02 | Dynamic Loss: 1.643e-02 | Regularization Loss: 5.249e-19 | Val Loss: 3.637e-02 | Time: 15.97s
2025-08-20 04:28:38,835:INFO:Epoch: 34250/40000 | Train Loss: 1.453e-02 | Dynamic Loss: 1.453e-02 | Regularization Loss: 4.797e-19 | Val Loss: 4.101e-02 | Time: 9.68s
2025-08-20 04:28:48,389:INFO:Epoch: 34300/40000 | Train Loss: 6.645e-03 | Dynamic Loss: 6.645e-03 | Regularization Loss: 4.384e-19 | Val Loss: 3.365e-02 | Time: 9.55s
2025-08-20 04:28:58,028:INFO:Epoch: 34350/40000 | Train Loss: 7.813e-03 | Dynamic Loss: 7.813e-03 | Regularization Loss: 4.373e-19 | Val Loss: 3.552e-02 | Time: 9.64s
2025-08-20 04:29:07,581:INFO:Epoch: 34400/40000 | Train Loss: 1.133e-02 | Dynamic Loss: 1.133e-02 | Regularization Loss: 3.946e-19 | Val Loss: 3.695e-02 | Time: 9.55s
2025-08-20 04:29:17,080:INFO:Epoch: 34450/40000 | Train Loss: 8.314e-03 | Dynamic Loss: 8.314e-03 | Regularization Loss: 3.665e-19 | Val Loss: 3.492e-02 | Time: 9.50s
2025-08-20 04:29:26,547:INFO:Epoch: 34500/40000 | Train Loss: 8.867e-03 | Dynamic Loss: 8.867e-03 | Regularization Loss: 3.472e-19 | Val Loss: 3.536e-02 | Time: 9.47s
2025-08-20 04:29:36,172:INFO:Epoch: 34550/40000 | Train Loss: 1.070e-02 | Dynamic Loss: 1.070e-02 | Regularization Loss: 3.351e-19 | Val Loss: 3.993e-02 | Time: 9.63s
2025-08-20 04:29:45,697:INFO:Epoch: 34600/40000 | Train Loss: 1.143e-02 | Dynamic Loss: 1.143e-02 | Regularization Loss: 3.272e-19 | Val Loss: 3.678e-02 | Time: 9.52s
2025-08-20 04:29:55,789:INFO:Epoch: 34650/40000 | Train Loss: 1.065e-02 | Dynamic Loss: 1.065e-02 | Regularization Loss: 2.876e-19 | Val Loss: 3.659e-02 | Time: 10.09s
2025-08-20 04:30:05,410:INFO:Epoch: 34700/40000 | Train Loss: 6.849e-03 | Dynamic Loss: 6.849e-03 | Regularization Loss: 2.600e-19 | Val Loss: 3.518e-02 | Time: 9.62s
2025-08-20 04:30:14,974:INFO:Epoch: 34750/40000 | Train Loss: 7.428e-03 | Dynamic Loss: 7.428e-03 | Regularization Loss: 2.592e-19 | Val Loss: 3.607e-02 | Time: 9.56s
2025-08-20 04:30:24,480:INFO:Epoch: 34800/40000 | Train Loss: 9.253e-03 | Dynamic Loss: 9.253e-03 | Regularization Loss: 2.287e-19 | Val Loss: 3.438e-02 | Time: 9.51s
2025-08-20 04:30:34,141:INFO:Epoch: 34850/40000 | Train Loss: 1.238e-02 | Dynamic Loss: 1.238e-02 | Regularization Loss: 2.164e-19 | Val Loss: 3.660e-02 | Time: 9.66s
2025-08-20 04:30:43,549:INFO:Epoch: 34900/40000 | Train Loss: 6.768e-03 | Dynamic Loss: 6.768e-03 | Regularization Loss: 2.102e-19 | Val Loss: 3.377e-02 | Time: 9.41s
2025-08-20 04:30:53,220:INFO:Epoch: 34950/40000 | Train Loss: 6.831e-03 | Dynamic Loss: 6.831e-03 | Regularization Loss: 2.036e-19 | Val Loss: 3.562e-02 | Time: 9.67s
2025-08-20 04:31:02,730:INFO:Epoch: 35000/40000 | Train Loss: 6.737e-03 | Dynamic Loss: 6.737e-03 | Regularization Loss: 1.835e-19 | Val Loss: 3.172e-02 | Time: 9.51s
2025-08-20 04:31:02,730:INFO:New best model found at epoch 35000 with validation loss 3.172e-02. Saving...
2025-08-20 04:31:14,787:INFO:Epoch: 35050/40000 | Train Loss: 7.994e-03 | Dynamic Loss: 7.994e-03 | Regularization Loss: 1.728e-19 | Val Loss: 3.392e-02 | Time: 12.04s
2025-08-20 04:31:24,562:INFO:Epoch: 35100/40000 | Train Loss: 1.010e-02 | Dynamic Loss: 1.010e-02 | Regularization Loss: 1.677e-19 | Val Loss: 3.599e-02 | Time: 9.78s
2025-08-20 04:31:34,115:INFO:Epoch: 35150/40000 | Train Loss: 1.177e-02 | Dynamic Loss: 1.177e-02 | Regularization Loss: 1.525e-19 | Val Loss: 3.744e-02 | Time: 9.55s
2025-08-20 04:31:46,936:INFO:Epoch: 35200/40000 | Train Loss: 6.119e-03 | Dynamic Loss: 6.119e-03 | Regularization Loss: 1.418e-19 | Val Loss: 3.268e-02 | Time: 12.82s
2025-08-20 04:31:56,456:INFO:Epoch: 35250/40000 | Train Loss: 1.194e-02 | Dynamic Loss: 1.194e-02 | Regularization Loss: 1.342e-19 | Val Loss: 4.152e-02 | Time: 9.52s
2025-08-20 04:32:06,041:INFO:Epoch: 35300/40000 | Train Loss: 1.138e-02 | Dynamic Loss: 1.138e-02 | Regularization Loss: 1.265e-19 | Val Loss: 3.817e-02 | Time: 9.58s
2025-08-20 04:32:15,502:INFO:Epoch: 35350/40000 | Train Loss: 6.732e-03 | Dynamic Loss: 6.732e-03 | Regularization Loss: 1.179e-19 | Val Loss: 3.371e-02 | Time: 9.46s
2025-08-20 04:32:33,640:INFO:Epoch: 35400/40000 | Train Loss: 8.691e-03 | Dynamic Loss: 8.691e-03 | Regularization Loss: 1.137e-19 | Val Loss: 3.411e-02 | Time: 18.14s
2025-08-20 04:32:43,070:INFO:Epoch: 35450/40000 | Train Loss: 7.985e-03 | Dynamic Loss: 7.985e-03 | Regularization Loss: 1.083e-19 | Val Loss: 3.212e-02 | Time: 9.43s
2025-08-20 04:32:52,796:INFO:Epoch: 35500/40000 | Train Loss: 6.172e-03 | Dynamic Loss: 6.172e-03 | Regularization Loss: 1.030e-19 | Val Loss: 3.526e-02 | Time: 9.73s
2025-08-20 04:33:05,334:INFO:Epoch: 35550/40000 | Train Loss: 1.218e-02 | Dynamic Loss: 1.218e-02 | Regularization Loss: 1.006e-19 | Val Loss: 3.619e-02 | Time: 12.54s
2025-08-20 04:33:14,911:INFO:Epoch: 35600/40000 | Train Loss: 6.971e-03 | Dynamic Loss: 6.971e-03 | Regularization Loss: 8.931e-20 | Val Loss: 3.317e-02 | Time: 9.58s
2025-08-20 04:33:24,423:INFO:Epoch: 35650/40000 | Train Loss: 1.222e-02 | Dynamic Loss: 1.222e-02 | Regularization Loss: 8.182e-20 | Val Loss: 3.728e-02 | Time: 9.51s
2025-08-20 04:33:34,069:INFO:Epoch: 35700/40000 | Train Loss: 8.089e-03 | Dynamic Loss: 8.089e-03 | Regularization Loss: 7.831e-20 | Val Loss: 3.438e-02 | Time: 9.65s
2025-08-20 04:33:43,570:INFO:Epoch: 35750/40000 | Train Loss: 7.164e-03 | Dynamic Loss: 7.164e-03 | Regularization Loss: 7.669e-20 | Val Loss: 3.379e-02 | Time: 9.50s
2025-08-20 04:33:53,305:INFO:Epoch: 35800/40000 | Train Loss: 6.165e-03 | Dynamic Loss: 6.165e-03 | Regularization Loss: 6.945e-20 | Val Loss: 3.453e-02 | Time: 9.73s
2025-08-20 04:34:02,830:INFO:Epoch: 35850/40000 | Train Loss: 8.228e-03 | Dynamic Loss: 8.228e-03 | Regularization Loss: 7.057e-20 | Val Loss: 3.535e-02 | Time: 9.52s
2025-08-20 04:34:16,990:INFO:Epoch: 35900/40000 | Train Loss: 5.394e-03 | Dynamic Loss: 5.394e-03 | Regularization Loss: 6.163e-20 | Val Loss: 3.176e-02 | Time: 14.16s
2025-08-20 04:34:26,521:INFO:Epoch: 35950/40000 | Train Loss: 6.519e-03 | Dynamic Loss: 6.519e-03 | Regularization Loss: 5.832e-20 | Val Loss: 3.248e-02 | Time: 9.53s
2025-08-20 04:34:36,127:INFO:Epoch: 36000/40000 | Train Loss: 9.477e-03 | Dynamic Loss: 9.477e-03 | Regularization Loss: 5.844e-20 | Val Loss: 3.720e-02 | Time: 9.61s
2025-08-20 04:34:53,577:INFO:Epoch: 36050/40000 | Train Loss: 4.863e-03 | Dynamic Loss: 4.863e-03 | Regularization Loss: 5.202e-20 | Val Loss: 3.170e-02 | Time: 17.45s
2025-08-20 04:34:53,577:INFO:New best model found at epoch 36050 with validation loss 3.170e-02. Saving...
2025-08-20 04:35:03,124:INFO:Epoch: 36100/40000 | Train Loss: 8.373e-03 | Dynamic Loss: 8.373e-03 | Regularization Loss: 5.169e-20 | Val Loss: 3.642e-02 | Time: 9.53s
2025-08-20 04:35:12,566:INFO:Epoch: 36150/40000 | Train Loss: 6.144e-03 | Dynamic Loss: 6.144e-03 | Regularization Loss: 4.623e-20 | Val Loss: 3.227e-02 | Time: 9.44s
2025-08-20 04:35:25,470:INFO:Epoch: 36200/40000 | Train Loss: 1.382e-02 | Dynamic Loss: 1.382e-02 | Regularization Loss: 4.430e-20 | Val Loss: 4.234e-02 | Time: 12.90s
2025-08-20 04:35:34,992:INFO:Epoch: 36250/40000 | Train Loss: 1.023e-02 | Dynamic Loss: 1.023e-02 | Regularization Loss: 4.136e-20 | Val Loss: 3.724e-02 | Time: 9.52s
2025-08-20 04:35:44,479:INFO:Epoch: 36300/40000 | Train Loss: 8.493e-03 | Dynamic Loss: 8.493e-03 | Regularization Loss: 3.876e-20 | Val Loss: 3.438e-02 | Time: 9.49s
2025-08-20 04:35:54,143:INFO:Epoch: 36350/40000 | Train Loss: 7.511e-03 | Dynamic Loss: 7.511e-03 | Regularization Loss: 3.598e-20 | Val Loss: 3.193e-02 | Time: 9.66s
2025-08-20 04:36:03,607:INFO:Epoch: 36400/40000 | Train Loss: 1.183e-02 | Dynamic Loss: 1.183e-02 | Regularization Loss: 3.496e-20 | Val Loss: 4.416e-02 | Time: 9.46s
2025-08-20 04:36:13,135:INFO:Epoch: 36450/40000 | Train Loss: 5.640e-03 | Dynamic Loss: 5.640e-03 | Regularization Loss: 3.250e-20 | Val Loss: 3.186e-02 | Time: 9.53s
2025-08-20 04:36:22,678:INFO:Epoch: 36500/40000 | Train Loss: 8.623e-03 | Dynamic Loss: 8.623e-03 | Regularization Loss: 3.077e-20 | Val Loss: 3.400e-02 | Time: 9.54s
2025-08-20 04:36:35,543:INFO:Epoch: 36550/40000 | Train Loss: 7.003e-03 | Dynamic Loss: 7.003e-03 | Regularization Loss: 2.890e-20 | Val Loss: 3.580e-02 | Time: 12.86s
2025-08-20 04:36:44,970:INFO:Epoch: 36600/40000 | Train Loss: 6.385e-03 | Dynamic Loss: 6.385e-03 | Regularization Loss: 2.758e-20 | Val Loss: 3.388e-02 | Time: 9.43s
2025-08-20 04:36:54,475:INFO:Epoch: 36650/40000 | Train Loss: 7.083e-03 | Dynamic Loss: 7.083e-03 | Regularization Loss: 2.601e-20 | Val Loss: 3.349e-02 | Time: 9.50s
2025-08-20 04:37:10,222:INFO:Epoch: 36700/40000 | Train Loss: 8.832e-03 | Dynamic Loss: 8.832e-03 | Regularization Loss: 2.550e-20 | Val Loss: 3.608e-02 | Time: 15.75s
2025-08-20 04:37:19,706:INFO:Epoch: 36750/40000 | Train Loss: 7.440e-03 | Dynamic Loss: 7.440e-03 | Regularization Loss: 2.377e-20 | Val Loss: 3.300e-02 | Time: 9.48s
2025-08-20 04:37:29,150:INFO:Epoch: 36800/40000 | Train Loss: 9.966e-03 | Dynamic Loss: 9.966e-03 | Regularization Loss: 2.187e-20 | Val Loss: 3.422e-02 | Time: 9.44s
2025-08-20 04:37:38,869:INFO:Epoch: 36850/40000 | Train Loss: 8.275e-03 | Dynamic Loss: 8.275e-03 | Regularization Loss: 2.036e-20 | Val Loss: 3.613e-02 | Time: 9.72s
2025-08-20 04:37:48,449:INFO:Epoch: 36900/40000 | Train Loss: 7.403e-03 | Dynamic Loss: 7.403e-03 | Regularization Loss: 1.891e-20 | Val Loss: 3.516e-02 | Time: 9.58s
2025-08-20 04:37:58,001:INFO:Epoch: 36950/40000 | Train Loss: 6.462e-03 | Dynamic Loss: 6.462e-03 | Regularization Loss: 1.841e-20 | Val Loss: 3.417e-02 | Time: 9.55s
2025-08-20 04:38:07,602:INFO:Epoch: 37000/40000 | Train Loss: 1.235e-02 | Dynamic Loss: 1.235e-02 | Regularization Loss: 1.788e-20 | Val Loss: 4.081e-02 | Time: 9.60s
2025-08-20 04:38:17,116:INFO:Epoch: 37050/40000 | Train Loss: 5.273e-03 | Dynamic Loss: 5.273e-03 | Regularization Loss: 1.660e-20 | Val Loss: 3.195e-02 | Time: 9.51s
2025-08-20 04:38:26,598:INFO:Epoch: 37100/40000 | Train Loss: 1.595e-02 | Dynamic Loss: 1.595e-02 | Regularization Loss: 1.735e-20 | Val Loss: 3.711e-02 | Time: 9.48s
2025-08-20 04:38:36,138:INFO:Epoch: 37150/40000 | Train Loss: 6.936e-03 | Dynamic Loss: 6.936e-03 | Regularization Loss: 1.565e-20 | Val Loss: 3.429e-02 | Time: 9.54s
2025-08-20 04:38:50,680:INFO:Epoch: 37200/40000 | Train Loss: 1.026e-02 | Dynamic Loss: 1.026e-02 | Regularization Loss: 1.542e-20 | Val Loss: 3.623e-02 | Time: 14.54s
2025-08-20 04:39:00,292:INFO:Epoch: 37250/40000 | Train Loss: 9.913e-03 | Dynamic Loss: 9.913e-03 | Regularization Loss: 1.383e-20 | Val Loss: 3.747e-02 | Time: 9.61s
2025-08-20 04:39:09,848:INFO:Epoch: 37300/40000 | Train Loss: 8.356e-03 | Dynamic Loss: 8.356e-03 | Regularization Loss: 1.353e-20 | Val Loss: 3.368e-02 | Time: 9.56s
2025-08-20 04:39:19,516:INFO:Epoch: 37350/40000 | Train Loss: 8.391e-03 | Dynamic Loss: 8.391e-03 | Regularization Loss: 1.267e-20 | Val Loss: 3.283e-02 | Time: 9.67s
2025-08-20 04:39:29,053:INFO:Epoch: 37400/40000 | Train Loss: 5.784e-03 | Dynamic Loss: 5.784e-03 | Regularization Loss: 1.132e-20 | Val Loss: 3.257e-02 | Time: 9.54s
2025-08-20 04:39:38,585:INFO:Epoch: 37450/40000 | Train Loss: 6.247e-03 | Dynamic Loss: 6.247e-03 | Regularization Loss: 1.078e-20 | Val Loss: 3.211e-02 | Time: 9.53s
2025-08-20 04:39:48,203:INFO:Epoch: 37500/40000 | Train Loss: 6.628e-03 | Dynamic Loss: 6.628e-03 | Regularization Loss: 1.030e-20 | Val Loss: 3.195e-02 | Time: 9.62s
2025-08-20 04:39:57,817:INFO:Epoch: 37550/40000 | Train Loss: 9.072e-03 | Dynamic Loss: 9.072e-03 | Regularization Loss: 9.913e-21 | Val Loss: 3.566e-02 | Time: 9.61s
2025-08-20 04:40:07,354:INFO:Epoch: 37600/40000 | Train Loss: 4.661e-03 | Dynamic Loss: 4.661e-03 | Regularization Loss: 9.401e-21 | Val Loss: 3.130e-02 | Time: 9.54s
2025-08-20 04:40:07,354:INFO:New best model found at epoch 37600 with validation loss 3.130e-02. Saving...
2025-08-20 04:40:17,126:INFO:Epoch: 37650/40000 | Train Loss: 7.293e-03 | Dynamic Loss: 7.293e-03 | Regularization Loss: 8.985e-21 | Val Loss: 3.328e-02 | Time: 9.75s
2025-08-20 04:40:32,564:INFO:Epoch: 37700/40000 | Train Loss: 7.449e-03 | Dynamic Loss: 7.449e-03 | Regularization Loss: 8.687e-21 | Val Loss: 3.202e-02 | Time: 15.44s
2025-08-20 04:40:42,153:INFO:Epoch: 37750/40000 | Train Loss: 7.215e-03 | Dynamic Loss: 7.215e-03 | Regularization Loss: 8.594e-21 | Val Loss: 3.214e-02 | Time: 9.59s
2025-08-20 04:40:51,671:INFO:Epoch: 37800/40000 | Train Loss: 6.996e-03 | Dynamic Loss: 6.996e-03 | Regularization Loss: 8.118e-21 | Val Loss: 3.167e-02 | Time: 9.52s
2025-08-20 04:41:01,286:INFO:Epoch: 37850/40000 | Train Loss: 6.039e-03 | Dynamic Loss: 6.039e-03 | Regularization Loss: 7.412e-21 | Val Loss: 3.057e-02 | Time: 9.62s
2025-08-20 04:41:01,287:INFO:New best model found at epoch 37850 with validation loss 3.057e-02. Saving...
2025-08-20 04:41:10,822:INFO:Epoch: 37900/40000 | Train Loss: 9.843e-03 | Dynamic Loss: 9.843e-03 | Regularization Loss: 7.094e-21 | Val Loss: 3.540e-02 | Time: 9.51s
2025-08-20 04:41:20,286:INFO:Epoch: 37950/40000 | Train Loss: 7.285e-03 | Dynamic Loss: 7.285e-03 | Regularization Loss: 6.866e-21 | Val Loss: 3.291e-02 | Time: 9.46s
2025-08-20 04:41:29,995:INFO:Epoch: 38000/40000 | Train Loss: 6.252e-03 | Dynamic Loss: 6.252e-03 | Regularization Loss: 6.438e-21 | Val Loss: 3.145e-02 | Time: 9.71s
2025-08-20 04:41:39,531:INFO:Epoch: 38050/40000 | Train Loss: 9.608e-03 | Dynamic Loss: 9.608e-03 | Regularization Loss: 6.191e-21 | Val Loss: 3.177e-02 | Time: 9.54s
2025-08-20 04:41:49,067:INFO:Epoch: 38100/40000 | Train Loss: 6.352e-03 | Dynamic Loss: 6.352e-03 | Regularization Loss: 5.662e-21 | Val Loss: 3.235e-02 | Time: 9.54s
2025-08-20 04:41:58,553:INFO:Epoch: 38150/40000 | Train Loss: 9.786e-03 | Dynamic Loss: 9.786e-03 | Regularization Loss: 5.683e-21 | Val Loss: 3.294e-02 | Time: 9.49s
2025-08-20 04:42:14,603:INFO:Epoch: 38200/40000 | Train Loss: 9.653e-03 | Dynamic Loss: 9.653e-03 | Regularization Loss: 5.299e-21 | Val Loss: 3.402e-02 | Time: 16.05s
2025-08-20 04:42:24,156:INFO:Epoch: 38250/40000 | Train Loss: 1.051e-02 | Dynamic Loss: 1.051e-02 | Regularization Loss: 5.012e-21 | Val Loss: 3.225e-02 | Time: 9.55s
2025-08-20 04:42:33,665:INFO:Epoch: 38300/40000 | Train Loss: 6.372e-03 | Dynamic Loss: 6.372e-03 | Regularization Loss: 4.858e-21 | Val Loss: 3.078e-02 | Time: 9.51s
2025-08-20 04:42:43,295:INFO:Epoch: 38350/40000 | Train Loss: 5.733e-03 | Dynamic Loss: 5.733e-03 | Regularization Loss: 4.456e-21 | Val Loss: 2.993e-02 | Time: 9.63s
2025-08-20 04:42:43,295:INFO:New best model found at epoch 38350 with validation loss 2.993e-02. Saving...
2025-08-20 04:42:52,877:INFO:Epoch: 38400/40000 | Train Loss: 6.755e-03 | Dynamic Loss: 6.755e-03 | Regularization Loss: 4.318e-21 | Val Loss: 3.038e-02 | Time: 9.56s
2025-08-20 04:43:02,425:INFO:Epoch: 38450/40000 | Train Loss: 4.672e-03 | Dynamic Loss: 4.672e-03 | Regularization Loss: 4.017e-21 | Val Loss: 2.978e-02 | Time: 9.55s
2025-08-20 04:43:02,425:INFO:New best model found at epoch 38450 with validation loss 2.978e-02. Saving...
2025-08-20 04:43:12,044:INFO:Epoch: 38500/40000 | Train Loss: 5.470e-03 | Dynamic Loss: 5.470e-03 | Regularization Loss: 3.828e-21 | Val Loss: 3.107e-02 | Time: 9.60s
2025-08-20 04:43:21,602:INFO:Epoch: 38550/40000 | Train Loss: 1.294e-02 | Dynamic Loss: 1.294e-02 | Regularization Loss: 3.594e-21 | Val Loss: 3.498e-02 | Time: 9.56s
2025-08-20 04:43:31,538:INFO:Epoch: 38600/40000 | Train Loss: 8.717e-03 | Dynamic Loss: 8.717e-03 | Regularization Loss: 3.418e-21 | Val Loss: 3.310e-02 | Time: 9.94s
2025-08-20 04:43:41,148:INFO:Epoch: 38650/40000 | Train Loss: 8.839e-03 | Dynamic Loss: 8.839e-03 | Regularization Loss: 3.282e-21 | Val Loss: 3.436e-02 | Time: 9.61s
2025-08-20 04:43:50,683:INFO:Epoch: 38700/40000 | Train Loss: 6.329e-03 | Dynamic Loss: 6.329e-03 | Regularization Loss: 3.019e-21 | Val Loss: 3.193e-02 | Time: 9.53s
2025-08-20 04:44:00,167:INFO:Epoch: 38750/40000 | Train Loss: 5.560e-03 | Dynamic Loss: 5.560e-03 | Regularization Loss: 2.967e-21 | Val Loss: 3.012e-02 | Time: 9.48s
2025-08-20 04:44:09,838:INFO:Epoch: 38800/40000 | Train Loss: 8.576e-03 | Dynamic Loss: 8.576e-03 | Regularization Loss: 2.826e-21 | Val Loss: 3.410e-02 | Time: 9.67s
2025-08-20 04:44:19,463:INFO:Epoch: 38850/40000 | Train Loss: 7.045e-03 | Dynamic Loss: 7.045e-03 | Regularization Loss: 2.639e-21 | Val Loss: 3.090e-02 | Time: 9.62s
2025-08-20 04:44:29,026:INFO:Epoch: 38900/40000 | Train Loss: 8.702e-03 | Dynamic Loss: 8.702e-03 | Regularization Loss: 2.479e-21 | Val Loss: 3.191e-02 | Time: 9.56s
2025-08-20 04:44:38,621:INFO:Epoch: 38950/40000 | Train Loss: 7.104e-03 | Dynamic Loss: 7.104e-03 | Regularization Loss: 2.440e-21 | Val Loss: 3.152e-02 | Time: 9.59s
2025-08-20 04:44:53,809:INFO:Epoch: 39000/40000 | Train Loss: 7.216e-03 | Dynamic Loss: 7.216e-03 | Regularization Loss: 2.185e-21 | Val Loss: 3.080e-02 | Time: 15.19s
2025-08-20 04:45:03,677:INFO:Epoch: 39050/40000 | Train Loss: 7.226e-03 | Dynamic Loss: 7.226e-03 | Regularization Loss: 2.128e-21 | Val Loss: 3.055e-02 | Time: 9.87s
2025-08-20 04:45:13,185:INFO:Epoch: 39100/40000 | Train Loss: 7.057e-03 | Dynamic Loss: 7.057e-03 | Regularization Loss: 1.917e-21 | Val Loss: 3.094e-02 | Time: 9.51s
2025-08-20 04:45:28,665:INFO:Epoch: 39150/40000 | Train Loss: 8.002e-03 | Dynamic Loss: 8.002e-03 | Regularization Loss: 1.869e-21 | Val Loss: 3.260e-02 | Time: 15.48s
2025-08-20 04:45:38,187:INFO:Epoch: 39200/40000 | Train Loss: 5.571e-03 | Dynamic Loss: 5.571e-03 | Regularization Loss: 1.820e-21 | Val Loss: 3.010e-02 | Time: 9.52s
2025-08-20 04:45:47,704:INFO:Epoch: 39250/40000 | Train Loss: 7.347e-03 | Dynamic Loss: 7.347e-03 | Regularization Loss: 1.740e-21 | Val Loss: 3.243e-02 | Time: 9.52s
2025-08-20 04:45:57,333:INFO:Epoch: 39300/40000 | Train Loss: 7.237e-03 | Dynamic Loss: 7.237e-03 | Regularization Loss: 1.662e-21 | Val Loss: 3.359e-02 | Time: 9.63s
2025-08-20 04:46:06,835:INFO:Epoch: 39350/40000 | Train Loss: 8.041e-03 | Dynamic Loss: 8.041e-03 | Regularization Loss: 1.608e-21 | Val Loss: 3.247e-02 | Time: 9.50s
2025-08-20 04:46:16,355:INFO:Epoch: 39400/40000 | Train Loss: 6.162e-03 | Dynamic Loss: 6.162e-03 | Regularization Loss: 1.503e-21 | Val Loss: 3.042e-02 | Time: 9.52s
2025-08-20 04:46:26,278:INFO:Epoch: 39450/40000 | Train Loss: 7.148e-03 | Dynamic Loss: 7.148e-03 | Regularization Loss: 1.422e-21 | Val Loss: 3.072e-02 | Time: 9.92s
2025-08-20 04:46:35,924:INFO:Epoch: 39500/40000 | Train Loss: 6.966e-03 | Dynamic Loss: 6.966e-03 | Regularization Loss: 1.382e-21 | Val Loss: 3.197e-02 | Time: 9.65s
2025-08-20 04:46:45,479:INFO:Epoch: 39550/40000 | Train Loss: 7.539e-03 | Dynamic Loss: 7.539e-03 | Regularization Loss: 1.335e-21 | Val Loss: 3.309e-02 | Time: 9.55s
2025-08-20 04:46:54,885:INFO:Epoch: 39600/40000 | Train Loss: 7.251e-03 | Dynamic Loss: 7.251e-03 | Regularization Loss: 1.310e-21 | Val Loss: 3.086e-02 | Time: 9.41s
2025-08-20 04:47:09,593:INFO:Epoch: 39650/40000 | Train Loss: 7.959e-03 | Dynamic Loss: 7.959e-03 | Regularization Loss: 1.239e-21 | Val Loss: 3.209e-02 | Time: 14.71s
2025-08-20 04:47:19,025:INFO:Epoch: 39700/40000 | Train Loss: 5.205e-03 | Dynamic Loss: 5.205e-03 | Regularization Loss: 1.182e-21 | Val Loss: 3.097e-02 | Time: 9.43s
2025-08-20 04:47:28,528:INFO:Epoch: 39750/40000 | Train Loss: 6.545e-03 | Dynamic Loss: 6.545e-03 | Regularization Loss: 1.114e-21 | Val Loss: 3.053e-02 | Time: 9.50s
2025-08-20 04:47:44,060:INFO:Epoch: 39800/40000 | Train Loss: 7.199e-03 | Dynamic Loss: 7.199e-03 | Regularization Loss: 1.033e-21 | Val Loss: 3.160e-02 | Time: 15.53s
2025-08-20 04:47:53,705:INFO:Epoch: 39850/40000 | Train Loss: 5.300e-03 | Dynamic Loss: 5.300e-03 | Regularization Loss: 1.010e-21 | Val Loss: 3.091e-02 | Time: 9.64s
2025-08-20 04:48:03,076:INFO:Epoch: 39900/40000 | Train Loss: 5.497e-03 | Dynamic Loss: 5.497e-03 | Regularization Loss: 9.529e-22 | Val Loss: 2.942e-02 | Time: 9.37s
2025-08-20 04:48:03,076:INFO:New best model found at epoch 39900 with validation loss 2.942e-02. Saving...
2025-08-20 04:48:12,687:INFO:Epoch: 39950/40000 | Train Loss: 1.237e-02 | Dynamic Loss: 1.237e-02 | Regularization Loss: 9.621e-22 | Val Loss: 3.446e-02 | Time: 9.59s
2025-08-20 04:48:22,255:INFO:Epoch: 40000/40000 | Train Loss: 7.512e-03 | Dynamic Loss: 7.512e-03 | Regularization Loss: 8.716e-22 | Val Loss: 3.150e-02 | Time: 9.57s
