2025-08-19 23:54:33,005:INFO:Created DataLoaders with 5994 training samples and 1998 validation samples.
2025-08-19 23:54:55,815:INFO:model params: 2380161
2025-08-19 23:55:34,105:INFO:Epoch: 0/40000 | Train Loss: 2.816e+00 | Dynamic Loss: 2.816e+00 | Regularization Loss: 0.000e+00 | Val Loss: 2.520e+00 | Time: 38.29s
2025-08-19 23:55:34,105:INFO:New best model found at epoch 0 with validation loss 2.520e+00. Saving...
2025-08-19 23:55:42,109:INFO:Epoch: 50/40000 | Train Loss: 1.812e+00 | Dynamic Loss: 1.812e+00 | Regularization Loss: 0.000e+00 | Val Loss: 1.801e+00 | Time: 7.84s
2025-08-19 23:55:42,109:INFO:New best model found at epoch 50 with validation loss 1.801e+00. Saving...
2025-08-19 23:55:50,022:INFO:Epoch: 100/40000 | Train Loss: 1.685e+00 | Dynamic Loss: 1.685e+00 | Regularization Loss: 0.000e+00 | Val Loss: 1.726e+00 | Time: 7.90s
2025-08-19 23:55:50,023:INFO:New best model found at epoch 100 with validation loss 1.726e+00. Saving...
2025-08-19 23:55:57,991:INFO:Epoch: 150/40000 | Train Loss: 1.643e+00 | Dynamic Loss: 1.643e+00 | Regularization Loss: 0.000e+00 | Val Loss: 1.684e+00 | Time: 7.95s
2025-08-19 23:55:57,991:INFO:New best model found at epoch 150 with validation loss 1.684e+00. Saving...
2025-08-19 23:56:05,951:INFO:Epoch: 200/40000 | Train Loss: 1.607e+00 | Dynamic Loss: 1.607e+00 | Regularization Loss: 0.000e+00 | Val Loss: 1.654e+00 | Time: 7.94s
2025-08-19 23:56:05,951:INFO:New best model found at epoch 200 with validation loss 1.654e+00. Saving...
2025-08-19 23:56:13,954:INFO:Epoch: 250/40000 | Train Loss: 1.578e+00 | Dynamic Loss: 1.578e+00 | Regularization Loss: 0.000e+00 | Val Loss: 1.630e+00 | Time: 7.99s
2025-08-19 23:56:13,954:INFO:New best model found at epoch 250 with validation loss 1.630e+00. Saving...
2025-08-19 23:56:21,931:INFO:Epoch: 300/40000 | Train Loss: 1.541e+00 | Dynamic Loss: 1.541e+00 | Regularization Loss: 0.000e+00 | Val Loss: 1.594e+00 | Time: 7.96s
2025-08-19 23:56:21,931:INFO:New best model found at epoch 300 with validation loss 1.594e+00. Saving...
2025-08-19 23:56:30,035:INFO:Epoch: 350/40000 | Train Loss: 1.487e+00 | Dynamic Loss: 1.487e+00 | Regularization Loss: 0.000e+00 | Val Loss: 1.537e+00 | Time: 8.09s
2025-08-19 23:56:30,035:INFO:New best model found at epoch 350 with validation loss 1.537e+00. Saving...
2025-08-19 23:56:38,145:INFO:Epoch: 400/40000 | Train Loss: 1.440e+00 | Dynamic Loss: 1.440e+00 | Regularization Loss: 0.000e+00 | Val Loss: 1.472e+00 | Time: 8.09s
2025-08-19 23:56:38,145:INFO:New best model found at epoch 400 with validation loss 1.472e+00. Saving...
2025-08-19 23:56:46,186:INFO:Epoch: 450/40000 | Train Loss: 1.336e+00 | Dynamic Loss: 1.336e+00 | Regularization Loss: 0.000e+00 | Val Loss: 1.378e+00 | Time: 8.02s
2025-08-19 23:56:46,186:INFO:New best model found at epoch 450 with validation loss 1.378e+00. Saving...
2025-08-19 23:56:54,292:INFO:Epoch: 500/40000 | Train Loss: 1.224e+00 | Dynamic Loss: 1.224e+00 | Regularization Loss: 0.000e+00 | Val Loss: 1.259e+00 | Time: 8.09s
2025-08-19 23:56:54,292:INFO:New best model found at epoch 500 with validation loss 1.259e+00. Saving...
2025-08-19 23:57:02,497:INFO:Epoch: 550/40000 | Train Loss: 1.169e+00 | Dynamic Loss: 1.169e+00 | Regularization Loss: 0.000e+00 | Val Loss: 1.215e+00 | Time: 8.19s
2025-08-19 23:57:02,497:INFO:New best model found at epoch 550 with validation loss 1.215e+00. Saving...
2025-08-19 23:57:10,631:INFO:Epoch: 600/40000 | Train Loss: 1.187e+00 | Dynamic Loss: 1.187e+00 | Regularization Loss: 0.000e+00 | Val Loss: 1.249e+00 | Time: 8.12s
2025-08-19 23:57:18,856:INFO:Epoch: 650/40000 | Train Loss: 1.089e+00 | Dynamic Loss: 1.089e+00 | Regularization Loss: 0.000e+00 | Val Loss: 1.147e+00 | Time: 8.22s
2025-08-19 23:57:18,856:INFO:New best model found at epoch 650 with validation loss 1.147e+00. Saving...
2025-08-19 23:57:26,880:INFO:Epoch: 700/40000 | Train Loss: 9.698e-01 | Dynamic Loss: 9.698e-01 | Regularization Loss: 0.000e+00 | Val Loss: 1.031e+00 | Time: 8.01s
2025-08-19 23:57:26,880:INFO:New best model found at epoch 700 with validation loss 1.031e+00. Saving...
2025-08-19 23:57:35,025:INFO:Epoch: 750/40000 | Train Loss: 9.321e-01 | Dynamic Loss: 9.321e-01 | Regularization Loss: 0.000e+00 | Val Loss: 9.981e-01 | Time: 8.13s
2025-08-19 23:57:35,026:INFO:New best model found at epoch 750 with validation loss 9.981e-01. Saving...
2025-08-19 23:57:43,190:INFO:Epoch: 800/40000 | Train Loss: 8.940e-01 | Dynamic Loss: 8.940e-01 | Regularization Loss: 0.000e+00 | Val Loss: 9.565e-01 | Time: 8.15s
2025-08-19 23:57:43,190:INFO:New best model found at epoch 800 with validation loss 9.565e-01. Saving...
2025-08-19 23:57:51,293:INFO:Epoch: 850/40000 | Train Loss: 8.456e-01 | Dynamic Loss: 8.456e-01 | Regularization Loss: 0.000e+00 | Val Loss: 9.101e-01 | Time: 8.09s
2025-08-19 23:57:51,293:INFO:New best model found at epoch 850 with validation loss 9.101e-01. Saving...
2025-08-19 23:57:59,393:INFO:Epoch: 900/40000 | Train Loss: 9.108e-01 | Dynamic Loss: 9.108e-01 | Regularization Loss: 0.000e+00 | Val Loss: 1.043e+00 | Time: 8.08s
2025-08-19 23:58:07,522:INFO:Epoch: 950/40000 | Train Loss: 7.870e-01 | Dynamic Loss: 7.870e-01 | Regularization Loss: 0.000e+00 | Val Loss: 8.620e-01 | Time: 8.13s
2025-08-19 23:58:07,522:INFO:New best model found at epoch 950 with validation loss 8.620e-01. Saving...
2025-08-19 23:58:15,656:INFO:Epoch: 1000/40000 | Train Loss: 1.858e+00 | Dynamic Loss: 1.858e+00 | Regularization Loss: 0.000e+00 | Val Loss: 1.705e+00 | Time: 8.12s
2025-08-19 23:58:23,799:INFO:Epoch: 1050/40000 | Train Loss: 7.400e-01 | Dynamic Loss: 7.400e-01 | Regularization Loss: 0.000e+00 | Val Loss: 7.860e-01 | Time: 8.14s
2025-08-19 23:58:23,799:INFO:New best model found at epoch 1050 with validation loss 7.860e-01. Saving...
2025-08-19 23:58:38,058:INFO:Epoch: 1100/40000 | Train Loss: 6.868e-01 | Dynamic Loss: 6.868e-01 | Regularization Loss: 0.000e+00 | Val Loss: 7.554e-01 | Time: 14.24s
2025-08-19 23:58:38,058:INFO:New best model found at epoch 1100 with validation loss 7.554e-01. Saving...
2025-08-19 23:58:46,193:INFO:Epoch: 1150/40000 | Train Loss: 6.629e-01 | Dynamic Loss: 6.629e-01 | Regularization Loss: 0.000e+00 | Val Loss: 7.198e-01 | Time: 8.12s
2025-08-19 23:58:46,194:INFO:New best model found at epoch 1150 with validation loss 7.198e-01. Saving...
2025-08-19 23:58:54,317:INFO:Epoch: 1200/40000 | Train Loss: 6.812e-01 | Dynamic Loss: 6.812e-01 | Regularization Loss: 0.000e+00 | Val Loss: 7.529e-01 | Time: 8.11s
2025-08-19 23:59:02,452:INFO:Epoch: 1250/40000 | Train Loss: 8.388e-01 | Dynamic Loss: 8.388e-01 | Regularization Loss: 0.000e+00 | Val Loss: 7.317e-01 | Time: 8.13s
2025-08-19 23:59:10,605:INFO:Epoch: 1300/40000 | Train Loss: 7.324e-01 | Dynamic Loss: 7.324e-01 | Regularization Loss: 0.000e+00 | Val Loss: 8.088e-01 | Time: 8.15s
2025-08-19 23:59:18,707:INFO:Epoch: 1350/40000 | Train Loss: 5.587e-01 | Dynamic Loss: 5.587e-01 | Regularization Loss: 0.000e+00 | Val Loss: 6.229e-01 | Time: 8.10s
2025-08-19 23:59:18,707:INFO:New best model found at epoch 1350 with validation loss 6.229e-01. Saving...
2025-08-19 23:59:33,396:INFO:Epoch: 1400/40000 | Train Loss: 6.073e-01 | Dynamic Loss: 6.073e-01 | Regularization Loss: 0.000e+00 | Val Loss: 6.714e-01 | Time: 14.67s
2025-08-19 23:59:41,509:INFO:Epoch: 1450/40000 | Train Loss: 7.889e-01 | Dynamic Loss: 7.889e-01 | Regularization Loss: 0.000e+00 | Val Loss: 8.375e-01 | Time: 8.11s
2025-08-19 23:59:49,691:INFO:Epoch: 1500/40000 | Train Loss: 5.028e-01 | Dynamic Loss: 5.028e-01 | Regularization Loss: 0.000e+00 | Val Loss: 5.646e-01 | Time: 8.18s
2025-08-19 23:59:49,691:INFO:New best model found at epoch 1500 with validation loss 5.646e-01. Saving...
2025-08-19 23:59:57,741:INFO:Epoch: 1550/40000 | Train Loss: 4.828e-01 | Dynamic Loss: 4.828e-01 | Regularization Loss: 0.000e+00 | Val Loss: 5.498e-01 | Time: 8.03s
2025-08-19 23:59:57,741:INFO:New best model found at epoch 1550 with validation loss 5.498e-01. Saving...
2025-08-20 00:00:05,887:INFO:Epoch: 1600/40000 | Train Loss: 4.736e-01 | Dynamic Loss: 4.736e-01 | Regularization Loss: 0.000e+00 | Val Loss: 5.336e-01 | Time: 8.13s
2025-08-20 00:00:05,888:INFO:New best model found at epoch 1600 with validation loss 5.336e-01. Saving...
2025-08-20 00:00:14,029:INFO:Epoch: 1650/40000 | Train Loss: 5.425e-01 | Dynamic Loss: 5.425e-01 | Regularization Loss: 0.000e+00 | Val Loss: 6.251e-01 | Time: 8.13s
2025-08-20 00:00:22,163:INFO:Epoch: 1700/40000 | Train Loss: 4.943e-01 | Dynamic Loss: 4.943e-01 | Regularization Loss: 0.000e+00 | Val Loss: 5.560e-01 | Time: 8.13s
2025-08-20 00:00:30,303:INFO:Epoch: 1750/40000 | Train Loss: 4.347e-01 | Dynamic Loss: 4.347e-01 | Regularization Loss: 0.000e+00 | Val Loss: 4.929e-01 | Time: 8.14s
2025-08-20 00:00:30,303:INFO:New best model found at epoch 1750 with validation loss 4.929e-01. Saving...
2025-08-20 00:00:44,852:INFO:Epoch: 1800/40000 | Train Loss: 4.246e-01 | Dynamic Loss: 4.246e-01 | Regularization Loss: 0.000e+00 | Val Loss: 4.775e-01 | Time: 14.53s
2025-08-20 00:00:44,852:INFO:New best model found at epoch 1800 with validation loss 4.775e-01. Saving...
2025-08-20 00:00:53,056:INFO:Epoch: 1850/40000 | Train Loss: 5.248e-01 | Dynamic Loss: 5.248e-01 | Regularization Loss: 0.000e+00 | Val Loss: 5.947e-01 | Time: 8.19s
2025-08-20 00:01:01,030:INFO:Epoch: 1900/40000 | Train Loss: 4.219e-01 | Dynamic Loss: 4.219e-01 | Regularization Loss: 0.000e+00 | Val Loss: 4.827e-01 | Time: 7.97s
2025-08-20 00:01:15,791:INFO:Epoch: 1950/40000 | Train Loss: 4.010e-01 | Dynamic Loss: 4.010e-01 | Regularization Loss: 0.000e+00 | Val Loss: 4.655e-01 | Time: 14.76s
2025-08-20 00:01:15,791:INFO:New best model found at epoch 1950 with validation loss 4.655e-01. Saving...
2025-08-20 00:01:23,900:INFO:Epoch: 2000/40000 | Train Loss: 3.740e-01 | Dynamic Loss: 3.740e-01 | Regularization Loss: 0.000e+00 | Val Loss: 4.335e-01 | Time: 8.09s
2025-08-20 00:01:23,900:INFO:New best model found at epoch 2000 with validation loss 4.335e-01. Saving...
2025-08-20 00:01:32,098:INFO:Epoch: 2050/40000 | Train Loss: 4.217e-01 | Dynamic Loss: 4.217e-01 | Regularization Loss: 0.000e+00 | Val Loss: 4.729e-01 | Time: 8.18s
2025-08-20 00:01:40,274:INFO:Epoch: 2100/40000 | Train Loss: 4.338e-01 | Dynamic Loss: 4.338e-01 | Regularization Loss: 0.000e+00 | Val Loss: 4.767e-01 | Time: 8.18s
2025-08-20 00:01:48,366:INFO:Epoch: 2150/40000 | Train Loss: 3.475e-01 | Dynamic Loss: 3.475e-01 | Regularization Loss: 0.000e+00 | Val Loss: 4.164e-01 | Time: 8.09s
2025-08-20 00:01:48,366:INFO:New best model found at epoch 2150 with validation loss 4.164e-01. Saving...
2025-08-20 00:01:56,552:INFO:Epoch: 2200/40000 | Train Loss: 3.323e-01 | Dynamic Loss: 3.323e-01 | Regularization Loss: 0.000e+00 | Val Loss: 3.919e-01 | Time: 8.17s
2025-08-20 00:01:56,552:INFO:New best model found at epoch 2200 with validation loss 3.919e-01. Saving...
2025-08-20 00:02:04,737:INFO:Epoch: 2250/40000 | Train Loss: 3.360e-01 | Dynamic Loss: 3.360e-01 | Regularization Loss: 0.000e+00 | Val Loss: 3.870e-01 | Time: 8.17s
2025-08-20 00:02:04,737:INFO:New best model found at epoch 2250 with validation loss 3.870e-01. Saving...
2025-08-20 00:02:12,828:INFO:Epoch: 2300/40000 | Train Loss: 3.684e-01 | Dynamic Loss: 3.684e-01 | Regularization Loss: 0.000e+00 | Val Loss: 4.946e-01 | Time: 8.08s
2025-08-20 00:02:27,939:INFO:Epoch: 2350/40000 | Train Loss: 3.142e-01 | Dynamic Loss: 3.142e-01 | Regularization Loss: 0.000e+00 | Val Loss: 3.688e-01 | Time: 15.11s
2025-08-20 00:02:27,940:INFO:New best model found at epoch 2350 with validation loss 3.688e-01. Saving...
2025-08-20 00:02:36,110:INFO:Epoch: 2400/40000 | Train Loss: 3.090e-01 | Dynamic Loss: 3.090e-01 | Regularization Loss: 0.000e+00 | Val Loss: 3.620e-01 | Time: 8.16s
2025-08-20 00:02:36,111:INFO:New best model found at epoch 2400 with validation loss 3.620e-01. Saving...
2025-08-20 00:02:44,346:INFO:Epoch: 2450/40000 | Train Loss: 1.380e+00 | Dynamic Loss: 1.380e+00 | Regularization Loss: 0.000e+00 | Val Loss: 1.404e+00 | Time: 8.22s
2025-08-20 00:02:59,372:INFO:Epoch: 2500/40000 | Train Loss: 4.410e-01 | Dynamic Loss: 4.410e-01 | Regularization Loss: 0.000e+00 | Val Loss: 4.821e-01 | Time: 15.03s
2025-08-20 00:03:07,445:INFO:Epoch: 2550/40000 | Train Loss: 3.400e-01 | Dynamic Loss: 3.400e-01 | Regularization Loss: 0.000e+00 | Val Loss: 3.955e-01 | Time: 8.07s
2025-08-20 00:03:15,535:INFO:Epoch: 2600/40000 | Train Loss: 3.298e-01 | Dynamic Loss: 3.298e-01 | Regularization Loss: 0.000e+00 | Val Loss: 3.980e-01 | Time: 8.09s
2025-08-20 00:03:30,354:INFO:Epoch: 2650/40000 | Train Loss: 2.977e-01 | Dynamic Loss: 2.977e-01 | Regularization Loss: 0.000e+00 | Val Loss: 3.459e-01 | Time: 14.82s
2025-08-20 00:03:30,354:INFO:New best model found at epoch 2650 with validation loss 3.459e-01. Saving...
2025-08-20 00:03:38,584:INFO:Epoch: 2700/40000 | Train Loss: 3.861e-01 | Dynamic Loss: 3.861e-01 | Regularization Loss: 0.000e+00 | Val Loss: 4.217e-01 | Time: 8.21s
2025-08-20 00:03:46,653:INFO:Epoch: 2750/40000 | Train Loss: 2.846e-01 | Dynamic Loss: 2.846e-01 | Regularization Loss: 0.000e+00 | Val Loss: 3.313e-01 | Time: 8.07s
2025-08-20 00:03:46,653:INFO:New best model found at epoch 2750 with validation loss 3.313e-01. Saving...
2025-08-20 00:04:01,282:INFO:Epoch: 2800/40000 | Train Loss: 2.855e-01 | Dynamic Loss: 2.855e-01 | Regularization Loss: 0.000e+00 | Val Loss: 3.353e-01 | Time: 14.61s
2025-08-20 00:04:09,382:INFO:Epoch: 2850/40000 | Train Loss: 2.699e-01 | Dynamic Loss: 2.699e-01 | Regularization Loss: 0.000e+00 | Val Loss: 3.149e-01 | Time: 8.10s
2025-08-20 00:04:09,383:INFO:New best model found at epoch 2850 with validation loss 3.149e-01. Saving...
2025-08-20 00:04:17,513:INFO:Epoch: 2900/40000 | Train Loss: 2.707e-01 | Dynamic Loss: 2.707e-01 | Regularization Loss: 0.000e+00 | Val Loss: 3.113e-01 | Time: 8.12s
2025-08-20 00:04:17,514:INFO:New best model found at epoch 2900 with validation loss 3.113e-01. Saving...
2025-08-20 00:04:32,248:INFO:Epoch: 2950/40000 | Train Loss: 2.577e-01 | Dynamic Loss: 2.577e-01 | Regularization Loss: 0.000e+00 | Val Loss: 3.026e-01 | Time: 14.72s
2025-08-20 00:04:32,248:INFO:New best model found at epoch 2950 with validation loss 3.026e-01. Saving...
2025-08-20 00:04:40,376:INFO:Epoch: 3000/40000 | Train Loss: 2.536e-01 | Dynamic Loss: 2.536e-01 | Regularization Loss: 0.000e+00 | Val Loss: 2.981e-01 | Time: 8.11s
2025-08-20 00:04:40,376:INFO:New best model found at epoch 3000 with validation loss 2.981e-01. Saving...
2025-08-20 00:04:48,514:INFO:Epoch: 3050/40000 | Train Loss: 2.491e-01 | Dynamic Loss: 2.491e-01 | Regularization Loss: 0.000e+00 | Val Loss: 2.943e-01 | Time: 8.12s
2025-08-20 00:04:48,514:INFO:New best model found at epoch 3050 with validation loss 2.943e-01. Saving...
2025-08-20 00:05:03,178:INFO:Epoch: 3100/40000 | Train Loss: 3.165e-01 | Dynamic Loss: 3.165e-01 | Regularization Loss: 0.000e+00 | Val Loss: 4.449e-01 | Time: 14.65s
2025-08-20 00:05:11,387:INFO:Epoch: 3150/40000 | Train Loss: 2.448e-01 | Dynamic Loss: 2.448e-01 | Regularization Loss: 0.000e+00 | Val Loss: 2.918e-01 | Time: 8.21s
2025-08-20 00:05:11,387:INFO:New best model found at epoch 3150 with validation loss 2.918e-01. Saving...
2025-08-20 00:05:19,466:INFO:Epoch: 3200/40000 | Train Loss: 2.812e-01 | Dynamic Loss: 2.812e-01 | Regularization Loss: 0.000e+00 | Val Loss: 3.051e-01 | Time: 8.06s
2025-08-20 00:05:34,213:INFO:Epoch: 3250/40000 | Train Loss: 2.376e-01 | Dynamic Loss: 2.376e-01 | Regularization Loss: 0.000e+00 | Val Loss: 2.838e-01 | Time: 14.75s
2025-08-20 00:05:34,213:INFO:New best model found at epoch 3250 with validation loss 2.838e-01. Saving...
2025-08-20 00:05:42,362:INFO:Epoch: 3300/40000 | Train Loss: 2.484e-01 | Dynamic Loss: 2.484e-01 | Regularization Loss: 0.000e+00 | Val Loss: 2.865e-01 | Time: 8.13s
2025-08-20 00:05:50,504:INFO:Epoch: 3350/40000 | Train Loss: 3.332e-01 | Dynamic Loss: 3.332e-01 | Regularization Loss: 0.000e+00 | Val Loss: 3.407e-01 | Time: 8.14s
2025-08-20 00:06:05,617:INFO:Epoch: 3400/40000 | Train Loss: 2.884e-01 | Dynamic Loss: 2.884e-01 | Regularization Loss: 0.000e+00 | Val Loss: 4.148e-01 | Time: 15.11s
2025-08-20 00:06:13,860:INFO:Epoch: 3450/40000 | Train Loss: 2.353e-01 | Dynamic Loss: 2.353e-01 | Regularization Loss: 0.000e+00 | Val Loss: 2.750e-01 | Time: 8.24s
2025-08-20 00:06:13,860:INFO:New best model found at epoch 3450 with validation loss 2.750e-01. Saving...
2025-08-20 00:06:22,122:INFO:Epoch: 3500/40000 | Train Loss: 1.800e+01 | Dynamic Loss: 1.800e+01 | Regularization Loss: 0.000e+00 | Val Loss: 8.593e+01 | Time: 8.25s
2025-08-20 00:06:36,544:INFO:Epoch: 3550/40000 | Train Loss: 1.554e+00 | Dynamic Loss: 1.554e+00 | Regularization Loss: 0.000e+00 | Val Loss: 1.590e+00 | Time: 14.42s
2025-08-20 00:06:44,645:INFO:Epoch: 3600/40000 | Train Loss: 1.186e+00 | Dynamic Loss: 1.186e+00 | Regularization Loss: 0.000e+00 | Val Loss: 1.234e+00 | Time: 8.10s
2025-08-20 00:06:52,706:INFO:Epoch: 3650/40000 | Train Loss: 8.736e-01 | Dynamic Loss: 8.736e-01 | Regularization Loss: 0.000e+00 | Val Loss: 9.172e-01 | Time: 8.06s
2025-08-20 00:07:07,927:INFO:Epoch: 3700/40000 | Train Loss: 7.320e-01 | Dynamic Loss: 7.320e-01 | Regularization Loss: 0.000e+00 | Val Loss: 7.674e-01 | Time: 15.22s
2025-08-20 00:07:16,020:INFO:Epoch: 3750/40000 | Train Loss: 6.595e-01 | Dynamic Loss: 6.595e-01 | Regularization Loss: 0.000e+00 | Val Loss: 6.889e-01 | Time: 8.09s
2025-08-20 00:07:24,235:INFO:Epoch: 3800/40000 | Train Loss: 6.140e-01 | Dynamic Loss: 6.140e-01 | Regularization Loss: 0.000e+00 | Val Loss: 6.400e-01 | Time: 8.21s
2025-08-20 00:07:32,456:INFO:Epoch: 3850/40000 | Train Loss: 5.854e-01 | Dynamic Loss: 5.854e-01 | Regularization Loss: 0.000e+00 | Val Loss: 6.115e-01 | Time: 8.22s
2025-08-20 00:07:40,656:INFO:Epoch: 3900/40000 | Train Loss: 5.634e-01 | Dynamic Loss: 5.634e-01 | Regularization Loss: 0.000e+00 | Val Loss: 5.843e-01 | Time: 8.20s
2025-08-20 00:07:55,477:INFO:Epoch: 3950/40000 | Train Loss: 5.403e-01 | Dynamic Loss: 5.403e-01 | Regularization Loss: 0.000e+00 | Val Loss: 5.667e-01 | Time: 14.82s
2025-08-20 00:08:03,684:INFO:Epoch: 4000/40000 | Train Loss: 5.240e-01 | Dynamic Loss: 5.240e-01 | Regularization Loss: 0.000e+00 | Val Loss: 5.508e-01 | Time: 8.21s
2025-08-20 00:08:11,806:INFO:Epoch: 4050/40000 | Train Loss: 5.109e-01 | Dynamic Loss: 5.109e-01 | Regularization Loss: 0.000e+00 | Val Loss: 5.380e-01 | Time: 8.12s
2025-08-20 00:08:27,122:INFO:Epoch: 4100/40000 | Train Loss: 4.972e-01 | Dynamic Loss: 4.972e-01 | Regularization Loss: 0.000e+00 | Val Loss: 5.268e-01 | Time: 15.32s
2025-08-20 00:08:35,254:INFO:Epoch: 4150/40000 | Train Loss: 4.981e-01 | Dynamic Loss: 4.981e-01 | Regularization Loss: 0.000e+00 | Val Loss: 5.433e-01 | Time: 8.13s
2025-08-20 00:08:43,463:INFO:Epoch: 4200/40000 | Train Loss: 4.804e-01 | Dynamic Loss: 4.804e-01 | Regularization Loss: 0.000e+00 | Val Loss: 5.093e-01 | Time: 8.21s
2025-08-20 00:08:51,626:INFO:Epoch: 4250/40000 | Train Loss: 4.661e-01 | Dynamic Loss: 4.661e-01 | Regularization Loss: 0.000e+00 | Val Loss: 4.977e-01 | Time: 8.16s
2025-08-20 00:08:59,802:INFO:Epoch: 4300/40000 | Train Loss: 4.988e-01 | Dynamic Loss: 4.988e-01 | Regularization Loss: 0.000e+00 | Val Loss: 5.522e-01 | Time: 8.18s
2025-08-20 00:09:14,618:INFO:Epoch: 4350/40000 | Train Loss: 4.493e-01 | Dynamic Loss: 4.493e-01 | Regularization Loss: 0.000e+00 | Val Loss: 4.794e-01 | Time: 14.82s
2025-08-20 00:09:22,797:INFO:Epoch: 4400/40000 | Train Loss: 4.384e-01 | Dynamic Loss: 4.384e-01 | Regularization Loss: 0.000e+00 | Val Loss: 4.690e-01 | Time: 8.18s
2025-08-20 00:09:30,916:INFO:Epoch: 4450/40000 | Train Loss: 4.832e-01 | Dynamic Loss: 4.832e-01 | Regularization Loss: 0.000e+00 | Val Loss: 5.575e-01 | Time: 8.12s
2025-08-20 00:09:45,734:INFO:Epoch: 4500/40000 | Train Loss: 4.316e-01 | Dynamic Loss: 4.316e-01 | Regularization Loss: 0.000e+00 | Val Loss: 4.606e-01 | Time: 14.82s
2025-08-20 00:09:53,903:INFO:Epoch: 4550/40000 | Train Loss: 5.062e-01 | Dynamic Loss: 5.062e-01 | Regularization Loss: 0.000e+00 | Val Loss: 5.038e-01 | Time: 8.17s
2025-08-20 00:10:02,075:INFO:Epoch: 4600/40000 | Train Loss: 4.117e-01 | Dynamic Loss: 4.117e-01 | Regularization Loss: 0.000e+00 | Val Loss: 4.417e-01 | Time: 8.17s
2025-08-20 00:10:10,195:INFO:Epoch: 4650/40000 | Train Loss: 4.041e-01 | Dynamic Loss: 4.041e-01 | Regularization Loss: 0.000e+00 | Val Loss: 4.345e-01 | Time: 8.12s
2025-08-20 00:10:18,438:INFO:Epoch: 4700/40000 | Train Loss: 3.962e-01 | Dynamic Loss: 3.962e-01 | Regularization Loss: 0.000e+00 | Val Loss: 4.259e-01 | Time: 8.24s
2025-08-20 00:10:26,646:INFO:Epoch: 4750/40000 | Train Loss: 3.930e-01 | Dynamic Loss: 3.930e-01 | Regularization Loss: 0.000e+00 | Val Loss: 4.233e-01 | Time: 8.21s
2025-08-20 00:10:34,776:INFO:Epoch: 4800/40000 | Train Loss: 3.851e-01 | Dynamic Loss: 3.851e-01 | Regularization Loss: 0.000e+00 | Val Loss: 4.128e-01 | Time: 8.13s
2025-08-20 00:10:42,939:INFO:Epoch: 4850/40000 | Train Loss: 3.748e-01 | Dynamic Loss: 3.748e-01 | Regularization Loss: 0.000e+00 | Val Loss: 4.068e-01 | Time: 8.16s
2025-08-20 00:10:57,334:INFO:Epoch: 4900/40000 | Train Loss: 3.718e-01 | Dynamic Loss: 3.718e-01 | Regularization Loss: 0.000e+00 | Val Loss: 4.027e-01 | Time: 14.39s
2025-08-20 00:11:05,497:INFO:Epoch: 4950/40000 | Train Loss: 3.656e-01 | Dynamic Loss: 3.656e-01 | Regularization Loss: 0.000e+00 | Val Loss: 3.968e-01 | Time: 8.16s
2025-08-20 00:11:13,676:INFO:Epoch: 5000/40000 | Train Loss: 3.708e-01 | Dynamic Loss: 3.708e-01 | Regularization Loss: 0.000e+00 | Val Loss: 3.978e-01 | Time: 8.18s
2025-08-20 00:11:21,839:INFO:Epoch: 5050/40000 | Train Loss: 3.863e-01 | Dynamic Loss: 3.863e-01 | Regularization Loss: 0.000e+00 | Val Loss: 3.990e-01 | Time: 8.16s
2025-08-20 00:11:30,057:INFO:Epoch: 5100/40000 | Train Loss: 3.613e-01 | Dynamic Loss: 3.613e-01 | Regularization Loss: 0.000e+00 | Val Loss: 3.998e-01 | Time: 8.22s
2025-08-20 00:11:40,326:INFO:Epoch: 5150/40000 | Train Loss: 4.802e-01 | Dynamic Loss: 4.802e-01 | Regularization Loss: 0.000e+00 | Val Loss: 4.062e-01 | Time: 10.27s
2025-08-20 00:11:48,493:INFO:Epoch: 5200/40000 | Train Loss: 3.455e-01 | Dynamic Loss: 3.455e-01 | Regularization Loss: 0.000e+00 | Val Loss: 3.716e-01 | Time: 8.17s
2025-08-20 00:11:56,753:INFO:Epoch: 5250/40000 | Train Loss: 3.201e-01 | Dynamic Loss: 3.201e-01 | Regularization Loss: 0.000e+00 | Val Loss: 3.565e-01 | Time: 8.26s
2025-08-20 00:12:11,420:INFO:Epoch: 5300/40000 | Train Loss: 4.113e-01 | Dynamic Loss: 4.113e-01 | Regularization Loss: 0.000e+00 | Val Loss: 4.820e-01 | Time: 14.67s
2025-08-20 00:12:19,571:INFO:Epoch: 5350/40000 | Train Loss: 3.149e-01 | Dynamic Loss: 3.149e-01 | Regularization Loss: 0.000e+00 | Val Loss: 3.507e-01 | Time: 8.15s
2025-08-20 00:12:27,767:INFO:Epoch: 5400/40000 | Train Loss: 2.999e-01 | Dynamic Loss: 2.999e-01 | Regularization Loss: 0.000e+00 | Val Loss: 3.345e-01 | Time: 8.20s
2025-08-20 00:12:35,942:INFO:Epoch: 5450/40000 | Train Loss: 2.938e-01 | Dynamic Loss: 2.938e-01 | Regularization Loss: 0.000e+00 | Val Loss: 3.293e-01 | Time: 8.17s
2025-08-20 00:12:44,206:INFO:Epoch: 5500/40000 | Train Loss: 2.960e-01 | Dynamic Loss: 2.960e-01 | Regularization Loss: 0.000e+00 | Val Loss: 3.239e-01 | Time: 8.26s
2025-08-20 00:12:59,177:INFO:Epoch: 5550/40000 | Train Loss: 2.924e-01 | Dynamic Loss: 2.924e-01 | Regularization Loss: 0.000e+00 | Val Loss: 3.243e-01 | Time: 14.97s
2025-08-20 00:13:07,335:INFO:Epoch: 5600/40000 | Train Loss: 3.016e-01 | Dynamic Loss: 3.016e-01 | Regularization Loss: 0.000e+00 | Val Loss: 3.305e-01 | Time: 8.16s
2025-08-20 00:13:15,471:INFO:Epoch: 5650/40000 | Train Loss: 3.030e-01 | Dynamic Loss: 3.030e-01 | Regularization Loss: 0.000e+00 | Val Loss: 3.389e-01 | Time: 8.14s
2025-08-20 00:13:30,442:INFO:Epoch: 5700/40000 | Train Loss: 2.858e-01 | Dynamic Loss: 2.858e-01 | Regularization Loss: 0.000e+00 | Val Loss: 3.709e-01 | Time: 14.97s
2025-08-20 00:13:38,579:INFO:Epoch: 5750/40000 | Train Loss: 2.643e-01 | Dynamic Loss: 2.643e-01 | Regularization Loss: 0.000e+00 | Val Loss: 2.942e-01 | Time: 8.14s
2025-08-20 00:13:46,830:INFO:Epoch: 5800/40000 | Train Loss: 2.567e-01 | Dynamic Loss: 2.567e-01 | Regularization Loss: 0.000e+00 | Val Loss: 2.828e-01 | Time: 8.25s
2025-08-20 00:13:55,024:INFO:Epoch: 5850/40000 | Train Loss: 2.847e-01 | Dynamic Loss: 2.847e-01 | Regularization Loss: 0.000e+00 | Val Loss: 3.031e-01 | Time: 8.19s
2025-08-20 00:14:03,228:INFO:Epoch: 5900/40000 | Train Loss: 2.292e-01 | Dynamic Loss: 2.292e-01 | Regularization Loss: 0.000e+00 | Val Loss: 2.680e-01 | Time: 8.20s
2025-08-20 00:14:03,228:INFO:New best model found at epoch 5900 with validation loss 2.680e-01. Saving...
2025-08-20 00:14:13,329:INFO:Epoch: 5950/40000 | Train Loss: 2.620e-01 | Dynamic Loss: 2.620e-01 | Regularization Loss: 0.000e+00 | Val Loss: 3.674e-01 | Time: 10.07s
2025-08-20 00:14:21,492:INFO:Epoch: 6000/40000 | Train Loss: 2.821e-01 | Dynamic Loss: 2.821e-01 | Regularization Loss: 0.000e+00 | Val Loss: 3.265e-01 | Time: 8.16s
2025-08-20 00:14:29,654:INFO:Epoch: 6050/40000 | Train Loss: 2.197e-01 | Dynamic Loss: 2.197e-01 | Regularization Loss: 0.000e+00 | Val Loss: 2.499e-01 | Time: 8.16s
2025-08-20 00:14:29,654:INFO:New best model found at epoch 6050 with validation loss 2.499e-01. Saving...
2025-08-20 00:14:43,992:INFO:Epoch: 6100/40000 | Train Loss: 2.093e-01 | Dynamic Loss: 2.093e-01 | Regularization Loss: 0.000e+00 | Val Loss: 2.429e-01 | Time: 14.32s
2025-08-20 00:14:43,992:INFO:New best model found at epoch 6100 with validation loss 2.429e-01. Saving...
2025-08-20 00:14:52,210:INFO:Epoch: 6150/40000 | Train Loss: 2.348e-01 | Dynamic Loss: 2.348e-01 | Regularization Loss: 0.000e+00 | Val Loss: 2.618e-01 | Time: 8.20s
2025-08-20 00:15:00,349:INFO:Epoch: 6200/40000 | Train Loss: 2.312e-01 | Dynamic Loss: 2.312e-01 | Regularization Loss: 0.000e+00 | Val Loss: 2.571e-01 | Time: 8.14s
2025-08-20 00:15:15,561:INFO:Epoch: 6250/40000 | Train Loss: 2.309e-01 | Dynamic Loss: 2.309e-01 | Regularization Loss: 0.000e+00 | Val Loss: 2.639e-01 | Time: 15.21s
2025-08-20 00:15:23,688:INFO:Epoch: 6300/40000 | Train Loss: 1.930e-01 | Dynamic Loss: 1.930e-01 | Regularization Loss: 0.000e+00 | Val Loss: 2.255e-01 | Time: 8.13s
2025-08-20 00:15:23,688:INFO:New best model found at epoch 6300 with validation loss 2.255e-01. Saving...
2025-08-20 00:15:32,106:INFO:Epoch: 6350/40000 | Train Loss: 1.891e-01 | Dynamic Loss: 1.891e-01 | Regularization Loss: 0.000e+00 | Val Loss: 2.232e-01 | Time: 8.40s
2025-08-20 00:15:32,107:INFO:New best model found at epoch 6350 with validation loss 2.232e-01. Saving...
2025-08-20 00:15:40,303:INFO:Epoch: 6400/40000 | Train Loss: 1.837e-01 | Dynamic Loss: 1.837e-01 | Regularization Loss: 0.000e+00 | Val Loss: 2.137e-01 | Time: 8.18s
2025-08-20 00:15:40,303:INFO:New best model found at epoch 6400 with validation loss 2.137e-01. Saving...
2025-08-20 00:15:48,418:INFO:Epoch: 6450/40000 | Train Loss: 1.751e-01 | Dynamic Loss: 1.751e-01 | Regularization Loss: 0.000e+00 | Val Loss: 2.080e-01 | Time: 8.10s
2025-08-20 00:15:48,419:INFO:New best model found at epoch 6450 with validation loss 2.080e-01. Saving...
2025-08-20 00:15:58,122:INFO:Epoch: 6500/40000 | Train Loss: 2.660e-01 | Dynamic Loss: 2.660e-01 | Regularization Loss: 0.000e+00 | Val Loss: 3.083e-01 | Time: 9.69s
2025-08-20 00:16:06,274:INFO:Epoch: 6550/40000 | Train Loss: 1.774e-01 | Dynamic Loss: 1.774e-01 | Regularization Loss: 0.000e+00 | Val Loss: 2.084e-01 | Time: 8.15s
2025-08-20 00:16:14,459:INFO:Epoch: 6600/40000 | Train Loss: 3.135e-01 | Dynamic Loss: 3.135e-01 | Regularization Loss: 0.000e+00 | Val Loss: 2.524e-01 | Time: 8.18s
2025-08-20 00:16:24,604:INFO:Epoch: 6650/40000 | Train Loss: 1.670e-01 | Dynamic Loss: 1.670e-01 | Regularization Loss: 0.000e+00 | Val Loss: 1.956e-01 | Time: 10.15s
2025-08-20 00:16:24,605:INFO:New best model found at epoch 6650 with validation loss 1.956e-01. Saving...
2025-08-20 00:16:32,733:INFO:Epoch: 6700/40000 | Train Loss: 1.968e-01 | Dynamic Loss: 1.968e-01 | Regularization Loss: 0.000e+00 | Val Loss: 2.382e-01 | Time: 8.11s
2025-08-20 00:16:40,869:INFO:Epoch: 6750/40000 | Train Loss: 2.014e-01 | Dynamic Loss: 2.014e-01 | Regularization Loss: 0.000e+00 | Val Loss: 2.266e-01 | Time: 8.14s
2025-08-20 00:16:56,300:INFO:Epoch: 6800/40000 | Train Loss: 1.839e-01 | Dynamic Loss: 1.839e-01 | Regularization Loss: 0.000e+00 | Val Loss: 2.075e-01 | Time: 15.43s
2025-08-20 00:17:04,483:INFO:Epoch: 6850/40000 | Train Loss: 3.935e-01 | Dynamic Loss: 3.935e-01 | Regularization Loss: 0.000e+00 | Val Loss: 4.909e-01 | Time: 8.18s
2025-08-20 00:17:12,713:INFO:Epoch: 6900/40000 | Train Loss: 1.578e-01 | Dynamic Loss: 1.578e-01 | Regularization Loss: 0.000e+00 | Val Loss: 1.855e-01 | Time: 8.23s
2025-08-20 00:17:12,713:INFO:New best model found at epoch 6900 with validation loss 1.855e-01. Saving...
2025-08-20 00:17:20,999:INFO:Epoch: 6950/40000 | Train Loss: 1.449e-01 | Dynamic Loss: 1.449e-01 | Regularization Loss: 0.000e+00 | Val Loss: 1.747e-01 | Time: 8.27s
2025-08-20 00:17:20,999:INFO:New best model found at epoch 6950 with validation loss 1.747e-01. Saving...
2025-08-20 00:17:29,304:INFO:Epoch: 7000/40000 | Train Loss: 1.594e-01 | Dynamic Loss: 1.594e-01 | Regularization Loss: 0.000e+00 | Val Loss: 2.358e-01 | Time: 8.29s
2025-08-20 00:17:43,998:INFO:Epoch: 7050/40000 | Train Loss: 1.373e-01 | Dynamic Loss: 1.373e-01 | Regularization Loss: 0.000e+00 | Val Loss: 1.678e-01 | Time: 14.69s
2025-08-20 00:17:43,998:INFO:New best model found at epoch 7050 with validation loss 1.678e-01. Saving...
2025-08-20 00:17:52,205:INFO:Epoch: 7100/40000 | Train Loss: 1.610e-01 | Dynamic Loss: 1.610e-01 | Regularization Loss: 0.000e+00 | Val Loss: 1.843e-01 | Time: 8.19s
2025-08-20 00:18:00,472:INFO:Epoch: 7150/40000 | Train Loss: 1.422e-01 | Dynamic Loss: 1.422e-01 | Regularization Loss: 0.000e+00 | Val Loss: 1.698e-01 | Time: 8.27s
2025-08-20 00:18:08,709:INFO:Epoch: 7200/40000 | Train Loss: 2.010e-01 | Dynamic Loss: 2.010e-01 | Regularization Loss: 0.000e+00 | Val Loss: 2.052e-01 | Time: 8.24s
2025-08-20 00:18:16,992:INFO:Epoch: 7250/40000 | Train Loss: 1.321e-01 | Dynamic Loss: 1.321e-01 | Regularization Loss: 0.000e+00 | Val Loss: 1.778e-01 | Time: 8.28s
2025-08-20 00:18:32,240:INFO:Epoch: 7300/40000 | Train Loss: 1.326e-01 | Dynamic Loss: 1.326e-01 | Regularization Loss: 0.000e+00 | Val Loss: 1.596e-01 | Time: 15.25s
2025-08-20 00:18:32,241:INFO:New best model found at epoch 7300 with validation loss 1.596e-01. Saving...
2025-08-20 00:18:40,447:INFO:Epoch: 7350/40000 | Train Loss: 1.305e-01 | Dynamic Loss: 1.305e-01 | Regularization Loss: 0.000e+00 | Val Loss: 1.590e-01 | Time: 8.19s
2025-08-20 00:18:40,448:INFO:New best model found at epoch 7350 with validation loss 1.590e-01. Saving...
2025-08-20 00:18:48,730:INFO:Epoch: 7400/40000 | Train Loss: 1.326e-01 | Dynamic Loss: 1.326e-01 | Regularization Loss: 0.000e+00 | Val Loss: 1.597e-01 | Time: 8.27s
2025-08-20 00:18:56,920:INFO:Epoch: 7450/40000 | Train Loss: 1.783e-01 | Dynamic Loss: 1.783e-01 | Regularization Loss: 0.000e+00 | Val Loss: 2.074e-01 | Time: 8.19s
2025-08-20 00:19:05,172:INFO:Epoch: 7500/40000 | Train Loss: 1.321e-01 | Dynamic Loss: 1.321e-01 | Regularization Loss: 0.000e+00 | Val Loss: 1.588e-01 | Time: 8.25s
2025-08-20 00:19:05,172:INFO:New best model found at epoch 7500 with validation loss 1.588e-01. Saving...
2025-08-20 00:19:20,084:INFO:Epoch: 7550/40000 | Train Loss: 1.246e-01 | Dynamic Loss: 1.246e-01 | Regularization Loss: 0.000e+00 | Val Loss: 1.609e-01 | Time: 14.90s
2025-08-20 00:19:28,417:INFO:Epoch: 7600/40000 | Train Loss: 1.178e-01 | Dynamic Loss: 1.178e-01 | Regularization Loss: 0.000e+00 | Val Loss: 1.461e-01 | Time: 8.33s
2025-08-20 00:19:28,417:INFO:New best model found at epoch 7600 with validation loss 1.461e-01. Saving...
2025-08-20 00:19:36,703:INFO:Epoch: 7650/40000 | Train Loss: 1.990e-01 | Dynamic Loss: 1.990e-01 | Regularization Loss: 0.000e+00 | Val Loss: 1.746e-01 | Time: 8.27s
2025-08-20 00:19:44,926:INFO:Epoch: 7700/40000 | Train Loss: 1.117e-01 | Dynamic Loss: 1.117e-01 | Regularization Loss: 0.000e+00 | Val Loss: 1.414e-01 | Time: 8.22s
2025-08-20 00:19:44,926:INFO:New best model found at epoch 7700 with validation loss 1.414e-01. Saving...
2025-08-20 00:19:53,199:INFO:Epoch: 7750/40000 | Train Loss: 1.998e-01 | Dynamic Loss: 1.998e-01 | Regularization Loss: 0.000e+00 | Val Loss: 2.146e-01 | Time: 8.26s
2025-08-20 00:20:08,368:INFO:Epoch: 7800/40000 | Train Loss: 1.133e-01 | Dynamic Loss: 1.133e-01 | Regularization Loss: 0.000e+00 | Val Loss: 1.455e-01 | Time: 15.17s
2025-08-20 00:20:16,639:INFO:Epoch: 7850/40000 | Train Loss: 1.297e-01 | Dynamic Loss: 1.297e-01 | Regularization Loss: 0.000e+00 | Val Loss: 1.726e-01 | Time: 8.27s
2025-08-20 00:20:24,831:INFO:Epoch: 7900/40000 | Train Loss: 1.327e-01 | Dynamic Loss: 1.327e-01 | Regularization Loss: 0.000e+00 | Val Loss: 1.610e-01 | Time: 8.19s
2025-08-20 00:20:40,354:INFO:Epoch: 7950/40000 | Train Loss: 1.134e-01 | Dynamic Loss: 1.134e-01 | Regularization Loss: 0.000e+00 | Val Loss: 1.451e-01 | Time: 15.52s
2025-08-20 00:20:48,680:INFO:Epoch: 8000/40000 | Train Loss: 1.036e-01 | Dynamic Loss: 1.036e-01 | Regularization Loss: 0.000e+00 | Val Loss: 1.320e-01 | Time: 8.33s
2025-08-20 00:20:48,680:INFO:New best model found at epoch 8000 with validation loss 1.320e-01. Saving...
2025-08-20 00:20:57,037:INFO:Epoch: 8050/40000 | Train Loss: 1.302e-01 | Dynamic Loss: 1.302e-01 | Regularization Loss: 0.000e+00 | Val Loss: 1.462e-01 | Time: 8.34s
2025-08-20 00:21:05,277:INFO:Epoch: 8100/40000 | Train Loss: 9.914e-02 | Dynamic Loss: 9.914e-02 | Regularization Loss: 0.000e+00 | Val Loss: 1.283e-01 | Time: 8.24s
2025-08-20 00:21:05,277:INFO:New best model found at epoch 8100 with validation loss 1.283e-01. Saving...
2025-08-20 00:21:13,527:INFO:Epoch: 8150/40000 | Train Loss: 1.022e-01 | Dynamic Loss: 1.022e-01 | Regularization Loss: 0.000e+00 | Val Loss: 1.297e-01 | Time: 8.23s
2025-08-20 00:21:21,791:INFO:Epoch: 8200/40000 | Train Loss: 9.749e-02 | Dynamic Loss: 9.749e-02 | Regularization Loss: 0.000e+00 | Val Loss: 1.284e-01 | Time: 8.26s
2025-08-20 00:21:30,011:INFO:Epoch: 8250/40000 | Train Loss: 1.308e-01 | Dynamic Loss: 1.308e-01 | Regularization Loss: 0.000e+00 | Val Loss: 2.365e-01 | Time: 8.22s
2025-08-20 00:21:38,272:INFO:Epoch: 8300/40000 | Train Loss: 1.065e-01 | Dynamic Loss: 1.065e-01 | Regularization Loss: 0.000e+00 | Val Loss: 1.526e-01 | Time: 8.26s
2025-08-20 00:21:46,513:INFO:Epoch: 8350/40000 | Train Loss: 9.908e-02 | Dynamic Loss: 9.908e-02 | Regularization Loss: 0.000e+00 | Val Loss: 1.275e-01 | Time: 8.24s
2025-08-20 00:21:46,513:INFO:New best model found at epoch 8350 with validation loss 1.275e-01. Saving...
2025-08-20 00:21:54,840:INFO:Epoch: 8400/40000 | Train Loss: 1.608e-01 | Dynamic Loss: 1.608e-01 | Regularization Loss: 0.000e+00 | Val Loss: 1.859e-01 | Time: 8.31s
2025-08-20 00:22:09,757:INFO:Epoch: 8450/40000 | Train Loss: 9.899e-02 | Dynamic Loss: 9.899e-02 | Regularization Loss: 0.000e+00 | Val Loss: 1.297e-01 | Time: 14.92s
2025-08-20 00:22:17,936:INFO:Epoch: 8500/40000 | Train Loss: 1.007e-01 | Dynamic Loss: 1.007e-01 | Regularization Loss: 0.000e+00 | Val Loss: 1.354e-01 | Time: 8.18s
2025-08-20 00:22:26,176:INFO:Epoch: 8550/40000 | Train Loss: 1.255e-01 | Dynamic Loss: 1.255e-01 | Regularization Loss: 0.000e+00 | Val Loss: 2.185e-01 | Time: 8.24s
2025-08-20 00:22:34,444:INFO:Epoch: 8600/40000 | Train Loss: 1.290e-01 | Dynamic Loss: 1.290e-01 | Regularization Loss: 0.000e+00 | Val Loss: 1.411e-01 | Time: 8.27s
2025-08-20 00:22:42,735:INFO:Epoch: 8650/40000 | Train Loss: 8.696e-02 | Dynamic Loss: 8.696e-02 | Regularization Loss: 0.000e+00 | Val Loss: 1.160e-01 | Time: 8.29s
2025-08-20 00:22:42,735:INFO:New best model found at epoch 8650 with validation loss 1.160e-01. Saving...
2025-08-20 00:22:57,748:INFO:Epoch: 8700/40000 | Train Loss: 8.582e-02 | Dynamic Loss: 8.582e-02 | Regularization Loss: 0.000e+00 | Val Loss: 1.138e-01 | Time: 15.00s
2025-08-20 00:22:57,748:INFO:New best model found at epoch 8700 with validation loss 1.138e-01. Saving...
2025-08-20 00:23:05,995:INFO:Epoch: 8750/40000 | Train Loss: 9.635e-02 | Dynamic Loss: 9.635e-02 | Regularization Loss: 0.000e+00 | Val Loss: 1.312e-01 | Time: 8.23s
2025-08-20 00:23:14,256:INFO:Epoch: 8800/40000 | Train Loss: 9.549e-02 | Dynamic Loss: 9.549e-02 | Regularization Loss: 0.000e+00 | Val Loss: 1.156e-01 | Time: 8.26s
2025-08-20 00:23:22,498:INFO:Epoch: 8850/40000 | Train Loss: 3.424e-01 | Dynamic Loss: 3.424e-01 | Regularization Loss: 0.000e+00 | Val Loss: 2.875e-01 | Time: 8.24s
2025-08-20 00:23:30,677:INFO:Epoch: 8900/40000 | Train Loss: 9.853e-02 | Dynamic Loss: 9.853e-02 | Regularization Loss: 0.000e+00 | Val Loss: 1.273e-01 | Time: 8.18s
2025-08-20 00:23:38,957:INFO:Epoch: 8950/40000 | Train Loss: 8.829e-02 | Dynamic Loss: 8.829e-02 | Regularization Loss: 0.000e+00 | Val Loss: 1.128e-01 | Time: 8.28s
2025-08-20 00:23:38,957:INFO:New best model found at epoch 8950 with validation loss 1.128e-01. Saving...
2025-08-20 00:23:47,179:INFO:Epoch: 9000/40000 | Train Loss: 9.390e-02 | Dynamic Loss: 9.390e-02 | Regularization Loss: 0.000e+00 | Val Loss: 1.165e-01 | Time: 8.21s
2025-08-20 00:23:55,494:INFO:Epoch: 9050/40000 | Train Loss: 7.941e-02 | Dynamic Loss: 7.941e-02 | Regularization Loss: 0.000e+00 | Val Loss: 1.090e-01 | Time: 8.31s
2025-08-20 00:23:55,494:INFO:New best model found at epoch 9050 with validation loss 1.090e-01. Saving...
2025-08-20 00:24:03,753:INFO:Epoch: 9100/40000 | Train Loss: 1.833e-01 | Dynamic Loss: 1.833e-01 | Regularization Loss: 0.000e+00 | Val Loss: 2.633e-01 | Time: 8.24s
2025-08-20 00:24:12,099:INFO:Epoch: 9150/40000 | Train Loss: 8.329e-02 | Dynamic Loss: 8.329e-02 | Regularization Loss: 0.000e+00 | Val Loss: 1.371e-01 | Time: 8.35s
2025-08-20 00:24:20,377:INFO:Epoch: 9200/40000 | Train Loss: 1.254e-01 | Dynamic Loss: 1.254e-01 | Regularization Loss: 0.000e+00 | Val Loss: 1.438e-01 | Time: 8.28s
2025-08-20 00:24:28,685:INFO:Epoch: 9250/40000 | Train Loss: 8.126e-02 | Dynamic Loss: 8.126e-02 | Regularization Loss: 0.000e+00 | Val Loss: 1.192e-01 | Time: 8.31s
2025-08-20 00:24:36,978:INFO:Epoch: 9300/40000 | Train Loss: 1.247e-01 | Dynamic Loss: 1.247e-01 | Regularization Loss: 0.000e+00 | Val Loss: 2.542e-01 | Time: 8.29s
2025-08-20 00:24:51,743:INFO:Epoch: 9350/40000 | Train Loss: 1.134e-01 | Dynamic Loss: 1.134e-01 | Regularization Loss: 0.000e+00 | Val Loss: 1.326e-01 | Time: 14.77s
2025-08-20 00:25:00,023:INFO:Epoch: 9400/40000 | Train Loss: 8.134e-02 | Dynamic Loss: 8.134e-02 | Regularization Loss: 0.000e+00 | Val Loss: 1.117e-01 | Time: 8.28s
2025-08-20 00:25:08,264:INFO:Epoch: 9450/40000 | Train Loss: 7.664e-02 | Dynamic Loss: 7.664e-02 | Regularization Loss: 0.000e+00 | Val Loss: 1.044e-01 | Time: 8.24s
2025-08-20 00:25:08,264:INFO:New best model found at epoch 9450 with validation loss 1.044e-01. Saving...
2025-08-20 00:25:16,555:INFO:Epoch: 9500/40000 | Train Loss: 7.097e-02 | Dynamic Loss: 7.097e-02 | Regularization Loss: 0.000e+00 | Val Loss: 9.791e-02 | Time: 8.27s
2025-08-20 00:25:16,555:INFO:New best model found at epoch 9500 with validation loss 9.791e-02. Saving...
2025-08-20 00:25:24,908:INFO:Epoch: 9550/40000 | Train Loss: 6.950e-02 | Dynamic Loss: 6.950e-02 | Regularization Loss: 0.000e+00 | Val Loss: 9.739e-02 | Time: 8.34s
2025-08-20 00:25:24,908:INFO:New best model found at epoch 9550 with validation loss 9.739e-02. Saving...
2025-08-20 00:25:33,210:INFO:Epoch: 9600/40000 | Train Loss: 8.393e-02 | Dynamic Loss: 8.393e-02 | Regularization Loss: 0.000e+00 | Val Loss: 1.249e-01 | Time: 8.29s
2025-08-20 00:25:41,448:INFO:Epoch: 9650/40000 | Train Loss: 6.828e-02 | Dynamic Loss: 6.828e-02 | Regularization Loss: 0.000e+00 | Val Loss: 9.529e-02 | Time: 8.24s
2025-08-20 00:25:41,448:INFO:New best model found at epoch 9650 with validation loss 9.529e-02. Saving...
2025-08-20 00:25:56,666:INFO:Epoch: 9700/40000 | Train Loss: 6.949e-02 | Dynamic Loss: 6.949e-02 | Regularization Loss: 0.000e+00 | Val Loss: 9.452e-02 | Time: 15.20s
2025-08-20 00:25:56,666:INFO:New best model found at epoch 9700 with validation loss 9.452e-02. Saving...
2025-08-20 00:26:04,966:INFO:Epoch: 9750/40000 | Train Loss: 7.681e-02 | Dynamic Loss: 7.681e-02 | Regularization Loss: 0.000e+00 | Val Loss: 9.765e-02 | Time: 8.28s
2025-08-20 00:26:13,255:INFO:Epoch: 9800/40000 | Train Loss: 6.498e-02 | Dynamic Loss: 6.498e-02 | Regularization Loss: 0.000e+00 | Val Loss: 9.191e-02 | Time: 8.29s
2025-08-20 00:26:13,256:INFO:New best model found at epoch 9800 with validation loss 9.191e-02. Saving...
2025-08-20 00:26:21,516:INFO:Epoch: 9850/40000 | Train Loss: 6.564e-02 | Dynamic Loss: 6.564e-02 | Regularization Loss: 0.000e+00 | Val Loss: 9.175e-02 | Time: 8.25s
2025-08-20 00:26:21,516:INFO:New best model found at epoch 9850 with validation loss 9.175e-02. Saving...
2025-08-20 00:26:29,738:INFO:Epoch: 9900/40000 | Train Loss: 6.599e-02 | Dynamic Loss: 6.599e-02 | Regularization Loss: 0.000e+00 | Val Loss: 9.287e-02 | Time: 8.21s
2025-08-20 00:26:38,002:INFO:Epoch: 9950/40000 | Train Loss: 6.558e-02 | Dynamic Loss: 6.558e-02 | Regularization Loss: 0.000e+00 | Val Loss: 9.228e-02 | Time: 8.26s
2025-08-20 00:26:46,223:INFO:Epoch: 10000/40000 | Train Loss: 8.039e-02 | Dynamic Loss: 8.039e-02 | Regularization Loss: 0.000e+00 | Val Loss: 9.573e-02 | Time: 8.22s
2025-08-20 00:26:54,503:INFO:Epoch: 10050/40000 | Train Loss: 1.086e-01 | Dynamic Loss: 1.086e-01 | Regularization Loss: 0.000e+00 | Val Loss: 1.517e-01 | Time: 8.28s
2025-08-20 00:27:02,763:INFO:Epoch: 10100/40000 | Train Loss: 6.441e-02 | Dynamic Loss: 6.441e-02 | Regularization Loss: 0.000e+00 | Val Loss: 9.079e-02 | Time: 8.26s
2025-08-20 00:27:02,763:INFO:New best model found at epoch 10100 with validation loss 9.079e-02. Saving...
2025-08-20 00:27:11,008:INFO:Epoch: 10150/40000 | Train Loss: 1.122e-01 | Dynamic Loss: 1.122e-01 | Regularization Loss: 0.000e+00 | Val Loss: 1.129e-01 | Time: 8.23s
2025-08-20 00:27:19,335:INFO:Epoch: 10200/40000 | Train Loss: 8.098e-02 | Dynamic Loss: 8.098e-02 | Regularization Loss: 0.000e+00 | Val Loss: 9.101e-02 | Time: 8.33s
2025-08-20 00:27:27,591:INFO:Epoch: 10250/40000 | Train Loss: 8.802e-02 | Dynamic Loss: 8.802e-02 | Regularization Loss: 0.000e+00 | Val Loss: 1.264e-01 | Time: 8.26s
2025-08-20 00:27:35,882:INFO:Epoch: 10300/40000 | Train Loss: 9.651e-02 | Dynamic Loss: 9.651e-02 | Regularization Loss: 0.000e+00 | Val Loss: 1.115e-01 | Time: 8.29s
2025-08-20 00:27:44,152:INFO:Epoch: 10350/40000 | Train Loss: 7.584e-02 | Dynamic Loss: 7.584e-02 | Regularization Loss: 0.000e+00 | Val Loss: 1.042e-01 | Time: 8.27s
2025-08-20 00:27:52,415:INFO:Epoch: 10400/40000 | Train Loss: 8.120e-02 | Dynamic Loss: 8.120e-02 | Regularization Loss: 0.000e+00 | Val Loss: 9.645e-02 | Time: 8.26s
2025-08-20 00:28:07,794:INFO:Epoch: 10450/40000 | Train Loss: 6.766e-02 | Dynamic Loss: 6.766e-02 | Regularization Loss: 0.000e+00 | Val Loss: 1.013e-01 | Time: 15.38s
2025-08-20 00:28:16,038:INFO:Epoch: 10500/40000 | Train Loss: 8.112e-02 | Dynamic Loss: 8.112e-02 | Regularization Loss: 0.000e+00 | Val Loss: 9.811e-02 | Time: 8.24s
2025-08-20 00:28:24,254:INFO:Epoch: 10550/40000 | Train Loss: 7.160e-02 | Dynamic Loss: 7.160e-02 | Regularization Loss: 0.000e+00 | Val Loss: 1.110e-01 | Time: 8.22s
2025-08-20 00:28:32,496:INFO:Epoch: 10600/40000 | Train Loss: 6.380e-02 | Dynamic Loss: 6.380e-02 | Regularization Loss: 0.000e+00 | Val Loss: 9.877e-02 | Time: 8.24s
2025-08-20 00:28:40,696:INFO:Epoch: 10650/40000 | Train Loss: 8.829e-02 | Dynamic Loss: 8.829e-02 | Regularization Loss: 0.000e+00 | Val Loss: 8.762e-02 | Time: 8.20s
2025-08-20 00:28:40,696:INFO:New best model found at epoch 10650 with validation loss 8.762e-02. Saving...
2025-08-20 00:28:55,727:INFO:Epoch: 10700/40000 | Train Loss: 6.151e-02 | Dynamic Loss: 6.151e-02 | Regularization Loss: 0.000e+00 | Val Loss: 9.437e-02 | Time: 15.01s
2025-08-20 00:29:03,968:INFO:Epoch: 10750/40000 | Train Loss: 9.032e-02 | Dynamic Loss: 9.032e-02 | Regularization Loss: 0.000e+00 | Val Loss: 1.174e-01 | Time: 8.24s
2025-08-20 00:29:12,293:INFO:Epoch: 10800/40000 | Train Loss: 6.293e-02 | Dynamic Loss: 6.293e-02 | Regularization Loss: 0.000e+00 | Val Loss: 8.968e-02 | Time: 8.32s
2025-08-20 00:29:20,582:INFO:Epoch: 10850/40000 | Train Loss: 7.489e-02 | Dynamic Loss: 7.489e-02 | Regularization Loss: 0.000e+00 | Val Loss: 1.092e-01 | Time: 8.29s
2025-08-20 00:29:28,879:INFO:Epoch: 10900/40000 | Train Loss: 2.959e-01 | Dynamic Loss: 2.959e-01 | Regularization Loss: 0.000e+00 | Val Loss: 1.757e-01 | Time: 8.30s
2025-08-20 00:29:43,877:INFO:Epoch: 10950/40000 | Train Loss: 9.572e-02 | Dynamic Loss: 9.572e-02 | Regularization Loss: 0.000e+00 | Val Loss: 1.134e-01 | Time: 15.00s
2025-08-20 00:29:52,137:INFO:Epoch: 11000/40000 | Train Loss: 1.185e-01 | Dynamic Loss: 1.185e-01 | Regularization Loss: 0.000e+00 | Val Loss: 1.445e-01 | Time: 8.26s
2025-08-20 00:30:00,440:INFO:Epoch: 11050/40000 | Train Loss: 9.892e-02 | Dynamic Loss: 9.892e-02 | Regularization Loss: 0.000e+00 | Val Loss: 1.099e-01 | Time: 8.30s
2025-08-20 00:30:08,657:INFO:Epoch: 11100/40000 | Train Loss: 6.593e-02 | Dynamic Loss: 6.593e-02 | Regularization Loss: 0.000e+00 | Val Loss: 8.706e-02 | Time: 8.22s
2025-08-20 00:30:08,657:INFO:New best model found at epoch 11100 with validation loss 8.706e-02. Saving...
2025-08-20 00:30:16,940:INFO:Epoch: 11150/40000 | Train Loss: 7.078e-02 | Dynamic Loss: 7.078e-02 | Regularization Loss: 0.000e+00 | Val Loss: 8.679e-02 | Time: 8.26s
2025-08-20 00:30:16,940:INFO:New best model found at epoch 11150 with validation loss 8.679e-02. Saving...
2025-08-20 00:30:25,337:INFO:Epoch: 11200/40000 | Train Loss: 6.376e-02 | Dynamic Loss: 6.376e-02 | Regularization Loss: 0.000e+00 | Val Loss: 1.034e-01 | Time: 8.38s
2025-08-20 00:30:33,581:INFO:Epoch: 11250/40000 | Train Loss: 7.218e-02 | Dynamic Loss: 7.218e-02 | Regularization Loss: 0.000e+00 | Val Loss: 9.828e-02 | Time: 8.24s
2025-08-20 00:30:41,882:INFO:Epoch: 11300/40000 | Train Loss: 4.899e-02 | Dynamic Loss: 4.899e-02 | Regularization Loss: 0.000e+00 | Val Loss: 7.779e-02 | Time: 8.30s
2025-08-20 00:30:41,882:INFO:New best model found at epoch 11300 with validation loss 7.779e-02. Saving...
2025-08-20 00:30:50,276:INFO:Epoch: 11350/40000 | Train Loss: 6.641e-02 | Dynamic Loss: 6.641e-02 | Regularization Loss: 0.000e+00 | Val Loss: 1.150e-01 | Time: 8.38s
2025-08-20 00:30:58,479:INFO:Epoch: 11400/40000 | Train Loss: 6.309e-02 | Dynamic Loss: 6.309e-02 | Regularization Loss: 0.000e+00 | Val Loss: 9.535e-02 | Time: 8.20s
2025-08-20 00:31:06,806:INFO:Epoch: 11450/40000 | Train Loss: 5.175e-02 | Dynamic Loss: 5.175e-02 | Regularization Loss: 0.000e+00 | Val Loss: 7.482e-02 | Time: 8.33s
2025-08-20 00:31:06,806:INFO:New best model found at epoch 11450 with validation loss 7.482e-02. Saving...
2025-08-20 00:31:15,091:INFO:Epoch: 11500/40000 | Train Loss: 5.622e-02 | Dynamic Loss: 5.622e-02 | Regularization Loss: 0.000e+00 | Val Loss: 7.369e-02 | Time: 8.27s
2025-08-20 00:31:15,091:INFO:New best model found at epoch 11500 with validation loss 7.369e-02. Saving...
2025-08-20 00:31:23,480:INFO:Epoch: 11550/40000 | Train Loss: 5.828e-02 | Dynamic Loss: 5.828e-02 | Regularization Loss: 0.000e+00 | Val Loss: 8.450e-02 | Time: 8.37s
2025-08-20 00:31:31,782:INFO:Epoch: 11600/40000 | Train Loss: 1.075e-01 | Dynamic Loss: 1.075e-01 | Regularization Loss: 0.000e+00 | Val Loss: 1.259e-01 | Time: 8.30s
2025-08-20 00:31:40,014:INFO:Epoch: 11650/40000 | Train Loss: 5.062e-02 | Dynamic Loss: 5.062e-02 | Regularization Loss: 0.000e+00 | Val Loss: 7.492e-02 | Time: 8.23s
2025-08-20 00:31:48,299:INFO:Epoch: 11700/40000 | Train Loss: 5.233e-02 | Dynamic Loss: 5.233e-02 | Regularization Loss: 0.000e+00 | Val Loss: 7.337e-02 | Time: 8.28s
2025-08-20 00:31:48,299:INFO:New best model found at epoch 11700 with validation loss 7.337e-02. Saving...
2025-08-20 00:31:56,562:INFO:Epoch: 11750/40000 | Train Loss: 5.480e-02 | Dynamic Loss: 5.480e-02 | Regularization Loss: 0.000e+00 | Val Loss: 7.319e-02 | Time: 8.24s
2025-08-20 00:31:56,562:INFO:New best model found at epoch 11750 with validation loss 7.319e-02. Saving...
2025-08-20 00:32:04,924:INFO:Epoch: 11800/40000 | Train Loss: 5.134e-02 | Dynamic Loss: 5.134e-02 | Regularization Loss: 0.000e+00 | Val Loss: 7.977e-02 | Time: 8.35s
2025-08-20 00:32:13,180:INFO:Epoch: 11850/40000 | Train Loss: 6.504e-02 | Dynamic Loss: 6.504e-02 | Regularization Loss: 0.000e+00 | Val Loss: 8.250e-02 | Time: 8.26s
2025-08-20 00:32:21,420:INFO:Epoch: 11900/40000 | Train Loss: 8.046e-02 | Dynamic Loss: 8.046e-02 | Regularization Loss: 0.000e+00 | Val Loss: 1.213e-01 | Time: 8.24s
2025-08-20 00:32:29,839:INFO:Epoch: 11950/40000 | Train Loss: 5.158e-02 | Dynamic Loss: 5.158e-02 | Regularization Loss: 0.000e+00 | Val Loss: 7.294e-02 | Time: 8.42s
2025-08-20 00:32:29,840:INFO:New best model found at epoch 11950 with validation loss 7.294e-02. Saving...
2025-08-20 00:32:38,081:INFO:Epoch: 12000/40000 | Train Loss: 4.312e-02 | Dynamic Loss: 4.312e-02 | Regularization Loss: 0.000e+00 | Val Loss: 6.949e-02 | Time: 8.23s
2025-08-20 00:32:38,081:INFO:New best model found at epoch 12000 with validation loss 6.949e-02. Saving...
2025-08-20 00:32:46,528:INFO:Epoch: 12050/40000 | Train Loss: 4.087e-02 | Dynamic Loss: 4.087e-02 | Regularization Loss: 0.000e+00 | Val Loss: 6.532e-02 | Time: 8.43s
2025-08-20 00:32:46,528:INFO:New best model found at epoch 12050 with validation loss 6.532e-02. Saving...
2025-08-20 00:32:54,817:INFO:Epoch: 12100/40000 | Train Loss: 1.181e-01 | Dynamic Loss: 1.181e-01 | Regularization Loss: 0.000e+00 | Val Loss: 1.170e-01 | Time: 8.27s
2025-08-20 00:33:03,105:INFO:Epoch: 12150/40000 | Train Loss: 4.520e-02 | Dynamic Loss: 4.520e-02 | Regularization Loss: 0.000e+00 | Val Loss: 7.179e-02 | Time: 8.29s
2025-08-20 00:33:11,441:INFO:Epoch: 12200/40000 | Train Loss: 4.329e-02 | Dynamic Loss: 4.329e-02 | Regularization Loss: 0.000e+00 | Val Loss: 6.805e-02 | Time: 8.34s
2025-08-20 00:33:19,641:INFO:Epoch: 12250/40000 | Train Loss: 5.528e-02 | Dynamic Loss: 5.528e-02 | Regularization Loss: 0.000e+00 | Val Loss: 8.061e-02 | Time: 8.20s
2025-08-20 00:33:27,846:INFO:Epoch: 12300/40000 | Train Loss: 8.454e-02 | Dynamic Loss: 8.454e-02 | Regularization Loss: 0.000e+00 | Val Loss: 1.215e-01 | Time: 8.20s
2025-08-20 00:33:43,442:INFO:Epoch: 12350/40000 | Train Loss: 7.110e-02 | Dynamic Loss: 7.110e-02 | Regularization Loss: 0.000e+00 | Val Loss: 1.129e-01 | Time: 15.60s
2025-08-20 00:33:51,703:INFO:Epoch: 12400/40000 | Train Loss: 5.243e-02 | Dynamic Loss: 5.243e-02 | Regularization Loss: 0.000e+00 | Val Loss: 7.572e-02 | Time: 8.26s
2025-08-20 00:33:59,959:INFO:Epoch: 12450/40000 | Train Loss: 5.403e-02 | Dynamic Loss: 5.403e-02 | Regularization Loss: 0.000e+00 | Val Loss: 7.545e-02 | Time: 8.26s
2025-08-20 00:34:15,683:INFO:Epoch: 12500/40000 | Train Loss: 5.287e-02 | Dynamic Loss: 5.287e-02 | Regularization Loss: 0.000e+00 | Val Loss: 7.287e-02 | Time: 15.72s
2025-08-20 00:34:23,925:INFO:Epoch: 12550/40000 | Train Loss: 4.702e-02 | Dynamic Loss: 4.702e-02 | Regularization Loss: 0.000e+00 | Val Loss: 7.465e-02 | Time: 8.24s
2025-08-20 00:34:32,334:INFO:Epoch: 12600/40000 | Train Loss: 6.051e-02 | Dynamic Loss: 6.051e-02 | Regularization Loss: 0.000e+00 | Val Loss: 8.466e-02 | Time: 8.41s
2025-08-20 00:34:40,558:INFO:Epoch: 12650/40000 | Train Loss: 5.617e-02 | Dynamic Loss: 5.617e-02 | Regularization Loss: 0.000e+00 | Val Loss: 8.629e-02 | Time: 8.22s
2025-08-20 00:34:48,735:INFO:Epoch: 12700/40000 | Train Loss: 6.723e-02 | Dynamic Loss: 6.723e-02 | Regularization Loss: 0.000e+00 | Val Loss: 7.849e-02 | Time: 8.18s
2025-08-20 00:35:03,897:INFO:Epoch: 12750/40000 | Train Loss: 3.830e-02 | Dynamic Loss: 3.830e-02 | Regularization Loss: 0.000e+00 | Val Loss: 6.142e-02 | Time: 15.16s
2025-08-20 00:35:03,897:INFO:New best model found at epoch 12750 with validation loss 6.142e-02. Saving...
2025-08-20 00:35:12,143:INFO:Epoch: 12800/40000 | Train Loss: 7.168e-02 | Dynamic Loss: 7.168e-02 | Regularization Loss: 0.000e+00 | Val Loss: 9.498e-02 | Time: 8.23s
2025-08-20 00:35:20,466:INFO:Epoch: 12850/40000 | Train Loss: 3.842e-02 | Dynamic Loss: 3.842e-02 | Regularization Loss: 0.000e+00 | Val Loss: 6.356e-02 | Time: 8.32s
2025-08-20 00:35:28,742:INFO:Epoch: 12900/40000 | Train Loss: 5.662e-02 | Dynamic Loss: 5.662e-02 | Regularization Loss: 0.000e+00 | Val Loss: 7.611e-02 | Time: 8.28s
2025-08-20 00:35:37,045:INFO:Epoch: 12950/40000 | Train Loss: 5.746e-02 | Dynamic Loss: 5.746e-02 | Regularization Loss: 0.000e+00 | Val Loss: 7.856e-02 | Time: 8.30s
2025-08-20 00:35:52,135:INFO:Epoch: 13000/40000 | Train Loss: 3.872e-02 | Dynamic Loss: 3.872e-02 | Regularization Loss: 0.000e+00 | Val Loss: 6.443e-02 | Time: 15.09s
2025-08-20 00:36:00,436:INFO:Epoch: 13050/40000 | Train Loss: 5.740e-02 | Dynamic Loss: 5.740e-02 | Regularization Loss: 0.000e+00 | Val Loss: 7.972e-02 | Time: 8.30s
2025-08-20 00:36:08,760:INFO:Epoch: 13100/40000 | Train Loss: 3.613e-02 | Dynamic Loss: 3.613e-02 | Regularization Loss: 0.000e+00 | Val Loss: 6.112e-02 | Time: 8.32s
2025-08-20 00:36:08,760:INFO:New best model found at epoch 13100 with validation loss 6.112e-02. Saving...
2025-08-20 00:36:17,081:INFO:Epoch: 13150/40000 | Train Loss: 2.236e-01 | Dynamic Loss: 2.236e-01 | Regularization Loss: 0.000e+00 | Val Loss: 1.325e-01 | Time: 8.30s
2025-08-20 00:36:25,336:INFO:Epoch: 13200/40000 | Train Loss: 4.376e-02 | Dynamic Loss: 4.376e-02 | Regularization Loss: 0.000e+00 | Val Loss: 6.523e-02 | Time: 8.26s
2025-08-20 00:36:40,482:INFO:Epoch: 13250/40000 | Train Loss: 3.490e-02 | Dynamic Loss: 3.490e-02 | Regularization Loss: 0.000e+00 | Val Loss: 6.163e-02 | Time: 15.15s
2025-08-20 00:36:48,772:INFO:Epoch: 13300/40000 | Train Loss: 4.865e-02 | Dynamic Loss: 4.865e-02 | Regularization Loss: 0.000e+00 | Val Loss: 8.851e-02 | Time: 8.29s
2025-08-20 00:36:57,120:INFO:Epoch: 13350/40000 | Train Loss: 4.924e-02 | Dynamic Loss: 4.924e-02 | Regularization Loss: 0.000e+00 | Val Loss: 7.386e-02 | Time: 8.35s
2025-08-20 00:37:05,454:INFO:Epoch: 13400/40000 | Train Loss: 4.147e-02 | Dynamic Loss: 4.147e-02 | Regularization Loss: 0.000e+00 | Val Loss: 6.634e-02 | Time: 8.33s
2025-08-20 00:37:13,777:INFO:Epoch: 13450/40000 | Train Loss: 5.091e-02 | Dynamic Loss: 5.091e-02 | Regularization Loss: 0.000e+00 | Val Loss: 7.752e-02 | Time: 8.32s
2025-08-20 00:37:22,152:INFO:Epoch: 13500/40000 | Train Loss: 3.882e-02 | Dynamic Loss: 3.882e-02 | Regularization Loss: 0.000e+00 | Val Loss: 6.305e-02 | Time: 8.37s
2025-08-20 00:37:30,440:INFO:Epoch: 13550/40000 | Train Loss: 6.247e-02 | Dynamic Loss: 6.247e-02 | Regularization Loss: 0.000e+00 | Val Loss: 6.481e-02 | Time: 8.29s
2025-08-20 00:37:38,822:INFO:Epoch: 13600/40000 | Train Loss: 4.086e-02 | Dynamic Loss: 4.086e-02 | Regularization Loss: 0.000e+00 | Val Loss: 6.625e-02 | Time: 8.38s
2025-08-20 00:37:47,156:INFO:Epoch: 13650/40000 | Train Loss: 4.237e-02 | Dynamic Loss: 4.237e-02 | Regularization Loss: 0.000e+00 | Val Loss: 6.081e-02 | Time: 8.33s
2025-08-20 00:37:47,156:INFO:New best model found at epoch 13650 with validation loss 6.081e-02. Saving...
2025-08-20 00:37:55,403:INFO:Epoch: 13700/40000 | Train Loss: 5.935e-02 | Dynamic Loss: 5.935e-02 | Regularization Loss: 0.000e+00 | Val Loss: 8.057e-02 | Time: 8.23s
2025-08-20 00:38:03,701:INFO:Epoch: 13750/40000 | Train Loss: 6.146e-02 | Dynamic Loss: 6.146e-02 | Regularization Loss: 0.000e+00 | Val Loss: 7.847e-02 | Time: 8.30s
2025-08-20 00:38:11,916:INFO:Epoch: 13800/40000 | Train Loss: 3.651e-02 | Dynamic Loss: 3.651e-02 | Regularization Loss: 0.000e+00 | Val Loss: 6.390e-02 | Time: 8.21s
2025-08-20 00:38:20,176:INFO:Epoch: 13850/40000 | Train Loss: 3.965e-02 | Dynamic Loss: 3.965e-02 | Regularization Loss: 0.000e+00 | Val Loss: 5.980e-02 | Time: 8.26s
2025-08-20 00:38:20,177:INFO:New best model found at epoch 13850 with validation loss 5.980e-02. Saving...
2025-08-20 00:38:28,458:INFO:Epoch: 13900/40000 | Train Loss: 6.617e-02 | Dynamic Loss: 6.617e-02 | Regularization Loss: 0.000e+00 | Val Loss: 8.170e-02 | Time: 8.27s
2025-08-20 00:38:36,659:INFO:Epoch: 13950/40000 | Train Loss: 6.285e-02 | Dynamic Loss: 6.285e-02 | Regularization Loss: 0.000e+00 | Val Loss: 7.551e-02 | Time: 8.20s
2025-08-20 00:38:44,914:INFO:Epoch: 14000/40000 | Train Loss: 3.673e-02 | Dynamic Loss: 3.673e-02 | Regularization Loss: 0.000e+00 | Val Loss: 6.410e-02 | Time: 8.26s
2025-08-20 00:38:53,147:INFO:Epoch: 14050/40000 | Train Loss: 5.157e-02 | Dynamic Loss: 5.157e-02 | Regularization Loss: 0.000e+00 | Val Loss: 7.097e-02 | Time: 8.23s
2025-08-20 00:39:01,371:INFO:Epoch: 14100/40000 | Train Loss: 4.131e-02 | Dynamic Loss: 4.131e-02 | Regularization Loss: 0.000e+00 | Val Loss: 6.955e-02 | Time: 8.22s
2025-08-20 00:39:16,857:INFO:Epoch: 14150/40000 | Train Loss: 3.072e-02 | Dynamic Loss: 3.072e-02 | Regularization Loss: 0.000e+00 | Val Loss: 5.432e-02 | Time: 15.49s
2025-08-20 00:39:16,857:INFO:New best model found at epoch 14150 with validation loss 5.432e-02. Saving...
2025-08-20 00:39:25,128:INFO:Epoch: 14200/40000 | Train Loss: 3.092e-02 | Dynamic Loss: 3.092e-02 | Regularization Loss: 0.000e+00 | Val Loss: 5.521e-02 | Time: 8.25s
2025-08-20 00:39:33,486:INFO:Epoch: 14250/40000 | Train Loss: 7.340e-02 | Dynamic Loss: 7.340e-02 | Regularization Loss: 0.000e+00 | Val Loss: 1.185e-01 | Time: 8.36s
2025-08-20 00:39:41,728:INFO:Epoch: 14300/40000 | Train Loss: 1.355e-01 | Dynamic Loss: 1.355e-01 | Regularization Loss: 0.000e+00 | Val Loss: 1.265e-01 | Time: 8.24s
2025-08-20 00:39:50,019:INFO:Epoch: 14350/40000 | Train Loss: 4.872e-02 | Dynamic Loss: 4.872e-02 | Regularization Loss: 0.000e+00 | Val Loss: 7.177e-02 | Time: 8.29s
2025-08-20 00:40:05,412:INFO:Epoch: 14400/40000 | Train Loss: 5.810e-02 | Dynamic Loss: 5.810e-02 | Regularization Loss: 0.000e+00 | Val Loss: 8.863e-02 | Time: 15.39s
2025-08-20 00:40:13,618:INFO:Epoch: 14450/40000 | Train Loss: 3.985e-02 | Dynamic Loss: 3.985e-02 | Regularization Loss: 0.000e+00 | Val Loss: 6.346e-02 | Time: 8.21s
2025-08-20 00:40:21,924:INFO:Epoch: 14500/40000 | Train Loss: 5.972e-02 | Dynamic Loss: 5.972e-02 | Regularization Loss: 0.000e+00 | Val Loss: 6.196e-02 | Time: 8.31s
2025-08-20 00:40:30,197:INFO:Epoch: 14550/40000 | Train Loss: 3.310e-02 | Dynamic Loss: 3.310e-02 | Regularization Loss: 0.000e+00 | Val Loss: 5.686e-02 | Time: 8.27s
2025-08-20 00:40:38,491:INFO:Epoch: 14600/40000 | Train Loss: 3.812e-02 | Dynamic Loss: 3.812e-02 | Regularization Loss: 0.000e+00 | Val Loss: 7.357e-02 | Time: 8.29s
2025-08-20 00:40:53,734:INFO:Epoch: 14650/40000 | Train Loss: 3.915e-02 | Dynamic Loss: 3.915e-02 | Regularization Loss: 0.000e+00 | Val Loss: 6.131e-02 | Time: 15.24s
2025-08-20 00:41:01,998:INFO:Epoch: 14700/40000 | Train Loss: 3.206e-02 | Dynamic Loss: 3.206e-02 | Regularization Loss: 0.000e+00 | Val Loss: 5.459e-02 | Time: 8.26s
2025-08-20 00:41:10,288:INFO:Epoch: 14750/40000 | Train Loss: 3.538e-02 | Dynamic Loss: 3.538e-02 | Regularization Loss: 0.000e+00 | Val Loss: 6.225e-02 | Time: 8.29s
2025-08-20 00:41:18,602:INFO:Epoch: 14800/40000 | Train Loss: 1.103e-01 | Dynamic Loss: 1.103e-01 | Regularization Loss: 0.000e+00 | Val Loss: 1.026e-01 | Time: 8.31s
2025-08-20 00:41:26,887:INFO:Epoch: 14850/40000 | Train Loss: 4.179e-02 | Dynamic Loss: 4.179e-02 | Regularization Loss: 0.000e+00 | Val Loss: 8.528e-02 | Time: 8.29s
2025-08-20 00:41:42,425:INFO:Epoch: 14900/40000 | Train Loss: 3.584e-02 | Dynamic Loss: 3.584e-02 | Regularization Loss: 0.000e+00 | Val Loss: 5.825e-02 | Time: 15.54s
2025-08-20 00:41:50,763:INFO:Epoch: 14950/40000 | Train Loss: 7.646e-02 | Dynamic Loss: 7.646e-02 | Regularization Loss: 0.000e+00 | Val Loss: 1.146e-01 | Time: 8.34s
2025-08-20 00:41:59,068:INFO:Epoch: 15000/40000 | Train Loss: 3.907e-02 | Dynamic Loss: 3.907e-02 | Regularization Loss: 0.000e+00 | Val Loss: 5.925e-02 | Time: 8.30s
2025-08-20 00:42:14,512:INFO:Epoch: 15050/40000 | Train Loss: 3.529e-02 | Dynamic Loss: 3.529e-02 | Regularization Loss: 0.000e+00 | Val Loss: 5.950e-02 | Time: 15.44s
2025-08-20 00:42:22,752:INFO:Epoch: 15100/40000 | Train Loss: 2.816e-02 | Dynamic Loss: 2.816e-02 | Regularization Loss: 0.000e+00 | Val Loss: 5.144e-02 | Time: 8.24s
2025-08-20 00:42:22,753:INFO:New best model found at epoch 15100 with validation loss 5.144e-02. Saving...
2025-08-20 00:42:31,139:INFO:Epoch: 15150/40000 | Train Loss: 2.855e-02 | Dynamic Loss: 2.855e-02 | Regularization Loss: 0.000e+00 | Val Loss: 5.235e-02 | Time: 8.37s
2025-08-20 00:42:39,403:INFO:Epoch: 15200/40000 | Train Loss: 3.248e-02 | Dynamic Loss: 3.248e-02 | Regularization Loss: 0.000e+00 | Val Loss: 5.795e-02 | Time: 8.26s
2025-08-20 00:42:47,605:INFO:Epoch: 15250/40000 | Train Loss: 4.375e-02 | Dynamic Loss: 4.375e-02 | Regularization Loss: 0.000e+00 | Val Loss: 5.935e-02 | Time: 8.20s
2025-08-20 00:43:02,637:INFO:Epoch: 15300/40000 | Train Loss: 3.334e-02 | Dynamic Loss: 3.334e-02 | Regularization Loss: 0.000e+00 | Val Loss: 5.288e-02 | Time: 15.03s
2025-08-20 00:43:10,877:INFO:Epoch: 15350/40000 | Train Loss: 4.167e-02 | Dynamic Loss: 4.167e-02 | Regularization Loss: 0.000e+00 | Val Loss: 7.504e-02 | Time: 8.24s
2025-08-20 00:43:19,232:INFO:Epoch: 15400/40000 | Train Loss: 3.151e-02 | Dynamic Loss: 3.151e-02 | Regularization Loss: 0.000e+00 | Val Loss: 5.683e-02 | Time: 8.35s
2025-08-20 00:43:27,474:INFO:Epoch: 15450/40000 | Train Loss: 4.356e-02 | Dynamic Loss: 4.356e-02 | Regularization Loss: 0.000e+00 | Val Loss: 6.851e-02 | Time: 8.24s
2025-08-20 00:43:35,652:INFO:Epoch: 15500/40000 | Train Loss: 3.653e-02 | Dynamic Loss: 3.653e-02 | Regularization Loss: 0.000e+00 | Val Loss: 5.774e-02 | Time: 8.18s
2025-08-20 00:43:50,994:INFO:Epoch: 15550/40000 | Train Loss: 2.877e-02 | Dynamic Loss: 2.877e-02 | Regularization Loss: 0.000e+00 | Val Loss: 5.327e-02 | Time: 15.34s
2025-08-20 00:43:59,190:INFO:Epoch: 15600/40000 | Train Loss: 9.468e-02 | Dynamic Loss: 9.468e-02 | Regularization Loss: 0.000e+00 | Val Loss: 8.067e-02 | Time: 8.20s
2025-08-20 00:44:07,474:INFO:Epoch: 15650/40000 | Train Loss: 3.673e-02 | Dynamic Loss: 3.673e-02 | Regularization Loss: 0.000e+00 | Val Loss: 5.596e-02 | Time: 8.28s
2025-08-20 00:44:15,718:INFO:Epoch: 15700/40000 | Train Loss: 2.911e-02 | Dynamic Loss: 2.911e-02 | Regularization Loss: 0.000e+00 | Val Loss: 5.201e-02 | Time: 8.24s
2025-08-20 00:44:24,012:INFO:Epoch: 15750/40000 | Train Loss: 3.974e-02 | Dynamic Loss: 3.974e-02 | Regularization Loss: 0.000e+00 | Val Loss: 6.259e-02 | Time: 8.29s
2025-08-20 00:44:32,303:INFO:Epoch: 15800/40000 | Train Loss: 2.709e-02 | Dynamic Loss: 2.709e-02 | Regularization Loss: 0.000e+00 | Val Loss: 5.112e-02 | Time: 8.29s
2025-08-20 00:44:32,303:INFO:New best model found at epoch 15800 with validation loss 5.112e-02. Saving...
2025-08-20 00:44:40,520:INFO:Epoch: 15850/40000 | Train Loss: 4.969e-02 | Dynamic Loss: 4.969e-02 | Regularization Loss: 0.000e+00 | Val Loss: 6.999e-02 | Time: 8.20s
2025-08-20 00:44:48,842:INFO:Epoch: 15900/40000 | Train Loss: 2.846e-02 | Dynamic Loss: 2.846e-02 | Regularization Loss: 0.000e+00 | Val Loss: 5.592e-02 | Time: 8.32s
2025-08-20 00:44:57,135:INFO:Epoch: 15950/40000 | Train Loss: 4.940e-02 | Dynamic Loss: 4.940e-02 | Regularization Loss: 0.000e+00 | Val Loss: 9.122e-02 | Time: 8.29s
2025-08-20 00:45:05,453:INFO:Epoch: 16000/40000 | Train Loss: 4.176e-02 | Dynamic Loss: 4.176e-02 | Regularization Loss: 0.000e+00 | Val Loss: 8.768e-02 | Time: 8.32s
2025-08-20 00:45:20,556:INFO:Epoch: 16050/40000 | Train Loss: 2.730e-02 | Dynamic Loss: 2.730e-02 | Regularization Loss: 0.000e+00 | Val Loss: 5.226e-02 | Time: 15.10s
2025-08-20 00:45:28,892:INFO:Epoch: 16100/40000 | Train Loss: 3.624e-02 | Dynamic Loss: 3.624e-02 | Regularization Loss: 0.000e+00 | Val Loss: 6.508e-02 | Time: 8.34s
2025-08-20 00:45:37,293:INFO:Epoch: 16150/40000 | Train Loss: 3.450e-02 | Dynamic Loss: 3.450e-02 | Regularization Loss: 0.000e+00 | Val Loss: 5.562e-02 | Time: 8.40s
2025-08-20 00:45:45,603:INFO:Epoch: 16200/40000 | Train Loss: 3.171e-02 | Dynamic Loss: 3.171e-02 | Regularization Loss: 0.000e+00 | Val Loss: 5.471e-02 | Time: 8.31s
2025-08-20 00:45:53,794:INFO:Epoch: 16250/40000 | Train Loss: 3.373e-02 | Dynamic Loss: 3.373e-02 | Regularization Loss: 0.000e+00 | Val Loss: 5.185e-02 | Time: 8.19s
2025-08-20 00:46:09,034:INFO:Epoch: 16300/40000 | Train Loss: 3.479e-02 | Dynamic Loss: 3.479e-02 | Regularization Loss: 0.000e+00 | Val Loss: 5.671e-02 | Time: 15.24s
2025-08-20 00:46:17,319:INFO:Epoch: 16350/40000 | Train Loss: 4.329e-02 | Dynamic Loss: 4.329e-02 | Regularization Loss: 0.000e+00 | Val Loss: 7.529e-02 | Time: 8.29s
2025-08-20 00:46:25,669:INFO:Epoch: 16400/40000 | Train Loss: 3.052e-02 | Dynamic Loss: 3.052e-02 | Regularization Loss: 0.000e+00 | Val Loss: 4.954e-02 | Time: 8.35s
2025-08-20 00:46:25,669:INFO:New best model found at epoch 16400 with validation loss 4.954e-02. Saving...
2025-08-20 00:46:33,941:INFO:Epoch: 16450/40000 | Train Loss: 1.157e-01 | Dynamic Loss: 1.157e-01 | Regularization Loss: 0.000e+00 | Val Loss: 6.398e-02 | Time: 8.26s
2025-08-20 00:46:42,167:INFO:Epoch: 16500/40000 | Train Loss: 3.069e-02 | Dynamic Loss: 3.069e-02 | Regularization Loss: 0.000e+00 | Val Loss: 5.146e-02 | Time: 8.23s
2025-08-20 00:46:57,580:INFO:Epoch: 16550/40000 | Train Loss: 2.683e-02 | Dynamic Loss: 2.683e-02 | Regularization Loss: 0.000e+00 | Val Loss: 5.065e-02 | Time: 15.41s
2025-08-20 00:47:05,766:INFO:Epoch: 16600/40000 | Train Loss: 4.115e-02 | Dynamic Loss: 4.115e-02 | Regularization Loss: 0.000e+00 | Val Loss: 7.400e-02 | Time: 8.19s
2025-08-20 00:47:14,124:INFO:Epoch: 16650/40000 | Train Loss: 3.654e-02 | Dynamic Loss: 3.654e-02 | Regularization Loss: 0.000e+00 | Val Loss: 5.886e-02 | Time: 8.36s
2025-08-20 00:47:22,375:INFO:Epoch: 16700/40000 | Train Loss: 3.480e-02 | Dynamic Loss: 3.480e-02 | Regularization Loss: 0.000e+00 | Val Loss: 5.650e-02 | Time: 8.25s
2025-08-20 00:47:30,683:INFO:Epoch: 16750/40000 | Train Loss: 9.526e-02 | Dynamic Loss: 9.526e-02 | Regularization Loss: 0.000e+00 | Val Loss: 1.096e-01 | Time: 8.31s
2025-08-20 00:47:45,977:INFO:Epoch: 16800/40000 | Train Loss: 2.430e-02 | Dynamic Loss: 2.430e-02 | Regularization Loss: 0.000e+00 | Val Loss: 5.110e-02 | Time: 15.29s
2025-08-20 00:47:54,192:INFO:Epoch: 16850/40000 | Train Loss: 2.388e-02 | Dynamic Loss: 2.388e-02 | Regularization Loss: 0.000e+00 | Val Loss: 5.005e-02 | Time: 8.21s
2025-08-20 00:48:02,522:INFO:Epoch: 16900/40000 | Train Loss: 3.155e-02 | Dynamic Loss: 3.155e-02 | Regularization Loss: 0.000e+00 | Val Loss: 6.214e-02 | Time: 8.33s
2025-08-20 00:48:10,799:INFO:Epoch: 16950/40000 | Train Loss: 2.508e-02 | Dynamic Loss: 2.508e-02 | Regularization Loss: 0.000e+00 | Val Loss: 5.199e-02 | Time: 8.28s
2025-08-20 00:48:19,051:INFO:Epoch: 17000/40000 | Train Loss: 3.245e-02 | Dynamic Loss: 3.245e-02 | Regularization Loss: 0.000e+00 | Val Loss: 5.453e-02 | Time: 8.25s
2025-08-20 00:48:34,461:INFO:Epoch: 17050/40000 | Train Loss: 3.223e-02 | Dynamic Loss: 3.223e-02 | Regularization Loss: 0.000e+00 | Val Loss: 5.592e-02 | Time: 15.41s
2025-08-20 00:48:42,778:INFO:Epoch: 17100/40000 | Train Loss: 2.800e-02 | Dynamic Loss: 2.800e-02 | Regularization Loss: 0.000e+00 | Val Loss: 5.737e-02 | Time: 8.32s
2025-08-20 00:48:51,177:INFO:Epoch: 17150/40000 | Train Loss: 3.869e-02 | Dynamic Loss: 3.869e-02 | Regularization Loss: 0.000e+00 | Val Loss: 6.065e-02 | Time: 8.40s
2025-08-20 00:48:59,531:INFO:Epoch: 17200/40000 | Train Loss: 4.609e-02 | Dynamic Loss: 4.609e-02 | Regularization Loss: 0.000e+00 | Val Loss: 5.802e-02 | Time: 8.35s
2025-08-20 00:49:07,921:INFO:Epoch: 17250/40000 | Train Loss: 2.980e-02 | Dynamic Loss: 2.980e-02 | Regularization Loss: 0.000e+00 | Val Loss: 5.561e-02 | Time: 8.39s
2025-08-20 00:49:23,136:INFO:Epoch: 17300/40000 | Train Loss: 2.857e-02 | Dynamic Loss: 2.857e-02 | Regularization Loss: 0.000e+00 | Val Loss: 5.282e-02 | Time: 15.21s
2025-08-20 00:49:31,412:INFO:Epoch: 17350/40000 | Train Loss: 4.247e-02 | Dynamic Loss: 4.247e-02 | Regularization Loss: 0.000e+00 | Val Loss: 5.711e-02 | Time: 8.28s
2025-08-20 00:49:39,705:INFO:Epoch: 17400/40000 | Train Loss: 7.016e-02 | Dynamic Loss: 7.016e-02 | Regularization Loss: 0.000e+00 | Val Loss: 7.028e-02 | Time: 8.29s
2025-08-20 00:49:47,982:INFO:Epoch: 17450/40000 | Train Loss: 3.383e-02 | Dynamic Loss: 3.383e-02 | Regularization Loss: 0.000e+00 | Val Loss: 6.196e-02 | Time: 8.28s
2025-08-20 00:49:56,241:INFO:Epoch: 17500/40000 | Train Loss: 5.598e-02 | Dynamic Loss: 5.598e-02 | Regularization Loss: 0.000e+00 | Val Loss: 8.392e-02 | Time: 8.26s
2025-08-20 00:50:11,412:INFO:Epoch: 17550/40000 | Train Loss: 2.595e-02 | Dynamic Loss: 2.595e-02 | Regularization Loss: 0.000e+00 | Val Loss: 6.087e-02 | Time: 15.17s
2025-08-20 00:50:19,670:INFO:Epoch: 17600/40000 | Train Loss: 3.601e-02 | Dynamic Loss: 3.601e-02 | Regularization Loss: 0.000e+00 | Val Loss: 6.240e-02 | Time: 8.26s
2025-08-20 00:50:28,021:INFO:Epoch: 17650/40000 | Train Loss: 4.605e-02 | Dynamic Loss: 4.605e-02 | Regularization Loss: 0.000e+00 | Val Loss: 7.267e-02 | Time: 8.35s
2025-08-20 00:50:36,278:INFO:Epoch: 17700/40000 | Train Loss: 2.962e-02 | Dynamic Loss: 2.962e-02 | Regularization Loss: 0.000e+00 | Val Loss: 5.665e-02 | Time: 8.26s
2025-08-20 00:50:44,543:INFO:Epoch: 17750/40000 | Train Loss: 2.809e-02 | Dynamic Loss: 2.809e-02 | Regularization Loss: 0.000e+00 | Val Loss: 5.203e-02 | Time: 8.26s
2025-08-20 00:50:52,858:INFO:Epoch: 17800/40000 | Train Loss: 4.755e-02 | Dynamic Loss: 4.755e-02 | Regularization Loss: 0.000e+00 | Val Loss: 7.275e-02 | Time: 8.32s
2025-08-20 00:51:01,148:INFO:Epoch: 17850/40000 | Train Loss: 4.977e-02 | Dynamic Loss: 4.977e-02 | Regularization Loss: 0.000e+00 | Val Loss: 6.719e-02 | Time: 8.29s
2025-08-20 00:51:09,516:INFO:Epoch: 17900/40000 | Train Loss: 4.548e-02 | Dynamic Loss: 4.548e-02 | Regularization Loss: 0.000e+00 | Val Loss: 8.206e-02 | Time: 8.37s
2025-08-20 00:51:17,829:INFO:Epoch: 17950/40000 | Train Loss: 6.140e-02 | Dynamic Loss: 6.140e-02 | Regularization Loss: 0.000e+00 | Val Loss: 9.130e-02 | Time: 8.31s
2025-08-20 00:51:26,058:INFO:Epoch: 18000/40000 | Train Loss: 3.282e-02 | Dynamic Loss: 3.282e-02 | Regularization Loss: 0.000e+00 | Val Loss: 5.814e-02 | Time: 8.23s
2025-08-20 00:51:34,441:INFO:Epoch: 18050/40000 | Train Loss: 2.807e-02 | Dynamic Loss: 2.807e-02 | Regularization Loss: 0.000e+00 | Val Loss: 5.438e-02 | Time: 8.38s
2025-08-20 00:51:42,744:INFO:Epoch: 18100/40000 | Train Loss: 3.053e-02 | Dynamic Loss: 3.053e-02 | Regularization Loss: 0.000e+00 | Val Loss: 6.304e-02 | Time: 8.30s
2025-08-20 00:51:51,038:INFO:Epoch: 18150/40000 | Train Loss: 4.102e-02 | Dynamic Loss: 4.102e-02 | Regularization Loss: 0.000e+00 | Val Loss: 6.934e-02 | Time: 8.29s
2025-08-20 00:51:59,285:INFO:Epoch: 18200/40000 | Train Loss: 3.461e-02 | Dynamic Loss: 3.461e-02 | Regularization Loss: 0.000e+00 | Val Loss: 8.766e-02 | Time: 8.25s
2025-08-20 00:52:07,559:INFO:Epoch: 18250/40000 | Train Loss: 2.975e-02 | Dynamic Loss: 2.975e-02 | Regularization Loss: 0.000e+00 | Val Loss: 5.552e-02 | Time: 8.27s
2025-08-20 00:52:16,039:INFO:Epoch: 18300/40000 | Train Loss: 3.087e-02 | Dynamic Loss: 3.087e-02 | Regularization Loss: 0.000e+00 | Val Loss: 5.427e-02 | Time: 8.48s
2025-08-20 00:52:24,326:INFO:Epoch: 18350/40000 | Train Loss: 3.249e-02 | Dynamic Loss: 3.249e-02 | Regularization Loss: 0.000e+00 | Val Loss: 5.165e-02 | Time: 8.29s
2025-08-20 00:52:32,550:INFO:Epoch: 18400/40000 | Train Loss: 2.708e-02 | Dynamic Loss: 2.708e-02 | Regularization Loss: 0.000e+00 | Val Loss: 5.242e-02 | Time: 8.22s
2025-08-20 00:52:47,785:INFO:Epoch: 18450/40000 | Train Loss: 2.751e-02 | Dynamic Loss: 2.751e-02 | Regularization Loss: 0.000e+00 | Val Loss: 5.511e-02 | Time: 15.24s
2025-08-20 00:52:56,059:INFO:Epoch: 18500/40000 | Train Loss: 2.568e-02 | Dynamic Loss: 2.568e-02 | Regularization Loss: 0.000e+00 | Val Loss: 5.068e-02 | Time: 8.27s
2025-08-20 00:53:04,370:INFO:Epoch: 18550/40000 | Train Loss: 2.231e-02 | Dynamic Loss: 2.231e-02 | Regularization Loss: 0.000e+00 | Val Loss: 4.964e-02 | Time: 8.31s
2025-08-20 00:53:12,658:INFO:Epoch: 18600/40000 | Train Loss: 3.113e-02 | Dynamic Loss: 3.113e-02 | Regularization Loss: 0.000e+00 | Val Loss: 5.839e-02 | Time: 8.29s
2025-08-20 00:53:20,868:INFO:Epoch: 18650/40000 | Train Loss: 3.311e-02 | Dynamic Loss: 3.311e-02 | Regularization Loss: 0.000e+00 | Val Loss: 5.244e-02 | Time: 8.21s
2025-08-20 00:53:35,896:INFO:Epoch: 18700/40000 | Train Loss: 4.035e-02 | Dynamic Loss: 4.035e-02 | Regularization Loss: 0.000e+00 | Val Loss: 6.260e-02 | Time: 15.03s
2025-08-20 00:53:44,115:INFO:Epoch: 18750/40000 | Train Loss: 3.215e-02 | Dynamic Loss: 3.215e-02 | Regularization Loss: 0.000e+00 | Val Loss: 5.832e-02 | Time: 8.22s
2025-08-20 00:53:52,467:INFO:Epoch: 18800/40000 | Train Loss: 5.627e-02 | Dynamic Loss: 5.627e-02 | Regularization Loss: 0.000e+00 | Val Loss: 7.332e-02 | Time: 8.35s
2025-08-20 00:54:00,732:INFO:Epoch: 18850/40000 | Train Loss: 7.532e-02 | Dynamic Loss: 7.532e-02 | Regularization Loss: 0.000e+00 | Val Loss: 1.021e-01 | Time: 8.26s
2025-08-20 00:54:09,066:INFO:Epoch: 18900/40000 | Train Loss: 2.466e-02 | Dynamic Loss: 2.466e-02 | Regularization Loss: 0.000e+00 | Val Loss: 5.135e-02 | Time: 8.33s
2025-08-20 00:54:17,462:INFO:Epoch: 18950/40000 | Train Loss: 5.763e-02 | Dynamic Loss: 5.763e-02 | Regularization Loss: 0.000e+00 | Val Loss: 7.945e-02 | Time: 8.40s
2025-08-20 00:54:25,737:INFO:Epoch: 19000/40000 | Train Loss: 3.488e-02 | Dynamic Loss: 3.488e-02 | Regularization Loss: 0.000e+00 | Val Loss: 6.329e-02 | Time: 8.27s
2025-08-20 00:54:34,119:INFO:Epoch: 19050/40000 | Train Loss: 3.397e-02 | Dynamic Loss: 3.397e-02 | Regularization Loss: 0.000e+00 | Val Loss: 6.964e-02 | Time: 8.38s
2025-08-20 00:54:42,518:INFO:Epoch: 19100/40000 | Train Loss: 3.114e-02 | Dynamic Loss: 3.114e-02 | Regularization Loss: 0.000e+00 | Val Loss: 5.357e-02 | Time: 8.40s
2025-08-20 00:54:50,808:INFO:Epoch: 19150/40000 | Train Loss: 2.474e-02 | Dynamic Loss: 2.474e-02 | Regularization Loss: 0.000e+00 | Val Loss: 4.917e-02 | Time: 8.29s
2025-08-20 00:54:50,809:INFO:New best model found at epoch 19150 with validation loss 4.917e-02. Saving...
2025-08-20 00:54:59,166:INFO:Epoch: 19200/40000 | Train Loss: 2.359e-02 | Dynamic Loss: 2.359e-02 | Regularization Loss: 0.000e+00 | Val Loss: 4.722e-02 | Time: 8.34s
2025-08-20 00:54:59,166:INFO:New best model found at epoch 19200 with validation loss 4.722e-02. Saving...
2025-08-20 00:55:07,423:INFO:Epoch: 19250/40000 | Train Loss: 2.591e-02 | Dynamic Loss: 2.591e-02 | Regularization Loss: 0.000e+00 | Val Loss: 5.008e-02 | Time: 8.24s
2025-08-20 00:55:15,640:INFO:Epoch: 19300/40000 | Train Loss: 2.545e-02 | Dynamic Loss: 2.545e-02 | Regularization Loss: 0.000e+00 | Val Loss: 4.965e-02 | Time: 8.22s
2025-08-20 00:55:31,283:INFO:Epoch: 19350/40000 | Train Loss: 2.241e-02 | Dynamic Loss: 2.241e-02 | Regularization Loss: 0.000e+00 | Val Loss: 4.572e-02 | Time: 15.64s
2025-08-20 00:55:31,283:INFO:New best model found at epoch 19350 with validation loss 4.572e-02. Saving...
2025-08-20 00:55:39,595:INFO:Epoch: 19400/40000 | Train Loss: 3.123e-02 | Dynamic Loss: 3.123e-02 | Regularization Loss: 0.000e+00 | Val Loss: 6.709e-02 | Time: 8.30s
2025-08-20 00:55:47,957:INFO:Epoch: 19450/40000 | Train Loss: 3.299e-02 | Dynamic Loss: 3.299e-02 | Regularization Loss: 0.000e+00 | Val Loss: 6.708e-02 | Time: 8.36s
2025-08-20 00:55:56,225:INFO:Epoch: 19500/40000 | Train Loss: 2.579e-02 | Dynamic Loss: 2.579e-02 | Regularization Loss: 0.000e+00 | Val Loss: 4.762e-02 | Time: 8.27s
2025-08-20 00:56:04,473:INFO:Epoch: 19550/40000 | Train Loss: 2.437e-02 | Dynamic Loss: 2.437e-02 | Regularization Loss: 0.000e+00 | Val Loss: 5.280e-02 | Time: 8.25s
2025-08-20 00:56:19,893:INFO:Epoch: 19600/40000 | Train Loss: 3.247e-02 | Dynamic Loss: 3.247e-02 | Regularization Loss: 0.000e+00 | Val Loss: 5.820e-02 | Time: 15.42s
2025-08-20 00:56:28,181:INFO:Epoch: 19650/40000 | Train Loss: 2.286e-02 | Dynamic Loss: 2.286e-02 | Regularization Loss: 0.000e+00 | Val Loss: 4.732e-02 | Time: 8.29s
2025-08-20 00:56:36,555:INFO:Epoch: 19700/40000 | Train Loss: 5.882e-02 | Dynamic Loss: 5.882e-02 | Regularization Loss: 0.000e+00 | Val Loss: 1.059e-01 | Time: 8.37s
2025-08-20 00:56:44,875:INFO:Epoch: 19750/40000 | Train Loss: 4.469e-02 | Dynamic Loss: 4.469e-02 | Regularization Loss: 0.000e+00 | Val Loss: 5.611e-02 | Time: 8.32s
2025-08-20 00:56:53,088:INFO:Epoch: 19800/40000 | Train Loss: 2.644e-02 | Dynamic Loss: 2.644e-02 | Regularization Loss: 0.000e+00 | Val Loss: 4.826e-02 | Time: 8.21s
2025-08-20 00:57:08,315:INFO:Epoch: 19850/40000 | Train Loss: 2.247e-02 | Dynamic Loss: 2.247e-02 | Regularization Loss: 0.000e+00 | Val Loss: 4.637e-02 | Time: 15.23s
2025-08-20 00:57:16,600:INFO:Epoch: 19900/40000 | Train Loss: 3.928e-02 | Dynamic Loss: 3.928e-02 | Regularization Loss: 0.000e+00 | Val Loss: 5.241e-02 | Time: 8.29s
2025-08-20 00:57:24,958:INFO:Epoch: 19950/40000 | Train Loss: 3.053e-02 | Dynamic Loss: 3.053e-02 | Regularization Loss: 0.000e+00 | Val Loss: 5.731e-02 | Time: 8.36s
2025-08-20 00:57:33,225:INFO:Epoch: 20000/40000 | Train Loss: 3.063e-02 | Dynamic Loss: 3.063e-02 | Regularization Loss: 0.000e+00 | Val Loss: 5.407e-02 | Time: 8.27s
2025-08-20 00:57:41,462:INFO:Epoch: 20050/40000 | Train Loss: 1.793e-02 | Dynamic Loss: 1.793e-02 | Regularization Loss: 0.000e+00 | Val Loss: 4.318e-02 | Time: 8.24s
2025-08-20 00:57:41,462:INFO:New best model found at epoch 20050 with validation loss 4.318e-02. Saving...
2025-08-20 00:57:49,830:INFO:Epoch: 20100/40000 | Train Loss: 2.979e-02 | Dynamic Loss: 2.979e-02 | Regularization Loss: 0.000e+00 | Val Loss: 4.991e-02 | Time: 8.35s
2025-08-20 00:57:58,116:INFO:Epoch: 20150/40000 | Train Loss: 2.058e-02 | Dynamic Loss: 2.058e-02 | Regularization Loss: 0.000e+00 | Val Loss: 4.906e-02 | Time: 8.29s
2025-08-20 00:58:06,504:INFO:Epoch: 20200/40000 | Train Loss: 2.560e-02 | Dynamic Loss: 2.560e-02 | Regularization Loss: 0.000e+00 | Val Loss: 5.010e-02 | Time: 8.39s
2025-08-20 00:58:14,763:INFO:Epoch: 20250/40000 | Train Loss: 2.384e-02 | Dynamic Loss: 2.384e-02 | Regularization Loss: 0.000e+00 | Val Loss: 4.862e-02 | Time: 8.26s
2025-08-20 00:58:23,022:INFO:Epoch: 20300/40000 | Train Loss: 3.357e-02 | Dynamic Loss: 3.357e-02 | Regularization Loss: 0.000e+00 | Val Loss: 5.840e-02 | Time: 8.26s
2025-08-20 00:58:38,469:INFO:Epoch: 20350/40000 | Train Loss: 2.454e-02 | Dynamic Loss: 2.454e-02 | Regularization Loss: 0.000e+00 | Val Loss: 5.306e-02 | Time: 15.45s
2025-08-20 00:58:46,735:INFO:Epoch: 20400/40000 | Train Loss: 3.102e-02 | Dynamic Loss: 3.102e-02 | Regularization Loss: 0.000e+00 | Val Loss: 5.798e-02 | Time: 8.27s
2025-08-20 00:58:55,122:INFO:Epoch: 20450/40000 | Train Loss: 1.895e-02 | Dynamic Loss: 1.895e-02 | Regularization Loss: 0.000e+00 | Val Loss: 4.614e-02 | Time: 8.39s
2025-08-20 00:59:03,456:INFO:Epoch: 20500/40000 | Train Loss: 2.567e-02 | Dynamic Loss: 2.567e-02 | Regularization Loss: 0.000e+00 | Val Loss: 5.136e-02 | Time: 8.33s
2025-08-20 00:59:11,682:INFO:Epoch: 20550/40000 | Train Loss: 5.410e-02 | Dynamic Loss: 5.410e-02 | Regularization Loss: 0.000e+00 | Val Loss: 8.677e-02 | Time: 8.23s
2025-08-20 00:59:27,063:INFO:Epoch: 20600/40000 | Train Loss: 7.107e-02 | Dynamic Loss: 7.107e-02 | Regularization Loss: 0.000e+00 | Val Loss: 8.348e-02 | Time: 15.38s
2025-08-20 00:59:35,259:INFO:Epoch: 20650/40000 | Train Loss: 2.074e-02 | Dynamic Loss: 2.074e-02 | Regularization Loss: 0.000e+00 | Val Loss: 4.563e-02 | Time: 8.20s
2025-08-20 00:59:43,520:INFO:Epoch: 20700/40000 | Train Loss: 3.426e-02 | Dynamic Loss: 3.426e-02 | Regularization Loss: 0.000e+00 | Val Loss: 5.815e-02 | Time: 8.26s
2025-08-20 00:59:52,049:INFO:Epoch: 20750/40000 | Train Loss: 3.254e-02 | Dynamic Loss: 3.254e-02 | Regularization Loss: 0.000e+00 | Val Loss: 6.126e-02 | Time: 8.53s
2025-08-20 01:00:01,502:INFO:Epoch: 20800/40000 | Train Loss: 2.256e-02 | Dynamic Loss: 2.256e-02 | Regularization Loss: 0.000e+00 | Val Loss: 4.761e-02 | Time: 9.45s
2025-08-20 01:00:09,982:INFO:Epoch: 20850/40000 | Train Loss: 3.068e-02 | Dynamic Loss: 3.068e-02 | Regularization Loss: 0.000e+00 | Val Loss: 5.846e-02 | Time: 8.48s
2025-08-20 01:00:19,031:INFO:Epoch: 20900/40000 | Train Loss: 2.486e-02 | Dynamic Loss: 2.486e-02 | Regularization Loss: 0.000e+00 | Val Loss: 5.318e-02 | Time: 9.05s
2025-08-20 01:00:27,443:INFO:Epoch: 20950/40000 | Train Loss: 2.160e-02 | Dynamic Loss: 2.160e-02 | Regularization Loss: 0.000e+00 | Val Loss: 4.520e-02 | Time: 8.41s
2025-08-20 01:00:35,826:INFO:Epoch: 21000/40000 | Train Loss: 2.022e-02 | Dynamic Loss: 2.022e-02 | Regularization Loss: 0.000e+00 | Val Loss: 4.556e-02 | Time: 8.38s
2025-08-20 01:00:44,107:INFO:Epoch: 21050/40000 | Train Loss: 1.983e-02 | Dynamic Loss: 1.983e-02 | Regularization Loss: 0.000e+00 | Val Loss: 4.613e-02 | Time: 8.28s
2025-08-20 01:00:59,335:INFO:Epoch: 21100/40000 | Train Loss: 2.127e-02 | Dynamic Loss: 2.127e-02 | Regularization Loss: 0.000e+00 | Val Loss: 4.546e-02 | Time: 15.23s
2025-08-20 01:01:07,677:INFO:Epoch: 21150/40000 | Train Loss: 2.455e-02 | Dynamic Loss: 2.455e-02 | Regularization Loss: 0.000e+00 | Val Loss: 4.712e-02 | Time: 8.34s
2025-08-20 01:01:16,016:INFO:Epoch: 21200/40000 | Train Loss: 4.183e-02 | Dynamic Loss: 4.183e-02 | Regularization Loss: 0.000e+00 | Val Loss: 6.163e-02 | Time: 8.34s
2025-08-20 01:01:24,265:INFO:Epoch: 21250/40000 | Train Loss: 2.263e-02 | Dynamic Loss: 2.263e-02 | Regularization Loss: 0.000e+00 | Val Loss: 4.843e-02 | Time: 8.25s
2025-08-20 01:01:32,498:INFO:Epoch: 21300/40000 | Train Loss: 1.864e-02 | Dynamic Loss: 1.864e-02 | Regularization Loss: 0.000e+00 | Val Loss: 4.422e-02 | Time: 8.23s
2025-08-20 01:01:41,165:INFO:Epoch: 21350/40000 | Train Loss: 1.988e-02 | Dynamic Loss: 1.988e-02 | Regularization Loss: 0.000e+00 | Val Loss: 4.630e-02 | Time: 8.67s
2025-08-20 01:01:49,393:INFO:Epoch: 21400/40000 | Train Loss: 2.374e-02 | Dynamic Loss: 2.374e-02 | Regularization Loss: 0.000e+00 | Val Loss: 4.714e-02 | Time: 8.23s
2025-08-20 01:01:57,715:INFO:Epoch: 21450/40000 | Train Loss: 1.780e-02 | Dynamic Loss: 1.780e-02 | Regularization Loss: 0.000e+00 | Val Loss: 4.317e-02 | Time: 8.32s
2025-08-20 01:01:57,716:INFO:New best model found at epoch 21450 with validation loss 4.317e-02. Saving...
2025-08-20 01:02:06,020:INFO:Epoch: 21500/40000 | Train Loss: 2.220e-02 | Dynamic Loss: 2.220e-02 | Regularization Loss: 0.000e+00 | Val Loss: 5.468e-02 | Time: 8.26s
2025-08-20 01:02:14,278:INFO:Epoch: 21550/40000 | Train Loss: 2.490e-02 | Dynamic Loss: 2.490e-02 | Regularization Loss: 0.000e+00 | Val Loss: 4.686e-02 | Time: 8.26s
2025-08-20 01:02:29,600:INFO:Epoch: 21600/40000 | Train Loss: 4.955e-02 | Dynamic Loss: 4.955e-02 | Regularization Loss: 0.000e+00 | Val Loss: 5.247e-02 | Time: 15.32s
2025-08-20 01:02:37,813:INFO:Epoch: 21650/40000 | Train Loss: 3.526e-02 | Dynamic Loss: 3.526e-02 | Regularization Loss: 0.000e+00 | Val Loss: 7.715e-02 | Time: 8.21s
2025-08-20 01:02:46,111:INFO:Epoch: 21700/40000 | Train Loss: 2.570e-02 | Dynamic Loss: 2.570e-02 | Regularization Loss: 0.000e+00 | Val Loss: 5.017e-02 | Time: 8.30s
2025-08-20 01:02:54,414:INFO:Epoch: 21750/40000 | Train Loss: 1.959e-02 | Dynamic Loss: 1.959e-02 | Regularization Loss: 0.000e+00 | Val Loss: 4.509e-02 | Time: 8.30s
2025-08-20 01:03:02,662:INFO:Epoch: 21800/40000 | Train Loss: 2.277e-02 | Dynamic Loss: 2.277e-02 | Regularization Loss: 0.000e+00 | Val Loss: 4.568e-02 | Time: 8.25s
2025-08-20 01:03:17,850:INFO:Epoch: 21850/40000 | Train Loss: 2.808e-02 | Dynamic Loss: 2.808e-02 | Regularization Loss: 0.000e+00 | Val Loss: 5.557e-02 | Time: 15.19s
2025-08-20 01:03:26,136:INFO:Epoch: 21900/40000 | Train Loss: 2.410e-02 | Dynamic Loss: 2.410e-02 | Regularization Loss: 0.000e+00 | Val Loss: 5.614e-02 | Time: 8.29s
2025-08-20 01:03:34,443:INFO:Epoch: 21950/40000 | Train Loss: 4.546e-02 | Dynamic Loss: 4.546e-02 | Regularization Loss: 0.000e+00 | Val Loss: 7.503e-02 | Time: 8.31s
2025-08-20 01:03:42,798:INFO:Epoch: 22000/40000 | Train Loss: 2.065e-02 | Dynamic Loss: 2.065e-02 | Regularization Loss: 0.000e+00 | Val Loss: 4.367e-02 | Time: 8.35s
2025-08-20 01:03:51,037:INFO:Epoch: 22050/40000 | Train Loss: 1.881e-02 | Dynamic Loss: 1.881e-02 | Regularization Loss: 0.000e+00 | Val Loss: 5.114e-02 | Time: 8.24s
2025-08-20 01:03:59,414:INFO:Epoch: 22100/40000 | Train Loss: 2.660e-02 | Dynamic Loss: 2.660e-02 | Regularization Loss: 0.000e+00 | Val Loss: 6.391e-02 | Time: 8.38s
2025-08-20 01:04:07,637:INFO:Epoch: 22150/40000 | Train Loss: 2.930e-02 | Dynamic Loss: 2.930e-02 | Regularization Loss: 0.000e+00 | Val Loss: 5.187e-02 | Time: 8.22s
2025-08-20 01:04:15,982:INFO:Epoch: 22200/40000 | Train Loss: 1.809e-02 | Dynamic Loss: 1.809e-02 | Regularization Loss: 0.000e+00 | Val Loss: 4.240e-02 | Time: 8.34s
2025-08-20 01:04:15,982:INFO:New best model found at epoch 22200 with validation loss 4.240e-02. Saving...
2025-08-20 01:04:24,313:INFO:Epoch: 22250/40000 | Train Loss: 2.654e-02 | Dynamic Loss: 2.654e-02 | Regularization Loss: 0.000e+00 | Val Loss: 5.230e-02 | Time: 8.31s
2025-08-20 01:04:32,516:INFO:Epoch: 22300/40000 | Train Loss: 2.654e-02 | Dynamic Loss: 2.654e-02 | Regularization Loss: 0.000e+00 | Val Loss: 5.266e-02 | Time: 8.20s
2025-08-20 01:04:40,860:INFO:Epoch: 22350/40000 | Train Loss: 2.523e-02 | Dynamic Loss: 2.523e-02 | Regularization Loss: 0.000e+00 | Val Loss: 4.860e-02 | Time: 8.34s
2025-08-20 01:04:49,134:INFO:Epoch: 22400/40000 | Train Loss: 2.632e-02 | Dynamic Loss: 2.632e-02 | Regularization Loss: 0.000e+00 | Val Loss: 4.737e-02 | Time: 8.27s
2025-08-20 01:04:57,395:INFO:Epoch: 22450/40000 | Train Loss: 2.256e-02 | Dynamic Loss: 2.256e-02 | Regularization Loss: 0.000e+00 | Val Loss: 4.912e-02 | Time: 8.26s
2025-08-20 01:05:13,081:INFO:Epoch: 22500/40000 | Train Loss: 3.592e-02 | Dynamic Loss: 3.592e-02 | Regularization Loss: 0.000e+00 | Val Loss: 6.129e-02 | Time: 15.69s
2025-08-20 01:05:21,353:INFO:Epoch: 22550/40000 | Train Loss: 2.575e-02 | Dynamic Loss: 2.575e-02 | Regularization Loss: 0.000e+00 | Val Loss: 5.221e-02 | Time: 8.27s
2025-08-20 01:05:29,642:INFO:Epoch: 22600/40000 | Train Loss: 2.421e-02 | Dynamic Loss: 2.421e-02 | Regularization Loss: 0.000e+00 | Val Loss: 5.127e-02 | Time: 8.29s
2025-08-20 01:05:38,110:INFO:Epoch: 22650/40000 | Train Loss: 2.534e-02 | Dynamic Loss: 2.534e-02 | Regularization Loss: 0.000e+00 | Val Loss: 5.368e-02 | Time: 8.47s
2025-08-20 01:05:46,440:INFO:Epoch: 22700/40000 | Train Loss: 2.740e-02 | Dynamic Loss: 2.740e-02 | Regularization Loss: 0.000e+00 | Val Loss: 4.651e-02 | Time: 8.33s
2025-08-20 01:05:54,725:INFO:Epoch: 22750/40000 | Train Loss: 2.142e-02 | Dynamic Loss: 2.142e-02 | Regularization Loss: 0.000e+00 | Val Loss: 4.495e-02 | Time: 8.28s
2025-08-20 01:06:02,939:INFO:Epoch: 22800/40000 | Train Loss: 3.779e-02 | Dynamic Loss: 3.779e-02 | Regularization Loss: 0.000e+00 | Val Loss: 6.908e-02 | Time: 8.21s
2025-08-20 01:06:12,866:INFO:Epoch: 22850/40000 | Train Loss: 4.619e-02 | Dynamic Loss: 4.619e-02 | Regularization Loss: 0.000e+00 | Val Loss: 4.905e-02 | Time: 9.93s
2025-08-20 01:06:21,091:INFO:Epoch: 22900/40000 | Train Loss: 2.128e-02 | Dynamic Loss: 2.128e-02 | Regularization Loss: 0.000e+00 | Val Loss: 4.354e-02 | Time: 8.22s
2025-08-20 01:06:29,386:INFO:Epoch: 22950/40000 | Train Loss: 4.387e-02 | Dynamic Loss: 4.387e-02 | Regularization Loss: 0.000e+00 | Val Loss: 5.499e-02 | Time: 8.29s
2025-08-20 01:06:37,658:INFO:Epoch: 23000/40000 | Train Loss: 1.969e-02 | Dynamic Loss: 1.969e-02 | Regularization Loss: 0.000e+00 | Val Loss: 4.506e-02 | Time: 8.27s
2025-08-20 01:06:45,931:INFO:Epoch: 23050/40000 | Train Loss: 2.364e-02 | Dynamic Loss: 2.364e-02 | Regularization Loss: 0.000e+00 | Val Loss: 4.510e-02 | Time: 8.27s
2025-08-20 01:06:55,056:INFO:Epoch: 23100/40000 | Train Loss: 2.931e-02 | Dynamic Loss: 2.931e-02 | Regularization Loss: 0.000e+00 | Val Loss: 6.492e-02 | Time: 9.13s
2025-08-20 01:07:03,322:INFO:Epoch: 23150/40000 | Train Loss: 2.432e-02 | Dynamic Loss: 2.432e-02 | Regularization Loss: 0.000e+00 | Val Loss: 4.557e-02 | Time: 8.27s
2025-08-20 01:07:11,639:INFO:Epoch: 23200/40000 | Train Loss: 1.739e-02 | Dynamic Loss: 1.739e-02 | Regularization Loss: 0.000e+00 | Val Loss: 4.187e-02 | Time: 8.32s
2025-08-20 01:07:11,639:INFO:New best model found at epoch 23200 with validation loss 4.187e-02. Saving...
2025-08-20 01:07:19,931:INFO:Epoch: 23250/40000 | Train Loss: 2.207e-02 | Dynamic Loss: 2.207e-02 | Regularization Loss: 0.000e+00 | Val Loss: 4.446e-02 | Time: 8.27s
2025-08-20 01:07:28,140:INFO:Epoch: 23300/40000 | Train Loss: 1.818e-02 | Dynamic Loss: 1.818e-02 | Regularization Loss: 0.000e+00 | Val Loss: 4.306e-02 | Time: 8.21s
2025-08-20 01:07:43,222:INFO:Epoch: 23350/40000 | Train Loss: 2.575e-02 | Dynamic Loss: 2.575e-02 | Regularization Loss: 0.000e+00 | Val Loss: 4.866e-02 | Time: 15.08s
2025-08-20 01:07:51,518:INFO:Epoch: 23400/40000 | Train Loss: 2.266e-02 | Dynamic Loss: 2.266e-02 | Regularization Loss: 0.000e+00 | Val Loss: 4.456e-02 | Time: 8.30s
2025-08-20 01:07:59,842:INFO:Epoch: 23450/40000 | Train Loss: 2.755e-02 | Dynamic Loss: 2.755e-02 | Regularization Loss: 0.000e+00 | Val Loss: 5.102e-02 | Time: 8.32s
2025-08-20 01:08:08,111:INFO:Epoch: 23500/40000 | Train Loss: 2.432e-02 | Dynamic Loss: 2.432e-02 | Regularization Loss: 0.000e+00 | Val Loss: 4.851e-02 | Time: 8.27s
2025-08-20 01:08:16,382:INFO:Epoch: 23550/40000 | Train Loss: 1.767e-02 | Dynamic Loss: 1.767e-02 | Regularization Loss: 0.000e+00 | Val Loss: 4.455e-02 | Time: 8.27s
2025-08-20 01:08:31,495:INFO:Epoch: 23600/40000 | Train Loss: 1.800e-02 | Dynamic Loss: 1.800e-02 | Regularization Loss: 0.000e+00 | Val Loss: 4.508e-02 | Time: 15.11s
2025-08-20 01:08:39,817:INFO:Epoch: 23650/40000 | Train Loss: 1.803e-02 | Dynamic Loss: 1.803e-02 | Regularization Loss: 0.000e+00 | Val Loss: 4.312e-02 | Time: 8.32s
2025-08-20 01:08:48,121:INFO:Epoch: 23700/40000 | Train Loss: 2.321e-02 | Dynamic Loss: 2.321e-02 | Regularization Loss: 0.000e+00 | Val Loss: 4.809e-02 | Time: 8.30s
2025-08-20 01:08:56,392:INFO:Epoch: 23750/40000 | Train Loss: 2.458e-02 | Dynamic Loss: 2.458e-02 | Regularization Loss: 0.000e+00 | Val Loss: 4.344e-02 | Time: 8.27s
2025-08-20 01:09:04,584:INFO:Epoch: 23800/40000 | Train Loss: 1.825e-02 | Dynamic Loss: 1.825e-02 | Regularization Loss: 0.000e+00 | Val Loss: 4.346e-02 | Time: 8.19s
2025-08-20 01:09:12,884:INFO:Epoch: 23850/40000 | Train Loss: 2.403e-02 | Dynamic Loss: 2.403e-02 | Regularization Loss: 0.000e+00 | Val Loss: 4.659e-02 | Time: 8.30s
2025-08-20 01:09:21,098:INFO:Epoch: 23900/40000 | Train Loss: 3.233e-02 | Dynamic Loss: 3.233e-02 | Regularization Loss: 0.000e+00 | Val Loss: 4.540e-02 | Time: 8.21s
2025-08-20 01:09:29,445:INFO:Epoch: 23950/40000 | Train Loss: 1.831e-02 | Dynamic Loss: 1.831e-02 | Regularization Loss: 0.000e+00 | Val Loss: 4.062e-02 | Time: 8.35s
2025-08-20 01:09:29,445:INFO:New best model found at epoch 23950 with validation loss 4.062e-02. Saving...
2025-08-20 01:09:37,755:INFO:Epoch: 24000/40000 | Train Loss: 3.058e-02 | Dynamic Loss: 3.058e-02 | Regularization Loss: 0.000e+00 | Val Loss: 4.957e-02 | Time: 8.29s
2025-08-20 01:09:45,966:INFO:Epoch: 24050/40000 | Train Loss: 2.282e-02 | Dynamic Loss: 2.282e-02 | Regularization Loss: 0.000e+00 | Val Loss: 4.987e-02 | Time: 8.21s
2025-08-20 01:09:54,293:INFO:Epoch: 24100/40000 | Train Loss: 2.062e-02 | Dynamic Loss: 2.062e-02 | Regularization Loss: 0.000e+00 | Val Loss: 4.241e-02 | Time: 8.33s
2025-08-20 01:10:02,531:INFO:Epoch: 24150/40000 | Train Loss: 1.738e-02 | Dynamic Loss: 1.738e-02 | Regularization Loss: 0.000e+00 | Val Loss: 4.240e-02 | Time: 8.24s
2025-08-20 01:10:10,794:INFO:Epoch: 24200/40000 | Train Loss: 2.669e-02 | Dynamic Loss: 2.669e-02 | Regularization Loss: 0.000e+00 | Val Loss: 4.786e-02 | Time: 8.26s
2025-08-20 01:10:26,273:INFO:Epoch: 24250/40000 | Train Loss: 1.523e-02 | Dynamic Loss: 1.523e-02 | Regularization Loss: 0.000e+00 | Val Loss: 4.248e-02 | Time: 15.48s
2025-08-20 01:10:34,592:INFO:Epoch: 24300/40000 | Train Loss: 1.573e-02 | Dynamic Loss: 1.573e-02 | Regularization Loss: 0.000e+00 | Val Loss: 4.263e-02 | Time: 8.32s
2025-08-20 01:10:42,954:INFO:Epoch: 24350/40000 | Train Loss: 2.035e-02 | Dynamic Loss: 2.035e-02 | Regularization Loss: 0.000e+00 | Val Loss: 5.253e-02 | Time: 8.36s
2025-08-20 01:10:51,232:INFO:Epoch: 24400/40000 | Train Loss: 2.255e-02 | Dynamic Loss: 2.255e-02 | Regularization Loss: 0.000e+00 | Val Loss: 4.883e-02 | Time: 8.28s
2025-08-20 01:10:59,596:INFO:Epoch: 24450/40000 | Train Loss: 1.648e-02 | Dynamic Loss: 1.648e-02 | Regularization Loss: 0.000e+00 | Val Loss: 4.150e-02 | Time: 8.36s
2025-08-20 01:11:07,879:INFO:Epoch: 24500/40000 | Train Loss: 2.133e-02 | Dynamic Loss: 2.133e-02 | Regularization Loss: 0.000e+00 | Val Loss: 4.969e-02 | Time: 8.28s
2025-08-20 01:11:16,122:INFO:Epoch: 24550/40000 | Train Loss: 2.403e-02 | Dynamic Loss: 2.403e-02 | Regularization Loss: 0.000e+00 | Val Loss: 5.074e-02 | Time: 8.24s
2025-08-20 01:11:24,463:INFO:Epoch: 24600/40000 | Train Loss: 1.769e-02 | Dynamic Loss: 1.769e-02 | Regularization Loss: 0.000e+00 | Val Loss: 4.477e-02 | Time: 8.34s
2025-08-20 01:11:32,884:INFO:Epoch: 24650/40000 | Train Loss: 2.152e-02 | Dynamic Loss: 2.152e-02 | Regularization Loss: 0.000e+00 | Val Loss: 3.999e-02 | Time: 8.42s
2025-08-20 01:11:32,884:INFO:New best model found at epoch 24650 with validation loss 3.999e-02. Saving...
2025-08-20 01:11:41,209:INFO:Epoch: 24700/40000 | Train Loss: 2.208e-02 | Dynamic Loss: 2.208e-02 | Regularization Loss: 0.000e+00 | Val Loss: 5.029e-02 | Time: 8.31s
2025-08-20 01:11:56,889:INFO:Epoch: 24750/40000 | Train Loss: 2.319e-02 | Dynamic Loss: 2.319e-02 | Regularization Loss: 0.000e+00 | Val Loss: 4.610e-02 | Time: 15.68s
2025-08-20 01:12:05,182:INFO:Epoch: 24800/40000 | Train Loss: 3.108e-02 | Dynamic Loss: 3.108e-02 | Regularization Loss: 0.000e+00 | Val Loss: 4.740e-02 | Time: 8.29s
2025-08-20 01:12:13,558:INFO:Epoch: 24850/40000 | Train Loss: 1.448e-02 | Dynamic Loss: 1.448e-02 | Regularization Loss: 0.000e+00 | Val Loss: 4.094e-02 | Time: 8.38s
2025-08-20 01:12:21,898:INFO:Epoch: 24900/40000 | Train Loss: 3.582e-02 | Dynamic Loss: 3.582e-02 | Regularization Loss: 0.000e+00 | Val Loss: 6.721e-02 | Time: 8.34s
2025-08-20 01:12:30,281:INFO:Epoch: 24950/40000 | Train Loss: 1.402e-02 | Dynamic Loss: 1.402e-02 | Regularization Loss: 0.000e+00 | Val Loss: 3.982e-02 | Time: 8.38s
2025-08-20 01:12:30,281:INFO:New best model found at epoch 24950 with validation loss 3.982e-02. Saving...
2025-08-20 01:12:38,630:INFO:Epoch: 25000/40000 | Train Loss: 1.709e-02 | Dynamic Loss: 1.709e-02 | Regularization Loss: 0.000e+00 | Val Loss: 4.223e-02 | Time: 8.33s
2025-08-20 01:12:46,905:INFO:Epoch: 25050/40000 | Train Loss: 1.850e-02 | Dynamic Loss: 1.850e-02 | Regularization Loss: 0.000e+00 | Val Loss: 4.754e-02 | Time: 8.27s
2025-08-20 01:13:02,175:INFO:Epoch: 25100/40000 | Train Loss: 1.867e-02 | Dynamic Loss: 1.867e-02 | Regularization Loss: 0.000e+00 | Val Loss: 4.713e-02 | Time: 15.27s
2025-08-20 01:13:10,412:INFO:Epoch: 25150/40000 | Train Loss: 1.964e-02 | Dynamic Loss: 1.964e-02 | Regularization Loss: 0.000e+00 | Val Loss: 4.737e-02 | Time: 8.24s
2025-08-20 01:13:18,766:INFO:Epoch: 25200/40000 | Train Loss: 1.767e-02 | Dynamic Loss: 1.767e-02 | Regularization Loss: 0.000e+00 | Val Loss: 3.956e-02 | Time: 8.35s
2025-08-20 01:13:18,766:INFO:New best model found at epoch 25200 with validation loss 3.956e-02. Saving...
2025-08-20 01:13:27,085:INFO:Epoch: 25250/40000 | Train Loss: 1.559e-02 | Dynamic Loss: 1.559e-02 | Regularization Loss: 0.000e+00 | Val Loss: 4.416e-02 | Time: 8.30s
2025-08-20 01:13:35,349:INFO:Epoch: 25300/40000 | Train Loss: 1.999e-02 | Dynamic Loss: 1.999e-02 | Regularization Loss: 0.000e+00 | Val Loss: 4.998e-02 | Time: 8.26s
2025-08-20 01:13:50,586:INFO:Epoch: 25350/40000 | Train Loss: 1.770e-02 | Dynamic Loss: 1.770e-02 | Regularization Loss: 0.000e+00 | Val Loss: 4.500e-02 | Time: 15.24s
2025-08-20 01:13:58,835:INFO:Epoch: 25400/40000 | Train Loss: 2.158e-02 | Dynamic Loss: 2.158e-02 | Regularization Loss: 0.000e+00 | Val Loss: 4.873e-02 | Time: 8.25s
2025-08-20 01:14:07,247:INFO:Epoch: 25450/40000 | Train Loss: 1.532e-02 | Dynamic Loss: 1.532e-02 | Regularization Loss: 0.000e+00 | Val Loss: 3.865e-02 | Time: 8.41s
2025-08-20 01:14:07,247:INFO:New best model found at epoch 25450 with validation loss 3.865e-02. Saving...
2025-08-20 01:14:15,561:INFO:Epoch: 25500/40000 | Train Loss: 1.877e-02 | Dynamic Loss: 1.877e-02 | Regularization Loss: 0.000e+00 | Val Loss: 4.140e-02 | Time: 8.30s
2025-08-20 01:14:23,830:INFO:Epoch: 25550/40000 | Train Loss: 2.312e-02 | Dynamic Loss: 2.312e-02 | Regularization Loss: 0.000e+00 | Val Loss: 4.408e-02 | Time: 8.27s
2025-08-20 01:14:39,377:INFO:Epoch: 25600/40000 | Train Loss: 2.202e-02 | Dynamic Loss: 2.202e-02 | Regularization Loss: 0.000e+00 | Val Loss: 4.449e-02 | Time: 15.55s
2025-08-20 01:14:47,664:INFO:Epoch: 25650/40000 | Train Loss: 1.821e-02 | Dynamic Loss: 1.821e-02 | Regularization Loss: 0.000e+00 | Val Loss: 4.093e-02 | Time: 8.29s
2025-08-20 01:14:56,105:INFO:Epoch: 25700/40000 | Train Loss: 1.459e-02 | Dynamic Loss: 1.459e-02 | Regularization Loss: 0.000e+00 | Val Loss: 4.428e-02 | Time: 8.44s
2025-08-20 01:15:04,462:INFO:Epoch: 25750/40000 | Train Loss: 1.735e-02 | Dynamic Loss: 1.735e-02 | Regularization Loss: 0.000e+00 | Val Loss: 4.017e-02 | Time: 8.36s
2025-08-20 01:15:12,747:INFO:Epoch: 25800/40000 | Train Loss: 1.626e-02 | Dynamic Loss: 1.626e-02 | Regularization Loss: 0.000e+00 | Val Loss: 4.402e-02 | Time: 8.29s
2025-08-20 01:15:28,356:INFO:Epoch: 25850/40000 | Train Loss: 1.923e-02 | Dynamic Loss: 1.923e-02 | Regularization Loss: 0.000e+00 | Val Loss: 4.200e-02 | Time: 15.61s
2025-08-20 01:15:36,618:INFO:Epoch: 25900/40000 | Train Loss: 1.737e-02 | Dynamic Loss: 1.737e-02 | Regularization Loss: 0.000e+00 | Val Loss: 4.099e-02 | Time: 8.26s
2025-08-20 01:15:45,016:INFO:Epoch: 25950/40000 | Train Loss: 1.900e-02 | Dynamic Loss: 1.900e-02 | Regularization Loss: 0.000e+00 | Val Loss: 4.209e-02 | Time: 8.40s
2025-08-20 01:15:53,336:INFO:Epoch: 26000/40000 | Train Loss: 1.677e-02 | Dynamic Loss: 1.677e-02 | Regularization Loss: 0.000e+00 | Val Loss: 3.864e-02 | Time: 8.32s
2025-08-20 01:15:53,336:INFO:New best model found at epoch 26000 with validation loss 3.864e-02. Saving...
2025-08-20 01:16:01,664:INFO:Epoch: 26050/40000 | Train Loss: 1.744e-02 | Dynamic Loss: 1.744e-02 | Regularization Loss: 0.000e+00 | Val Loss: 4.594e-02 | Time: 8.31s
2025-08-20 01:16:17,073:INFO:Epoch: 26100/40000 | Train Loss: 1.815e-02 | Dynamic Loss: 1.815e-02 | Regularization Loss: 0.000e+00 | Val Loss: 4.160e-02 | Time: 15.41s
2025-08-20 01:16:25,355:INFO:Epoch: 26150/40000 | Train Loss: 1.723e-02 | Dynamic Loss: 1.723e-02 | Regularization Loss: 0.000e+00 | Val Loss: 4.164e-02 | Time: 8.28s
2025-08-20 01:16:33,672:INFO:Epoch: 26200/40000 | Train Loss: 1.669e-02 | Dynamic Loss: 1.669e-02 | Regularization Loss: 0.000e+00 | Val Loss: 4.636e-02 | Time: 8.32s
2025-08-20 01:16:41,929:INFO:Epoch: 26250/40000 | Train Loss: 1.426e-02 | Dynamic Loss: 1.426e-02 | Regularization Loss: 0.000e+00 | Val Loss: 4.069e-02 | Time: 8.26s
2025-08-20 01:16:50,184:INFO:Epoch: 26300/40000 | Train Loss: 1.294e-02 | Dynamic Loss: 1.294e-02 | Regularization Loss: 0.000e+00 | Val Loss: 3.938e-02 | Time: 8.26s
2025-08-20 01:17:05,528:INFO:Epoch: 26350/40000 | Train Loss: 1.590e-02 | Dynamic Loss: 1.590e-02 | Regularization Loss: 0.000e+00 | Val Loss: 4.265e-02 | Time: 15.34s
2025-08-20 01:17:13,777:INFO:Epoch: 26400/40000 | Train Loss: 1.656e-02 | Dynamic Loss: 1.656e-02 | Regularization Loss: 0.000e+00 | Val Loss: 4.196e-02 | Time: 8.25s
2025-08-20 01:17:22,200:INFO:Epoch: 26450/40000 | Train Loss: 3.057e-02 | Dynamic Loss: 3.057e-02 | Regularization Loss: 0.000e+00 | Val Loss: 5.124e-02 | Time: 8.42s
2025-08-20 01:17:30,570:INFO:Epoch: 26500/40000 | Train Loss: 2.031e-02 | Dynamic Loss: 2.031e-02 | Regularization Loss: 0.000e+00 | Val Loss: 4.251e-02 | Time: 8.37s
2025-08-20 01:17:39,004:INFO:Epoch: 26550/40000 | Train Loss: 2.397e-02 | Dynamic Loss: 2.397e-02 | Regularization Loss: 0.000e+00 | Val Loss: 4.691e-02 | Time: 8.43s
2025-08-20 01:17:47,282:INFO:Epoch: 26600/40000 | Train Loss: 1.168e-02 | Dynamic Loss: 1.168e-02 | Regularization Loss: 0.000e+00 | Val Loss: 3.871e-02 | Time: 8.28s
2025-08-20 01:17:55,555:INFO:Epoch: 26650/40000 | Train Loss: 1.659e-02 | Dynamic Loss: 1.659e-02 | Regularization Loss: 0.000e+00 | Val Loss: 4.141e-02 | Time: 8.27s
2025-08-20 01:18:10,783:INFO:Epoch: 26700/40000 | Train Loss: 2.083e-02 | Dynamic Loss: 2.083e-02 | Regularization Loss: 0.000e+00 | Val Loss: 5.426e-02 | Time: 15.23s
2025-08-20 01:18:19,112:INFO:Epoch: 26750/40000 | Train Loss: 1.322e-02 | Dynamic Loss: 1.322e-02 | Regularization Loss: 0.000e+00 | Val Loss: 3.692e-02 | Time: 8.33s
2025-08-20 01:18:19,113:INFO:New best model found at epoch 26750 with validation loss 3.692e-02. Saving...
2025-08-20 01:18:27,504:INFO:Epoch: 26800/40000 | Train Loss: 1.503e-02 | Dynamic Loss: 1.503e-02 | Regularization Loss: 0.000e+00 | Val Loss: 4.142e-02 | Time: 8.37s
2025-08-20 01:18:35,773:INFO:Epoch: 26850/40000 | Train Loss: 1.069e-02 | Dynamic Loss: 1.069e-02 | Regularization Loss: 0.000e+00 | Val Loss: 3.761e-02 | Time: 8.27s
2025-08-20 01:18:44,192:INFO:Epoch: 26900/40000 | Train Loss: 1.221e-02 | Dynamic Loss: 1.221e-02 | Regularization Loss: 0.000e+00 | Val Loss: 3.798e-02 | Time: 8.42s
2025-08-20 01:18:59,434:INFO:Epoch: 26950/40000 | Train Loss: 2.153e-02 | Dynamic Loss: 2.153e-02 | Regularization Loss: 0.000e+00 | Val Loss: 4.620e-02 | Time: 15.24s
2025-08-20 01:19:07,752:INFO:Epoch: 27000/40000 | Train Loss: 1.539e-02 | Dynamic Loss: 1.539e-02 | Regularization Loss: 0.000e+00 | Val Loss: 3.752e-02 | Time: 8.32s
2025-08-20 01:19:16,163:INFO:Epoch: 27050/40000 | Train Loss: 1.873e-02 | Dynamic Loss: 1.873e-02 | Regularization Loss: 0.000e+00 | Val Loss: 4.250e-02 | Time: 8.41s
2025-08-20 01:19:24,463:INFO:Epoch: 27100/40000 | Train Loss: 1.168e-02 | Dynamic Loss: 1.168e-02 | Regularization Loss: 0.000e+00 | Val Loss: 3.748e-02 | Time: 8.30s
2025-08-20 01:19:32,704:INFO:Epoch: 27150/40000 | Train Loss: 1.731e-02 | Dynamic Loss: 1.731e-02 | Regularization Loss: 0.000e+00 | Val Loss: 4.095e-02 | Time: 8.24s
2025-08-20 01:19:48,127:INFO:Epoch: 27200/40000 | Train Loss: 1.288e-02 | Dynamic Loss: 1.288e-02 | Regularization Loss: 0.000e+00 | Val Loss: 3.710e-02 | Time: 15.42s
2025-08-20 01:19:56,366:INFO:Epoch: 27250/40000 | Train Loss: 1.943e-02 | Dynamic Loss: 1.943e-02 | Regularization Loss: 0.000e+00 | Val Loss: 4.223e-02 | Time: 8.24s
2025-08-20 01:20:04,751:INFO:Epoch: 27300/40000 | Train Loss: 1.530e-02 | Dynamic Loss: 1.530e-02 | Regularization Loss: 0.000e+00 | Val Loss: 4.484e-02 | Time: 8.38s
2025-08-20 01:20:13,157:INFO:Epoch: 27350/40000 | Train Loss: 1.815e-02 | Dynamic Loss: 1.815e-02 | Regularization Loss: 0.000e+00 | Val Loss: 4.251e-02 | Time: 8.41s
2025-08-20 01:20:21,588:INFO:Epoch: 27400/40000 | Train Loss: 1.591e-02 | Dynamic Loss: 1.591e-02 | Regularization Loss: 0.000e+00 | Val Loss: 3.876e-02 | Time: 8.43s
2025-08-20 01:20:29,958:INFO:Epoch: 27450/40000 | Train Loss: 1.754e-02 | Dynamic Loss: 1.754e-02 | Regularization Loss: 0.000e+00 | Val Loss: 3.816e-02 | Time: 8.37s
2025-08-20 01:20:38,372:INFO:Epoch: 27500/40000 | Train Loss: 1.516e-02 | Dynamic Loss: 1.516e-02 | Regularization Loss: 0.000e+00 | Val Loss: 3.844e-02 | Time: 8.41s
2025-08-20 01:20:46,671:INFO:Epoch: 27550/40000 | Train Loss: 2.039e-02 | Dynamic Loss: 2.039e-02 | Regularization Loss: 0.000e+00 | Val Loss: 4.037e-02 | Time: 8.30s
2025-08-20 01:20:54,935:INFO:Epoch: 27600/40000 | Train Loss: 1.894e-02 | Dynamic Loss: 1.894e-02 | Regularization Loss: 0.000e+00 | Val Loss: 4.252e-02 | Time: 8.26s
2025-08-20 01:21:03,239:INFO:Epoch: 27650/40000 | Train Loss: 1.661e-02 | Dynamic Loss: 1.661e-02 | Regularization Loss: 0.000e+00 | Val Loss: 4.048e-02 | Time: 8.30s
2025-08-20 01:21:11,554:INFO:Epoch: 27700/40000 | Train Loss: 1.926e-02 | Dynamic Loss: 1.926e-02 | Regularization Loss: 0.000e+00 | Val Loss: 4.459e-02 | Time: 8.31s
2025-08-20 01:21:19,868:INFO:Epoch: 27750/40000 | Train Loss: 1.525e-02 | Dynamic Loss: 1.525e-02 | Regularization Loss: 0.000e+00 | Val Loss: 4.251e-02 | Time: 8.31s
2025-08-20 01:21:35,118:INFO:Epoch: 27800/40000 | Train Loss: 1.701e-02 | Dynamic Loss: 1.701e-02 | Regularization Loss: 0.000e+00 | Val Loss: 4.730e-02 | Time: 15.25s
2025-08-20 01:21:43,410:INFO:Epoch: 27850/40000 | Train Loss: 1.221e-02 | Dynamic Loss: 1.221e-02 | Regularization Loss: 0.000e+00 | Val Loss: 3.819e-02 | Time: 8.29s
2025-08-20 01:21:51,772:INFO:Epoch: 27900/40000 | Train Loss: 1.940e-02 | Dynamic Loss: 1.940e-02 | Regularization Loss: 0.000e+00 | Val Loss: 3.923e-02 | Time: 8.36s
2025-08-20 01:22:00,063:INFO:Epoch: 27950/40000 | Train Loss: 1.704e-02 | Dynamic Loss: 1.704e-02 | Regularization Loss: 0.000e+00 | Val Loss: 3.913e-02 | Time: 8.29s
2025-08-20 01:22:08,373:INFO:Epoch: 28000/40000 | Train Loss: 1.624e-02 | Dynamic Loss: 1.624e-02 | Regularization Loss: 0.000e+00 | Val Loss: 4.324e-02 | Time: 8.31s
2025-08-20 01:22:23,665:INFO:Epoch: 28050/40000 | Train Loss: 1.384e-02 | Dynamic Loss: 1.384e-02 | Regularization Loss: 0.000e+00 | Val Loss: 3.910e-02 | Time: 15.29s
2025-08-20 01:22:31,948:INFO:Epoch: 28100/40000 | Train Loss: 1.572e-02 | Dynamic Loss: 1.572e-02 | Regularization Loss: 0.000e+00 | Val Loss: 3.882e-02 | Time: 8.28s
2025-08-20 01:22:40,268:INFO:Epoch: 28150/40000 | Train Loss: 1.887e-02 | Dynamic Loss: 1.887e-02 | Regularization Loss: 0.000e+00 | Val Loss: 4.243e-02 | Time: 8.32s
2025-08-20 01:22:48,563:INFO:Epoch: 28200/40000 | Train Loss: 1.359e-02 | Dynamic Loss: 1.359e-02 | Regularization Loss: 0.000e+00 | Val Loss: 3.668e-02 | Time: 8.30s
2025-08-20 01:22:48,563:INFO:New best model found at epoch 28200 with validation loss 3.668e-02. Saving...
2025-08-20 01:22:56,868:INFO:Epoch: 28250/40000 | Train Loss: 1.752e-02 | Dynamic Loss: 1.752e-02 | Regularization Loss: 0.000e+00 | Val Loss: 4.164e-02 | Time: 8.29s
2025-08-20 01:23:11,842:INFO:Epoch: 28300/40000 | Train Loss: 1.837e-02 | Dynamic Loss: 1.837e-02 | Regularization Loss: 0.000e+00 | Val Loss: 3.967e-02 | Time: 14.97s
2025-08-20 01:23:20,149:INFO:Epoch: 28350/40000 | Train Loss: 1.694e-02 | Dynamic Loss: 1.694e-02 | Regularization Loss: 0.000e+00 | Val Loss: 3.970e-02 | Time: 8.31s
2025-08-20 01:23:28,475:INFO:Epoch: 28400/40000 | Train Loss: 1.446e-02 | Dynamic Loss: 1.446e-02 | Regularization Loss: 0.000e+00 | Val Loss: 3.800e-02 | Time: 8.33s
2025-08-20 01:23:36,736:INFO:Epoch: 28450/40000 | Train Loss: 2.115e-02 | Dynamic Loss: 2.115e-02 | Regularization Loss: 0.000e+00 | Val Loss: 4.510e-02 | Time: 8.26s
2025-08-20 01:23:45,022:INFO:Epoch: 28500/40000 | Train Loss: 1.302e-02 | Dynamic Loss: 1.302e-02 | Regularization Loss: 0.000e+00 | Val Loss: 3.898e-02 | Time: 8.29s
2025-08-20 01:24:00,332:INFO:Epoch: 28550/40000 | Train Loss: 1.458e-02 | Dynamic Loss: 1.458e-02 | Regularization Loss: 0.000e+00 | Val Loss: 4.035e-02 | Time: 15.31s
2025-08-20 01:24:08,599:INFO:Epoch: 28600/40000 | Train Loss: 2.061e-02 | Dynamic Loss: 2.061e-02 | Regularization Loss: 0.000e+00 | Val Loss: 4.353e-02 | Time: 8.27s
2025-08-20 01:24:17,052:INFO:Epoch: 28650/40000 | Train Loss: 1.234e-02 | Dynamic Loss: 1.234e-02 | Regularization Loss: 0.000e+00 | Val Loss: 3.828e-02 | Time: 8.45s
2025-08-20 01:24:25,373:INFO:Epoch: 28700/40000 | Train Loss: 2.485e-02 | Dynamic Loss: 2.485e-02 | Regularization Loss: 0.000e+00 | Val Loss: 4.677e-02 | Time: 8.32s
2025-08-20 01:24:33,819:INFO:Epoch: 28750/40000 | Train Loss: 1.681e-02 | Dynamic Loss: 1.681e-02 | Regularization Loss: 0.000e+00 | Val Loss: 3.771e-02 | Time: 8.45s
2025-08-20 01:24:42,101:INFO:Epoch: 28800/40000 | Train Loss: 2.127e-02 | Dynamic Loss: 2.127e-02 | Regularization Loss: 0.000e+00 | Val Loss: 4.173e-02 | Time: 8.28s
2025-08-20 01:24:50,482:INFO:Epoch: 28850/40000 | Train Loss: 1.938e-02 | Dynamic Loss: 1.938e-02 | Regularization Loss: 0.000e+00 | Val Loss: 4.231e-02 | Time: 8.38s
2025-08-20 01:25:05,810:INFO:Epoch: 28900/40000 | Train Loss: 3.173e-02 | Dynamic Loss: 3.173e-02 | Regularization Loss: 0.000e+00 | Val Loss: 4.307e-02 | Time: 15.33s
2025-08-20 01:25:14,144:INFO:Epoch: 28950/40000 | Train Loss: 1.988e-02 | Dynamic Loss: 1.988e-02 | Regularization Loss: 0.000e+00 | Val Loss: 3.923e-02 | Time: 8.33s
2025-08-20 01:25:22,537:INFO:Epoch: 29000/40000 | Train Loss: 2.975e-02 | Dynamic Loss: 2.975e-02 | Regularization Loss: 0.000e+00 | Val Loss: 4.714e-02 | Time: 8.39s
2025-08-20 01:25:30,838:INFO:Epoch: 29050/40000 | Train Loss: 1.406e-02 | Dynamic Loss: 1.406e-02 | Regularization Loss: 0.000e+00 | Val Loss: 3.735e-02 | Time: 8.30s
2025-08-20 01:25:39,178:INFO:Epoch: 29100/40000 | Train Loss: 2.158e-02 | Dynamic Loss: 2.158e-02 | Regularization Loss: 0.000e+00 | Val Loss: 4.121e-02 | Time: 8.34s
2025-08-20 01:25:47,475:INFO:Epoch: 29150/40000 | Train Loss: 1.413e-02 | Dynamic Loss: 1.413e-02 | Regularization Loss: 0.000e+00 | Val Loss: 3.790e-02 | Time: 8.30s
2025-08-20 01:25:55,849:INFO:Epoch: 29200/40000 | Train Loss: 1.400e-02 | Dynamic Loss: 1.400e-02 | Regularization Loss: 0.000e+00 | Val Loss: 3.933e-02 | Time: 8.37s
2025-08-20 01:26:11,155:INFO:Epoch: 29250/40000 | Train Loss: 1.199e-02 | Dynamic Loss: 1.199e-02 | Regularization Loss: 0.000e+00 | Val Loss: 3.697e-02 | Time: 15.31s
2025-08-20 01:26:19,432:INFO:Epoch: 29300/40000 | Train Loss: 1.499e-02 | Dynamic Loss: 1.499e-02 | Regularization Loss: 0.000e+00 | Val Loss: 3.963e-02 | Time: 8.28s
2025-08-20 01:26:27,773:INFO:Epoch: 29350/40000 | Train Loss: 1.241e-02 | Dynamic Loss: 1.241e-02 | Regularization Loss: 0.000e+00 | Val Loss: 3.647e-02 | Time: 8.34s
2025-08-20 01:26:27,773:INFO:New best model found at epoch 29350 with validation loss 3.647e-02. Saving...
2025-08-20 01:26:36,110:INFO:Epoch: 29400/40000 | Train Loss: 1.475e-02 | Dynamic Loss: 1.475e-02 | Regularization Loss: 0.000e+00 | Val Loss: 3.745e-02 | Time: 8.32s
2025-08-20 01:26:44,422:INFO:Epoch: 29450/40000 | Train Loss: 1.310e-02 | Dynamic Loss: 1.310e-02 | Regularization Loss: 0.000e+00 | Val Loss: 3.730e-02 | Time: 8.31s
2025-08-20 01:26:52,745:INFO:Epoch: 29500/40000 | Train Loss: 1.316e-02 | Dynamic Loss: 1.316e-02 | Regularization Loss: 0.000e+00 | Val Loss: 4.070e-02 | Time: 8.32s
2025-08-20 01:27:01,089:INFO:Epoch: 29550/40000 | Train Loss: 1.867e-02 | Dynamic Loss: 1.867e-02 | Regularization Loss: 0.000e+00 | Val Loss: 4.426e-02 | Time: 8.34s
2025-08-20 01:27:16,234:INFO:Epoch: 29600/40000 | Train Loss: 1.574e-02 | Dynamic Loss: 1.574e-02 | Regularization Loss: 0.000e+00 | Val Loss: 4.191e-02 | Time: 15.14s
2025-08-20 01:27:24,505:INFO:Epoch: 29650/40000 | Train Loss: 1.863e-02 | Dynamic Loss: 1.863e-02 | Regularization Loss: 0.000e+00 | Val Loss: 4.129e-02 | Time: 8.27s
2025-08-20 01:27:32,867:INFO:Epoch: 29700/40000 | Train Loss: 1.741e-02 | Dynamic Loss: 1.741e-02 | Regularization Loss: 0.000e+00 | Val Loss: 4.372e-02 | Time: 8.36s
2025-08-20 01:27:41,125:INFO:Epoch: 29750/40000 | Train Loss: 1.341e-02 | Dynamic Loss: 1.341e-02 | Regularization Loss: 0.000e+00 | Val Loss: 3.998e-02 | Time: 8.26s
2025-08-20 01:27:49,457:INFO:Epoch: 29800/40000 | Train Loss: 1.804e-02 | Dynamic Loss: 1.804e-02 | Regularization Loss: 0.000e+00 | Val Loss: 4.328e-02 | Time: 8.33s
2025-08-20 01:27:57,767:INFO:Epoch: 29850/40000 | Train Loss: 1.222e-02 | Dynamic Loss: 1.222e-02 | Regularization Loss: 0.000e+00 | Val Loss: 3.751e-02 | Time: 8.31s
2025-08-20 01:28:06,053:INFO:Epoch: 29900/40000 | Train Loss: 2.512e-02 | Dynamic Loss: 2.512e-02 | Regularization Loss: 0.000e+00 | Val Loss: 5.296e-02 | Time: 8.28s
2025-08-20 01:28:21,131:INFO:Epoch: 29950/40000 | Train Loss: 1.373e-02 | Dynamic Loss: 1.373e-02 | Regularization Loss: 0.000e+00 | Val Loss: 3.888e-02 | Time: 15.08s
2025-08-20 01:28:29,384:INFO:Epoch: 30000/40000 | Train Loss: 1.876e-02 | Dynamic Loss: 1.876e-02 | Regularization Loss: 0.000e+00 | Val Loss: 4.738e-02 | Time: 8.25s
2025-08-20 01:28:37,747:INFO:Epoch: 30050/40000 | Train Loss: 1.617e-02 | Dynamic Loss: 1.617e-02 | Regularization Loss: 0.000e+00 | Val Loss: 4.172e-02 | Time: 8.36s
2025-08-20 01:28:46,028:INFO:Epoch: 30100/40000 | Train Loss: 1.188e-02 | Dynamic Loss: 1.188e-02 | Regularization Loss: 0.000e+00 | Val Loss: 3.758e-02 | Time: 8.28s
2025-08-20 01:28:54,378:INFO:Epoch: 30150/40000 | Train Loss: 1.842e-02 | Dynamic Loss: 1.842e-02 | Regularization Loss: 0.000e+00 | Val Loss: 4.544e-02 | Time: 8.35s
2025-08-20 01:29:02,765:INFO:Epoch: 30200/40000 | Train Loss: 2.239e-02 | Dynamic Loss: 2.239e-02 | Regularization Loss: 0.000e+00 | Val Loss: 4.473e-02 | Time: 8.39s
2025-08-20 01:29:11,282:INFO:Epoch: 30250/40000 | Train Loss: 1.255e-02 | Dynamic Loss: 1.255e-02 | Regularization Loss: 0.000e+00 | Val Loss: 3.920e-02 | Time: 8.52s
2025-08-20 01:29:26,847:INFO:Epoch: 30300/40000 | Train Loss: 1.269e-02 | Dynamic Loss: 1.269e-02 | Regularization Loss: 0.000e+00 | Val Loss: 4.120e-02 | Time: 15.56s
2025-08-20 01:29:35,147:INFO:Epoch: 30350/40000 | Train Loss: 1.100e-02 | Dynamic Loss: 1.100e-02 | Regularization Loss: 0.000e+00 | Val Loss: 3.671e-02 | Time: 8.30s
2025-08-20 01:29:43,493:INFO:Epoch: 30400/40000 | Train Loss: 1.735e-02 | Dynamic Loss: 1.735e-02 | Regularization Loss: 0.000e+00 | Val Loss: 3.804e-02 | Time: 8.35s
2025-08-20 01:29:51,866:INFO:Epoch: 30450/40000 | Train Loss: 1.243e-02 | Dynamic Loss: 1.243e-02 | Regularization Loss: 0.000e+00 | Val Loss: 3.753e-02 | Time: 8.37s
2025-08-20 01:30:00,222:INFO:Epoch: 30500/40000 | Train Loss: 1.415e-02 | Dynamic Loss: 1.415e-02 | Regularization Loss: 0.000e+00 | Val Loss: 3.773e-02 | Time: 8.36s
2025-08-20 01:30:08,548:INFO:Epoch: 30550/40000 | Train Loss: 2.950e-02 | Dynamic Loss: 2.950e-02 | Regularization Loss: 0.000e+00 | Val Loss: 4.478e-02 | Time: 8.33s
2025-08-20 01:30:16,905:INFO:Epoch: 30600/40000 | Train Loss: 1.827e-02 | Dynamic Loss: 1.827e-02 | Regularization Loss: 0.000e+00 | Val Loss: 4.000e-02 | Time: 8.36s
2025-08-20 01:30:32,460:INFO:Epoch: 30650/40000 | Train Loss: 1.351e-02 | Dynamic Loss: 1.351e-02 | Regularization Loss: 0.000e+00 | Val Loss: 3.804e-02 | Time: 15.56s
2025-08-20 01:30:40,787:INFO:Epoch: 30700/40000 | Train Loss: 1.283e-02 | Dynamic Loss: 1.283e-02 | Regularization Loss: 0.000e+00 | Val Loss: 3.792e-02 | Time: 8.33s
2025-08-20 01:30:49,131:INFO:Epoch: 30750/40000 | Train Loss: 1.127e-02 | Dynamic Loss: 1.127e-02 | Regularization Loss: 0.000e+00 | Val Loss: 3.573e-02 | Time: 8.34s
2025-08-20 01:30:49,131:INFO:New best model found at epoch 30750 with validation loss 3.573e-02. Saving...
2025-08-20 01:30:57,433:INFO:Epoch: 30800/40000 | Train Loss: 1.770e-02 | Dynamic Loss: 1.770e-02 | Regularization Loss: 0.000e+00 | Val Loss: 3.761e-02 | Time: 8.28s
2025-08-20 01:31:05,815:INFO:Epoch: 30850/40000 | Train Loss: 1.370e-02 | Dynamic Loss: 1.370e-02 | Regularization Loss: 0.000e+00 | Val Loss: 4.003e-02 | Time: 8.38s
2025-08-20 01:31:14,126:INFO:Epoch: 30900/40000 | Train Loss: 1.363e-02 | Dynamic Loss: 1.363e-02 | Regularization Loss: 0.000e+00 | Val Loss: 3.765e-02 | Time: 8.31s
2025-08-20 01:31:22,417:INFO:Epoch: 30950/40000 | Train Loss: 2.763e-02 | Dynamic Loss: 2.763e-02 | Regularization Loss: 0.000e+00 | Val Loss: 4.447e-02 | Time: 8.29s
2025-08-20 01:31:37,693:INFO:Epoch: 31000/40000 | Train Loss: 1.865e-02 | Dynamic Loss: 1.865e-02 | Regularization Loss: 0.000e+00 | Val Loss: 4.117e-02 | Time: 15.28s
2025-08-20 01:31:46,262:INFO:Epoch: 31050/40000 | Train Loss: 1.311e-02 | Dynamic Loss: 1.311e-02 | Regularization Loss: 0.000e+00 | Val Loss: 4.196e-02 | Time: 8.57s
2025-08-20 01:31:54,629:INFO:Epoch: 31100/40000 | Train Loss: 1.014e-02 | Dynamic Loss: 1.014e-02 | Regularization Loss: 0.000e+00 | Val Loss: 3.538e-02 | Time: 8.37s
2025-08-20 01:31:54,629:INFO:New best model found at epoch 31100 with validation loss 3.538e-02. Saving...
2025-08-20 01:32:02,923:INFO:Epoch: 31150/40000 | Train Loss: 1.367e-02 | Dynamic Loss: 1.367e-02 | Regularization Loss: 0.000e+00 | Val Loss: 4.098e-02 | Time: 8.28s
2025-08-20 01:32:11,284:INFO:Epoch: 31200/40000 | Train Loss: 1.353e-02 | Dynamic Loss: 1.353e-02 | Regularization Loss: 0.000e+00 | Val Loss: 4.132e-02 | Time: 8.36s
2025-08-20 01:32:19,654:INFO:Epoch: 31250/40000 | Train Loss: 1.556e-02 | Dynamic Loss: 1.556e-02 | Regularization Loss: 0.000e+00 | Val Loss: 3.929e-02 | Time: 8.37s
2025-08-20 01:32:28,006:INFO:Epoch: 31300/40000 | Train Loss: 2.039e-02 | Dynamic Loss: 2.039e-02 | Regularization Loss: 0.000e+00 | Val Loss: 4.777e-02 | Time: 8.35s
2025-08-20 01:32:43,029:INFO:Epoch: 31350/40000 | Train Loss: 1.692e-02 | Dynamic Loss: 1.692e-02 | Regularization Loss: 0.000e+00 | Val Loss: 3.947e-02 | Time: 15.02s
2025-08-20 01:32:51,307:INFO:Epoch: 31400/40000 | Train Loss: 2.471e-02 | Dynamic Loss: 2.471e-02 | Regularization Loss: 0.000e+00 | Val Loss: 4.369e-02 | Time: 8.28s
2025-08-20 01:32:59,623:INFO:Epoch: 31450/40000 | Train Loss: 1.644e-02 | Dynamic Loss: 1.644e-02 | Regularization Loss: 0.000e+00 | Val Loss: 4.034e-02 | Time: 8.32s
2025-08-20 01:33:07,913:INFO:Epoch: 31500/40000 | Train Loss: 1.299e-02 | Dynamic Loss: 1.299e-02 | Regularization Loss: 0.000e+00 | Val Loss: 3.861e-02 | Time: 8.29s
2025-08-20 01:33:16,259:INFO:Epoch: 31550/40000 | Train Loss: 1.688e-02 | Dynamic Loss: 1.688e-02 | Regularization Loss: 0.000e+00 | Val Loss: 4.305e-02 | Time: 8.35s
2025-08-20 01:33:24,694:INFO:Epoch: 31600/40000 | Train Loss: 1.170e-02 | Dynamic Loss: 1.170e-02 | Regularization Loss: 0.000e+00 | Val Loss: 3.688e-02 | Time: 8.43s
2025-08-20 01:33:33,012:INFO:Epoch: 31650/40000 | Train Loss: 1.051e-02 | Dynamic Loss: 1.051e-02 | Regularization Loss: 0.000e+00 | Val Loss: 3.528e-02 | Time: 8.32s
2025-08-20 01:33:33,013:INFO:New best model found at epoch 31650 with validation loss 3.528e-02. Saving...
2025-08-20 01:33:48,474:INFO:Epoch: 31700/40000 | Train Loss: 2.173e-02 | Dynamic Loss: 2.173e-02 | Regularization Loss: 0.000e+00 | Val Loss: 4.005e-02 | Time: 15.44s
2025-08-20 01:33:56,778:INFO:Epoch: 31750/40000 | Train Loss: 2.535e-02 | Dynamic Loss: 2.535e-02 | Regularization Loss: 0.000e+00 | Val Loss: 4.182e-02 | Time: 8.30s
2025-08-20 01:34:05,143:INFO:Epoch: 31800/40000 | Train Loss: 1.248e-02 | Dynamic Loss: 1.248e-02 | Regularization Loss: 0.000e+00 | Val Loss: 3.789e-02 | Time: 8.36s
2025-08-20 01:34:13,413:INFO:Epoch: 31850/40000 | Train Loss: 1.808e-02 | Dynamic Loss: 1.808e-02 | Regularization Loss: 0.000e+00 | Val Loss: 4.129e-02 | Time: 8.27s
2025-08-20 01:34:21,739:INFO:Epoch: 31900/40000 | Train Loss: 1.566e-02 | Dynamic Loss: 1.566e-02 | Regularization Loss: 0.000e+00 | Val Loss: 3.814e-02 | Time: 8.33s
2025-08-20 01:34:30,098:INFO:Epoch: 31950/40000 | Train Loss: 1.502e-02 | Dynamic Loss: 1.502e-02 | Regularization Loss: 0.000e+00 | Val Loss: 3.742e-02 | Time: 8.36s
2025-08-20 01:34:38,444:INFO:Epoch: 32000/40000 | Train Loss: 1.993e-02 | Dynamic Loss: 1.993e-02 | Regularization Loss: 0.000e+00 | Val Loss: 4.594e-02 | Time: 8.35s
2025-08-20 01:34:53,587:INFO:Epoch: 32050/40000 | Train Loss: 1.338e-02 | Dynamic Loss: 1.338e-02 | Regularization Loss: 0.000e+00 | Val Loss: 4.062e-02 | Time: 15.14s
2025-08-20 01:35:01,897:INFO:Epoch: 32100/40000 | Train Loss: 1.214e-02 | Dynamic Loss: 1.214e-02 | Regularization Loss: 0.000e+00 | Val Loss: 3.860e-02 | Time: 8.31s
2025-08-20 01:35:10,279:INFO:Epoch: 32150/40000 | Train Loss: 1.380e-02 | Dynamic Loss: 1.380e-02 | Regularization Loss: 0.000e+00 | Val Loss: 3.625e-02 | Time: 8.38s
2025-08-20 01:35:18,642:INFO:Epoch: 32200/40000 | Train Loss: 2.581e-02 | Dynamic Loss: 2.581e-02 | Regularization Loss: 0.000e+00 | Val Loss: 4.862e-02 | Time: 8.36s
2025-08-20 01:35:27,007:INFO:Epoch: 32250/40000 | Train Loss: 1.710e-02 | Dynamic Loss: 1.710e-02 | Regularization Loss: 0.000e+00 | Val Loss: 4.330e-02 | Time: 8.36s
2025-08-20 01:35:35,352:INFO:Epoch: 32300/40000 | Train Loss: 1.351e-02 | Dynamic Loss: 1.351e-02 | Regularization Loss: 0.000e+00 | Val Loss: 3.852e-02 | Time: 8.35s
2025-08-20 01:35:43,645:INFO:Epoch: 32350/40000 | Train Loss: 1.318e-02 | Dynamic Loss: 1.318e-02 | Regularization Loss: 0.000e+00 | Val Loss: 3.806e-02 | Time: 8.29s
2025-08-20 01:35:58,708:INFO:Epoch: 32400/40000 | Train Loss: 1.304e-02 | Dynamic Loss: 1.304e-02 | Regularization Loss: 0.000e+00 | Val Loss: 3.358e-02 | Time: 15.06s
2025-08-20 01:35:58,708:INFO:New best model found at epoch 32400 with validation loss 3.358e-02. Saving...
2025-08-20 01:36:07,062:INFO:Epoch: 32450/40000 | Train Loss: 1.016e-02 | Dynamic Loss: 1.016e-02 | Regularization Loss: 0.000e+00 | Val Loss: 3.456e-02 | Time: 8.33s
2025-08-20 01:36:15,426:INFO:Epoch: 32500/40000 | Train Loss: 8.241e-03 | Dynamic Loss: 8.241e-03 | Regularization Loss: 0.000e+00 | Val Loss: 3.421e-02 | Time: 8.36s
2025-08-20 01:36:23,730:INFO:Epoch: 32550/40000 | Train Loss: 1.010e-02 | Dynamic Loss: 1.010e-02 | Regularization Loss: 0.000e+00 | Val Loss: 3.602e-02 | Time: 8.30s
2025-08-20 01:36:32,128:INFO:Epoch: 32600/40000 | Train Loss: 1.603e-02 | Dynamic Loss: 1.603e-02 | Regularization Loss: 0.000e+00 | Val Loss: 4.460e-02 | Time: 8.40s
2025-08-20 01:36:40,471:INFO:Epoch: 32650/40000 | Train Loss: 1.518e-02 | Dynamic Loss: 1.518e-02 | Regularization Loss: 0.000e+00 | Val Loss: 3.921e-02 | Time: 8.34s
2025-08-20 01:36:48,779:INFO:Epoch: 32700/40000 | Train Loss: 1.513e-02 | Dynamic Loss: 1.513e-02 | Regularization Loss: 0.000e+00 | Val Loss: 4.123e-02 | Time: 8.31s
2025-08-20 01:37:03,997:INFO:Epoch: 32750/40000 | Train Loss: 1.143e-02 | Dynamic Loss: 1.143e-02 | Regularization Loss: 0.000e+00 | Val Loss: 3.656e-02 | Time: 15.22s
2025-08-20 01:37:12,461:INFO:Epoch: 32800/40000 | Train Loss: 2.046e-02 | Dynamic Loss: 2.046e-02 | Regularization Loss: 0.000e+00 | Val Loss: 3.749e-02 | Time: 8.46s
2025-08-20 01:37:20,885:INFO:Epoch: 32850/40000 | Train Loss: 1.327e-02 | Dynamic Loss: 1.327e-02 | Regularization Loss: 0.000e+00 | Val Loss: 3.663e-02 | Time: 8.42s
2025-08-20 01:37:29,210:INFO:Epoch: 32900/40000 | Train Loss: 1.417e-02 | Dynamic Loss: 1.417e-02 | Regularization Loss: 0.000e+00 | Val Loss: 3.746e-02 | Time: 8.32s
2025-08-20 01:37:37,468:INFO:Epoch: 32950/40000 | Train Loss: 1.529e-02 | Dynamic Loss: 1.529e-02 | Regularization Loss: 0.000e+00 | Val Loss: 3.546e-02 | Time: 8.26s
2025-08-20 01:37:52,532:INFO:Epoch: 33000/40000 | Train Loss: 1.367e-02 | Dynamic Loss: 1.367e-02 | Regularization Loss: 0.000e+00 | Val Loss: 3.614e-02 | Time: 15.06s
2025-08-20 01:38:00,796:INFO:Epoch: 33050/40000 | Train Loss: 1.783e-02 | Dynamic Loss: 1.783e-02 | Regularization Loss: 0.000e+00 | Val Loss: 4.129e-02 | Time: 8.26s
2025-08-20 01:38:09,163:INFO:Epoch: 33100/40000 | Train Loss: 1.470e-02 | Dynamic Loss: 1.470e-02 | Regularization Loss: 0.000e+00 | Val Loss: 3.574e-02 | Time: 8.37s
2025-08-20 01:38:17,475:INFO:Epoch: 33150/40000 | Train Loss: 1.179e-02 | Dynamic Loss: 1.179e-02 | Regularization Loss: 0.000e+00 | Val Loss: 3.853e-02 | Time: 8.31s
2025-08-20 01:38:25,842:INFO:Epoch: 33200/40000 | Train Loss: 1.267e-02 | Dynamic Loss: 1.267e-02 | Regularization Loss: 0.000e+00 | Val Loss: 4.001e-02 | Time: 8.37s
2025-08-20 01:38:41,107:INFO:Epoch: 33250/40000 | Train Loss: 1.418e-02 | Dynamic Loss: 1.418e-02 | Regularization Loss: 0.000e+00 | Val Loss: 3.682e-02 | Time: 15.26s
2025-08-20 01:38:49,427:INFO:Epoch: 33300/40000 | Train Loss: 1.458e-02 | Dynamic Loss: 1.458e-02 | Regularization Loss: 0.000e+00 | Val Loss: 3.662e-02 | Time: 8.32s
2025-08-20 01:38:57,855:INFO:Epoch: 33350/40000 | Train Loss: 1.222e-02 | Dynamic Loss: 1.222e-02 | Regularization Loss: 0.000e+00 | Val Loss: 3.637e-02 | Time: 8.43s
2025-08-20 01:39:06,226:INFO:Epoch: 33400/40000 | Train Loss: 2.165e-02 | Dynamic Loss: 2.165e-02 | Regularization Loss: 0.000e+00 | Val Loss: 4.211e-02 | Time: 8.37s
2025-08-20 01:39:14,520:INFO:Epoch: 33450/40000 | Train Loss: 1.451e-02 | Dynamic Loss: 1.451e-02 | Regularization Loss: 0.000e+00 | Val Loss: 3.903e-02 | Time: 8.29s
2025-08-20 01:39:22,830:INFO:Epoch: 33500/40000 | Train Loss: 1.544e-02 | Dynamic Loss: 1.544e-02 | Regularization Loss: 0.000e+00 | Val Loss: 3.792e-02 | Time: 8.31s
2025-08-20 01:39:31,172:INFO:Epoch: 33550/40000 | Train Loss: 1.150e-02 | Dynamic Loss: 1.150e-02 | Regularization Loss: 0.000e+00 | Val Loss: 3.414e-02 | Time: 8.34s
2025-08-20 01:39:39,499:INFO:Epoch: 33600/40000 | Train Loss: 2.321e-02 | Dynamic Loss: 2.321e-02 | Regularization Loss: 0.000e+00 | Val Loss: 4.146e-02 | Time: 8.33s
2025-08-20 01:39:47,837:INFO:Epoch: 33650/40000 | Train Loss: 1.186e-02 | Dynamic Loss: 1.186e-02 | Regularization Loss: 0.000e+00 | Val Loss: 3.587e-02 | Time: 8.34s
2025-08-20 01:39:56,133:INFO:Epoch: 33700/40000 | Train Loss: 1.536e-02 | Dynamic Loss: 1.536e-02 | Regularization Loss: 0.000e+00 | Val Loss: 3.886e-02 | Time: 8.30s
2025-08-20 01:40:11,072:INFO:Epoch: 33750/40000 | Train Loss: 1.171e-02 | Dynamic Loss: 1.171e-02 | Regularization Loss: 0.000e+00 | Val Loss: 3.582e-02 | Time: 14.94s
2025-08-20 01:40:19,377:INFO:Epoch: 33800/40000 | Train Loss: 1.039e-02 | Dynamic Loss: 1.039e-02 | Regularization Loss: 0.000e+00 | Val Loss: 3.223e-02 | Time: 8.30s
2025-08-20 01:40:19,377:INFO:New best model found at epoch 33800 with validation loss 3.223e-02. Saving...
2025-08-20 01:40:27,832:INFO:Epoch: 33850/40000 | Train Loss: 1.122e-02 | Dynamic Loss: 1.122e-02 | Regularization Loss: 0.000e+00 | Val Loss: 3.743e-02 | Time: 8.44s
2025-08-20 01:40:36,313:INFO:Epoch: 33900/40000 | Train Loss: 1.683e-02 | Dynamic Loss: 1.683e-02 | Regularization Loss: 0.000e+00 | Val Loss: 4.155e-02 | Time: 8.48s
2025-08-20 01:40:44,680:INFO:Epoch: 33950/40000 | Train Loss: 9.583e-03 | Dynamic Loss: 9.583e-03 | Regularization Loss: 0.000e+00 | Val Loss: 3.366e-02 | Time: 8.37s
2025-08-20 01:40:53,010:INFO:Epoch: 34000/40000 | Train Loss: 1.457e-02 | Dynamic Loss: 1.457e-02 | Regularization Loss: 0.000e+00 | Val Loss: 4.112e-02 | Time: 8.33s
2025-08-20 01:41:01,446:INFO:Epoch: 34050/40000 | Train Loss: 1.390e-02 | Dynamic Loss: 1.390e-02 | Regularization Loss: 0.000e+00 | Val Loss: 4.111e-02 | Time: 8.44s
2025-08-20 01:41:16,977:INFO:Epoch: 34100/40000 | Train Loss: 1.435e-02 | Dynamic Loss: 1.435e-02 | Regularization Loss: 0.000e+00 | Val Loss: 3.494e-02 | Time: 15.53s
2025-08-20 01:41:25,251:INFO:Epoch: 34150/40000 | Train Loss: 1.082e-02 | Dynamic Loss: 1.082e-02 | Regularization Loss: 0.000e+00 | Val Loss: 3.681e-02 | Time: 8.27s
2025-08-20 01:41:33,624:INFO:Epoch: 34200/40000 | Train Loss: 1.609e-02 | Dynamic Loss: 1.609e-02 | Regularization Loss: 0.000e+00 | Val Loss: 3.860e-02 | Time: 8.37s
2025-08-20 01:41:41,979:INFO:Epoch: 34250/40000 | Train Loss: 1.252e-02 | Dynamic Loss: 1.252e-02 | Regularization Loss: 0.000e+00 | Val Loss: 3.611e-02 | Time: 8.36s
2025-08-20 01:41:50,449:INFO:Epoch: 34300/40000 | Train Loss: 1.665e-02 | Dynamic Loss: 1.665e-02 | Regularization Loss: 0.000e+00 | Val Loss: 3.940e-02 | Time: 8.47s
2025-08-20 01:41:58,844:INFO:Epoch: 34350/40000 | Train Loss: 1.632e-02 | Dynamic Loss: 1.632e-02 | Regularization Loss: 0.000e+00 | Val Loss: 3.574e-02 | Time: 8.39s
2025-08-20 01:42:07,176:INFO:Epoch: 34400/40000 | Train Loss: 8.294e-03 | Dynamic Loss: 8.294e-03 | Regularization Loss: 0.000e+00 | Val Loss: 3.273e-02 | Time: 8.33s
2025-08-20 01:42:15,512:INFO:Epoch: 34450/40000 | Train Loss: 1.385e-02 | Dynamic Loss: 1.385e-02 | Regularization Loss: 0.000e+00 | Val Loss: 3.954e-02 | Time: 8.34s
2025-08-20 01:42:23,896:INFO:Epoch: 34500/40000 | Train Loss: 1.076e-02 | Dynamic Loss: 1.076e-02 | Regularization Loss: 0.000e+00 | Val Loss: 3.494e-02 | Time: 8.38s
2025-08-20 01:42:32,137:INFO:Epoch: 34550/40000 | Train Loss: 1.373e-02 | Dynamic Loss: 1.373e-02 | Regularization Loss: 0.000e+00 | Val Loss: 3.778e-02 | Time: 8.24s
2025-08-20 01:42:47,324:INFO:Epoch: 34600/40000 | Train Loss: 1.452e-02 | Dynamic Loss: 1.452e-02 | Regularization Loss: 0.000e+00 | Val Loss: 3.697e-02 | Time: 15.19s
2025-08-20 01:42:55,650:INFO:Epoch: 34650/40000 | Train Loss: 1.073e-02 | Dynamic Loss: 1.073e-02 | Regularization Loss: 0.000e+00 | Val Loss: 3.382e-02 | Time: 8.33s
2025-08-20 01:43:04,025:INFO:Epoch: 34700/40000 | Train Loss: 1.053e-02 | Dynamic Loss: 1.053e-02 | Regularization Loss: 0.000e+00 | Val Loss: 3.324e-02 | Time: 8.37s
2025-08-20 01:43:12,330:INFO:Epoch: 34750/40000 | Train Loss: 8.055e-03 | Dynamic Loss: 8.055e-03 | Regularization Loss: 0.000e+00 | Val Loss: 3.283e-02 | Time: 8.31s
2025-08-20 01:43:20,620:INFO:Epoch: 34800/40000 | Train Loss: 1.313e-02 | Dynamic Loss: 1.313e-02 | Regularization Loss: 0.000e+00 | Val Loss: 3.613e-02 | Time: 8.29s
2025-08-20 01:43:28,997:INFO:Epoch: 34850/40000 | Train Loss: 1.321e-02 | Dynamic Loss: 1.321e-02 | Regularization Loss: 0.000e+00 | Val Loss: 4.051e-02 | Time: 8.38s
2025-08-20 01:43:37,331:INFO:Epoch: 34900/40000 | Train Loss: 2.559e-02 | Dynamic Loss: 2.559e-02 | Regularization Loss: 0.000e+00 | Val Loss: 4.631e-02 | Time: 8.33s
2025-08-20 01:43:45,713:INFO:Epoch: 34950/40000 | Train Loss: 1.108e-02 | Dynamic Loss: 1.108e-02 | Regularization Loss: 0.000e+00 | Val Loss: 3.484e-02 | Time: 8.38s
2025-08-20 01:43:54,006:INFO:Epoch: 35000/40000 | Train Loss: 9.351e-03 | Dynamic Loss: 9.351e-03 | Regularization Loss: 0.000e+00 | Val Loss: 3.644e-02 | Time: 8.29s
2025-08-20 01:44:02,347:INFO:Epoch: 35050/40000 | Train Loss: 1.794e-02 | Dynamic Loss: 1.794e-02 | Regularization Loss: 0.000e+00 | Val Loss: 3.726e-02 | Time: 8.34s
2025-08-20 01:44:17,733:INFO:Epoch: 35100/40000 | Train Loss: 1.463e-02 | Dynamic Loss: 1.463e-02 | Regularization Loss: 0.000e+00 | Val Loss: 3.936e-02 | Time: 15.39s
2025-08-20 01:44:26,014:INFO:Epoch: 35150/40000 | Train Loss: 1.408e-02 | Dynamic Loss: 1.408e-02 | Regularization Loss: 0.000e+00 | Val Loss: 3.711e-02 | Time: 8.28s
2025-08-20 01:44:34,370:INFO:Epoch: 35200/40000 | Train Loss: 1.204e-02 | Dynamic Loss: 1.204e-02 | Regularization Loss: 0.000e+00 | Val Loss: 3.435e-02 | Time: 8.36s
2025-08-20 01:44:42,667:INFO:Epoch: 35250/40000 | Train Loss: 9.479e-03 | Dynamic Loss: 9.479e-03 | Regularization Loss: 0.000e+00 | Val Loss: 3.513e-02 | Time: 8.30s
2025-08-20 01:44:51,065:INFO:Epoch: 35300/40000 | Train Loss: 1.835e-02 | Dynamic Loss: 1.835e-02 | Regularization Loss: 0.000e+00 | Val Loss: 3.882e-02 | Time: 8.40s
2025-08-20 01:45:06,652:INFO:Epoch: 35350/40000 | Train Loss: 1.184e-02 | Dynamic Loss: 1.184e-02 | Regularization Loss: 0.000e+00 | Val Loss: 3.517e-02 | Time: 15.59s
2025-08-20 01:45:14,951:INFO:Epoch: 35400/40000 | Train Loss: 1.530e-02 | Dynamic Loss: 1.530e-02 | Regularization Loss: 0.000e+00 | Val Loss: 3.796e-02 | Time: 8.30s
2025-08-20 01:45:24,813:INFO:Epoch: 35450/40000 | Train Loss: 1.142e-02 | Dynamic Loss: 1.142e-02 | Regularization Loss: 0.000e+00 | Val Loss: 3.381e-02 | Time: 9.86s
2025-08-20 01:45:33,182:INFO:Epoch: 35500/40000 | Train Loss: 1.425e-02 | Dynamic Loss: 1.425e-02 | Regularization Loss: 0.000e+00 | Val Loss: 3.758e-02 | Time: 8.37s
2025-08-20 01:45:41,561:INFO:Epoch: 35550/40000 | Train Loss: 9.139e-03 | Dynamic Loss: 9.139e-03 | Regularization Loss: 0.000e+00 | Val Loss: 3.257e-02 | Time: 8.38s
2025-08-20 01:45:50,023:INFO:Epoch: 35600/40000 | Train Loss: 1.269e-02 | Dynamic Loss: 1.269e-02 | Regularization Loss: 0.000e+00 | Val Loss: 3.611e-02 | Time: 8.46s
2025-08-20 01:45:58,409:INFO:Epoch: 35650/40000 | Train Loss: 1.320e-02 | Dynamic Loss: 1.320e-02 | Regularization Loss: 0.000e+00 | Val Loss: 3.716e-02 | Time: 8.39s
2025-08-20 01:46:06,750:INFO:Epoch: 35700/40000 | Train Loss: 1.830e-02 | Dynamic Loss: 1.830e-02 | Regularization Loss: 0.000e+00 | Val Loss: 4.131e-02 | Time: 8.34s
2025-08-20 01:46:15,099:INFO:Epoch: 35750/40000 | Train Loss: 1.019e-02 | Dynamic Loss: 1.019e-02 | Regularization Loss: 0.000e+00 | Val Loss: 3.293e-02 | Time: 8.35s
2025-08-20 01:46:23,446:INFO:Epoch: 35800/40000 | Train Loss: 9.753e-03 | Dynamic Loss: 9.753e-03 | Regularization Loss: 0.000e+00 | Val Loss: 3.427e-02 | Time: 8.35s
2025-08-20 01:46:31,769:INFO:Epoch: 35850/40000 | Train Loss: 1.679e-02 | Dynamic Loss: 1.679e-02 | Regularization Loss: 0.000e+00 | Val Loss: 3.855e-02 | Time: 8.32s
2025-08-20 01:46:40,203:INFO:Epoch: 35900/40000 | Train Loss: 1.161e-02 | Dynamic Loss: 1.161e-02 | Regularization Loss: 0.000e+00 | Val Loss: 3.530e-02 | Time: 8.43s
2025-08-20 01:46:48,529:INFO:Epoch: 35950/40000 | Train Loss: 1.313e-02 | Dynamic Loss: 1.313e-02 | Regularization Loss: 0.000e+00 | Val Loss: 4.447e-02 | Time: 8.33s
2025-08-20 01:46:56,826:INFO:Epoch: 36000/40000 | Train Loss: 1.320e-02 | Dynamic Loss: 1.320e-02 | Regularization Loss: 0.000e+00 | Val Loss: 3.537e-02 | Time: 8.30s
2025-08-20 01:47:12,156:INFO:Epoch: 36050/40000 | Train Loss: 1.531e-02 | Dynamic Loss: 1.531e-02 | Regularization Loss: 0.000e+00 | Val Loss: 3.598e-02 | Time: 15.33s
2025-08-20 01:47:20,487:INFO:Epoch: 36100/40000 | Train Loss: 1.307e-02 | Dynamic Loss: 1.307e-02 | Regularization Loss: 0.000e+00 | Val Loss: 3.760e-02 | Time: 8.33s
2025-08-20 01:47:28,919:INFO:Epoch: 36150/40000 | Train Loss: 1.048e-02 | Dynamic Loss: 1.048e-02 | Regularization Loss: 0.000e+00 | Val Loss: 3.363e-02 | Time: 8.43s
2025-08-20 01:47:37,237:INFO:Epoch: 36200/40000 | Train Loss: 1.360e-02 | Dynamic Loss: 1.360e-02 | Regularization Loss: 0.000e+00 | Val Loss: 3.587e-02 | Time: 8.32s
2025-08-20 01:47:45,580:INFO:Epoch: 36250/40000 | Train Loss: 2.220e-02 | Dynamic Loss: 2.220e-02 | Regularization Loss: 0.000e+00 | Val Loss: 4.016e-02 | Time: 8.34s
2025-08-20 01:47:54,300:INFO:Epoch: 36300/40000 | Train Loss: 1.271e-02 | Dynamic Loss: 1.271e-02 | Regularization Loss: 0.000e+00 | Val Loss: 3.681e-02 | Time: 8.72s
2025-08-20 01:48:02,614:INFO:Epoch: 36350/40000 | Train Loss: 1.035e-02 | Dynamic Loss: 1.035e-02 | Regularization Loss: 0.000e+00 | Val Loss: 3.594e-02 | Time: 8.31s
2025-08-20 01:48:11,014:INFO:Epoch: 36400/40000 | Train Loss: 1.270e-02 | Dynamic Loss: 1.270e-02 | Regularization Loss: 0.000e+00 | Val Loss: 3.890e-02 | Time: 8.40s
2025-08-20 01:48:19,271:INFO:Epoch: 36450/40000 | Train Loss: 1.061e-02 | Dynamic Loss: 1.061e-02 | Regularization Loss: 0.000e+00 | Val Loss: 3.453e-02 | Time: 8.26s
2025-08-20 01:48:27,527:INFO:Epoch: 36500/40000 | Train Loss: 1.676e-02 | Dynamic Loss: 1.676e-02 | Regularization Loss: 0.000e+00 | Val Loss: 3.944e-02 | Time: 8.26s
2025-08-20 01:48:42,559:INFO:Epoch: 36550/40000 | Train Loss: 1.235e-02 | Dynamic Loss: 1.235e-02 | Regularization Loss: 0.000e+00 | Val Loss: 3.502e-02 | Time: 15.03s
2025-08-20 01:48:50,892:INFO:Epoch: 36600/40000 | Train Loss: 7.055e-03 | Dynamic Loss: 7.055e-03 | Regularization Loss: 0.000e+00 | Val Loss: 3.165e-02 | Time: 8.33s
2025-08-20 01:48:50,892:INFO:New best model found at epoch 36600 with validation loss 3.165e-02. Saving...
2025-08-20 01:48:59,262:INFO:Epoch: 36650/40000 | Train Loss: 1.289e-02 | Dynamic Loss: 1.289e-02 | Regularization Loss: 0.000e+00 | Val Loss: 3.583e-02 | Time: 8.35s
2025-08-20 01:49:07,552:INFO:Epoch: 36700/40000 | Train Loss: 1.795e-02 | Dynamic Loss: 1.795e-02 | Regularization Loss: 0.000e+00 | Val Loss: 3.931e-02 | Time: 8.29s
2025-08-20 01:49:15,946:INFO:Epoch: 36750/40000 | Train Loss: 1.060e-02 | Dynamic Loss: 1.060e-02 | Regularization Loss: 0.000e+00 | Val Loss: 3.384e-02 | Time: 8.39s
2025-08-20 01:49:24,264:INFO:Epoch: 36800/40000 | Train Loss: 1.202e-02 | Dynamic Loss: 1.202e-02 | Regularization Loss: 0.000e+00 | Val Loss: 3.615e-02 | Time: 8.32s
2025-08-20 01:49:32,605:INFO:Epoch: 36850/40000 | Train Loss: 1.047e-02 | Dynamic Loss: 1.047e-02 | Regularization Loss: 0.000e+00 | Val Loss: 3.339e-02 | Time: 8.34s
2025-08-20 01:49:47,850:INFO:Epoch: 36900/40000 | Train Loss: 1.043e-02 | Dynamic Loss: 1.043e-02 | Regularization Loss: 0.000e+00 | Val Loss: 3.421e-02 | Time: 15.25s
2025-08-20 01:49:56,089:INFO:Epoch: 36950/40000 | Train Loss: 8.619e-03 | Dynamic Loss: 8.619e-03 | Regularization Loss: 0.000e+00 | Val Loss: 3.389e-02 | Time: 8.24s
2025-08-20 01:50:04,471:INFO:Epoch: 37000/40000 | Train Loss: 1.519e-02 | Dynamic Loss: 1.519e-02 | Regularization Loss: 0.000e+00 | Val Loss: 3.596e-02 | Time: 8.38s
2025-08-20 01:50:12,817:INFO:Epoch: 37050/40000 | Train Loss: 9.764e-03 | Dynamic Loss: 9.764e-03 | Regularization Loss: 0.000e+00 | Val Loss: 3.361e-02 | Time: 8.35s
2025-08-20 01:50:21,136:INFO:Epoch: 37100/40000 | Train Loss: 2.140e-02 | Dynamic Loss: 2.140e-02 | Regularization Loss: 0.000e+00 | Val Loss: 3.840e-02 | Time: 8.32s
2025-08-20 01:50:29,518:INFO:Epoch: 37150/40000 | Train Loss: 1.259e-02 | Dynamic Loss: 1.259e-02 | Regularization Loss: 0.000e+00 | Val Loss: 3.610e-02 | Time: 8.38s
2025-08-20 01:50:37,918:INFO:Epoch: 37200/40000 | Train Loss: 9.951e-03 | Dynamic Loss: 9.951e-03 | Regularization Loss: 0.000e+00 | Val Loss: 3.469e-02 | Time: 8.40s
2025-08-20 01:50:46,323:INFO:Epoch: 37250/40000 | Train Loss: 1.107e-02 | Dynamic Loss: 1.107e-02 | Regularization Loss: 0.000e+00 | Val Loss: 3.391e-02 | Time: 8.40s
2025-08-20 01:50:54,714:INFO:Epoch: 37300/40000 | Train Loss: 8.268e-03 | Dynamic Loss: 8.268e-03 | Regularization Loss: 0.000e+00 | Val Loss: 3.138e-02 | Time: 8.39s
2025-08-20 01:50:54,714:INFO:New best model found at epoch 37300 with validation loss 3.138e-02. Saving...
2025-08-20 01:51:03,036:INFO:Epoch: 37350/40000 | Train Loss: 8.036e-03 | Dynamic Loss: 8.036e-03 | Regularization Loss: 0.000e+00 | Val Loss: 3.264e-02 | Time: 8.30s
2025-08-20 01:51:18,151:INFO:Epoch: 37400/40000 | Train Loss: 8.276e-03 | Dynamic Loss: 8.276e-03 | Regularization Loss: 0.000e+00 | Val Loss: 3.180e-02 | Time: 15.11s
2025-08-20 01:51:26,436:INFO:Epoch: 37450/40000 | Train Loss: 7.634e-03 | Dynamic Loss: 7.634e-03 | Regularization Loss: 0.000e+00 | Val Loss: 3.229e-02 | Time: 8.29s
2025-08-20 01:51:34,741:INFO:Epoch: 37500/40000 | Train Loss: 1.191e-02 | Dynamic Loss: 1.191e-02 | Regularization Loss: 0.000e+00 | Val Loss: 3.377e-02 | Time: 8.31s
2025-08-20 01:51:43,100:INFO:Epoch: 37550/40000 | Train Loss: 1.436e-02 | Dynamic Loss: 1.436e-02 | Regularization Loss: 0.000e+00 | Val Loss: 3.853e-02 | Time: 8.36s
2025-08-20 01:51:51,396:INFO:Epoch: 37600/40000 | Train Loss: 7.340e-03 | Dynamic Loss: 7.340e-03 | Regularization Loss: 0.000e+00 | Val Loss: 3.238e-02 | Time: 8.30s
2025-08-20 01:51:59,732:INFO:Epoch: 37650/40000 | Train Loss: 1.093e-02 | Dynamic Loss: 1.093e-02 | Regularization Loss: 0.000e+00 | Val Loss: 3.373e-02 | Time: 8.34s
2025-08-20 01:52:07,994:INFO:Epoch: 37700/40000 | Train Loss: 1.573e-02 | Dynamic Loss: 1.573e-02 | Regularization Loss: 0.000e+00 | Val Loss: 3.807e-02 | Time: 8.26s
2025-08-20 01:52:16,352:INFO:Epoch: 37750/40000 | Train Loss: 1.237e-02 | Dynamic Loss: 1.237e-02 | Regularization Loss: 0.000e+00 | Val Loss: 3.571e-02 | Time: 8.36s
2025-08-20 01:52:24,628:INFO:Epoch: 37800/40000 | Train Loss: 1.088e-02 | Dynamic Loss: 1.088e-02 | Regularization Loss: 0.000e+00 | Val Loss: 3.505e-02 | Time: 8.28s
2025-08-20 01:52:32,869:INFO:Epoch: 37850/40000 | Train Loss: 9.905e-03 | Dynamic Loss: 9.905e-03 | Regularization Loss: 0.000e+00 | Val Loss: 3.287e-02 | Time: 8.24s
2025-08-20 01:52:48,013:INFO:Epoch: 37900/40000 | Train Loss: 1.228e-02 | Dynamic Loss: 1.228e-02 | Regularization Loss: 0.000e+00 | Val Loss: 3.402e-02 | Time: 15.14s
2025-08-20 01:52:56,363:INFO:Epoch: 37950/40000 | Train Loss: 1.232e-02 | Dynamic Loss: 1.232e-02 | Regularization Loss: 0.000e+00 | Val Loss: 3.423e-02 | Time: 8.35s
2025-08-20 01:53:04,733:INFO:Epoch: 38000/40000 | Train Loss: 8.051e-03 | Dynamic Loss: 8.051e-03 | Regularization Loss: 0.000e+00 | Val Loss: 3.258e-02 | Time: 8.37s
2025-08-20 01:53:13,058:INFO:Epoch: 38050/40000 | Train Loss: 1.089e-02 | Dynamic Loss: 1.089e-02 | Regularization Loss: 0.000e+00 | Val Loss: 3.303e-02 | Time: 8.32s
2025-08-20 01:53:21,315:INFO:Epoch: 38100/40000 | Train Loss: 1.145e-02 | Dynamic Loss: 1.145e-02 | Regularization Loss: 0.000e+00 | Val Loss: 3.476e-02 | Time: 8.26s
2025-08-20 01:53:36,610:INFO:Epoch: 38150/40000 | Train Loss: 1.219e-02 | Dynamic Loss: 1.219e-02 | Regularization Loss: 0.000e+00 | Val Loss: 3.619e-02 | Time: 15.29s
2025-08-20 01:53:44,918:INFO:Epoch: 38200/40000 | Train Loss: 2.352e-02 | Dynamic Loss: 2.352e-02 | Regularization Loss: 0.000e+00 | Val Loss: 4.523e-02 | Time: 8.31s
2025-08-20 01:53:54,854:INFO:Epoch: 38250/40000 | Train Loss: 1.234e-02 | Dynamic Loss: 1.234e-02 | Regularization Loss: 0.000e+00 | Val Loss: 3.630e-02 | Time: 9.94s
2025-08-20 01:54:03,200:INFO:Epoch: 38300/40000 | Train Loss: 1.011e-02 | Dynamic Loss: 1.011e-02 | Regularization Loss: 0.000e+00 | Val Loss: 3.404e-02 | Time: 8.35s
2025-08-20 01:54:11,580:INFO:Epoch: 38350/40000 | Train Loss: 9.239e-03 | Dynamic Loss: 9.239e-03 | Regularization Loss: 0.000e+00 | Val Loss: 3.069e-02 | Time: 8.38s
2025-08-20 01:54:11,580:INFO:New best model found at epoch 38350 with validation loss 3.069e-02. Saving...
2025-08-20 01:54:19,991:INFO:Epoch: 38400/40000 | Train Loss: 1.271e-02 | Dynamic Loss: 1.271e-02 | Regularization Loss: 0.000e+00 | Val Loss: 3.617e-02 | Time: 8.39s
2025-08-20 01:54:28,430:INFO:Epoch: 38450/40000 | Train Loss: 7.801e-03 | Dynamic Loss: 7.801e-03 | Regularization Loss: 0.000e+00 | Val Loss: 3.137e-02 | Time: 8.44s
2025-08-20 01:54:36,781:INFO:Epoch: 38500/40000 | Train Loss: 6.765e-03 | Dynamic Loss: 6.765e-03 | Regularization Loss: 0.000e+00 | Val Loss: 3.155e-02 | Time: 8.35s
2025-08-20 01:54:45,149:INFO:Epoch: 38550/40000 | Train Loss: 1.382e-02 | Dynamic Loss: 1.382e-02 | Regularization Loss: 0.000e+00 | Val Loss: 3.614e-02 | Time: 8.37s
2025-08-20 01:54:53,459:INFO:Epoch: 38600/40000 | Train Loss: 9.182e-03 | Dynamic Loss: 9.182e-03 | Regularization Loss: 0.000e+00 | Val Loss: 3.339e-02 | Time: 8.31s
2025-08-20 01:55:01,724:INFO:Epoch: 38650/40000 | Train Loss: 8.839e-03 | Dynamic Loss: 8.839e-03 | Regularization Loss: 0.000e+00 | Val Loss: 3.168e-02 | Time: 8.26s
2025-08-20 01:55:10,057:INFO:Epoch: 38700/40000 | Train Loss: 1.011e-02 | Dynamic Loss: 1.011e-02 | Regularization Loss: 0.000e+00 | Val Loss: 3.446e-02 | Time: 8.33s
2025-08-20 01:55:18,462:INFO:Epoch: 38750/40000 | Train Loss: 9.950e-03 | Dynamic Loss: 9.950e-03 | Regularization Loss: 0.000e+00 | Val Loss: 3.196e-02 | Time: 8.40s
2025-08-20 01:55:26,802:INFO:Epoch: 38800/40000 | Train Loss: 1.150e-02 | Dynamic Loss: 1.150e-02 | Regularization Loss: 0.000e+00 | Val Loss: 3.650e-02 | Time: 8.34s
2025-08-20 01:55:42,233:INFO:Epoch: 38850/40000 | Train Loss: 9.767e-03 | Dynamic Loss: 9.767e-03 | Regularization Loss: 0.000e+00 | Val Loss: 3.444e-02 | Time: 15.43s
2025-08-20 01:55:50,497:INFO:Epoch: 38900/40000 | Train Loss: 6.335e-03 | Dynamic Loss: 6.335e-03 | Regularization Loss: 0.000e+00 | Val Loss: 2.962e-02 | Time: 8.26s
2025-08-20 01:55:50,497:INFO:New best model found at epoch 38900 with validation loss 2.962e-02. Saving...
2025-08-20 01:55:59,080:INFO:Epoch: 38950/40000 | Train Loss: 6.939e-03 | Dynamic Loss: 6.939e-03 | Regularization Loss: 0.000e+00 | Val Loss: 3.024e-02 | Time: 8.56s
2025-08-20 01:56:07,408:INFO:Epoch: 39000/40000 | Train Loss: 1.118e-02 | Dynamic Loss: 1.118e-02 | Regularization Loss: 0.000e+00 | Val Loss: 3.520e-02 | Time: 8.33s
2025-08-20 01:56:15,716:INFO:Epoch: 39050/40000 | Train Loss: 9.909e-03 | Dynamic Loss: 9.909e-03 | Regularization Loss: 0.000e+00 | Val Loss: 3.480e-02 | Time: 8.31s
2025-08-20 01:56:24,079:INFO:Epoch: 39100/40000 | Train Loss: 7.881e-03 | Dynamic Loss: 7.881e-03 | Regularization Loss: 0.000e+00 | Val Loss: 3.025e-02 | Time: 8.36s
2025-08-20 01:56:32,368:INFO:Epoch: 39150/40000 | Train Loss: 7.625e-03 | Dynamic Loss: 7.625e-03 | Regularization Loss: 0.000e+00 | Val Loss: 3.117e-02 | Time: 8.29s
2025-08-20 01:56:40,807:INFO:Epoch: 39200/40000 | Train Loss: 1.067e-02 | Dynamic Loss: 1.067e-02 | Regularization Loss: 0.000e+00 | Val Loss: 3.437e-02 | Time: 8.44s
2025-08-20 01:56:49,129:INFO:Epoch: 39250/40000 | Train Loss: 1.048e-02 | Dynamic Loss: 1.048e-02 | Regularization Loss: 0.000e+00 | Val Loss: 3.403e-02 | Time: 8.32s
2025-08-20 01:56:57,428:INFO:Epoch: 39300/40000 | Train Loss: 1.112e-02 | Dynamic Loss: 1.112e-02 | Regularization Loss: 0.000e+00 | Val Loss: 3.172e-02 | Time: 8.30s
2025-08-20 01:57:12,620:INFO:Epoch: 39350/40000 | Train Loss: 9.710e-03 | Dynamic Loss: 9.710e-03 | Regularization Loss: 0.000e+00 | Val Loss: 3.393e-02 | Time: 15.19s
2025-08-20 01:57:21,112:INFO:Epoch: 39400/40000 | Train Loss: 9.919e-03 | Dynamic Loss: 9.919e-03 | Regularization Loss: 0.000e+00 | Val Loss: 3.312e-02 | Time: 8.49s
2025-08-20 01:57:29,662:INFO:Epoch: 39450/40000 | Train Loss: 1.273e-02 | Dynamic Loss: 1.273e-02 | Regularization Loss: 0.000e+00 | Val Loss: 3.310e-02 | Time: 8.55s
2025-08-20 01:57:37,953:INFO:Epoch: 39500/40000 | Train Loss: 8.825e-03 | Dynamic Loss: 8.825e-03 | Regularization Loss: 0.000e+00 | Val Loss: 3.299e-02 | Time: 8.29s
2025-08-20 01:57:46,290:INFO:Epoch: 39550/40000 | Train Loss: 9.323e-03 | Dynamic Loss: 9.323e-03 | Regularization Loss: 0.000e+00 | Val Loss: 3.375e-02 | Time: 8.34s
2025-08-20 01:58:01,603:INFO:Epoch: 39600/40000 | Train Loss: 1.204e-02 | Dynamic Loss: 1.204e-02 | Regularization Loss: 0.000e+00 | Val Loss: 3.500e-02 | Time: 15.31s
2025-08-20 01:58:09,876:INFO:Epoch: 39650/40000 | Train Loss: 8.956e-03 | Dynamic Loss: 8.956e-03 | Regularization Loss: 0.000e+00 | Val Loss: 3.048e-02 | Time: 8.27s
2025-08-20 01:58:18,214:INFO:Epoch: 39700/40000 | Train Loss: 7.102e-03 | Dynamic Loss: 7.102e-03 | Regularization Loss: 0.000e+00 | Val Loss: 3.172e-02 | Time: 8.34s
2025-08-20 01:58:26,466:INFO:Epoch: 39750/40000 | Train Loss: 1.236e-02 | Dynamic Loss: 1.236e-02 | Regularization Loss: 0.000e+00 | Val Loss: 3.315e-02 | Time: 8.25s
2025-08-20 01:58:34,743:INFO:Epoch: 39800/40000 | Train Loss: 1.158e-02 | Dynamic Loss: 1.158e-02 | Regularization Loss: 0.000e+00 | Val Loss: 3.321e-02 | Time: 8.28s
2025-08-20 01:58:50,236:INFO:Epoch: 39850/40000 | Train Loss: 1.182e-02 | Dynamic Loss: 1.182e-02 | Regularization Loss: 0.000e+00 | Val Loss: 3.373e-02 | Time: 15.49s
2025-08-20 01:58:58,517:INFO:Epoch: 39900/40000 | Train Loss: 1.367e-02 | Dynamic Loss: 1.367e-02 | Regularization Loss: 0.000e+00 | Val Loss: 3.399e-02 | Time: 8.28s
2025-08-20 01:59:06,852:INFO:Epoch: 39950/40000 | Train Loss: 1.004e-02 | Dynamic Loss: 1.004e-02 | Regularization Loss: 0.000e+00 | Val Loss: 3.271e-02 | Time: 8.33s
2025-08-20 01:59:15,164:INFO:Epoch: 40000/40000 | Train Loss: 8.448e-03 | Dynamic Loss: 8.448e-03 | Regularization Loss: 0.000e+00 | Val Loss: 3.089e-02 | Time: 8.31s
