2025-08-20 18:24:54,291:INFO:Created DataLoaders with 5994 training samples and 1998 validation samples.
2025-08-20 18:25:06,252:INFO:model params: 2512001
2025-08-20 18:25:06,252:INFO:removing projection layer after initialization
2025-08-20 18:25:22,100:INFO:Epoch: 0/40000 | Train Loss: 2.813e+00 | Dynamic Loss: 2.813e+00 | Regularization Loss: 0.000e+00 | Val Loss: 2.507e+00 | Time: 15.73s
2025-08-20 18:25:22,100:INFO:New best model found at epoch 0 with validation loss 2.507e+00. Saving...
2025-08-20 18:25:30,254:INFO:Epoch: 50/40000 | Train Loss: 1.811e+00 | Dynamic Loss: 1.811e+00 | Regularization Loss: 0.000e+00 | Val Loss: 1.799e+00 | Time: 7.98s
2025-08-20 18:25:30,254:INFO:New best model found at epoch 50 with validation loss 1.799e+00. Saving...
2025-08-20 18:25:45,401:INFO:Epoch: 100/40000 | Train Loss: 1.684e+00 | Dynamic Loss: 1.684e+00 | Regularization Loss: 0.000e+00 | Val Loss: 1.737e+00 | Time: 15.02s
2025-08-20 18:25:45,401:INFO:New best model found at epoch 100 with validation loss 1.737e+00. Saving...
2025-08-20 18:25:53,623:INFO:Epoch: 150/40000 | Train Loss: 1.647e+00 | Dynamic Loss: 1.647e+00 | Regularization Loss: 0.000e+00 | Val Loss: 1.693e+00 | Time: 8.10s
2025-08-20 18:25:53,623:INFO:New best model found at epoch 150 with validation loss 1.693e+00. Saving...
2025-08-20 18:26:01,832:INFO:Epoch: 200/40000 | Train Loss: 1.613e+00 | Dynamic Loss: 1.613e+00 | Regularization Loss: 0.000e+00 | Val Loss: 1.661e+00 | Time: 8.08s
2025-08-20 18:26:01,832:INFO:New best model found at epoch 200 with validation loss 1.661e+00. Saving...
2025-08-20 18:26:18,195:INFO:Epoch: 250/40000 | Train Loss: 1.584e+00 | Dynamic Loss: 1.584e+00 | Regularization Loss: 0.000e+00 | Val Loss: 1.636e+00 | Time: 16.24s
2025-08-20 18:26:18,195:INFO:New best model found at epoch 250 with validation loss 1.636e+00. Saving...
2025-08-20 18:26:26,489:INFO:Epoch: 300/40000 | Train Loss: 1.535e+00 | Dynamic Loss: 1.535e+00 | Regularization Loss: 0.000e+00 | Val Loss: 1.589e+00 | Time: 8.17s
2025-08-20 18:26:26,489:INFO:New best model found at epoch 300 with validation loss 1.589e+00. Saving...
2025-08-20 18:26:34,931:INFO:Epoch: 350/40000 | Train Loss: 1.457e+00 | Dynamic Loss: 1.457e+00 | Regularization Loss: 0.000e+00 | Val Loss: 1.504e+00 | Time: 8.32s
2025-08-20 18:26:34,931:INFO:New best model found at epoch 350 with validation loss 1.504e+00. Saving...
2025-08-20 18:26:51,171:INFO:Epoch: 400/40000 | Train Loss: 1.385e+00 | Dynamic Loss: 1.385e+00 | Regularization Loss: 0.000e+00 | Val Loss: 1.424e+00 | Time: 16.11s
2025-08-20 18:26:51,171:INFO:New best model found at epoch 400 with validation loss 1.424e+00. Saving...
2025-08-20 18:26:59,584:INFO:Epoch: 450/40000 | Train Loss: 1.279e+00 | Dynamic Loss: 1.279e+00 | Regularization Loss: 0.000e+00 | Val Loss: 1.310e+00 | Time: 8.29s
2025-08-20 18:26:59,584:INFO:New best model found at epoch 450 with validation loss 1.310e+00. Saving...
2025-08-20 18:27:07,874:INFO:Epoch: 500/40000 | Train Loss: 1.209e+00 | Dynamic Loss: 1.209e+00 | Regularization Loss: 0.000e+00 | Val Loss: 1.250e+00 | Time: 8.17s
2025-08-20 18:27:07,874:INFO:New best model found at epoch 500 with validation loss 1.250e+00. Saving...
2025-08-20 18:27:24,287:INFO:Epoch: 550/40000 | Train Loss: 1.138e+00 | Dynamic Loss: 1.138e+00 | Regularization Loss: 0.000e+00 | Val Loss: 1.186e+00 | Time: 16.29s
2025-08-20 18:27:24,287:INFO:New best model found at epoch 550 with validation loss 1.186e+00. Saving...
2025-08-20 18:27:32,587:INFO:Epoch: 600/40000 | Train Loss: 1.086e+00 | Dynamic Loss: 1.086e+00 | Regularization Loss: 0.000e+00 | Val Loss: 1.133e+00 | Time: 8.18s
2025-08-20 18:27:32,587:INFO:New best model found at epoch 600 with validation loss 1.133e+00. Saving...
2025-08-20 18:27:40,878:INFO:Epoch: 650/40000 | Train Loss: 1.044e+00 | Dynamic Loss: 1.044e+00 | Regularization Loss: 0.000e+00 | Val Loss: 1.104e+00 | Time: 8.17s
2025-08-20 18:27:40,878:INFO:New best model found at epoch 650 with validation loss 1.104e+00. Saving...
2025-08-20 18:27:57,409:INFO:Epoch: 700/40000 | Train Loss: 1.941e+00 | Dynamic Loss: 1.941e+00 | Regularization Loss: 0.000e+00 | Val Loss: 1.434e+00 | Time: 16.40s
2025-08-20 18:28:05,864:INFO:Epoch: 750/40000 | Train Loss: 1.729e+00 | Dynamic Loss: 1.729e+00 | Regularization Loss: 0.000e+00 | Val Loss: 1.643e+00 | Time: 8.34s
2025-08-20 18:28:14,220:INFO:Epoch: 800/40000 | Train Loss: 1.001e+00 | Dynamic Loss: 1.001e+00 | Regularization Loss: 0.000e+00 | Val Loss: 1.095e+00 | Time: 8.25s
2025-08-20 18:28:14,220:INFO:New best model found at epoch 800 with validation loss 1.095e+00. Saving...
2025-08-20 18:28:30,627:INFO:Epoch: 850/40000 | Train Loss: 8.998e-01 | Dynamic Loss: 8.998e-01 | Regularization Loss: 0.000e+00 | Val Loss: 9.697e-01 | Time: 16.29s
2025-08-20 18:28:30,627:INFO:New best model found at epoch 850 with validation loss 9.697e-01. Saving...
2025-08-20 18:28:39,082:INFO:Epoch: 900/40000 | Train Loss: 9.245e-01 | Dynamic Loss: 9.245e-01 | Regularization Loss: 0.000e+00 | Val Loss: 9.520e-01 | Time: 8.33s
2025-08-20 18:28:39,082:INFO:New best model found at epoch 900 with validation loss 9.520e-01. Saving...
2025-08-20 18:28:47,708:INFO:Epoch: 950/40000 | Train Loss: 8.180e-01 | Dynamic Loss: 8.180e-01 | Regularization Loss: 0.000e+00 | Val Loss: 8.782e-01 | Time: 8.51s
2025-08-20 18:28:47,708:INFO:New best model found at epoch 950 with validation loss 8.782e-01. Saving...
2025-08-20 18:29:04,120:INFO:Epoch: 1000/40000 | Train Loss: 7.932e-01 | Dynamic Loss: 7.932e-01 | Regularization Loss: 0.000e+00 | Val Loss: 8.468e-01 | Time: 16.29s
2025-08-20 18:29:04,120:INFO:New best model found at epoch 1000 with validation loss 8.468e-01. Saving...
2025-08-20 18:29:12,663:INFO:Epoch: 1050/40000 | Train Loss: 7.643e-01 | Dynamic Loss: 7.643e-01 | Regularization Loss: 0.000e+00 | Val Loss: 8.177e-01 | Time: 8.42s
2025-08-20 18:29:12,663:INFO:New best model found at epoch 1050 with validation loss 8.177e-01. Saving...
2025-08-20 18:29:20,952:INFO:Epoch: 1100/40000 | Train Loss: 8.144e-01 | Dynamic Loss: 8.144e-01 | Regularization Loss: 0.000e+00 | Val Loss: 8.851e-01 | Time: 8.17s
2025-08-20 18:29:29,450:INFO:Epoch: 1150/40000 | Train Loss: 7.279e-01 | Dynamic Loss: 7.279e-01 | Regularization Loss: 0.000e+00 | Val Loss: 7.830e-01 | Time: 8.39s
2025-08-20 18:29:29,451:INFO:New best model found at epoch 1150 with validation loss 7.830e-01. Saving...
2025-08-20 18:29:37,882:INFO:Epoch: 1200/40000 | Train Loss: 7.380e-01 | Dynamic Loss: 7.380e-01 | Regularization Loss: 0.000e+00 | Val Loss: 7.805e-01 | Time: 8.30s
2025-08-20 18:29:37,882:INFO:New best model found at epoch 1200 with validation loss 7.805e-01. Saving...
2025-08-20 18:29:46,382:INFO:Epoch: 1250/40000 | Train Loss: 7.773e-01 | Dynamic Loss: 7.773e-01 | Regularization Loss: 0.000e+00 | Val Loss: 8.280e-01 | Time: 8.37s
2025-08-20 18:29:54,855:INFO:Epoch: 1300/40000 | Train Loss: 6.688e-01 | Dynamic Loss: 6.688e-01 | Regularization Loss: 0.000e+00 | Val Loss: 7.218e-01 | Time: 8.37s
2025-08-20 18:29:54,855:INFO:New best model found at epoch 1300 with validation loss 7.218e-01. Saving...
2025-08-20 18:30:03,025:INFO:Epoch: 1350/40000 | Train Loss: 6.567e-01 | Dynamic Loss: 6.567e-01 | Regularization Loss: 0.000e+00 | Val Loss: 7.085e-01 | Time: 8.04s
2025-08-20 18:30:03,025:INFO:New best model found at epoch 1350 with validation loss 7.085e-01. Saving...
2025-08-20 18:30:11,835:INFO:Epoch: 1400/40000 | Train Loss: 8.743e-01 | Dynamic Loss: 8.743e-01 | Regularization Loss: 0.000e+00 | Val Loss: 9.203e-01 | Time: 8.67s
2025-08-20 18:30:20,517:INFO:Epoch: 1450/40000 | Train Loss: 8.308e-01 | Dynamic Loss: 8.308e-01 | Regularization Loss: 0.000e+00 | Val Loss: 8.663e-01 | Time: 8.57s
2025-08-20 18:30:28,919:INFO:Epoch: 1500/40000 | Train Loss: 8.259e-01 | Dynamic Loss: 8.259e-01 | Regularization Loss: 0.000e+00 | Val Loss: 8.874e-01 | Time: 8.30s
2025-08-20 18:30:37,355:INFO:Epoch: 1550/40000 | Train Loss: 6.701e-01 | Dynamic Loss: 6.701e-01 | Regularization Loss: 0.000e+00 | Val Loss: 7.197e-01 | Time: 8.32s
2025-08-20 18:30:53,619:INFO:Epoch: 1600/40000 | Train Loss: 6.338e-01 | Dynamic Loss: 6.338e-01 | Regularization Loss: 0.000e+00 | Val Loss: 6.811e-01 | Time: 16.16s
2025-08-20 18:30:53,619:INFO:New best model found at epoch 1600 with validation loss 6.811e-01. Saving...
2025-08-20 18:31:02,275:INFO:Epoch: 1650/40000 | Train Loss: 6.227e-01 | Dynamic Loss: 6.227e-01 | Regularization Loss: 0.000e+00 | Val Loss: 6.739e-01 | Time: 8.53s
2025-08-20 18:31:02,276:INFO:New best model found at epoch 1650 with validation loss 6.739e-01. Saving...
2025-08-20 18:31:10,919:INFO:Epoch: 1700/40000 | Train Loss: 6.141e-01 | Dynamic Loss: 6.141e-01 | Regularization Loss: 0.000e+00 | Val Loss: 6.639e-01 | Time: 8.52s
2025-08-20 18:31:10,919:INFO:New best model found at epoch 1700 with validation loss 6.639e-01. Saving...
2025-08-20 18:31:27,530:INFO:Epoch: 1750/40000 | Train Loss: 5.872e-01 | Dynamic Loss: 5.872e-01 | Regularization Loss: 0.000e+00 | Val Loss: 6.388e-01 | Time: 16.48s
2025-08-20 18:31:27,530:INFO:New best model found at epoch 1750 with validation loss 6.388e-01. Saving...
2025-08-20 18:31:36,003:INFO:Epoch: 1800/40000 | Train Loss: 6.992e-01 | Dynamic Loss: 6.992e-01 | Regularization Loss: 0.000e+00 | Val Loss: 7.084e-01 | Time: 8.34s
2025-08-20 18:31:44,398:INFO:Epoch: 1850/40000 | Train Loss: 5.982e-01 | Dynamic Loss: 5.982e-01 | Regularization Loss: 0.000e+00 | Val Loss: 6.432e-01 | Time: 8.28s
2025-08-20 18:32:01,057:INFO:Epoch: 1900/40000 | Train Loss: 5.776e-01 | Dynamic Loss: 5.776e-01 | Regularization Loss: 0.000e+00 | Val Loss: 6.430e-01 | Time: 16.55s
2025-08-20 18:32:09,621:INFO:Epoch: 1950/40000 | Train Loss: 5.391e-01 | Dynamic Loss: 5.391e-01 | Regularization Loss: 0.000e+00 | Val Loss: 5.875e-01 | Time: 8.46s
2025-08-20 18:32:09,621:INFO:New best model found at epoch 1950 with validation loss 5.875e-01. Saving...
2025-08-20 18:32:18,083:INFO:Epoch: 2000/40000 | Train Loss: 5.312e-01 | Dynamic Loss: 5.312e-01 | Regularization Loss: 0.000e+00 | Val Loss: 5.819e-01 | Time: 8.33s
2025-08-20 18:32:18,084:INFO:New best model found at epoch 2000 with validation loss 5.819e-01. Saving...
2025-08-20 18:32:35,272:INFO:Epoch: 2050/40000 | Train Loss: 5.101e-01 | Dynamic Loss: 5.101e-01 | Regularization Loss: 0.000e+00 | Val Loss: 5.596e-01 | Time: 17.04s
2025-08-20 18:32:35,272:INFO:New best model found at epoch 2050 with validation loss 5.596e-01. Saving...
2025-08-20 18:32:43,941:INFO:Epoch: 2100/40000 | Train Loss: 6.437e-01 | Dynamic Loss: 6.437e-01 | Regularization Loss: 0.000e+00 | Val Loss: 6.555e-01 | Time: 8.55s
2025-08-20 18:32:52,522:INFO:Epoch: 2150/40000 | Train Loss: 5.653e-01 | Dynamic Loss: 5.653e-01 | Regularization Loss: 0.000e+00 | Val Loss: 5.757e-01 | Time: 8.49s
2025-08-20 18:33:01,928:INFO:Epoch: 2200/40000 | Train Loss: 4.651e-01 | Dynamic Loss: 4.651e-01 | Regularization Loss: 0.000e+00 | Val Loss: 5.235e-01 | Time: 9.30s
2025-08-20 18:33:01,928:INFO:New best model found at epoch 2200 with validation loss 5.235e-01. Saving...
2025-08-20 18:33:10,369:INFO:Epoch: 2250/40000 | Train Loss: 5.065e-01 | Dynamic Loss: 5.065e-01 | Regularization Loss: 0.000e+00 | Val Loss: 5.650e-01 | Time: 8.31s
2025-08-20 18:33:19,112:INFO:Epoch: 2300/40000 | Train Loss: 4.609e-01 | Dynamic Loss: 4.609e-01 | Regularization Loss: 0.000e+00 | Val Loss: 5.140e-01 | Time: 8.64s
2025-08-20 18:33:19,112:INFO:New best model found at epoch 2300 with validation loss 5.140e-01. Saving...
2025-08-20 18:33:27,729:INFO:Epoch: 2350/40000 | Train Loss: 5.425e-01 | Dynamic Loss: 5.425e-01 | Regularization Loss: 0.000e+00 | Val Loss: 7.069e-01 | Time: 8.50s
2025-08-20 18:33:36,188:INFO:Epoch: 2400/40000 | Train Loss: 4.370e-01 | Dynamic Loss: 4.370e-01 | Regularization Loss: 0.000e+00 | Val Loss: 4.893e-01 | Time: 8.36s
2025-08-20 18:33:36,188:INFO:New best model found at epoch 2400 with validation loss 4.893e-01. Saving...
2025-08-20 18:33:44,661:INFO:Epoch: 2450/40000 | Train Loss: 4.645e-01 | Dynamic Loss: 4.645e-01 | Regularization Loss: 0.000e+00 | Val Loss: 4.880e-01 | Time: 8.35s
2025-08-20 18:33:44,662:INFO:New best model found at epoch 2450 with validation loss 4.880e-01. Saving...
2025-08-20 18:34:00,954:INFO:Epoch: 2500/40000 | Train Loss: 4.146e-01 | Dynamic Loss: 4.146e-01 | Regularization Loss: 0.000e+00 | Val Loss: 4.909e-01 | Time: 16.17s
2025-08-20 18:34:09,668:INFO:Epoch: 2550/40000 | Train Loss: 4.199e-01 | Dynamic Loss: 4.199e-01 | Regularization Loss: 0.000e+00 | Val Loss: 4.685e-01 | Time: 8.61s
2025-08-20 18:34:09,668:INFO:New best model found at epoch 2550 with validation loss 4.685e-01. Saving...
2025-08-20 18:34:18,479:INFO:Epoch: 2600/40000 | Train Loss: 5.055e-01 | Dynamic Loss: 5.055e-01 | Regularization Loss: 0.000e+00 | Val Loss: 4.789e-01 | Time: 8.68s
2025-08-20 18:34:26,984:INFO:Epoch: 2650/40000 | Train Loss: 4.344e-01 | Dynamic Loss: 4.344e-01 | Regularization Loss: 0.000e+00 | Val Loss: 4.832e-01 | Time: 8.40s
2025-08-20 18:34:35,450:INFO:Epoch: 2700/40000 | Train Loss: 3.896e-01 | Dynamic Loss: 3.896e-01 | Regularization Loss: 0.000e+00 | Val Loss: 4.538e-01 | Time: 8.37s
2025-08-20 18:34:35,451:INFO:New best model found at epoch 2700 with validation loss 4.538e-01. Saving...
2025-08-20 18:34:43,904:INFO:Epoch: 2750/40000 | Train Loss: 5.944e-01 | Dynamic Loss: 5.944e-01 | Regularization Loss: 0.000e+00 | Val Loss: 5.631e-01 | Time: 8.33s
2025-08-20 18:35:00,747:INFO:Epoch: 2800/40000 | Train Loss: 5.319e-01 | Dynamic Loss: 5.319e-01 | Regularization Loss: 0.000e+00 | Val Loss: 5.978e-01 | Time: 16.74s
2025-08-20 18:35:09,288:INFO:Epoch: 2850/40000 | Train Loss: 5.241e-01 | Dynamic Loss: 5.241e-01 | Regularization Loss: 0.000e+00 | Val Loss: 6.550e-01 | Time: 8.43s
2025-08-20 18:35:17,822:INFO:Epoch: 2900/40000 | Train Loss: 3.314e-01 | Dynamic Loss: 3.314e-01 | Regularization Loss: 0.000e+00 | Val Loss: 3.832e-01 | Time: 8.43s
2025-08-20 18:35:17,822:INFO:New best model found at epoch 2900 with validation loss 3.832e-01. Saving...
2025-08-20 18:35:35,239:INFO:Epoch: 2950/40000 | Train Loss: 3.474e-01 | Dynamic Loss: 3.474e-01 | Regularization Loss: 0.000e+00 | Val Loss: 3.918e-01 | Time: 17.28s
2025-08-20 18:35:43,977:INFO:Epoch: 3000/40000 | Train Loss: 3.337e-01 | Dynamic Loss: 3.337e-01 | Regularization Loss: 0.000e+00 | Val Loss: 3.810e-01 | Time: 8.63s
2025-08-20 18:35:43,977:INFO:New best model found at epoch 3000 with validation loss 3.810e-01. Saving...
2025-08-20 18:35:52,483:INFO:Epoch: 3050/40000 | Train Loss: 3.106e-01 | Dynamic Loss: 3.106e-01 | Regularization Loss: 0.000e+00 | Val Loss: 3.604e-01 | Time: 8.37s
2025-08-20 18:35:52,483:INFO:New best model found at epoch 3050 with validation loss 3.604e-01. Saving...
2025-08-20 18:36:09,421:INFO:Epoch: 3100/40000 | Train Loss: 3.990e-01 | Dynamic Loss: 3.990e-01 | Regularization Loss: 0.000e+00 | Val Loss: 5.776e-01 | Time: 16.81s
2025-08-20 18:36:17,858:INFO:Epoch: 3150/40000 | Train Loss: 2.964e-01 | Dynamic Loss: 2.964e-01 | Regularization Loss: 0.000e+00 | Val Loss: 3.438e-01 | Time: 8.33s
2025-08-20 18:36:17,858:INFO:New best model found at epoch 3150 with validation loss 3.438e-01. Saving...
2025-08-20 18:36:26,294:INFO:Epoch: 3200/40000 | Train Loss: 1.632e+00 | Dynamic Loss: 1.632e+00 | Regularization Loss: 0.000e+00 | Val Loss: 1.671e+00 | Time: 8.32s
2025-08-20 18:36:34,911:INFO:Epoch: 3250/40000 | Train Loss: 1.238e+00 | Dynamic Loss: 1.238e+00 | Regularization Loss: 0.000e+00 | Val Loss: 1.271e+00 | Time: 8.51s
2025-08-20 18:36:43,315:INFO:Epoch: 3300/40000 | Train Loss: 9.615e-01 | Dynamic Loss: 9.615e-01 | Regularization Loss: 0.000e+00 | Val Loss: 1.010e+00 | Time: 8.30s
2025-08-20 18:36:51,868:INFO:Epoch: 3350/40000 | Train Loss: 8.338e-01 | Dynamic Loss: 8.338e-01 | Regularization Loss: 0.000e+00 | Val Loss: 8.844e-01 | Time: 8.44s
2025-08-20 18:37:08,505:INFO:Epoch: 3400/40000 | Train Loss: 7.607e-01 | Dynamic Loss: 7.607e-01 | Regularization Loss: 0.000e+00 | Val Loss: 8.247e-01 | Time: 16.53s
2025-08-20 18:37:16,957:INFO:Epoch: 3450/40000 | Train Loss: 6.989e-01 | Dynamic Loss: 6.989e-01 | Regularization Loss: 0.000e+00 | Val Loss: 7.569e-01 | Time: 8.34s
2025-08-20 18:37:25,413:INFO:Epoch: 3500/40000 | Train Loss: 6.432e-01 | Dynamic Loss: 6.432e-01 | Regularization Loss: 0.000e+00 | Val Loss: 7.023e-01 | Time: 8.35s
2025-08-20 18:37:42,014:INFO:Epoch: 3550/40000 | Train Loss: 6.074e-01 | Dynamic Loss: 6.074e-01 | Regularization Loss: 0.000e+00 | Val Loss: 6.772e-01 | Time: 16.49s
2025-08-20 18:37:50,455:INFO:Epoch: 3600/40000 | Train Loss: 5.663e-01 | Dynamic Loss: 5.663e-01 | Regularization Loss: 0.000e+00 | Val Loss: 6.301e-01 | Time: 8.33s
2025-08-20 18:37:58,995:INFO:Epoch: 3650/40000 | Train Loss: 5.424e-01 | Dynamic Loss: 5.424e-01 | Regularization Loss: 0.000e+00 | Val Loss: 6.034e-01 | Time: 8.43s
2025-08-20 18:38:07,533:INFO:Epoch: 3700/40000 | Train Loss: 5.622e-01 | Dynamic Loss: 5.622e-01 | Regularization Loss: 0.000e+00 | Val Loss: 6.218e-01 | Time: 8.43s
2025-08-20 18:38:16,117:INFO:Epoch: 3750/40000 | Train Loss: 5.016e-01 | Dynamic Loss: 5.016e-01 | Regularization Loss: 0.000e+00 | Val Loss: 5.604e-01 | Time: 8.47s
2025-08-20 18:38:24,519:INFO:Epoch: 3800/40000 | Train Loss: 5.383e-01 | Dynamic Loss: 5.383e-01 | Regularization Loss: 0.000e+00 | Val Loss: 5.598e-01 | Time: 8.29s
2025-08-20 18:38:40,882:INFO:Epoch: 3850/40000 | Train Loss: 5.207e-01 | Dynamic Loss: 5.207e-01 | Regularization Loss: 0.000e+00 | Val Loss: 5.884e-01 | Time: 16.25s
2025-08-20 18:38:49,462:INFO:Epoch: 3900/40000 | Train Loss: 4.868e-01 | Dynamic Loss: 4.868e-01 | Regularization Loss: 0.000e+00 | Val Loss: 5.515e-01 | Time: 8.47s
2025-08-20 18:38:57,874:INFO:Epoch: 3950/40000 | Train Loss: 4.480e-01 | Dynamic Loss: 4.480e-01 | Regularization Loss: 0.000e+00 | Val Loss: 5.121e-01 | Time: 8.31s
2025-08-20 18:39:06,571:INFO:Epoch: 4000/40000 | Train Loss: 4.383e-01 | Dynamic Loss: 4.383e-01 | Regularization Loss: 0.000e+00 | Val Loss: 5.038e-01 | Time: 8.59s
2025-08-20 18:39:14,992:INFO:Epoch: 4050/40000 | Train Loss: 4.364e-01 | Dynamic Loss: 4.364e-01 | Regularization Loss: 0.000e+00 | Val Loss: 4.929e-01 | Time: 8.31s
2025-08-20 18:39:23,481:INFO:Epoch: 4100/40000 | Train Loss: 4.570e-01 | Dynamic Loss: 4.570e-01 | Regularization Loss: 0.000e+00 | Val Loss: 5.182e-01 | Time: 8.39s
2025-08-20 18:39:32,068:INFO:Epoch: 4150/40000 | Train Loss: 4.129e-01 | Dynamic Loss: 4.129e-01 | Regularization Loss: 0.000e+00 | Val Loss: 4.739e-01 | Time: 8.48s
2025-08-20 18:39:40,546:INFO:Epoch: 4200/40000 | Train Loss: 4.089e-01 | Dynamic Loss: 4.089e-01 | Regularization Loss: 0.000e+00 | Val Loss: 4.694e-01 | Time: 8.38s
2025-08-20 18:39:49,043:INFO:Epoch: 4250/40000 | Train Loss: 4.140e-01 | Dynamic Loss: 4.140e-01 | Regularization Loss: 0.000e+00 | Val Loss: 4.763e-01 | Time: 8.39s
2025-08-20 18:39:57,719:INFO:Epoch: 4300/40000 | Train Loss: 3.968e-01 | Dynamic Loss: 3.968e-01 | Regularization Loss: 0.000e+00 | Val Loss: 4.549e-01 | Time: 8.57s
2025-08-20 18:40:06,172:INFO:Epoch: 4350/40000 | Train Loss: 3.842e-01 | Dynamic Loss: 3.842e-01 | Regularization Loss: 0.000e+00 | Val Loss: 4.423e-01 | Time: 8.35s
2025-08-20 18:40:14,708:INFO:Epoch: 4400/40000 | Train Loss: 3.815e-01 | Dynamic Loss: 3.815e-01 | Regularization Loss: 0.000e+00 | Val Loss: 4.406e-01 | Time: 8.43s
2025-08-20 18:40:23,263:INFO:Epoch: 4450/40000 | Train Loss: 3.780e-01 | Dynamic Loss: 3.780e-01 | Regularization Loss: 0.000e+00 | Val Loss: 4.498e-01 | Time: 8.46s
2025-08-20 18:40:31,962:INFO:Epoch: 4500/40000 | Train Loss: 3.702e-01 | Dynamic Loss: 3.702e-01 | Regularization Loss: 0.000e+00 | Val Loss: 4.286e-01 | Time: 8.60s
2025-08-20 18:40:40,392:INFO:Epoch: 4550/40000 | Train Loss: 3.594e-01 | Dynamic Loss: 3.594e-01 | Regularization Loss: 0.000e+00 | Val Loss: 4.150e-01 | Time: 8.33s
2025-08-20 18:40:48,915:INFO:Epoch: 4600/40000 | Train Loss: 3.642e-01 | Dynamic Loss: 3.642e-01 | Regularization Loss: 0.000e+00 | Val Loss: 4.204e-01 | Time: 8.42s
2025-08-20 18:41:05,474:INFO:Epoch: 4650/40000 | Train Loss: 3.496e-01 | Dynamic Loss: 3.496e-01 | Regularization Loss: 0.000e+00 | Val Loss: 4.041e-01 | Time: 16.46s
2025-08-20 18:41:13,920:INFO:Epoch: 4700/40000 | Train Loss: 3.825e-01 | Dynamic Loss: 3.825e-01 | Regularization Loss: 0.000e+00 | Val Loss: 4.829e-01 | Time: 8.34s
2025-08-20 18:41:22,242:INFO:Epoch: 4750/40000 | Train Loss: 3.810e-01 | Dynamic Loss: 3.810e-01 | Regularization Loss: 0.000e+00 | Val Loss: 4.336e-01 | Time: 8.22s
2025-08-20 18:41:38,906:INFO:Epoch: 4800/40000 | Train Loss: 4.613e-01 | Dynamic Loss: 4.613e-01 | Regularization Loss: 0.000e+00 | Val Loss: 6.285e-01 | Time: 16.56s
2025-08-20 18:41:47,441:INFO:Epoch: 4850/40000 | Train Loss: 3.403e-01 | Dynamic Loss: 3.403e-01 | Regularization Loss: 0.000e+00 | Val Loss: 4.047e-01 | Time: 8.43s
2025-08-20 18:41:56,020:INFO:Epoch: 4900/40000 | Train Loss: 4.786e-01 | Dynamic Loss: 4.786e-01 | Regularization Loss: 0.000e+00 | Val Loss: 5.733e-01 | Time: 8.48s
2025-08-20 18:42:04,568:INFO:Epoch: 4950/40000 | Train Loss: 3.358e-01 | Dynamic Loss: 3.358e-01 | Regularization Loss: 0.000e+00 | Val Loss: 3.941e-01 | Time: 8.44s
2025-08-20 18:42:13,038:INFO:Epoch: 5000/40000 | Train Loss: 3.999e-01 | Dynamic Loss: 3.999e-01 | Regularization Loss: 0.000e+00 | Val Loss: 4.043e-01 | Time: 8.37s
2025-08-20 18:42:21,785:INFO:Epoch: 5050/40000 | Train Loss: 3.483e-01 | Dynamic Loss: 3.483e-01 | Regularization Loss: 0.000e+00 | Val Loss: 4.107e-01 | Time: 8.64s
2025-08-20 18:42:30,485:INFO:Epoch: 5100/40000 | Train Loss: 3.146e-01 | Dynamic Loss: 3.146e-01 | Regularization Loss: 0.000e+00 | Val Loss: 3.646e-01 | Time: 8.60s
2025-08-20 18:42:38,899:INFO:Epoch: 5150/40000 | Train Loss: 3.090e-01 | Dynamic Loss: 3.090e-01 | Regularization Loss: 0.000e+00 | Val Loss: 3.658e-01 | Time: 8.31s
2025-08-20 18:42:47,493:INFO:Epoch: 5200/40000 | Train Loss: 4.641e-01 | Dynamic Loss: 4.641e-01 | Regularization Loss: 0.000e+00 | Val Loss: 5.433e-01 | Time: 8.49s
2025-08-20 18:42:56,073:INFO:Epoch: 5250/40000 | Train Loss: 3.004e-01 | Dynamic Loss: 3.004e-01 | Regularization Loss: 0.000e+00 | Val Loss: 3.517e-01 | Time: 8.47s
2025-08-20 18:43:04,584:INFO:Epoch: 5300/40000 | Train Loss: 3.921e-01 | Dynamic Loss: 3.921e-01 | Regularization Loss: 0.000e+00 | Val Loss: 6.572e-01 | Time: 8.41s
2025-08-20 18:43:13,202:INFO:Epoch: 5350/40000 | Train Loss: 2.947e-01 | Dynamic Loss: 2.947e-01 | Regularization Loss: 0.000e+00 | Val Loss: 3.444e-01 | Time: 8.52s
2025-08-20 18:43:21,734:INFO:Epoch: 5400/40000 | Train Loss: 3.354e-01 | Dynamic Loss: 3.354e-01 | Regularization Loss: 0.000e+00 | Val Loss: 4.062e-01 | Time: 8.43s
2025-08-20 18:43:30,198:INFO:Epoch: 5450/40000 | Train Loss: 2.884e-01 | Dynamic Loss: 2.884e-01 | Regularization Loss: 0.000e+00 | Val Loss: 3.392e-01 | Time: 8.35s
2025-08-20 18:43:30,198:INFO:New best model found at epoch 5450 with validation loss 3.392e-01. Saving...
2025-08-20 18:43:38,766:INFO:Epoch: 5500/40000 | Train Loss: 2.891e-01 | Dynamic Loss: 2.891e-01 | Regularization Loss: 0.000e+00 | Val Loss: 3.375e-01 | Time: 8.42s
2025-08-20 18:43:38,766:INFO:New best model found at epoch 5500 with validation loss 3.375e-01. Saving...
2025-08-20 18:43:47,297:INFO:Epoch: 5550/40000 | Train Loss: 2.789e-01 | Dynamic Loss: 2.789e-01 | Regularization Loss: 0.000e+00 | Val Loss: 3.332e-01 | Time: 8.41s
2025-08-20 18:43:47,297:INFO:New best model found at epoch 5550 with validation loss 3.332e-01. Saving...
2025-08-20 18:43:55,762:INFO:Epoch: 5600/40000 | Train Loss: 2.896e-01 | Dynamic Loss: 2.896e-01 | Regularization Loss: 0.000e+00 | Val Loss: 3.452e-01 | Time: 8.34s
2025-08-20 18:44:04,298:INFO:Epoch: 5650/40000 | Train Loss: 2.703e-01 | Dynamic Loss: 2.703e-01 | Regularization Loss: 0.000e+00 | Val Loss: 3.226e-01 | Time: 8.43s
2025-08-20 18:44:04,298:INFO:New best model found at epoch 5650 with validation loss 3.226e-01. Saving...
2025-08-20 18:44:12,965:INFO:Epoch: 5700/40000 | Train Loss: 2.698e-01 | Dynamic Loss: 2.698e-01 | Regularization Loss: 0.000e+00 | Val Loss: 3.231e-01 | Time: 8.55s
2025-08-20 18:44:21,390:INFO:Epoch: 5750/40000 | Train Loss: 2.631e-01 | Dynamic Loss: 2.631e-01 | Regularization Loss: 0.000e+00 | Val Loss: 3.191e-01 | Time: 8.32s
2025-08-20 18:44:21,390:INFO:New best model found at epoch 5750 with validation loss 3.191e-01. Saving...
2025-08-20 18:44:30,112:INFO:Epoch: 5800/40000 | Train Loss: 2.890e-01 | Dynamic Loss: 2.890e-01 | Regularization Loss: 0.000e+00 | Val Loss: 3.231e-01 | Time: 8.59s
2025-08-20 18:44:38,849:INFO:Epoch: 5850/40000 | Train Loss: 2.694e-01 | Dynamic Loss: 2.694e-01 | Regularization Loss: 0.000e+00 | Val Loss: 3.214e-01 | Time: 8.50s
2025-08-20 18:44:47,331:INFO:Epoch: 5900/40000 | Train Loss: 2.543e-01 | Dynamic Loss: 2.543e-01 | Regularization Loss: 0.000e+00 | Val Loss: 3.038e-01 | Time: 8.38s
2025-08-20 18:44:47,331:INFO:New best model found at epoch 5900 with validation loss 3.038e-01. Saving...
2025-08-20 18:44:55,868:INFO:Epoch: 5950/40000 | Train Loss: 2.438e-01 | Dynamic Loss: 2.438e-01 | Regularization Loss: 0.000e+00 | Val Loss: 2.986e-01 | Time: 8.41s
2025-08-20 18:44:55,868:INFO:New best model found at epoch 5950 with validation loss 2.986e-01. Saving...
2025-08-20 18:45:04,688:INFO:Epoch: 6000/40000 | Train Loss: 3.231e-01 | Dynamic Loss: 3.231e-01 | Regularization Loss: 0.000e+00 | Val Loss: 3.563e-01 | Time: 8.57s
2025-08-20 18:45:13,222:INFO:Epoch: 6050/40000 | Train Loss: 2.642e-01 | Dynamic Loss: 2.642e-01 | Regularization Loss: 0.000e+00 | Val Loss: 3.078e-01 | Time: 8.43s
2025-08-20 18:45:21,768:INFO:Epoch: 6100/40000 | Train Loss: 4.343e-01 | Dynamic Loss: 4.343e-01 | Regularization Loss: 0.000e+00 | Val Loss: 4.919e-01 | Time: 8.44s
2025-08-20 18:45:30,321:INFO:Epoch: 6150/40000 | Train Loss: 4.823e-01 | Dynamic Loss: 4.823e-01 | Regularization Loss: 0.000e+00 | Val Loss: 4.644e-01 | Time: 8.32s
2025-08-20 18:45:38,753:INFO:Epoch: 6200/40000 | Train Loss: 2.936e-01 | Dynamic Loss: 2.936e-01 | Regularization Loss: 0.000e+00 | Val Loss: 3.109e-01 | Time: 8.33s
2025-08-20 18:45:47,363:INFO:Epoch: 6250/40000 | Train Loss: 3.736e-01 | Dynamic Loss: 3.736e-01 | Regularization Loss: 0.000e+00 | Val Loss: 3.286e-01 | Time: 8.50s
2025-08-20 18:45:55,982:INFO:Epoch: 6300/40000 | Train Loss: 2.308e-01 | Dynamic Loss: 2.308e-01 | Regularization Loss: 0.000e+00 | Val Loss: 2.835e-01 | Time: 8.39s
2025-08-20 18:45:55,982:INFO:New best model found at epoch 6300 with validation loss 2.835e-01. Saving...
2025-08-20 18:46:04,497:INFO:Epoch: 6350/40000 | Train Loss: 2.386e-01 | Dynamic Loss: 2.386e-01 | Regularization Loss: 0.000e+00 | Val Loss: 2.806e-01 | Time: 8.37s
2025-08-20 18:46:04,497:INFO:New best model found at epoch 6350 with validation loss 2.806e-01. Saving...
2025-08-20 18:46:13,176:INFO:Epoch: 6400/40000 | Train Loss: 2.621e-01 | Dynamic Loss: 2.621e-01 | Regularization Loss: 0.000e+00 | Val Loss: 2.929e-01 | Time: 8.55s
2025-08-20 18:46:21,828:INFO:Epoch: 6450/40000 | Train Loss: 2.435e-01 | Dynamic Loss: 2.435e-01 | Regularization Loss: 0.000e+00 | Val Loss: 2.862e-01 | Time: 8.42s
2025-08-20 18:46:30,357:INFO:Epoch: 6500/40000 | Train Loss: 2.079e-01 | Dynamic Loss: 2.079e-01 | Regularization Loss: 0.000e+00 | Val Loss: 2.574e-01 | Time: 8.42s
2025-08-20 18:46:30,357:INFO:New best model found at epoch 6500 with validation loss 2.574e-01. Saving...
2025-08-20 18:46:39,008:INFO:Epoch: 6550/40000 | Train Loss: 2.504e-01 | Dynamic Loss: 2.504e-01 | Regularization Loss: 0.000e+00 | Val Loss: 4.075e-01 | Time: 8.52s
2025-08-20 18:46:47,685:INFO:Epoch: 6600/40000 | Train Loss: 2.040e-01 | Dynamic Loss: 2.040e-01 | Regularization Loss: 0.000e+00 | Val Loss: 2.533e-01 | Time: 8.42s
2025-08-20 18:46:47,685:INFO:New best model found at epoch 6600 with validation loss 2.533e-01. Saving...
2025-08-20 18:46:56,154:INFO:Epoch: 6650/40000 | Train Loss: 2.012e-01 | Dynamic Loss: 2.012e-01 | Regularization Loss: 0.000e+00 | Val Loss: 2.567e-01 | Time: 8.34s
2025-08-20 18:47:04,762:INFO:Epoch: 6700/40000 | Train Loss: 1.968e-01 | Dynamic Loss: 1.968e-01 | Regularization Loss: 0.000e+00 | Val Loss: 2.530e-01 | Time: 8.50s
2025-08-20 18:47:04,762:INFO:New best model found at epoch 6700 with validation loss 2.530e-01. Saving...
2025-08-20 18:47:13,279:INFO:Epoch: 6750/40000 | Train Loss: 1.965e-01 | Dynamic Loss: 1.965e-01 | Regularization Loss: 0.000e+00 | Val Loss: 2.470e-01 | Time: 8.26s
2025-08-20 18:47:13,279:INFO:New best model found at epoch 6750 with validation loss 2.470e-01. Saving...
2025-08-20 18:47:21,796:INFO:Epoch: 6800/40000 | Train Loss: 2.127e-01 | Dynamic Loss: 2.127e-01 | Regularization Loss: 0.000e+00 | Val Loss: 2.723e-01 | Time: 8.39s
2025-08-20 18:47:30,374:INFO:Epoch: 6850/40000 | Train Loss: 2.820e-01 | Dynamic Loss: 2.820e-01 | Regularization Loss: 0.000e+00 | Val Loss: 2.782e-01 | Time: 8.47s
2025-08-20 18:47:38,953:INFO:Epoch: 6900/40000 | Train Loss: 1.924e-01 | Dynamic Loss: 1.924e-01 | Regularization Loss: 0.000e+00 | Val Loss: 2.367e-01 | Time: 8.47s
2025-08-20 18:47:38,953:INFO:New best model found at epoch 6900 with validation loss 2.367e-01. Saving...
2025-08-20 18:47:47,567:INFO:Epoch: 6950/40000 | Train Loss: 1.872e-01 | Dynamic Loss: 1.872e-01 | Regularization Loss: 0.000e+00 | Val Loss: 2.357e-01 | Time: 8.48s
2025-08-20 18:47:47,567:INFO:New best model found at epoch 6950 with validation loss 2.357e-01. Saving...
2025-08-20 18:47:56,052:INFO:Epoch: 7000/40000 | Train Loss: 1.858e-01 | Dynamic Loss: 1.858e-01 | Regularization Loss: 0.000e+00 | Val Loss: 2.452e-01 | Time: 8.35s
2025-08-20 18:48:04,467:INFO:Epoch: 7050/40000 | Train Loss: 1.832e-01 | Dynamic Loss: 1.832e-01 | Regularization Loss: 0.000e+00 | Val Loss: 2.272e-01 | Time: 8.31s
2025-08-20 18:48:04,467:INFO:New best model found at epoch 7050 with validation loss 2.272e-01. Saving...
2025-08-20 18:48:21,847:INFO:Epoch: 7100/40000 | Train Loss: 3.017e-01 | Dynamic Loss: 3.017e-01 | Regularization Loss: 0.000e+00 | Val Loss: 3.375e-01 | Time: 17.24s
2025-08-20 18:48:30,425:INFO:Epoch: 7150/40000 | Train Loss: 1.865e-01 | Dynamic Loss: 1.865e-01 | Regularization Loss: 0.000e+00 | Val Loss: 2.675e-01 | Time: 8.47s
2025-08-20 18:48:38,916:INFO:Epoch: 7200/40000 | Train Loss: 1.840e-01 | Dynamic Loss: 1.840e-01 | Regularization Loss: 0.000e+00 | Val Loss: 2.273e-01 | Time: 8.39s
2025-08-20 18:48:47,575:INFO:Epoch: 7250/40000 | Train Loss: 1.945e-01 | Dynamic Loss: 1.945e-01 | Regularization Loss: 0.000e+00 | Val Loss: 2.313e-01 | Time: 8.55s
2025-08-20 18:48:56,104:INFO:Epoch: 7300/40000 | Train Loss: 2.065e-01 | Dynamic Loss: 2.065e-01 | Regularization Loss: 0.000e+00 | Val Loss: 2.440e-01 | Time: 8.42s
2025-08-20 18:49:04,725:INFO:Epoch: 7350/40000 | Train Loss: 2.474e-01 | Dynamic Loss: 2.474e-01 | Regularization Loss: 0.000e+00 | Val Loss: 3.603e-01 | Time: 8.51s
2025-08-20 18:49:13,384:INFO:Epoch: 7400/40000 | Train Loss: 1.710e-01 | Dynamic Loss: 1.710e-01 | Regularization Loss: 0.000e+00 | Val Loss: 2.120e-01 | Time: 8.55s
2025-08-20 18:49:13,385:INFO:New best model found at epoch 7400 with validation loss 2.120e-01. Saving...
2025-08-20 18:49:21,892:INFO:Epoch: 7450/40000 | Train Loss: 1.791e-01 | Dynamic Loss: 1.791e-01 | Regularization Loss: 0.000e+00 | Val Loss: 2.175e-01 | Time: 8.38s
2025-08-20 18:49:30,414:INFO:Epoch: 7500/40000 | Train Loss: 1.753e-01 | Dynamic Loss: 1.753e-01 | Regularization Loss: 0.000e+00 | Val Loss: 2.138e-01 | Time: 8.41s
2025-08-20 18:49:54,675:INFO:Created DataLoaders with 5994 training samples and 1998 validation samples.
2025-08-20 18:49:55,285:INFO:model params: 2512001
2025-08-20 18:49:55,285:INFO:removing projection layer after initialization
2025-08-20 18:49:56,286:INFO:Epoch: 0/40000 | Train Loss: 2.813e+00 | Dynamic Loss: 2.813e+00 | Regularization Loss: 0.000e+00 | Val Loss: 2.507e+00 | Time: 0.90s
2025-08-20 18:49:56,286:INFO:New best model found at epoch 0 with validation loss 2.507e+00. Saving...
2025-08-20 18:50:04,490:INFO:Epoch: 50/40000 | Train Loss: 1.808e+00 | Dynamic Loss: 1.808e+00 | Regularization Loss: 0.000e+00 | Val Loss: 1.799e+00 | Time: 8.09s
2025-08-20 18:50:04,490:INFO:New best model found at epoch 50 with validation loss 1.799e+00. Saving...
2025-08-20 18:50:19,583:INFO:Epoch: 100/40000 | Train Loss: 1.691e+00 | Dynamic Loss: 1.691e+00 | Regularization Loss: 0.000e+00 | Val Loss: 1.738e+00 | Time: 14.97s
2025-08-20 18:50:19,584:INFO:New best model found at epoch 100 with validation loss 1.738e+00. Saving...
2025-08-20 18:50:27,919:INFO:Epoch: 150/40000 | Train Loss: 1.647e+00 | Dynamic Loss: 1.647e+00 | Regularization Loss: 0.000e+00 | Val Loss: 1.692e+00 | Time: 8.21s
2025-08-20 18:50:27,919:INFO:New best model found at epoch 150 with validation loss 1.692e+00. Saving...
2025-08-20 18:50:36,277:INFO:Epoch: 200/40000 | Train Loss: 1.612e+00 | Dynamic Loss: 1.612e+00 | Regularization Loss: 0.000e+00 | Val Loss: 1.661e+00 | Time: 8.23s
2025-08-20 18:50:36,277:INFO:New best model found at epoch 200 with validation loss 1.661e+00. Saving...
2025-08-20 18:50:52,784:INFO:Epoch: 250/40000 | Train Loss: 1.597e+00 | Dynamic Loss: 1.597e+00 | Regularization Loss: 0.000e+00 | Val Loss: 1.654e+00 | Time: 16.39s
2025-08-20 18:50:52,784:INFO:New best model found at epoch 250 with validation loss 1.654e+00. Saving...
2025-08-20 18:51:01,179:INFO:Epoch: 300/40000 | Train Loss: 1.539e+00 | Dynamic Loss: 1.539e+00 | Regularization Loss: 0.000e+00 | Val Loss: 1.594e+00 | Time: 8.28s
2025-08-20 18:51:01,179:INFO:New best model found at epoch 300 with validation loss 1.594e+00. Saving...
2025-08-20 18:51:09,726:INFO:Epoch: 350/40000 | Train Loss: 1.481e+00 | Dynamic Loss: 1.481e+00 | Regularization Loss: 0.000e+00 | Val Loss: 1.536e+00 | Time: 8.42s
2025-08-20 18:51:09,726:INFO:New best model found at epoch 350 with validation loss 1.536e+00. Saving...
2025-08-20 18:51:25,792:INFO:Epoch: 400/40000 | Train Loss: 1.414e+00 | Dynamic Loss: 1.414e+00 | Regularization Loss: 0.000e+00 | Val Loss: 1.462e+00 | Time: 15.93s
2025-08-20 18:51:25,792:INFO:New best model found at epoch 400 with validation loss 1.462e+00. Saving...
2025-08-20 18:51:34,298:INFO:Epoch: 450/40000 | Train Loss: 1.369e+00 | Dynamic Loss: 1.369e+00 | Regularization Loss: 0.000e+00 | Val Loss: 1.413e+00 | Time: 8.39s
2025-08-20 18:51:34,299:INFO:New best model found at epoch 450 with validation loss 1.413e+00. Saving...
2025-08-20 18:51:42,505:INFO:Epoch: 500/40000 | Train Loss: 1.283e+00 | Dynamic Loss: 1.283e+00 | Regularization Loss: 0.000e+00 | Val Loss: 1.332e+00 | Time: 8.08s
2025-08-20 18:51:42,505:INFO:New best model found at epoch 500 with validation loss 1.332e+00. Saving...
2025-08-20 18:51:59,108:INFO:Epoch: 550/40000 | Train Loss: 1.155e+00 | Dynamic Loss: 1.155e+00 | Regularization Loss: 0.000e+00 | Val Loss: 1.207e+00 | Time: 16.48s
2025-08-20 18:51:59,108:INFO:New best model found at epoch 550 with validation loss 1.207e+00. Saving...
2025-08-20 18:52:07,714:INFO:Epoch: 600/40000 | Train Loss: 1.097e+00 | Dynamic Loss: 1.097e+00 | Regularization Loss: 0.000e+00 | Val Loss: 1.154e+00 | Time: 8.48s
2025-08-20 18:52:07,714:INFO:New best model found at epoch 600 with validation loss 1.154e+00. Saving...
2025-08-20 18:52:16,152:INFO:Epoch: 650/40000 | Train Loss: 1.097e+00 | Dynamic Loss: 1.097e+00 | Regularization Loss: 0.000e+00 | Val Loss: 1.160e+00 | Time: 8.31s
2025-08-20 18:52:32,278:INFO:Epoch: 700/40000 | Train Loss: 9.914e-01 | Dynamic Loss: 9.914e-01 | Regularization Loss: 0.000e+00 | Val Loss: 1.059e+00 | Time: 16.02s
2025-08-20 18:52:32,278:INFO:New best model found at epoch 700 with validation loss 1.059e+00. Saving...
2025-08-20 18:52:40,953:INFO:Epoch: 750/40000 | Train Loss: 9.362e-01 | Dynamic Loss: 9.362e-01 | Regularization Loss: 0.000e+00 | Val Loss: 1.003e+00 | Time: 8.55s
2025-08-20 18:52:40,953:INFO:New best model found at epoch 750 with validation loss 1.003e+00. Saving...
2025-08-20 18:52:49,436:INFO:Epoch: 800/40000 | Train Loss: 9.692e-01 | Dynamic Loss: 9.692e-01 | Regularization Loss: 0.000e+00 | Val Loss: 1.031e+00 | Time: 8.35s
2025-08-20 18:53:05,631:INFO:Epoch: 850/40000 | Train Loss: 9.427e-01 | Dynamic Loss: 9.427e-01 | Regularization Loss: 0.000e+00 | Val Loss: 1.011e+00 | Time: 16.10s
2025-08-20 18:53:14,288:INFO:Epoch: 900/40000 | Train Loss: 8.707e-01 | Dynamic Loss: 8.707e-01 | Regularization Loss: 0.000e+00 | Val Loss: 9.446e-01 | Time: 8.55s
2025-08-20 18:53:14,288:INFO:New best model found at epoch 900 with validation loss 9.446e-01. Saving...
2025-08-20 18:53:22,947:INFO:Epoch: 950/40000 | Train Loss: 9.086e-01 | Dynamic Loss: 9.086e-01 | Regularization Loss: 0.000e+00 | Val Loss: 9.578e-01 | Time: 8.54s
2025-08-20 18:53:31,538:INFO:Epoch: 1000/40000 | Train Loss: 7.879e-01 | Dynamic Loss: 7.879e-01 | Regularization Loss: 0.000e+00 | Val Loss: 8.583e-01 | Time: 8.48s
2025-08-20 18:53:31,538:INFO:New best model found at epoch 1000 with validation loss 8.583e-01. Saving...
2025-08-20 18:53:40,102:INFO:Epoch: 1050/40000 | Train Loss: 7.740e-01 | Dynamic Loss: 7.740e-01 | Regularization Loss: 0.000e+00 | Val Loss: 8.414e-01 | Time: 8.43s
2025-08-20 18:53:40,102:INFO:New best model found at epoch 1050 with validation loss 8.414e-01. Saving...
2025-08-20 18:53:48,585:INFO:Epoch: 1100/40000 | Train Loss: 9.524e-01 | Dynamic Loss: 9.524e-01 | Regularization Loss: 0.000e+00 | Val Loss: 1.002e+00 | Time: 8.36s
2025-08-20 18:53:57,305:INFO:Epoch: 1150/40000 | Train Loss: 7.904e-01 | Dynamic Loss: 7.904e-01 | Regularization Loss: 0.000e+00 | Val Loss: 8.547e-01 | Time: 8.61s
2025-08-20 18:54:05,886:INFO:Epoch: 1200/40000 | Train Loss: 6.823e-01 | Dynamic Loss: 6.823e-01 | Regularization Loss: 0.000e+00 | Val Loss: 7.473e-01 | Time: 8.48s
2025-08-20 18:54:05,886:INFO:New best model found at epoch 1200 with validation loss 7.473e-01. Saving...
2025-08-20 18:54:14,350:INFO:Epoch: 1250/40000 | Train Loss: 6.647e-01 | Dynamic Loss: 6.647e-01 | Regularization Loss: 0.000e+00 | Val Loss: 7.279e-01 | Time: 8.33s
2025-08-20 18:54:14,350:INFO:New best model found at epoch 1250 with validation loss 7.279e-01. Saving...
2025-08-20 18:54:23,129:INFO:Epoch: 1300/40000 | Train Loss: 6.413e-01 | Dynamic Loss: 6.413e-01 | Regularization Loss: 0.000e+00 | Val Loss: 7.125e-01 | Time: 8.66s
2025-08-20 18:54:23,129:INFO:New best model found at epoch 1300 with validation loss 7.125e-01. Saving...
2025-08-20 18:54:31,666:INFO:Epoch: 1350/40000 | Train Loss: 6.219e-01 | Dynamic Loss: 6.219e-01 | Regularization Loss: 0.000e+00 | Val Loss: 6.884e-01 | Time: 8.41s
2025-08-20 18:54:31,666:INFO:New best model found at epoch 1350 with validation loss 6.884e-01. Saving...
2025-08-20 18:54:40,197:INFO:Epoch: 1400/40000 | Train Loss: 6.187e-01 | Dynamic Loss: 6.187e-01 | Regularization Loss: 0.000e+00 | Val Loss: 6.996e-01 | Time: 8.40s
2025-08-20 18:54:48,755:INFO:Epoch: 1450/40000 | Train Loss: 6.128e-01 | Dynamic Loss: 6.128e-01 | Regularization Loss: 0.000e+00 | Val Loss: 6.833e-01 | Time: 8.45s
2025-08-20 18:54:48,755:INFO:New best model found at epoch 1450 with validation loss 6.833e-01. Saving...
2025-08-20 18:54:57,182:INFO:Epoch: 1500/40000 | Train Loss: 6.096e-01 | Dynamic Loss: 6.096e-01 | Regularization Loss: 0.000e+00 | Val Loss: 6.731e-01 | Time: 8.30s
2025-08-20 18:54:57,182:INFO:New best model found at epoch 1500 with validation loss 6.731e-01. Saving...
2025-08-20 18:55:05,685:INFO:Epoch: 1550/40000 | Train Loss: 5.782e-01 | Dynamic Loss: 5.782e-01 | Regularization Loss: 0.000e+00 | Val Loss: 6.510e-01 | Time: 8.37s
2025-08-20 18:55:05,685:INFO:New best model found at epoch 1550 with validation loss 6.510e-01. Saving...
2025-08-20 18:55:22,078:INFO:Epoch: 1600/40000 | Train Loss: 7.535e-01 | Dynamic Loss: 7.535e-01 | Regularization Loss: 0.000e+00 | Val Loss: 1.072e+00 | Time: 16.26s
2025-08-20 18:55:30,702:INFO:Epoch: 1650/40000 | Train Loss: 5.261e-01 | Dynamic Loss: 5.261e-01 | Regularization Loss: 0.000e+00 | Val Loss: 6.002e-01 | Time: 8.52s
2025-08-20 18:55:30,702:INFO:New best model found at epoch 1650 with validation loss 6.002e-01. Saving...
2025-08-20 18:55:39,311:INFO:Epoch: 1700/40000 | Train Loss: 6.046e-01 | Dynamic Loss: 6.046e-01 | Regularization Loss: 0.000e+00 | Val Loss: 6.803e-01 | Time: 8.48s
2025-08-20 18:55:56,160:INFO:Epoch: 1750/40000 | Train Loss: 5.157e-01 | Dynamic Loss: 5.157e-01 | Regularization Loss: 0.000e+00 | Val Loss: 6.697e-01 | Time: 16.74s
2025-08-20 18:56:04,651:INFO:Epoch: 1800/40000 | Train Loss: 6.817e-01 | Dynamic Loss: 6.817e-01 | Regularization Loss: 0.000e+00 | Val Loss: 7.049e-01 | Time: 8.39s
2025-08-20 18:56:13,298:INFO:Epoch: 1850/40000 | Train Loss: 8.591e-01 | Dynamic Loss: 8.591e-01 | Regularization Loss: 0.000e+00 | Val Loss: 8.438e-01 | Time: 8.54s
2025-08-20 18:56:29,964:INFO:Epoch: 1900/40000 | Train Loss: 4.618e-01 | Dynamic Loss: 4.618e-01 | Regularization Loss: 0.000e+00 | Val Loss: 5.316e-01 | Time: 16.56s
2025-08-20 18:56:29,964:INFO:New best model found at epoch 1900 with validation loss 5.316e-01. Saving...
2025-08-20 18:56:38,502:INFO:Epoch: 1950/40000 | Train Loss: 5.003e-01 | Dynamic Loss: 5.003e-01 | Regularization Loss: 0.000e+00 | Val Loss: 5.571e-01 | Time: 8.39s
2025-08-20 18:56:47,025:INFO:Epoch: 2000/40000 | Train Loss: 4.500e-01 | Dynamic Loss: 4.500e-01 | Regularization Loss: 0.000e+00 | Val Loss: 5.415e-01 | Time: 8.41s
2025-08-20 18:57:04,032:INFO:Epoch: 2050/40000 | Train Loss: 4.434e-01 | Dynamic Loss: 4.434e-01 | Regularization Loss: 0.000e+00 | Val Loss: 5.226e-01 | Time: 16.91s
2025-08-20 18:57:04,032:INFO:New best model found at epoch 2050 with validation loss 5.226e-01. Saving...
2025-08-20 18:57:12,786:INFO:Epoch: 2100/40000 | Train Loss: 5.263e-01 | Dynamic Loss: 5.263e-01 | Regularization Loss: 0.000e+00 | Val Loss: 7.470e-01 | Time: 8.64s
2025-08-20 18:57:21,296:INFO:Epoch: 2150/40000 | Train Loss: 3.988e-01 | Dynamic Loss: 3.988e-01 | Regularization Loss: 0.000e+00 | Val Loss: 4.639e-01 | Time: 8.41s
2025-08-20 18:57:21,296:INFO:New best model found at epoch 2150 with validation loss 4.639e-01. Saving...
2025-08-20 18:57:29,868:INFO:Epoch: 2200/40000 | Train Loss: 3.849e-01 | Dynamic Loss: 3.849e-01 | Regularization Loss: 0.000e+00 | Val Loss: 4.472e-01 | Time: 8.44s
2025-08-20 18:57:29,869:INFO:New best model found at epoch 2200 with validation loss 4.472e-01. Saving...
2025-08-20 18:57:38,427:INFO:Epoch: 2250/40000 | Train Loss: 7.874e-01 | Dynamic Loss: 7.874e-01 | Regularization Loss: 0.000e+00 | Val Loss: 6.173e-01 | Time: 8.43s
2025-08-20 18:57:47,021:INFO:Epoch: 2300/40000 | Train Loss: 3.658e-01 | Dynamic Loss: 3.658e-01 | Regularization Loss: 0.000e+00 | Val Loss: 4.251e-01 | Time: 8.50s
2025-08-20 18:57:47,021:INFO:New best model found at epoch 2300 with validation loss 4.251e-01. Saving...
2025-08-20 18:58:02,460:INFO:Epoch: 2350/40000 | Train Loss: 3.559e-01 | Dynamic Loss: 3.559e-01 | Regularization Loss: 0.000e+00 | Val Loss: 4.159e-01 | Time: 15.32s
2025-08-20 18:58:02,460:INFO:New best model found at epoch 2350 with validation loss 4.159e-01. Saving...
2025-08-20 18:58:11,168:INFO:Epoch: 2400/40000 | Train Loss: 3.470e-01 | Dynamic Loss: 3.470e-01 | Regularization Loss: 0.000e+00 | Val Loss: 4.040e-01 | Time: 8.58s
2025-08-20 18:58:11,168:INFO:New best model found at epoch 2400 with validation loss 4.040e-01. Saving...
2025-08-20 18:58:19,834:INFO:Epoch: 2450/40000 | Train Loss: 6.108e-01 | Dynamic Loss: 6.108e-01 | Regularization Loss: 0.000e+00 | Val Loss: 6.545e-01 | Time: 8.54s
2025-08-20 18:58:28,422:INFO:Epoch: 2500/40000 | Train Loss: 5.015e-01 | Dynamic Loss: 5.015e-01 | Regularization Loss: 0.000e+00 | Val Loss: 5.185e-01 | Time: 8.48s
2025-08-20 18:58:37,010:INFO:Epoch: 2550/40000 | Train Loss: 3.941e-01 | Dynamic Loss: 3.941e-01 | Regularization Loss: 0.000e+00 | Val Loss: 4.744e-01 | Time: 8.48s
2025-08-20 18:58:45,547:INFO:Epoch: 2600/40000 | Train Loss: 4.028e-01 | Dynamic Loss: 4.028e-01 | Regularization Loss: 0.000e+00 | Val Loss: 4.803e-01 | Time: 8.43s
2025-08-20 18:59:02,549:INFO:Epoch: 2650/40000 | Train Loss: 3.587e-01 | Dynamic Loss: 3.587e-01 | Regularization Loss: 0.000e+00 | Val Loss: 4.230e-01 | Time: 16.90s
2025-08-20 18:59:11,188:INFO:Epoch: 2700/40000 | Train Loss: 4.203e-01 | Dynamic Loss: 4.203e-01 | Regularization Loss: 0.000e+00 | Val Loss: 4.431e-01 | Time: 8.54s
2025-08-20 18:59:19,695:INFO:Epoch: 2750/40000 | Train Loss: 3.594e-01 | Dynamic Loss: 3.594e-01 | Regularization Loss: 0.000e+00 | Val Loss: 4.137e-01 | Time: 8.41s
2025-08-20 18:59:36,401:INFO:Epoch: 2800/40000 | Train Loss: 4.292e-01 | Dynamic Loss: 4.292e-01 | Regularization Loss: 0.000e+00 | Val Loss: 4.132e-01 | Time: 16.61s
2025-08-20 18:59:44,989:INFO:Epoch: 2850/40000 | Train Loss: 3.287e-01 | Dynamic Loss: 3.287e-01 | Regularization Loss: 0.000e+00 | Val Loss: 3.830e-01 | Time: 8.49s
2025-08-20 18:59:44,989:INFO:New best model found at epoch 2850 with validation loss 3.830e-01. Saving...
2025-08-20 18:59:53,758:INFO:Epoch: 2900/40000 | Train Loss: 3.379e-01 | Dynamic Loss: 3.379e-01 | Regularization Loss: 0.000e+00 | Val Loss: 3.839e-01 | Time: 8.61s
2025-08-20 19:00:10,540:INFO:Epoch: 2950/40000 | Train Loss: 3.688e-01 | Dynamic Loss: 3.688e-01 | Regularization Loss: 0.000e+00 | Val Loss: 3.808e-01 | Time: 16.68s
2025-08-20 19:00:10,541:INFO:New best model found at epoch 2950 with validation loss 3.808e-01. Saving...
2025-08-20 19:00:19,223:INFO:Epoch: 3000/40000 | Train Loss: 3.122e-01 | Dynamic Loss: 3.122e-01 | Regularization Loss: 0.000e+00 | Val Loss: 3.603e-01 | Time: 8.56s
2025-08-20 19:00:19,223:INFO:New best model found at epoch 3000 with validation loss 3.603e-01. Saving...
2025-08-20 19:00:28,045:INFO:Epoch: 3050/40000 | Train Loss: 3.097e-01 | Dynamic Loss: 3.097e-01 | Regularization Loss: 0.000e+00 | Val Loss: 3.604e-01 | Time: 8.70s
2025-08-20 19:00:36,984:INFO:Epoch: 3100/40000 | Train Loss: 3.240e-01 | Dynamic Loss: 3.240e-01 | Regularization Loss: 0.000e+00 | Val Loss: 3.694e-01 | Time: 8.84s
2025-08-20 19:00:45,565:INFO:Epoch: 3150/40000 | Train Loss: 3.236e-01 | Dynamic Loss: 3.236e-01 | Regularization Loss: 0.000e+00 | Val Loss: 3.692e-01 | Time: 8.47s
2025-08-20 19:00:54,274:INFO:Epoch: 3200/40000 | Train Loss: 3.886e-01 | Dynamic Loss: 3.886e-01 | Regularization Loss: 0.000e+00 | Val Loss: 4.439e-01 | Time: 8.61s
2025-08-20 19:01:02,994:INFO:Epoch: 3250/40000 | Train Loss: 2.941e-01 | Dynamic Loss: 2.941e-01 | Regularization Loss: 0.000e+00 | Val Loss: 3.350e-01 | Time: 8.61s
2025-08-20 19:01:02,994:INFO:New best model found at epoch 3250 with validation loss 3.350e-01. Saving...
2025-08-20 19:01:11,545:INFO:Epoch: 3300/40000 | Train Loss: 2.724e-01 | Dynamic Loss: 2.724e-01 | Regularization Loss: 0.000e+00 | Val Loss: 3.186e-01 | Time: 8.43s
2025-08-20 19:01:11,545:INFO:New best model found at epoch 3300 with validation loss 3.186e-01. Saving...
2025-08-20 19:01:20,295:INFO:Epoch: 3350/40000 | Train Loss: 3.953e-01 | Dynamic Loss: 3.953e-01 | Regularization Loss: 0.000e+00 | Val Loss: 4.448e-01 | Time: 8.62s
2025-08-20 19:01:28,969:INFO:Epoch: 3400/40000 | Train Loss: 2.703e-01 | Dynamic Loss: 2.703e-01 | Regularization Loss: 0.000e+00 | Val Loss: 3.233e-01 | Time: 8.57s
2025-08-20 19:01:37,423:INFO:Epoch: 3450/40000 | Train Loss: 2.577e-01 | Dynamic Loss: 2.577e-01 | Regularization Loss: 0.000e+00 | Val Loss: 2.997e-01 | Time: 8.34s
2025-08-20 19:01:37,423:INFO:New best model found at epoch 3450 with validation loss 2.997e-01. Saving...
2025-08-20 19:01:45,924:INFO:Epoch: 3500/40000 | Train Loss: 2.909e-01 | Dynamic Loss: 2.909e-01 | Regularization Loss: 0.000e+00 | Val Loss: 3.197e-01 | Time: 8.37s
2025-08-20 19:01:54,603:INFO:Epoch: 3550/40000 | Train Loss: 5.964e-01 | Dynamic Loss: 5.964e-01 | Regularization Loss: 0.000e+00 | Val Loss: 5.971e-01 | Time: 8.57s
2025-08-20 19:02:03,339:INFO:Epoch: 3600/40000 | Train Loss: 3.977e-01 | Dynamic Loss: 3.977e-01 | Regularization Loss: 0.000e+00 | Val Loss: 6.795e-01 | Time: 8.63s
2025-08-20 19:02:11,792:INFO:Epoch: 3650/40000 | Train Loss: 2.373e-01 | Dynamic Loss: 2.373e-01 | Regularization Loss: 0.000e+00 | Val Loss: 2.868e-01 | Time: 8.35s
2025-08-20 19:02:11,793:INFO:New best model found at epoch 3650 with validation loss 2.868e-01. Saving...
2025-08-20 19:02:20,524:INFO:Epoch: 3700/40000 | Train Loss: 8.025e-01 | Dynamic Loss: 8.025e-01 | Regularization Loss: 0.000e+00 | Val Loss: 8.635e-01 | Time: 8.60s
2025-08-20 19:02:29,140:INFO:Epoch: 3750/40000 | Train Loss: 2.822e-01 | Dynamic Loss: 2.822e-01 | Regularization Loss: 0.000e+00 | Val Loss: 3.330e-01 | Time: 8.50s
2025-08-20 19:02:37,742:INFO:Epoch: 3800/40000 | Train Loss: 2.565e-01 | Dynamic Loss: 2.565e-01 | Regularization Loss: 0.000e+00 | Val Loss: 2.876e-01 | Time: 8.49s
2025-08-20 19:02:46,605:INFO:Epoch: 3850/40000 | Train Loss: 2.335e-01 | Dynamic Loss: 2.335e-01 | Regularization Loss: 0.000e+00 | Val Loss: 2.707e-01 | Time: 8.75s
2025-08-20 19:02:46,605:INFO:New best model found at epoch 3850 with validation loss 2.707e-01. Saving...
2025-08-20 19:02:55,102:INFO:Epoch: 3900/40000 | Train Loss: 6.551e-01 | Dynamic Loss: 6.551e-01 | Regularization Loss: 0.000e+00 | Val Loss: 1.109e+00 | Time: 8.36s
2025-08-20 19:03:03,798:INFO:Epoch: 3950/40000 | Train Loss: 2.421e-01 | Dynamic Loss: 2.421e-01 | Regularization Loss: 0.000e+00 | Val Loss: 2.799e-01 | Time: 8.59s
2025-08-20 19:03:12,556:INFO:Epoch: 4000/40000 | Train Loss: 2.452e-01 | Dynamic Loss: 2.452e-01 | Regularization Loss: 0.000e+00 | Val Loss: 2.650e-01 | Time: 8.65s
2025-08-20 19:03:12,557:INFO:New best model found at epoch 4000 with validation loss 2.650e-01. Saving...
2025-08-20 19:03:21,219:INFO:Epoch: 4050/40000 | Train Loss: 2.200e-01 | Dynamic Loss: 2.200e-01 | Regularization Loss: 0.000e+00 | Val Loss: 2.617e-01 | Time: 8.53s
2025-08-20 19:03:21,219:INFO:New best model found at epoch 4050 with validation loss 2.617e-01. Saving...
2025-08-20 19:03:29,739:INFO:Epoch: 4100/40000 | Train Loss: 3.017e-01 | Dynamic Loss: 3.017e-01 | Regularization Loss: 0.000e+00 | Val Loss: 2.751e-01 | Time: 8.40s
2025-08-20 19:03:38,331:INFO:Epoch: 4150/40000 | Train Loss: 2.660e-01 | Dynamic Loss: 2.660e-01 | Regularization Loss: 0.000e+00 | Val Loss: 2.952e-01 | Time: 8.50s
2025-08-20 19:03:46,930:INFO:Epoch: 4200/40000 | Train Loss: 2.243e-01 | Dynamic Loss: 2.243e-01 | Regularization Loss: 0.000e+00 | Val Loss: 2.454e-01 | Time: 8.50s
2025-08-20 19:03:46,930:INFO:New best model found at epoch 4200 with validation loss 2.454e-01. Saving...
2025-08-20 19:03:55,478:INFO:Epoch: 4250/40000 | Train Loss: 2.197e-01 | Dynamic Loss: 2.197e-01 | Regularization Loss: 0.000e+00 | Val Loss: 2.527e-01 | Time: 8.43s
2025-08-20 19:04:04,061:INFO:Epoch: 4300/40000 | Train Loss: 2.137e-01 | Dynamic Loss: 2.137e-01 | Regularization Loss: 0.000e+00 | Val Loss: 2.380e-01 | Time: 8.48s
2025-08-20 19:04:04,061:INFO:New best model found at epoch 4300 with validation loss 2.380e-01. Saving...
2025-08-20 19:04:12,631:INFO:Epoch: 4350/40000 | Train Loss: 1.951e-01 | Dynamic Loss: 1.951e-01 | Regularization Loss: 0.000e+00 | Val Loss: 2.326e-01 | Time: 8.45s
2025-08-20 19:04:12,631:INFO:New best model found at epoch 4350 with validation loss 2.326e-01. Saving...
2025-08-20 19:04:21,166:INFO:Epoch: 4400/40000 | Train Loss: 2.221e-01 | Dynamic Loss: 2.221e-01 | Regularization Loss: 0.000e+00 | Val Loss: 2.441e-01 | Time: 8.42s
2025-08-20 19:04:29,767:INFO:Epoch: 4450/40000 | Train Loss: 2.020e-01 | Dynamic Loss: 2.020e-01 | Regularization Loss: 0.000e+00 | Val Loss: 2.333e-01 | Time: 8.50s
2025-08-20 19:04:38,288:INFO:Epoch: 4500/40000 | Train Loss: 2.169e-01 | Dynamic Loss: 2.169e-01 | Regularization Loss: 0.000e+00 | Val Loss: 2.415e-01 | Time: 8.42s
2025-08-20 19:04:46,926:INFO:Epoch: 4550/40000 | Train Loss: 1.895e-01 | Dynamic Loss: 1.895e-01 | Regularization Loss: 0.000e+00 | Val Loss: 2.301e-01 | Time: 8.54s
2025-08-20 19:04:46,927:INFO:New best model found at epoch 4550 with validation loss 2.301e-01. Saving...
2025-08-20 19:04:55,596:INFO:Epoch: 4600/40000 | Train Loss: 2.592e-01 | Dynamic Loss: 2.592e-01 | Regularization Loss: 0.000e+00 | Val Loss: 3.993e-01 | Time: 8.55s
2025-08-20 19:05:04,300:INFO:Epoch: 4650/40000 | Train Loss: 1.903e-01 | Dynamic Loss: 1.903e-01 | Regularization Loss: 0.000e+00 | Val Loss: 2.254e-01 | Time: 8.60s
2025-08-20 19:05:04,300:INFO:New best model found at epoch 4650 with validation loss 2.254e-01. Saving...
2025-08-20 19:05:12,962:INFO:Epoch: 4700/40000 | Train Loss: 1.677e-01 | Dynamic Loss: 1.677e-01 | Regularization Loss: 0.000e+00 | Val Loss: 2.065e-01 | Time: 8.54s
2025-08-20 19:05:12,962:INFO:New best model found at epoch 4700 with validation loss 2.065e-01. Saving...
2025-08-20 19:05:21,672:INFO:Epoch: 4750/40000 | Train Loss: 1.700e-01 | Dynamic Loss: 1.700e-01 | Regularization Loss: 0.000e+00 | Val Loss: 2.031e-01 | Time: 8.59s
2025-08-20 19:05:21,672:INFO:New best model found at epoch 4750 with validation loss 2.031e-01. Saving...
2025-08-20 19:05:30,322:INFO:Epoch: 4800/40000 | Train Loss: 1.689e-01 | Dynamic Loss: 1.689e-01 | Regularization Loss: 0.000e+00 | Val Loss: 2.085e-01 | Time: 8.53s
2025-08-20 19:05:39,129:INFO:Epoch: 4850/40000 | Train Loss: 1.606e-01 | Dynamic Loss: 1.606e-01 | Regularization Loss: 0.000e+00 | Val Loss: 2.002e-01 | Time: 8.70s
2025-08-20 19:05:39,129:INFO:New best model found at epoch 4850 with validation loss 2.002e-01. Saving...
2025-08-20 19:05:47,763:INFO:Epoch: 4900/40000 | Train Loss: 2.353e-01 | Dynamic Loss: 2.353e-01 | Regularization Loss: 0.000e+00 | Val Loss: 2.537e-01 | Time: 8.51s
2025-08-20 19:05:56,429:INFO:Epoch: 4950/40000 | Train Loss: 1.577e-01 | Dynamic Loss: 1.577e-01 | Regularization Loss: 0.000e+00 | Val Loss: 2.032e-01 | Time: 8.56s
2025-08-20 19:06:05,332:INFO:Epoch: 5000/40000 | Train Loss: 2.337e-01 | Dynamic Loss: 2.337e-01 | Regularization Loss: 0.000e+00 | Val Loss: 2.678e-01 | Time: 8.80s
2025-08-20 19:06:13,929:INFO:Epoch: 5050/40000 | Train Loss: 1.488e-01 | Dynamic Loss: 1.488e-01 | Regularization Loss: 0.000e+00 | Val Loss: 1.933e-01 | Time: 8.49s
2025-08-20 19:06:13,930:INFO:New best model found at epoch 5050 with validation loss 1.933e-01. Saving...
2025-08-20 19:06:22,561:INFO:Epoch: 5100/40000 | Train Loss: 2.850e-01 | Dynamic Loss: 2.850e-01 | Regularization Loss: 0.000e+00 | Val Loss: 3.178e-01 | Time: 8.51s
2025-08-20 19:06:31,244:INFO:Epoch: 5150/40000 | Train Loss: 1.496e-01 | Dynamic Loss: 1.496e-01 | Regularization Loss: 0.000e+00 | Val Loss: 2.000e-01 | Time: 8.58s
2025-08-20 19:06:47,550:INFO:Epoch: 5200/40000 | Train Loss: 1.513e-01 | Dynamic Loss: 1.513e-01 | Regularization Loss: 0.000e+00 | Val Loss: 1.870e-01 | Time: 16.20s
2025-08-20 19:06:47,550:INFO:New best model found at epoch 5200 with validation loss 1.870e-01. Saving...
2025-08-20 19:06:56,171:INFO:Epoch: 5250/40000 | Train Loss: 1.437e-01 | Dynamic Loss: 1.437e-01 | Regularization Loss: 0.000e+00 | Val Loss: 1.965e-01 | Time: 8.50s
2025-08-20 19:07:04,919:INFO:Epoch: 5300/40000 | Train Loss: 1.459e-01 | Dynamic Loss: 1.459e-01 | Regularization Loss: 0.000e+00 | Val Loss: 1.811e-01 | Time: 8.65s
2025-08-20 19:07:04,919:INFO:New best model found at epoch 5300 with validation loss 1.811e-01. Saving...
2025-08-20 19:07:13,807:INFO:Epoch: 5350/40000 | Train Loss: 1.532e-01 | Dynamic Loss: 1.532e-01 | Regularization Loss: 0.000e+00 | Val Loss: 1.850e-01 | Time: 8.76s
2025-08-20 19:07:22,342:INFO:Epoch: 5400/40000 | Train Loss: 1.446e-01 | Dynamic Loss: 1.446e-01 | Regularization Loss: 0.000e+00 | Val Loss: 1.774e-01 | Time: 8.43s
2025-08-20 19:07:22,343:INFO:New best model found at epoch 5400 with validation loss 1.774e-01. Saving...
2025-08-20 19:07:30,940:INFO:Epoch: 5450/40000 | Train Loss: 1.541e-01 | Dynamic Loss: 1.541e-01 | Regularization Loss: 0.000e+00 | Val Loss: 1.900e-01 | Time: 8.47s
2025-08-20 19:07:39,801:INFO:Epoch: 5500/40000 | Train Loss: 1.794e-01 | Dynamic Loss: 1.794e-01 | Regularization Loss: 0.000e+00 | Val Loss: 2.061e-01 | Time: 8.76s
2025-08-20 19:07:56,608:INFO:Epoch: 5550/40000 | Train Loss: 1.367e-01 | Dynamic Loss: 1.367e-01 | Regularization Loss: 0.000e+00 | Val Loss: 1.716e-01 | Time: 16.70s
2025-08-20 19:07:56,608:INFO:New best model found at epoch 5550 with validation loss 1.716e-01. Saving...
2025-08-20 19:08:05,187:INFO:Epoch: 5600/40000 | Train Loss: 1.285e-01 | Dynamic Loss: 1.285e-01 | Regularization Loss: 0.000e+00 | Val Loss: 1.706e-01 | Time: 8.45s
2025-08-20 19:08:05,187:INFO:New best model found at epoch 5600 with validation loss 1.706e-01. Saving...
2025-08-20 19:08:13,796:INFO:Epoch: 5650/40000 | Train Loss: 2.048e-01 | Dynamic Loss: 2.048e-01 | Regularization Loss: 0.000e+00 | Val Loss: 1.944e-01 | Time: 8.48s
2025-08-20 19:08:22,559:INFO:Epoch: 5700/40000 | Train Loss: 1.370e-01 | Dynamic Loss: 1.370e-01 | Regularization Loss: 0.000e+00 | Val Loss: 1.744e-01 | Time: 8.66s
2025-08-20 19:08:31,140:INFO:Epoch: 5750/40000 | Train Loss: 2.915e-01 | Dynamic Loss: 2.915e-01 | Regularization Loss: 0.000e+00 | Val Loss: 2.896e-01 | Time: 8.48s
2025-08-20 19:08:39,772:INFO:Epoch: 5800/40000 | Train Loss: 1.724e-01 | Dynamic Loss: 1.724e-01 | Regularization Loss: 0.000e+00 | Val Loss: 2.436e-01 | Time: 8.53s
2025-08-20 19:08:48,523:INFO:Epoch: 5850/40000 | Train Loss: 2.348e-01 | Dynamic Loss: 2.348e-01 | Regularization Loss: 0.000e+00 | Val Loss: 2.691e-01 | Time: 8.64s
2025-08-20 19:08:57,236:INFO:Epoch: 5900/40000 | Train Loss: 1.300e-01 | Dynamic Loss: 1.300e-01 | Regularization Loss: 0.000e+00 | Val Loss: 1.705e-01 | Time: 8.61s
2025-08-20 19:08:57,236:INFO:New best model found at epoch 5900 with validation loss 1.705e-01. Saving...
2025-08-20 19:09:05,958:INFO:Epoch: 5950/40000 | Train Loss: 1.624e-01 | Dynamic Loss: 1.624e-01 | Regularization Loss: 0.000e+00 | Val Loss: 2.422e-01 | Time: 8.59s
2025-08-20 19:09:14,627:INFO:Epoch: 6000/40000 | Train Loss: 1.297e-01 | Dynamic Loss: 1.297e-01 | Regularization Loss: 0.000e+00 | Val Loss: 1.653e-01 | Time: 8.56s
2025-08-20 19:09:14,627:INFO:New best model found at epoch 6000 with validation loss 1.653e-01. Saving...
2025-08-20 19:09:31,489:INFO:Epoch: 6050/40000 | Train Loss: 1.139e-01 | Dynamic Loss: 1.139e-01 | Regularization Loss: 0.000e+00 | Val Loss: 1.508e-01 | Time: 16.74s
2025-08-20 19:09:31,489:INFO:New best model found at epoch 6050 with validation loss 1.508e-01. Saving...
2025-08-20 19:09:40,371:INFO:Epoch: 6100/40000 | Train Loss: 1.169e-01 | Dynamic Loss: 1.169e-01 | Regularization Loss: 0.000e+00 | Val Loss: 1.513e-01 | Time: 8.75s
2025-08-20 19:09:49,050:INFO:Epoch: 6150/40000 | Train Loss: 1.689e-01 | Dynamic Loss: 1.689e-01 | Regularization Loss: 0.000e+00 | Val Loss: 2.107e-01 | Time: 8.45s
2025-08-20 19:09:57,714:INFO:Epoch: 6200/40000 | Train Loss: 1.128e-01 | Dynamic Loss: 1.128e-01 | Regularization Loss: 0.000e+00 | Val Loss: 1.471e-01 | Time: 8.56s
2025-08-20 19:09:57,714:INFO:New best model found at epoch 6200 with validation loss 1.471e-01. Saving...
2025-08-20 19:10:06,365:INFO:Epoch: 6250/40000 | Train Loss: 1.126e-01 | Dynamic Loss: 1.126e-01 | Regularization Loss: 0.000e+00 | Val Loss: 1.482e-01 | Time: 8.52s
2025-08-20 19:10:15,086:INFO:Epoch: 6300/40000 | Train Loss: 2.038e-01 | Dynamic Loss: 2.038e-01 | Regularization Loss: 0.000e+00 | Val Loss: 1.962e-01 | Time: 8.61s
2025-08-20 19:10:23,810:INFO:Epoch: 6350/40000 | Train Loss: 1.517e-01 | Dynamic Loss: 1.517e-01 | Regularization Loss: 0.000e+00 | Val Loss: 1.535e-01 | Time: 8.61s
2025-08-20 19:10:32,437:INFO:Epoch: 6400/40000 | Train Loss: 1.522e-01 | Dynamic Loss: 1.522e-01 | Regularization Loss: 0.000e+00 | Val Loss: 1.810e-01 | Time: 8.52s
2025-08-20 19:10:48,362:INFO:Epoch: 6450/40000 | Train Loss: 1.162e-01 | Dynamic Loss: 1.162e-01 | Regularization Loss: 0.000e+00 | Val Loss: 1.489e-01 | Time: 15.82s
2025-08-20 19:10:57,078:INFO:Epoch: 6500/40000 | Train Loss: 1.228e-01 | Dynamic Loss: 1.228e-01 | Regularization Loss: 0.000e+00 | Val Loss: 1.564e-01 | Time: 8.61s
2025-08-20 19:11:05,661:INFO:Epoch: 6550/40000 | Train Loss: 1.137e-01 | Dynamic Loss: 1.137e-01 | Regularization Loss: 0.000e+00 | Val Loss: 1.426e-01 | Time: 8.47s
2025-08-20 19:11:05,661:INFO:New best model found at epoch 6550 with validation loss 1.426e-01. Saving...
2025-08-20 19:11:14,536:INFO:Epoch: 6600/40000 | Train Loss: 1.084e-01 | Dynamic Loss: 1.084e-01 | Regularization Loss: 0.000e+00 | Val Loss: 1.403e-01 | Time: 8.74s
2025-08-20 19:11:14,536:INFO:New best model found at epoch 6600 with validation loss 1.403e-01. Saving...
2025-08-20 19:11:23,197:INFO:Epoch: 6650/40000 | Train Loss: 1.183e-01 | Dynamic Loss: 1.183e-01 | Regularization Loss: 0.000e+00 | Val Loss: 1.482e-01 | Time: 8.53s
2025-08-20 19:11:31,843:INFO:Epoch: 6700/40000 | Train Loss: 1.043e-01 | Dynamic Loss: 1.043e-01 | Regularization Loss: 0.000e+00 | Val Loss: 1.356e-01 | Time: 8.54s
2025-08-20 19:11:31,843:INFO:New best model found at epoch 6700 with validation loss 1.356e-01. Saving...
2025-08-20 19:11:40,655:INFO:Epoch: 6750/40000 | Train Loss: 1.723e-01 | Dynamic Loss: 1.723e-01 | Regularization Loss: 0.000e+00 | Val Loss: 1.635e-01 | Time: 8.68s
2025-08-20 19:11:49,432:INFO:Epoch: 6800/40000 | Train Loss: 1.249e-01 | Dynamic Loss: 1.249e-01 | Regularization Loss: 0.000e+00 | Val Loss: 1.675e-01 | Time: 8.66s
2025-08-20 19:11:58,102:INFO:Epoch: 6850/40000 | Train Loss: 1.147e-01 | Dynamic Loss: 1.147e-01 | Regularization Loss: 0.000e+00 | Val Loss: 1.450e-01 | Time: 8.56s
2025-08-20 19:12:14,497:INFO:Epoch: 6900/40000 | Train Loss: 1.054e-01 | Dynamic Loss: 1.054e-01 | Regularization Loss: 0.000e+00 | Val Loss: 1.337e-01 | Time: 16.28s
2025-08-20 19:12:14,497:INFO:New best model found at epoch 6900 with validation loss 1.337e-01. Saving...
2025-08-20 19:12:23,494:INFO:Epoch: 6950/40000 | Train Loss: 1.712e-01 | Dynamic Loss: 1.712e-01 | Regularization Loss: 0.000e+00 | Val Loss: 1.848e-01 | Time: 8.87s
2025-08-20 19:12:32,277:INFO:Epoch: 7000/40000 | Train Loss: 9.678e-02 | Dynamic Loss: 9.678e-02 | Regularization Loss: 0.000e+00 | Val Loss: 1.320e-01 | Time: 8.67s
2025-08-20 19:12:32,277:INFO:New best model found at epoch 7000 with validation loss 1.320e-01. Saving...
2025-08-20 19:12:41,769:INFO:Epoch: 7050/40000 | Train Loss: 9.181e-02 | Dynamic Loss: 9.181e-02 | Regularization Loss: 0.000e+00 | Val Loss: 1.242e-01 | Time: 9.37s
2025-08-20 19:12:41,770:INFO:New best model found at epoch 7050 with validation loss 1.242e-01. Saving...
2025-08-20 19:12:50,440:INFO:Epoch: 7100/40000 | Train Loss: 9.795e-02 | Dynamic Loss: 9.795e-02 | Regularization Loss: 0.000e+00 | Val Loss: 1.325e-01 | Time: 8.54s
2025-08-20 19:12:58,988:INFO:Epoch: 7150/40000 | Train Loss: 1.015e-01 | Dynamic Loss: 1.015e-01 | Regularization Loss: 0.000e+00 | Val Loss: 1.436e-01 | Time: 8.44s
2025-08-20 19:13:07,772:INFO:Epoch: 7200/40000 | Train Loss: 1.039e-01 | Dynamic Loss: 1.039e-01 | Regularization Loss: 0.000e+00 | Val Loss: 1.306e-01 | Time: 8.68s
2025-08-20 19:13:16,389:INFO:Epoch: 7250/40000 | Train Loss: 9.877e-02 | Dynamic Loss: 9.877e-02 | Regularization Loss: 0.000e+00 | Val Loss: 1.316e-01 | Time: 8.51s
2025-08-20 19:13:24,997:INFO:Epoch: 7300/40000 | Train Loss: 1.048e-01 | Dynamic Loss: 1.048e-01 | Regularization Loss: 0.000e+00 | Val Loss: 1.323e-01 | Time: 8.50s
2025-08-20 19:13:33,967:INFO:Epoch: 7350/40000 | Train Loss: 1.167e-01 | Dynamic Loss: 1.167e-01 | Regularization Loss: 0.000e+00 | Val Loss: 1.574e-01 | Time: 8.86s
2025-08-20 19:13:42,638:INFO:Epoch: 7400/40000 | Train Loss: 1.149e-01 | Dynamic Loss: 1.149e-01 | Regularization Loss: 0.000e+00 | Val Loss: 1.433e-01 | Time: 8.56s
2025-08-20 19:13:51,312:INFO:Epoch: 7450/40000 | Train Loss: 1.022e-01 | Dynamic Loss: 1.022e-01 | Regularization Loss: 0.000e+00 | Val Loss: 1.248e-01 | Time: 8.56s
2025-08-20 19:14:07,761:INFO:Epoch: 7500/40000 | Train Loss: 1.143e-01 | Dynamic Loss: 1.143e-01 | Regularization Loss: 0.000e+00 | Val Loss: 1.545e-01 | Time: 16.34s
2025-08-20 19:14:16,461:INFO:Epoch: 7550/40000 | Train Loss: 9.124e-02 | Dynamic Loss: 9.124e-02 | Regularization Loss: 0.000e+00 | Val Loss: 1.217e-01 | Time: 8.58s
2025-08-20 19:14:16,461:INFO:New best model found at epoch 7550 with validation loss 1.217e-01. Saving...
2025-08-20 19:14:25,123:INFO:Epoch: 7600/40000 | Train Loss: 1.319e-01 | Dynamic Loss: 1.319e-01 | Regularization Loss: 0.000e+00 | Val Loss: 1.282e-01 | Time: 8.53s
2025-08-20 19:14:34,050:INFO:Epoch: 7650/40000 | Train Loss: 1.510e-01 | Dynamic Loss: 1.510e-01 | Regularization Loss: 0.000e+00 | Val Loss: 1.963e-01 | Time: 8.81s
2025-08-20 19:14:42,707:INFO:Epoch: 7700/40000 | Train Loss: 8.569e-02 | Dynamic Loss: 8.569e-02 | Regularization Loss: 0.000e+00 | Val Loss: 1.144e-01 | Time: 8.55s
2025-08-20 19:14:42,708:INFO:New best model found at epoch 7700 with validation loss 1.144e-01. Saving...
2025-08-20 19:14:51,337:INFO:Epoch: 7750/40000 | Train Loss: 1.047e-01 | Dynamic Loss: 1.047e-01 | Regularization Loss: 0.000e+00 | Val Loss: 1.330e-01 | Time: 8.49s
2025-08-20 19:15:00,207:INFO:Epoch: 7800/40000 | Train Loss: 1.444e-01 | Dynamic Loss: 1.444e-01 | Regularization Loss: 0.000e+00 | Val Loss: 1.669e-01 | Time: 8.76s
2025-08-20 19:15:08,946:INFO:Epoch: 7850/40000 | Train Loss: 1.013e-01 | Dynamic Loss: 1.013e-01 | Regularization Loss: 0.000e+00 | Val Loss: 1.317e-01 | Time: 8.63s
2025-08-20 19:15:17,585:INFO:Epoch: 7900/40000 | Train Loss: 8.737e-02 | Dynamic Loss: 8.737e-02 | Regularization Loss: 0.000e+00 | Val Loss: 1.200e-01 | Time: 8.52s
2025-08-20 19:15:34,139:INFO:Epoch: 7950/40000 | Train Loss: 8.537e-02 | Dynamic Loss: 8.537e-02 | Regularization Loss: 0.000e+00 | Val Loss: 1.214e-01 | Time: 16.44s
2025-08-20 19:15:42,832:INFO:Epoch: 8000/40000 | Train Loss: 9.382e-02 | Dynamic Loss: 9.382e-02 | Regularization Loss: 0.000e+00 | Val Loss: 1.268e-01 | Time: 8.59s
2025-08-20 19:15:51,559:INFO:Epoch: 8050/40000 | Train Loss: 1.214e-01 | Dynamic Loss: 1.214e-01 | Regularization Loss: 0.000e+00 | Val Loss: 1.295e-01 | Time: 8.61s
2025-08-20 19:16:01,624:INFO:Epoch: 8100/40000 | Train Loss: 2.757e-01 | Dynamic Loss: 2.757e-01 | Regularization Loss: 0.000e+00 | Val Loss: 2.212e-01 | Time: 9.95s
2025-08-20 19:16:10,352:INFO:Epoch: 8150/40000 | Train Loss: 7.589e-02 | Dynamic Loss: 7.589e-02 | Regularization Loss: 0.000e+00 | Val Loss: 1.063e-01 | Time: 8.62s
2025-08-20 19:16:10,352:INFO:New best model found at epoch 8150 with validation loss 1.063e-01. Saving...
2025-08-20 19:16:18,937:INFO:Epoch: 8200/40000 | Train Loss: 1.163e-01 | Dynamic Loss: 1.163e-01 | Regularization Loss: 0.000e+00 | Val Loss: 1.259e-01 | Time: 8.46s
2025-08-20 19:16:28,183:INFO:Epoch: 8250/40000 | Train Loss: 1.153e-01 | Dynamic Loss: 1.153e-01 | Regularization Loss: 0.000e+00 | Val Loss: 1.409e-01 | Time: 9.15s
2025-08-20 19:16:36,889:INFO:Epoch: 8300/40000 | Train Loss: 9.356e-02 | Dynamic Loss: 9.356e-02 | Regularization Loss: 0.000e+00 | Val Loss: 1.236e-01 | Time: 8.61s
2025-08-20 19:16:45,443:INFO:Epoch: 8350/40000 | Train Loss: 1.280e-01 | Dynamic Loss: 1.280e-01 | Regularization Loss: 0.000e+00 | Val Loss: 1.594e-01 | Time: 8.46s
2025-08-20 19:16:54,229:INFO:Epoch: 8400/40000 | Train Loss: 8.112e-02 | Dynamic Loss: 8.112e-02 | Regularization Loss: 0.000e+00 | Val Loss: 1.105e-01 | Time: 8.68s
2025-08-20 19:17:02,915:INFO:Epoch: 8450/40000 | Train Loss: 8.005e-02 | Dynamic Loss: 8.005e-02 | Regularization Loss: 0.000e+00 | Val Loss: 1.090e-01 | Time: 8.58s
2025-08-20 19:17:11,581:INFO:Epoch: 8500/40000 | Train Loss: 9.920e-02 | Dynamic Loss: 9.920e-02 | Regularization Loss: 0.000e+00 | Val Loss: 1.150e-01 | Time: 8.56s
2025-08-20 19:17:20,363:INFO:Epoch: 8550/40000 | Train Loss: 1.803e-01 | Dynamic Loss: 1.803e-01 | Regularization Loss: 0.000e+00 | Val Loss: 2.603e-01 | Time: 8.68s
2025-08-20 19:17:28,939:INFO:Epoch: 8600/40000 | Train Loss: 8.305e-02 | Dynamic Loss: 8.305e-02 | Regularization Loss: 0.000e+00 | Val Loss: 1.133e-01 | Time: 8.48s
2025-08-20 19:17:37,700:INFO:Epoch: 8650/40000 | Train Loss: 7.218e-02 | Dynamic Loss: 7.218e-02 | Regularization Loss: 0.000e+00 | Val Loss: 1.019e-01 | Time: 8.66s
2025-08-20 19:17:37,700:INFO:New best model found at epoch 8650 with validation loss 1.019e-01. Saving...
2025-08-20 19:17:55,014:INFO:Epoch: 8700/40000 | Train Loss: 2.801e-01 | Dynamic Loss: 2.801e-01 | Regularization Loss: 0.000e+00 | Val Loss: 1.534e-01 | Time: 17.19s
2025-08-20 19:18:03,957:INFO:Epoch: 8750/40000 | Train Loss: 9.129e-02 | Dynamic Loss: 9.129e-02 | Regularization Loss: 0.000e+00 | Val Loss: 1.015e-01 | Time: 8.84s
2025-08-20 19:18:03,957:INFO:New best model found at epoch 8750 with validation loss 1.015e-01. Saving...
2025-08-20 19:18:12,680:INFO:Epoch: 8800/40000 | Train Loss: 1.151e-01 | Dynamic Loss: 1.151e-01 | Regularization Loss: 0.000e+00 | Val Loss: 1.344e-01 | Time: 8.59s
2025-08-20 19:18:21,545:INFO:Epoch: 8850/40000 | Train Loss: 7.268e-02 | Dynamic Loss: 7.268e-02 | Regularization Loss: 0.000e+00 | Val Loss: 1.078e-01 | Time: 8.76s
2025-08-20 19:18:30,085:INFO:Epoch: 8900/40000 | Train Loss: 7.899e-02 | Dynamic Loss: 7.899e-02 | Regularization Loss: 0.000e+00 | Val Loss: 1.138e-01 | Time: 8.44s
2025-08-20 19:18:38,702:INFO:Epoch: 8950/40000 | Train Loss: 1.286e-01 | Dynamic Loss: 1.286e-01 | Regularization Loss: 0.000e+00 | Val Loss: 1.347e-01 | Time: 8.51s
2025-08-20 19:18:47,411:INFO:Epoch: 9000/40000 | Train Loss: 8.800e-02 | Dynamic Loss: 8.800e-02 | Regularization Loss: 0.000e+00 | Val Loss: 1.174e-01 | Time: 8.61s
2025-08-20 19:18:55,968:INFO:Epoch: 9050/40000 | Train Loss: 8.087e-02 | Dynamic Loss: 8.087e-02 | Regularization Loss: 0.000e+00 | Val Loss: 1.070e-01 | Time: 8.45s
2025-08-20 19:19:04,658:INFO:Epoch: 9100/40000 | Train Loss: 7.513e-02 | Dynamic Loss: 7.513e-02 | Regularization Loss: 0.000e+00 | Val Loss: 1.049e-01 | Time: 8.58s
2025-08-20 19:19:21,784:INFO:Epoch: 9150/40000 | Train Loss: 8.671e-02 | Dynamic Loss: 8.671e-02 | Regularization Loss: 0.000e+00 | Val Loss: 1.218e-01 | Time: 17.02s
2025-08-20 19:19:30,487:INFO:Epoch: 9200/40000 | Train Loss: 7.092e-02 | Dynamic Loss: 7.092e-02 | Regularization Loss: 0.000e+00 | Val Loss: 9.600e-02 | Time: 8.60s
2025-08-20 19:19:30,487:INFO:New best model found at epoch 9200 with validation loss 9.600e-02. Saving...
2025-08-20 19:19:39,222:INFO:Epoch: 9250/40000 | Train Loss: 2.265e-01 | Dynamic Loss: 2.265e-01 | Regularization Loss: 0.000e+00 | Val Loss: 2.658e-01 | Time: 8.61s
2025-08-20 19:19:48,067:INFO:Epoch: 9300/40000 | Train Loss: 7.389e-02 | Dynamic Loss: 7.389e-02 | Regularization Loss: 0.000e+00 | Val Loss: 1.017e-01 | Time: 8.74s
2025-08-20 19:19:56,722:INFO:Epoch: 9350/40000 | Train Loss: 8.610e-02 | Dynamic Loss: 8.610e-02 | Regularization Loss: 0.000e+00 | Val Loss: 1.293e-01 | Time: 8.55s
2025-08-20 19:20:05,406:INFO:Epoch: 9400/40000 | Train Loss: 6.597e-02 | Dynamic Loss: 6.597e-02 | Regularization Loss: 0.000e+00 | Val Loss: 9.066e-02 | Time: 8.58s
2025-08-20 19:20:05,406:INFO:New best model found at epoch 9400 with validation loss 9.066e-02. Saving...
2025-08-20 19:20:14,204:INFO:Epoch: 9450/40000 | Train Loss: 7.206e-02 | Dynamic Loss: 7.206e-02 | Regularization Loss: 0.000e+00 | Val Loss: 1.125e-01 | Time: 8.68s
2025-08-20 19:20:22,847:INFO:Epoch: 9500/40000 | Train Loss: 1.171e-01 | Dynamic Loss: 1.171e-01 | Regularization Loss: 0.000e+00 | Val Loss: 1.304e-01 | Time: 8.54s
2025-08-20 19:20:31,637:INFO:Epoch: 9550/40000 | Train Loss: 6.550e-02 | Dynamic Loss: 6.550e-02 | Regularization Loss: 0.000e+00 | Val Loss: 9.762e-02 | Time: 8.69s
2025-08-20 19:20:48,909:INFO:Epoch: 9600/40000 | Train Loss: 6.432e-02 | Dynamic Loss: 6.432e-02 | Regularization Loss: 0.000e+00 | Val Loss: 8.888e-02 | Time: 17.17s
2025-08-20 19:20:48,909:INFO:New best model found at epoch 9600 with validation loss 8.888e-02. Saving...
2025-08-20 19:20:57,776:INFO:Epoch: 9650/40000 | Train Loss: 1.586e-01 | Dynamic Loss: 1.586e-01 | Regularization Loss: 0.000e+00 | Val Loss: 1.189e-01 | Time: 8.74s
2025-08-20 19:21:06,391:INFO:Epoch: 9700/40000 | Train Loss: 9.683e-02 | Dynamic Loss: 9.683e-02 | Regularization Loss: 0.000e+00 | Val Loss: 1.115e-01 | Time: 8.51s
2025-08-20 19:21:15,431:INFO:Epoch: 9750/40000 | Train Loss: 6.203e-02 | Dynamic Loss: 6.203e-02 | Regularization Loss: 0.000e+00 | Val Loss: 9.307e-02 | Time: 8.94s
2025-08-20 19:21:24,164:INFO:Epoch: 9800/40000 | Train Loss: 7.174e-02 | Dynamic Loss: 7.174e-02 | Regularization Loss: 0.000e+00 | Val Loss: 1.017e-01 | Time: 8.63s
2025-08-20 19:21:32,789:INFO:Epoch: 9850/40000 | Train Loss: 8.729e-02 | Dynamic Loss: 8.729e-02 | Regularization Loss: 0.000e+00 | Val Loss: 1.174e-01 | Time: 8.52s
2025-08-20 19:21:41,594:INFO:Epoch: 9900/40000 | Train Loss: 6.102e-02 | Dynamic Loss: 6.102e-02 | Regularization Loss: 0.000e+00 | Val Loss: 8.974e-02 | Time: 8.70s
2025-08-20 19:21:50,253:INFO:Epoch: 9950/40000 | Train Loss: 7.329e-02 | Dynamic Loss: 7.329e-02 | Regularization Loss: 0.000e+00 | Val Loss: 1.010e-01 | Time: 8.56s
2025-08-20 19:21:58,193:INFO:Adding projection layer
2025-08-20 19:21:59,337:INFO:Epoch: 10000/40000 | Train Loss: 1.640e-01 | Dynamic Loss: 6.887e-02 | Regularization Loss: 9.509e-02 | Val Loss: 1.071e-01 | Active Proj %: 12.61 | Time: 8.97s
2025-08-20 19:22:15,033:INFO:Epoch: 10050/40000 | Train Loss: 8.165e-02 | Dynamic Loss: 7.758e-02 | Regularization Loss: 4.070e-03 | Val Loss: 1.050e-01 | Active Proj %: 15.60 | Time: 15.58s
2025-08-20 19:22:24,468:INFO:Epoch: 10100/40000 | Train Loss: 8.672e-02 | Dynamic Loss: 8.512e-02 | Regularization Loss: 1.605e-03 | Val Loss: 9.207e-02 | Active Proj %: 16.62 | Time: 9.32s
2025-08-20 19:22:33,965:INFO:Epoch: 10150/40000 | Train Loss: 6.219e-02 | Dynamic Loss: 6.129e-02 | Regularization Loss: 8.939e-04 | Val Loss: 8.951e-02 | Active Proj %: 19.76 | Time: 9.38s
2025-08-20 19:22:50,665:INFO:Epoch: 10200/40000 | Train Loss: 8.874e-02 | Dynamic Loss: 8.816e-02 | Regularization Loss: 5.799e-04 | Val Loss: 9.409e-02 | Active Proj %: 21.66 | Time: 16.60s
2025-08-20 19:23:00,260:INFO:Epoch: 10250/40000 | Train Loss: 7.102e-02 | Dynamic Loss: 7.061e-02 | Regularization Loss: 4.098e-04 | Val Loss: 9.667e-02 | Active Proj %: 18.34 | Time: 9.49s
2025-08-20 19:23:10,022:INFO:Epoch: 10300/40000 | Train Loss: 6.005e-02 | Dynamic Loss: 5.974e-02 | Regularization Loss: 3.064e-04 | Val Loss: 9.772e-02 | Active Proj %: 18.58 | Time: 9.65s
2025-08-20 19:23:19,670:INFO:Epoch: 10350/40000 | Train Loss: 1.041e-01 | Dynamic Loss: 1.039e-01 | Regularization Loss: 2.379e-04 | Val Loss: 1.222e-01 | Active Proj %: 21.62 | Time: 9.55s
2025-08-20 19:23:29,134:INFO:Epoch: 10400/40000 | Train Loss: 5.537e-02 | Dynamic Loss: 5.518e-02 | Regularization Loss: 1.903e-04 | Val Loss: 8.533e-02 | Active Proj %: 21.71 | Time: 9.36s
2025-08-20 19:23:29,135:INFO:New best model found at epoch 10400 with validation loss 8.533e-02. Saving...
2025-08-20 19:23:39,305:INFO:Epoch: 10450/40000 | Train Loss: 6.053e-02 | Dynamic Loss: 6.037e-02 | Regularization Loss: 1.555e-04 | Val Loss: 8.512e-02 | Active Proj %: 22.53 | Time: 10.04s
2025-08-20 19:23:39,305:INFO:New best model found at epoch 10450 with validation loss 8.512e-02. Saving...
2025-08-20 19:23:48,855:INFO:Epoch: 10500/40000 | Train Loss: 7.766e-02 | Dynamic Loss: 7.753e-02 | Regularization Loss: 1.292e-04 | Val Loss: 1.184e-01 | Active Proj %: 20.19 | Time: 9.42s
2025-08-20 19:23:58,565:INFO:Epoch: 10550/40000 | Train Loss: 5.763e-02 | Dynamic Loss: 5.752e-02 | Regularization Loss: 1.088e-04 | Val Loss: 8.655e-02 | Active Proj %: 25.06 | Time: 9.60s
2025-08-20 19:24:08,533:INFO:Epoch: 10600/40000 | Train Loss: 5.922e-02 | Dynamic Loss: 5.913e-02 | Regularization Loss: 9.286e-05 | Val Loss: 8.649e-02 | Active Proj %: 23.34 | Time: 9.86s
2025-08-20 19:24:18,276:INFO:Epoch: 10650/40000 | Train Loss: 9.342e-02 | Dynamic Loss: 9.334e-02 | Regularization Loss: 7.994e-05 | Val Loss: 1.143e-01 | Active Proj %: 20.09 | Time: 9.64s
2025-08-20 19:24:27,885:INFO:Epoch: 10700/40000 | Train Loss: 5.765e-02 | Dynamic Loss: 5.758e-02 | Regularization Loss: 6.929e-05 | Val Loss: 9.162e-02 | Active Proj %: 23.46 | Time: 9.50s
2025-08-20 19:24:40,852:INFO:Epoch: 10750/40000 | Train Loss: 7.502e-02 | Dynamic Loss: 7.496e-02 | Regularization Loss: 6.053e-05 | Val Loss: 9.359e-02 | Active Proj %: 19.45 | Time: 12.86s
2025-08-20 19:24:50,488:INFO:Epoch: 10800/40000 | Train Loss: 5.399e-02 | Dynamic Loss: 5.393e-02 | Regularization Loss: 5.317e-05 | Val Loss: 9.112e-02 | Active Proj %: 22.55 | Time: 9.52s
2025-08-20 19:25:00,161:INFO:Epoch: 10850/40000 | Train Loss: 6.905e-02 | Dynamic Loss: 6.900e-02 | Regularization Loss: 4.688e-05 | Val Loss: 8.502e-02 | Active Proj %: 23.63 | Time: 9.42s
2025-08-20 19:25:00,161:INFO:New best model found at epoch 10850 with validation loss 8.502e-02. Saving...
2025-08-20 19:25:09,829:INFO:Epoch: 10900/40000 | Train Loss: 5.320e-02 | Dynamic Loss: 5.316e-02 | Regularization Loss: 4.153e-05 | Val Loss: 8.634e-02 | Active Proj %: 22.48 | Time: 9.53s
2025-08-20 19:25:19,459:INFO:Epoch: 10950/40000 | Train Loss: 9.706e-02 | Dynamic Loss: 9.702e-02 | Regularization Loss: 3.687e-05 | Val Loss: 1.430e-01 | Active Proj %: 24.18 | Time: 9.52s
2025-08-20 19:25:29,255:INFO:Epoch: 11000/40000 | Train Loss: 6.295e-02 | Dynamic Loss: 6.292e-02 | Regularization Loss: 3.295e-05 | Val Loss: 8.779e-02 | Active Proj %: 27.36 | Time: 9.68s
2025-08-20 19:25:38,888:INFO:Epoch: 11050/40000 | Train Loss: 5.568e-02 | Dynamic Loss: 5.565e-02 | Regularization Loss: 2.952e-05 | Val Loss: 8.274e-02 | Active Proj %: 23.48 | Time: 9.53s
2025-08-20 19:25:38,888:INFO:New best model found at epoch 11050 with validation loss 8.274e-02. Saving...
2025-08-20 19:25:48,557:INFO:Epoch: 11100/40000 | Train Loss: 5.680e-02 | Dynamic Loss: 5.677e-02 | Regularization Loss: 2.647e-05 | Val Loss: 1.424e-01 | Active Proj %: 25.16 | Time: 9.42s
2025-08-20 19:25:58,173:INFO:Epoch: 11150/40000 | Train Loss: 7.031e-02 | Dynamic Loss: 7.028e-02 | Regularization Loss: 2.373e-05 | Val Loss: 9.059e-02 | Active Proj %: 30.00 | Time: 9.51s
2025-08-20 19:26:07,708:INFO:Epoch: 11200/40000 | Train Loss: 7.833e-02 | Dynamic Loss: 7.831e-02 | Regularization Loss: 2.144e-05 | Val Loss: 9.353e-02 | Active Proj %: 20.05 | Time: 9.42s
2025-08-20 19:26:22,021:INFO:Epoch: 11250/40000 | Train Loss: 6.162e-02 | Dynamic Loss: 6.160e-02 | Regularization Loss: 1.929e-05 | Val Loss: 8.546e-02 | Active Proj %: 21.70 | Time: 14.20s
2025-08-20 19:26:31,613:INFO:Epoch: 11300/40000 | Train Loss: 5.541e-02 | Dynamic Loss: 5.540e-02 | Regularization Loss: 1.739e-05 | Val Loss: 8.214e-02 | Active Proj %: 28.31 | Time: 9.48s
2025-08-20 19:26:31,613:INFO:New best model found at epoch 11300 with validation loss 8.214e-02. Saving...
2025-08-20 19:26:41,172:INFO:Epoch: 11350/40000 | Train Loss: 5.898e-02 | Dynamic Loss: 5.897e-02 | Regularization Loss: 1.578e-05 | Val Loss: 9.293e-02 | Active Proj %: 25.03 | Time: 9.42s
2025-08-20 19:26:53,312:INFO:Epoch: 11400/40000 | Train Loss: 5.279e-02 | Dynamic Loss: 5.277e-02 | Regularization Loss: 1.435e-05 | Val Loss: 8.751e-02 | Active Proj %: 29.69 | Time: 12.02s
2025-08-20 19:27:02,963:INFO:Epoch: 11450/40000 | Train Loss: 1.142e-01 | Dynamic Loss: 1.142e-01 | Regularization Loss: 1.298e-05 | Val Loss: 1.422e-01 | Active Proj %: 21.10 | Time: 9.54s
2025-08-20 19:27:12,840:INFO:Epoch: 11500/40000 | Train Loss: 4.873e-02 | Dynamic Loss: 4.872e-02 | Regularization Loss: 1.176e-05 | Val Loss: 7.802e-02 | Active Proj %: 27.36 | Time: 9.76s
2025-08-20 19:27:12,840:INFO:New best model found at epoch 11500 with validation loss 7.802e-02. Saving...
2025-08-20 19:27:22,520:INFO:Epoch: 11550/40000 | Train Loss: 7.677e-02 | Dynamic Loss: 7.676e-02 | Regularization Loss: 1.069e-05 | Val Loss: 9.313e-02 | Active Proj %: 24.47 | Time: 9.54s
2025-08-20 19:27:32,269:INFO:Epoch: 11600/40000 | Train Loss: 1.594e-01 | Dynamic Loss: 1.594e-01 | Regularization Loss: 9.633e-06 | Val Loss: 1.511e-01 | Active Proj %: 18.54 | Time: 9.63s
2025-08-20 19:27:41,885:INFO:Epoch: 11650/40000 | Train Loss: 5.059e-02 | Dynamic Loss: 5.059e-02 | Regularization Loss: 8.722e-06 | Val Loss: 7.405e-02 | Active Proj %: 25.56 | Time: 9.50s
2025-08-20 19:27:41,885:INFO:New best model found at epoch 11650 with validation loss 7.405e-02. Saving...
2025-08-20 19:27:51,441:INFO:Epoch: 11700/40000 | Train Loss: 7.081e-02 | Dynamic Loss: 7.080e-02 | Regularization Loss: 7.925e-06 | Val Loss: 1.007e-01 | Active Proj %: 21.03 | Time: 9.41s
2025-08-20 19:28:02,406:INFO:Epoch: 11750/40000 | Train Loss: 1.487e-01 | Dynamic Loss: 1.487e-01 | Regularization Loss: 7.188e-06 | Val Loss: 1.799e-01 | Active Proj %: 28.04 | Time: 10.85s
2025-08-20 19:28:12,075:INFO:Epoch: 11800/40000 | Train Loss: 5.562e-02 | Dynamic Loss: 5.561e-02 | Regularization Loss: 6.454e-06 | Val Loss: 8.126e-02 | Active Proj %: 30.84 | Time: 9.56s
2025-08-20 19:28:21,547:INFO:Epoch: 11850/40000 | Train Loss: 4.439e-02 | Dynamic Loss: 4.439e-02 | Regularization Loss: 5.686e-06 | Val Loss: 7.583e-02 | Active Proj %: 27.54 | Time: 9.36s
2025-08-20 19:28:35,342:INFO:Epoch: 11900/40000 | Train Loss: 6.435e-02 | Dynamic Loss: 6.434e-02 | Regularization Loss: 5.206e-06 | Val Loss: 8.251e-02 | Active Proj %: 27.88 | Time: 13.67s
2025-08-20 19:28:44,936:INFO:Epoch: 11950/40000 | Train Loss: 1.307e-01 | Dynamic Loss: 1.307e-01 | Regularization Loss: 4.629e-06 | Val Loss: 1.564e-01 | Active Proj %: 27.38 | Time: 9.47s
2025-08-20 19:28:54,624:INFO:Epoch: 12000/40000 | Train Loss: 9.209e-02 | Dynamic Loss: 9.209e-02 | Regularization Loss: 3.930e-06 | Val Loss: 1.237e-01 | Active Proj %: 29.65 | Time: 9.57s
2025-08-20 19:29:04,235:INFO:Epoch: 12050/40000 | Train Loss: 9.012e-02 | Dynamic Loss: 9.012e-02 | Regularization Loss: 3.308e-06 | Val Loss: 1.085e-01 | Active Proj %: 28.21 | Time: 9.49s
2025-08-20 19:29:13,790:INFO:Epoch: 12100/40000 | Train Loss: 6.010e-02 | Dynamic Loss: 6.010e-02 | Regularization Loss: 3.022e-06 | Val Loss: 8.709e-02 | Active Proj %: 27.29 | Time: 9.44s
2025-08-20 19:29:31,269:INFO:Epoch: 12150/40000 | Train Loss: 5.016e-02 | Dynamic Loss: 5.016e-02 | Regularization Loss: 2.745e-06 | Val Loss: 7.634e-02 | Active Proj %: 25.11 | Time: 17.35s
2025-08-20 19:29:40,736:INFO:Epoch: 12200/40000 | Train Loss: 9.624e-02 | Dynamic Loss: 9.623e-02 | Regularization Loss: 2.458e-06 | Val Loss: 1.268e-01 | Active Proj %: 22.01 | Time: 9.35s
2025-08-20 19:29:50,433:INFO:Epoch: 12250/40000 | Train Loss: 6.329e-02 | Dynamic Loss: 6.329e-02 | Regularization Loss: 1.772e-06 | Val Loss: 8.782e-02 | Active Proj %: 30.50 | Time: 9.58s
2025-08-20 19:30:00,126:INFO:Epoch: 12300/40000 | Train Loss: 4.863e-02 | Dynamic Loss: 4.863e-02 | Regularization Loss: 1.436e-06 | Val Loss: 7.558e-02 | Active Proj %: 31.39 | Time: 9.57s
2025-08-20 19:30:09,757:INFO:Epoch: 12350/40000 | Train Loss: 5.050e-02 | Dynamic Loss: 5.050e-02 | Regularization Loss: 1.341e-06 | Val Loss: 8.636e-02 | Active Proj %: 25.18 | Time: 9.51s
2025-08-20 19:30:27,933:INFO:Epoch: 12400/40000 | Train Loss: 5.077e-02 | Dynamic Loss: 5.077e-02 | Regularization Loss: 1.258e-06 | Val Loss: 7.557e-02 | Active Proj %: 25.53 | Time: 18.06s
2025-08-20 19:30:37,651:INFO:Epoch: 12450/40000 | Train Loss: 7.552e-02 | Dynamic Loss: 7.552e-02 | Regularization Loss: 1.156e-06 | Val Loss: 1.025e-01 | Active Proj %: 26.47 | Time: 9.60s
2025-08-20 19:30:47,589:INFO:Epoch: 12500/40000 | Train Loss: 5.101e-02 | Dynamic Loss: 5.101e-02 | Regularization Loss: 9.743e-07 | Val Loss: 7.759e-02 | Active Proj %: 28.21 | Time: 9.82s
2025-08-20 19:30:57,379:INFO:Epoch: 12550/40000 | Train Loss: 3.989e-02 | Dynamic Loss: 3.989e-02 | Regularization Loss: 9.169e-07 | Val Loss: 6.607e-02 | Active Proj %: 30.68 | Time: 9.67s
2025-08-20 19:30:57,379:INFO:New best model found at epoch 12550 with validation loss 6.607e-02. Saving...
2025-08-20 19:31:07,057:INFO:Epoch: 12600/40000 | Train Loss: 4.637e-02 | Dynamic Loss: 4.637e-02 | Regularization Loss: 7.874e-07 | Val Loss: 7.483e-02 | Active Proj %: 29.25 | Time: 9.54s
2025-08-20 19:31:17,912:INFO:Epoch: 12650/40000 | Train Loss: 4.088e-02 | Dynamic Loss: 4.088e-02 | Regularization Loss: 7.177e-07 | Val Loss: 2.440e-01 | Active Proj %: 30.60 | Time: 10.73s
2025-08-20 19:31:27,679:INFO:Epoch: 12700/40000 | Train Loss: 7.445e-02 | Dynamic Loss: 7.445e-02 | Regularization Loss: 6.180e-07 | Val Loss: 7.771e-02 | Active Proj %: 24.28 | Time: 9.65s
2025-08-20 19:31:37,412:INFO:Epoch: 12750/40000 | Train Loss: 3.954e-02 | Dynamic Loss: 3.954e-02 | Regularization Loss: 4.726e-07 | Val Loss: 7.060e-02 | Active Proj %: 30.38 | Time: 9.62s
2025-08-20 19:31:47,045:INFO:Epoch: 12800/40000 | Train Loss: 3.039e-01 | Dynamic Loss: 3.039e-01 | Regularization Loss: 3.742e-07 | Val Loss: 3.493e-01 | Active Proj %: 32.20 | Time: 9.52s
2025-08-20 19:31:56,972:INFO:Epoch: 12850/40000 | Train Loss: 7.469e-02 | Dynamic Loss: 7.469e-02 | Regularization Loss: 2.446e-07 | Val Loss: 1.079e-01 | Active Proj %: 29.42 | Time: 9.77s
2025-08-20 19:32:06,672:INFO:Epoch: 12900/40000 | Train Loss: 1.585e-01 | Dynamic Loss: 1.585e-01 | Regularization Loss: 2.225e-07 | Val Loss: 1.549e-01 | Active Proj %: 18.85 | Time: 9.59s
2025-08-20 19:32:16,461:INFO:Epoch: 12950/40000 | Train Loss: 1.004e-01 | Dynamic Loss: 1.004e-01 | Regularization Loss: 1.963e-07 | Val Loss: 1.169e-01 | Active Proj %: 22.98 | Time: 9.67s
2025-08-20 19:32:32,406:INFO:Epoch: 13000/40000 | Train Loss: 4.419e-02 | Dynamic Loss: 4.419e-02 | Regularization Loss: 9.330e-08 | Val Loss: 6.893e-02 | Active Proj %: 32.86 | Time: 15.81s
2025-08-20 19:32:42,297:INFO:Epoch: 13050/40000 | Train Loss: 4.888e-02 | Dynamic Loss: 4.888e-02 | Regularization Loss: 8.687e-08 | Val Loss: 7.337e-02 | Active Proj %: 26.77 | Time: 9.77s
2025-08-20 19:32:52,279:INFO:Epoch: 13100/40000 | Train Loss: 4.607e-02 | Dynamic Loss: 4.607e-02 | Regularization Loss: 8.100e-08 | Val Loss: 9.061e-02 | Active Proj %: 29.80 | Time: 9.86s
2025-08-20 19:33:02,230:INFO:Epoch: 13150/40000 | Train Loss: 4.935e-02 | Dynamic Loss: 4.935e-02 | Regularization Loss: 7.066e-08 | Val Loss: 6.806e-01 | Active Proj %: 27.73 | Time: 9.83s
2025-08-20 19:33:12,248:INFO:Epoch: 13200/40000 | Train Loss: 1.044e-01 | Dynamic Loss: 1.044e-01 | Regularization Loss: 4.442e-08 | Val Loss: 2.110e-01 | Active Proj %: 20.36 | Time: 9.90s
2025-08-20 19:33:22,017:INFO:Epoch: 13250/40000 | Train Loss: 1.453e-01 | Dynamic Loss: 1.453e-01 | Regularization Loss: 2.481e-08 | Val Loss: 1.510e-01 | Active Proj %: 17.30 | Time: 9.66s
2025-08-20 19:33:31,872:INFO:Epoch: 13300/40000 | Train Loss: 1.363e-01 | Dynamic Loss: 1.363e-01 | Regularization Loss: 2.024e-08 | Val Loss: 1.525e-01 | Active Proj %: 24.77 | Time: 9.74s
2025-08-20 19:33:41,692:INFO:Epoch: 13350/40000 | Train Loss: 1.028e-01 | Dynamic Loss: 1.028e-01 | Regularization Loss: 1.632e-08 | Val Loss: 1.332e-01 | Active Proj %: 25.58 | Time: 9.70s
2025-08-20 19:33:51,479:INFO:Epoch: 13400/40000 | Train Loss: 6.761e-02 | Dynamic Loss: 6.761e-02 | Regularization Loss: 1.504e-08 | Val Loss: 8.502e-02 | Active Proj %: 22.35 | Time: 9.67s
2025-08-20 19:34:01,630:INFO:Epoch: 13450/40000 | Train Loss: 1.364e-01 | Dynamic Loss: 1.364e-01 | Regularization Loss: 1.130e-08 | Val Loss: 1.612e-01 | Active Proj %: 27.23 | Time: 10.03s
2025-08-20 19:34:11,539:INFO:Epoch: 13500/40000 | Train Loss: 3.530e-02 | Dynamic Loss: 3.530e-02 | Regularization Loss: 1.015e-08 | Val Loss: 6.127e-02 | Active Proj %: 33.01 | Time: 9.78s
2025-08-20 19:34:11,540:INFO:New best model found at epoch 13500 with validation loss 6.127e-02. Saving...
2025-08-20 19:34:24,107:INFO:Epoch: 13550/40000 | Train Loss: 4.269e-02 | Dynamic Loss: 4.269e-02 | Regularization Loss: 1.301e-08 | Val Loss: 6.437e-02 | Active Proj %: 29.82 | Time: 12.42s
2025-08-20 19:34:33,886:INFO:Epoch: 13600/40000 | Train Loss: 5.297e-02 | Dynamic Loss: 5.297e-02 | Regularization Loss: 4.085e-09 | Val Loss: 8.403e-02 | Active Proj %: 30.41 | Time: 9.66s
2025-08-20 19:34:43,682:INFO:Epoch: 13650/40000 | Train Loss: 7.016e-02 | Dynamic Loss: 7.016e-02 | Regularization Loss: 3.017e-09 | Val Loss: 9.121e-02 | Active Proj %: 30.71 | Time: 9.68s
2025-08-20 19:34:53,375:INFO:Epoch: 13700/40000 | Train Loss: 4.817e-02 | Dynamic Loss: 4.817e-02 | Regularization Loss: 2.384e-09 | Val Loss: 7.342e-02 | Active Proj %: 34.13 | Time: 9.57s
2025-08-20 19:35:03,052:INFO:Epoch: 13750/40000 | Train Loss: 3.850e-02 | Dynamic Loss: 3.850e-02 | Regularization Loss: 2.195e-09 | Val Loss: 6.255e-02 | Active Proj %: 33.41 | Time: 9.56s
2025-08-20 19:35:15,597:INFO:Epoch: 13800/40000 | Train Loss: 8.593e-02 | Dynamic Loss: 8.593e-02 | Regularization Loss: 1.326e-09 | Val Loss: 1.163e-01 | Active Proj %: 28.08 | Time: 12.42s
2025-08-20 19:35:25,178:INFO:Epoch: 13850/40000 | Train Loss: 2.106e-01 | Dynamic Loss: 2.106e-01 | Regularization Loss: 1.089e-09 | Val Loss: 2.050e-01 | Active Proj %: 22.09 | Time: 9.45s
2025-08-20 19:35:34,782:INFO:Epoch: 13900/40000 | Train Loss: 4.314e-02 | Dynamic Loss: 4.314e-02 | Regularization Loss: 1.039e-09 | Val Loss: 6.571e-02 | Active Proj %: 32.59 | Time: 9.47s
2025-08-20 19:35:48,778:INFO:Epoch: 13950/40000 | Train Loss: 5.406e-02 | Dynamic Loss: 5.406e-02 | Regularization Loss: 3.647e-10 | Val Loss: 7.519e-02 | Active Proj %: 31.71 | Time: 13.87s
2025-08-20 19:35:58,604:INFO:Epoch: 14000/40000 | Train Loss: 1.331e-01 | Dynamic Loss: 1.331e-01 | Regularization Loss: 2.033e-10 | Val Loss: 1.614e-01 | Active Proj %: 26.91 | Time: 9.69s
2025-08-20 19:36:08,102:INFO:Epoch: 14050/40000 | Train Loss: 2.119e-01 | Dynamic Loss: 2.119e-01 | Regularization Loss: 1.963e-10 | Val Loss: 1.333e-01 | Active Proj %: 24.69 | Time: 9.37s
2025-08-20 19:36:17,733:INFO:Epoch: 14100/40000 | Train Loss: 3.572e-02 | Dynamic Loss: 3.572e-02 | Regularization Loss: 1.750e-10 | Val Loss: 5.979e-02 | Active Proj %: 33.59 | Time: 9.51s
2025-08-20 19:36:17,733:INFO:New best model found at epoch 14100 with validation loss 5.979e-02. Saving...
2025-08-20 19:36:27,533:INFO:Epoch: 14150/40000 | Train Loss: 4.879e-02 | Dynamic Loss: 4.879e-02 | Regularization Loss: 1.513e-10 | Val Loss: 7.870e-02 | Active Proj %: 30.59 | Time: 9.51s
2025-08-20 19:36:37,111:INFO:Epoch: 14200/40000 | Train Loss: 3.463e-02 | Dynamic Loss: 3.463e-02 | Regularization Loss: 1.298e-10 | Val Loss: 5.951e-02 | Active Proj %: 33.45 | Time: 9.46s
2025-08-20 19:36:37,111:INFO:New best model found at epoch 14200 with validation loss 5.951e-02. Saving...
2025-08-20 19:36:46,812:INFO:Epoch: 14250/40000 | Train Loss: 5.057e-02 | Dynamic Loss: 5.057e-02 | Regularization Loss: 1.225e-10 | Val Loss: 7.414e-02 | Active Proj %: 30.20 | Time: 9.56s
2025-08-20 19:36:56,456:INFO:Epoch: 14300/40000 | Train Loss: 6.854e-02 | Dynamic Loss: 6.854e-02 | Regularization Loss: 9.886e-11 | Val Loss: 8.844e-02 | Active Proj %: 30.77 | Time: 9.52s
2025-08-20 19:37:06,052:INFO:Epoch: 14350/40000 | Train Loss: 3.457e-02 | Dynamic Loss: 3.457e-02 | Regularization Loss: 5.908e-11 | Val Loss: 5.969e-02 | Active Proj %: 33.71 | Time: 9.48s
2025-08-20 19:37:15,746:INFO:Epoch: 14400/40000 | Train Loss: 9.477e-02 | Dynamic Loss: 9.477e-02 | Regularization Loss: 3.332e-11 | Val Loss: 1.588e-01 | Active Proj %: 27.34 | Time: 9.57s
2025-08-20 19:37:34,318:INFO:Epoch: 14450/40000 | Train Loss: 3.845e-02 | Dynamic Loss: 3.845e-02 | Regularization Loss: 2.506e-11 | Val Loss: 6.313e-02 | Active Proj %: 33.97 | Time: 18.44s
2025-08-20 19:37:44,165:INFO:Epoch: 14500/40000 | Train Loss: 6.590e-02 | Dynamic Loss: 6.590e-02 | Regularization Loss: 1.543e-11 | Val Loss: 8.790e-02 | Active Proj %: 32.47 | Time: 9.72s
2025-08-20 19:37:54,013:INFO:Epoch: 14550/40000 | Train Loss: 6.632e-02 | Dynamic Loss: 6.632e-02 | Regularization Loss: 1.279e-11 | Val Loss: 8.518e-02 | Active Proj %: 29.88 | Time: 9.72s
2025-08-20 19:38:03,737:INFO:Epoch: 14600/40000 | Train Loss: 3.791e-02 | Dynamic Loss: 3.791e-02 | Regularization Loss: 1.001e-11 | Val Loss: 6.433e-02 | Active Proj %: 33.53 | Time: 9.60s
2025-08-20 19:38:13,479:INFO:Epoch: 14650/40000 | Train Loss: 5.196e-02 | Dynamic Loss: 5.196e-02 | Regularization Loss: 9.752e-12 | Val Loss: 8.198e-02 | Active Proj %: 30.59 | Time: 9.62s
2025-08-20 19:38:23,090:INFO:Epoch: 14700/40000 | Train Loss: 4.248e-01 | Dynamic Loss: 4.248e-01 | Regularization Loss: 9.940e-13 | Val Loss: 4.326e-01 | Active Proj %: 13.61 | Time: 9.48s
2025-08-20 19:38:32,809:INFO:Epoch: 14750/40000 | Train Loss: 6.340e-02 | Dynamic Loss: 6.340e-02 | Regularization Loss: 4.098e-13 | Val Loss: 8.415e-02 | Active Proj %: 30.81 | Time: 9.59s
2025-08-20 19:38:42,582:INFO:Epoch: 14800/40000 | Train Loss: 8.818e-02 | Dynamic Loss: 8.818e-02 | Regularization Loss: 2.924e-13 | Val Loss: 1.130e-01 | Active Proj %: 28.00 | Time: 9.64s
2025-08-20 19:38:52,310:INFO:Epoch: 14850/40000 | Train Loss: 3.601e-02 | Dynamic Loss: 3.601e-02 | Regularization Loss: 2.735e-13 | Val Loss: 5.978e-02 | Active Proj %: 33.47 | Time: 9.60s
2025-08-20 19:39:02,505:INFO:Epoch: 14900/40000 | Train Loss: 3.573e-02 | Dynamic Loss: 3.573e-02 | Regularization Loss: 2.767e-13 | Val Loss: 5.716e-02 | Active Proj %: 32.96 | Time: 10.07s
2025-08-20 19:39:02,505:INFO:New best model found at epoch 14900 with validation loss 5.716e-02. Saving...
2025-08-20 19:39:12,401:INFO:Epoch: 14950/40000 | Train Loss: 4.284e-01 | Dynamic Loss: 4.284e-01 | Regularization Loss: 5.908e-14 | Val Loss: 4.057e-01 | Active Proj %: 10.82 | Time: 9.75s
2025-08-20 19:39:22,201:INFO:Epoch: 15000/40000 | Train Loss: 6.278e-02 | Dynamic Loss: 6.278e-02 | Regularization Loss: 4.771e-14 | Val Loss: 8.849e-02 | Active Proj %: 33.39 | Time: 9.67s
2025-08-20 19:39:32,077:INFO:Epoch: 15050/40000 | Train Loss: 8.673e-02 | Dynamic Loss: 8.673e-02 | Regularization Loss: 4.596e-14 | Val Loss: 1.017e-01 | Active Proj %: 28.17 | Time: 9.75s
2025-08-20 19:39:41,729:INFO:Epoch: 15100/40000 | Train Loss: 5.209e-02 | Dynamic Loss: 5.209e-02 | Regularization Loss: 4.336e-14 | Val Loss: 6.764e-02 | Active Proj %: 32.84 | Time: 9.53s
2025-08-20 19:39:51,279:INFO:Epoch: 15150/40000 | Train Loss: 3.620e-02 | Dynamic Loss: 3.620e-02 | Regularization Loss: 4.080e-14 | Val Loss: 5.980e-02 | Active Proj %: 33.33 | Time: 9.42s
2025-08-20 19:40:00,921:INFO:Epoch: 15200/40000 | Train Loss: 1.409e-01 | Dynamic Loss: 1.409e-01 | Regularization Loss: 3.186e-14 | Val Loss: 1.352e-01 | Active Proj %: 23.22 | Time: 9.51s
2025-08-20 19:40:10,553:INFO:Epoch: 15250/40000 | Train Loss: 3.702e-02 | Dynamic Loss: 3.702e-02 | Regularization Loss: 2.539e-14 | Val Loss: 6.143e-02 | Active Proj %: 33.52 | Time: 9.51s
2025-08-20 19:40:20,180:INFO:Epoch: 15300/40000 | Train Loss: 9.706e-02 | Dynamic Loss: 9.706e-02 | Regularization Loss: 2.206e-14 | Val Loss: 1.232e-01 | Active Proj %: 30.94 | Time: 9.50s
2025-08-20 19:40:30,034:INFO:Epoch: 15350/40000 | Train Loss: 3.686e-02 | Dynamic Loss: 3.686e-02 | Regularization Loss: 2.058e-14 | Val Loss: 5.730e-02 | Active Proj %: 32.18 | Time: 9.73s
2025-08-20 19:40:39,744:INFO:Epoch: 15400/40000 | Train Loss: 3.745e-02 | Dynamic Loss: 3.745e-02 | Regularization Loss: 1.054e-14 | Val Loss: 6.111e-02 | Active Proj %: 33.75 | Time: 9.59s
2025-08-20 19:40:49,541:INFO:Epoch: 15450/40000 | Train Loss: 7.859e-02 | Dynamic Loss: 7.859e-02 | Regularization Loss: 9.171e-15 | Val Loss: 1.092e-01 | Active Proj %: 20.17 | Time: 9.67s
2025-08-20 19:41:05,620:INFO:Epoch: 15500/40000 | Train Loss: 8.328e-02 | Dynamic Loss: 8.328e-02 | Regularization Loss: 7.458e-15 | Val Loss: 1.016e-01 | Active Proj %: 27.31 | Time: 15.95s
2025-08-20 19:41:15,558:INFO:Epoch: 15550/40000 | Train Loss: 3.275e-02 | Dynamic Loss: 3.275e-02 | Regularization Loss: 5.671e-15 | Val Loss: 5.696e-02 | Active Proj %: 33.85 | Time: 9.81s
2025-08-20 19:41:15,558:INFO:New best model found at epoch 15550 with validation loss 5.696e-02. Saving...
2025-08-20 19:41:25,188:INFO:Epoch: 15600/40000 | Train Loss: 9.149e-02 | Dynamic Loss: 9.149e-02 | Regularization Loss: 1.197e-16 | Val Loss: 1.139e-01 | Active Proj %: 31.18 | Time: 9.48s
2025-08-20 19:41:40,213:INFO:Epoch: 15650/40000 | Train Loss: 6.130e-02 | Dynamic Loss: 6.130e-02 | Regularization Loss: 1.065e-16 | Val Loss: 8.161e-02 | Active Proj %: 27.87 | Time: 14.89s
2025-08-20 19:41:49,856:INFO:Epoch: 15700/40000 | Train Loss: 3.879e-02 | Dynamic Loss: 3.879e-02 | Regularization Loss: 9.799e-17 | Val Loss: 6.214e-02 | Active Proj %: 33.52 | Time: 9.52s
2025-08-20 19:41:59,481:INFO:Epoch: 15750/40000 | Train Loss: 3.583e-02 | Dynamic Loss: 3.583e-02 | Regularization Loss: 8.136e-17 | Val Loss: 5.731e-02 | Active Proj %: 33.67 | Time: 9.49s
2025-08-20 19:42:11,110:INFO:Epoch: 15800/40000 | Train Loss: 1.450e-01 | Dynamic Loss: 1.450e-01 | Regularization Loss: 4.223e-17 | Val Loss: 1.636e-01 | Active Proj %: 29.32 | Time: 11.50s
2025-08-20 19:42:20,992:INFO:Epoch: 15850/40000 | Train Loss: 4.110e-02 | Dynamic Loss: 4.110e-02 | Regularization Loss: 4.255e-17 | Val Loss: 6.188e-02 | Active Proj %: 31.94 | Time: 9.75s
2025-08-20 19:42:30,908:INFO:Epoch: 15900/40000 | Train Loss: 5.628e-02 | Dynamic Loss: 5.628e-02 | Regularization Loss: 3.098e-17 | Val Loss: 7.659e-02 | Active Proj %: 30.65 | Time: 9.79s
2025-08-20 19:42:48,810:INFO:Epoch: 15950/40000 | Train Loss: 6.012e-02 | Dynamic Loss: 6.012e-02 | Regularization Loss: 3.025e-17 | Val Loss: 8.998e-02 | Active Proj %: 29.22 | Time: 17.77s
2025-08-20 19:42:58,617:INFO:Epoch: 16000/40000 | Train Loss: 4.023e-02 | Dynamic Loss: 4.023e-02 | Regularization Loss: 3.059e-17 | Val Loss: 6.180e-02 | Active Proj %: 33.42 | Time: 9.68s
2025-08-20 19:43:08,198:INFO:Epoch: 16050/40000 | Train Loss: 5.152e-02 | Dynamic Loss: 5.152e-02 | Regularization Loss: 2.880e-17 | Val Loss: 7.188e-02 | Active Proj %: 25.85 | Time: 9.45s
2025-08-20 19:43:27,086:INFO:Epoch: 16100/40000 | Train Loss: 3.683e-02 | Dynamic Loss: 3.683e-02 | Regularization Loss: 8.152e-18 | Val Loss: 6.022e-02 | Active Proj %: 33.87 | Time: 18.76s
2025-08-20 19:43:36,725:INFO:Epoch: 16150/40000 | Train Loss: 4.882e-01 | Dynamic Loss: 4.882e-01 | Regularization Loss: 5.642e-18 | Val Loss: 4.896e-01 | Active Proj %: 26.49 | Time: 9.51s
2025-08-20 19:43:46,314:INFO:Epoch: 16200/40000 | Train Loss: 9.767e-02 | Dynamic Loss: 9.767e-02 | Regularization Loss: 2.993e-18 | Val Loss: 1.250e-01 | Active Proj %: 31.09 | Time: 9.46s
2025-08-20 19:43:56,255:INFO:Epoch: 16250/40000 | Train Loss: 3.667e-02 | Dynamic Loss: 3.667e-02 | Regularization Loss: 2.298e-18 | Val Loss: 5.976e-02 | Active Proj %: 33.61 | Time: 9.82s
2025-08-20 19:44:05,867:INFO:Epoch: 16300/40000 | Train Loss: 3.554e-02 | Dynamic Loss: 3.554e-02 | Regularization Loss: 1.763e-18 | Val Loss: 5.795e-02 | Active Proj %: 33.51 | Time: 9.49s
2025-08-20 19:44:15,687:INFO:Epoch: 16350/40000 | Train Loss: 4.063e-02 | Dynamic Loss: 4.063e-02 | Regularization Loss: 1.619e-18 | Val Loss: 6.404e-02 | Active Proj %: 33.55 | Time: 9.69s
2025-08-20 19:44:33,884:INFO:Epoch: 16400/40000 | Train Loss: 1.032e-01 | Dynamic Loss: 1.032e-01 | Regularization Loss: 1.477e-18 | Val Loss: 1.325e-01 | Active Proj %: 21.41 | Time: 18.08s
2025-08-20 19:44:43,541:INFO:Epoch: 16450/40000 | Train Loss: 2.982e-02 | Dynamic Loss: 2.982e-02 | Regularization Loss: 1.384e-18 | Val Loss: 5.264e-02 | Active Proj %: 33.72 | Time: 9.54s
2025-08-20 19:44:43,541:INFO:New best model found at epoch 16450 with validation loss 5.264e-02. Saving...
2025-08-20 19:44:53,169:INFO:Epoch: 16500/40000 | Train Loss: 2.929e-02 | Dynamic Loss: 2.929e-02 | Regularization Loss: 1.371e-18 | Val Loss: 5.130e-02 | Active Proj %: 33.64 | Time: 9.46s
2025-08-20 19:44:53,169:INFO:New best model found at epoch 16500 with validation loss 5.130e-02. Saving...
2025-08-20 19:45:10,391:INFO:Epoch: 16550/40000 | Train Loss: 3.912e-02 | Dynamic Loss: 3.912e-02 | Regularization Loss: 1.058e-18 | Val Loss: 5.974e-02 | Active Proj %: 33.61 | Time: 17.08s
2025-08-20 19:45:20,064:INFO:Epoch: 16600/40000 | Train Loss: 4.623e-02 | Dynamic Loss: 4.623e-02 | Regularization Loss: 1.035e-18 | Val Loss: 7.196e-02 | Active Proj %: 29.86 | Time: 9.55s
2025-08-20 19:45:29,901:INFO:Epoch: 16650/40000 | Train Loss: 2.877e-02 | Dynamic Loss: 2.877e-02 | Regularization Loss: 9.556e-19 | Val Loss: 5.142e-02 | Active Proj %: 33.52 | Time: 9.60s
2025-08-20 19:45:39,468:INFO:Epoch: 16700/40000 | Train Loss: 6.356e-02 | Dynamic Loss: 6.356e-02 | Regularization Loss: 8.762e-20 | Val Loss: 8.575e-02 | Active Proj %: 28.02 | Time: 9.45s
2025-08-20 19:45:48,951:INFO:Epoch: 16750/40000 | Train Loss: 3.369e-02 | Dynamic Loss: 3.369e-02 | Regularization Loss: 8.475e-20 | Val Loss: 5.762e-02 | Active Proj %: 33.53 | Time: 9.36s
2025-08-20 19:45:58,632:INFO:Epoch: 16800/40000 | Train Loss: 3.530e-02 | Dynamic Loss: 3.530e-02 | Regularization Loss: 7.369e-20 | Val Loss: 5.983e-02 | Active Proj %: 33.15 | Time: 9.56s
2025-08-20 19:46:08,188:INFO:Epoch: 16850/40000 | Train Loss: 4.943e-02 | Dynamic Loss: 4.943e-02 | Regularization Loss: 6.851e-20 | Val Loss: 6.821e-02 | Active Proj %: 28.08 | Time: 9.43s
2025-08-20 19:46:17,871:INFO:Epoch: 16900/40000 | Train Loss: 3.004e-02 | Dynamic Loss: 3.004e-02 | Regularization Loss: 5.909e-20 | Val Loss: 5.410e-02 | Active Proj %: 33.68 | Time: 9.56s
2025-08-20 19:46:27,292:INFO:Epoch: 16950/40000 | Train Loss: 3.989e-02 | Dynamic Loss: 3.989e-02 | Regularization Loss: 4.708e-20 | Val Loss: 6.179e-02 | Active Proj %: 32.42 | Time: 9.29s
2025-08-20 19:46:36,942:INFO:Epoch: 17000/40000 | Train Loss: 2.908e-02 | Dynamic Loss: 2.908e-02 | Regularization Loss: 4.401e-20 | Val Loss: 5.292e-02 | Active Proj %: 33.49 | Time: 9.52s
2025-08-20 19:46:46,535:INFO:Epoch: 17050/40000 | Train Loss: 1.738e-01 | Dynamic Loss: 1.738e-01 | Regularization Loss: 4.079e-20 | Val Loss: 3.277e-01 | Active Proj %: 32.64 | Time: 9.47s
2025-08-20 19:46:56,421:INFO:Epoch: 17100/40000 | Train Loss: 2.148e-01 | Dynamic Loss: 2.148e-01 | Regularization Loss: 1.777e-20 | Val Loss: 2.198e-01 | Active Proj %: 29.84 | Time: 9.64s
2025-08-20 19:47:06,038:INFO:Epoch: 17150/40000 | Train Loss: 3.460e-02 | Dynamic Loss: 3.460e-02 | Regularization Loss: 1.449e-20 | Val Loss: 6.158e-02 | Active Proj %: 32.50 | Time: 9.49s
2025-08-20 19:47:15,697:INFO:Epoch: 17200/40000 | Train Loss: 2.748e-02 | Dynamic Loss: 2.748e-02 | Regularization Loss: 1.485e-20 | Val Loss: 5.123e-02 | Active Proj %: 33.46 | Time: 9.53s
2025-08-20 19:47:15,698:INFO:New best model found at epoch 17200 with validation loss 5.123e-02. Saving...
2025-08-20 19:47:25,461:INFO:Epoch: 17250/40000 | Train Loss: 3.357e-02 | Dynamic Loss: 3.357e-02 | Regularization Loss: 1.662e-20 | Val Loss: 5.396e-02 | Active Proj %: 32.31 | Time: 9.62s
2025-08-20 19:47:34,978:INFO:Epoch: 17300/40000 | Train Loss: 2.693e-02 | Dynamic Loss: 2.693e-02 | Regularization Loss: 1.513e-20 | Val Loss: 4.990e-02 | Active Proj %: 33.45 | Time: 9.39s
2025-08-20 19:47:34,978:INFO:New best model found at epoch 17300 with validation loss 4.990e-02. Saving...
2025-08-20 19:47:44,546:INFO:Epoch: 17350/40000 | Train Loss: 2.638e-02 | Dynamic Loss: 2.638e-02 | Regularization Loss: 1.261e-20 | Val Loss: 4.921e-02 | Active Proj %: 33.44 | Time: 9.42s
2025-08-20 19:47:44,547:INFO:New best model found at epoch 17350 with validation loss 4.921e-02. Saving...
2025-08-20 19:47:54,496:INFO:Epoch: 17400/40000 | Train Loss: 3.362e-02 | Dynamic Loss: 3.362e-02 | Regularization Loss: 1.286e-20 | Val Loss: 5.636e-02 | Active Proj %: 31.41 | Time: 9.81s
2025-08-20 19:48:04,049:INFO:Epoch: 17450/40000 | Train Loss: 2.596e-02 | Dynamic Loss: 2.596e-02 | Regularization Loss: 1.043e-20 | Val Loss: 4.924e-02 | Active Proj %: 33.39 | Time: 9.43s
2025-08-20 19:48:13,901:INFO:Epoch: 17500/40000 | Train Loss: 2.990e-02 | Dynamic Loss: 2.990e-02 | Regularization Loss: 1.130e-20 | Val Loss: 4.899e-02 | Active Proj %: 30.43 | Time: 9.73s
2025-08-20 19:48:13,901:INFO:New best model found at epoch 17500 with validation loss 4.899e-02. Saving...
2025-08-20 19:48:23,645:INFO:Epoch: 17550/40000 | Train Loss: 3.547e-02 | Dynamic Loss: 3.547e-02 | Regularization Loss: 1.109e-21 | Val Loss: 9.130e-02 | Active Proj %: 32.39 | Time: 9.59s
2025-08-20 19:48:33,241:INFO:Epoch: 17600/40000 | Train Loss: 4.260e-02 | Dynamic Loss: 4.260e-02 | Regularization Loss: 1.070e-21 | Val Loss: 6.817e-02 | Active Proj %: 28.55 | Time: 9.47s
2025-08-20 19:48:42,784:INFO:Epoch: 17650/40000 | Train Loss: 2.817e-02 | Dynamic Loss: 2.817e-02 | Regularization Loss: 7.658e-22 | Val Loss: 5.231e-02 | Active Proj %: 33.44 | Time: 9.42s
2025-08-20 19:48:52,443:INFO:Epoch: 17700/40000 | Train Loss: 4.954e-02 | Dynamic Loss: 4.954e-02 | Regularization Loss: 7.379e-22 | Val Loss: 7.276e-02 | Active Proj %: 33.46 | Time: 9.53s
2025-08-20 19:49:02,019:INFO:Epoch: 17750/40000 | Train Loss: 1.794e-01 | Dynamic Loss: 1.794e-01 | Regularization Loss: 6.735e-22 | Val Loss: 1.832e-01 | Active Proj %: 32.51 | Time: 9.45s
2025-08-20 19:49:12,374:INFO:Epoch: 17800/40000 | Train Loss: 3.279e-02 | Dynamic Loss: 3.279e-02 | Regularization Loss: 4.502e-22 | Val Loss: 5.368e-02 | Active Proj %: 33.08 | Time: 10.23s
2025-08-20 19:49:22,525:INFO:Epoch: 17850/40000 | Train Loss: 6.515e-02 | Dynamic Loss: 6.515e-02 | Regularization Loss: 3.270e-22 | Val Loss: 8.547e-02 | Active Proj %: 31.57 | Time: 10.02s
2025-08-20 19:49:32,138:INFO:Epoch: 17900/40000 | Train Loss: 2.504e-02 | Dynamic Loss: 2.504e-02 | Regularization Loss: 2.979e-22 | Val Loss: 4.826e-02 | Active Proj %: 33.59 | Time: 9.49s
2025-08-20 19:49:32,138:INFO:New best model found at epoch 17900 with validation loss 4.826e-02. Saving...
2025-08-20 19:49:41,828:INFO:Epoch: 17950/40000 | Train Loss: 4.144e-01 | Dynamic Loss: 4.144e-01 | Regularization Loss: 6.883e-23 | Val Loss: 4.035e-01 | Active Proj %: 16.52 | Time: 9.55s
2025-08-20 19:49:51,497:INFO:Epoch: 18000/40000 | Train Loss: 1.067e-01 | Dynamic Loss: 1.067e-01 | Regularization Loss: 3.786e-23 | Val Loss: 1.225e-01 | Active Proj %: 27.47 | Time: 9.54s
2025-08-20 19:50:01,133:INFO:Epoch: 18050/40000 | Train Loss: 7.069e-02 | Dynamic Loss: 7.069e-02 | Regularization Loss: 2.476e-23 | Val Loss: 9.538e-02 | Active Proj %: 33.79 | Time: 9.51s
2025-08-20 19:50:10,723:INFO:Epoch: 18100/40000 | Train Loss: 5.751e-02 | Dynamic Loss: 5.751e-02 | Regularization Loss: 1.878e-23 | Val Loss: 8.079e-02 | Active Proj %: 33.59 | Time: 9.47s
2025-08-20 19:50:20,474:INFO:Epoch: 18150/40000 | Train Loss: 6.088e-02 | Dynamic Loss: 6.088e-02 | Regularization Loss: 8.641e-24 | Val Loss: 8.355e-02 | Active Proj %: 33.78 | Time: 9.62s
2025-08-20 19:50:30,512:INFO:Epoch: 18200/40000 | Train Loss: 1.679e-01 | Dynamic Loss: 1.679e-01 | Regularization Loss: 8.170e-24 | Val Loss: 2.065e-01 | Active Proj %: 26.30 | Time: 9.92s
2025-08-20 19:50:40,297:INFO:Epoch: 18250/40000 | Train Loss: 8.330e-02 | Dynamic Loss: 8.330e-02 | Regularization Loss: 3.132e-24 | Val Loss: 9.711e-02 | Active Proj %: 27.95 | Time: 9.67s
2025-08-20 19:50:51,465:INFO:Epoch: 18300/40000 | Train Loss: 5.605e-02 | Dynamic Loss: 5.605e-02 | Regularization Loss: 1.273e-24 | Val Loss: 7.949e-02 | Active Proj %: 33.91 | Time: 11.04s
2025-08-20 19:51:01,036:INFO:Epoch: 18350/40000 | Train Loss: 6.101e-02 | Dynamic Loss: 6.101e-02 | Regularization Loss: 1.158e-24 | Val Loss: 8.233e-02 | Active Proj %: 28.09 | Time: 9.44s
2025-08-20 19:51:10,704:INFO:Epoch: 18400/40000 | Train Loss: 8.995e-02 | Dynamic Loss: 8.995e-02 | Regularization Loss: 5.433e-25 | Val Loss: 1.116e-01 | Active Proj %: 30.84 | Time: 9.54s
2025-08-20 19:51:21,271:INFO:Epoch: 18450/40000 | Train Loss: 4.848e-02 | Dynamic Loss: 4.848e-02 | Regularization Loss: 3.886e-25 | Val Loss: 6.982e-02 | Active Proj %: 33.14 | Time: 10.44s
2025-08-20 19:51:31,080:INFO:Epoch: 18500/40000 | Train Loss: 4.571e-02 | Dynamic Loss: 4.571e-02 | Regularization Loss: 3.147e-25 | Val Loss: 6.752e-02 | Active Proj %: 33.50 | Time: 9.68s
2025-08-20 19:51:40,681:INFO:Epoch: 18550/40000 | Train Loss: 5.729e-02 | Dynamic Loss: 5.729e-02 | Regularization Loss: 2.140e-25 | Val Loss: 1.547e-01 | Active Proj %: 33.50 | Time: 9.48s
2025-08-20 19:51:58,328:INFO:Epoch: 18600/40000 | Train Loss: 4.420e-02 | Dynamic Loss: 4.420e-02 | Regularization Loss: 2.008e-25 | Val Loss: 6.553e-02 | Active Proj %: 33.47 | Time: 17.52s
2025-08-20 19:52:08,206:INFO:Epoch: 18650/40000 | Train Loss: 3.196e-01 | Dynamic Loss: 3.196e-01 | Regularization Loss: 1.519e-25 | Val Loss: 3.252e-01 | Active Proj %: 36.37 | Time: 9.74s
2025-08-20 19:52:17,953:INFO:Epoch: 18700/40000 | Train Loss: 4.729e-02 | Dynamic Loss: 4.729e-02 | Regularization Loss: 4.712e-26 | Val Loss: 6.984e-02 | Active Proj %: 33.67 | Time: 9.62s
2025-08-20 19:52:30,471:INFO:Epoch: 18750/40000 | Train Loss: 6.889e-02 | Dynamic Loss: 6.889e-02 | Regularization Loss: 4.093e-26 | Val Loss: 8.602e-02 | Active Proj %: 29.23 | Time: 12.40s
2025-08-20 19:52:40,114:INFO:Epoch: 18800/40000 | Train Loss: 5.624e-02 | Dynamic Loss: 5.624e-02 | Regularization Loss: 1.053e-26 | Val Loss: 7.801e-02 | Active Proj %: 33.60 | Time: 9.52s
2025-08-20 19:52:49,763:INFO:Epoch: 18850/40000 | Train Loss: 6.012e-02 | Dynamic Loss: 6.012e-02 | Regularization Loss: 9.071e-27 | Val Loss: 8.094e-02 | Active Proj %: 33.36 | Time: 9.52s
2025-08-20 19:52:59,593:INFO:Epoch: 18900/40000 | Train Loss: 4.935e-02 | Dynamic Loss: 4.935e-02 | Regularization Loss: 6.404e-27 | Val Loss: 7.124e-02 | Active Proj %: 33.12 | Time: 9.70s
2025-08-20 19:53:09,260:INFO:Epoch: 18950/40000 | Train Loss: 9.223e-02 | Dynamic Loss: 9.223e-02 | Regularization Loss: 3.127e-27 | Val Loss: 1.106e-01 | Active Proj %: 20.21 | Time: 9.54s
2025-08-20 19:53:18,863:INFO:Epoch: 19000/40000 | Train Loss: 5.376e-02 | Dynamic Loss: 5.376e-02 | Regularization Loss: 2.973e-27 | Val Loss: 3.560e-01 | Active Proj %: 29.86 | Time: 9.48s
2025-08-20 19:53:28,605:INFO:Epoch: 19050/40000 | Train Loss: 4.063e-02 | Dynamic Loss: 4.063e-02 | Regularization Loss: 2.481e-27 | Val Loss: 6.340e-02 | Active Proj %: 33.42 | Time: 9.61s
2025-08-20 19:53:38,387:INFO:Epoch: 19100/40000 | Train Loss: 3.829e-02 | Dynamic Loss: 3.829e-02 | Regularization Loss: 2.953e-27 | Val Loss: 5.905e-02 | Active Proj %: 33.38 | Time: 9.65s
2025-08-20 19:53:47,986:INFO:Epoch: 19150/40000 | Train Loss: 1.043e-01 | Dynamic Loss: 1.043e-01 | Regularization Loss: 2.760e-27 | Val Loss: 9.749e-02 | Active Proj %: 30.66 | Time: 9.47s
2025-08-20 19:53:58,100:INFO:Epoch: 19200/40000 | Train Loss: 7.245e-02 | Dynamic Loss: 7.245e-02 | Regularization Loss: 2.229e-27 | Val Loss: 6.423e-02 | Active Proj %: 28.45 | Time: 9.98s
2025-08-20 19:54:07,918:INFO:Epoch: 19250/40000 | Train Loss: 3.831e-02 | Dynamic Loss: 3.831e-02 | Regularization Loss: 2.166e-27 | Val Loss: 5.944e-02 | Active Proj %: 33.18 | Time: 9.69s
2025-08-20 19:54:17,980:INFO:Epoch: 19300/40000 | Train Loss: 6.118e-01 | Dynamic Loss: 6.118e-01 | Regularization Loss: 2.900e-29 | Val Loss: 5.614e-01 | Active Proj %: 24.19 | Time: 9.93s
2025-08-20 19:54:27,838:INFO:Epoch: 19350/40000 | Train Loss: 5.322e-02 | Dynamic Loss: 5.322e-02 | Regularization Loss: 1.604e-29 | Val Loss: 7.784e-02 | Active Proj %: 33.45 | Time: 9.73s
2025-08-20 19:54:37,638:INFO:Epoch: 19400/40000 | Train Loss: 5.140e-01 | Dynamic Loss: 5.140e-01 | Regularization Loss: 8.034e-30 | Val Loss: 6.229e-01 | Active Proj %: 38.28 | Time: 9.66s
2025-08-20 19:54:47,211:INFO:Epoch: 19450/40000 | Train Loss: 4.393e-02 | Dynamic Loss: 4.393e-02 | Regularization Loss: 4.451e-30 | Val Loss: 6.709e-02 | Active Proj %: 33.55 | Time: 9.45s
2025-08-20 19:54:57,501:INFO:Epoch: 19500/40000 | Train Loss: 4.722e-02 | Dynamic Loss: 4.722e-02 | Regularization Loss: 3.901e-30 | Val Loss: 6.665e-02 | Active Proj %: 32.19 | Time: 10.16s
2025-08-20 19:55:07,329:INFO:Epoch: 19550/40000 | Train Loss: 4.182e-02 | Dynamic Loss: 4.182e-02 | Regularization Loss: 3.637e-30 | Val Loss: 6.366e-02 | Active Proj %: 32.17 | Time: 9.69s
2025-08-20 19:55:17,121:INFO:Epoch: 19600/40000 | Train Loss: 3.924e-02 | Dynamic Loss: 3.924e-02 | Regularization Loss: 2.570e-30 | Val Loss: 6.118e-02 | Active Proj %: 33.43 | Time: 9.66s
2025-08-20 19:55:26,823:INFO:Epoch: 19650/40000 | Train Loss: 4.204e-02 | Dynamic Loss: 4.204e-02 | Regularization Loss: 2.317e-30 | Val Loss: 6.654e-02 | Active Proj %: 32.51 | Time: 9.57s
2025-08-20 19:55:37,055:INFO:Epoch: 19700/40000 | Train Loss: 5.854e-02 | Dynamic Loss: 5.854e-02 | Regularization Loss: 1.977e-30 | Val Loss: 7.152e-02 | Active Proj %: 31.25 | Time: 10.10s
2025-08-20 19:55:46,883:INFO:Epoch: 19750/40000 | Train Loss: 4.741e-02 | Dynamic Loss: 4.741e-02 | Regularization Loss: 1.909e-30 | Val Loss: 6.480e-02 | Active Proj %: 31.77 | Time: 9.70s
2025-08-20 19:55:56,491:INFO:Epoch: 19800/40000 | Train Loss: 3.897e-02 | Dynamic Loss: 3.897e-02 | Regularization Loss: 1.703e-30 | Val Loss: 5.808e-02 | Active Proj %: 32.41 | Time: 9.48s
2025-08-20 19:56:10,874:INFO:Epoch: 19850/40000 | Train Loss: 8.823e-02 | Dynamic Loss: 8.823e-02 | Regularization Loss: 1.591e-30 | Val Loss: 8.481e-02 | Active Proj %: 29.27 | Time: 14.25s
2025-08-20 19:56:20,446:INFO:Epoch: 19900/40000 | Train Loss: 5.488e-02 | Dynamic Loss: 5.488e-02 | Regularization Loss: 9.599e-31 | Val Loss: 6.434e-02 | Active Proj %: 27.09 | Time: 9.44s
2025-08-20 19:56:30,131:INFO:Epoch: 19950/40000 | Train Loss: 4.509e-02 | Dynamic Loss: 4.509e-02 | Regularization Loss: 8.165e-31 | Val Loss: 6.380e-02 | Active Proj %: 31.17 | Time: 9.56s
2025-08-20 19:56:41,917:INFO:Epoch: 20000/40000 | Train Loss: 4.329e-02 | Dynamic Loss: 4.329e-02 | Regularization Loss: 7.751e-31 | Val Loss: 5.874e-02 | Active Proj %: 30.28 | Time: 11.66s
2025-08-20 19:56:51,608:INFO:Epoch: 20050/40000 | Train Loss: 3.287e-02 | Dynamic Loss: 3.287e-02 | Regularization Loss: 6.853e-31 | Val Loss: 5.394e-02 | Active Proj %: 32.92 | Time: 9.56s
2025-08-20 19:57:01,275:INFO:Epoch: 20100/40000 | Train Loss: 3.371e-02 | Dynamic Loss: 3.371e-02 | Regularization Loss: 3.800e-31 | Val Loss: 5.621e-02 | Active Proj %: 33.52 | Time: 9.53s
2025-08-20 19:57:10,958:INFO:Epoch: 20150/40000 | Train Loss: 2.414e-01 | Dynamic Loss: 2.414e-01 | Regularization Loss: 2.981e-31 | Val Loss: 2.769e-01 | Active Proj %: 36.55 | Time: 9.55s
2025-08-20 19:57:20,622:INFO:Epoch: 20200/40000 | Train Loss: 3.349e-02 | Dynamic Loss: 3.349e-02 | Regularization Loss: 1.778e-31 | Val Loss: 5.564e-02 | Active Proj %: 33.51 | Time: 9.53s
2025-08-20 19:57:30,158:INFO:Epoch: 20250/40000 | Train Loss: 3.252e-02 | Dynamic Loss: 3.252e-02 | Regularization Loss: 1.485e-31 | Val Loss: 5.409e-02 | Active Proj %: 33.54 | Time: 9.41s
2025-08-20 19:57:44,230:INFO:Epoch: 20300/40000 | Train Loss: 1.436e+00 | Dynamic Loss: 1.436e+00 | Regularization Loss: 1.499e-31 | Val Loss: 1.694e+00 | Active Proj %: 64.68 | Time: 13.94s
2025-08-20 19:57:53,807:INFO:Epoch: 20350/40000 | Train Loss: 2.870e-01 | Dynamic Loss: 2.870e-01 | Regularization Loss: 2.205e-32 | Val Loss: 3.045e-01 | Active Proj %: 15.87 | Time: 9.45s
2025-08-20 19:58:03,473:INFO:Epoch: 20400/40000 | Train Loss: 4.307e-02 | Dynamic Loss: 4.307e-02 | Regularization Loss: 1.725e-32 | Val Loss: 6.680e-02 | Active Proj %: 33.75 | Time: 9.55s
2025-08-20 19:58:12,949:INFO:Epoch: 20450/40000 | Train Loss: 1.484e-01 | Dynamic Loss: 1.484e-01 | Regularization Loss: 1.017e-32 | Val Loss: 1.588e-01 | Active Proj %: 23.38 | Time: 9.35s
2025-08-20 19:58:22,455:INFO:Epoch: 20500/40000 | Train Loss: 3.599e-02 | Dynamic Loss: 3.599e-02 | Regularization Loss: 8.960e-33 | Val Loss: 5.918e-02 | Active Proj %: 33.48 | Time: 9.39s
2025-08-20 19:58:32,288:INFO:Epoch: 20550/40000 | Train Loss: 3.305e-02 | Dynamic Loss: 3.305e-02 | Regularization Loss: 7.788e-33 | Val Loss: 5.587e-02 | Active Proj %: 33.21 | Time: 9.72s
2025-08-20 19:58:41,862:INFO:Epoch: 20600/40000 | Train Loss: 3.249e-02 | Dynamic Loss: 3.249e-02 | Regularization Loss: 5.541e-33 | Val Loss: 5.559e-02 | Active Proj %: 33.29 | Time: 9.46s
2025-08-20 19:58:51,378:INFO:Epoch: 20650/40000 | Train Loss: 1.943e-01 | Dynamic Loss: 1.943e-01 | Regularization Loss: 3.052e-33 | Val Loss: 1.879e-01 | Active Proj %: 28.10 | Time: 9.41s
2025-08-20 19:59:01,026:INFO:Epoch: 20700/40000 | Train Loss: 3.073e-02 | Dynamic Loss: 3.073e-02 | Regularization Loss: 2.375e-33 | Val Loss: 5.368e-02 | Active Proj %: 33.51 | Time: 9.54s
2025-08-20 19:59:10,583:INFO:Epoch: 20750/40000 | Train Loss: 7.020e-02 | Dynamic Loss: 7.020e-02 | Regularization Loss: 1.272e-33 | Val Loss: 9.260e-02 | Active Proj %: 23.54 | Time: 9.44s
2025-08-20 19:59:20,276:INFO:Epoch: 20800/40000 | Train Loss: 3.484e-02 | Dynamic Loss: 3.484e-02 | Regularization Loss: 6.574e-34 | Val Loss: 5.880e-02 | Active Proj %: 34.12 | Time: 9.58s
2025-08-20 19:59:30,093:INFO:Epoch: 20850/40000 | Train Loss: 3.112e-02 | Dynamic Loss: 3.112e-02 | Regularization Loss: 6.332e-34 | Val Loss: 6.834e-02 | Active Proj %: 33.67 | Time: 9.70s
2025-08-20 19:59:40,067:INFO:Epoch: 20900/40000 | Train Loss: 3.445e-02 | Dynamic Loss: 3.445e-02 | Regularization Loss: 2.319e-34 | Val Loss: 5.844e-02 | Active Proj %: 34.17 | Time: 9.86s
2025-08-20 19:59:49,942:INFO:Epoch: 20950/40000 | Train Loss: 3.043e-02 | Dynamic Loss: 3.043e-02 | Regularization Loss: 1.516e-34 | Val Loss: 5.395e-02 | Active Proj %: 34.09 | Time: 9.72s
2025-08-20 19:59:59,574:INFO:Epoch: 21000/40000 | Train Loss: 4.577e-02 | Dynamic Loss: 4.577e-02 | Regularization Loss: 4.320e-35 | Val Loss: 7.027e-02 | Active Proj %: 32.15 | Time: 9.52s
2025-08-20 20:00:09,117:INFO:Epoch: 21050/40000 | Train Loss: 2.938e-02 | Dynamic Loss: 2.938e-02 | Regularization Loss: 4.153e-35 | Val Loss: 5.263e-02 | Active Proj %: 33.99 | Time: 9.43s
2025-08-20 20:00:18,559:INFO:Epoch: 21100/40000 | Train Loss: 4.733e-02 | Dynamic Loss: 4.733e-02 | Regularization Loss: 3.991e-35 | Val Loss: 4.324e-01 | Active Proj %: 29.70 | Time: 9.33s
2025-08-20 20:00:28,342:INFO:Epoch: 21150/40000 | Train Loss: 2.881e-02 | Dynamic Loss: 2.881e-02 | Regularization Loss: 2.767e-35 | Val Loss: 5.180e-02 | Active Proj %: 34.15 | Time: 9.67s
2025-08-20 20:00:37,932:INFO:Epoch: 21200/40000 | Train Loss: 2.744e-02 | Dynamic Loss: 2.744e-02 | Regularization Loss: 2.749e-35 | Val Loss: 4.962e-02 | Active Proj %: 33.81 | Time: 9.48s
2025-08-20 20:00:47,607:INFO:Epoch: 21250/40000 | Train Loss: 1.894e-01 | Dynamic Loss: 1.894e-01 | Regularization Loss: 8.708e-36 | Val Loss: 2.522e-01 | Active Proj %: 25.68 | Time: 9.56s
2025-08-20 20:00:57,189:INFO:Epoch: 21300/40000 | Train Loss: 3.474e-02 | Dynamic Loss: 3.474e-02 | Regularization Loss: 3.444e-36 | Val Loss: 5.882e-02 | Active Proj %: 33.71 | Time: 9.46s
2025-08-20 20:01:06,782:INFO:Epoch: 21350/40000 | Train Loss: 4.248e-02 | Dynamic Loss: 4.248e-02 | Regularization Loss: 3.523e-36 | Val Loss: 6.746e-02 | Active Proj %: 29.16 | Time: 9.48s
2025-08-20 20:01:16,357:INFO:Epoch: 21400/40000 | Train Loss: 1.462e-01 | Dynamic Loss: 1.462e-01 | Regularization Loss: 3.501e-36 | Val Loss: 1.571e-01 | Active Proj %: 26.62 | Time: 9.47s
2025-08-20 20:01:25,893:INFO:Epoch: 21450/40000 | Train Loss: 5.120e-02 | Dynamic Loss: 5.120e-02 | Regularization Loss: 1.856e-36 | Val Loss: 7.663e-02 | Active Proj %: 30.26 | Time: 9.42s
2025-08-20 20:01:35,743:INFO:Epoch: 21500/40000 | Train Loss: 2.826e-02 | Dynamic Loss: 2.826e-02 | Regularization Loss: 1.766e-36 | Val Loss: 5.219e-02 | Active Proj %: 33.13 | Time: 9.73s
2025-08-20 20:01:45,388:INFO:Epoch: 21550/40000 | Train Loss: 2.745e-02 | Dynamic Loss: 2.745e-02 | Regularization Loss: 1.771e-36 | Val Loss: 4.987e-02 | Active Proj %: 33.31 | Time: 9.53s
2025-08-20 20:01:55,031:INFO:Epoch: 21600/40000 | Train Loss: 9.305e-02 | Dynamic Loss: 9.305e-02 | Regularization Loss: 9.971e-37 | Val Loss: 9.682e-02 | Active Proj %: 22.95 | Time: 9.53s
2025-08-20 20:02:06,572:INFO:Epoch: 21650/40000 | Train Loss: 6.768e-02 | Dynamic Loss: 6.768e-02 | Regularization Loss: 2.309e-37 | Val Loss: 9.334e-02 | Active Proj %: 33.04 | Time: 11.43s
2025-08-20 20:02:16,171:INFO:Epoch: 21700/40000 | Train Loss: 3.546e-02 | Dynamic Loss: 3.546e-02 | Regularization Loss: 1.049e-37 | Val Loss: 5.981e-02 | Active Proj %: 34.81 | Time: 9.47s
2025-08-20 20:02:25,896:INFO:Epoch: 21750/40000 | Train Loss: 2.614e-02 | Dynamic Loss: 2.614e-02 | Regularization Loss: 1.065e-37 | Val Loss: 5.008e-02 | Active Proj %: 33.76 | Time: 9.58s
2025-08-20 20:02:42,401:INFO:Epoch: 21800/40000 | Train Loss: 2.844e-02 | Dynamic Loss: 2.844e-02 | Regularization Loss: 1.151e-37 | Val Loss: 5.259e-02 | Active Proj %: 32.74 | Time: 16.39s
2025-08-20 20:02:51,923:INFO:Epoch: 21850/40000 | Train Loss: 8.787e-02 | Dynamic Loss: 8.787e-02 | Regularization Loss: 1.136e-37 | Val Loss: 1.171e-01 | Active Proj %: 35.78 | Time: 9.41s
2025-08-20 20:03:01,559:INFO:Epoch: 21900/40000 | Train Loss: 2.603e-02 | Dynamic Loss: 2.603e-02 | Regularization Loss: 1.079e-37 | Val Loss: 4.723e-02 | Active Proj %: 32.87 | Time: 9.53s
2025-08-20 20:03:01,559:INFO:New best model found at epoch 21900 with validation loss 4.723e-02. Saving...
2025-08-20 20:03:11,166:INFO:Epoch: 21950/40000 | Train Loss: 3.282e-02 | Dynamic Loss: 3.282e-02 | Regularization Loss: 2.077e-38 | Val Loss: 5.480e-02 | Active Proj %: 32.68 | Time: 9.47s
2025-08-20 20:03:20,688:INFO:Epoch: 22000/40000 | Train Loss: 3.199e-02 | Dynamic Loss: 3.199e-02 | Regularization Loss: 1.477e-38 | Val Loss: 5.408e-02 | Active Proj %: 33.79 | Time: 9.40s
2025-08-20 20:03:30,388:INFO:Epoch: 22050/40000 | Train Loss: 2.510e-02 | Dynamic Loss: 2.510e-02 | Regularization Loss: 1.292e-38 | Val Loss: 4.754e-02 | Active Proj %: 33.91 | Time: 9.57s
2025-08-20 20:03:40,132:INFO:Epoch: 22100/40000 | Train Loss: 4.215e-02 | Dynamic Loss: 4.215e-02 | Regularization Loss: 1.356e-38 | Val Loss: 6.380e-02 | Active Proj %: 34.00 | Time: 9.63s
2025-08-20 20:03:49,821:INFO:Epoch: 22150/40000 | Train Loss: 1.456e-01 | Dynamic Loss: 1.456e-01 | Regularization Loss: 6.384e-39 | Val Loss: 1.594e-01 | Active Proj %: 35.15 | Time: 9.57s
2025-08-20 20:03:59,613:INFO:Epoch: 22200/40000 | Train Loss: 2.778e-02 | Dynamic Loss: 2.778e-02 | Regularization Loss: 4.546e-39 | Val Loss: 5.234e-02 | Active Proj %: 33.61 | Time: 9.68s
2025-08-20 20:04:09,440:INFO:Epoch: 22250/40000 | Train Loss: 3.629e-02 | Dynamic Loss: 3.629e-02 | Regularization Loss: 4.209e-40 | Val Loss: 6.229e-02 | Active Proj %: 34.13 | Time: 9.71s
2025-08-20 20:04:19,011:INFO:Epoch: 22300/40000 | Train Loss: 2.638e-02 | Dynamic Loss: 2.638e-02 | Regularization Loss: 4.058e-40 | Val Loss: 5.080e-02 | Active Proj %: 34.24 | Time: 9.46s
2025-08-20 20:04:28,592:INFO:Epoch: 22350/40000 | Train Loss: 4.141e-02 | Dynamic Loss: 4.141e-02 | Regularization Loss: 1.375e-40 | Val Loss: 6.627e-02 | Active Proj %: 34.13 | Time: 9.47s
2025-08-20 20:04:38,232:INFO:Epoch: 22400/40000 | Train Loss: 2.353e-02 | Dynamic Loss: 2.353e-02 | Regularization Loss: 1.303e-40 | Val Loss: 4.860e-02 | Active Proj %: 34.12 | Time: 9.52s
2025-08-20 20:04:48,346:INFO:Epoch: 22450/40000 | Train Loss: 2.798e-01 | Dynamic Loss: 2.798e-01 | Regularization Loss: 9.180e-42 | Val Loss: 2.888e-01 | Active Proj %: 23.77 | Time: 10.00s
2025-08-20 20:04:58,392:INFO:Epoch: 22500/40000 | Train Loss: 2.916e-02 | Dynamic Loss: 2.916e-02 | Regularization Loss: 4.466e-42 | Val Loss: 5.534e-02 | Active Proj %: 34.72 | Time: 9.94s
2025-08-20 20:05:08,269:INFO:Epoch: 22550/40000 | Train Loss: 2.509e-02 | Dynamic Loss: 2.509e-02 | Regularization Loss: 4.047e-42 | Val Loss: 4.996e-02 | Active Proj %: 34.53 | Time: 9.76s
2025-08-20 20:05:26,386:INFO:Epoch: 22600/40000 | Train Loss: 3.644e-02 | Dynamic Loss: 3.644e-02 | Regularization Loss: 2.477e-42 | Val Loss: 5.633e-02 | Active Proj %: 33.33 | Time: 18.00s
2025-08-20 20:05:36,199:INFO:Epoch: 22650/40000 | Train Loss: 2.847e-02 | Dynamic Loss: 2.847e-02 | Regularization Loss: 2.372e-42 | Val Loss: 4.969e-02 | Active Proj %: 33.72 | Time: 9.70s
2025-08-20 20:05:45,960:INFO:Epoch: 22700/40000 | Train Loss: 5.253e-02 | Dynamic Loss: 5.253e-02 | Regularization Loss: 1.243e-42 | Val Loss: 7.330e-02 | Active Proj %: 32.42 | Time: 9.65s
2025-08-20 20:05:56,002:INFO:Epoch: 22750/40000 | Train Loss: 4.314e-02 | Dynamic Loss: 4.314e-02 | Regularization Loss: 7.287e-43 | Val Loss: 6.228e-02 | Active Proj %: 34.57 | Time: 9.93s
2025-08-20 20:06:05,577:INFO:Epoch: 22800/40000 | Train Loss: 5.430e-02 | Dynamic Loss: 5.430e-02 | Regularization Loss: 5.820e-43 | Val Loss: 9.187e-02 | Active Proj %: 30.05 | Time: 9.46s
2025-08-20 20:06:15,194:INFO:Epoch: 22850/40000 | Train Loss: 2.171e-02 | Dynamic Loss: 2.171e-02 | Regularization Loss: 4.003e-43 | Val Loss: 4.558e-02 | Active Proj %: 34.75 | Time: 9.51s
2025-08-20 20:06:15,194:INFO:New best model found at epoch 22850 with validation loss 4.558e-02. Saving...
2025-08-20 20:06:24,815:INFO:Epoch: 22900/40000 | Train Loss: 1.605e-01 | Dynamic Loss: 1.605e-01 | Regularization Loss: 1.261e-43 | Val Loss: 1.581e-01 | Active Proj %: 21.20 | Time: 9.49s
2025-08-20 20:06:34,454:INFO:Epoch: 22950/40000 | Train Loss: 3.106e-02 | Dynamic Loss: 3.106e-02 | Regularization Loss: 1.822e-44 | Val Loss: 5.843e-02 | Active Proj %: 34.78 | Time: 9.52s
2025-08-20 20:06:44,075:INFO:Epoch: 23000/40000 | Train Loss: 2.386e-02 | Dynamic Loss: 2.386e-02 | Regularization Loss: 1.962e-44 | Val Loss: 5.019e-02 | Active Proj %: 35.18 | Time: 9.51s
2025-08-20 20:06:53,693:INFO:Epoch: 23050/40000 | Train Loss: 3.298e-02 | Dynamic Loss: 3.298e-02 | Regularization Loss: 1.682e-44 | Val Loss: 5.671e-02 | Active Proj %: 34.51 | Time: 9.51s
2025-08-20 20:07:09,577:INFO:Epoch: 23100/40000 | Train Loss: 1.082e-01 | Dynamic Loss: 1.082e-01 | Regularization Loss: 1.261e-44 | Val Loss: 2.013e-01 | Active Proj %: 27.71 | Time: 15.76s
2025-08-20 20:07:19,195:INFO:Epoch: 23150/40000 | Train Loss: 5.576e-02 | Dynamic Loss: 5.576e-02 | Regularization Loss: 1.401e-45 | Val Loss: 8.502e-02 | Active Proj %: 35.75 | Time: 9.50s
2025-08-20 20:07:28,707:INFO:Epoch: 23200/40000 | Train Loss: 4.431e-02 | Dynamic Loss: 4.431e-02 | Regularization Loss: 0.000e+00 | Val Loss: 8.481e-02 | Active Proj %: 37.38 | Time: 9.40s
2025-08-20 20:07:42,601:INFO:Epoch: 23250/40000 | Train Loss: 5.836e-02 | Dynamic Loss: 5.836e-02 | Regularization Loss: 0.000e+00 | Val Loss: 8.058e-02 | Active Proj %: 28.97 | Time: 13.78s
2025-08-20 20:07:52,352:INFO:Epoch: 23300/40000 | Train Loss: 9.609e-02 | Dynamic Loss: 9.609e-02 | Regularization Loss: 0.000e+00 | Val Loss: 1.062e-01 | Active Proj %: 32.70 | Time: 9.63s
2025-08-20 20:08:01,961:INFO:Epoch: 23350/40000 | Train Loss: 2.182e-02 | Dynamic Loss: 2.182e-02 | Regularization Loss: 0.000e+00 | Val Loss: 4.829e-02 | Active Proj %: 36.19 | Time: 9.49s
2025-08-20 20:08:11,720:INFO:Epoch: 23400/40000 | Train Loss: 6.248e-02 | Dynamic Loss: 6.248e-02 | Regularization Loss: 0.000e+00 | Val Loss: 9.330e-02 | Active Proj %: 41.54 | Time: 9.65s
2025-08-20 20:08:21,286:INFO:Epoch: 23450/40000 | Train Loss: 2.575e-02 | Dynamic Loss: 2.575e-02 | Regularization Loss: 0.000e+00 | Val Loss: 5.263e-02 | Active Proj %: 36.76 | Time: 9.46s
2025-08-20 20:08:31,043:INFO:Epoch: 23500/40000 | Train Loss: 2.931e-02 | Dynamic Loss: 2.931e-02 | Regularization Loss: 0.000e+00 | Val Loss: 5.299e-02 | Active Proj %: 34.30 | Time: 9.64s
2025-08-20 20:08:40,837:INFO:Epoch: 23550/40000 | Train Loss: 1.499e-01 | Dynamic Loss: 1.499e-01 | Regularization Loss: 0.000e+00 | Val Loss: 1.511e-01 | Active Proj %: 15.85 | Time: 9.68s
2025-08-20 20:08:50,419:INFO:Epoch: 23600/40000 | Train Loss: 2.290e-02 | Dynamic Loss: 2.290e-02 | Regularization Loss: 0.000e+00 | Val Loss: 4.962e-02 | Active Proj %: 37.29 | Time: 9.47s
2025-08-20 20:08:59,981:INFO:Epoch: 23650/40000 | Train Loss: 3.004e-02 | Dynamic Loss: 3.004e-02 | Regularization Loss: 0.000e+00 | Val Loss: 5.327e-02 | Active Proj %: 36.48 | Time: 9.45s
2025-08-20 20:09:09,613:INFO:Epoch: 23700/40000 | Train Loss: 1.552e-01 | Dynamic Loss: 1.552e-01 | Regularization Loss: 0.000e+00 | Val Loss: 1.833e-01 | Active Proj %: 50.88 | Time: 9.52s
2025-08-20 20:09:22,876:INFO:Epoch: 23750/40000 | Train Loss: 2.437e-02 | Dynamic Loss: 2.437e-02 | Regularization Loss: 0.000e+00 | Val Loss: 4.918e-02 | Active Proj %: 39.02 | Time: 13.15s
2025-08-20 20:09:32,513:INFO:Epoch: 23800/40000 | Train Loss: 5.731e-02 | Dynamic Loss: 5.731e-02 | Regularization Loss: 0.000e+00 | Val Loss: 8.331e-02 | Active Proj %: 36.00 | Time: 9.52s
2025-08-20 20:09:42,368:INFO:Epoch: 23850/40000 | Train Loss: 2.510e-02 | Dynamic Loss: 2.510e-02 | Regularization Loss: 0.000e+00 | Val Loss: 4.990e-02 | Active Proj %: 43.04 | Time: 9.57s
2025-08-20 20:09:52,211:INFO:Epoch: 23900/40000 | Train Loss: 6.128e-02 | Dynamic Loss: 6.128e-02 | Regularization Loss: 0.000e+00 | Val Loss: 6.745e-02 | Active Proj %: 36.62 | Time: 9.72s
2025-08-20 20:10:01,821:INFO:Epoch: 23950/40000 | Train Loss: 1.962e-02 | Dynamic Loss: 1.962e-02 | Regularization Loss: 0.000e+00 | Val Loss: 4.458e-02 | Active Proj %: 40.59 | Time: 9.49s
2025-08-20 20:10:01,821:INFO:New best model found at epoch 23950 with validation loss 4.458e-02. Saving...
2025-08-20 20:10:11,623:INFO:Epoch: 24000/40000 | Train Loss: 2.202e-02 | Dynamic Loss: 2.202e-02 | Regularization Loss: 0.000e+00 | Val Loss: 4.802e-02 | Active Proj %: 40.65 | Time: 9.52s
2025-08-20 20:10:21,134:INFO:Epoch: 24050/40000 | Train Loss: 6.231e-01 | Dynamic Loss: 6.231e-01 | Regularization Loss: 0.000e+00 | Val Loss: 7.578e-01 | Active Proj %: 80.52 | Time: 9.39s
2025-08-20 20:10:30,853:INFO:Epoch: 24100/40000 | Train Loss: 7.210e-02 | Dynamic Loss: 7.210e-02 | Regularization Loss: 0.000e+00 | Val Loss: 9.403e-02 | Active Proj %: 35.50 | Time: 9.60s
2025-08-20 20:10:40,436:INFO:Epoch: 24150/40000 | Train Loss: 2.812e-02 | Dynamic Loss: 2.812e-02 | Regularization Loss: 0.000e+00 | Val Loss: 5.669e-02 | Active Proj %: 46.88 | Time: 9.46s
2025-08-20 20:10:54,471:INFO:Epoch: 24200/40000 | Train Loss: 2.560e-02 | Dynamic Loss: 2.560e-02 | Regularization Loss: 0.000e+00 | Val Loss: 5.351e-02 | Active Proj %: 42.66 | Time: 13.91s
2025-08-20 20:11:04,028:INFO:Epoch: 24250/40000 | Train Loss: 3.543e-02 | Dynamic Loss: 3.543e-02 | Regularization Loss: 0.000e+00 | Val Loss: 5.954e-02 | Active Proj %: 40.40 | Time: 9.43s
2025-08-20 20:11:13,678:INFO:Epoch: 24300/40000 | Train Loss: 2.484e-02 | Dynamic Loss: 2.484e-02 | Regularization Loss: 0.000e+00 | Val Loss: 5.044e-02 | Active Proj %: 46.18 | Time: 9.52s
2025-08-20 20:11:23,547:INFO:Epoch: 24350/40000 | Train Loss: 2.455e-02 | Dynamic Loss: 2.455e-02 | Regularization Loss: 0.000e+00 | Val Loss: 5.047e-02 | Active Proj %: 42.89 | Time: 9.74s
2025-08-20 20:11:33,262:INFO:Epoch: 24400/40000 | Train Loss: 3.878e-02 | Dynamic Loss: 3.878e-02 | Regularization Loss: 0.000e+00 | Val Loss: 6.122e-02 | Active Proj %: 35.17 | Time: 9.59s
2025-08-20 20:11:43,214:INFO:Epoch: 24450/40000 | Train Loss: 2.175e-02 | Dynamic Loss: 2.175e-02 | Regularization Loss: 0.000e+00 | Val Loss: 4.836e-02 | Active Proj %: 48.75 | Time: 9.83s
2025-08-20 20:11:53,367:INFO:Epoch: 24500/40000 | Train Loss: 4.142e-02 | Dynamic Loss: 4.142e-02 | Regularization Loss: 0.000e+00 | Val Loss: 6.731e-02 | Active Proj %: 39.35 | Time: 10.03s
2025-08-20 20:12:02,933:INFO:Epoch: 24550/40000 | Train Loss: 2.637e-02 | Dynamic Loss: 2.637e-02 | Regularization Loss: 0.000e+00 | Val Loss: 5.238e-02 | Active Proj %: 57.72 | Time: 9.45s
2025-08-20 20:12:12,817:INFO:Epoch: 24600/40000 | Train Loss: 2.208e-02 | Dynamic Loss: 2.208e-02 | Regularization Loss: 0.000e+00 | Val Loss: 4.696e-02 | Active Proj %: 56.76 | Time: 9.76s
2025-08-20 20:12:22,403:INFO:Epoch: 24650/40000 | Train Loss: 4.084e-02 | Dynamic Loss: 4.084e-02 | Regularization Loss: 0.000e+00 | Val Loss: 6.281e-02 | Active Proj %: 44.61 | Time: 9.46s
2025-08-20 20:12:31,963:INFO:Epoch: 24700/40000 | Train Loss: 7.829e-02 | Dynamic Loss: 7.829e-02 | Regularization Loss: 0.000e+00 | Val Loss: 1.109e-01 | Active Proj %: 58.21 | Time: 9.43s
2025-08-20 20:12:41,640:INFO:Epoch: 24750/40000 | Train Loss: 2.138e-02 | Dynamic Loss: 2.138e-02 | Regularization Loss: 0.000e+00 | Val Loss: 4.944e-02 | Active Proj %: 58.46 | Time: 9.55s
2025-08-20 20:12:51,317:INFO:Epoch: 24800/40000 | Train Loss: 2.098e-02 | Dynamic Loss: 2.098e-02 | Regularization Loss: 0.000e+00 | Val Loss: 4.791e-02 | Active Proj %: 57.97 | Time: 9.55s
2025-08-20 20:13:01,393:INFO:Epoch: 24850/40000 | Train Loss: 1.029e-01 | Dynamic Loss: 1.029e-01 | Regularization Loss: 0.000e+00 | Val Loss: 1.357e-01 | Active Proj %: 44.59 | Time: 9.95s
2025-08-20 20:13:11,202:INFO:Epoch: 24900/40000 | Train Loss: 2.779e-02 | Dynamic Loss: 2.779e-02 | Regularization Loss: 0.000e+00 | Val Loss: 5.393e-02 | Active Proj %: 51.51 | Time: 9.68s
2025-08-20 20:13:20,845:INFO:Epoch: 24950/40000 | Train Loss: 3.690e-02 | Dynamic Loss: 3.690e-02 | Regularization Loss: 0.000e+00 | Val Loss: 6.696e-02 | Active Proj %: 58.68 | Time: 9.52s
2025-08-20 20:13:30,620:INFO:Epoch: 25000/40000 | Train Loss: 2.310e-01 | Dynamic Loss: 2.310e-01 | Regularization Loss: 0.000e+00 | Val Loss: 2.124e-01 | Active Proj %: 47.74 | Time: 9.65s
2025-08-20 20:13:40,645:INFO:Epoch: 25050/40000 | Train Loss: 6.389e-02 | Dynamic Loss: 6.389e-02 | Regularization Loss: 0.000e+00 | Val Loss: 8.675e-02 | Active Proj %: 52.29 | Time: 9.90s
2025-08-20 20:13:50,251:INFO:Epoch: 25100/40000 | Train Loss: 2.152e-02 | Dynamic Loss: 2.152e-02 | Regularization Loss: 0.000e+00 | Val Loss: 5.051e-02 | Active Proj %: 62.91 | Time: 9.48s
2025-08-20 20:13:59,963:INFO:Epoch: 25150/40000 | Train Loss: 5.390e-02 | Dynamic Loss: 5.390e-02 | Regularization Loss: 0.000e+00 | Val Loss: 8.688e-02 | Active Proj %: 59.22 | Time: 9.59s
2025-08-20 20:14:10,151:INFO:Epoch: 25200/40000 | Train Loss: 3.708e-02 | Dynamic Loss: 3.708e-02 | Regularization Loss: 0.000e+00 | Val Loss: 6.202e-02 | Active Proj %: 61.42 | Time: 10.06s
2025-08-20 20:14:19,718:INFO:Epoch: 25250/40000 | Train Loss: 3.185e-02 | Dynamic Loss: 3.185e-02 | Regularization Loss: 0.000e+00 | Val Loss: 5.664e-02 | Active Proj %: 56.86 | Time: 9.44s
2025-08-20 20:14:29,256:INFO:Epoch: 25300/40000 | Train Loss: 6.276e-02 | Dynamic Loss: 6.276e-02 | Regularization Loss: 0.000e+00 | Val Loss: 7.972e-02 | Active Proj %: 51.01 | Time: 9.41s
2025-08-20 20:14:38,813:INFO:Epoch: 25350/40000 | Train Loss: 5.600e-02 | Dynamic Loss: 5.600e-02 | Regularization Loss: 0.000e+00 | Val Loss: 7.939e-02 | Active Proj %: 63.09 | Time: 9.43s
2025-08-20 20:14:48,475:INFO:Epoch: 25400/40000 | Train Loss: 4.130e-02 | Dynamic Loss: 4.130e-02 | Regularization Loss: 0.000e+00 | Val Loss: 6.169e-02 | Active Proj %: 69.44 | Time: 9.54s
2025-08-20 20:14:58,221:INFO:Epoch: 25450/40000 | Train Loss: 4.738e-02 | Dynamic Loss: 4.738e-02 | Regularization Loss: 0.000e+00 | Val Loss: 5.774e-02 | Active Proj %: 67.28 | Time: 9.62s
2025-08-20 20:15:07,742:INFO:Epoch: 25500/40000 | Train Loss: 3.790e-02 | Dynamic Loss: 3.790e-02 | Regularization Loss: 0.000e+00 | Val Loss: 7.745e-02 | Active Proj %: 63.37 | Time: 9.40s
2025-08-20 20:15:17,317:INFO:Epoch: 25550/40000 | Train Loss: 3.565e-02 | Dynamic Loss: 3.565e-02 | Regularization Loss: 0.000e+00 | Val Loss: 6.040e-02 | Active Proj %: 68.98 | Time: 9.44s
2025-08-20 20:15:26,744:INFO:Epoch: 25600/40000 | Train Loss: 8.061e-02 | Dynamic Loss: 8.061e-02 | Regularization Loss: 0.000e+00 | Val Loss: 1.062e-01 | Active Proj %: 71.26 | Time: 9.30s
2025-08-20 20:15:36,463:INFO:Epoch: 25650/40000 | Train Loss: 5.984e-02 | Dynamic Loss: 5.984e-02 | Regularization Loss: 0.000e+00 | Val Loss: 9.267e-02 | Active Proj %: 66.71 | Time: 9.59s
2025-08-20 20:15:46,000:INFO:Epoch: 25700/40000 | Train Loss: 2.117e-02 | Dynamic Loss: 2.117e-02 | Regularization Loss: 0.000e+00 | Val Loss: 4.724e-02 | Active Proj %: 68.00 | Time: 9.42s
2025-08-20 20:15:55,529:INFO:Epoch: 25750/40000 | Train Loss: 2.388e-02 | Dynamic Loss: 2.388e-02 | Regularization Loss: 0.000e+00 | Val Loss: 5.353e-02 | Active Proj %: 65.51 | Time: 9.41s
2025-08-20 20:16:05,357:INFO:Epoch: 25800/40000 | Train Loss: 4.938e-02 | Dynamic Loss: 4.938e-02 | Regularization Loss: 0.000e+00 | Val Loss: 7.871e-02 | Active Proj %: 58.46 | Time: 9.71s
2025-08-20 20:16:15,012:INFO:Epoch: 25850/40000 | Train Loss: 7.388e-02 | Dynamic Loss: 7.388e-02 | Regularization Loss: 0.000e+00 | Val Loss: 9.376e-02 | Active Proj %: 71.61 | Time: 9.53s
2025-08-20 20:16:24,584:INFO:Epoch: 25900/40000 | Train Loss: 2.239e-02 | Dynamic Loss: 2.239e-02 | Regularization Loss: 0.000e+00 | Val Loss: 5.035e-02 | Active Proj %: 69.42 | Time: 9.44s
2025-08-20 20:16:34,049:INFO:Epoch: 25950/40000 | Train Loss: 2.453e-02 | Dynamic Loss: 2.453e-02 | Regularization Loss: 0.000e+00 | Val Loss: 5.246e-02 | Active Proj %: 73.79 | Time: 9.35s
2025-08-20 20:16:50,642:INFO:Epoch: 26000/40000 | Train Loss: 2.094e-02 | Dynamic Loss: 2.094e-02 | Regularization Loss: 0.000e+00 | Val Loss: 5.401e-02 | Active Proj %: 64.41 | Time: 16.47s
2025-08-20 20:17:00,228:INFO:Epoch: 26050/40000 | Train Loss: 2.441e-02 | Dynamic Loss: 2.441e-02 | Regularization Loss: 0.000e+00 | Val Loss: 4.739e-02 | Active Proj %: 67.38 | Time: 9.47s
2025-08-20 20:17:09,788:INFO:Epoch: 26100/40000 | Train Loss: 2.120e-02 | Dynamic Loss: 2.120e-02 | Regularization Loss: 0.000e+00 | Val Loss: 5.358e-02 | Active Proj %: 69.20 | Time: 9.44s
2025-08-20 20:17:19,542:INFO:Epoch: 26150/40000 | Train Loss: 3.311e-02 | Dynamic Loss: 3.311e-02 | Regularization Loss: 0.000e+00 | Val Loss: 5.487e-02 | Active Proj %: 66.51 | Time: 9.63s
2025-08-20 20:17:29,085:INFO:Epoch: 26200/40000 | Train Loss: 4.018e-02 | Dynamic Loss: 4.018e-02 | Regularization Loss: 0.000e+00 | Val Loss: 7.593e-02 | Active Proj %: 66.04 | Time: 9.43s
2025-08-20 20:17:38,467:INFO:Epoch: 26250/40000 | Train Loss: 1.867e-02 | Dynamic Loss: 1.867e-02 | Regularization Loss: 0.000e+00 | Val Loss: 4.433e-02 | Active Proj %: 70.70 | Time: 9.26s
2025-08-20 20:17:38,467:INFO:New best model found at epoch 26250 with validation loss 4.433e-02. Saving...
2025-08-20 20:17:48,012:INFO:Epoch: 26300/40000 | Train Loss: 2.664e-02 | Dynamic Loss: 2.664e-02 | Regularization Loss: 0.000e+00 | Val Loss: 4.930e-02 | Active Proj %: 70.01 | Time: 9.40s
2025-08-20 20:17:57,593:INFO:Epoch: 26350/40000 | Train Loss: 1.840e-02 | Dynamic Loss: 1.840e-02 | Regularization Loss: 0.000e+00 | Val Loss: 5.067e-02 | Active Proj %: 69.35 | Time: 9.46s
2025-08-20 20:18:07,160:INFO:Epoch: 26400/40000 | Train Loss: 2.276e-02 | Dynamic Loss: 2.276e-02 | Regularization Loss: 0.000e+00 | Val Loss: 4.892e-02 | Active Proj %: 68.64 | Time: 9.44s
2025-08-20 20:18:16,944:INFO:Epoch: 26450/40000 | Train Loss: 6.208e-02 | Dynamic Loss: 6.208e-02 | Regularization Loss: 0.000e+00 | Val Loss: 8.723e-02 | Active Proj %: 78.67 | Time: 9.66s
2025-08-20 20:18:26,816:INFO:Epoch: 26500/40000 | Train Loss: 2.085e-02 | Dynamic Loss: 2.085e-02 | Regularization Loss: 0.000e+00 | Val Loss: 4.766e-02 | Active Proj %: 67.35 | Time: 9.75s
2025-08-20 20:18:36,385:INFO:Epoch: 26550/40000 | Train Loss: 1.703e-02 | Dynamic Loss: 1.703e-02 | Regularization Loss: 0.000e+00 | Val Loss: 4.627e-02 | Active Proj %: 73.20 | Time: 9.44s
2025-08-20 20:18:46,073:INFO:Epoch: 26600/40000 | Train Loss: 1.640e-02 | Dynamic Loss: 1.640e-02 | Regularization Loss: 0.000e+00 | Val Loss: 4.433e-02 | Active Proj %: 70.44 | Time: 9.56s
2025-08-20 20:18:56,086:INFO:Epoch: 26650/40000 | Train Loss: 1.608e-02 | Dynamic Loss: 1.608e-02 | Regularization Loss: 0.000e+00 | Val Loss: 4.376e-02 | Active Proj %: 72.42 | Time: 9.89s
2025-08-20 20:18:56,086:INFO:New best model found at epoch 26650 with validation loss 4.376e-02. Saving...
2025-08-20 20:19:05,790:INFO:Epoch: 26700/40000 | Train Loss: 2.242e-01 | Dynamic Loss: 2.242e-01 | Regularization Loss: 0.000e+00 | Val Loss: 8.460e-01 | Active Proj %: 73.78 | Time: 9.56s
2025-08-20 20:19:15,529:INFO:Epoch: 26750/40000 | Train Loss: 9.079e-02 | Dynamic Loss: 9.079e-02 | Regularization Loss: 0.000e+00 | Val Loss: 1.201e-01 | Active Proj %: 73.99 | Time: 9.62s
2025-08-20 20:19:33,330:INFO:Epoch: 26800/40000 | Train Loss: 2.193e-02 | Dynamic Loss: 2.193e-02 | Regularization Loss: 0.000e+00 | Val Loss: 5.354e-02 | Active Proj %: 77.38 | Time: 17.67s
2025-08-20 20:19:42,983:INFO:Epoch: 26850/40000 | Train Loss: 2.931e-02 | Dynamic Loss: 2.931e-02 | Regularization Loss: 0.000e+00 | Val Loss: 6.055e-02 | Active Proj %: 75.29 | Time: 9.53s
2025-08-20 20:19:52,553:INFO:Epoch: 26900/40000 | Train Loss: 1.844e-02 | Dynamic Loss: 1.844e-02 | Regularization Loss: 0.000e+00 | Val Loss: 4.869e-02 | Active Proj %: 77.53 | Time: 9.45s
2025-08-20 20:20:02,700:INFO:Epoch: 26950/40000 | Train Loss: 1.813e-02 | Dynamic Loss: 1.813e-02 | Regularization Loss: 0.000e+00 | Val Loss: 4.819e-02 | Active Proj %: 76.32 | Time: 10.03s
2025-08-20 20:20:12,268:INFO:Epoch: 27000/40000 | Train Loss: 2.870e-02 | Dynamic Loss: 2.870e-02 | Regularization Loss: 0.000e+00 | Val Loss: 5.744e-02 | Active Proj %: 73.19 | Time: 9.44s
2025-08-20 20:20:21,927:INFO:Epoch: 27050/40000 | Train Loss: 3.394e-01 | Dynamic Loss: 3.394e-01 | Regularization Loss: 0.000e+00 | Val Loss: 4.355e-01 | Active Proj %: 93.88 | Time: 9.55s
2025-08-20 20:20:31,885:INFO:Epoch: 27100/40000 | Train Loss: 1.880e-02 | Dynamic Loss: 1.880e-02 | Regularization Loss: 0.000e+00 | Val Loss: 4.819e-02 | Active Proj %: 77.83 | Time: 9.84s
2025-08-20 20:20:44,420:INFO:Epoch: 27150/40000 | Train Loss: 5.054e-02 | Dynamic Loss: 5.054e-02 | Regularization Loss: 0.000e+00 | Val Loss: 6.723e-02 | Active Proj %: 79.50 | Time: 12.43s
2025-08-20 20:20:53,769:INFO:Epoch: 27200/40000 | Train Loss: 1.683e-02 | Dynamic Loss: 1.683e-02 | Regularization Loss: 0.000e+00 | Val Loss: 4.676e-02 | Active Proj %: 80.82 | Time: 9.25s
2025-08-20 20:21:03,389:INFO:Epoch: 27250/40000 | Train Loss: 1.504e-02 | Dynamic Loss: 1.504e-02 | Regularization Loss: 0.000e+00 | Val Loss: 4.485e-02 | Active Proj %: 78.88 | Time: 9.51s
2025-08-20 20:21:16,883:INFO:Epoch: 27300/40000 | Train Loss: 1.268e-01 | Dynamic Loss: 1.268e-01 | Regularization Loss: 0.000e+00 | Val Loss: 1.997e-01 | Active Proj %: 49.34 | Time: 13.38s
2025-08-20 20:21:26,415:INFO:Epoch: 27350/40000 | Train Loss: 2.650e-02 | Dynamic Loss: 2.650e-02 | Regularization Loss: 0.000e+00 | Val Loss: 5.645e-02 | Active Proj %: 79.74 | Time: 9.42s
2025-08-20 20:21:36,021:INFO:Epoch: 27400/40000 | Train Loss: 2.807e-02 | Dynamic Loss: 2.807e-02 | Regularization Loss: 0.000e+00 | Val Loss: 5.721e-02 | Active Proj %: 79.56 | Time: 9.50s
2025-08-20 20:21:53,300:INFO:Epoch: 27450/40000 | Train Loss: 1.477e-02 | Dynamic Loss: 1.477e-02 | Regularization Loss: 0.000e+00 | Val Loss: 4.638e-02 | Active Proj %: 80.63 | Time: 17.17s
2025-08-20 20:22:02,860:INFO:Epoch: 27500/40000 | Train Loss: 1.586e-02 | Dynamic Loss: 1.586e-02 | Regularization Loss: 0.000e+00 | Val Loss: 4.790e-02 | Active Proj %: 79.36 | Time: 9.45s
2025-08-20 20:22:12,684:INFO:Epoch: 27550/40000 | Train Loss: 2.357e-02 | Dynamic Loss: 2.357e-02 | Regularization Loss: 0.000e+00 | Val Loss: 5.035e-02 | Active Proj %: 78.30 | Time: 9.71s
2025-08-20 20:22:22,583:INFO:Epoch: 27600/40000 | Train Loss: 1.975e-02 | Dynamic Loss: 1.975e-02 | Regularization Loss: 0.000e+00 | Val Loss: 5.055e-02 | Active Proj %: 78.25 | Time: 9.79s
2025-08-20 20:22:32,276:INFO:Epoch: 27650/40000 | Train Loss: 1.708e-02 | Dynamic Loss: 1.708e-02 | Regularization Loss: 0.000e+00 | Val Loss: 4.676e-02 | Active Proj %: 80.73 | Time: 9.58s
2025-08-20 20:22:42,030:INFO:Epoch: 27700/40000 | Train Loss: 1.384e-02 | Dynamic Loss: 1.384e-02 | Regularization Loss: 0.000e+00 | Val Loss: 4.396e-02 | Active Proj %: 80.68 | Time: 9.64s
2025-08-20 20:22:52,003:INFO:Epoch: 27750/40000 | Train Loss: 1.287e-02 | Dynamic Loss: 1.287e-02 | Regularization Loss: 0.000e+00 | Val Loss: 4.294e-02 | Active Proj %: 81.44 | Time: 9.87s
2025-08-20 20:22:52,003:INFO:New best model found at epoch 27750 with validation loss 4.294e-02. Saving...
2025-08-20 20:23:01,918:INFO:Epoch: 27800/40000 | Train Loss: 1.313e-02 | Dynamic Loss: 1.313e-02 | Regularization Loss: 0.000e+00 | Val Loss: 4.308e-02 | Active Proj %: 80.81 | Time: 9.78s
2025-08-20 20:23:11,693:INFO:Epoch: 27850/40000 | Train Loss: 1.301e-01 | Dynamic Loss: 1.301e-01 | Regularization Loss: 0.000e+00 | Val Loss: 1.509e-01 | Active Proj %: 85.13 | Time: 9.66s
2025-08-20 20:23:21,550:INFO:Epoch: 27900/40000 | Train Loss: 3.209e-02 | Dynamic Loss: 3.209e-02 | Regularization Loss: 0.000e+00 | Val Loss: 7.750e-02 | Active Proj %: 75.25 | Time: 9.75s
2025-08-20 20:23:31,114:INFO:Epoch: 27950/40000 | Train Loss: 3.821e-02 | Dynamic Loss: 3.821e-02 | Regularization Loss: 0.000e+00 | Val Loss: 6.567e-02 | Active Proj %: 67.65 | Time: 9.45s
2025-08-20 20:23:40,699:INFO:Epoch: 28000/40000 | Train Loss: 1.722e-02 | Dynamic Loss: 1.722e-02 | Regularization Loss: 0.000e+00 | Val Loss: 4.584e-02 | Active Proj %: 79.44 | Time: 9.48s
2025-08-20 20:23:50,776:INFO:Epoch: 28050/40000 | Train Loss: 4.607e-02 | Dynamic Loss: 4.607e-02 | Regularization Loss: 0.000e+00 | Val Loss: 6.987e-02 | Active Proj %: 83.72 | Time: 9.97s
2025-08-20 20:24:00,346:INFO:Epoch: 28100/40000 | Train Loss: 1.868e-02 | Dynamic Loss: 1.868e-02 | Regularization Loss: 0.000e+00 | Val Loss: 4.648e-02 | Active Proj %: 83.05 | Time: 9.46s
2025-08-20 20:24:10,133:INFO:Epoch: 28150/40000 | Train Loss: 1.477e-02 | Dynamic Loss: 1.477e-02 | Regularization Loss: 0.000e+00 | Val Loss: 4.376e-02 | Active Proj %: 82.29 | Time: 9.68s
2025-08-20 20:24:19,720:INFO:Epoch: 28200/40000 | Train Loss: 4.680e-02 | Dynamic Loss: 4.680e-02 | Regularization Loss: 0.000e+00 | Val Loss: 6.548e-02 | Active Proj %: 86.27 | Time: 9.48s
2025-08-20 20:24:33,036:INFO:Epoch: 28250/40000 | Train Loss: 1.999e-02 | Dynamic Loss: 1.999e-02 | Regularization Loss: 0.000e+00 | Val Loss: 4.952e-02 | Active Proj %: 75.07 | Time: 13.20s
2025-08-20 20:24:42,780:INFO:Epoch: 28300/40000 | Train Loss: 1.215e-02 | Dynamic Loss: 1.215e-02 | Regularization Loss: 0.000e+00 | Val Loss: 4.087e-02 | Active Proj %: 82.01 | Time: 9.64s
2025-08-20 20:24:42,780:INFO:New best model found at epoch 28300 with validation loss 4.087e-02. Saving...
2025-08-20 20:24:52,549:INFO:Epoch: 28350/40000 | Train Loss: 3.440e-01 | Dynamic Loss: 3.440e-01 | Regularization Loss: 0.000e+00 | Val Loss: 3.780e-01 | Active Proj %: 95.22 | Time: 9.63s
2025-08-20 20:25:02,555:INFO:Epoch: 28400/40000 | Train Loss: 3.107e-02 | Dynamic Loss: 3.107e-02 | Regularization Loss: 0.000e+00 | Val Loss: 6.011e-02 | Active Proj %: 86.17 | Time: 9.90s
2025-08-20 20:25:12,247:INFO:Epoch: 28450/40000 | Train Loss: 1.478e-02 | Dynamic Loss: 1.478e-02 | Regularization Loss: 0.000e+00 | Val Loss: 4.594e-02 | Active Proj %: 81.80 | Time: 9.58s
2025-08-20 20:25:21,944:INFO:Epoch: 28500/40000 | Train Loss: 2.668e-02 | Dynamic Loss: 2.668e-02 | Regularization Loss: 0.000e+00 | Val Loss: 5.558e-02 | Active Proj %: 85.63 | Time: 9.59s
2025-08-20 20:25:31,562:INFO:Epoch: 28550/40000 | Train Loss: 1.410e-02 | Dynamic Loss: 1.410e-02 | Regularization Loss: 0.000e+00 | Val Loss: 4.495e-02 | Active Proj %: 82.80 | Time: 9.51s
2025-08-20 20:25:41,690:INFO:Epoch: 28600/40000 | Train Loss: 1.413e-02 | Dynamic Loss: 1.413e-02 | Regularization Loss: 0.000e+00 | Val Loss: 4.480e-02 | Active Proj %: 83.25 | Time: 10.02s
2025-08-20 20:25:51,741:INFO:Epoch: 28650/40000 | Train Loss: 5.590e-02 | Dynamic Loss: 5.590e-02 | Regularization Loss: 0.000e+00 | Val Loss: 1.024e-01 | Active Proj %: 57.64 | Time: 9.80s
2025-08-20 20:26:01,488:INFO:Epoch: 28700/40000 | Train Loss: 2.615e-02 | Dynamic Loss: 2.615e-02 | Regularization Loss: 0.000e+00 | Val Loss: 5.410e-02 | Active Proj %: 79.52 | Time: 9.63s
2025-08-20 20:26:11,467:INFO:Epoch: 28750/40000 | Train Loss: 1.721e-02 | Dynamic Loss: 1.721e-02 | Regularization Loss: 0.000e+00 | Val Loss: 4.730e-02 | Active Proj %: 85.32 | Time: 9.87s
2025-08-20 20:26:21,903:INFO:Epoch: 28800/40000 | Train Loss: 1.544e-02 | Dynamic Loss: 1.544e-02 | Regularization Loss: 0.000e+00 | Val Loss: 4.653e-02 | Active Proj %: 83.83 | Time: 10.32s
2025-08-20 20:26:31,500:INFO:Epoch: 28850/40000 | Train Loss: 5.979e-02 | Dynamic Loss: 5.979e-02 | Regularization Loss: 0.000e+00 | Val Loss: 8.763e-02 | Active Proj %: 75.59 | Time: 9.49s
2025-08-20 20:26:41,253:INFO:Epoch: 28900/40000 | Train Loss: 2.052e-02 | Dynamic Loss: 2.052e-02 | Regularization Loss: 0.000e+00 | Val Loss: 5.177e-02 | Active Proj %: 75.06 | Time: 9.64s
2025-08-20 20:26:51,196:INFO:Epoch: 28950/40000 | Train Loss: 4.284e-02 | Dynamic Loss: 4.284e-02 | Regularization Loss: 0.000e+00 | Val Loss: 6.935e-02 | Active Proj %: 91.25 | Time: 9.83s
2025-08-20 20:27:01,616:INFO:Epoch: 29000/40000 | Train Loss: 6.132e-02 | Dynamic Loss: 6.132e-02 | Regularization Loss: 0.000e+00 | Val Loss: 8.496e-02 | Active Proj %: 89.40 | Time: 10.31s
2025-08-20 20:27:11,333:INFO:Epoch: 29050/40000 | Train Loss: 1.241e-02 | Dynamic Loss: 1.241e-02 | Regularization Loss: 0.000e+00 | Val Loss: 4.256e-02 | Active Proj %: 84.50 | Time: 9.61s
2025-08-20 20:27:21,131:INFO:Epoch: 29100/40000 | Train Loss: 1.381e-02 | Dynamic Loss: 1.381e-02 | Regularization Loss: 0.000e+00 | Val Loss: 4.199e-02 | Active Proj %: 83.54 | Time: 9.69s
2025-08-20 20:27:30,746:INFO:Epoch: 29150/40000 | Train Loss: 1.147e-02 | Dynamic Loss: 1.147e-02 | Regularization Loss: 0.000e+00 | Val Loss: 4.050e-02 | Active Proj %: 84.88 | Time: 9.50s
2025-08-20 20:27:30,747:INFO:New best model found at epoch 29150 with validation loss 4.050e-02. Saving...
2025-08-20 20:27:40,516:INFO:Epoch: 29200/40000 | Train Loss: 2.840e-01 | Dynamic Loss: 2.840e-01 | Regularization Loss: 0.000e+00 | Val Loss: 2.861e-01 | Active Proj %: 43.66 | Time: 9.62s
2025-08-20 20:27:50,730:INFO:Epoch: 29250/40000 | Train Loss: 3.184e-02 | Dynamic Loss: 3.184e-02 | Regularization Loss: 0.000e+00 | Val Loss: 6.320e-02 | Active Proj %: 86.47 | Time: 10.10s
2025-08-20 20:28:00,344:INFO:Epoch: 29300/40000 | Train Loss: 3.217e-02 | Dynamic Loss: 3.217e-02 | Regularization Loss: 0.000e+00 | Val Loss: 6.320e-02 | Active Proj %: 89.74 | Time: 9.50s
2025-08-20 20:28:10,298:INFO:Epoch: 29350/40000 | Train Loss: 2.134e-02 | Dynamic Loss: 2.134e-02 | Regularization Loss: 0.000e+00 | Val Loss: 4.829e-02 | Active Proj %: 90.09 | Time: 9.84s
2025-08-20 20:28:19,990:INFO:Epoch: 29400/40000 | Train Loss: 1.489e-02 | Dynamic Loss: 1.489e-02 | Regularization Loss: 0.000e+00 | Val Loss: 4.434e-02 | Active Proj %: 86.37 | Time: 9.58s
2025-08-20 20:28:29,609:INFO:Epoch: 29450/40000 | Train Loss: 1.293e-02 | Dynamic Loss: 1.293e-02 | Regularization Loss: 0.000e+00 | Val Loss: 4.183e-02 | Active Proj %: 86.27 | Time: 9.51s
2025-08-20 20:28:39,364:INFO:Epoch: 29500/40000 | Train Loss: 1.862e-02 | Dynamic Loss: 1.862e-02 | Regularization Loss: 0.000e+00 | Val Loss: 4.827e-02 | Active Proj %: 85.14 | Time: 9.64s
2025-08-20 20:28:49,296:INFO:Epoch: 29550/40000 | Train Loss: 1.413e-02 | Dynamic Loss: 1.413e-02 | Regularization Loss: 0.000e+00 | Val Loss: 4.255e-02 | Active Proj %: 87.39 | Time: 9.82s
2025-08-20 20:28:59,009:INFO:Epoch: 29600/40000 | Train Loss: 1.135e-01 | Dynamic Loss: 1.135e-01 | Regularization Loss: 0.000e+00 | Val Loss: 1.613e-01 | Active Proj %: 68.90 | Time: 9.59s
2025-08-20 20:29:08,683:INFO:Epoch: 29650/40000 | Train Loss: 5.358e-02 | Dynamic Loss: 5.358e-02 | Regularization Loss: 0.000e+00 | Val Loss: 8.089e-02 | Active Proj %: 77.87 | Time: 9.57s
2025-08-20 20:29:19,073:INFO:Epoch: 29700/40000 | Train Loss: 1.770e-02 | Dynamic Loss: 1.770e-02 | Regularization Loss: 0.000e+00 | Val Loss: 4.710e-02 | Active Proj %: 88.99 | Time: 10.28s
2025-08-20 20:29:28,681:INFO:Epoch: 29750/40000 | Train Loss: 1.411e-02 | Dynamic Loss: 1.411e-02 | Regularization Loss: 0.000e+00 | Val Loss: 4.381e-02 | Active Proj %: 90.08 | Time: 9.49s
2025-08-20 20:29:38,216:INFO:Epoch: 29800/40000 | Train Loss: 1.286e-02 | Dynamic Loss: 1.286e-02 | Regularization Loss: 0.000e+00 | Val Loss: 4.217e-02 | Active Proj %: 89.67 | Time: 9.43s
2025-08-20 20:29:47,820:INFO:Epoch: 29850/40000 | Train Loss: 1.173e-02 | Dynamic Loss: 1.173e-02 | Regularization Loss: 0.000e+00 | Val Loss: 4.191e-02 | Active Proj %: 89.41 | Time: 9.49s
2025-08-20 20:30:00,702:INFO:Epoch: 29900/40000 | Train Loss: 1.744e-02 | Dynamic Loss: 1.744e-02 | Regularization Loss: 0.000e+00 | Val Loss: 4.797e-02 | Active Proj %: 88.95 | Time: 12.77s
2025-08-20 20:30:10,251:INFO:Epoch: 29950/40000 | Train Loss: 2.674e-02 | Dynamic Loss: 2.674e-02 | Regularization Loss: 0.000e+00 | Val Loss: 1.000e-01 | Active Proj %: 85.27 | Time: 9.44s
2025-08-20 20:30:20,046:INFO:Epoch: 30000/40000 | Train Loss: 1.637e-02 | Dynamic Loss: 1.637e-02 | Regularization Loss: 0.000e+00 | Val Loss: 4.500e-02 | Active Proj %: 91.00 | Time: 9.69s
2025-08-20 20:30:29,625:INFO:Epoch: 30050/40000 | Train Loss: 1.150e-02 | Dynamic Loss: 1.150e-02 | Regularization Loss: 0.000e+00 | Val Loss: 4.195e-02 | Active Proj %: 90.68 | Time: 9.47s
2025-08-20 20:30:39,134:INFO:Epoch: 30100/40000 | Train Loss: 4.802e-02 | Dynamic Loss: 4.802e-02 | Regularization Loss: 0.000e+00 | Val Loss: 6.882e-02 | Active Proj %: 93.93 | Time: 9.39s
2025-08-20 20:30:49,503:INFO:Epoch: 30150/40000 | Train Loss: 1.116e-02 | Dynamic Loss: 1.116e-02 | Regularization Loss: 0.000e+00 | Val Loss: 4.146e-02 | Active Proj %: 90.49 | Time: 10.26s
2025-08-20 20:30:59,443:INFO:Epoch: 30200/40000 | Train Loss: 1.170e-01 | Dynamic Loss: 1.170e-01 | Regularization Loss: 0.000e+00 | Val Loss: 1.554e-01 | Active Proj %: 96.71 | Time: 9.82s
2025-08-20 20:31:09,156:INFO:Epoch: 30250/40000 | Train Loss: 1.376e-02 | Dynamic Loss: 1.376e-02 | Regularization Loss: 0.000e+00 | Val Loss: 4.350e-02 | Active Proj %: 86.97 | Time: 9.59s
2025-08-20 20:31:18,727:INFO:Epoch: 30300/40000 | Train Loss: 1.035e-02 | Dynamic Loss: 1.035e-02 | Regularization Loss: 0.000e+00 | Val Loss: 4.100e-02 | Active Proj %: 90.13 | Time: 9.45s
2025-08-20 20:31:31,410:INFO:Epoch: 30350/40000 | Train Loss: 1.090e-02 | Dynamic Loss: 1.090e-02 | Regularization Loss: 0.000e+00 | Val Loss: 4.252e-02 | Active Proj %: 90.91 | Time: 12.57s
2025-08-20 20:31:41,029:INFO:Epoch: 30400/40000 | Train Loss: 1.158e-02 | Dynamic Loss: 1.158e-02 | Regularization Loss: 0.000e+00 | Val Loss: 4.142e-02 | Active Proj %: 90.02 | Time: 9.51s
2025-08-20 20:31:50,532:INFO:Epoch: 30450/40000 | Train Loss: 3.819e-02 | Dynamic Loss: 3.819e-02 | Regularization Loss: 0.000e+00 | Val Loss: 7.788e-02 | Active Proj %: 57.60 | Time: 9.39s
2025-08-20 20:32:00,280:INFO:Epoch: 30500/40000 | Train Loss: 4.667e-02 | Dynamic Loss: 4.667e-02 | Regularization Loss: 0.000e+00 | Val Loss: 8.435e-02 | Active Proj %: 77.65 | Time: 9.63s
2025-08-20 20:32:09,815:INFO:Epoch: 30550/40000 | Train Loss: 7.108e-02 | Dynamic Loss: 7.108e-02 | Regularization Loss: 0.000e+00 | Val Loss: 9.096e-02 | Active Proj %: 91.58 | Time: 9.42s
2025-08-20 20:32:27,515:INFO:Epoch: 30600/40000 | Train Loss: 9.110e-03 | Dynamic Loss: 9.110e-03 | Regularization Loss: 0.000e+00 | Val Loss: 3.942e-02 | Active Proj %: 90.85 | Time: 17.58s
2025-08-20 20:32:27,515:INFO:New best model found at epoch 30600 with validation loss 3.942e-02. Saving...
2025-08-20 20:32:37,470:INFO:Epoch: 30650/40000 | Train Loss: 2.951e-02 | Dynamic Loss: 2.951e-02 | Regularization Loss: 0.000e+00 | Val Loss: 6.063e-02 | Active Proj %: 90.80 | Time: 9.81s
2025-08-20 20:32:47,271:INFO:Epoch: 30700/40000 | Train Loss: 1.477e-02 | Dynamic Loss: 1.477e-02 | Regularization Loss: 0.000e+00 | Val Loss: 4.613e-02 | Active Proj %: 89.95 | Time: 9.68s
2025-08-20 20:33:05,774:INFO:Epoch: 30750/40000 | Train Loss: 1.264e-02 | Dynamic Loss: 1.264e-02 | Regularization Loss: 0.000e+00 | Val Loss: 4.442e-02 | Active Proj %: 90.65 | Time: 18.38s
2025-08-20 20:33:15,507:INFO:Epoch: 30800/40000 | Train Loss: 1.133e-02 | Dynamic Loss: 1.133e-02 | Regularization Loss: 0.000e+00 | Val Loss: 4.342e-02 | Active Proj %: 90.25 | Time: 9.62s
2025-08-20 20:33:25,075:INFO:Epoch: 30850/40000 | Train Loss: 9.796e-03 | Dynamic Loss: 9.796e-03 | Regularization Loss: 0.000e+00 | Val Loss: 4.155e-02 | Active Proj %: 90.37 | Time: 9.46s
2025-08-20 20:33:34,822:INFO:Epoch: 30900/40000 | Train Loss: 9.146e-03 | Dynamic Loss: 9.146e-03 | Regularization Loss: 0.000e+00 | Val Loss: 4.067e-02 | Active Proj %: 90.21 | Time: 9.63s
2025-08-20 20:33:44,364:INFO:Epoch: 30950/40000 | Train Loss: 8.651e-03 | Dynamic Loss: 8.651e-03 | Regularization Loss: 0.000e+00 | Val Loss: 3.989e-02 | Active Proj %: 90.19 | Time: 9.43s
2025-08-20 20:33:53,978:INFO:Epoch: 31000/40000 | Train Loss: 2.607e-02 | Dynamic Loss: 2.607e-02 | Regularization Loss: 0.000e+00 | Val Loss: 6.079e-02 | Active Proj %: 86.05 | Time: 9.49s
2025-08-20 20:34:03,656:INFO:Epoch: 31050/40000 | Train Loss: 2.937e-02 | Dynamic Loss: 2.937e-02 | Regularization Loss: 0.000e+00 | Val Loss: 6.071e-02 | Active Proj %: 92.23 | Time: 9.56s
2025-08-20 20:34:13,298:INFO:Epoch: 31100/40000 | Train Loss: 5.138e-02 | Dynamic Loss: 5.138e-02 | Regularization Loss: 0.000e+00 | Val Loss: 7.673e-02 | Active Proj %: 87.89 | Time: 9.52s
2025-08-20 20:34:23,044:INFO:Epoch: 31150/40000 | Train Loss: 1.702e-01 | Dynamic Loss: 1.702e-01 | Regularization Loss: 0.000e+00 | Val Loss: 1.733e-01 | Active Proj %: 95.93 | Time: 9.50s
2025-08-20 20:34:32,939:INFO:Epoch: 31200/40000 | Train Loss: 1.458e-02 | Dynamic Loss: 1.458e-02 | Regularization Loss: 0.000e+00 | Val Loss: 4.798e-02 | Active Proj %: 90.80 | Time: 9.78s
2025-08-20 20:34:42,603:INFO:Epoch: 31250/40000 | Train Loss: 1.168e-02 | Dynamic Loss: 1.168e-02 | Regularization Loss: 0.000e+00 | Val Loss: 4.594e-02 | Active Proj %: 90.68 | Time: 9.55s
2025-08-20 20:34:52,189:INFO:Epoch: 31300/40000 | Train Loss: 1.041e-02 | Dynamic Loss: 1.041e-02 | Regularization Loss: 0.000e+00 | Val Loss: 4.472e-02 | Active Proj %: 90.66 | Time: 9.47s
2025-08-20 20:35:01,754:INFO:Epoch: 31350/40000 | Train Loss: 9.613e-03 | Dynamic Loss: 9.613e-03 | Regularization Loss: 0.000e+00 | Val Loss: 4.390e-02 | Active Proj %: 90.57 | Time: 9.45s
2025-08-20 20:35:11,295:INFO:Epoch: 31400/40000 | Train Loss: 9.549e-03 | Dynamic Loss: 9.549e-03 | Regularization Loss: 0.000e+00 | Val Loss: 4.361e-02 | Active Proj %: 90.43 | Time: 9.42s
2025-08-20 20:35:28,825:INFO:Epoch: 31450/40000 | Train Loss: 1.028e-02 | Dynamic Loss: 1.028e-02 | Regularization Loss: 0.000e+00 | Val Loss: 4.382e-02 | Active Proj %: 90.16 | Time: 17.41s
2025-08-20 20:35:38,361:INFO:Epoch: 31500/40000 | Train Loss: 9.751e-03 | Dynamic Loss: 9.751e-03 | Regularization Loss: 0.000e+00 | Val Loss: 4.235e-02 | Active Proj %: 90.25 | Time: 9.41s
2025-08-20 20:35:47,980:INFO:Epoch: 31550/40000 | Train Loss: 8.346e-03 | Dynamic Loss: 8.346e-03 | Regularization Loss: 0.000e+00 | Val Loss: 4.140e-02 | Active Proj %: 90.68 | Time: 9.51s
2025-08-20 20:35:58,174:INFO:Epoch: 31600/40000 | Train Loss: 2.597e-01 | Dynamic Loss: 2.597e-01 | Regularization Loss: 0.000e+00 | Val Loss: 3.023e-01 | Active Proj %: 70.37 | Time: 10.08s
2025-08-20 20:36:07,879:INFO:Epoch: 31650/40000 | Train Loss: 2.178e-02 | Dynamic Loss: 2.178e-02 | Regularization Loss: 0.000e+00 | Val Loss: 5.900e-02 | Active Proj %: 89.57 | Time: 9.59s
2025-08-20 20:36:17,651:INFO:Epoch: 31700/40000 | Train Loss: 1.743e-02 | Dynamic Loss: 1.743e-02 | Regularization Loss: 0.000e+00 | Val Loss: 5.421e-02 | Active Proj %: 91.32 | Time: 9.65s
2025-08-20 20:36:27,458:INFO:Epoch: 31750/40000 | Train Loss: 1.204e-02 | Dynamic Loss: 1.204e-02 | Regularization Loss: 0.000e+00 | Val Loss: 4.889e-02 | Active Proj %: 90.63 | Time: 9.69s
2025-08-20 20:36:37,131:INFO:Epoch: 31800/40000 | Train Loss: 3.617e-02 | Dynamic Loss: 3.617e-02 | Regularization Loss: 0.000e+00 | Val Loss: 6.927e-02 | Active Proj %: 84.72 | Time: 9.56s
2025-08-20 20:36:46,980:INFO:Epoch: 31850/40000 | Train Loss: 1.657e-02 | Dynamic Loss: 1.657e-02 | Regularization Loss: 0.000e+00 | Val Loss: 5.076e-02 | Active Proj %: 92.65 | Time: 9.73s
2025-08-20 20:36:57,182:INFO:Epoch: 31900/40000 | Train Loss: 2.002e-02 | Dynamic Loss: 2.002e-02 | Regularization Loss: 0.000e+00 | Val Loss: 5.481e-02 | Active Proj %: 93.33 | Time: 10.08s
2025-08-20 20:37:06,786:INFO:Epoch: 31950/40000 | Train Loss: 1.383e-02 | Dynamic Loss: 1.383e-02 | Regularization Loss: 0.000e+00 | Val Loss: 4.862e-02 | Active Proj %: 91.30 | Time: 9.48s
2025-08-20 20:37:16,399:INFO:Epoch: 32000/40000 | Train Loss: 1.090e-02 | Dynamic Loss: 1.090e-02 | Regularization Loss: 0.000e+00 | Val Loss: 4.538e-02 | Active Proj %: 91.89 | Time: 9.50s
2025-08-20 20:37:26,238:INFO:Epoch: 32050/40000 | Train Loss: 9.855e-03 | Dynamic Loss: 9.855e-03 | Regularization Loss: 0.000e+00 | Val Loss: 4.440e-02 | Active Proj %: 91.73 | Time: 9.72s
2025-08-20 20:37:35,946:INFO:Epoch: 32100/40000 | Train Loss: 1.799e-02 | Dynamic Loss: 1.799e-02 | Regularization Loss: 0.000e+00 | Val Loss: 4.966e-02 | Active Proj %: 90.71 | Time: 9.59s
2025-08-20 20:37:45,503:INFO:Epoch: 32150/40000 | Train Loss: 1.468e-02 | Dynamic Loss: 1.468e-02 | Regularization Loss: 0.000e+00 | Val Loss: 4.688e-02 | Active Proj %: 92.20 | Time: 9.44s
2025-08-20 20:38:02,372:INFO:Epoch: 32200/40000 | Train Loss: 1.469e-02 | Dynamic Loss: 1.469e-02 | Regularization Loss: 0.000e+00 | Val Loss: 4.648e-02 | Active Proj %: 94.11 | Time: 16.76s
2025-08-20 20:38:12,068:INFO:Epoch: 32250/40000 | Train Loss: 1.846e-02 | Dynamic Loss: 1.846e-02 | Regularization Loss: 0.000e+00 | Val Loss: 4.686e-02 | Active Proj %: 94.15 | Time: 9.58s
2025-08-20 20:38:21,762:INFO:Epoch: 32300/40000 | Train Loss: 1.024e-02 | Dynamic Loss: 1.024e-02 | Regularization Loss: 0.000e+00 | Val Loss: 4.433e-02 | Active Proj %: 92.32 | Time: 9.58s
2025-08-20 20:38:31,303:INFO:Epoch: 32350/40000 | Train Loss: 9.637e-03 | Dynamic Loss: 9.637e-03 | Regularization Loss: 0.000e+00 | Val Loss: 4.295e-02 | Active Proj %: 92.12 | Time: 9.43s
2025-08-20 20:38:40,800:INFO:Epoch: 32400/40000 | Train Loss: 3.168e-02 | Dynamic Loss: 3.168e-02 | Regularization Loss: 0.000e+00 | Val Loss: 6.280e-02 | Active Proj %: 93.57 | Time: 9.38s
2025-08-20 20:38:50,301:INFO:Epoch: 32450/40000 | Train Loss: 1.393e-02 | Dynamic Loss: 1.393e-02 | Regularization Loss: 0.000e+00 | Val Loss: 4.736e-02 | Active Proj %: 93.10 | Time: 9.39s
2025-08-20 20:39:08,040:INFO:Epoch: 32500/40000 | Train Loss: 1.190e-02 | Dynamic Loss: 1.190e-02 | Regularization Loss: 0.000e+00 | Val Loss: 4.605e-02 | Active Proj %: 92.06 | Time: 17.62s
2025-08-20 20:39:17,769:INFO:Epoch: 32550/40000 | Train Loss: 9.201e-03 | Dynamic Loss: 9.201e-03 | Regularization Loss: 0.000e+00 | Val Loss: 4.408e-02 | Active Proj %: 92.18 | Time: 9.61s
2025-08-20 20:39:27,525:INFO:Epoch: 32600/40000 | Train Loss: 9.073e-03 | Dynamic Loss: 9.073e-03 | Regularization Loss: 0.000e+00 | Val Loss: 4.354e-02 | Active Proj %: 92.29 | Time: 9.64s
2025-08-20 20:39:37,165:INFO:Epoch: 32650/40000 | Train Loss: 8.142e-03 | Dynamic Loss: 8.142e-03 | Regularization Loss: 0.000e+00 | Val Loss: 4.298e-02 | Active Proj %: 92.06 | Time: 9.53s
2025-08-20 20:39:46,755:INFO:Epoch: 32700/40000 | Train Loss: 1.212e-01 | Dynamic Loss: 1.212e-01 | Regularization Loss: 0.000e+00 | Val Loss: 1.372e-01 | Active Proj %: 90.36 | Time: 9.47s
2025-08-20 20:39:56,403:INFO:Epoch: 32750/40000 | Train Loss: 9.335e-03 | Dynamic Loss: 9.335e-03 | Regularization Loss: 0.000e+00 | Val Loss: 4.453e-02 | Active Proj %: 91.89 | Time: 9.53s
2025-08-20 20:40:06,129:INFO:Epoch: 32800/40000 | Train Loss: 8.904e-03 | Dynamic Loss: 8.904e-03 | Regularization Loss: 0.000e+00 | Val Loss: 4.418e-02 | Active Proj %: 92.23 | Time: 9.62s
2025-08-20 20:40:15,725:INFO:Epoch: 32850/40000 | Train Loss: 1.688e-02 | Dynamic Loss: 1.688e-02 | Regularization Loss: 0.000e+00 | Val Loss: 5.178e-02 | Active Proj %: 92.20 | Time: 9.48s
2025-08-20 20:40:25,377:INFO:Epoch: 32900/40000 | Train Loss: 1.795e-02 | Dynamic Loss: 1.795e-02 | Regularization Loss: 0.000e+00 | Val Loss: 5.072e-02 | Active Proj %: 92.41 | Time: 9.53s
2025-08-20 20:40:35,155:INFO:Epoch: 32950/40000 | Train Loss: 8.693e-03 | Dynamic Loss: 8.693e-03 | Regularization Loss: 0.000e+00 | Val Loss: 4.498e-02 | Active Proj %: 92.33 | Time: 9.66s
2025-08-20 20:40:44,784:INFO:Epoch: 33000/40000 | Train Loss: 7.986e-03 | Dynamic Loss: 7.986e-03 | Regularization Loss: 0.000e+00 | Val Loss: 4.419e-02 | Active Proj %: 91.88 | Time: 9.51s
2025-08-20 20:40:54,321:INFO:Epoch: 33050/40000 | Train Loss: 8.097e-03 | Dynamic Loss: 8.097e-03 | Regularization Loss: 0.000e+00 | Val Loss: 4.378e-02 | Active Proj %: 92.70 | Time: 9.42s
2025-08-20 20:41:06,812:INFO:Epoch: 33100/40000 | Train Loss: 2.762e-02 | Dynamic Loss: 2.762e-02 | Regularization Loss: 0.000e+00 | Val Loss: 7.466e-02 | Active Proj %: 83.23 | Time: 12.37s
2025-08-20 20:41:16,851:INFO:Epoch: 33150/40000 | Train Loss: 9.914e-03 | Dynamic Loss: 9.914e-03 | Regularization Loss: 0.000e+00 | Val Loss: 4.455e-02 | Active Proj %: 92.67 | Time: 9.92s
2025-08-20 20:41:26,477:INFO:Epoch: 33200/40000 | Train Loss: 9.982e-03 | Dynamic Loss: 9.982e-03 | Regularization Loss: 0.000e+00 | Val Loss: 4.590e-02 | Active Proj %: 92.25 | Time: 9.51s
2025-08-20 20:41:36,609:INFO:Epoch: 33250/40000 | Train Loss: 7.922e-03 | Dynamic Loss: 7.922e-03 | Regularization Loss: 0.000e+00 | Val Loss: 4.369e-02 | Active Proj %: 92.34 | Time: 10.02s
2025-08-20 20:41:46,376:INFO:Epoch: 33300/40000 | Train Loss: 9.216e-02 | Dynamic Loss: 9.216e-02 | Regularization Loss: 0.000e+00 | Val Loss: 1.262e-01 | Active Proj %: 65.99 | Time: 9.65s
2025-08-20 20:41:55,909:INFO:Epoch: 33350/40000 | Train Loss: 1.328e-02 | Dynamic Loss: 1.328e-02 | Regularization Loss: 0.000e+00 | Val Loss: 5.182e-02 | Active Proj %: 92.05 | Time: 9.41s
2025-08-20 20:42:13,615:INFO:Epoch: 33400/40000 | Train Loss: 9.736e-03 | Dynamic Loss: 9.736e-03 | Regularization Loss: 0.000e+00 | Val Loss: 4.706e-02 | Active Proj %: 92.16 | Time: 17.58s
2025-08-20 20:42:23,240:INFO:Epoch: 33450/40000 | Train Loss: 8.759e-03 | Dynamic Loss: 8.759e-03 | Regularization Loss: 0.000e+00 | Val Loss: 4.516e-02 | Active Proj %: 92.48 | Time: 9.50s
2025-08-20 20:42:32,806:INFO:Epoch: 33500/40000 | Train Loss: 8.329e-03 | Dynamic Loss: 8.329e-03 | Regularization Loss: 0.000e+00 | Val Loss: 4.407e-02 | Active Proj %: 92.51 | Time: 9.45s
2025-08-20 20:42:42,641:INFO:Epoch: 33550/40000 | Train Loss: 1.068e-02 | Dynamic Loss: 1.068e-02 | Regularization Loss: 0.000e+00 | Val Loss: 4.526e-02 | Active Proj %: 92.55 | Time: 9.72s
2025-08-20 20:42:52,401:INFO:Epoch: 33600/40000 | Train Loss: 7.512e-03 | Dynamic Loss: 7.512e-03 | Regularization Loss: 0.000e+00 | Val Loss: 4.297e-02 | Active Proj %: 92.63 | Time: 9.64s
2025-08-20 20:43:01,840:INFO:Epoch: 33650/40000 | Train Loss: 1.202e-02 | Dynamic Loss: 1.202e-02 | Regularization Loss: 0.000e+00 | Val Loss: 4.642e-02 | Active Proj %: 92.20 | Time: 9.32s
2025-08-20 20:43:11,527:INFO:Epoch: 33700/40000 | Train Loss: 7.883e-03 | Dynamic Loss: 7.883e-03 | Regularization Loss: 0.000e+00 | Val Loss: 4.335e-02 | Active Proj %: 92.80 | Time: 9.44s
2025-08-20 20:43:21,590:INFO:Epoch: 33750/40000 | Train Loss: 7.219e-03 | Dynamic Loss: 7.219e-03 | Regularization Loss: 0.000e+00 | Val Loss: 4.279e-02 | Active Proj %: 92.40 | Time: 9.94s
2025-08-20 20:43:31,952:INFO:Epoch: 33800/40000 | Train Loss: 7.839e-03 | Dynamic Loss: 7.839e-03 | Regularization Loss: 0.000e+00 | Val Loss: 4.297e-02 | Active Proj %: 92.69 | Time: 10.24s
2025-08-20 20:43:41,697:INFO:Epoch: 33850/40000 | Train Loss: 7.038e-03 | Dynamic Loss: 7.038e-03 | Regularization Loss: 0.000e+00 | Val Loss: 4.250e-02 | Active Proj %: 92.57 | Time: 9.62s
2025-08-20 20:43:51,322:INFO:Epoch: 33900/40000 | Train Loss: 7.023e-03 | Dynamic Loss: 7.023e-03 | Regularization Loss: 0.000e+00 | Val Loss: 4.281e-02 | Active Proj %: 92.80 | Time: 9.50s
2025-08-20 20:44:00,916:INFO:Epoch: 33950/40000 | Train Loss: 1.629e-02 | Dynamic Loss: 1.629e-02 | Regularization Loss: 0.000e+00 | Val Loss: 4.928e-02 | Active Proj %: 93.42 | Time: 9.47s
2025-08-20 20:44:14,523:INFO:Epoch: 34000/40000 | Train Loss: 1.048e-02 | Dynamic Loss: 1.048e-02 | Regularization Loss: 0.000e+00 | Val Loss: 4.270e-02 | Active Proj %: 93.09 | Time: 13.49s
2025-08-20 20:44:24,506:INFO:Epoch: 34050/40000 | Train Loss: 7.618e-03 | Dynamic Loss: 7.618e-03 | Regularization Loss: 0.000e+00 | Val Loss: 4.148e-02 | Active Proj %: 93.32 | Time: 9.87s
2025-08-20 20:44:34,182:INFO:Epoch: 34100/40000 | Train Loss: 8.454e-02 | Dynamic Loss: 8.454e-02 | Regularization Loss: 0.000e+00 | Val Loss: 1.237e-01 | Active Proj %: 84.87 | Time: 9.55s
2025-08-20 20:44:44,154:INFO:Epoch: 34150/40000 | Train Loss: 8.683e-03 | Dynamic Loss: 8.683e-03 | Regularization Loss: 0.000e+00 | Val Loss: 4.225e-02 | Active Proj %: 92.86 | Time: 9.85s
2025-08-20 20:44:53,923:INFO:Epoch: 34200/40000 | Train Loss: 7.541e-03 | Dynamic Loss: 7.541e-03 | Regularization Loss: 0.000e+00 | Val Loss: 4.106e-02 | Active Proj %: 93.19 | Time: 9.65s
2025-08-20 20:45:03,884:INFO:Epoch: 34250/40000 | Train Loss: 6.012e-01 | Dynamic Loss: 6.012e-01 | Regularization Loss: 0.000e+00 | Val Loss: 6.397e-01 | Active Proj %: 99.62 | Time: 9.84s
2025-08-20 20:45:13,611:INFO:Epoch: 34300/40000 | Train Loss: 1.531e-02 | Dynamic Loss: 1.531e-02 | Regularization Loss: 0.000e+00 | Val Loss: 4.991e-02 | Active Proj %: 93.02 | Time: 9.61s
2025-08-20 20:45:23,449:INFO:Epoch: 34350/40000 | Train Loss: 1.744e-02 | Dynamic Loss: 1.744e-02 | Regularization Loss: 0.000e+00 | Val Loss: 4.806e-02 | Active Proj %: 82.47 | Time: 9.72s
2025-08-20 20:45:33,112:INFO:Epoch: 34400/40000 | Train Loss: 8.558e-03 | Dynamic Loss: 8.558e-03 | Regularization Loss: 0.000e+00 | Val Loss: 4.327e-02 | Active Proj %: 93.10 | Time: 9.54s
2025-08-20 20:45:42,793:INFO:Epoch: 34450/40000 | Train Loss: 9.740e-02 | Dynamic Loss: 9.740e-02 | Regularization Loss: 0.000e+00 | Val Loss: 1.336e-01 | Active Proj %: 78.92 | Time: 9.57s
2025-08-20 20:45:59,276:INFO:Epoch: 34500/40000 | Train Loss: 7.194e-02 | Dynamic Loss: 7.194e-02 | Regularization Loss: 0.000e+00 | Val Loss: 1.065e-01 | Active Proj %: 90.75 | Time: 16.36s
2025-08-20 20:46:08,815:INFO:Epoch: 34550/40000 | Train Loss: 3.405e-02 | Dynamic Loss: 3.405e-02 | Regularization Loss: 0.000e+00 | Val Loss: 6.905e-02 | Active Proj %: 95.30 | Time: 9.42s
2025-08-20 20:46:18,368:INFO:Epoch: 34600/40000 | Train Loss: 3.050e-02 | Dynamic Loss: 3.050e-02 | Regularization Loss: 0.000e+00 | Val Loss: 6.589e-02 | Active Proj %: 94.19 | Time: 9.43s
2025-08-20 20:46:29,381:INFO:Epoch: 34650/40000 | Train Loss: 3.803e-02 | Dynamic Loss: 3.803e-02 | Regularization Loss: 0.000e+00 | Val Loss: 7.448e-02 | Active Proj %: 95.40 | Time: 10.89s
2025-08-20 20:46:39,600:INFO:Epoch: 34700/40000 | Train Loss: 2.472e-02 | Dynamic Loss: 2.472e-02 | Regularization Loss: 0.000e+00 | Val Loss: 6.236e-02 | Active Proj %: 94.18 | Time: 10.10s
2025-08-20 20:46:49,305:INFO:Epoch: 34750/40000 | Train Loss: 2.219e-02 | Dynamic Loss: 2.219e-02 | Regularization Loss: 0.000e+00 | Val Loss: 5.978e-02 | Active Proj %: 94.16 | Time: 9.59s
2025-08-20 20:47:04,323:INFO:Epoch: 34800/40000 | Train Loss: 2.238e-02 | Dynamic Loss: 2.238e-02 | Regularization Loss: 0.000e+00 | Val Loss: 5.830e-02 | Active Proj %: 94.14 | Time: 14.90s
2025-08-20 20:47:14,050:INFO:Epoch: 34850/40000 | Train Loss: 1.061e-01 | Dynamic Loss: 1.061e-01 | Regularization Loss: 0.000e+00 | Val Loss: 1.327e-01 | Active Proj %: 98.98 | Time: 9.61s
2025-08-20 20:47:23,669:INFO:Epoch: 34900/40000 | Train Loss: 1.540e-02 | Dynamic Loss: 1.540e-02 | Regularization Loss: 0.000e+00 | Val Loss: 4.808e-02 | Active Proj %: 95.88 | Time: 9.50s
2025-08-20 20:47:33,552:INFO:Epoch: 34950/40000 | Train Loss: 1.178e-02 | Dynamic Loss: 1.178e-02 | Regularization Loss: 0.000e+00 | Val Loss: 4.616e-02 | Active Proj %: 95.31 | Time: 9.76s
2025-08-20 20:47:43,178:INFO:Epoch: 35000/40000 | Train Loss: 1.027e-02 | Dynamic Loss: 1.027e-02 | Regularization Loss: 0.000e+00 | Val Loss: 4.550e-02 | Active Proj %: 94.81 | Time: 9.51s
2025-08-20 20:47:52,670:INFO:Epoch: 35050/40000 | Train Loss: 9.187e-03 | Dynamic Loss: 9.187e-03 | Regularization Loss: 0.000e+00 | Val Loss: 4.469e-02 | Active Proj %: 94.76 | Time: 9.37s
2025-08-20 20:48:10,016:INFO:Epoch: 35100/40000 | Train Loss: 8.613e-03 | Dynamic Loss: 8.613e-03 | Regularization Loss: 0.000e+00 | Val Loss: 4.427e-02 | Active Proj %: 94.69 | Time: 17.22s
2025-08-20 20:48:19,573:INFO:Epoch: 35150/40000 | Train Loss: 6.966e-02 | Dynamic Loss: 6.966e-02 | Regularization Loss: 0.000e+00 | Val Loss: 9.348e-02 | Active Proj %: 97.35 | Time: 9.44s
2025-08-20 20:48:29,338:INFO:Epoch: 35200/40000 | Train Loss: 4.729e-02 | Dynamic Loss: 4.729e-02 | Regularization Loss: 0.000e+00 | Val Loss: 8.021e-02 | Active Proj %: 96.12 | Time: 9.64s
2025-08-20 20:48:38,994:INFO:Epoch: 35250/40000 | Train Loss: 1.275e-02 | Dynamic Loss: 1.275e-02 | Regularization Loss: 0.000e+00 | Val Loss: 5.014e-02 | Active Proj %: 95.21 | Time: 9.53s
2025-08-20 20:48:48,604:INFO:Epoch: 35300/40000 | Train Loss: 1.003e-02 | Dynamic Loss: 1.003e-02 | Regularization Loss: 0.000e+00 | Val Loss: 4.791e-02 | Active Proj %: 95.18 | Time: 9.49s
2025-08-20 20:48:59,899:INFO:Epoch: 35350/40000 | Train Loss: 8.983e-03 | Dynamic Loss: 8.983e-03 | Regularization Loss: 0.000e+00 | Val Loss: 4.709e-02 | Active Proj %: 94.71 | Time: 11.18s
2025-08-20 20:49:09,468:INFO:Epoch: 35400/40000 | Train Loss: 8.157e-03 | Dynamic Loss: 8.157e-03 | Regularization Loss: 0.000e+00 | Val Loss: 4.599e-02 | Active Proj %: 95.07 | Time: 9.45s
2025-08-20 20:49:18,941:INFO:Epoch: 35450/40000 | Train Loss: 7.692e-03 | Dynamic Loss: 7.692e-03 | Regularization Loss: 0.000e+00 | Val Loss: 4.535e-02 | Active Proj %: 95.13 | Time: 9.35s
2025-08-20 20:49:36,801:INFO:Epoch: 35500/40000 | Train Loss: 7.351e-03 | Dynamic Loss: 7.351e-03 | Regularization Loss: 0.000e+00 | Val Loss: 4.482e-02 | Active Proj %: 95.12 | Time: 17.74s
2025-08-20 20:49:46,506:INFO:Epoch: 35550/40000 | Train Loss: 7.225e-03 | Dynamic Loss: 7.225e-03 | Regularization Loss: 0.000e+00 | Val Loss: 4.476e-02 | Active Proj %: 94.50 | Time: 9.58s
2025-08-20 20:49:56,434:INFO:Epoch: 35600/40000 | Train Loss: 6.873e-03 | Dynamic Loss: 6.873e-03 | Regularization Loss: 0.000e+00 | Val Loss: 4.400e-02 | Active Proj %: 94.66 | Time: 9.68s
2025-08-20 20:50:06,033:INFO:Epoch: 35650/40000 | Train Loss: 6.772e-03 | Dynamic Loss: 6.772e-03 | Regularization Loss: 0.000e+00 | Val Loss: 4.381e-02 | Active Proj %: 94.64 | Time: 9.48s
2025-08-20 20:50:15,591:INFO:Epoch: 35700/40000 | Train Loss: 2.214e-02 | Dynamic Loss: 2.214e-02 | Regularization Loss: 0.000e+00 | Val Loss: 6.769e-02 | Active Proj %: 95.16 | Time: 9.44s
2025-08-20 20:50:25,139:INFO:Epoch: 35750/40000 | Train Loss: 6.553e-03 | Dynamic Loss: 6.553e-03 | Regularization Loss: 0.000e+00 | Val Loss: 4.311e-02 | Active Proj %: 94.53 | Time: 9.43s
2025-08-20 20:50:34,816:INFO:Epoch: 35800/40000 | Train Loss: 2.585e-02 | Dynamic Loss: 2.585e-02 | Regularization Loss: 0.000e+00 | Val Loss: 5.714e-02 | Active Proj %: 96.59 | Time: 9.56s
2025-08-20 20:50:44,377:INFO:Epoch: 35850/40000 | Train Loss: 9.076e-03 | Dynamic Loss: 9.076e-03 | Regularization Loss: 0.000e+00 | Val Loss: 4.582e-02 | Active Proj %: 95.05 | Time: 9.44s
2025-08-20 20:51:01,952:INFO:Epoch: 35900/40000 | Train Loss: 7.048e-03 | Dynamic Loss: 7.048e-03 | Regularization Loss: 0.000e+00 | Val Loss: 4.477e-02 | Active Proj %: 95.01 | Time: 17.46s
2025-08-20 20:51:11,709:INFO:Epoch: 35950/40000 | Train Loss: 6.469e-03 | Dynamic Loss: 6.469e-03 | Regularization Loss: 0.000e+00 | Val Loss: 4.423e-02 | Active Proj %: 94.94 | Time: 9.64s
2025-08-20 20:51:21,311:INFO:Epoch: 36000/40000 | Train Loss: 5.045e-02 | Dynamic Loss: 5.045e-02 | Regularization Loss: 0.000e+00 | Val Loss: 8.600e-02 | Active Proj %: 96.27 | Time: 9.49s
2025-08-20 20:51:30,966:INFO:Epoch: 36050/40000 | Train Loss: 6.393e-01 | Dynamic Loss: 6.393e-01 | Regularization Loss: 0.000e+00 | Val Loss: 8.059e-01 | Active Proj %: 99.95 | Time: 9.53s
2025-08-20 20:51:40,596:INFO:Epoch: 36100/40000 | Train Loss: 6.059e-02 | Dynamic Loss: 6.059e-02 | Regularization Loss: 0.000e+00 | Val Loss: 9.923e-02 | Active Proj %: 98.25 | Time: 9.51s
2025-08-20 20:51:50,165:INFO:Epoch: 36150/40000 | Train Loss: 3.635e-02 | Dynamic Loss: 3.635e-02 | Regularization Loss: 0.000e+00 | Val Loss: 7.222e-02 | Active Proj %: 96.97 | Time: 9.45s
2025-08-20 20:51:59,715:INFO:Epoch: 36200/40000 | Train Loss: 4.143e-02 | Dynamic Loss: 4.143e-02 | Regularization Loss: 0.000e+00 | Val Loss: 7.884e-02 | Active Proj %: 93.59 | Time: 9.43s
2025-08-20 20:52:13,824:INFO:Epoch: 36250/40000 | Train Loss: 2.343e-02 | Dynamic Loss: 2.343e-02 | Regularization Loss: 0.000e+00 | Val Loss: 5.974e-02 | Active Proj %: 96.32 | Time: 13.99s
2025-08-20 20:52:23,684:INFO:Epoch: 36300/40000 | Train Loss: 1.842e-02 | Dynamic Loss: 1.842e-02 | Regularization Loss: 0.000e+00 | Val Loss: 5.495e-02 | Active Proj %: 96.44 | Time: 9.75s
2025-08-20 20:52:33,603:INFO:Epoch: 36350/40000 | Train Loss: 1.545e-02 | Dynamic Loss: 1.545e-02 | Regularization Loss: 0.000e+00 | Val Loss: 5.241e-02 | Active Proj %: 96.31 | Time: 9.80s
2025-08-20 20:52:43,735:INFO:Epoch: 36400/40000 | Train Loss: 1.346e-02 | Dynamic Loss: 1.346e-02 | Regularization Loss: 0.000e+00 | Val Loss: 5.081e-02 | Active Proj %: 96.17 | Time: 9.86s
2025-08-20 20:52:53,725:INFO:Epoch: 36450/40000 | Train Loss: 1.199e-02 | Dynamic Loss: 1.199e-02 | Regularization Loss: 0.000e+00 | Val Loss: 4.964e-02 | Active Proj %: 96.17 | Time: 9.87s
2025-08-20 20:53:03,743:INFO:Epoch: 36500/40000 | Train Loss: 1.088e-02 | Dynamic Loss: 1.088e-02 | Regularization Loss: 0.000e+00 | Val Loss: 4.860e-02 | Active Proj %: 96.07 | Time: 9.90s
2025-08-20 20:53:13,632:INFO:Epoch: 36550/40000 | Train Loss: 1.345e-02 | Dynamic Loss: 1.345e-02 | Regularization Loss: 0.000e+00 | Val Loss: 4.965e-02 | Active Proj %: 95.97 | Time: 9.77s
2025-08-20 20:53:23,478:INFO:Epoch: 36600/40000 | Train Loss: 9.414e-03 | Dynamic Loss: 9.414e-03 | Regularization Loss: 0.000e+00 | Val Loss: 4.744e-02 | Active Proj %: 96.01 | Time: 9.73s
2025-08-20 20:53:33,065:INFO:Epoch: 36650/40000 | Train Loss: 9.709e-03 | Dynamic Loss: 9.709e-03 | Regularization Loss: 0.000e+00 | Val Loss: 4.704e-02 | Active Proj %: 95.92 | Time: 9.47s
2025-08-20 20:53:44,900:INFO:Epoch: 36700/40000 | Train Loss: 8.632e-03 | Dynamic Loss: 8.632e-03 | Regularization Loss: 0.000e+00 | Val Loss: 4.612e-02 | Active Proj %: 95.99 | Time: 11.72s
2025-08-20 20:53:54,542:INFO:Epoch: 36750/40000 | Train Loss: 7.960e-03 | Dynamic Loss: 7.960e-03 | Regularization Loss: 0.000e+00 | Val Loss: 4.594e-02 | Active Proj %: 95.82 | Time: 9.49s
2025-08-20 20:54:03,997:INFO:Epoch: 36800/40000 | Train Loss: 8.083e-03 | Dynamic Loss: 8.083e-03 | Regularization Loss: 0.000e+00 | Val Loss: 4.583e-02 | Active Proj %: 95.79 | Time: 9.34s
2025-08-20 20:54:22,052:INFO:Epoch: 36850/40000 | Train Loss: 7.604e-03 | Dynamic Loss: 7.604e-03 | Regularization Loss: 0.000e+00 | Val Loss: 4.497e-02 | Active Proj %: 95.78 | Time: 17.94s
2025-08-20 20:54:31,622:INFO:Epoch: 36900/40000 | Train Loss: 1.057e-02 | Dynamic Loss: 1.057e-02 | Regularization Loss: 0.000e+00 | Val Loss: 4.677e-02 | Active Proj %: 96.01 | Time: 9.45s
2025-08-20 20:54:41,124:INFO:Epoch: 36950/40000 | Train Loss: 7.210e-03 | Dynamic Loss: 7.210e-03 | Regularization Loss: 0.000e+00 | Val Loss: 4.471e-02 | Active Proj %: 95.28 | Time: 9.38s
2025-08-20 20:54:51,012:INFO:Epoch: 37000/40000 | Train Loss: 7.733e-03 | Dynamic Loss: 7.733e-03 | Regularization Loss: 0.000e+00 | Val Loss: 4.400e-02 | Active Proj %: 95.47 | Time: 9.77s
2025-08-20 20:55:00,521:INFO:Epoch: 37050/40000 | Train Loss: 1.562e+00 | Dynamic Loss: 1.562e+00 | Regularization Loss: 0.000e+00 | Val Loss: 1.573e+00 | Active Proj %: 98.86 | Time: 9.39s
2025-08-20 20:55:10,172:INFO:Epoch: 37100/40000 | Train Loss: 5.120e-02 | Dynamic Loss: 5.120e-02 | Regularization Loss: 0.000e+00 | Val Loss: 8.127e-02 | Active Proj %: 96.89 | Time: 9.53s
2025-08-20 20:55:19,827:INFO:Epoch: 37150/40000 | Train Loss: 2.191e-02 | Dynamic Loss: 2.191e-02 | Regularization Loss: 0.000e+00 | Val Loss: 5.306e-02 | Active Proj %: 96.10 | Time: 9.53s
2025-08-20 20:55:29,469:INFO:Epoch: 37200/40000 | Train Loss: 1.509e-02 | Dynamic Loss: 1.509e-02 | Regularization Loss: 0.000e+00 | Val Loss: 4.671e-02 | Active Proj %: 96.16 | Time: 9.52s
2025-08-20 20:55:39,597:INFO:Epoch: 37250/40000 | Train Loss: 1.189e-02 | Dynamic Loss: 1.189e-02 | Regularization Loss: 0.000e+00 | Val Loss: 4.459e-02 | Active Proj %: 96.10 | Time: 10.01s
2025-08-20 20:55:52,978:INFO:Epoch: 37300/40000 | Train Loss: 1.709e-02 | Dynamic Loss: 1.709e-02 | Regularization Loss: 0.000e+00 | Val Loss: 5.191e-02 | Active Proj %: 96.22 | Time: 13.26s
2025-08-20 20:56:02,688:INFO:Epoch: 37350/40000 | Train Loss: 1.787e-02 | Dynamic Loss: 1.787e-02 | Regularization Loss: 0.000e+00 | Val Loss: 5.184e-02 | Active Proj %: 96.57 | Time: 9.60s
2025-08-20 20:56:12,305:INFO:Epoch: 37400/40000 | Train Loss: 9.962e-03 | Dynamic Loss: 9.962e-03 | Regularization Loss: 0.000e+00 | Val Loss: 4.455e-02 | Active Proj %: 96.17 | Time: 9.50s
2025-08-20 20:56:21,976:INFO:Epoch: 37450/40000 | Train Loss: 8.919e-03 | Dynamic Loss: 8.919e-03 | Regularization Loss: 0.000e+00 | Val Loss: 4.380e-02 | Active Proj %: 96.09 | Time: 9.53s
2025-08-20 20:56:31,544:INFO:Epoch: 37500/40000 | Train Loss: 8.471e-03 | Dynamic Loss: 8.471e-03 | Regularization Loss: 0.000e+00 | Val Loss: 4.348e-02 | Active Proj %: 96.12 | Time: 9.45s
2025-08-20 20:56:41,143:INFO:Epoch: 37550/40000 | Train Loss: 1.085e-02 | Dynamic Loss: 1.085e-02 | Regularization Loss: 0.000e+00 | Val Loss: 4.289e-02 | Active Proj %: 96.60 | Time: 9.48s
2025-08-20 20:56:53,361:INFO:Epoch: 37600/40000 | Train Loss: 7.679e-03 | Dynamic Loss: 7.679e-03 | Regularization Loss: 0.000e+00 | Val Loss: 4.308e-02 | Active Proj %: 96.20 | Time: 12.10s
2025-08-20 20:57:03,388:INFO:Epoch: 37650/40000 | Train Loss: 7.220e-03 | Dynamic Loss: 7.220e-03 | Regularization Loss: 0.000e+00 | Val Loss: 4.258e-02 | Active Proj %: 96.34 | Time: 9.90s
2025-08-20 20:57:12,914:INFO:Epoch: 37700/40000 | Train Loss: 7.293e-03 | Dynamic Loss: 7.293e-03 | Regularization Loss: 0.000e+00 | Val Loss: 4.388e-02 | Active Proj %: 96.31 | Time: 9.41s
2025-08-20 20:57:30,763:INFO:Epoch: 37750/40000 | Train Loss: 1.228e-02 | Dynamic Loss: 1.228e-02 | Regularization Loss: 0.000e+00 | Val Loss: 4.545e-02 | Active Proj %: 96.44 | Time: 17.73s
2025-08-20 20:57:40,364:INFO:Epoch: 37800/40000 | Train Loss: 6.774e-03 | Dynamic Loss: 6.774e-03 | Regularization Loss: 0.000e+00 | Val Loss: 4.267e-02 | Active Proj %: 96.34 | Time: 9.48s
2025-08-20 20:57:49,997:INFO:Epoch: 37850/40000 | Train Loss: 7.828e-03 | Dynamic Loss: 7.828e-03 | Regularization Loss: 0.000e+00 | Val Loss: 4.319e-02 | Active Proj %: 96.31 | Time: 9.38s
2025-08-20 20:57:59,515:INFO:Epoch: 37900/40000 | Train Loss: 7.344e-03 | Dynamic Loss: 7.344e-03 | Regularization Loss: 0.000e+00 | Val Loss: 4.244e-02 | Active Proj %: 96.25 | Time: 9.37s
2025-08-20 20:58:09,121:INFO:Epoch: 37950/40000 | Train Loss: 6.377e-03 | Dynamic Loss: 6.377e-03 | Regularization Loss: 0.000e+00 | Val Loss: 4.230e-02 | Active Proj %: 96.19 | Time: 9.48s
2025-08-20 20:58:18,882:INFO:Epoch: 38000/40000 | Train Loss: 1.290e+00 | Dynamic Loss: 1.290e+00 | Regularization Loss: 0.000e+00 | Val Loss: 1.059e+00 | Active Proj %: 86.21 | Time: 9.64s
2025-08-20 20:58:28,476:INFO:Epoch: 38050/40000 | Train Loss: 1.114e-02 | Dynamic Loss: 1.114e-02 | Regularization Loss: 0.000e+00 | Val Loss: 5.085e-02 | Active Proj %: 96.41 | Time: 9.47s
2025-08-20 20:58:38,100:INFO:Epoch: 38100/40000 | Train Loss: 7.827e-03 | Dynamic Loss: 7.827e-03 | Regularization Loss: 0.000e+00 | Val Loss: 4.803e-02 | Active Proj %: 96.24 | Time: 9.50s
2025-08-20 20:58:56,051:INFO:Epoch: 38150/40000 | Train Loss: 1.434e+00 | Dynamic Loss: 1.434e+00 | Regularization Loss: 0.000e+00 | Val Loss: 2.430e+00 | Active Proj %: 44.05 | Time: 17.82s
2025-08-20 20:59:05,752:INFO:Epoch: 38200/40000 | Train Loss: 3.090e-01 | Dynamic Loss: 3.090e-01 | Regularization Loss: 0.000e+00 | Val Loss: 3.711e-01 | Active Proj %: 71.92 | Time: 9.58s
2025-08-20 20:59:15,454:INFO:Epoch: 38250/40000 | Train Loss: 1.941e-01 | Dynamic Loss: 1.941e-01 | Regularization Loss: 0.000e+00 | Val Loss: 2.390e-01 | Active Proj %: 76.72 | Time: 9.58s
2025-08-20 20:59:24,987:INFO:Epoch: 38300/40000 | Train Loss: 1.417e-01 | Dynamic Loss: 1.417e-01 | Regularization Loss: 0.000e+00 | Val Loss: 1.882e-01 | Active Proj %: 95.48 | Time: 9.41s
2025-08-20 20:59:34,570:INFO:Epoch: 38350/40000 | Train Loss: 1.130e-01 | Dynamic Loss: 1.130e-01 | Regularization Loss: 0.000e+00 | Val Loss: 1.527e-01 | Active Proj %: 96.41 | Time: 9.46s
2025-08-20 20:59:44,240:INFO:Epoch: 38400/40000 | Train Loss: 1.679e-01 | Dynamic Loss: 1.679e-01 | Regularization Loss: 0.000e+00 | Val Loss: 2.053e-01 | Active Proj %: 97.92 | Time: 9.55s
2025-08-20 20:59:53,806:INFO:Epoch: 38450/40000 | Train Loss: 6.882e-02 | Dynamic Loss: 6.882e-02 | Regularization Loss: 0.000e+00 | Val Loss: 1.077e-01 | Active Proj %: 95.71 | Time: 9.44s
2025-08-20 21:00:04,179:INFO:Epoch: 38500/40000 | Train Loss: 5.987e-02 | Dynamic Loss: 5.987e-02 | Regularization Loss: 0.000e+00 | Val Loss: 9.789e-02 | Active Proj %: 95.57 | Time: 10.23s
2025-08-20 21:00:13,875:INFO:Epoch: 38550/40000 | Train Loss: 6.614e-02 | Dynamic Loss: 6.614e-02 | Regularization Loss: 0.000e+00 | Val Loss: 1.097e-01 | Active Proj %: 96.00 | Time: 9.58s
2025-08-20 21:00:23,481:INFO:Epoch: 38600/40000 | Train Loss: 5.540e-02 | Dynamic Loss: 5.540e-02 | Regularization Loss: 0.000e+00 | Val Loss: 1.010e-01 | Active Proj %: 95.45 | Time: 9.48s
2025-08-20 21:00:33,174:INFO:Epoch: 38650/40000 | Train Loss: 4.750e-02 | Dynamic Loss: 4.750e-02 | Regularization Loss: 0.000e+00 | Val Loss: 8.663e-02 | Active Proj %: 95.98 | Time: 9.57s
2025-08-20 21:00:42,792:INFO:Epoch: 38700/40000 | Train Loss: 4.291e-02 | Dynamic Loss: 4.291e-02 | Regularization Loss: 0.000e+00 | Val Loss: 8.147e-02 | Active Proj %: 96.07 | Time: 9.49s
2025-08-20 21:01:01,385:INFO:Epoch: 38750/40000 | Train Loss: 3.895e-02 | Dynamic Loss: 3.895e-02 | Regularization Loss: 0.000e+00 | Val Loss: 7.743e-02 | Active Proj %: 96.14 | Time: 18.47s
2025-08-20 21:01:11,017:INFO:Epoch: 38800/40000 | Train Loss: 3.996e-02 | Dynamic Loss: 3.996e-02 | Regularization Loss: 0.000e+00 | Val Loss: 7.915e-02 | Active Proj %: 96.46 | Time: 9.51s
2025-08-20 21:01:20,594:INFO:Epoch: 38850/40000 | Train Loss: 3.439e-02 | Dynamic Loss: 3.439e-02 | Regularization Loss: 0.000e+00 | Val Loss: 7.362e-02 | Active Proj %: 96.15 | Time: 9.45s
2025-08-20 21:01:30,291:INFO:Epoch: 38900/40000 | Train Loss: 3.184e-02 | Dynamic Loss: 3.184e-02 | Regularization Loss: 0.000e+00 | Val Loss: 7.094e-02 | Active Proj %: 96.05 | Time: 9.58s
2025-08-20 21:01:39,900:INFO:Epoch: 38950/40000 | Train Loss: 3.097e-02 | Dynamic Loss: 3.097e-02 | Regularization Loss: 0.000e+00 | Val Loss: 7.101e-02 | Active Proj %: 95.83 | Time: 9.49s
2025-08-20 21:01:49,788:INFO:Epoch: 39000/40000 | Train Loss: 2.844e-02 | Dynamic Loss: 2.844e-02 | Regularization Loss: 0.000e+00 | Val Loss: 6.758e-02 | Active Proj %: 96.08 | Time: 9.76s
2025-08-20 21:01:59,704:INFO:Epoch: 39050/40000 | Train Loss: 1.002e-01 | Dynamic Loss: 1.002e-01 | Regularization Loss: 0.000e+00 | Val Loss: 1.277e-01 | Active Proj %: 99.51 | Time: 9.79s
2025-08-20 21:02:12,282:INFO:Epoch: 39100/40000 | Train Loss: 8.285e-02 | Dynamic Loss: 8.285e-02 | Regularization Loss: 0.000e+00 | Val Loss: 1.295e-01 | Active Proj %: 97.19 | Time: 12.46s
2025-08-20 21:02:22,129:INFO:Epoch: 39150/40000 | Train Loss: 4.073e-02 | Dynamic Loss: 4.073e-02 | Regularization Loss: 0.000e+00 | Val Loss: 8.732e-02 | Active Proj %: 96.50 | Time: 9.73s
2025-08-20 21:02:31,753:INFO:Epoch: 39200/40000 | Train Loss: 3.182e-02 | Dynamic Loss: 3.182e-02 | Regularization Loss: 0.000e+00 | Val Loss: 7.749e-02 | Active Proj %: 96.38 | Time: 9.50s
2025-08-20 21:02:41,534:INFO:Epoch: 39250/40000 | Train Loss: 2.805e-02 | Dynamic Loss: 2.805e-02 | Regularization Loss: 0.000e+00 | Val Loss: 7.279e-02 | Active Proj %: 96.29 | Time: 9.66s
2025-08-20 21:02:53,464:INFO:Epoch: 39300/40000 | Train Loss: 8.139e-02 | Dynamic Loss: 8.139e-02 | Regularization Loss: 0.000e+00 | Val Loss: 1.343e-01 | Active Proj %: 99.78 | Time: 11.81s
2025-08-20 21:03:03,347:INFO:Epoch: 39350/40000 | Train Loss: 3.620e-02 | Dynamic Loss: 3.620e-02 | Regularization Loss: 0.000e+00 | Val Loss: 8.252e-02 | Active Proj %: 96.60 | Time: 9.76s
2025-08-20 21:03:13,314:INFO:Epoch: 39400/40000 | Train Loss: 1.625e-01 | Dynamic Loss: 1.625e-01 | Regularization Loss: 0.000e+00 | Val Loss: 7.567e-01 | Active Proj %: 73.24 | Time: 9.84s
2025-08-20 21:03:26,691:INFO:Epoch: 39450/40000 | Train Loss: 3.291e-02 | Dynamic Loss: 3.291e-02 | Regularization Loss: 0.000e+00 | Val Loss: 7.772e-02 | Active Proj %: 96.61 | Time: 13.26s
2025-08-20 21:03:36,252:INFO:Epoch: 39500/40000 | Train Loss: 2.708e-02 | Dynamic Loss: 2.708e-02 | Regularization Loss: 0.000e+00 | Val Loss: 7.198e-02 | Active Proj %: 96.57 | Time: 9.44s
2025-08-20 21:03:46,240:INFO:Epoch: 39550/40000 | Train Loss: 2.452e-02 | Dynamic Loss: 2.452e-02 | Regularization Loss: 0.000e+00 | Val Loss: 6.958e-02 | Active Proj %: 96.56 | Time: 9.87s
2025-08-20 21:03:55,815:INFO:Epoch: 39600/40000 | Train Loss: 2.262e-02 | Dynamic Loss: 2.262e-02 | Regularization Loss: 0.000e+00 | Val Loss: 6.799e-02 | Active Proj %: 96.52 | Time: 9.45s
2025-08-20 21:04:05,706:INFO:Epoch: 39650/40000 | Train Loss: 2.116e-02 | Dynamic Loss: 2.116e-02 | Regularization Loss: 0.000e+00 | Val Loss: 6.641e-02 | Active Proj %: 96.52 | Time: 9.77s
2025-08-20 21:04:19,953:INFO:Epoch: 39700/40000 | Train Loss: 1.956e-02 | Dynamic Loss: 1.956e-02 | Regularization Loss: 0.000e+00 | Val Loss: 6.506e-02 | Active Proj %: 96.48 | Time: 14.12s
2025-08-20 21:04:29,615:INFO:Epoch: 39750/40000 | Train Loss: 1.807e-02 | Dynamic Loss: 1.807e-02 | Regularization Loss: 0.000e+00 | Val Loss: 6.237e-02 | Active Proj %: 96.46 | Time: 9.54s
2025-08-20 21:04:39,374:INFO:Epoch: 39800/40000 | Train Loss: 1.753e-02 | Dynamic Loss: 1.753e-02 | Regularization Loss: 0.000e+00 | Val Loss: 6.262e-02 | Active Proj %: 96.36 | Time: 9.64s
2025-08-20 21:04:53,220:INFO:Epoch: 39850/40000 | Train Loss: 1.715e-02 | Dynamic Loss: 1.715e-02 | Regularization Loss: 0.000e+00 | Val Loss: 6.120e-02 | Active Proj %: 96.36 | Time: 13.72s
2025-08-20 21:05:03,094:INFO:Epoch: 39900/40000 | Train Loss: 1.614e-02 | Dynamic Loss: 1.614e-02 | Regularization Loss: 0.000e+00 | Val Loss: 6.077e-02 | Active Proj %: 96.41 | Time: 9.75s
2025-08-20 21:05:12,907:INFO:Epoch: 39950/40000 | Train Loss: 1.561e-02 | Dynamic Loss: 1.561e-02 | Regularization Loss: 0.000e+00 | Val Loss: 5.992e-02 | Active Proj %: 96.38 | Time: 9.69s
2025-08-20 21:05:22,532:INFO:Epoch: 40000/40000 | Train Loss: 1.428e-02 | Dynamic Loss: 1.428e-02 | Regularization Loss: 0.000e+00 | Val Loss: 5.827e-02 | Active Proj %: 96.22 | Time: 9.50s
